dataset,term,method,base_method,inference_seconds,task_fallback,task_fallback_reason,nonfinite_fallback,nonfinite_fallback_windows,selected_validated_method,validated_method_selection_rates,fallback_to_vanilla_windows,fallback_to_vanilla_evaluation_windows,fallback_to_vanilla_rate,scaled_MASE,CRPS,CRPS_finite_values,CRPS_evaluation_values,CRPS_total_values,MAE,MAE_finite_values,MAE_evaluation_values,MAE_total_values,MAPE,MAPE_finite_values,MAPE_evaluation_values,MAPE_total_values,MASE,MASE_finite_values,MASE_evaluation_values,MASE_total_values,MSE,MSE_finite_values,MSE_evaluation_values,MSE_total_values,ND,ND_finite_values,ND_evaluation_values,ND_total_values,RMSE,RMSE_finite_values,RMSE_evaluation_values,RMSE_total_values,sMAPE,sMAPE_finite_values,sMAPE_evaluation_values,sMAPE_total_values
Australia_Solar/H,long,bayes_covariate_prediction,bayes_covariate_prediction,0.20484839472919703,False,,False,0.0,vanilla,"{""vanilla"": 1.0}",45.0,45.0,1.0,0.9697973964108609,0.2750675202950183,45,45,45,84644.99217871042,45,45,45,237.38068742631378,45,45,45,1.2377371273555307,45,45,45,29006793062.374767,45,45,45,0.2750675202950183,45,45,45,131066.97591850343,45,45,45,0.6057816975656974,45,45,45
Australia_Solar/H,long,bayes_past_targets_prediction,bayes_past_targets_prediction,0.20484839472919703,False,,False,0.0,vanilla,"{""vanilla"": 1.0}",45.0,45.0,1.0,0.9697973964108609,0.2750675202950183,45,45,45,84644.99217871042,45,45,45,237.38068742631378,45,45,45,1.2377371273555307,45,45,45,29006793062.374767,45,45,45,0.2750675202950183,45,45,45,131066.97591850343,45,45,45,0.6057816975656974,45,45,45
Australia_Solar/H,long,cov_ridge_shared,cov_ridge_shared,0.20484839472919703,False,,False,0.0,vanilla,"{""vanilla"": 1.0}",45.0,45.0,1.0,0.9697973964108609,0.2750675202950183,45,45,45,84644.99217871042,45,45,45,237.38068742631378,45,45,45,1.2377371273555307,45,45,45,29006793062.374767,45,45,45,0.2750675202950183,45,45,45,131066.97591850343,45,45,45,0.6057816975656974,45,45,45
Australia_Solar/H,long,covariate_prediction,covariate_prediction,0.20484839472919703,False,,False,0.0,vanilla,"{""vanilla"": 1.0}",45.0,45.0,1.0,0.9697973964108609,0.2750675202950183,45,45,45,84644.99217871042,45,45,45,237.38068742631378,45,45,45,1.2377371273555307,45,45,45,29006793062.374767,45,45,45,0.2750675202950183,45,45,45,131066.97591850343,45,45,45,0.6057816975656974,45,45,45
Australia_Solar/H,long,full_ridge_per_variate,full_ridge_per_variate,0.20484839472919703,False,,False,0.0,vanilla,"{""vanilla"": 1.0}",45.0,45.0,1.0,0.9697973964108609,0.2750675202950183,45,45,45,84644.99217871042,45,45,45,237.38068742631378,45,45,45,1.2377371273555307,45,45,45,29006793062.374767,45,45,45,0.2750675202950183,45,45,45,131066.97591850343,45,45,45,0.6057816975656974,45,45,45
Australia_Solar/H,long,full_ridge_shared,full_ridge_shared,0.20484839472919703,False,,False,0.0,vanilla,"{""vanilla"": 1.0}",45.0,45.0,1.0,0.9697973964108609,0.2750675202950183,45,45,45,84644.99217871042,45,45,45,237.38068742631378,45,45,45,1.2377371273555307,45,45,45,29006793062.374767,45,45,45,0.2750675202950183,45,45,45,131066.97591850343,45,45,45,0.6057816975656974,45,45,45
Australia_Solar/H,long,seasonal_naive,seasonal_naive,0.36489084642380476,False,,False,0.0,,,,,,1.0,0.3065438118845226,45,45,45,86718.3089314862,45,45,45,435.72246344921126,45,45,45,1.2762842341465261,45,45,45,30836958999.90575,45,45,45,0.28893114412463594,45,45,45,138890.2710289207,45,45,45,0.3267555289614799,45,45,45
Australia_Solar/H,long,selected_adaptation,selected_adaptation,0.20484839472919703,False,,False,0.0,vanilla,"{""vanilla"": 1.0}",45.0,45.0,1.0,0.9697973964108609,0.2750675202950183,45,45,45,84644.99217871042,45,45,45,237.38068742631378,45,45,45,1.2377371273555307,45,45,45,29006793062.374767,45,45,45,0.2750675202950183,45,45,45,131066.97591850343,45,45,45,0.6057816975656974,45,45,45
Australia_Solar/H,long,tsrag,tsrag,0.3993787709623575,False,,True,30.0,,,,,,0.947058964118938,0.2699746698676951,45,45,45,80959.61310118905,45,45,45,177.74508378043583,45,45,45,1.2087164247121411,45,45,45,25904242901.848682,45,45,45,0.2699746698676951,45,45,45,127972.63506794951,45,45,45,0.6072813594486407,45,45,45
Australia_Solar/H,long,vanilla,vanilla,0.20484839472919703,False,,False,0.0,,,,,,0.9697973964108609,0.2750675202950183,45,45,45,84644.99217871042,45,45,45,237.38068742631378,45,45,45,1.2377371273555307,45,45,45,29006793062.374767,45,45,45,0.2750675202950183,45,45,45,131066.97591850343,45,45,45,0.6057816975656974,45,45,45
Australia_Solar/H,long,y_ridge_shared,y_ridge_shared,0.20484839472919703,False,,False,0.0,vanilla,"{""vanilla"": 1.0}",45.0,45.0,1.0,0.9697973964108609,0.2750675202950183,45,45,45,84644.99217871042,45,45,45,237.38068742631378,45,45,45,1.2377371273555307,45,45,45,29006793062.374767,45,45,45,0.2750675202950183,45,45,45,131066.97591850343,45,45,45,0.6057816975656974,45,45,45
Australia_Solar/H,medium,bayes_covariate_prediction,bayes_covariate_prediction,1.8331928211264312,False,,False,0.0,full_ridge_per_variate,"{""full_ridge_per_variate"": 1.0}",105.0,105.0,1.0,0.8861983127335661,0.2892751542075462,105,105,105,86466.61060284343,105,105,105,221.11277630010127,105,105,105,1.2043388373284993,105,105,105,28984573121.66203,105,105,105,0.2892751542075462,105,105,105,125407.87757592743,105,105,105,0.60624675662699,105,105,105
Australia_Solar/H,medium,bayes_past_targets_prediction,bayes_past_targets_prediction,0.4628135906532407,False,,False,0.0,full_ridge_per_variate,"{""full_ridge_per_variate"": 1.0}",105.0,105.0,1.0,0.8861983127335661,0.2892751542075462,105,105,105,86466.61060284343,105,105,105,221.11277630010127,105,105,105,1.2043388373284993,105,105,105,28984573121.66203,105,105,105,0.2892751542075462,105,105,105,125407.87757592743,105,105,105,0.60624675662699,105,105,105
Australia_Solar/H,medium,cov_ridge_shared,cov_ridge_shared,2.536730539985001,False,,False,0.0,full_ridge_per_variate,"{""full_ridge_per_variate"": 1.0}",105.0,105.0,1.0,0.8861983127335661,0.2892751542075462,105,105,105,86466.61060284343,105,105,105,221.11277630010127,105,105,105,1.2043388373284993,105,105,105,28984573121.66203,105,105,105,0.2892751542075462,105,105,105,125407.87757592743,105,105,105,0.60624675662699,105,105,105
Australia_Solar/H,medium,covariate_prediction,covariate_prediction,1.8331928211264312,False,,False,0.0,full_ridge_per_variate,"{""full_ridge_per_variate"": 1.0}",70.0,105.0,0.6666666666666666,0.896608155214342,0.29096475562487334,105,105,105,88289.17337979448,105,105,105,212.20058916331286,105,105,105,1.218485758406919,105,105,105,29755463110.08712,105,105,105,0.29096475562487334,105,105,105,128717.22441369758,105,105,105,0.6082287902015204,105,105,105
Australia_Solar/H,medium,full_ridge_per_variate,full_ridge_per_variate,2.536730539985001,False,,False,0.0,full_ridge_per_variate,"{""full_ridge_per_variate"": 1.0}",70.0,105.0,0.6666666666666666,0.8831657525753822,0.2875977561798351,105,105,105,85938.99175544552,105,105,105,208.67824452626186,105,105,105,1.200217604053105,105,105,105,28088210080.109528,105,105,105,0.2875977561798351,105,105,105,124342.43887348802,105,105,105,0.6041835516413555,105,105,105
Australia_Solar/H,medium,full_ridge_shared,full_ridge_shared,2.536730539985001,False,,False,0.0,full_ridge_per_variate,"{""full_ridge_per_variate"": 1.0}",105.0,105.0,1.0,0.8861983127335661,0.2892751542075462,105,105,105,86466.61060284343,105,105,105,221.11277630010127,105,105,105,1.2043388373284993,105,105,105,28984573121.66203,105,105,105,0.2892751542075462,105,105,105,125407.87757592743,105,105,105,0.60624675662699,105,105,105
Australia_Solar/H,medium,seasonal_naive,seasonal_naive,0.6641839258372784,False,,False,0.0,,,,,,1.0,0.3031421729002,105,105,105,101098.41593839324,105,105,105,1122.3708683406694,105,105,105,1.3589947306642882,105,105,105,41978724496.66768,105,105,105,0.3168181150957549,105,105,105,149379.62299234798,105,105,105,0.3466516115293636,105,105,105
Australia_Solar/H,medium,selected_adaptation,selected_adaptation,2.536730539985001,False,,False,0.0,full_ridge_per_variate,"{""full_ridge_per_variate"": 1.0}",70.0,105.0,0.6666666666666666,0.8831657525753822,0.2875977561798351,105,105,105,85938.99175544552,105,105,105,208.67824452626186,105,105,105,1.200217604053105,105,105,105,28088210080.109528,105,105,105,0.2875977561798351,105,105,105,124342.43887348802,105,105,105,0.6041835516413555,105,105,105
Australia_Solar/H,medium,tsrag,tsrag,0.5588819552212954,False,,True,70.0,,,,,,0.8689182501651419,0.2869335447210467,105,105,105,83494.94344666608,105,105,105,171.3416398151116,105,105,105,1.1808553233524617,105,105,105,27365550832.361145,105,105,105,0.2869335447210467,105,105,105,122913.43110923145,105,105,105,0.6034197878531756,105,105,105
Australia_Solar/H,medium,vanilla,vanilla,0.4628135906532407,False,,False,0.0,,,,,,0.8861983127335661,0.2892751542075462,105,105,105,86466.61060284343,105,105,105,221.11277630010127,105,105,105,1.2043388373284993,105,105,105,28984573121.66203,105,105,105,0.2892751542075462,105,105,105,125407.87757592743,105,105,105,0.60624675662699,105,105,105
Australia_Solar/H,medium,y_ridge_shared,y_ridge_shared,2.536730539985001,False,,False,0.0,full_ridge_per_variate,"{""full_ridge_per_variate"": 1.0}",105.0,105.0,1.0,0.8861983127335661,0.2892751542075462,105,105,105,86466.61060284343,105,105,105,221.11277630010127,105,105,105,1.2043388373284993,105,105,105,28984573121.66203,105,105,105,0.2892751542075462,105,105,105,125407.87757592743,105,105,105,0.60624675662699,105,105,105
Australia_Solar/H,short,bayes_covariate_prediction,bayes_covariate_prediction,1.4076658319681883,False,,False,0.0,vanilla,"{""vanilla"": 1.0}",312.0,312.0,1.0,0.8847084425316191,0.3179264104544651,312,312,315,80595.99067875669,312,312,315,201.88884847262617,312,312,315,1.093029641357897,312,312,315,25681174568.948933,312,312,315,0.3179264104544651,312,312,315,105275.90970453121,312,312,315,0.586410645580353,312,312,315
Australia_Solar/H,short,bayes_past_targets_prediction,bayes_past_targets_prediction,1.4076658319681883,False,,False,0.0,vanilla,"{""vanilla"": 1.0}",312.0,312.0,1.0,0.8847084425316191,0.3179264104544651,312,312,315,80595.99067875669,312,312,315,201.88884847262617,312,312,315,1.093029641357897,312,312,315,25681174568.948933,312,312,315,0.3179264104544651,312,312,315,105275.90970453121,312,312,315,0.586410645580353,312,312,315
Australia_Solar/H,short,cov_ridge_shared,cov_ridge_shared,1.4076658319681883,False,,False,0.0,vanilla,"{""vanilla"": 1.0}",312.0,312.0,1.0,0.8847084425316191,0.3179264104544651,312,312,315,80595.99067875669,312,312,315,201.88884847262617,312,312,315,1.093029641357897,312,312,315,25681174568.948933,312,312,315,0.3179264104544651,312,312,315,105275.90970453121,312,312,315,0.586410645580353,312,312,315
Australia_Solar/H,short,covariate_prediction,covariate_prediction,1.4076658319681883,False,,False,0.0,vanilla,"{""vanilla"": 1.0}",312.0,312.0,1.0,0.8847084425316191,0.3179264104544651,312,312,315,80595.99067875669,312,312,315,201.88884847262617,312,312,315,1.093029641357897,312,312,315,25681174568.948933,312,312,315,0.3179264104544651,312,312,315,105275.90970453121,312,312,315,0.586410645580353,312,312,315
Australia_Solar/H,short,full_ridge_per_variate,full_ridge_per_variate,1.4076658319681883,False,,False,0.0,vanilla,"{""vanilla"": 1.0}",312.0,312.0,1.0,0.8847084425316191,0.3179264104544651,312,312,315,80595.99067875669,312,312,315,201.88884847262617,312,312,315,1.093029641357897,312,312,315,25681174568.948933,312,312,315,0.3179264104544651,312,312,315,105275.90970453121,312,312,315,0.586410645580353,312,312,315
Australia_Solar/H,short,full_ridge_shared,full_ridge_shared,1.4076658319681883,False,,False,0.0,vanilla,"{""vanilla"": 1.0}",312.0,312.0,1.0,0.8847084425316191,0.3179264104544651,312,312,315,80595.99067875669,312,312,315,201.88884847262617,312,312,315,1.093029641357897,312,312,315,25681174568.948933,312,312,315,0.3179264104544651,312,312,315,105275.90970453121,312,312,315,0.586410645580353,312,312,315
Australia_Solar/H,short,seasonal_naive,seasonal_naive,1.7007500659674406,False,,False,0.0,,,,,,1.0,0.31518769840200517,312,312,315,95466.47219164242,312,312,315,1072.0276608910212,312,312,315,1.235468758758717,312,312,315,39089163419.04274,312,312,315,0.34776255819003254,312,312,315,129102.62920381445,312,312,315,0.31874682540118093,312,312,315
Australia_Solar/H,short,selected_adaptation,selected_adaptation,1.4076658319681883,False,,False,0.0,vanilla,"{""vanilla"": 1.0}",312.0,312.0,1.0,0.8847084425316191,0.3179264104544651,312,312,315,80595.99067875669,312,312,315,201.88884847262617,312,312,315,1.093029641357897,312,312,315,25681174568.948933,312,312,315,0.3179264104544651,312,312,315,105275.90970453121,312,312,315,0.586410645580353,312,312,315
Australia_Solar/H,short,tsrag,tsrag,1.4076658319681883,True,"{""code"": ""insufficient_global_datastore"", ""message"": ""global datastore requires at least 11 dates per variate; the least-covered variate has 0""}",False,0.0,,,,,,0.8847084425316191,0.3179264104544651,312,312,315,80595.99067875669,312,312,315,201.88884847262617,312,312,315,1.093029641357897,312,312,315,25681174568.948933,312,312,315,0.3179264104544651,312,312,315,105275.90970453121,312,312,315,0.586410645580353,312,312,315
Australia_Solar/H,short,vanilla,vanilla,1.4076658319681883,False,,False,0.0,,,,,,0.8847084425316191,0.3179264104544651,312,312,315,80595.99067875669,312,312,315,201.88884847262617,312,312,315,1.093029641357897,312,312,315,25681174568.948933,312,312,315,0.3179264104544651,312,312,315,105275.90970453121,312,312,315,0.586410645580353,312,312,315
Australia_Solar/H,short,y_ridge_shared,y_ridge_shared,1.4076658319681883,False,,False,0.0,vanilla,"{""vanilla"": 1.0}",312.0,312.0,1.0,0.8847084425316191,0.3179264104544651,312,312,315,80595.99067875669,312,312,315,201.88884847262617,312,312,315,1.093029641357897,312,312,315,25681174568.948933,312,312,315,0.3179264104544651,312,312,315,105275.90970453121,312,312,315,0.586410645580353,312,312,315
Auto_Production_SF/M,short,bayes_covariate_prediction,bayes_covariate_prediction,0.06461440306156874,True,"{""code"": ""ridge_stage_failed"", ""error_type"": ""ValueError"", ""message"": ""cannot score empty ridge statistics"", ""stage"": ""fit""}",False,0.0,vanilla,"{""vanilla"": 1.0}",5.0,5.0,1.0,0.627278053730958,0.024046073576934612,5,5,5,2.3962774912516274,5,5,5,0.024828383344163797,5,5,5,0.6043605452526348,5,5,5,9.272226822076481,5,5,5,0.024046073576934612,5,5,5,2.946290309442225,5,5,5,0.02454779208880714,5,5,5
Auto_Production_SF/M,short,bayes_past_targets_prediction,bayes_past_targets_prediction,0.06461440306156874,True,"{""code"": ""ridge_stage_failed"", ""error_type"": ""ValueError"", ""message"": ""cannot score empty ridge statistics"", ""stage"": ""fit""}",False,0.0,vanilla,"{""vanilla"": 1.0}",5.0,5.0,1.0,0.627278053730958,0.024046073576934612,5,5,5,2.3962774912516274,5,5,5,0.024828383344163797,5,5,5,0.6043605452526348,5,5,5,9.272226822076481,5,5,5,0.024046073576934612,5,5,5,2.946290309442225,5,5,5,0.02454779208880714,5,5,5
Auto_Production_SF/M,short,cov_ridge_shared,cov_ridge_shared,0.06461440306156874,True,"{""code"": ""ridge_stage_failed"", ""error_type"": ""ValueError"", ""message"": ""cannot score empty ridge statistics"", ""stage"": ""fit""}",False,0.0,vanilla,"{""vanilla"": 1.0}",5.0,5.0,1.0,0.627278053730958,0.024046073576934612,5,5,5,2.3962774912516274,5,5,5,0.024828383344163797,5,5,5,0.6043605452526348,5,5,5,9.272226822076481,5,5,5,0.024046073576934612,5,5,5,2.946290309442225,5,5,5,0.02454779208880714,5,5,5
Auto_Production_SF/M,short,covariate_prediction,covariate_prediction,0.06461440306156874,True,"{""code"": ""ridge_stage_failed"", ""error_type"": ""ValueError"", ""message"": ""cannot score empty ridge statistics"", ""stage"": ""fit""}",False,0.0,vanilla,"{""vanilla"": 1.0}",5.0,5.0,1.0,0.627278053730958,0.024046073576934612,5,5,5,2.3962774912516274,5,5,5,0.024828383344163797,5,5,5,0.6043605452526348,5,5,5,9.272226822076481,5,5,5,0.024046073576934612,5,5,5,2.946290309442225,5,5,5,0.02454779208880714,5,5,5
Auto_Production_SF/M,short,full_ridge_per_variate,full_ridge_per_variate,0.06461440306156874,True,"{""code"": ""ridge_stage_failed"", ""error_type"": ""ValueError"", ""message"": ""cannot score empty ridge statistics"", ""stage"": ""fit""}",False,0.0,vanilla,"{""vanilla"": 1.0}",5.0,5.0,1.0,0.627278053730958,0.024046073576934612,5,5,5,2.3962774912516274,5,5,5,0.024828383344163797,5,5,5,0.6043605452526348,5,5,5,9.272226822076481,5,5,5,0.024046073576934612,5,5,5,2.946290309442225,5,5,5,0.02454779208880714,5,5,5
Auto_Production_SF/M,short,full_ridge_shared,full_ridge_shared,0.06461440306156874,True,"{""code"": ""ridge_stage_failed"", ""error_type"": ""ValueError"", ""message"": ""cannot score empty ridge statistics"", ""stage"": ""fit""}",False,0.0,vanilla,"{""vanilla"": 1.0}",5.0,5.0,1.0,0.627278053730958,0.024046073576934612,5,5,5,2.3962774912516274,5,5,5,0.024828383344163797,5,5,5,0.6043605452526348,5,5,5,9.272226822076481,5,5,5,0.024046073576934612,5,5,5,2.946290309442225,5,5,5,0.02454779208880714,5,5,5
Auto_Production_SF/M,short,seasonal_naive,seasonal_naive,0.024433504790067673,False,,False,0.0,,,,,,1.0,0.0315067203599657,5,5,5,3.8103338877360025,5,5,5,0.03925043766912581,5,5,5,0.9634651517903213,5,5,5,27.146993346872232,5,5,5,0.038195257982848174,5,5,5,4.844847513731638,5,5,5,0.0392191021916743,5,5,5
Auto_Production_SF/M,short,selected_adaptation,selected_adaptation,0.06461440306156874,True,"{""code"": ""ridge_stage_failed"", ""error_type"": ""ValueError"", ""message"": ""cannot score empty ridge statistics"", ""stage"": ""fit""}",False,0.0,vanilla,"{""vanilla"": 1.0}",5.0,5.0,1.0,0.627278053730958,0.024046073576934612,5,5,5,2.3962774912516274,5,5,5,0.024828383344163797,5,5,5,0.6043605452526348,5,5,5,9.272226822076481,5,5,5,0.024046073576934612,5,5,5,2.946290309442225,5,5,5,0.02454779208880714,5,5,5
Auto_Production_SF/M,short,tsrag,tsrag,0.06461440306156874,True,"{""code"": ""insufficient_global_datastore"", ""message"": ""global datastore requires at least 11 dates per variate; the least-covered variate has 0""}",False,0.0,,,,,,0.627278053730958,0.024046073576934612,5,5,5,2.3962774912516274,5,5,5,0.024828383344163797,5,5,5,0.6043605452526348,5,5,5,9.272226822076481,5,5,5,0.024046073576934612,5,5,5,2.946290309442225,5,5,5,0.02454779208880714,5,5,5
Auto_Production_SF/M,short,vanilla,vanilla,0.06461440306156874,False,,False,0.0,,,,,,0.627278053730958,0.024046073576934612,5,5,5,2.3962774912516274,5,5,5,0.024828383344163797,5,5,5,0.6043605452526348,5,5,5,9.272226822076481,5,5,5,0.024046073576934612,5,5,5,2.946290309442225,5,5,5,0.02454779208880714,5,5,5
Auto_Production_SF/M,short,y_ridge_shared,y_ridge_shared,0.06461440306156874,True,"{""code"": ""ridge_stage_failed"", ""error_type"": ""ValueError"", ""message"": ""cannot score empty ridge statistics"", ""stage"": ""fit""}",False,0.0,vanilla,"{""vanilla"": 1.0}",5.0,5.0,1.0,0.627278053730958,0.024046073576934612,5,5,5,2.3962774912516274,5,5,5,0.024828383344163797,5,5,5,0.6043605452526348,5,5,5,9.272226822076481,5,5,5,0.024046073576934612,5,5,5,2.946290309442225,5,5,5,0.02454779208880714,5,5,5
CPHL/15T,long,bayes_covariate_prediction,bayes_covariate_prediction,0.17470586579293013,False,,False,0.0,full_ridge_per_variate,"{""full_ridge_per_variate"": 1.0}",10.0,10.0,1.0,0.7431837188676761,0.31478368590267736,10,10,10,0.23033303058067314,10,10,10,0.36756569197425054,10,10,10,1.1569175338572653,10,10,10,0.1268142311361365,10,10,10,0.31478368590267736,10,10,10,0.30966390312410425,10,10,10,0.3148897380482458,10,10,10
CPHL/15T,long,bayes_past_targets_prediction,bayes_past_targets_prediction,0.0457373196259141,False,,False,0.0,full_ridge_per_variate,"{""full_ridge_per_variate"": 1.0}",10.0,10.0,1.0,0.7431837188676761,0.31478368590267736,10,10,10,0.23033303058067314,10,10,10,0.36756569197425054,10,10,10,1.1569175338572653,10,10,10,0.1268142311361365,10,10,10,0.31478368590267736,10,10,10,0.30966390312410425,10,10,10,0.3148897380482458,10,10,10
CPHL/15T,long,cov_ridge_shared,cov_ridge_shared,0.23888607043772936,False,,False,0.0,full_ridge_per_variate,"{""full_ridge_per_variate"": 1.0}",10.0,10.0,1.0,0.7431837188676761,0.31478368590267736,10,10,10,0.23033303058067314,10,10,10,0.36756569197425054,10,10,10,1.1569175338572653,10,10,10,0.1268142311361365,10,10,10,0.31478368590267736,10,10,10,0.30966390312410425,10,10,10,0.3148897380482458,10,10,10
CPHL/15T,long,covariate_prediction,covariate_prediction,0.17470586579293013,False,,False,0.0,full_ridge_per_variate,"{""full_ridge_per_variate"": 1.0}",0.0,10.0,0.0,0.7560322310161456,0.31980653182138985,10,10,10,0.23642267241266,10,10,10,0.3756830952895386,10,10,10,1.1769188721685921,10,10,10,0.1309252882220997,10,10,10,0.31980653182138985,10,10,10,0.31252200417568016,10,10,10,0.320279687681421,10,10,10
CPHL/15T,long,full_ridge_per_variate,full_ridge_per_variate,0.23888607043772936,False,,False,0.0,full_ridge_per_variate,"{""full_ridge_per_variate"": 1.0}",5.0,10.0,0.5,0.7863313415949079,0.3399031467966239,10,10,10,0.24647996856270704,10,10,10,0.43385909450555726,10,10,10,1.2240856377999199,10,10,10,0.12959645878205514,10,10,10,0.3399031467966239,10,10,10,0.3172828952780858,10,10,10,0.33045898189310907,10,10,10
CPHL/15T,long,full_ridge_shared,full_ridge_shared,0.23888607043772936,False,,False,0.0,full_ridge_per_variate,"{""full_ridge_per_variate"": 1.0}",10.0,10.0,1.0,0.7431837188676761,0.31478368590267736,10,10,10,0.23033303058067314,10,10,10,0.36756569197425054,10,10,10,1.1569175338572653,10,10,10,0.1268142311361365,10,10,10,0.31478368590267736,10,10,10,0.30966390312410425,10,10,10,0.3148897380482458,10,10,10
CPHL/15T,long,seasonal_naive,seasonal_naive,0.08728386927396059,False,,False,0.0,,,,,,1.0,0.3459030223331805,10,10,10,0.31382591256764014,10,10,10,0.5125200532469412,10,10,10,1.556704626979664,10,10,10,0.2290839932560002,10,10,10,0.4180603395212155,10,10,10,0.387048295761947,10,10,10,0.38326349319700664,10,10,10
CPHL/15T,long,selected_adaptation,selected_adaptation,0.23888607043772936,False,,False,0.0,full_ridge_per_variate,"{""full_ridge_per_variate"": 1.0}",5.0,10.0,0.5,0.7863313415949079,0.3399031467966239,10,10,10,0.24647996856270704,10,10,10,0.43385909450555726,10,10,10,1.2240856377999199,10,10,10,0.12959645878205514,10,10,10,0.3399031467966239,10,10,10,0.3172828952780858,10,10,10,0.33045898189310907,10,10,10
CPHL/15T,long,tsrag,tsrag,0.20094559527933598,False,,True,10.0,,,,,,0.7431837188676761,0.31478368590267736,10,10,10,0.23033303058067314,10,10,10,0.36756569197425054,10,10,10,1.1569175338572653,10,10,10,0.1268142311361365,10,10,10,0.31478368590267736,10,10,10,0.30966390312410425,10,10,10,0.3148897380482458,10,10,10
CPHL/15T,long,vanilla,vanilla,0.0457373196259141,False,,False,0.0,,,,,,0.7431837188676761,0.31478368590267736,10,10,10,0.23033303058067314,10,10,10,0.36756569197425054,10,10,10,1.1569175338572653,10,10,10,0.1268142311361365,10,10,10,0.31478368590267736,10,10,10,0.30966390312410425,10,10,10,0.3148897380482458,10,10,10
CPHL/15T,long,y_ridge_shared,y_ridge_shared,0.23888607043772936,False,,False,0.0,full_ridge_per_variate,"{""full_ridge_per_variate"": 1.0}",10.0,10.0,1.0,0.7431837188676761,0.31478368590267736,10,10,10,0.23033303058067314,10,10,10,0.36756569197425054,10,10,10,1.1569175338572653,10,10,10,0.1268142311361365,10,10,10,0.31478368590267736,10,10,10,0.30966390312410425,10,10,10,0.3148897380482458,10,10,10
CPHL/15T,medium,bayes_covariate_prediction,bayes_covariate_prediction,0.1287128198891878,False,,False,0.0,vanilla,"{""vanilla"": 1.0}",30.0,30.0,1.0,0.7759400473253437,0.2928304434763275,30,30,30,0.2186489219016978,30,30,30,0.3433816903417899,30,30,30,1.0652255105006003,30,30,30,0.12381329163764764,30,30,30,0.2928304434763275,30,30,30,0.2766424426432396,30,30,30,0.29421017632247354,30,30,30
CPHL/15T,medium,bayes_past_targets_prediction,bayes_past_targets_prediction,0.1287128198891878,False,,False,0.0,vanilla,"{""vanilla"": 1.0}",30.0,30.0,1.0,0.7759400473253437,0.2928304434763275,30,30,30,0.2186489219016978,30,30,30,0.3433816903417899,30,30,30,1.0652255105006003,30,30,30,0.12381329163764764,30,30,30,0.2928304434763275,30,30,30,0.2766424426432396,30,30,30,0.29421017632247354,30,30,30
CPHL/15T,medium,cov_ridge_shared,cov_ridge_shared,0.1287128198891878,False,,False,0.0,vanilla,"{""vanilla"": 1.0}",30.0,30.0,1.0,0.7759400473253437,0.2928304434763275,30,30,30,0.2186489219016978,30,30,30,0.3433816903417899,30,30,30,1.0652255105006003,30,30,30,0.12381329163764764,30,30,30,0.2928304434763275,30,30,30,0.2766424426432396,30,30,30,0.29421017632247354,30,30,30
CPHL/15T,medium,covariate_prediction,covariate_prediction,0.1287128198891878,False,,False,0.0,vanilla,"{""vanilla"": 1.0}",30.0,30.0,1.0,0.7759400473253437,0.2928304434763275,30,30,30,0.2186489219016978,30,30,30,0.3433816903417899,30,30,30,1.0652255105006003,30,30,30,0.12381329163764764,30,30,30,0.2928304434763275,30,30,30,0.2766424426432396,30,30,30,0.29421017632247354,30,30,30
CPHL/15T,medium,full_ridge_per_variate,full_ridge_per_variate,0.1287128198891878,False,,False,0.0,vanilla,"{""vanilla"": 1.0}",30.0,30.0,1.0,0.7759400473253437,0.2928304434763275,30,30,30,0.2186489219016978,30,30,30,0.3433816903417899,30,30,30,1.0652255105006003,30,30,30,0.12381329163764764,30,30,30,0.2928304434763275,30,30,30,0.2766424426432396,30,30,30,0.29421017632247354,30,30,30
CPHL/15T,medium,full_ridge_shared,full_ridge_shared,0.1287128198891878,False,,False,0.0,vanilla,"{""vanilla"": 1.0}",30.0,30.0,1.0,0.7759400473253437,0.2928304434763275,30,30,30,0.2186489219016978,30,30,30,0.3433816903417899,30,30,30,1.0652255105006003,30,30,30,0.12381329163764764,30,30,30,0.2928304434763275,30,30,30,0.2766424426432396,30,30,30,0.29421017632247354,30,30,30
CPHL/15T,medium,seasonal_naive,seasonal_naive,0.15893543139100075,False,,False,0.0,,,,,,1.0,0.3075036920850221,30,30,30,0.2765815734031082,30,30,30,0.45398750136767246,30,30,30,1.37281934883039,30,30,30,0.17070790206657013,30,30,30,0.3809441136694564,30,30,30,0.34053261815904856,30,30,30,0.3724187361320584,30,30,30
CPHL/15T,medium,selected_adaptation,selected_adaptation,0.1287128198891878,False,,False,0.0,vanilla,"{""vanilla"": 1.0}",30.0,30.0,1.0,0.7759400473253437,0.2928304434763275,30,30,30,0.2186489219016978,30,30,30,0.3433816903417899,30,30,30,1.0652255105006003,30,30,30,0.12381329163764764,30,30,30,0.2928304434763275,30,30,30,0.2766424426432396,30,30,30,0.29421017632247354,30,30,30
CPHL/15T,medium,tsrag,tsrag,0.15857698023319244,False,,True,18.0,,,,,,0.7736497223847549,0.2917651674935299,30,30,30,0.21727716752986986,30,30,30,0.3418575155363402,30,30,30,1.0620813081070513,30,30,30,0.12066281024226329,30,30,30,0.2917651674935299,30,30,30,0.2748351217609136,30,30,30,0.2919245165437257,30,30,30
CPHL/15T,medium,vanilla,vanilla,0.1287128198891878,False,,False,0.0,,,,,,0.7759400473253437,0.2928304434763275,30,30,30,0.2186489219016978,30,30,30,0.3433816903417899,30,30,30,1.0652255105006003,30,30,30,0.12381329163764764,30,30,30,0.2928304434763275,30,30,30,0.2766424426432396,30,30,30,0.29421017632247354,30,30,30
CPHL/15T,medium,y_ridge_shared,y_ridge_shared,0.1287128198891878,False,,False,0.0,vanilla,"{""vanilla"": 1.0}",30.0,30.0,1.0,0.7759400473253437,0.2928304434763275,30,30,30,0.2186489219016978,30,30,30,0.3433816903417899,30,30,30,1.0652255105006003,30,30,30,0.12381329163764764,30,30,30,0.2928304434763275,30,30,30,0.2766424426432396,30,30,30,0.29421017632247354,30,30,30
CPHL/15T,short,bayes_covariate_prediction,bayes_covariate_prediction,1.0652984082698822,False,,False,0.0,vanilla,"{""vanilla"": 1.0}",240.0,240.0,1.0,0.4757866795403814,0.18592466725851495,240,240,240,0.13782810076901858,240,240,240,0.19451171216265012,240,240,240,0.6512084133422211,240,240,240,0.06383973294117579,240,240,240,0.18592466725851495,240,240,240,0.16124178392020352,240,240,240,0.1776042996838945,240,240,240
CPHL/15T,short,bayes_past_targets_prediction,bayes_past_targets_prediction,1.0652984082698822,False,,False,0.0,vanilla,"{""vanilla"": 1.0}",240.0,240.0,1.0,0.4757866795403814,0.18592466725851495,240,240,240,0.13782810076901858,240,240,240,0.19451171216265012,240,240,240,0.6512084133422211,240,240,240,0.06383973294117579,240,240,240,0.18592466725851495,240,240,240,0.16124178392020352,240,240,240,0.1776042996838945,240,240,240
CPHL/15T,short,cov_ridge_shared,cov_ridge_shared,1.0652984082698822,False,,False,0.0,vanilla,"{""vanilla"": 1.0}",240.0,240.0,1.0,0.4757866795403814,0.18592466725851495,240,240,240,0.13782810076901858,240,240,240,0.19451171216265012,240,240,240,0.6512084133422211,240,240,240,0.06383973294117579,240,240,240,0.18592466725851495,240,240,240,0.16124178392020352,240,240,240,0.1776042996838945,240,240,240
CPHL/15T,short,covariate_prediction,covariate_prediction,1.0652984082698822,False,,False,0.0,vanilla,"{""vanilla"": 1.0}",240.0,240.0,1.0,0.4757866795403814,0.18592466725851495,240,240,240,0.13782810076901858,240,240,240,0.19451171216265012,240,240,240,0.6512084133422211,240,240,240,0.06383973294117579,240,240,240,0.18592466725851495,240,240,240,0.16124178392020352,240,240,240,0.1776042996838945,240,240,240
CPHL/15T,short,full_ridge_per_variate,full_ridge_per_variate,1.0652984082698822,False,,False,0.0,vanilla,"{""vanilla"": 1.0}",240.0,240.0,1.0,0.4757866795403814,0.18592466725851495,240,240,240,0.13782810076901858,240,240,240,0.19451171216265012,240,240,240,0.6512084133422211,240,240,240,0.06383973294117579,240,240,240,0.18592466725851495,240,240,240,0.16124178392020352,240,240,240,0.1776042996838945,240,240,240
CPHL/15T,short,full_ridge_shared,full_ridge_shared,1.0652984082698822,False,,False,0.0,vanilla,"{""vanilla"": 1.0}",240.0,240.0,1.0,0.4757866795403814,0.18592466725851495,240,240,240,0.13782810076901858,240,240,240,0.19451171216265012,240,240,240,0.6512084133422211,240,240,240,0.06383973294117579,240,240,240,0.18592466725851495,240,240,240,0.16124178392020352,240,240,240,0.1776042996838945,240,240,240
CPHL/15T,short,seasonal_naive,seasonal_naive,0.8933454435318708,False,,False,0.0,,,,,,1.0,0.3519952152728942,240,240,240,0.2766507978123058,240,240,240,0.4541420969748729,240,240,240,1.3686982871636935,240,240,240,0.1706485763777666,240,240,240,0.4340335544355339,240,240,240,0.309218889981687,240,240,240,0.37250528108469716,240,240,240
CPHL/15T,short,selected_adaptation,selected_adaptation,1.0652984082698822,False,,False,0.0,vanilla,"{""vanilla"": 1.0}",240.0,240.0,1.0,0.4757866795403814,0.18592466725851495,240,240,240,0.13782810076901858,240,240,240,0.19451171216265012,240,240,240,0.6512084133422211,240,240,240,0.06383973294117579,240,240,240,0.18592466725851495,240,240,240,0.16124178392020352,240,240,240,0.1776042996838945,240,240,240
CPHL/15T,short,tsrag,tsrag,1.0652984082698822,True,"{""code"": ""insufficient_global_datastore"", ""message"": ""global datastore requires at least 11 dates per variate; the least-covered variate has 0""}",False,0.0,,,,,,0.4757866795403814,0.18592466725851495,240,240,240,0.13782810076901858,240,240,240,0.19451171216265012,240,240,240,0.6512084133422211,240,240,240,0.06383973294117579,240,240,240,0.18592466725851495,240,240,240,0.16124178392020352,240,240,240,0.1776042996838945,240,240,240
CPHL/15T,short,vanilla,vanilla,1.0652984082698822,False,,False,0.0,,,,,,0.4757866795403814,0.18592466725851495,240,240,240,0.13782810076901858,240,240,240,0.19451171216265012,240,240,240,0.6512084133422211,240,240,240,0.06383973294117579,240,240,240,0.18592466725851495,240,240,240,0.16124178392020352,240,240,240,0.1776042996838945,240,240,240
CPHL/15T,short,y_ridge_shared,y_ridge_shared,1.0652984082698822,False,,False,0.0,vanilla,"{""vanilla"": 1.0}",240.0,240.0,1.0,0.4757866795403814,0.18592466725851495,240,240,240,0.13782810076901858,240,240,240,0.19451171216265012,240,240,240,0.6512084133422211,240,240,240,0.06383973294117579,240,240,240,0.18592466725851495,240,240,240,0.16124178392020352,240,240,240,0.1776042996838945,240,240,240
CPHL/30T,long,bayes_covariate_prediction,bayes_covariate_prediction,0.08680534549057484,False,,False,0.0,vanilla,"{""vanilla"": 1.0}",20.0,20.0,1.0,0.8078870728417775,0.36924656499499575,20,20,20,0.5741906138662687,20,20,20,0.5005524981095701,20,20,20,1.7964635237217261,20,20,20,0.8956668857110113,20,20,20,0.36924656499499575,20,20,20,0.7054810125821362,20,20,20,0.40628397499708935,20,20,20
CPHL/30T,long,bayes_past_targets_prediction,bayes_past_targets_prediction,0.08680534549057484,False,,False,0.0,vanilla,"{""vanilla"": 1.0}",20.0,20.0,1.0,0.8078870728417775,0.36924656499499575,20,20,20,0.5741906138662687,20,20,20,0.5005524981095701,20,20,20,1.7964635237217261,20,20,20,0.8956668857110113,20,20,20,0.36924656499499575,20,20,20,0.7054810125821362,20,20,20,0.40628397499708935,20,20,20
CPHL/30T,long,cov_ridge_shared,cov_ridge_shared,0.08680534549057484,False,,False,0.0,vanilla,"{""vanilla"": 1.0}",20.0,20.0,1.0,0.8078870728417775,0.36924656499499575,20,20,20,0.5741906138662687,20,20,20,0.5005524981095701,20,20,20,1.7964635237217261,20,20,20,0.8956668857110113,20,20,20,0.36924656499499575,20,20,20,0.7054810125821362,20,20,20,0.40628397499708935,20,20,20
CPHL/30T,long,covariate_prediction,covariate_prediction,0.08680534549057484,False,,False,0.0,vanilla,"{""vanilla"": 1.0}",20.0,20.0,1.0,0.8078870728417775,0.36924656499499575,20,20,20,0.5741906138662687,20,20,20,0.5005524981095701,20,20,20,1.7964635237217261,20,20,20,0.8956668857110113,20,20,20,0.36924656499499575,20,20,20,0.7054810125821362,20,20,20,0.40628397499708935,20,20,20
CPHL/30T,long,full_ridge_per_variate,full_ridge_per_variate,0.08680534549057484,False,,False,0.0,vanilla,"{""vanilla"": 1.0}",20.0,20.0,1.0,0.8078870728417775,0.36924656499499575,20,20,20,0.5741906138662687,20,20,20,0.5005524981095701,20,20,20,1.7964635237217261,20,20,20,0.8956668857110113,20,20,20,0.36924656499499575,20,20,20,0.7054810125821362,20,20,20,0.40628397499708935,20,20,20
CPHL/30T,long,full_ridge_shared,full_ridge_shared,0.08680534549057484,False,,False,0.0,vanilla,"{""vanilla"": 1.0}",20.0,20.0,1.0,0.8078870728417775,0.36924656499499575,20,20,20,0.5741906138662687,20,20,20,0.5005524981095701,20,20,20,1.7964635237217261,20,20,20,0.8956668857110113,20,20,20,0.36924656499499575,20,20,20,0.7054810125821362,20,20,20,0.40628397499708935,20,20,20
CPHL/30T,long,seasonal_naive,seasonal_naive,0.13040409795939922,False,,False,0.0,,,,,,1.0,0.3724886344441075,20,20,20,0.7185179424358163,20,20,20,0.7643096606634967,20,20,20,2.2236567264315648,20,20,20,1.4475159188869495,20,20,20,0.4662290473821405,20,20,20,0.8762387720196253,20,20,20,0.4909117564519079,20,20,20
CPHL/30T,long,selected_adaptation,selected_adaptation,0.08680534549057484,False,,False,0.0,vanilla,"{""vanilla"": 1.0}",20.0,20.0,1.0,0.8078870728417775,0.36924656499499575,20,20,20,0.5741906138662687,20,20,20,0.5005524981095701,20,20,20,1.7964635237217261,20,20,20,0.8956668857110113,20,20,20,0.36924656499499575,20,20,20,0.7054810125821362,20,20,20,0.40628397499708935,20,20,20
CPHL/30T,long,tsrag,tsrag,0.1850359607487917,False,,True,15.0,,,,,,0.8227165517261879,0.3937747992852145,20,20,20,0.5771452769148414,20,20,20,0.5321001734669888,20,20,20,1.82943919419252,20,20,20,0.8957772827516077,20,20,20,0.3937747992852145,20,20,20,0.708695913748563,20,20,20,0.42066552933159773,20,20,20
CPHL/30T,long,vanilla,vanilla,0.08680534549057484,False,,False,0.0,,,,,,0.8078870728417775,0.36924656499499575,20,20,20,0.5741906138662687,20,20,20,0.5005524981095701,20,20,20,1.7964635237217261,20,20,20,0.8956668857110113,20,20,20,0.36924656499499575,20,20,20,0.7054810125821362,20,20,20,0.40628397499708935,20,20,20
CPHL/30T,long,y_ridge_shared,y_ridge_shared,0.08680534549057484,False,,False,0.0,vanilla,"{""vanilla"": 1.0}",20.0,20.0,1.0,0.8078870728417775,0.36924656499499575,20,20,20,0.5741906138662687,20,20,20,0.5005524981095701,20,20,20,1.7964635237217261,20,20,20,0.8956668857110113,20,20,20,0.36924656499499575,20,20,20,0.7054810125821362,20,20,20,0.40628397499708935,20,20,20
CPHL/30T,medium,bayes_covariate_prediction,bayes_covariate_prediction,5.1748003754764795,False,,False,0.0,bayes_covariate_prediction,"{""bayes_covariate_prediction"": 1.0}",1.0,60.0,0.016666666666666666,0.8065863409578454,0.32550631957475823,60,60,60,0.5187525277408296,60,60,60,0.4322227259067357,60,60,60,1.5271429303998099,60,60,60,0.7646355653922345,60,60,60,0.32550631957475823,60,60,60,0.6371579226765953,60,60,60,0.3351063530988788,60,60,60
CPHL/30T,medium,bayes_past_targets_prediction,bayes_past_targets_prediction,0.2574367611669004,False,,False,0.0,bayes_covariate_prediction,"{""bayes_covariate_prediction"": 1.0}",60.0,60.0,1.0,0.8018882395199506,0.32293591255642445,60,60,60,0.5134040725779416,60,60,60,0.43115999265678284,60,60,60,1.5182478226687985,60,60,60,0.7479045384272057,60,60,60,0.32293591255642445,60,60,60,0.6303312479676214,60,60,60,0.3324126013999063,60,60,60
CPHL/30T,medium,cov_ridge_shared,cov_ridge_shared,5.291308704763651,False,,False,0.0,bayes_covariate_prediction,"{""bayes_covariate_prediction"": 1.0}",1.0,60.0,0.016666666666666666,0.8053366784400271,0.3245796274392306,60,60,60,0.5175992195456166,60,60,60,0.429492470287516,60,60,60,1.5247768932100334,60,60,60,0.7605698828047076,60,60,60,0.3245796274392306,60,60,60,0.6357307140624097,60,60,60,0.334336304322771,60,60,60
CPHL/30T,medium,covariate_prediction,covariate_prediction,5.17478236509487,False,,False,0.0,bayes_covariate_prediction,"{""bayes_covariate_prediction"": 1.0}",1.0,60.0,0.016666666666666666,0.8207456491131774,0.3318652317683334,60,60,60,0.5270761388585127,60,60,60,0.43744992681801925,60,60,60,1.5539513280266395,60,60,60,0.7865916219959301,60,60,60,0.3318652317683334,60,60,60,0.6468771162349471,60,60,60,0.34184826656232203,60,60,60
CPHL/30T,medium,full_ridge_per_variate,full_ridge_per_variate,5.291308704763651,False,,False,0.0,bayes_covariate_prediction,"{""bayes_covariate_prediction"": 1.0}",60.0,60.0,1.0,0.8018882395199506,0.32293591255642445,60,60,60,0.5134040725779416,60,60,60,0.43115999265678284,60,60,60,1.5182478226687985,60,60,60,0.7479045384272057,60,60,60,0.32293591255642445,60,60,60,0.6303312479676214,60,60,60,0.3324126013999063,60,60,60
CPHL/30T,medium,full_ridge_shared,full_ridge_shared,5.291308704763651,False,,False,0.0,bayes_covariate_prediction,"{""bayes_covariate_prediction"": 1.0}",60.0,60.0,1.0,0.8018882395199506,0.32293591255642445,60,60,60,0.5134040725779416,60,60,60,0.43115999265678284,60,60,60,1.5182478226687985,60,60,60,0.7479045384272057,60,60,60,0.32293591255642445,60,60,60,0.6303312479676214,60,60,60,0.3324126013999063,60,60,60
CPHL/30T,medium,seasonal_naive,seasonal_naive,0.283974077552557,False,,False,0.0,,,,,,1.0,0.34301238364050357,60,60,60,0.6390405541889723,60,60,60,0.5951274370209264,60,60,60,1.893340926882399,60,60,60,1.2144405409957786,60,60,60,0.41967015096118204,60,60,60,0.7936345209490042,60,60,60,0.4047046383864436,60,60,60
CPHL/30T,medium,selected_adaptation,selected_adaptation,5.1748003754764795,False,,False,0.0,bayes_covariate_prediction,"{""bayes_covariate_prediction"": 1.0}",1.0,60.0,0.016666666666666666,0.8065863409578454,0.32550631957475823,60,60,60,0.5187525277408296,60,60,60,0.4322227259067357,60,60,60,1.5271429303998099,60,60,60,0.7646355653922345,60,60,60,0.32550631957475823,60,60,60,0.6371579226765953,60,60,60,0.3351063530988788,60,60,60
CPHL/30T,medium,tsrag,tsrag,0.2574187507852912,True,"{""code"": ""insufficient_global_datastore"", ""message"": ""global datastore requires at least 11 dates per variate; the least-covered variate has 0""}",False,0.0,,,,,,0.8018882395199506,0.32293591255642445,60,60,60,0.5134040725779416,60,60,60,0.43115999265678284,60,60,60,1.5182478226687985,60,60,60,0.7479045384272057,60,60,60,0.32293591255642445,60,60,60,0.6303312479676214,60,60,60,0.3324126013999063,60,60,60
CPHL/30T,medium,vanilla,vanilla,0.2574187507852912,False,,False,0.0,,,,,,0.8018882395199506,0.32293591255642445,60,60,60,0.5134040725779416,60,60,60,0.43115999265678284,60,60,60,1.5182478226687985,60,60,60,0.7479045384272057,60,60,60,0.32293591255642445,60,60,60,0.6303312479676214,60,60,60,0.3324126013999063,60,60,60
CPHL/30T,medium,y_ridge_shared,y_ridge_shared,5.291308704763651,False,,False,0.0,bayes_covariate_prediction,"{""bayes_covariate_prediction"": 1.0}",1.0,60.0,0.016666666666666666,0.8061607652012468,0.3249483446860329,60,60,60,0.5156907696075838,60,60,60,0.4299462539439921,60,60,60,1.5263371704023527,60,60,60,0.7570751744720385,60,60,60,0.3249483446860329,60,60,60,0.63403658465347,60,60,60,0.3352640870217478,60,60,60
CPHL/30T,short,bayes_covariate_prediction,bayes_covariate_prediction,1.0674892915412784,False,,False,0.0,vanilla,"{""vanilla"": 1.0}",240.0,240.0,1.0,0.7148483090195745,0.2852333242955998,240,240,240,0.4646460917216238,240,240,240,0.3676987273037361,240,240,240,1.3695101434084038,240,240,240,0.641689908728874,240,240,240,0.2852333242955998,240,240,240,0.5627357899662422,240,240,240,0.2924005487810213,240,240,240
CPHL/30T,short,bayes_past_targets_prediction,bayes_past_targets_prediction,1.0674892915412784,False,,False,0.0,vanilla,"{""vanilla"": 1.0}",240.0,240.0,1.0,0.7148483090195745,0.2852333242955998,240,240,240,0.4646460917216238,240,240,240,0.3676987273037361,240,240,240,1.3695101434084038,240,240,240,0.641689908728874,240,240,240,0.2852333242955998,240,240,240,0.5627357899662422,240,240,240,0.2924005487810213,240,240,240
CPHL/30T,short,cov_ridge_shared,cov_ridge_shared,1.0674892915412784,False,,False,0.0,vanilla,"{""vanilla"": 1.0}",240.0,240.0,1.0,0.7148483090195745,0.2852333242955998,240,240,240,0.4646460917216238,240,240,240,0.3676987273037361,240,240,240,1.3695101434084038,240,240,240,0.641689908728874,240,240,240,0.2852333242955998,240,240,240,0.5627357899662422,240,240,240,0.2924005487810213,240,240,240
CPHL/30T,short,covariate_prediction,covariate_prediction,1.0674892915412784,False,,False,0.0,vanilla,"{""vanilla"": 1.0}",240.0,240.0,1.0,0.7148483090195745,0.2852333242955998,240,240,240,0.4646460917216238,240,240,240,0.3676987273037361,240,240,240,1.3695101434084038,240,240,240,0.641689908728874,240,240,240,0.2852333242955998,240,240,240,0.5627357899662422,240,240,240,0.2924005487810213,240,240,240
CPHL/30T,short,full_ridge_per_variate,full_ridge_per_variate,1.0674892915412784,False,,False,0.0,vanilla,"{""vanilla"": 1.0}",240.0,240.0,1.0,0.7148483090195745,0.2852333242955998,240,240,240,0.4646460917216238,240,240,240,0.3676987273037361,240,240,240,1.3695101434084038,240,240,240,0.641689908728874,240,240,240,0.2852333242955998,240,240,240,0.5627357899662422,240,240,240,0.2924005487810213,240,240,240
CPHL/30T,short,full_ridge_shared,full_ridge_shared,1.0674892915412784,False,,False,0.0,vanilla,"{""vanilla"": 1.0}",240.0,240.0,1.0,0.7148483090195745,0.2852333242955998,240,240,240,0.4646460917216238,240,240,240,0.3676987273037361,240,240,240,1.3695101434084038,240,240,240,0.641689908728874,240,240,240,0.2852333242955998,240,240,240,0.5627357899662422,240,240,240,0.2924005487810213,240,240,240
CPHL/30T,short,seasonal_naive,seasonal_naive,0.9665918750688434,False,,False,0.0,,,,,,1.0,0.3559474900731959,240,240,240,0.65031672157745,240,240,240,0.5893397182405472,240,240,240,1.9158052500490743,240,240,240,1.2684837505076736,240,240,240,0.43553405858539673,240,240,240,0.7859235158288352,240,240,240,0.4078965889891073,240,240,240
CPHL/30T,short,selected_adaptation,selected_adaptation,1.0674892915412784,False,,False,0.0,vanilla,"{""vanilla"": 1.0}",240.0,240.0,1.0,0.7148483090195745,0.2852333242955998,240,240,240,0.4646460917216238,240,240,240,0.3676987273037361,240,240,240,1.3695101434084038,240,240,240,0.641689908728874,240,240,240,0.2852333242955998,240,240,240,0.5627357899662422,240,240,240,0.2924005487810213,240,240,240
CPHL/30T,short,tsrag,tsrag,1.0674892915412784,True,"{""code"": ""insufficient_global_datastore"", ""message"": ""global datastore requires at least 11 dates per variate; the least-covered variate has 0""}",False,0.0,,,,,,0.7148483090195745,0.2852333242955998,240,240,240,0.4646460917216238,240,240,240,0.3676987273037361,240,240,240,1.3695101434084038,240,240,240,0.641689908728874,240,240,240,0.2852333242955998,240,240,240,0.5627357899662422,240,240,240,0.2924005487810213,240,240,240
CPHL/30T,short,vanilla,vanilla,1.0674892915412784,False,,False,0.0,,,,,,0.7148483090195745,0.2852333242955998,240,240,240,0.4646460917216238,240,240,240,0.3676987273037361,240,240,240,1.3695101434084038,240,240,240,0.641689908728874,240,240,240,0.2852333242955998,240,240,240,0.5627357899662422,240,240,240,0.2924005487810213,240,240,240
CPHL/30T,short,y_ridge_shared,y_ridge_shared,1.0674892915412784,False,,False,0.0,vanilla,"{""vanilla"": 1.0}",240.0,240.0,1.0,0.7148483090195745,0.2852333242955998,240,240,240,0.4646460917216238,240,240,240,0.3676987273037361,240,240,240,1.3695101434084038,240,240,240,0.641689908728874,240,240,240,0.2852333242955998,240,240,240,0.5627357899662422,240,240,240,0.2924005487810213,240,240,240
CPHL/H,long,bayes_covariate_prediction,bayes_covariate_prediction,0.5758879305794835,False,,False,0.0,full_ridge_per_variate,"{""full_ridge_per_variate"": 1.0}",8.0,8.0,1.0,0.8474232839359858,0.4463565860553285,8,8,8,0.46637763089673234,8,8,8,0.5131048679015625,8,8,8,2.139118293587509,8,8,8,0.5238753671970158,8,8,8,0.4463565860553285,8,8,8,0.5840168701624235,8,8,8,0.4727029953109553,8,8,8
CPHL/H,long,bayes_past_targets_prediction,bayes_past_targets_prediction,0.1041947454214096,False,,False,0.0,full_ridge_per_variate,"{""full_ridge_per_variate"": 1.0}",8.0,8.0,1.0,0.8474232839359858,0.4463565860553285,8,8,8,0.46637763089673234,8,8,8,0.5131048679015625,8,8,8,2.139118293587509,8,8,8,0.5238753671970158,8,8,8,0.4463565860553285,8,8,8,0.5840168701624235,8,8,8,0.4727029953109553,8,8,8
CPHL/H,long,cov_ridge_shared,cov_ridge_shared,0.9446185966953635,False,,False,0.0,full_ridge_per_variate,"{""full_ridge_per_variate"": 1.0}",8.0,8.0,1.0,0.8474232839359858,0.4463565860553285,8,8,8,0.46637763089673234,8,8,8,0.5131048679015625,8,8,8,2.139118293587509,8,8,8,0.5238753671970158,8,8,8,0.4463565860553285,8,8,8,0.5840168701624235,8,8,8,0.4727029953109553,8,8,8
CPHL/H,long,covariate_prediction,covariate_prediction,0.5758879305794835,False,,False,0.0,full_ridge_per_variate,"{""full_ridge_per_variate"": 1.0}",4.0,8.0,0.5,0.8526916927240423,0.4491152519839822,8,8,8,0.48669183847652775,8,8,8,0.5127410776761934,8,8,8,2.152417137070172,8,8,8,0.5888911733870852,8,8,8,0.4491152519839822,8,8,8,0.6078945263187164,8,8,8,0.483462771638652,8,8,8
CPHL/H,long,full_ridge_per_variate,full_ridge_per_variate,0.9446185966953635,False,,False,0.0,full_ridge_per_variate,"{""full_ridge_per_variate"": 1.0}",6.0,8.0,0.75,0.8765980172263232,0.46063381072649723,8,8,8,0.4977521009475461,8,8,8,0.5153070320767065,8,8,8,2.21276296075081,8,8,8,0.6292742794200251,8,8,8,0.46063381072649723,8,8,8,0.6230421179910312,8,8,8,0.4925787411683713,8,8,8
CPHL/H,long,full_ridge_shared,full_ridge_shared,0.9446185966953635,False,,False,0.0,full_ridge_per_variate,"{""full_ridge_per_variate"": 1.0}",8.0,8.0,1.0,0.8474232839359858,0.4463565860553285,8,8,8,0.46637763089673234,8,8,8,0.5131048679015625,8,8,8,2.139118293587509,8,8,8,0.5238753671970158,8,8,8,0.4463565860553285,8,8,8,0.5840168701624235,8,8,8,0.4727029953109553,8,8,8
CPHL/H,long,seasonal_naive,seasonal_naive,0.07477753702551126,False,,False,0.0,,,,,,1.0,0.44535653122091284,8,8,8,0.5550105000410301,8,8,8,0.6113866307042636,8,8,8,2.524261882033793,8,8,8,0.7768034587734467,8,8,8,0.5314219976696897,8,8,8,0.7050152239804776,8,8,8,0.5468471850592851,8,8,8
CPHL/H,long,selected_adaptation,selected_adaptation,0.9446185966953635,False,,False,0.0,full_ridge_per_variate,"{""full_ridge_per_variate"": 1.0}",6.0,8.0,0.75,0.8765980172263232,0.46063381072649723,8,8,8,0.4977521009475461,8,8,8,0.5153070320767065,8,8,8,2.21276296075081,8,8,8,0.6292742794200251,8,8,8,0.46063381072649723,8,8,8,0.6230421179910312,8,8,8,0.4925787411683713,8,8,8
CPHL/H,long,tsrag,tsrag,0.1041947454214096,True,"{""code"": ""insufficient_global_datastore"", ""message"": ""global datastore requires at least 11 dates per variate; the least-covered variate has 0""}",False,0.0,,,,,,0.8474232839359858,0.4463565860553285,8,8,8,0.46637763089673234,8,8,8,0.5131048679015625,8,8,8,2.139118293587509,8,8,8,0.5238753671970158,8,8,8,0.4463565860553285,8,8,8,0.5840168701624235,8,8,8,0.4727029953109553,8,8,8
CPHL/H,long,vanilla,vanilla,0.1041947454214096,False,,False,0.0,,,,,,0.8474232839359858,0.4463565860553285,8,8,8,0.46637763089673234,8,8,8,0.5131048679015625,8,8,8,2.139118293587509,8,8,8,0.5238753671970158,8,8,8,0.4463565860553285,8,8,8,0.5840168701624235,8,8,8,0.4727029953109553,8,8,8
CPHL/H,long,y_ridge_shared,y_ridge_shared,0.9446185966953635,False,,False,0.0,full_ridge_per_variate,"{""full_ridge_per_variate"": 1.0}",8.0,8.0,1.0,0.8474232839359858,0.4463565860553285,8,8,8,0.46637763089673234,8,8,8,0.5131048679015625,8,8,8,2.139118293587509,8,8,8,0.5238753671970158,8,8,8,0.4463565860553285,8,8,8,0.5840168701624235,8,8,8,0.4727029953109553,8,8,8
CPHL/H,medium,bayes_covariate_prediction,bayes_covariate_prediction,0.18886500783264637,False,,False,0.0,vanilla,"{""vanilla"": 1.0}",16.0,16.0,1.0,0.8240486956814675,0.39470882761655923,16,16,16,0.4369972794182171,16,16,16,0.46303297025987034,16,16,16,1.8356687519554202,16,16,16,0.47903075966177794,16,16,16,0.39470882761655923,16,16,16,0.5399704494369248,16,16,16,0.4131259762367928,16,16,16
CPHL/H,medium,bayes_past_targets_prediction,bayes_past_targets_prediction,0.18886500783264637,False,,False,0.0,vanilla,"{""vanilla"": 1.0}",16.0,16.0,1.0,0.8240486956814675,0.39470882761655923,16,16,16,0.4369972794182171,16,16,16,0.46303297025987034,16,16,16,1.8356687519554202,16,16,16,0.47903075966177794,16,16,16,0.39470882761655923,16,16,16,0.5399704494369248,16,16,16,0.4131259762367928,16,16,16
CPHL/H,medium,cov_ridge_shared,cov_ridge_shared,0.18886500783264637,False,,False,0.0,vanilla,"{""vanilla"": 1.0}",16.0,16.0,1.0,0.8240486956814675,0.39470882761655923,16,16,16,0.4369972794182171,16,16,16,0.46303297025987034,16,16,16,1.8356687519554202,16,16,16,0.47903075966177794,16,16,16,0.39470882761655923,16,16,16,0.5399704494369248,16,16,16,0.4131259762367928,16,16,16
CPHL/H,medium,covariate_prediction,covariate_prediction,0.18886500783264637,False,,False,0.0,vanilla,"{""vanilla"": 1.0}",16.0,16.0,1.0,0.8240486956814675,0.39470882761655923,16,16,16,0.4369972794182171,16,16,16,0.46303297025987034,16,16,16,1.8356687519554202,16,16,16,0.47903075966177794,16,16,16,0.39470882761655923,16,16,16,0.5399704494369248,16,16,16,0.4131259762367928,16,16,16
CPHL/H,medium,full_ridge_per_variate,full_ridge_per_variate,0.18886500783264637,False,,False,0.0,vanilla,"{""vanilla"": 1.0}",16.0,16.0,1.0,0.8240486956814675,0.39470882761655923,16,16,16,0.4369972794182171,16,16,16,0.46303297025987034,16,16,16,1.8356687519554202,16,16,16,0.47903075966177794,16,16,16,0.39470882761655923,16,16,16,0.5399704494369248,16,16,16,0.4131259762367928,16,16,16
CPHL/H,medium,full_ridge_shared,full_ridge_shared,0.18886500783264637,False,,False,0.0,vanilla,"{""vanilla"": 1.0}",16.0,16.0,1.0,0.8240486956814675,0.39470882761655923,16,16,16,0.4369972794182171,16,16,16,0.46303297025987034,16,16,16,1.8356687519554202,16,16,16,0.47903075966177794,16,16,16,0.39470882761655923,16,16,16,0.5399704494369248,16,16,16,0.4131259762367928,16,16,16
CPHL/H,medium,seasonal_naive,seasonal_naive,0.1013115681707859,False,,False,0.0,,,,,,1.0,0.3932046211036905,16,16,16,0.5267082229705027,16,16,16,0.5989329388867581,16,16,16,2.2276216946589162,16,16,16,0.698312404534192,16,16,16,0.5039861644384986,16,16,16,0.6505942056332179,16,16,16,0.4961206621778904,16,16,16
CPHL/H,medium,selected_adaptation,selected_adaptation,0.18886500783264637,False,,False,0.0,vanilla,"{""vanilla"": 1.0}",16.0,16.0,1.0,0.8240486956814675,0.39470882761655923,16,16,16,0.4369972794182171,16,16,16,0.46303297025987034,16,16,16,1.8356687519554202,16,16,16,0.47903075966177794,16,16,16,0.39470882761655923,16,16,16,0.5399704494369248,16,16,16,0.4131259762367928,16,16,16
CPHL/H,medium,tsrag,tsrag,0.18886500783264637,True,"{""code"": ""insufficient_global_datastore"", ""message"": ""global datastore requires at least 11 dates per variate; the least-covered variate has 0""}",False,0.0,,,,,,0.8240486956814675,0.39470882761655923,16,16,16,0.4369972794182171,16,16,16,0.46303297025987034,16,16,16,1.8356687519554202,16,16,16,0.47903075966177794,16,16,16,0.39470882761655923,16,16,16,0.5399704494369248,16,16,16,0.4131259762367928,16,16,16
CPHL/H,medium,vanilla,vanilla,0.18886500783264637,False,,False,0.0,,,,,,0.8240486956814675,0.39470882761655923,16,16,16,0.4369972794182171,16,16,16,0.46303297025987034,16,16,16,1.8356687519554202,16,16,16,0.47903075966177794,16,16,16,0.39470882761655923,16,16,16,0.5399704494369248,16,16,16,0.4131259762367928,16,16,16
CPHL/H,medium,y_ridge_shared,y_ridge_shared,0.18886500783264637,False,,False,0.0,vanilla,"{""vanilla"": 1.0}",16.0,16.0,1.0,0.8240486956814675,0.39470882761655923,16,16,16,0.4369972794182171,16,16,16,0.46303297025987034,16,16,16,1.8356687519554202,16,16,16,0.47903075966177794,16,16,16,0.39470882761655923,16,16,16,0.5399704494369248,16,16,16,0.4131259762367928,16,16,16
CPHL/H,short,bayes_covariate_prediction,bayes_covariate_prediction,1.6213187696412206,False,,False,0.0,vanilla,"{""vanilla"": 1.0}",112.0,112.0,1.0,0.7985822854371329,0.2835850089458662,112,112,112,0.33903065999466,112,112,112,0.333054094323602,112,112,112,1.2422315658671745,112,112,112,0.3634176779817256,112,112,112,0.2835850089458662,112,112,112,0.4101567684461488,112,112,112,0.2883500292506055,112,112,112
CPHL/H,short,bayes_past_targets_prediction,bayes_past_targets_prediction,1.6213187696412206,False,,False,0.0,vanilla,"{""vanilla"": 1.0}",112.0,112.0,1.0,0.7985822854371329,0.2835850089458662,112,112,112,0.33903065999466,112,112,112,0.333054094323602,112,112,112,1.2422315658671745,112,112,112,0.3634176779817256,112,112,112,0.2835850089458662,112,112,112,0.4101567684461488,112,112,112,0.2883500292506055,112,112,112
CPHL/H,short,cov_ridge_shared,cov_ridge_shared,1.6213187696412206,False,,False,0.0,vanilla,"{""vanilla"": 1.0}",112.0,112.0,1.0,0.7985822854371329,0.2835850089458662,112,112,112,0.33903065999466,112,112,112,0.333054094323602,112,112,112,1.2422315658671745,112,112,112,0.3634176779817256,112,112,112,0.2835850089458662,112,112,112,0.4101567684461488,112,112,112,0.2883500292506055,112,112,112
CPHL/H,short,covariate_prediction,covariate_prediction,1.6213187696412206,False,,False,0.0,vanilla,"{""vanilla"": 1.0}",112.0,112.0,1.0,0.7985822854371329,0.2835850089458662,112,112,112,0.33903065999466,112,112,112,0.333054094323602,112,112,112,1.2422315658671745,112,112,112,0.3634176779817256,112,112,112,0.2835850089458662,112,112,112,0.4101567684461488,112,112,112,0.2883500292506055,112,112,112
CPHL/H,short,full_ridge_per_variate,full_ridge_per_variate,1.6213187696412206,False,,False,0.0,vanilla,"{""vanilla"": 1.0}",112.0,112.0,1.0,0.7985822854371329,0.2835850089458662,112,112,112,0.33903065999466,112,112,112,0.333054094323602,112,112,112,1.2422315658671745,112,112,112,0.3634176779817256,112,112,112,0.2835850089458662,112,112,112,0.4101567684461488,112,112,112,0.2883500292506055,112,112,112
CPHL/H,short,full_ridge_shared,full_ridge_shared,1.6213187696412206,False,,False,0.0,vanilla,"{""vanilla"": 1.0}",112.0,112.0,1.0,0.7985822854371329,0.2835850089458662,112,112,112,0.33903065999466,112,112,112,0.333054094323602,112,112,112,1.2422315658671745,112,112,112,0.3634176779817256,112,112,112,0.2835850089458662,112,112,112,0.4101567684461488,112,112,112,0.2883500292506055,112,112,112
CPHL/H,short,seasonal_naive,seasonal_naive,0.4137184591963887,False,,False,0.0,,,,,,1.0,0.29168033808974864,112,112,112,0.42464812610797953,112,112,112,0.4199561912928271,112,112,112,1.5555461077967614,112,112,112,0.5730633228159235,112,112,112,0.36068279788065455,112,112,112,0.5126738000556896,112,112,112,0.3572106170310637,112,112,112
CPHL/H,short,selected_adaptation,selected_adaptation,1.6213187696412206,False,,False,0.0,vanilla,"{""vanilla"": 1.0}",112.0,112.0,1.0,0.7985822854371329,0.2835850089458662,112,112,112,0.33903065999466,112,112,112,0.333054094323602,112,112,112,1.2422315658671745,112,112,112,0.3634176779817256,112,112,112,0.2835850089458662,112,112,112,0.4101567684461488,112,112,112,0.2883500292506055,112,112,112
CPHL/H,short,tsrag,tsrag,1.6213187696412206,True,"{""code"": ""insufficient_global_datastore"", ""message"": ""global datastore requires at least 11 dates per variate; the least-covered variate has 0""}",False,0.0,,,,,,0.7985822854371329,0.2835850089458662,112,112,112,0.33903065999466,112,112,112,0.333054094323602,112,112,112,1.2422315658671745,112,112,112,0.3634176779817256,112,112,112,0.2835850089458662,112,112,112,0.4101567684461488,112,112,112,0.2883500292506055,112,112,112
CPHL/H,short,vanilla,vanilla,1.6213187696412206,False,,False,0.0,,,,,,0.7985822854371329,0.2835850089458662,112,112,112,0.33903065999466,112,112,112,0.333054094323602,112,112,112,1.2422315658671745,112,112,112,0.3634176779817256,112,112,112,0.2835850089458662,112,112,112,0.4101567684461488,112,112,112,0.2883500292506055,112,112,112
CPHL/H,short,y_ridge_shared,y_ridge_shared,1.6213187696412206,False,,False,0.0,vanilla,"{""vanilla"": 1.0}",112.0,112.0,1.0,0.7985822854371329,0.2835850089458662,112,112,112,0.33903065999466,112,112,112,0.333054094323602,112,112,112,1.2422315658671745,112,112,112,0.3634176779817256,112,112,112,0.2835850089458662,112,112,112,0.4101567684461488,112,112,112,0.2883500292506055,112,112,112
Coastal_T_S/15T,long,bayes_covariate_prediction,bayes_covariate_prediction,4.528018286451697,False,,False,0.0,full_ridge_shared,"{""full_ridge_shared"": 1.0}",0.0,75.0,0.0,0.8781761404085107,0.11653260292253814,75,75,75,4.75423338872415,75,75,75,0.1422711343192609,75,75,75,1.3993777339906872,75,75,75,110.04407746665373,75,75,75,0.11653260292253814,75,75,75,4.904345171027011,75,75,75,0.12272277314849804,75,75,75
Coastal_T_S/15T,long,bayes_past_targets_prediction,bayes_past_targets_prediction,0.34993481915444136,False,,False,0.0,full_ridge_shared,"{""full_ridge_shared"": 1.0}",75.0,75.0,1.0,0.8744442751561825,0.11623821347016972,75,75,75,4.737478591954268,75,75,75,0.13901065910247734,75,75,75,1.3934309894823107,75,75,75,108.96287568429898,75,75,75,0.11623821347016972,75,75,75,4.8885875044464795,75,75,75,0.12264874172131907,75,75,75
Coastal_T_S/15T,long,cov_ridge_shared,cov_ridge_shared,6.970580703113228,False,,False,0.0,full_ridge_shared,"{""full_ridge_shared"": 1.0}",0.0,75.0,0.0,0.869747145855095,0.11621939551736192,75,75,75,4.737143765511336,75,75,75,0.13903302997406283,75,75,75,1.3859460922559304,75,75,75,108.94547627321037,75,75,75,0.11621939551736192,75,75,75,4.8875731887197205,75,75,75,0.12262828650842174,75,75,75
Coastal_T_S/15T,long,covariate_prediction,covariate_prediction,4.527974406257272,False,,False,0.0,full_ridge_shared,"{""full_ridge_shared"": 1.0}",0.0,75.0,0.0,0.8877427721760071,0.11638951039222337,75,75,75,4.742728104723825,75,75,75,0.1399466296878506,75,75,75,1.4146222058781777,75,75,75,111.13585542925328,75,75,75,0.11638951039222337,75,75,75,4.945033942864082,75,75,75,0.1224796833763768,75,75,75
Coastal_T_S/15T,long,full_ridge_per_variate,full_ridge_per_variate,6.970580703113228,False,,False,0.0,full_ridge_shared,"{""full_ridge_shared"": 1.0}",75.0,75.0,1.0,0.8744442751561825,0.11623821347016972,75,75,75,4.737478591954268,75,75,75,0.13901065910247734,75,75,75,1.3934309894823107,75,75,75,108.96287568429898,75,75,75,0.11623821347016972,75,75,75,4.8885875044464795,75,75,75,0.12264874172131907,75,75,75
Coastal_T_S/15T,long,full_ridge_shared,full_ridge_shared,6.970580703113228,False,,False,0.0,full_ridge_shared,"{""full_ridge_shared"": 1.0}",0.0,75.0,0.0,0.8698277007365222,0.11621880151029206,75,75,75,4.7371152764779545,75,75,75,0.1390297822580358,75,75,75,1.3860744568313799,75,75,75,108.9453426399329,75,75,75,0.11621880151029206,75,75,75,4.887557626002172,75,75,75,0.12262777604498697,75,75,75
Coastal_T_S/15T,long,seasonal_naive,seasonal_naive,0.7146508358418941,False,,False,0.0,,,,,,1.0,0.10892978060909408,75,75,75,4.923015609184901,75,75,75,0.15372066996041192,75,75,75,1.5935046166703226,75,75,75,212.92531507748978,75,75,75,0.1221270431615983,75,75,75,6.789483475137181,75,75,75,0.12114872280453405,75,75,75
Coastal_T_S/15T,long,selected_adaptation,selected_adaptation,6.970580703113228,False,,False,0.0,full_ridge_shared,"{""full_ridge_shared"": 1.0}",0.0,75.0,0.0,0.8698277007365222,0.11621880151029206,75,75,75,4.7371152764779545,75,75,75,0.1390297822580358,75,75,75,1.3860744568313799,75,75,75,108.9453426399329,75,75,75,0.11621880151029206,75,75,75,4.887557626002172,75,75,75,0.12262777604498697,75,75,75
Coastal_T_S/15T,long,tsrag,tsrag,0.9628181476145983,False,,False,0.0,,,,,,0.8900459255463867,0.11652827393676905,75,75,75,4.747495173083411,75,75,75,0.14285112304664346,75,75,75,1.4182922914067775,75,75,75,109.44358808793581,75,75,75,0.11652827393676905,75,75,75,4.896431828249751,75,75,75,0.12266257035432412,75,75,75
Coastal_T_S/15T,long,vanilla,vanilla,0.3498909389600158,False,,False,0.0,,,,,,0.8744442751561825,0.11623821347016972,75,75,75,4.737478591954268,75,75,75,0.13901065910247734,75,75,75,1.3934309894823107,75,75,75,108.96287568429898,75,75,75,0.11623821347016972,75,75,75,4.8885875044464795,75,75,75,0.12264874172131907,75,75,75
Coastal_T_S/15T,long,y_ridge_shared,y_ridge_shared,6.970580703113228,False,,False,0.0,full_ridge_shared,"{""full_ridge_shared"": 1.0}",0.0,75.0,0.0,0.8697095791067452,0.11621839335365894,75,75,75,4.737098716938937,75,75,75,0.1390295302655617,75,75,75,1.3858862294690015,75,75,75,108.94567740582154,75,75,75,0.11621839335365894,75,75,75,4.887524922605638,75,75,75,0.12262739219318822,75,75,75
Coastal_T_S/15T,medium,bayes_covariate_prediction,bayes_covariate_prediction,23.017375115305185,False,,False,0.0,full_ridge_per_variate,"{""full_ridge_per_variate"": 1.0}",0.0,225.0,0.0,0.8626337549896588,0.11506400803121708,225,225,225,4.713482570957255,225,225,225,0.13782747514696647,225,225,225,1.2522733289699166,225,225,225,110.70038978739515,225,225,225,0.11506400803121708,225,225,225,4.887746182446861,225,225,225,0.12119797280509662,225,225,225
Coastal_T_S/15T,medium,bayes_past_targets_prediction,bayes_past_targets_prediction,1.0220884974114597,False,,False,0.0,full_ridge_per_variate,"{""full_ridge_per_variate"": 1.0}",225.0,225.0,1.0,0.8631008464870648,0.11499582796459694,225,225,225,4.709172642716655,225,225,225,0.13703611913826397,225,225,225,1.252951399148607,225,225,225,110.3513027815047,225,225,225,0.11499582796459694,225,225,225,4.881360009896579,225,225,225,0.12122103140512915,225,225,225
Coastal_T_S/15T,medium,cov_ridge_shared,cov_ridge_shared,38.51250432012603,False,,False,0.0,full_ridge_per_variate,"{""full_ridge_per_variate"": 1.0}",0.0,225.0,0.0,0.8631034838096664,0.11499568353507139,225,225,225,4.70918843874225,225,225,225,0.1370405299460761,225,225,225,1.2529552277128555,225,225,225,110.34954305467018,225,225,225,0.11499568353507139,225,225,225,4.881312310133849,225,225,225,0.12122073153072159,225,225,225
Coastal_T_S/15T,medium,covariate_prediction,covariate_prediction,23.0173336151056,False,,False,0.0,full_ridge_per_variate,"{""full_ridge_per_variate"": 1.0}",0.0,225.0,0.0,0.8660155578396146,0.115204452770073,225,225,225,4.71966437013061,225,225,225,0.13871545041892422,225,225,225,1.2571826447581504,225,225,225,111.80171239491699,225,225,225,0.115204452770073,225,225,225,4.9137055589192125,225,225,225,0.12117449843018542,225,225,225
Coastal_T_S/15T,medium,full_ridge_per_variate,full_ridge_per_variate,38.51250432012603,False,,False,0.0,full_ridge_per_variate,"{""full_ridge_per_variate"": 1.0}",0.0,225.0,0.0,0.8700550035886583,0.11519419367670289,225,225,225,4.716627670217443,225,225,225,0.14420411141313638,225,225,225,1.2630466515235812,225,225,225,107.92331560920228,225,225,225,0.11519419367670289,225,225,225,4.83295243831685,225,225,225,0.12113692078943802,225,225,225
Coastal_T_S/15T,medium,full_ridge_shared,full_ridge_shared,38.51250432012603,False,,False,0.0,full_ridge_per_variate,"{""full_ridge_per_variate"": 1.0}",0.0,225.0,0.0,0.863184459544108,0.11499213581037375,225,225,225,4.70905259737262,225,225,225,0.13703691530985804,225,225,225,1.2530727790513563,225,225,225,110.35005108679144,225,225,225,0.11499213581037375,225,225,225,4.881072057867606,225,225,225,0.121217284991426,225,225,225
Coastal_T_S/15T,medium,seasonal_naive,seasonal_naive,1.338175474666059,False,,False,0.0,,,,,,1.0,0.1054234442860923,225,225,225,4.72367977199731,225,225,225,0.15039321375823467,225,225,225,1.4516859811322,225,225,225,205.63809171917424,225,225,225,0.1169939918876442,225,225,225,6.642249851938883,225,225,225,0.11581921480038665,225,225,225
Coastal_T_S/15T,medium,selected_adaptation,selected_adaptation,38.51250432012603,False,,False,0.0,full_ridge_per_variate,"{""full_ridge_per_variate"": 1.0}",0.0,225.0,0.0,0.8700550035886583,0.11519419367670289,225,225,225,4.716627670217443,225,225,225,0.14420411141313638,225,225,225,1.2630466515235812,225,225,225,107.92331560920228,225,225,225,0.11519419367670289,225,225,225,4.83295243831685,225,225,225,0.12113692078943802,225,225,225
Coastal_T_S/15T,medium,tsrag,tsrag,1.0887732040137053,False,,False,0.0,,,,,,0.8857846007218776,0.11547973071185963,225,225,225,4.724068392471031,225,225,225,0.13923788656162348,225,225,225,1.285881087170733,225,225,225,112.30748678624376,225,225,225,0.11547973071185963,225,225,225,4.91574757312266,225,225,225,0.1215147619233827,225,225,225
Coastal_T_S/15T,medium,vanilla,vanilla,1.0220469972118735,False,,False,0.0,,,,,,0.8631008464870648,0.11499582796459694,225,225,225,4.709172642716655,225,225,225,0.13703611913826397,225,225,225,1.252951399148607,225,225,225,110.3513027815047,225,225,225,0.11499582796459694,225,225,225,4.881360009896579,225,225,225,0.12122103140512915,225,225,225
Coastal_T_S/15T,medium,y_ridge_shared,y_ridge_shared,38.51250432012603,False,,False,0.0,full_ridge_per_variate,"{""full_ridge_per_variate"": 1.0}",0.0,225.0,0.0,0.8630689015903442,0.11499299175426925,225,225,225,4.709089560685335,225,225,225,0.1370377829894717,225,225,225,1.252905025189869,225,225,225,110.34975197009923,225,225,225,0.11499299175426925,225,225,225,4.88114336756693,225,225,225,0.12121810814025138,225,225,225
Coastal_T_S/15T,short,bayes_covariate_prediction,bayes_covariate_prediction,8.116322670131922,False,,False,0.0,bayes_past_targets_prediction,"{""bayes_past_targets_prediction"": 1.0}",1800.0,1800.0,1.0,0.7800999465957564,0.11493460645350743,1800,1800,1800,4.656986275425664,1800,1800,1800,0.13437469434151197,1800,1800,1800,1.1295658974752307,1800,1800,1800,111.07518809767019,1800,1800,1800,0.11493460645350743,1800,1800,1800,4.85146460839196,1800,1800,1800,0.11940646351598386,1800,1800,1800
Coastal_T_S/15T,short,bayes_past_targets_prediction,bayes_past_targets_prediction,33.83598582306877,False,,False,0.0,bayes_past_targets_prediction,"{""bayes_past_targets_prediction"": 1.0}",0.0,1800.0,0.0,0.7795972712430165,0.11518909636318105,1800,1800,1800,4.657651847026966,1800,1800,1800,0.13763207653370593,1800,1800,1800,1.1288380356949113,1800,1800,1800,109.91078098728309,1800,1800,1800,0.11518909636318105,1800,1800,1800,4.830365334979368,1800,1800,1800,0.11927718544922866,1800,1800,1800
Coastal_T_S/15T,short,cov_ridge_shared,cov_ridge_shared,8.11616425961256,False,,False,0.0,bayes_past_targets_prediction,"{""bayes_past_targets_prediction"": 1.0}",1800.0,1800.0,1.0,0.7800999465957564,0.11493460645350743,1800,1800,1800,4.656986275425664,1800,1800,1800,0.13437469434151197,1800,1800,1800,1.1295658974752307,1800,1800,1800,111.07518809767019,1800,1800,1800,0.11493460645350743,1800,1800,1800,4.85146460839196,1800,1800,1800,0.11940646351598386,1800,1800,1800
Coastal_T_S/15T,short,covariate_prediction,covariate_prediction,8.11616425961256,False,,False,0.0,bayes_past_targets_prediction,"{""bayes_past_targets_prediction"": 1.0}",1800.0,1800.0,1.0,0.7800999465957564,0.11493460645350743,1800,1800,1800,4.656986275425664,1800,1800,1800,0.13437469434151197,1800,1800,1800,1.1295658974752307,1800,1800,1800,111.07518809767019,1800,1800,1800,0.11493460645350743,1800,1800,1800,4.85146460839196,1800,1800,1800,0.11940646351598386,1800,1800,1800
Coastal_T_S/15T,short,full_ridge_per_variate,full_ridge_per_variate,8.11616425961256,False,,False,0.0,bayes_past_targets_prediction,"{""bayes_past_targets_prediction"": 1.0}",1800.0,1800.0,1.0,0.7800999465957564,0.11493460645350743,1800,1800,1800,4.656986275425664,1800,1800,1800,0.13437469434151197,1800,1800,1800,1.1295658974752307,1800,1800,1800,111.07518809767019,1800,1800,1800,0.11493460645350743,1800,1800,1800,4.85146460839196,1800,1800,1800,0.11940646351598386,1800,1800,1800
Coastal_T_S/15T,short,full_ridge_shared,full_ridge_shared,8.11616425961256,False,,False,0.0,bayes_past_targets_prediction,"{""bayes_past_targets_prediction"": 1.0}",1800.0,1800.0,1.0,0.7800999465957564,0.11493460645350743,1800,1800,1800,4.656986275425664,1800,1800,1800,0.13437469434151197,1800,1800,1800,1.1295658974752307,1800,1800,1800,111.07518809767019,1800,1800,1800,0.11493460645350743,1800,1800,1800,4.85146460839196,1800,1800,1800,0.11940646351598386,1800,1800,1800
Coastal_T_S/15T,short,seasonal_naive,seasonal_naive,7.751331891864538,False,,False,0.0,,,,,,1.0,0.10765233177973978,1800,1800,1800,4.723679771997311,1800,1800,1800,0.1503932137582347,1800,1800,1800,1.447975868226236,1800,1800,1800,205.63809171917424,1800,1800,1800,0.11954650297824078,1800,1800,1800,6.556804726690088,1800,1800,1800,0.11581921480038665,1800,1800,1800
Coastal_T_S/15T,short,selected_adaptation,selected_adaptation,33.83598582306877,False,,False,0.0,bayes_past_targets_prediction,"{""bayes_past_targets_prediction"": 1.0}",0.0,1800.0,0.0,0.7795972712430165,0.11518909636318105,1800,1800,1800,4.657651847026966,1800,1800,1800,0.13763207653370593,1800,1800,1800,1.1288380356949113,1800,1800,1800,109.91078098728309,1800,1800,1800,0.11518909636318105,1800,1800,1800,4.830365334979368,1800,1800,1800,0.11927718544922866,1800,1800,1800
Coastal_T_S/15T,short,tsrag,tsrag,8.11616425961256,True,"{""code"": ""insufficient_global_datastore"", ""message"": ""global datastore requires at least 11 dates per variate; the least-covered variate has 0""}",False,0.0,,,,,,0.7800999465957564,0.11493460645350743,1800,1800,1800,4.656986275425664,1800,1800,1800,0.13437469434151197,1800,1800,1800,1.1295658974752307,1800,1800,1800,111.07518809767019,1800,1800,1800,0.11493460645350743,1800,1800,1800,4.85146460839196,1800,1800,1800,0.11940646351598386,1800,1800,1800
Coastal_T_S/15T,short,vanilla,vanilla,8.11616425961256,False,,False,0.0,,,,,,0.7800999465957564,0.11493460645350743,1800,1800,1800,4.656986275425664,1800,1800,1800,0.13437469434151197,1800,1800,1800,1.1295658974752307,1800,1800,1800,111.07518809767019,1800,1800,1800,0.11493460645350743,1800,1800,1800,4.85146460839196,1800,1800,1800,0.11940646351598386,1800,1800,1800
Coastal_T_S/15T,short,y_ridge_shared,y_ridge_shared,8.11616425961256,False,,False,0.0,bayes_past_targets_prediction,"{""bayes_past_targets_prediction"": 1.0}",1800.0,1800.0,1.0,0.7800999465957564,0.11493460645350743,1800,1800,1800,4.656986275425664,1800,1800,1800,0.13437469434151197,1800,1800,1800,1.1295658974752307,1800,1800,1800,111.07518809767019,1800,1800,1800,0.11493460645350743,1800,1800,1800,4.85146460839196,1800,1800,1800,0.11940646351598386,1800,1800,1800
Coastal_T_S/20T,long,bayes_covariate_prediction,bayes_covariate_prediction,0.2654299745336175,False,,False,0.0,bayes_past_targets_prediction,"{""bayes_past_targets_prediction"": 1.0}",0.0,15.0,0.0,0.8571852747395209,0.007777225101845864,15,15,15,0.19050934461899743,15,15,15,0.007795316920196525,15,15,15,1.575322447584344,15,15,15,0.07033505396612881,15,15,15,0.007777225101845864,15,15,15,0.23235949066265107,15,15,15,0.0077609391033417905,15,15,15
Coastal_T_S/20T,long,bayes_past_targets_prediction,bayes_past_targets_prediction,0.30268165934830904,False,,False,0.0,bayes_past_targets_prediction,"{""bayes_past_targets_prediction"": 1.0}",0.0,15.0,0.0,0.8117811756554276,0.007318493951942332,15,15,15,0.18233226611290448,15,15,15,0.007338834431395834,15,15,15,1.49187946436085,15,15,15,0.06890223930893874,15,15,15,0.007318493951942332,15,15,15,0.22606899464373256,15,15,15,0.007310474647488571,15,15,15
Coastal_T_S/20T,long,cov_ridge_shared,cov_ridge_shared,0.35604198928922415,False,,False,0.0,bayes_past_targets_prediction,"{""bayes_past_targets_prediction"": 1.0}",15.0,15.0,1.0,0.9004889852238029,0.008036388190222182,15,15,15,0.19885568442168056,15,15,15,0.008057139264462873,15,15,15,1.6549053676366192,15,15,15,0.08221854715645718,15,15,15,0.008036388190222182,15,15,15,0.24285779830857543,15,15,15,0.008017360267465728,15,15,15
Coastal_T_S/20T,long,covariate_prediction,covariate_prediction,0.2653757040388882,False,,False,0.0,bayes_past_targets_prediction,"{""bayes_past_targets_prediction"": 1.0}",0.0,15.0,0.0,0.8403458671945352,0.007692999968010811,15,15,15,0.18747493661480188,15,15,15,0.007709581241244421,15,15,15,1.544375232913982,15,15,15,0.06613764448086021,15,15,15,0.007692999968010811,15,15,15,0.22944729813943765,15,15,15,0.007677453737554951,15,15,15
Coastal_T_S/20T,long,full_ridge_per_variate,full_ridge_per_variate,0.35604198928922415,False,,False,0.0,bayes_past_targets_prediction,"{""bayes_past_targets_prediction"": 1.0}",15.0,15.0,1.0,0.9004889852238029,0.008036388190222182,15,15,15,0.19885568442168056,15,15,15,0.008057139264462873,15,15,15,1.6549053676366192,15,15,15,0.08221854715645718,15,15,15,0.008036388190222182,15,15,15,0.24285779830857543,15,15,15,0.008017360267465728,15,15,15
Coastal_T_S/20T,long,full_ridge_shared,full_ridge_shared,0.35604198928922415,False,,False,0.0,bayes_past_targets_prediction,"{""bayes_past_targets_prediction"": 1.0}",0.0,15.0,0.0,0.9431628880712478,0.008429742845710582,15,15,15,0.206650298907433,15,15,15,0.008451243835857412,15,15,15,1.7333308365086104,15,15,15,0.0886779754797665,15,15,15,0.008429742845710582,15,15,15,0.2502032599725393,15,15,15,0.00840408770302557,15,15,15
Coastal_T_S/20T,long,seasonal_naive,seasonal_naive,0.11135085113346577,False,,False,0.0,,,,,,1.0,0.00804684525935673,15,15,15,0.2425307833118203,15,15,15,0.01011118488631176,15,15,15,1.837785242009726,15,15,15,0.11788187485940117,15,15,15,0.01010389426246522,15,15,15,0.3049337479291913,15,15,15,0.010124154777149145,15,15,15
Coastal_T_S/20T,long,selected_adaptation,selected_adaptation,0.30268165934830904,False,,False,0.0,bayes_past_targets_prediction,"{""bayes_past_targets_prediction"": 1.0}",0.0,15.0,0.0,0.8117811756554276,0.007318493951942332,15,15,15,0.18233226611290448,15,15,15,0.007338834431395834,15,15,15,1.49187946436085,15,15,15,0.06890223930893874,15,15,15,0.007318493951942332,15,15,15,0.22606899464373256,15,15,15,0.007310474647488571,15,15,15
Coastal_T_S/20T,long,tsrag,tsrag,0.18955959379673004,False,,False,0.0,,,,,,1.394389749964021,0.015292311770174892,15,15,15,0.3516894734935995,15,15,15,0.015228230305107542,15,15,15,2.5625889040935097,15,15,15,0.21108521126330676,15,15,15,0.015292311770174892,15,15,15,0.42902856856355664,15,15,15,0.015316028494984342,15,15,15
Coastal_T_S/20T,long,vanilla,vanilla,0.09405213594436646,False,,False,0.0,,,,,,0.9004889852238029,0.008036388190222182,15,15,15,0.19885568442168056,15,15,15,0.008057139264462873,15,15,15,1.6549053676366192,15,15,15,0.08221854715645718,15,15,15,0.008036388190222182,15,15,15,0.24285779830857543,15,15,15,0.008017360267465728,15,15,15
Coastal_T_S/20T,long,y_ridge_shared,y_ridge_shared,0.35604198928922415,False,,False,0.0,bayes_past_targets_prediction,"{""bayes_past_targets_prediction"": 1.0}",0.0,15.0,0.0,0.9437971296584504,0.008435850966897751,15,15,15,0.2067893928951687,15,15,15,0.008457395632842393,15,15,15,1.73449643633744,15,15,15,0.08882482260330142,15,15,15,0.008435850966897751,15,15,15,0.25034125905800875,15,15,15,0.00841010727598274,15,15,15
Coastal_T_S/20T,medium,bayes_covariate_prediction,bayes_covariate_prediction,1.4612139300443232,False,,False,0.0,bayes_past_targets_prediction,"{""bayes_past_targets_prediction"": 1.0}",0.0,45.0,0.0,0.7652283913735479,0.005100463797820491,45,45,45,0.12470354916136943,45,45,45,0.005114361618388908,45,45,45,0.981612613856929,45,45,45,0.029093055772391605,45,45,45,0.005100463797820491,45,45,45,0.15162215962773587,45,45,45,0.0051081135329640245,45,45,45
Coastal_T_S/20T,medium,bayes_past_targets_prediction,bayes_past_targets_prediction,0.8893596306443214,False,,False,0.0,bayes_past_targets_prediction,"{""bayes_past_targets_prediction"": 1.0}",0.0,45.0,0.0,0.7707061959058665,0.005164957090466333,45,45,45,0.12510721241986314,45,45,45,0.0051774704987310495,45,45,45,0.9886393814021255,45,45,45,0.028388665852205043,45,45,45,0.005164957090466333,45,45,45,0.15026698241428546,45,45,45,0.005172813908617038,45,45,45
Coastal_T_S/20T,medium,cov_ridge_shared,cov_ridge_shared,1.5770888975821435,False,,False,0.0,bayes_past_targets_prediction,"{""bayes_past_targets_prediction"": 1.0}",0.0,45.0,0.0,0.7963284737944057,0.0053524233576490885,45,45,45,0.12996586222707487,45,45,45,0.005365953742282967,45,45,45,1.021506890572809,45,45,45,0.031097365584492418,45,45,45,0.0053524233576490885,45,45,45,0.15701312183724314,45,45,45,0.005357080931394156,45,45,45
Coastal_T_S/20T,medium,covariate_prediction,covariate_prediction,1.4611594988964498,False,,False,0.0,bayes_past_targets_prediction,"{""bayes_past_targets_prediction"": 1.0}",0.0,45.0,0.0,0.7650502664606861,0.005110484470080169,45,45,45,0.12480013105604383,45,45,45,0.005125755330412249,45,45,45,0.9813841204250615,45,45,45,0.02948754567909261,45,45,45,0.005110484470080169,45,45,45,0.152764412070541,45,45,45,0.005119369754889596,45,45,45
Coastal_T_S/20T,medium,full_ridge_per_variate,full_ridge_per_variate,1.5770888975821435,False,,False,0.0,bayes_past_targets_prediction,"{""bayes_past_targets_prediction"": 1.0}",45.0,45.0,1.0,0.794063641225139,0.005308073086757545,45,45,45,0.12904217861316822,45,45,45,0.005320439880512482,45,45,45,1.0186016295509648,45,45,45,0.030543685250192798,45,45,45,0.005308073086757545,45,45,45,0.15612730315371245,45,45,45,0.005314129693670657,45,45,45
Coastal_T_S/20T,medium,full_ridge_shared,full_ridge_shared,1.5770888975821435,False,,False,0.0,bayes_past_targets_prediction,"{""bayes_past_targets_prediction"": 1.0}",45.0,45.0,1.0,0.794063641225139,0.005308073086757545,45,45,45,0.12904217861316822,45,45,45,0.005320439880512482,45,45,45,1.0186016295509648,45,45,45,0.030543685250192798,45,45,45,0.005308073086757545,45,45,45,0.15612730315371245,45,45,45,0.005314129693670657,45,45,45
Coastal_T_S/20T,medium,seasonal_naive,seasonal_naive,0.2132205916568637,False,,False,0.0,,,,,,1.0,0.005443203846220554,45,45,45,0.16611013942294647,45,45,45,0.006731516718389653,45,45,45,1.2827707713444634,45,45,45,0.05042784559838068,45,45,45,0.006727755624537362,45,45,45,0.19678121635441875,45,45,45,0.006738063251498145,45,45,45
Coastal_T_S/20T,medium,selected_adaptation,selected_adaptation,0.8893596306443214,False,,False,0.0,bayes_past_targets_prediction,"{""bayes_past_targets_prediction"": 1.0}",0.0,45.0,0.0,0.7707061959058665,0.005164957090466333,45,45,45,0.12510721241986314,45,45,45,0.0051774704987310495,45,45,45,0.9886393814021255,45,45,45,0.028388665852205043,45,45,45,0.005164957090466333,45,45,45,0.15026698241428546,45,45,45,0.005172813908617038,45,45,45
Coastal_T_S/20T,medium,tsrag,tsrag,0.2123903837054968,False,,False,0.0,,,,,,1.573201726937356,0.01227593813191645,45,45,45,0.2822394229747631,45,45,45,0.012275162674817987,45,45,45,2.018057192743874,45,45,45,0.14742373652743593,45,45,45,0.01227593813191645,45,45,45,0.34261456334614293,45,45,45,0.012309241440161298,45,45,45
Coastal_T_S/20T,medium,vanilla,vanilla,0.27216470055282116,False,,False,0.0,,,,,,0.794063641225139,0.005308073086757545,45,45,45,0.12904217861316822,45,45,45,0.005320439880512482,45,45,45,1.0186016295509648,45,45,45,0.030543685250192798,45,45,45,0.005308073086757545,45,45,45,0.15612730315371245,45,45,45,0.005314129693670657,45,45,45
Coastal_T_S/20T,medium,y_ridge_shared,y_ridge_shared,1.5770888975821435,False,,False,0.0,bayes_past_targets_prediction,"{""bayes_past_targets_prediction"": 1.0}",45.0,45.0,1.0,0.794063641225139,0.005308073086757545,45,45,45,0.12904217861316822,45,45,45,0.005320439880512482,45,45,45,1.0186016295509648,45,45,45,0.030543685250192798,45,45,45,0.005308073086757545,45,45,45,0.15612730315371245,45,45,45,0.005314129693670657,45,45,45
Coastal_T_S/20T,short,bayes_covariate_prediction,bayes_covariate_prediction,2.170045987702906,False,,False,0.0,vanilla,"{""vanilla"": 1.0}",360.0,360.0,1.0,0.3528195096687359,0.002261313585460879,360,360,360,0.055767703350679376,360,360,360,0.0022613458809691367,360,360,360,0.4509885143334379,360,360,360,0.0064321118755883006,360,360,360,0.002261313585460879,360,360,360,0.06377681092786863,360,360,360,0.002261818953673134,360,360,360
Coastal_T_S/20T,short,bayes_past_targets_prediction,bayes_past_targets_prediction,2.170045987702906,False,,False,0.0,vanilla,"{""vanilla"": 1.0}",360.0,360.0,1.0,0.3528195096687359,0.002261313585460879,360,360,360,0.055767703350679376,360,360,360,0.0022613458809691367,360,360,360,0.4509885143334379,360,360,360,0.0064321118755883006,360,360,360,0.002261313585460879,360,360,360,0.06377681092786863,360,360,360,0.002261818953673134,360,360,360
Coastal_T_S/20T,short,cov_ridge_shared,cov_ridge_shared,2.170045987702906,False,,False,0.0,vanilla,"{""vanilla"": 1.0}",360.0,360.0,1.0,0.3528195096687359,0.002261313585460879,360,360,360,0.055767703350679376,360,360,360,0.0022613458809691367,360,360,360,0.4509885143334379,360,360,360,0.0064321118755883006,360,360,360,0.002261313585460879,360,360,360,0.06377681092786863,360,360,360,0.002261818953673134,360,360,360
Coastal_T_S/20T,short,covariate_prediction,covariate_prediction,2.170045987702906,False,,False,0.0,vanilla,"{""vanilla"": 1.0}",360.0,360.0,1.0,0.3528195096687359,0.002261313585460879,360,360,360,0.055767703350679376,360,360,360,0.0022613458809691367,360,360,360,0.4509885143334379,360,360,360,0.0064321118755883006,360,360,360,0.002261313585460879,360,360,360,0.06377681092786863,360,360,360,0.002261818953673134,360,360,360
Coastal_T_S/20T,short,full_ridge_per_variate,full_ridge_per_variate,2.170045987702906,False,,False,0.0,vanilla,"{""vanilla"": 1.0}",360.0,360.0,1.0,0.3528195096687359,0.002261313585460879,360,360,360,0.055767703350679376,360,360,360,0.0022613458809691367,360,360,360,0.4509885143334379,360,360,360,0.0064321118755883006,360,360,360,0.002261313585460879,360,360,360,0.06377681092786863,360,360,360,0.002261818953673134,360,360,360
Coastal_T_S/20T,short,full_ridge_shared,full_ridge_shared,2.170045987702906,False,,False,0.0,vanilla,"{""vanilla"": 1.0}",360.0,360.0,1.0,0.3528195096687359,0.002261313585460879,360,360,360,0.055767703350679376,360,360,360,0.0022613458809691367,360,360,360,0.4509885143334379,360,360,360,0.0064321118755883006,360,360,360,0.002261313585460879,360,360,360,0.06377681092786863,360,360,360,0.002261818953673134,360,360,360
Coastal_T_S/20T,short,seasonal_naive,seasonal_naive,1.2665154142305255,False,,False,0.0,,,,,,1.0,0.005441567810015596,360,360,360,0.1661101394229465,360,360,360,0.006731516718389654,360,360,360,1.2782414293270614,360,360,360,0.05042784559838069,360,360,360,0.006730814950453039,360,360,360,0.17522341328782617,360,360,360,0.006738063251498145,360,360,360
Coastal_T_S/20T,short,selected_adaptation,selected_adaptation,2.170045987702906,False,,False,0.0,vanilla,"{""vanilla"": 1.0}",360.0,360.0,1.0,0.3528195096687359,0.002261313585460879,360,360,360,0.055767703350679376,360,360,360,0.0022613458809691367,360,360,360,0.4509885143334379,360,360,360,0.0064321118755883006,360,360,360,0.002261313585460879,360,360,360,0.06377681092786863,360,360,360,0.002261818953673134,360,360,360
Coastal_T_S/20T,short,tsrag,tsrag,2.170045987702906,True,"{""code"": ""insufficient_global_datastore"", ""message"": ""global datastore requires at least 11 dates per variate; the least-covered variate has 0""}",False,0.0,,,,,,0.3528195096687359,0.002261313585460879,360,360,360,0.055767703350679376,360,360,360,0.0022613458809691367,360,360,360,0.4509885143334379,360,360,360,0.0064321118755883006,360,360,360,0.002261313585460879,360,360,360,0.06377681092786863,360,360,360,0.002261818953673134,360,360,360
Coastal_T_S/20T,short,vanilla,vanilla,2.170045987702906,False,,False,0.0,,,,,,0.3528195096687359,0.002261313585460879,360,360,360,0.055767703350679376,360,360,360,0.0022613458809691367,360,360,360,0.4509885143334379,360,360,360,0.0064321118755883006,360,360,360,0.002261313585460879,360,360,360,0.06377681092786863,360,360,360,0.002261818953673134,360,360,360
Coastal_T_S/20T,short,y_ridge_shared,y_ridge_shared,2.170045987702906,False,,False,0.0,vanilla,"{""vanilla"": 1.0}",360.0,360.0,1.0,0.3528195096687359,0.002261313585460879,360,360,360,0.055767703350679376,360,360,360,0.0022613458809691367,360,360,360,0.4509885143334379,360,360,360,0.0064321118755883006,360,360,360,0.002261313585460879,360,360,360,0.06377681092786863,360,360,360,0.002261818953673134,360,360,360
Coastal_T_S/H,long,bayes_covariate_prediction,bayes_covariate_prediction,4.669561224523932,False,,False,0.0,bayes_covariate_prediction,"{""bayes_covariate_prediction"": 1.0}",0.0,144.0,0.0,0.867387894295417,0.041940431317273354,144,144,144,1.4786699487176038,144,144,144,0.0473090788566605,144,144,144,2.2958148492411175,144,144,144,23.665409959817552,144,144,144,0.041940431317273354,144,144,144,1.8752087339150547,144,144,144,0.041455356633736784,144,144,144
Coastal_T_S/H,long,bayes_past_targets_prediction,bayes_past_targets_prediction,0.7037536283023655,False,,False,0.0,bayes_covariate_prediction,"{""bayes_covariate_prediction"": 1.0}",144.0,144.0,1.0,0.8756471560213357,0.04157413580120169,144,144,144,1.4581599270878114,144,144,144,0.04693526757462177,144,144,144,2.3176755828746387,144,144,144,23.383979350247568,144,144,144,0.04157413580120169,144,144,144,1.8619835735473613,144,144,144,0.04113420654941958,144,144,144
Coastal_T_S/H,long,cov_ridge_shared,cov_ridge_shared,9.848314762115479,False,,False,0.0,bayes_covariate_prediction,"{""bayes_covariate_prediction"": 1.0}",144.0,144.0,1.0,0.8756471560213357,0.04157413580120169,144,144,144,1.4581599270878114,144,144,144,0.04693526757462177,144,144,144,2.3176755828746387,144,144,144,23.383979350247568,144,144,144,0.04157413580120169,144,144,144,1.8619835735473613,144,144,144,0.04113420654941958,144,144,144
Coastal_T_S/H,long,covariate_prediction,covariate_prediction,4.6694873832166195,False,,False,0.0,bayes_covariate_prediction,"{""bayes_covariate_prediction"": 1.0}",0.0,144.0,0.0,0.8801649839339087,0.043752079600132464,144,144,144,1.544756482106451,144,144,144,0.049230614803803,144,144,144,2.329633435268263,144,144,144,25.133482244944634,144,144,144,0.043752079600132464,144,144,144,1.9452308946563872,144,144,144,0.04343427037583714,144,144,144
Coastal_T_S/H,long,full_ridge_per_variate,full_ridge_per_variate,9.848314762115479,False,,False,0.0,bayes_covariate_prediction,"{""bayes_covariate_prediction"": 1.0}",144.0,144.0,1.0,0.8756471560213357,0.04157413580120169,144,144,144,1.4581599270878114,144,144,144,0.04693526757462177,144,144,144,2.3176755828746387,144,144,144,23.383979350247568,144,144,144,0.04157413580120169,144,144,144,1.8619835735473613,144,144,144,0.04113420654941958,144,144,144
Coastal_T_S/H,long,full_ridge_shared,full_ridge_shared,9.848314762115479,False,,False,0.0,bayes_covariate_prediction,"{""bayes_covariate_prediction"": 1.0}",144.0,144.0,1.0,0.8756471560213357,0.04157413580120169,144,144,144,1.4581599270878114,144,144,144,0.04693526757462177,144,144,144,2.3176755828746387,144,144,144,23.383979350247568,144,144,144,0.04157413580120169,144,144,144,1.8619835735473613,144,144,144,0.04113420654941958,144,144,144
Coastal_T_S/H,long,seasonal_naive,seasonal_naive,1.3289766171947122,False,,False,0.0,,,,,,1.0,0.06178234505185338,144,144,144,1.8972606074530631,144,144,144,0.056797802212525283,144,144,144,2.646814492501095,144,144,144,36.6719251115876,144,144,144,0.051893850537915856,144,144,144,2.4147258660065085,144,144,144,0.051544497063661855,144,144,144
Coastal_T_S/H,long,selected_adaptation,selected_adaptation,4.669561224523932,False,,False,0.0,bayes_covariate_prediction,"{""bayes_covariate_prediction"": 1.0}",0.0,144.0,0.0,0.867387894295417,0.041940431317273354,144,144,144,1.4786699487176038,144,144,144,0.0473090788566605,144,144,144,2.2958148492411175,144,144,144,23.665409959817552,144,144,144,0.041940431317273354,144,144,144,1.8752087339150547,144,144,144,0.041455356633736784,144,144,144
Coastal_T_S/H,long,tsrag,tsrag,2.0792394559830427,False,,False,0.0,,,,,,0.9837175108499483,0.04882314712434854,144,144,144,1.8561488924900356,144,144,144,0.05408633285628031,144,144,144,2.603717764244746,144,144,144,40.48095179490734,144,144,144,0.04882314712434854,144,144,144,2.271243947917116,144,144,144,0.05070808014505104,144,144,144
Coastal_T_S/H,long,vanilla,vanilla,0.7036797869950533,False,,False,0.0,,,,,,0.8756471560213357,0.04157413580120169,144,144,144,1.4581599270878114,144,144,144,0.04693526757462177,144,144,144,2.3176755828746387,144,144,144,23.383979350247568,144,144,144,0.04157413580120169,144,144,144,1.8619835735473613,144,144,144,0.04113420654941958,144,144,144
Coastal_T_S/H,long,y_ridge_shared,y_ridge_shared,9.848314762115479,False,,False,0.0,bayes_covariate_prediction,"{""bayes_covariate_prediction"": 1.0}",144.0,144.0,1.0,0.8756471560213357,0.04157413580120169,144,144,144,1.4581599270878114,144,144,144,0.04693526757462177,144,144,144,2.3176755828746387,144,144,144,23.383979350247568,144,144,144,0.04157413580120169,144,144,144,1.8619835735473613,144,144,144,0.04113420654941958,144,144,144
Coastal_T_S/H,medium,bayes_covariate_prediction,bayes_covariate_prediction,1.3686644658446312,False,,False,0.0,vanilla,"{""vanilla"": 1.0}",288.0,288.0,1.0,0.7891783822357596,0.03915363223675824,288,288,288,1.3561895227825969,288,288,288,0.04152611477577608,288,288,288,1.621761041052587,288,288,288,21.7698116119976,288,288,288,0.03915363223675824,288,288,288,1.691424176146847,288,288,288,0.036289889048672995,288,288,288
Coastal_T_S/H,medium,bayes_past_targets_prediction,bayes_past_targets_prediction,1.3686644658446312,False,,False,0.0,vanilla,"{""vanilla"": 1.0}",288.0,288.0,1.0,0.7891783822357596,0.03915363223675824,288,288,288,1.3561895227825969,288,288,288,0.04152611477577608,288,288,288,1.621761041052587,288,288,288,21.7698116119976,288,288,288,0.03915363223675824,288,288,288,1.691424176146847,288,288,288,0.036289889048672995,288,288,288
Coastal_T_S/H,medium,cov_ridge_shared,cov_ridge_shared,1.3686644658446312,False,,False,0.0,vanilla,"{""vanilla"": 1.0}",288.0,288.0,1.0,0.7891783822357596,0.03915363223675824,288,288,288,1.3561895227825969,288,288,288,0.04152611477577608,288,288,288,1.621761041052587,288,288,288,21.7698116119976,288,288,288,0.03915363223675824,288,288,288,1.691424176146847,288,288,288,0.036289889048672995,288,288,288
Coastal_T_S/H,medium,covariate_prediction,covariate_prediction,1.3686644658446312,False,,False,0.0,vanilla,"{""vanilla"": 1.0}",288.0,288.0,1.0,0.7891783822357596,0.03915363223675824,288,288,288,1.3561895227825969,288,288,288,0.04152611477577608,288,288,288,1.621761041052587,288,288,288,21.7698116119976,288,288,288,0.03915363223675824,288,288,288,1.691424176146847,288,288,288,0.036289889048672995,288,288,288
Coastal_T_S/H,medium,full_ridge_per_variate,full_ridge_per_variate,1.3686644658446312,False,,False,0.0,vanilla,"{""vanilla"": 1.0}",288.0,288.0,1.0,0.7891783822357596,0.03915363223675824,288,288,288,1.3561895227825969,288,288,288,0.04152611477577608,288,288,288,1.621761041052587,288,288,288,21.7698116119976,288,288,288,0.03915363223675824,288,288,288,1.691424176146847,288,288,288,0.036289889048672995,288,288,288
Coastal_T_S/H,medium,full_ridge_shared,full_ridge_shared,1.3686644658446312,False,,False,0.0,vanilla,"{""vanilla"": 1.0}",288.0,288.0,1.0,0.7891783822357596,0.03915363223675824,288,288,288,1.3561895227825969,288,288,288,0.04152611477577608,288,288,288,1.621761041052587,288,288,288,21.7698116119976,288,288,288,0.03915363223675824,288,288,288,1.691424176146847,288,288,288,0.036289889048672995,288,288,288
Coastal_T_S/H,medium,seasonal_naive,seasonal_naive,1.804201859049499,False,,False,0.0,,,,,,1.0,0.052198792256954805,288,288,288,1.812843066318054,288,288,288,0.0523382814098056,288,288,288,2.05499932278695,288,288,288,34.91735201879006,288,288,288,0.04994696279228975,288,288,288,2.2747722639021726,288,288,288,0.047190697725479985,288,288,288
Coastal_T_S/H,medium,selected_adaptation,selected_adaptation,1.3686644658446312,False,,False,0.0,vanilla,"{""vanilla"": 1.0}",288.0,288.0,1.0,0.7891783822357596,0.03915363223675824,288,288,288,1.3561895227825969,288,288,288,0.04152611477577608,288,288,288,1.621761041052587,288,288,288,21.7698116119976,288,288,288,0.03915363223675824,288,288,288,1.691424176146847,288,288,288,0.036289889048672995,288,288,288
Coastal_T_S/H,medium,tsrag,tsrag,1.3686644658446312,True,"{""code"": ""insufficient_global_datastore"", ""message"": ""global datastore requires at least 11 dates per variate; the least-covered variate has 0""}",False,0.0,,,,,,0.7891783822357596,0.03915363223675824,288,288,288,1.3561895227825969,288,288,288,0.04152611477577608,288,288,288,1.621761041052587,288,288,288,21.7698116119976,288,288,288,0.03915363223675824,288,288,288,1.691424176146847,288,288,288,0.036289889048672995,288,288,288
Coastal_T_S/H,medium,vanilla,vanilla,1.3686644658446312,False,,False,0.0,,,,,,0.7891783822357596,0.03915363223675824,288,288,288,1.3561895227825969,288,288,288,0.04152611477577608,288,288,288,1.621761041052587,288,288,288,21.7698116119976,288,288,288,0.03915363223675824,288,288,288,1.691424176146847,288,288,288,0.036289889048672995,288,288,288
Coastal_T_S/H,medium,y_ridge_shared,y_ridge_shared,1.3686644658446312,False,,False,0.0,vanilla,"{""vanilla"": 1.0}",288.0,288.0,1.0,0.7891783822357596,0.03915363223675824,288,288,288,1.3561895227825969,288,288,288,0.04152611477577608,288,288,288,1.621761041052587,288,288,288,21.7698116119976,288,288,288,0.03915363223675824,288,288,288,1.691424176146847,288,288,288,0.036289889048672995,288,288,288
Coastal_T_S/H,short,bayes_covariate_prediction,bayes_covariate_prediction,9.417722911573946,False,,False,0.0,vanilla,"{""vanilla"": 1.0}",2016.0,2016.0,1.0,0.7609597475758367,0.027164401398922875,2016,2016,2016,1.0799416032337668,2016,2016,2016,0.02935622437047867,2016,2016,2016,0.9169076911374845,2016,2016,2016,14.592356239482005,2016,2016,2016,0.027164401398922875,2016,2016,2016,1.3385821561435216,2016,2016,2016,0.02748451161994815,2016,2016,2016
Coastal_T_S/H,short,bayes_past_targets_prediction,bayes_past_targets_prediction,9.417722911573946,False,,False,0.0,vanilla,"{""vanilla"": 1.0}",2016.0,2016.0,1.0,0.7609597475758367,0.027164401398922875,2016,2016,2016,1.0799416032337668,2016,2016,2016,0.02935622437047867,2016,2016,2016,0.9169076911374845,2016,2016,2016,14.592356239482005,2016,2016,2016,0.027164401398922875,2016,2016,2016,1.3385821561435216,2016,2016,2016,0.02748451161994815,2016,2016,2016
Coastal_T_S/H,short,cov_ridge_shared,cov_ridge_shared,9.417722911573946,False,,False,0.0,vanilla,"{""vanilla"": 1.0}",2016.0,2016.0,1.0,0.7609597475758367,0.027164401398922875,2016,2016,2016,1.0799416032337668,2016,2016,2016,0.02935622437047867,2016,2016,2016,0.9169076911374845,2016,2016,2016,14.592356239482005,2016,2016,2016,0.027164401398922875,2016,2016,2016,1.3385821561435216,2016,2016,2016,0.02748451161994815,2016,2016,2016
Coastal_T_S/H,short,covariate_prediction,covariate_prediction,9.417722911573946,False,,False,0.0,vanilla,"{""vanilla"": 1.0}",2016.0,2016.0,1.0,0.7609597475758367,0.027164401398922875,2016,2016,2016,1.0799416032337668,2016,2016,2016,0.02935622437047867,2016,2016,2016,0.9169076911374845,2016,2016,2016,14.592356239482005,2016,2016,2016,0.027164401398922875,2016,2016,2016,1.3385821561435216,2016,2016,2016,0.02748451161994815,2016,2016,2016
Coastal_T_S/H,short,full_ridge_per_variate,full_ridge_per_variate,9.417722911573946,False,,False,0.0,vanilla,"{""vanilla"": 1.0}",2016.0,2016.0,1.0,0.7609597475758367,0.027164401398922875,2016,2016,2016,1.0799416032337668,2016,2016,2016,0.02935622437047867,2016,2016,2016,0.9169076911374845,2016,2016,2016,14.592356239482005,2016,2016,2016,0.027164401398922875,2016,2016,2016,1.3385821561435216,2016,2016,2016,0.02748451161994815,2016,2016,2016
Coastal_T_S/H,short,full_ridge_shared,full_ridge_shared,9.417722911573946,False,,False,0.0,vanilla,"{""vanilla"": 1.0}",2016.0,2016.0,1.0,0.7609597475758367,0.027164401398922875,2016,2016,2016,1.0799416032337668,2016,2016,2016,0.02935622437047867,2016,2016,2016,0.9169076911374845,2016,2016,2016,14.592356239482005,2016,2016,2016,0.027164401398922875,2016,2016,2016,1.3385821561435216,2016,2016,2016,0.02748451161994815,2016,2016,2016
Coastal_T_S/H,short,seasonal_naive,seasonal_naive,7.276267562992871,False,,False,0.0,,,,,,1.0,0.03530273226782749,2016,2016,2016,1.4651718415454196,2016,2016,2016,0.03841736443593503,2016,2016,2016,1.204935864293014,2016,2016,2016,27.353085981926657,2016,2016,2016,0.03632240130120821,2016,2016,2016,1.8309221696978206,2016,2016,2016,0.036671325337946745,2016,2016,2016
Coastal_T_S/H,short,selected_adaptation,selected_adaptation,9.417722911573946,False,,False,0.0,vanilla,"{""vanilla"": 1.0}",2016.0,2016.0,1.0,0.7609597475758367,0.027164401398922875,2016,2016,2016,1.0799416032337668,2016,2016,2016,0.02935622437047867,2016,2016,2016,0.9169076911374845,2016,2016,2016,14.592356239482005,2016,2016,2016,0.027164401398922875,2016,2016,2016,1.3385821561435216,2016,2016,2016,0.02748451161994815,2016,2016,2016
Coastal_T_S/H,short,tsrag,tsrag,9.417722911573946,True,"{""code"": ""insufficient_global_datastore"", ""message"": ""global datastore requires at least 11 dates per variate; the least-covered variate has 0""}",False,0.0,,,,,,0.7609597475758367,0.027164401398922875,2016,2016,2016,1.0799416032337668,2016,2016,2016,0.02935622437047867,2016,2016,2016,0.9169076911374845,2016,2016,2016,14.592356239482005,2016,2016,2016,0.027164401398922875,2016,2016,2016,1.3385821561435216,2016,2016,2016,0.02748451161994815,2016,2016,2016
Coastal_T_S/H,short,vanilla,vanilla,9.417722911573946,False,,False,0.0,,,,,,0.7609597475758367,0.027164401398922875,2016,2016,2016,1.0799416032337668,2016,2016,2016,0.02935622437047867,2016,2016,2016,0.9169076911374845,2016,2016,2016,14.592356239482005,2016,2016,2016,0.027164401398922875,2016,2016,2016,1.3385821561435216,2016,2016,2016,0.02748451161994815,2016,2016,2016
Coastal_T_S/H,short,y_ridge_shared,y_ridge_shared,9.417722911573946,False,,False,0.0,vanilla,"{""vanilla"": 1.0}",2016.0,2016.0,1.0,0.7609597475758367,0.027164401398922875,2016,2016,2016,1.0799416032337668,2016,2016,2016,0.02935622437047867,2016,2016,2016,0.9169076911374845,2016,2016,2016,14.592356239482005,2016,2016,2016,0.027164401398922875,2016,2016,2016,1.3385821561435216,2016,2016,2016,0.02748451161994815,2016,2016,2016
Commodity_Import/M,short,bayes_covariate_prediction,bayes_covariate_prediction,0.4149809889495373,False,,False,0.0,vanilla,"{""vanilla"": 1.0}",40.0,40.0,1.0,0.7956902926104922,0.2954049002128275,40,40,40,502.59704690774277,40,40,40,0.374500118785188,40,40,40,1.4590156952269822,40,40,40,1553826.9339495872,40,40,40,0.2954049002128275,40,40,40,607.3307599287584,40,40,40,0.23649934538373324,40,40,40
Commodity_Import/M,short,bayes_past_targets_prediction,bayes_past_targets_prediction,0.4149809889495373,False,,False,0.0,vanilla,"{""vanilla"": 1.0}",40.0,40.0,1.0,0.7956902926104922,0.2954049002128275,40,40,40,502.59704690774277,40,40,40,0.374500118785188,40,40,40,1.4590156952269822,40,40,40,1553826.9339495872,40,40,40,0.2954049002128275,40,40,40,607.3307599287584,40,40,40,0.23649934538373324,40,40,40
Commodity_Import/M,short,cov_ridge_shared,cov_ridge_shared,0.4149809889495373,False,,False,0.0,vanilla,"{""vanilla"": 1.0}",40.0,40.0,1.0,0.7956902926104922,0.2954049002128275,40,40,40,502.59704690774277,40,40,40,0.374500118785188,40,40,40,1.4590156952269822,40,40,40,1553826.9339495872,40,40,40,0.2954049002128275,40,40,40,607.3307599287584,40,40,40,0.23649934538373324,40,40,40
Commodity_Import/M,short,covariate_prediction,covariate_prediction,0.4149809889495373,False,,False,0.0,vanilla,"{""vanilla"": 1.0}",40.0,40.0,1.0,0.7956902926104922,0.2954049002128275,40,40,40,502.59704690774277,40,40,40,0.374500118785188,40,40,40,1.4590156952269822,40,40,40,1553826.9339495872,40,40,40,0.2954049002128275,40,40,40,607.3307599287584,40,40,40,0.23649934538373324,40,40,40
Commodity_Import/M,short,full_ridge_per_variate,full_ridge_per_variate,0.4149809889495373,False,,False,0.0,vanilla,"{""vanilla"": 1.0}",40.0,40.0,1.0,0.7956902926104922,0.2954049002128275,40,40,40,502.59704690774277,40,40,40,0.374500118785188,40,40,40,1.4590156952269822,40,40,40,1553826.9339495872,40,40,40,0.2954049002128275,40,40,40,607.3307599287584,40,40,40,0.23649934538373324,40,40,40
Commodity_Import/M,short,full_ridge_shared,full_ridge_shared,0.4149809889495373,False,,False,0.0,vanilla,"{""vanilla"": 1.0}",40.0,40.0,1.0,0.7956902926104922,0.2954049002128275,40,40,40,502.59704690774277,40,40,40,0.374500118785188,40,40,40,1.4590156952269822,40,40,40,1553826.9339495872,40,40,40,0.2954049002128275,40,40,40,607.3307599287584,40,40,40,0.23649934538373324,40,40,40
Commodity_Import/M,short,seasonal_naive,seasonal_naive,0.23737083096057177,False,,False,0.0,,,,,,1.0,0.3225613408533077,40,40,40,607.4800415794055,40,40,40,0.33739752112010846,40,40,40,1.8336477254740147,40,40,40,2012552.063402471,40,40,40,0.3002646397385146,40,40,40,731.288944281257,40,40,40,0.2585750400275083,40,40,40
Commodity_Import/M,short,selected_adaptation,selected_adaptation,0.4149809889495373,False,,False,0.0,vanilla,"{""vanilla"": 1.0}",40.0,40.0,1.0,0.7956902926104922,0.2954049002128275,40,40,40,502.59704690774277,40,40,40,0.374500118785188,40,40,40,1.4590156952269822,40,40,40,1553826.9339495872,40,40,40,0.2954049002128275,40,40,40,607.3307599287584,40,40,40,0.23649934538373324,40,40,40
Commodity_Import/M,short,tsrag,tsrag,0.4149809889495373,True,"{""code"": ""insufficient_global_datastore"", ""message"": ""global datastore requires at least 11 dates per variate; the least-covered variate has 0""}",False,0.0,,,,,,0.7956902926104922,0.2954049002128275,40,40,40,502.59704690774277,40,40,40,0.374500118785188,40,40,40,1.4590156952269822,40,40,40,1553826.9339495872,40,40,40,0.2954049002128275,40,40,40,607.3307599287584,40,40,40,0.23649934538373324,40,40,40
Commodity_Import/M,short,vanilla,vanilla,0.4149809889495373,False,,False,0.0,,,,,,0.7956902926104922,0.2954049002128275,40,40,40,502.59704690774277,40,40,40,0.374500118785188,40,40,40,1.4590156952269822,40,40,40,1553826.9339495872,40,40,40,0.2954049002128275,40,40,40,607.3307599287584,40,40,40,0.23649934538373324,40,40,40
Commodity_Import/M,short,y_ridge_shared,y_ridge_shared,0.4149809889495373,False,,False,0.0,vanilla,"{""vanilla"": 1.0}",40.0,40.0,1.0,0.7956902926104922,0.2954049002128275,40,40,40,502.59704690774277,40,40,40,0.374500118785188,40,40,40,1.4590156952269822,40,40,40,1553826.9339495872,40,40,40,0.2954049002128275,40,40,40,607.3307599287584,40,40,40,0.23649934538373324,40,40,40
Commodity_Production/M,short,bayes_covariate_prediction,bayes_covariate_prediction,1.6309412345290184,False,,False,0.0,vanilla,"{""vanilla"": 1.0}",160.0,160.0,1.0,0.7419419767692528,0.15718943832143556,160,160,160,65.79794792228593,160,160,160,0.20594103964569138,160,160,160,0.9052349729560767,160,160,160,58078.37486751032,160,160,160,0.15718943832143556,160,160,160,76.80300620554415,160,160,160,0.16379191956675082,160,160,160
Commodity_Production/M,short,bayes_past_targets_prediction,bayes_past_targets_prediction,1.6309412345290184,False,,False,0.0,vanilla,"{""vanilla"": 1.0}",160.0,160.0,1.0,0.7419419767692528,0.15718943832143556,160,160,160,65.79794792228593,160,160,160,0.20594103964569138,160,160,160,0.9052349729560767,160,160,160,58078.37486751032,160,160,160,0.15718943832143556,160,160,160,76.80300620554415,160,160,160,0.16379191956675082,160,160,160
Commodity_Production/M,short,cov_ridge_shared,cov_ridge_shared,1.6309412345290184,False,,False,0.0,vanilla,"{""vanilla"": 1.0}",160.0,160.0,1.0,0.7419419767692528,0.15718943832143556,160,160,160,65.79794792228593,160,160,160,0.20594103964569138,160,160,160,0.9052349729560767,160,160,160,58078.37486751032,160,160,160,0.15718943832143556,160,160,160,76.80300620554415,160,160,160,0.16379191956675082,160,160,160
Commodity_Production/M,short,covariate_prediction,covariate_prediction,1.6309412345290184,False,,False,0.0,vanilla,"{""vanilla"": 1.0}",160.0,160.0,1.0,0.7419419767692528,0.15718943832143556,160,160,160,65.79794792228593,160,160,160,0.20594103964569138,160,160,160,0.9052349729560767,160,160,160,58078.37486751032,160,160,160,0.15718943832143556,160,160,160,76.80300620554415,160,160,160,0.16379191956675082,160,160,160
Commodity_Production/M,short,full_ridge_per_variate,full_ridge_per_variate,1.6309412345290184,False,,False,0.0,vanilla,"{""vanilla"": 1.0}",160.0,160.0,1.0,0.7419419767692528,0.15718943832143556,160,160,160,65.79794792228593,160,160,160,0.20594103964569138,160,160,160,0.9052349729560767,160,160,160,58078.37486751032,160,160,160,0.15718943832143556,160,160,160,76.80300620554415,160,160,160,0.16379191956675082,160,160,160
Commodity_Production/M,short,full_ridge_shared,full_ridge_shared,1.6309412345290184,False,,False,0.0,vanilla,"{""vanilla"": 1.0}",160.0,160.0,1.0,0.7419419767692528,0.15718943832143556,160,160,160,65.79794792228593,160,160,160,0.20594103964569138,160,160,160,0.9052349729560767,160,160,160,58078.37486751032,160,160,160,0.15718943832143556,160,160,160,76.80300620554415,160,160,160,0.16379191956675082,160,160,160
Commodity_Production/M,short,seasonal_naive,seasonal_naive,0.6614465108141303,False,,False,0.0,,,,,,1.0,0.17463035626959034,160,160,160,79.64312976561875,160,160,160,0.26941470562116016,160,160,160,1.220088634016739,160,160,160,71632.88414759544,160,160,160,0.21253908424324036,160,160,160,92.24553243074199,160,160,160,0.21331414504035057,160,160,160
Commodity_Production/M,short,selected_adaptation,selected_adaptation,1.6309412345290184,False,,False,0.0,vanilla,"{""vanilla"": 1.0}",160.0,160.0,1.0,0.7419419767692528,0.15718943832143556,160,160,160,65.79794792228593,160,160,160,0.20594103964569138,160,160,160,0.9052349729560767,160,160,160,58078.37486751032,160,160,160,0.15718943832143556,160,160,160,76.80300620554415,160,160,160,0.16379191956675082,160,160,160
Commodity_Production/M,short,tsrag,tsrag,1.6309412345290184,True,"{""code"": ""insufficient_global_datastore"", ""message"": ""global datastore requires at least 11 dates per variate; the least-covered variate has 0""}",False,0.0,,,,,,0.7419419767692528,0.15718943832143556,160,160,160,65.79794792228593,160,160,160,0.20594103964569138,160,160,160,0.9052349729560767,160,160,160,58078.37486751032,160,160,160,0.15718943832143556,160,160,160,76.80300620554415,160,160,160,0.16379191956675082,160,160,160
Commodity_Production/M,short,vanilla,vanilla,1.6309412345290184,False,,False,0.0,,,,,,0.7419419767692528,0.15718943832143556,160,160,160,65.79794792228593,160,160,160,0.20594103964569138,160,160,160,0.9052349729560767,160,160,160,58078.37486751032,160,160,160,0.15718943832143556,160,160,160,76.80300620554415,160,160,160,0.16379191956675082,160,160,160
Commodity_Production/M,short,y_ridge_shared,y_ridge_shared,1.6309412345290184,False,,False,0.0,vanilla,"{""vanilla"": 1.0}",160.0,160.0,1.0,0.7419419767692528,0.15718943832143556,160,160,160,65.79794792228593,160,160,160,0.20594103964569138,160,160,160,0.9052349729560767,160,160,160,58078.37486751032,160,160,160,0.15718943832143556,160,160,160,76.80300620554415,160,160,160,0.16379191956675082,160,160,160
Crypto/D,short,bayes_covariate_prediction,bayes_covariate_prediction,0.12660796847194433,False,,False,0.0,vanilla,"{""vanilla"": 1.0}",36.0,36.0,1.0,1.0397347703239743,0.0945085325361152,36,36,36,1476.153512099937,36,36,36,0.09323376572345651,36,36,36,6.414715690906018,36,36,36,13407382.124447713,36,36,36,0.0945085325361152,36,36,36,1767.7680310060641,36,36,36,0.09353011120937967,36,36,36
Crypto/D,short,bayes_past_targets_prediction,bayes_past_targets_prediction,0.12660796847194433,False,,False,0.0,vanilla,"{""vanilla"": 1.0}",36.0,36.0,1.0,1.0397347703239743,0.0945085325361152,36,36,36,1476.153512099937,36,36,36,0.09323376572345651,36,36,36,6.414715690906018,36,36,36,13407382.124447713,36,36,36,0.0945085325361152,36,36,36,1767.7680310060641,36,36,36,0.09353011120937967,36,36,36
Crypto/D,short,cov_ridge_shared,cov_ridge_shared,0.12660796847194433,False,,False,0.0,vanilla,"{""vanilla"": 1.0}",36.0,36.0,1.0,1.0397347703239743,0.0945085325361152,36,36,36,1476.153512099937,36,36,36,0.09323376572345651,36,36,36,6.414715690906018,36,36,36,13407382.124447713,36,36,36,0.0945085325361152,36,36,36,1767.7680310060641,36,36,36,0.09353011120937967,36,36,36
Crypto/D,short,covariate_prediction,covariate_prediction,0.12660796847194433,False,,False,0.0,vanilla,"{""vanilla"": 1.0}",36.0,36.0,1.0,1.0397347703239743,0.0945085325361152,36,36,36,1476.153512099937,36,36,36,0.09323376572345651,36,36,36,6.414715690906018,36,36,36,13407382.124447713,36,36,36,0.0945085325361152,36,36,36,1767.7680310060641,36,36,36,0.09353011120937967,36,36,36
Crypto/D,short,full_ridge_per_variate,full_ridge_per_variate,0.12660796847194433,False,,False,0.0,vanilla,"{""vanilla"": 1.0}",36.0,36.0,1.0,1.0397347703239743,0.0945085325361152,36,36,36,1476.153512099937,36,36,36,0.09323376572345651,36,36,36,6.414715690906018,36,36,36,13407382.124447713,36,36,36,0.0945085325361152,36,36,36,1767.7680310060641,36,36,36,0.09353011120937967,36,36,36
Crypto/D,short,full_ridge_shared,full_ridge_shared,0.12660796847194433,False,,False,0.0,vanilla,"{""vanilla"": 1.0}",36.0,36.0,1.0,1.0397347703239743,0.0945085325361152,36,36,36,1476.153512099937,36,36,36,0.09323376572345651,36,36,36,6.414715690906018,36,36,36,13407382.124447713,36,36,36,0.0945085325361152,36,36,36,1767.7680310060641,36,36,36,0.09353011120937967,36,36,36
Crypto/D,short,seasonal_naive,seasonal_naive,0.13141694758087397,False,,False,0.0,,,,,,1.0,0.08313494051126924,36,36,36,1362.7787624005916,36,36,36,0.09146094301753345,36,36,36,6.169569272851417,36,36,36,11649881.859942183,36,36,36,0.09247882421514661,36,36,36,1615.0384108824305,36,36,36,0.09134949557058201,36,36,36
Crypto/D,short,selected_adaptation,selected_adaptation,0.12660796847194433,False,,False,0.0,vanilla,"{""vanilla"": 1.0}",36.0,36.0,1.0,1.0397347703239743,0.0945085325361152,36,36,36,1476.153512099937,36,36,36,0.09323376572345651,36,36,36,6.414715690906018,36,36,36,13407382.124447713,36,36,36,0.0945085325361152,36,36,36,1767.7680310060641,36,36,36,0.09353011120937967,36,36,36
Crypto/D,short,tsrag,tsrag,0.08801628835499287,False,,False,0.0,,,,,,1.1148974076515614,0.10567339001515758,36,36,36,1485.6415988286335,36,36,36,0.10409495470341645,36,36,36,6.878436788628774,36,36,36,11432970.471162837,36,36,36,0.10567339001515758,36,36,36,1721.6820368029294,36,36,36,0.10654763741703482,36,36,36
Crypto/D,short,vanilla,vanilla,0.12660796847194433,False,,False,0.0,,,,,,1.0397347703239743,0.0945085325361152,36,36,36,1476.153512099937,36,36,36,0.09323376572345651,36,36,36,6.414715690906018,36,36,36,13407382.124447713,36,36,36,0.0945085325361152,36,36,36,1767.7680310060641,36,36,36,0.09353011120937967,36,36,36
Crypto/D,short,y_ridge_shared,y_ridge_shared,0.12660796847194433,False,,False,0.0,vanilla,"{""vanilla"": 1.0}",36.0,36.0,1.0,1.0397347703239743,0.0945085325361152,36,36,36,1476.153512099937,36,36,36,0.09323376572345651,36,36,36,6.414715690906018,36,36,36,13407382.124447713,36,36,36,0.0945085325361152,36,36,36,1767.7680310060641,36,36,36,0.09353011120937967,36,36,36
ECDC_COVID/D,short,bayes_covariate_prediction,bayes_covariate_prediction,1.723537057172507,False,,False,0.0,cov_ridge_shared,"{""cov_ridge_shared"": 1.0}",45.0,45.0,1.0,0.9176934796794654,0.4029229656744438,45,45,45,122.22063530109547,45,45,45,0.5302898552765807,45,45,45,3.2510712169962535,45,45,45,50053.30063052206,45,45,45,0.4029229656744438,45,45,45,143.29373338545125,45,45,45,0.3390622629829843,45,45,45
ECDC_COVID/D,short,bayes_past_targets_prediction,bayes_past_targets_prediction,0.5791567657142878,False,,False,0.0,cov_ridge_shared,"{""cov_ridge_shared"": 1.0}",45.0,45.0,1.0,0.9176934796794654,0.4029229656744438,45,45,45,122.22063530109547,45,45,45,0.5302898552765807,45,45,45,3.2510712169962535,45,45,45,50053.30063052206,45,45,45,0.4029229656744438,45,45,45,143.29373338545125,45,45,45,0.3390622629829843,45,45,45
ECDC_COVID/D,short,cov_ridge_shared,cov_ridge_shared,1.7957414239645004,False,,False,0.0,cov_ridge_shared,"{""cov_ridge_shared"": 1.0}",5.0,45.0,0.1111111111111111,0.8837112486290386,0.38346173989148086,45,45,45,117.55711090211514,45,45,45,0.49987912072761553,45,45,45,3.130683902818161,45,45,45,46497.88816650286,45,45,45,0.38346173989148086,45,45,45,135.81409801573753,45,45,45,0.33891194143694503,45,45,45
ECDC_COVID/D,short,covariate_prediction,covariate_prediction,1.723537057172507,False,,False,0.0,cov_ridge_shared,"{""cov_ridge_shared"": 1.0}",5.0,45.0,0.1111111111111111,1.0832504387492798,0.43171617759096864,45,45,45,143.47037297001592,45,45,45,0.5690388342714425,45,45,45,3.837582373851479,45,45,45,74443.55039412699,45,45,45,0.43171617759096864,45,45,45,171.37741435786157,45,45,45,0.3518132904320721,45,45,45
ECDC_COVID/D,short,full_ridge_per_variate,full_ridge_per_variate,1.7957414239645004,False,,False,0.0,cov_ridge_shared,"{""cov_ridge_shared"": 1.0}",45.0,45.0,1.0,0.9176934796794654,0.4029229656744438,45,45,45,122.22063530109547,45,45,45,0.5302898552765807,45,45,45,3.2510712169962535,45,45,45,50053.30063052206,45,45,45,0.4029229656744438,45,45,45,143.29373338545125,45,45,45,0.3390622629829843,45,45,45
ECDC_COVID/D,short,full_ridge_shared,full_ridge_shared,1.7957414239645004,False,,False,0.0,cov_ridge_shared,"{""cov_ridge_shared"": 1.0}",5.0,45.0,0.1111111111111111,0.9064532873093029,0.3903429023619198,45,45,45,118.8775973474538,45,45,45,0.5114541036952441,45,45,45,3.211251095466241,45,45,45,47003.39068719932,45,45,45,0.3903429023619198,45,45,45,137.44800407893004,45,45,45,0.33714818450631173,45,45,45
ECDC_COVID/D,short,seasonal_naive,seasonal_naive,0.16327598877251148,False,,False,0.0,,,,,,1.0,0.6498368475247762,45,45,45,133.12814814814814,45,45,45,0.4966508501137875,45,45,45,3.5426548068444346,45,45,45,51539.04962962964,45,45,45,0.368697335449767,45,45,45,153.06618886714793,45,45,45,0.33777407953559335,45,45,45
ECDC_COVID/D,short,selected_adaptation,selected_adaptation,1.7957414239645004,False,,False,0.0,cov_ridge_shared,"{""cov_ridge_shared"": 1.0}",5.0,45.0,0.1111111111111111,0.8837112486290386,0.38346173989148086,45,45,45,117.55711090211514,45,45,45,0.49987912072761553,45,45,45,3.130683902818161,45,45,45,46497.88816650286,45,45,45,0.38346173989148086,45,45,45,135.81409801573753,45,45,45,0.33891194143694503,45,45,45
ECDC_COVID/D,short,tsrag,tsrag,0.5791567657142878,True,"{""code"": ""insufficient_global_datastore"", ""message"": ""global datastore requires at least 11 dates per variate; the least-covered variate has 0""}",False,0.0,,,,,,0.9176934796794654,0.4029229656744438,45,45,45,122.22063530109547,45,45,45,0.5302898552765807,45,45,45,3.2510712169962535,45,45,45,50053.30063052206,45,45,45,0.4029229656744438,45,45,45,143.29373338545125,45,45,45,0.3390622629829843,45,45,45
ECDC_COVID/D,short,vanilla,vanilla,0.5791567657142878,False,,False,0.0,,,,,,0.9176934796794654,0.4029229656744438,45,45,45,122.22063530109547,45,45,45,0.5302898552765807,45,45,45,3.2510712169962535,45,45,45,50053.30063052206,45,45,45,0.4029229656744438,45,45,45,143.29373338545125,45,45,45,0.3390622629829843,45,45,45
ECDC_COVID/D,short,y_ridge_shared,y_ridge_shared,1.7957414239645004,False,,False,0.0,cov_ridge_shared,"{""cov_ridge_shared"": 1.0}",5.0,45.0,0.1111111111111111,0.8910059856811966,0.3818428865269668,45,45,45,118.57277542233466,45,45,45,0.4973159012755477,45,45,45,3.1565266381006545,45,45,45,46981.960631842325,45,45,45,0.3818428865269668,45,45,45,137.17817880533374,45,45,45,0.33865818028153694,45,45,45
ECDC_COVID/W,short,bayes_covariate_prediction,bayes_covariate_prediction,0.7112710559740663,True,"{""code"": ""ridge_stage_failed"", ""error_type"": ""ValueError"", ""message"": ""cannot score empty ridge statistics"", ""stage"": ""fit""}",False,0.0,vanilla,"{""vanilla"": 1.0}",64.0,64.0,1.0,0.9468635441988273,0.6585358884543626,64,64,64,573.4415339589433,64,64,64,1.093090557670717,64,64,64,1.4613554223830325,64,64,64,2437815.854514617,64,64,64,0.6585358884543626,64,64,64,668.2329133809108,64,64,64,0.541850297822124,64,64,64
ECDC_COVID/W,short,bayes_past_targets_prediction,bayes_past_targets_prediction,0.7112710559740663,True,"{""code"": ""ridge_stage_failed"", ""error_type"": ""ValueError"", ""message"": ""cannot score empty ridge statistics"", ""stage"": ""fit""}",False,0.0,vanilla,"{""vanilla"": 1.0}",64.0,64.0,1.0,0.9468635441988273,0.6585358884543626,64,64,64,573.4415339589433,64,64,64,1.093090557670717,64,64,64,1.4613554223830325,64,64,64,2437815.854514617,64,64,64,0.6585358884543626,64,64,64,668.2329133809108,64,64,64,0.541850297822124,64,64,64
ECDC_COVID/W,short,cov_ridge_shared,cov_ridge_shared,0.7112710559740663,True,"{""code"": ""ridge_stage_failed"", ""error_type"": ""ValueError"", ""message"": ""cannot score empty ridge statistics"", ""stage"": ""fit""}",False,0.0,vanilla,"{""vanilla"": 1.0}",64.0,64.0,1.0,0.9468635441988273,0.6585358884543626,64,64,64,573.4415339589433,64,64,64,1.093090557670717,64,64,64,1.4613554223830325,64,64,64,2437815.854514617,64,64,64,0.6585358884543626,64,64,64,668.2329133809108,64,64,64,0.541850297822124,64,64,64
ECDC_COVID/W,short,covariate_prediction,covariate_prediction,0.7112710559740663,True,"{""code"": ""ridge_stage_failed"", ""error_type"": ""ValueError"", ""message"": ""cannot score empty ridge statistics"", ""stage"": ""fit""}",False,0.0,vanilla,"{""vanilla"": 1.0}",64.0,64.0,1.0,0.9468635441988273,0.6585358884543626,64,64,64,573.4415339589433,64,64,64,1.093090557670717,64,64,64,1.4613554223830325,64,64,64,2437815.854514617,64,64,64,0.6585358884543626,64,64,64,668.2329133809108,64,64,64,0.541850297822124,64,64,64
ECDC_COVID/W,short,full_ridge_per_variate,full_ridge_per_variate,0.7112710559740663,True,"{""code"": ""ridge_stage_failed"", ""error_type"": ""ValueError"", ""message"": ""cannot score empty ridge statistics"", ""stage"": ""fit""}",False,0.0,vanilla,"{""vanilla"": 1.0}",64.0,64.0,1.0,0.9468635441988273,0.6585358884543626,64,64,64,573.4415339589433,64,64,64,1.093090557670717,64,64,64,1.4613554223830325,64,64,64,2437815.854514617,64,64,64,0.6585358884543626,64,64,64,668.2329133809108,64,64,64,0.541850297822124,64,64,64
ECDC_COVID/W,short,full_ridge_shared,full_ridge_shared,0.7112710559740663,True,"{""code"": ""ridge_stage_failed"", ""error_type"": ""ValueError"", ""message"": ""cannot score empty ridge statistics"", ""stage"": ""fit""}",False,0.0,vanilla,"{""vanilla"": 1.0}",64.0,64.0,1.0,0.9468635441988273,0.6585358884543626,64,64,64,573.4415339589433,64,64,64,1.093090557670717,64,64,64,1.4613554223830325,64,64,64,2437815.854514617,64,64,64,0.6585358884543626,64,64,64,668.2329133809108,64,64,64,0.541850297822124,64,64,64
ECDC_COVID/W,short,seasonal_naive,seasonal_naive,0.24623477086424828,False,,False,0.0,,,,,,1.0,0.7837680707429975,64,64,64,638.826335605379,64,64,64,1.070553934733729,64,64,64,1.5433643330513203,64,64,64,3640247.6389866183,64,64,64,0.6362214647936733,64,64,64,723.5644345508257,64,64,64,0.5328050949781302,64,64,64
ECDC_COVID/W,short,selected_adaptation,selected_adaptation,0.7112710559740663,True,"{""code"": ""ridge_stage_failed"", ""error_type"": ""ValueError"", ""message"": ""cannot score empty ridge statistics"", ""stage"": ""fit""}",False,0.0,vanilla,"{""vanilla"": 1.0}",64.0,64.0,1.0,0.9468635441988273,0.6585358884543626,64,64,64,573.4415339589433,64,64,64,1.093090557670717,64,64,64,1.4613554223830325,64,64,64,2437815.854514617,64,64,64,0.6585358884543626,64,64,64,668.2329133809108,64,64,64,0.541850297822124,64,64,64
ECDC_COVID/W,short,tsrag,tsrag,0.7112710559740663,True,"{""code"": ""insufficient_global_datastore"", ""message"": ""global datastore requires at least 11 dates per variate; the least-covered variate has 0""}",False,0.0,,,,,,0.9468635441988273,0.6585358884543626,64,64,64,573.4415339589433,64,64,64,1.093090557670717,64,64,64,1.4613554223830325,64,64,64,2437815.854514617,64,64,64,0.6585358884543626,64,64,64,668.2329133809108,64,64,64,0.541850297822124,64,64,64
ECDC_COVID/W,short,vanilla,vanilla,0.7112710559740663,False,,False,0.0,,,,,,0.9468635441988273,0.6585358884543626,64,64,64,573.4415339589433,64,64,64,1.093090557670717,64,64,64,1.4613554223830325,64,64,64,2437815.854514617,64,64,64,0.6585358884543626,64,64,64,668.2329133809108,64,64,64,0.541850297822124,64,64,64
ECDC_COVID/W,short,y_ridge_shared,y_ridge_shared,0.7112710559740663,True,"{""code"": ""ridge_stage_failed"", ""error_type"": ""ValueError"", ""message"": ""cannot score empty ridge statistics"", ""stage"": ""fit""}",False,0.0,vanilla,"{""vanilla"": 1.0}",64.0,64.0,1.0,0.9468635441988273,0.6585358884543626,64,64,64,573.4415339589433,64,64,64,1.093090557670717,64,64,64,1.4613554223830325,64,64,64,2437815.854514617,64,64,64,0.6585358884543626,64,64,64,668.2329133809108,64,64,64,0.541850297822124,64,64,64
EWELD_Load/15T,long,bayes_covariate_prediction,bayes_covariate_prediction,1.8131727743893862,False,,False,0.0,bayes_past_targets_prediction,"{""bayes_past_targets_prediction"": 1.0}",20.0,20.0,1.0,0.7779420098488825,0.22796577855276387,20,20,20,15.111050563662625,20,20,20,0.3823781963367166,20,20,20,0.7570063801041875,20,20,20,1323.3334294279196,20,20,20,0.22796577855276387,20,20,20,21.0552916048615,20,20,20,0.3302443019402501,20,20,20
EWELD_Load/15T,long,bayes_past_targets_prediction,bayes_past_targets_prediction,1.092715653590858,False,,False,0.0,bayes_past_targets_prediction,"{""bayes_past_targets_prediction"": 1.0}",0.0,20.0,0.0,0.783556039790309,0.23026908227977883,20,20,20,15.10643141093387,20,20,20,0.3907006750360266,20,20,20,0.7624693277660335,20,20,20,1322.0392914476438,20,20,20,0.23026908227977883,20,20,20,21.044976765433002,20,20,20,0.33504078323544967,20,20,20
EWELD_Load/15T,long,cov_ridge_shared,cov_ridge_shared,2.0577815477736294,False,,False,0.0,bayes_past_targets_prediction,"{""bayes_past_targets_prediction"": 1.0}",20.0,20.0,1.0,0.7779420098488825,0.22796577855276387,20,20,20,15.111050563662625,20,20,20,0.3823781963367166,20,20,20,0.7570063801041875,20,20,20,1323.3334294279196,20,20,20,0.22796577855276387,20,20,20,21.0552916048615,20,20,20,0.3302443019402501,20,20,20
EWELD_Load/15T,long,covariate_prediction,covariate_prediction,1.8131099245510995,False,,False,0.0,bayes_past_targets_prediction,"{""bayes_past_targets_prediction"": 1.0}",0.0,20.0,0.0,0.7695550433580399,0.2376735408138715,20,20,20,14.94360974053852,20,20,20,0.39710390284135605,20,20,20,0.748845119929382,20,20,20,1302.4655382061778,20,20,20,0.2376735408138715,20,20,20,20.448390379951878,20,20,20,0.3353607778369642,20,20,20
EWELD_Load/15T,long,full_ridge_per_variate,full_ridge_per_variate,2.0577815477736294,False,,False,0.0,bayes_past_targets_prediction,"{""bayes_past_targets_prediction"": 1.0}",20.0,20.0,1.0,0.7779420098488825,0.22796577855276387,20,20,20,15.111050563662625,20,20,20,0.3823781963367166,20,20,20,0.7570063801041875,20,20,20,1323.3334294279196,20,20,20,0.22796577855276387,20,20,20,21.0552916048615,20,20,20,0.3302443019402501,20,20,20
EWELD_Load/15T,long,full_ridge_shared,full_ridge_shared,2.0577815477736294,False,,False,0.0,bayes_past_targets_prediction,"{""bayes_past_targets_prediction"": 1.0}",0.0,20.0,0.0,0.8330801786748926,0.25755811609002366,20,20,20,15.313028651745554,20,20,20,0.4506407533221851,20,20,20,0.8106606950275577,20,20,20,1312.4459948102487,20,20,20,0.25755811609002366,20,20,20,21.133033835095837,20,20,20,0.3526256454831455,20,20,20
EWELD_Load/15T,long,seasonal_naive,seasonal_naive,0.3245005141943693,False,,False,0.0,,,,,,1.0,0.39416719361511704,20,20,20,20.036384876091255,20,20,20,0.5875815507924141,20,20,20,0.9730884442803625,20,20,20,2574.7875817064833,20,20,20,0.3172328957711828,20,20,20,27.826087314269767,20,20,20,0.35200662006815014,20,20,20
EWELD_Load/15T,long,selected_adaptation,selected_adaptation,1.092715653590858,False,,False,0.0,bayes_past_targets_prediction,"{""bayes_past_targets_prediction"": 1.0}",0.0,20.0,0.0,0.783556039790309,0.23026908227977883,20,20,20,15.10643141093387,20,20,20,0.3907006750360266,20,20,20,0.7624693277660335,20,20,20,1322.0392914476438,20,20,20,0.23026908227977883,20,20,20,21.044976765433002,20,20,20,0.33504078323544967,20,20,20
EWELD_Load/15T,long,tsrag,tsrag,0.5946872010827065,False,,False,0.0,,,,,,0.8842204793772325,0.27136116164810786,20,20,20,16.69216505153814,20,20,20,0.5908617116973953,20,20,20,0.8604247306780275,20,20,20,1439.655050580944,20,20,20,0.27136116164810786,20,20,20,21.94691643327558,20,20,20,0.3950369908061643,20,20,20
EWELD_Load/15T,long,vanilla,vanilla,0.08924008160829544,False,,False,0.0,,,,,,0.7779420098488825,0.22796577855276387,20,20,20,15.111050563662625,20,20,20,0.3823781963367166,20,20,20,0.7570063801041875,20,20,20,1323.3334294279196,20,20,20,0.22796577855276387,20,20,20,21.0552916048615,20,20,20,0.3302443019402501,20,20,20
EWELD_Load/15T,long,y_ridge_shared,y_ridge_shared,2.0577815477736294,False,,False,0.0,bayes_past_targets_prediction,"{""bayes_past_targets_prediction"": 1.0}",0.0,20.0,0.0,0.8296884577017408,0.25449136544583595,20,20,20,15.285237948306838,20,20,20,0.45628544919052255,20,20,20,0.8073602505423603,20,20,20,1308.3610728360704,20,20,20,0.25449136544583595,20,20,20,21.082732514295845,20,20,20,0.3477502129469975,20,20,20
EWELD_Load/15T,medium,bayes_covariate_prediction,bayes_covariate_prediction,2.227772807702422,False,,False,0.0,bayes_past_targets_prediction,"{""bayes_past_targets_prediction"": 1.0}",0.0,140.0,0.0,0.6974857931511053,0.2133644379911138,140,140,140,13.867279020481233,140,140,140,0.3657242743126702,140,140,140,0.6352341213524156,140,140,140,1190.7715705920648,140,140,140,0.2133644379911138,140,140,140,18.888855415843715,140,140,140,0.3014641319268749,140,140,140
EWELD_Load/15T,medium,bayes_past_targets_prediction,bayes_past_targets_prediction,7.525475361850113,False,,False,0.0,bayes_past_targets_prediction,"{""bayes_past_targets_prediction"": 1.0}",0.0,140.0,0.0,0.7042915398250613,0.21495986189763616,140,140,140,14.10024455190713,140,140,140,0.37823868974040026,140,140,140,0.6414324447462816,140,140,140,1211.558256638228,140,140,140,0.21495986189763616,140,140,140,19.087734925337898,140,140,140,0.30389008631837117,140,140,140
EWELD_Load/15T,medium,cov_ridge_shared,cov_ridge_shared,3.109525991138071,False,,False,0.0,bayes_past_targets_prediction,"{""bayes_past_targets_prediction"": 1.0}",140.0,140.0,1.0,0.7003604910540497,0.21443874502549345,140,140,140,13.960417258052068,140,140,140,0.36899148769466017,140,140,140,0.6378522480790986,140,140,140,1200.0988204809437,140,140,140,0.21443874502549345,140,140,140,19.004161864235947,140,140,140,0.30300369085936174,140,140,140
EWELD_Load/15T,medium,covariate_prediction,covariate_prediction,2.227681915741414,False,,False,0.0,bayes_past_targets_prediction,"{""bayes_past_targets_prediction"": 1.0}",0.0,140.0,0.0,0.7060740730692905,0.21585151909686867,140,140,140,13.950296186959548,140,140,140,0.36686579268892744,140,140,140,0.6430558841773039,140,140,140,1199.6712537855185,140,140,140,0.21585151909686867,140,140,140,18.983172992693824,140,140,140,0.3039044780394238,140,140,140
EWELD_Load/15T,medium,full_ridge_per_variate,full_ridge_per_variate,3.109525991138071,False,,False,0.0,bayes_past_targets_prediction,"{""bayes_past_targets_prediction"": 1.0}",140.0,140.0,1.0,0.7003604910540497,0.21443874502549345,140,140,140,13.960417258052068,140,140,140,0.36899148769466017,140,140,140,0.6378522480790986,140,140,140,1200.0988204809437,140,140,140,0.21443874502549345,140,140,140,19.004161864235947,140,140,140,0.30300369085936174,140,140,140
EWELD_Load/15T,medium,full_ridge_shared,full_ridge_shared,3.109525991138071,False,,False,0.0,bayes_past_targets_prediction,"{""bayes_past_targets_prediction"": 1.0}",140.0,140.0,1.0,0.7003604910540497,0.21443874502549345,140,140,140,13.960417258052068,140,140,140,0.36899148769466017,140,140,140,0.6378522480790986,140,140,140,1200.0988204809437,140,140,140,0.21443874502549345,140,140,140,19.004161864235947,140,140,140,0.30300369085936174,140,140,140
EWELD_Load/15T,medium,seasonal_naive,seasonal_naive,0.8178674932569265,False,,False,0.0,,,,,,1.0,0.3193347151694834,140,140,140,19.35572506543692,140,140,140,0.6210902699625874,140,140,140,0.9107484734313388,140,140,140,2308.937284477243,140,140,140,0.32999697314715165,140,140,140,26.42584701736692,140,140,140,0.33522058290035,140,140,140
EWELD_Load/15T,medium,selected_adaptation,selected_adaptation,7.525475361850113,False,,False,0.0,bayes_past_targets_prediction,"{""bayes_past_targets_prediction"": 1.0}",0.0,140.0,0.0,0.7042915398250613,0.21495986189763616,140,140,140,14.10024455190713,140,140,140,0.37823868974040026,140,140,140,0.6414324447462816,140,140,140,1211.558256638228,140,140,140,0.21495986189763616,140,140,140,19.087734925337898,140,140,140,0.30389008631837117,140,140,140
EWELD_Load/15T,medium,tsrag,tsrag,0.5864648073911667,False,,False,0.0,,,,,,0.8178422359862966,0.24637640977317932,140,140,140,16.225571192936265,140,140,140,0.45261057227782897,140,140,140,0.7448485679321923,140,140,140,1535.7548570158037,140,140,140,0.24637640977317932,140,140,140,21.22557838800488,140,140,140,0.3482806600326909,140,140,140
EWELD_Load/15T,medium,vanilla,vanilla,0.6234430130571127,False,,False,0.0,,,,,,0.7003604910540497,0.21443874502549345,140,140,140,13.960417258052068,140,140,140,0.36899148769466017,140,140,140,0.6378522480790986,140,140,140,1200.0988204809437,140,140,140,0.21443874502549345,140,140,140,19.004161864235947,140,140,140,0.30300369085936174,140,140,140
EWELD_Load/15T,medium,y_ridge_shared,y_ridge_shared,3.109525991138071,False,,False,0.0,bayes_past_targets_prediction,"{""bayes_past_targets_prediction"": 1.0}",140.0,140.0,1.0,0.7003604910540497,0.21443874502549345,140,140,140,13.960417258052068,140,140,140,0.36899148769466017,140,140,140,0.6378522480790986,140,140,140,1200.0988204809437,140,140,140,0.21443874502549345,140,140,140,19.004161864235947,140,140,140,0.30300369085936174,140,140,140
EWELD_Load/15T,short,bayes_covariate_prediction,bayes_covariate_prediction,2.5453009251505136,False,,False,0.0,bayes_past_targets_prediction,"{""bayes_past_targets_prediction"": 1.0}",560.0,560.0,1.0,0.5855899128685913,0.3333459938360841,560,560,560,12.498335043148005,560,560,560,0.323774710479291,560,560,560,0.5334183484643793,560,560,560,1113.620725529434,560,560,560,0.3333459938360841,560,560,560,16.005388549436812,560,560,560,0.276482151715881,560,560,560
EWELD_Load/15T,short,bayes_past_targets_prediction,bayes_past_targets_prediction,30.11306323343888,False,,False,0.0,bayes_past_targets_prediction,"{""bayes_past_targets_prediction"": 1.0}",0.0,560.0,0.0,0.5869304670967845,0.32723561520575645,560,560,560,12.566554377753622,560,560,560,0.33157043763351296,560,560,560,0.5346394696051566,560,560,560,1114.2037858851993,560,560,560,0.32723561520575645,560,560,560,16.042079164588515,560,560,560,0.27860125724645307,560,560,560
EWELD_Load/15T,short,cov_ridge_shared,cov_ridge_shared,2.545217334292829,False,,False,0.0,bayes_past_targets_prediction,"{""bayes_past_targets_prediction"": 1.0}",560.0,560.0,1.0,0.5855899128685913,0.3333459938360841,560,560,560,12.498335043148005,560,560,560,0.323774710479291,560,560,560,0.5334183484643793,560,560,560,1113.620725529434,560,560,560,0.3333459938360841,560,560,560,16.005388549436812,560,560,560,0.276482151715881,560,560,560
EWELD_Load/15T,short,covariate_prediction,covariate_prediction,2.545217334292829,False,,False,0.0,bayes_past_targets_prediction,"{""bayes_past_targets_prediction"": 1.0}",560.0,560.0,1.0,0.5855899128685913,0.3333459938360841,560,560,560,12.498335043148005,560,560,560,0.323774710479291,560,560,560,0.5334183484643793,560,560,560,1113.620725529434,560,560,560,0.3333459938360841,560,560,560,16.005388549436812,560,560,560,0.276482151715881,560,560,560
EWELD_Load/15T,short,full_ridge_per_variate,full_ridge_per_variate,2.545217334292829,False,,False,0.0,bayes_past_targets_prediction,"{""bayes_past_targets_prediction"": 1.0}",560.0,560.0,1.0,0.5855899128685913,0.3333459938360841,560,560,560,12.498335043148005,560,560,560,0.323774710479291,560,560,560,0.5334183484643793,560,560,560,1113.620725529434,560,560,560,0.3333459938360841,560,560,560,16.005388549436812,560,560,560,0.276482151715881,560,560,560
EWELD_Load/15T,short,full_ridge_shared,full_ridge_shared,2.545217334292829,False,,False,0.0,bayes_past_targets_prediction,"{""bayes_past_targets_prediction"": 1.0}",560.0,560.0,1.0,0.5855899128685913,0.3333459938360841,560,560,560,12.498335043148005,560,560,560,0.323774710479291,560,560,560,0.5334183484643793,560,560,560,1113.620725529434,560,560,560,0.3333459938360841,560,560,560,16.005388549436812,560,560,560,0.276482151715881,560,560,560
EWELD_Load/15T,short,seasonal_naive,seasonal_naive,2.7549216523766518,False,,False,0.0,,,,,,1.0,2.3852734655532606,560,560,560,19.35572506543692,560,560,560,0.6644042597801103,560,560,560,0.9109076791493171,560,560,560,2308.937284477243,560,560,560,0.8026861245459447,560,560,560,24.355786450506166,560,560,560,0.33522058290035,560,560,560
EWELD_Load/15T,short,selected_adaptation,selected_adaptation,30.11306323343888,False,,False,0.0,bayes_past_targets_prediction,"{""bayes_past_targets_prediction"": 1.0}",0.0,560.0,0.0,0.5869304670967845,0.32723561520575645,560,560,560,12.566554377753622,560,560,560,0.33157043763351296,560,560,560,0.5346394696051566,560,560,560,1114.2037858851993,560,560,560,0.32723561520575645,560,560,560,16.042079164588515,560,560,560,0.27860125724645307,560,560,560
EWELD_Load/15T,short,tsrag,tsrag,2.545217334292829,True,"{""code"": ""insufficient_global_datastore"", ""message"": ""global datastore requires at least 11 dates per variate; the least-covered variate has 0""}",False,0.0,,,,,,0.5855899128685913,0.3333459938360841,560,560,560,12.498335043148005,560,560,560,0.323774710479291,560,560,560,0.5334183484643793,560,560,560,1113.620725529434,560,560,560,0.3333459938360841,560,560,560,16.005388549436812,560,560,560,0.276482151715881,560,560,560
EWELD_Load/15T,short,vanilla,vanilla,2.545217334292829,False,,False,0.0,,,,,,0.5855899128685913,0.3333459938360841,560,560,560,12.498335043148005,560,560,560,0.323774710479291,560,560,560,0.5334183484643793,560,560,560,1113.620725529434,560,560,560,0.3333459938360841,560,560,560,16.005388549436812,560,560,560,0.276482151715881,560,560,560
EWELD_Load/15T,short,y_ridge_shared,y_ridge_shared,2.545217334292829,False,,False,0.0,bayes_past_targets_prediction,"{""bayes_past_targets_prediction"": 1.0}",560.0,560.0,1.0,0.5855899128685913,0.3333459938360841,560,560,560,12.498335043148005,560,560,560,0.323774710479291,560,560,560,0.5334183484643793,560,560,560,1113.620725529434,560,560,560,0.3333459938360841,560,560,560,16.005388549436812,560,560,560,0.276482151715881,560,560,560
Finland_Traffic/15T,long,bayes_covariate_prediction,bayes_covariate_prediction,0.44959130603820086,False,,False,0.0,full_ridge_per_variate,"{""full_ridge_per_variate"": 1.0}",0.0,4.0,0.0,0.6326217403121551,0.18877250223221723,4,4,4,24.392559331797415,4,4,4,0.3693191008330218,4,4,4,0.591894569908999,4,4,4,1806.5464228673525,4,4,4,0.18877250223221723,4,4,4,38.7322505679153,4,4,4,0.23211414969539962,4,4,4
Finland_Traffic/15T,long,bayes_past_targets_prediction,bayes_past_targets_prediction,0.02577646216377616,False,,False,0.0,full_ridge_per_variate,"{""full_ridge_per_variate"": 1.0}",4.0,4.0,1.0,0.6334165647741988,0.18906701311483226,4,4,4,24.423499212378545,4,4,4,0.3722354115602905,4,4,4,0.592638224850232,4,4,4,1830.3234995740288,4,4,4,0.18906701311483226,4,4,4,38.66784972988518,4,4,4,0.23293730070743984,4,4,4
Finland_Traffic/15T,long,cov_ridge_shared,cov_ridge_shared,0.5409705974161625,False,,False,0.0,full_ridge_per_variate,"{""full_ridge_per_variate"": 1.0}",4.0,4.0,1.0,0.6334165647741988,0.18906701311483226,4,4,4,24.423499212378545,4,4,4,0.3722354115602905,4,4,4,0.592638224850232,4,4,4,1830.3234995740288,4,4,4,0.18906701311483226,4,4,4,38.66784972988518,4,4,4,0.23293730070743984,4,4,4
Finland_Traffic/15T,long,covariate_prediction,covariate_prediction,0.44956996524706483,False,,False,0.0,full_ridge_per_variate,"{""full_ridge_per_variate"": 1.0}",0.0,4.0,0.0,0.6579829609345835,0.19610556373646318,4,4,4,25.37280632484527,4,4,4,0.37217517138474715,4,4,4,0.615623075927892,4,4,4,1940.890634217325,4,4,4,0.19610556373646318,4,4,4,40.71378984521823,4,4,4,0.23791075362036984,4,4,4
Finland_Traffic/15T,long,full_ridge_per_variate,full_ridge_per_variate,0.5409705974161625,False,,False,0.0,full_ridge_per_variate,"{""full_ridge_per_variate"": 1.0}",0.0,4.0,0.0,0.6638966944321534,0.19820718130189374,4,4,4,25.59842399507761,4,4,4,0.39882136472299917,4,4,4,0.621156092772007,4,4,4,2008.0577058243132,4,4,4,0.19820718130189374,4,4,4,40.11677211849178,4,4,4,0.24013528128064288,4,4,4
Finland_Traffic/15T,long,full_ridge_shared,full_ridge_shared,0.5409705974161625,False,,False,0.0,full_ridge_per_variate,"{""full_ridge_per_variate"": 1.0}",0.0,4.0,0.0,0.6638966944321534,0.19820718130189374,4,4,4,25.59842399507761,4,4,4,0.39882136472299917,4,4,4,0.621156092772007,4,4,4,2008.0577058243132,4,4,4,0.19820718130189374,4,4,4,40.11677211849178,4,4,4,0.24013528128064288,4,4,4
Finland_Traffic/15T,long,seasonal_naive,seasonal_naive,0.06827850919216871,False,,False,0.0,,,,,,1.0,0.3423260470833873,4,4,4,38.635416666666664,4,4,4,0.3717113747774648,4,4,4,0.9356216079721509,4,4,4,3411.307291666667,4,4,4,0.2936986250838565,4,4,4,57.74929850152071,4,4,4,0.3529140130781168,4,4,4
Finland_Traffic/15T,long,selected_adaptation,selected_adaptation,0.5409705974161625,False,,False,0.0,full_ridge_per_variate,"{""full_ridge_per_variate"": 1.0}",0.0,4.0,0.0,0.6638966944321534,0.19820718130189374,4,4,4,25.59842399507761,4,4,4,0.39882136472299917,4,4,4,0.621156092772007,4,4,4,2008.0577058243132,4,4,4,0.19820718130189374,4,4,4,40.11677211849178,4,4,4,0.24013528128064288,4,4,4
Finland_Traffic/15T,long,tsrag,tsrag,0.2987101227045059,False,,False,0.0,,,,,,0.8252426890289918,0.24396291442892243,4,4,4,31.85824362011183,4,4,4,0.42649629045050585,4,4,4,0.772114891676567,4,4,4,2224.2450587546964,4,4,4,0.24396291442892243,4,4,4,46.943881586900176,4,4,4,0.2994234404763642,4,4,4
Finland_Traffic/15T,long,vanilla,vanilla,0.025755121372640133,False,,False,0.0,,,,,,0.6334165647741988,0.18906701311483226,4,4,4,24.423499212378545,4,4,4,0.3722354115602905,4,4,4,0.592638224850232,4,4,4,1830.3234995740288,4,4,4,0.18906701311483226,4,4,4,38.66784972988518,4,4,4,0.23293730070743984,4,4,4
Finland_Traffic/15T,long,y_ridge_shared,y_ridge_shared,0.5409705974161625,False,,False,0.0,full_ridge_per_variate,"{""full_ridge_per_variate"": 1.0}",0.0,4.0,0.0,0.6599882504594182,0.19732858279151266,4,4,4,25.440400753702438,4,4,4,0.38484671352882255,4,4,4,0.6174992681375675,4,4,4,1954.7411789939827,4,4,4,0.19732858279151266,4,4,4,39.58778043836419,4,4,4,0.23678306468998003,4,4,4
Finland_Traffic/15T,medium,bayes_covariate_prediction,bayes_covariate_prediction,1.0316318683326244,False,,False,0.0,full_ridge_per_variate,"{""full_ridge_per_variate"": 1.0}",0.0,31.0,0.0,0.6704213709849726,0.17406201688845468,31,31,31,21.559762827491245,31,31,31,0.279123343396141,31,31,31,0.5242535874827735,31,31,31,1299.5803469088212,31,31,31,0.17406201688845468,31,31,31,30.48785561568002,31,31,31,0.21208086197566128,31,31,31
Finland_Traffic/15T,medium,bayes_past_targets_prediction,bayes_past_targets_prediction,0.13099906779825687,False,,False,0.0,full_ridge_per_variate,"{""full_ridge_per_variate"": 1.0}",31.0,31.0,1.0,0.6852007725977055,0.1781646694407519,31,31,31,22.036227874858408,31,31,31,0.3024467653454347,31,31,31,0.535810728486409,31,31,31,1455.013466950967,31,31,31,0.1781646694407519,31,31,31,30.93163185080367,31,31,31,0.2170720208253297,31,31,31
Finland_Traffic/15T,medium,cov_ridge_shared,cov_ridge_shared,1.7332429722882807,False,,False,0.0,full_ridge_per_variate,"{""full_ridge_per_variate"": 1.0}",31.0,31.0,1.0,0.6852007725977055,0.1781646694407519,31,31,31,22.036227874858408,31,31,31,0.3024467653454347,31,31,31,0.535810728486409,31,31,31,1455.013466950967,31,31,31,0.1781646694407519,31,31,31,30.93163185080367,31,31,31,0.2170720208253297,31,31,31
Finland_Traffic/15T,medium,covariate_prediction,covariate_prediction,1.0316139673814178,False,,False,0.0,full_ridge_per_variate,"{""full_ridge_per_variate"": 1.0}",0.0,31.0,0.0,0.6697330702512827,0.17353338204040597,31,31,31,21.536502081860778,31,31,31,0.26296233583019707,31,31,31,0.5237153526583469,31,31,31,1279.9770306519513,31,31,31,0.17353338204040597,31,31,31,30.872721685757494,31,31,31,0.2086314260228333,31,31,31
Finland_Traffic/15T,medium,full_ridge_per_variate,full_ridge_per_variate,1.7332429722882807,False,,False,0.0,full_ridge_per_variate,"{""full_ridge_per_variate"": 1.0}",0.0,31.0,0.0,0.6843030570737779,0.1790674070312932,31,31,31,22.001040904432212,31,31,31,0.3103136437180445,31,31,31,0.5351087362702799,31,31,31,1398.5635493434636,31,31,31,0.1790674070312932,31,31,31,30.71923797769754,31,31,31,0.21687948683275718,31,31,31
Finland_Traffic/15T,medium,full_ridge_shared,full_ridge_shared,1.7332429722882807,False,,False,0.0,full_ridge_per_variate,"{""full_ridge_per_variate"": 1.0}",0.0,31.0,0.0,0.6843030570737779,0.1790674070312932,31,31,31,22.001040904432212,31,31,31,0.3103136437180445,31,31,31,0.5351087362702799,31,31,31,1398.5635493434636,31,31,31,0.1790674070312932,31,31,31,30.71923797769754,31,31,31,0.21687948683275718,31,31,31
Finland_Traffic/15T,medium,seasonal_naive,seasonal_naive,0.20476613473147154,False,,False,0.0,,,,,,1.0,0.2443994762123465,31,31,31,32.19825268817204,31,31,31,0.3632680632859534,31,31,31,0.7819762468379376,31,31,31,2599.3568548387098,31,31,31,0.2576768070568873,31,31,31,45.063844455702665,31,31,31,0.311264257316669,31,31,31
Finland_Traffic/15T,medium,selected_adaptation,selected_adaptation,1.7332429722882807,False,,False,0.0,full_ridge_per_variate,"{""full_ridge_per_variate"": 1.0}",0.0,31.0,0.0,0.6843030570737779,0.1790674070312932,31,31,31,22.001040904432212,31,31,31,0.3103136437180445,31,31,31,0.5351087362702799,31,31,31,1398.5635493434636,31,31,31,0.1790674070312932,31,31,31,30.71923797769754,31,31,31,0.21687948683275718,31,31,31
Finland_Traffic/15T,medium,tsrag,tsrag,0.16069740615785122,False,,False,0.0,,,,,,0.9984596090286402,0.2558989327312352,31,31,31,32.15051545891711,31,31,31,0.3597431288982892,31,31,31,0.7807716976874907,31,31,31,2470.27610128575,31,31,31,0.2558989327312352,31,31,31,45.14979907259879,31,31,31,0.2920393018774703,31,31,31
Finland_Traffic/15T,medium,vanilla,vanilla,0.1309811668470502,False,,False,0.0,,,,,,0.6852007725977055,0.1781646694407519,31,31,31,22.036227874858408,31,31,31,0.3024467653454347,31,31,31,0.535810728486409,31,31,31,1455.013466950967,31,31,31,0.1781646694407519,31,31,31,30.93163185080367,31,31,31,0.2170720208253297,31,31,31
Finland_Traffic/15T,medium,y_ridge_shared,y_ridge_shared,1.7332429722882807,False,,False,0.0,full_ridge_per_variate,"{""full_ridge_per_variate"": 1.0}",0.0,31.0,0.0,0.6807954259510283,0.17825682138862137,31,31,31,21.88727931502045,31,31,31,0.31091522049880294,31,31,31,0.5323658520496202,31,31,31,1393.165618447317,31,31,31,0.17825682138862137,31,31,31,30.546913878687306,31,31,31,0.2163549826960208,31,31,31
Finland_Traffic/15T,short,bayes_covariate_prediction,bayes_covariate_prediction,0.8476348593831062,False,,False,0.0,vanilla,"{""vanilla"": 1.0}",186.0,186.0,1.0,0.5142180036405098,0.23141617164141734,186,186,186,16.535216108445198,186,186,186,0.26124266701758,186,186,186,0.40220359009861334,186,186,186,835.9956307824929,186,186,186,0.23141617164141734,186,186,186,20.303570317372735,186,186,186,0.18482545639751638,186,186,186
Finland_Traffic/15T,short,bayes_past_targets_prediction,bayes_past_targets_prediction,0.8476348593831062,False,,False,0.0,vanilla,"{""vanilla"": 1.0}",186.0,186.0,1.0,0.5142180036405098,0.23141617164141734,186,186,186,16.535216108445198,186,186,186,0.26124266701758,186,186,186,0.40220359009861334,186,186,186,835.9956307824929,186,186,186,0.23141617164141734,186,186,186,20.303570317372735,186,186,186,0.18482545639751638,186,186,186
Finland_Traffic/15T,short,cov_ridge_shared,cov_ridge_shared,0.8476348593831062,False,,False,0.0,vanilla,"{""vanilla"": 1.0}",186.0,186.0,1.0,0.5142180036405098,0.23141617164141734,186,186,186,16.535216108445198,186,186,186,0.26124266701758,186,186,186,0.40220359009861334,186,186,186,835.9956307824929,186,186,186,0.23141617164141734,186,186,186,20.303570317372735,186,186,186,0.18482545639751638,186,186,186
Finland_Traffic/15T,short,covariate_prediction,covariate_prediction,0.8476348593831062,False,,False,0.0,vanilla,"{""vanilla"": 1.0}",186.0,186.0,1.0,0.5142180036405098,0.23141617164141734,186,186,186,16.535216108445198,186,186,186,0.26124266701758,186,186,186,0.40220359009861334,186,186,186,835.9956307824929,186,186,186,0.23141617164141734,186,186,186,20.303570317372735,186,186,186,0.18482545639751638,186,186,186
Finland_Traffic/15T,short,full_ridge_per_variate,full_ridge_per_variate,0.8476348593831062,False,,False,0.0,vanilla,"{""vanilla"": 1.0}",186.0,186.0,1.0,0.5142180036405098,0.23141617164141734,186,186,186,16.535216108445198,186,186,186,0.26124266701758,186,186,186,0.40220359009861334,186,186,186,835.9956307824929,186,186,186,0.23141617164141734,186,186,186,20.303570317372735,186,186,186,0.18482545639751638,186,186,186
Finland_Traffic/15T,short,full_ridge_shared,full_ridge_shared,0.8476348593831062,False,,False,0.0,vanilla,"{""vanilla"": 1.0}",186.0,186.0,1.0,0.5142180036405098,0.23141617164141734,186,186,186,16.535216108445198,186,186,186,0.26124266701758,186,186,186,0.40220359009861334,186,186,186,835.9956307824929,186,186,186,0.23141617164141734,186,186,186,20.303570317372735,186,186,186,0.18482545639751638,186,186,186
Finland_Traffic/15T,short,seasonal_naive,seasonal_naive,0.952554508112371,False,,False,0.0,,,,,,1.0,0.5039347762699932,186,186,186,32.19825268817204,186,186,186,0.3632680632859534,186,186,186,0.7821655158923493,186,186,186,2599.3568548387098,186,186,186,0.33386710782418816,186,186,186,37.860699089507484,186,186,186,0.31126425731666896,186,186,186
Finland_Traffic/15T,short,selected_adaptation,selected_adaptation,0.8476348593831062,False,,False,0.0,vanilla,"{""vanilla"": 1.0}",186.0,186.0,1.0,0.5142180036405098,0.23141617164141734,186,186,186,16.535216108445198,186,186,186,0.26124266701758,186,186,186,0.40220359009861334,186,186,186,835.9956307824929,186,186,186,0.23141617164141734,186,186,186,20.303570317372735,186,186,186,0.18482545639751638,186,186,186
Finland_Traffic/15T,short,tsrag,tsrag,0.8476348593831062,True,"{""code"": ""insufficient_global_datastore"", ""message"": ""global datastore requires at least 11 dates per variate; the least-covered variate has 0""}",False,0.0,,,,,,0.5142180036405098,0.23141617164141734,186,186,186,16.535216108445198,186,186,186,0.26124266701758,186,186,186,0.40220359009861334,186,186,186,835.9956307824929,186,186,186,0.23141617164141734,186,186,186,20.303570317372735,186,186,186,0.18482545639751638,186,186,186
Finland_Traffic/15T,short,vanilla,vanilla,0.8476348593831062,False,,False,0.0,,,,,,0.5142180036405098,0.23141617164141734,186,186,186,16.535216108445198,186,186,186,0.26124266701758,186,186,186,0.40220359009861334,186,186,186,835.9956307824929,186,186,186,0.23141617164141734,186,186,186,20.303570317372735,186,186,186,0.18482545639751638,186,186,186
Finland_Traffic/15T,short,y_ridge_shared,y_ridge_shared,0.8476348593831062,False,,False,0.0,vanilla,"{""vanilla"": 1.0}",186.0,186.0,1.0,0.5142180036405098,0.23141617164141734,186,186,186,16.535216108445198,186,186,186,0.26124266701758,186,186,186,0.40220359009861334,186,186,186,835.9956307824929,186,186,186,0.23141617164141734,186,186,186,20.303570317372735,186,186,186,0.18482545639751638,186,186,186
Global_Influenza/W,short,bayes_covariate_prediction,bayes_covariate_prediction,0.3376105958595872,True,"{""code"": ""ridge_stage_failed"", ""error_type"": ""ValueError"", ""message"": ""cannot score empty ridge statistics"", ""stage"": ""fit""}",False,0.0,vanilla,"{""vanilla"": 1.0}",237.0,237.0,1.0,0.6388191467686143,0.46117520938317813,237,237,240,440.60130950240455,237,237,240,0.621917347795487,237,237,240,2.7027384509894463,237,237,240,2518066.9034669804,237,237,240,0.46117520938317813,237,237,240,557.9440607849058,237,237,240,0.461039982766648,237,237,240
Global_Influenza/W,short,bayes_past_targets_prediction,bayes_past_targets_prediction,0.3376105958595872,True,"{""code"": ""ridge_stage_failed"", ""error_type"": ""ValueError"", ""message"": ""cannot score empty ridge statistics"", ""stage"": ""fit""}",False,0.0,vanilla,"{""vanilla"": 1.0}",237.0,237.0,1.0,0.6388191467686143,0.46117520938317813,237,237,240,440.60130950240455,237,237,240,0.621917347795487,237,237,240,2.7027384509894463,237,237,240,2518066.9034669804,237,237,240,0.46117520938317813,237,237,240,557.9440607849058,237,237,240,0.461039982766648,237,237,240
Global_Influenza/W,short,cov_ridge_shared,cov_ridge_shared,0.3376105958595872,True,"{""code"": ""ridge_stage_failed"", ""error_type"": ""ValueError"", ""message"": ""cannot score empty ridge statistics"", ""stage"": ""fit""}",False,0.0,vanilla,"{""vanilla"": 1.0}",237.0,237.0,1.0,0.6388191467686143,0.46117520938317813,237,237,240,440.60130950240455,237,237,240,0.621917347795487,237,237,240,2.7027384509894463,237,237,240,2518066.9034669804,237,237,240,0.46117520938317813,237,237,240,557.9440607849058,237,237,240,0.461039982766648,237,237,240
Global_Influenza/W,short,covariate_prediction,covariate_prediction,0.3376105958595872,True,"{""code"": ""ridge_stage_failed"", ""error_type"": ""ValueError"", ""message"": ""cannot score empty ridge statistics"", ""stage"": ""fit""}",False,0.0,vanilla,"{""vanilla"": 1.0}",237.0,237.0,1.0,0.6388191467686143,0.46117520938317813,237,237,240,440.60130950240455,237,237,240,0.621917347795487,237,237,240,2.7027384509894463,237,237,240,2518066.9034669804,237,237,240,0.46117520938317813,237,237,240,557.9440607849058,237,237,240,0.461039982766648,237,237,240
Global_Influenza/W,short,full_ridge_per_variate,full_ridge_per_variate,0.3376105958595872,True,"{""code"": ""ridge_stage_failed"", ""error_type"": ""ValueError"", ""message"": ""cannot score empty ridge statistics"", ""stage"": ""fit""}",False,0.0,vanilla,"{""vanilla"": 1.0}",237.0,237.0,1.0,0.6388191467686143,0.46117520938317813,237,237,240,440.60130950240455,237,237,240,0.621917347795487,237,237,240,2.7027384509894463,237,237,240,2518066.9034669804,237,237,240,0.46117520938317813,237,237,240,557.9440607849058,237,237,240,0.461039982766648,237,237,240
Global_Influenza/W,short,full_ridge_shared,full_ridge_shared,0.3376105958595872,True,"{""code"": ""ridge_stage_failed"", ""error_type"": ""ValueError"", ""message"": ""cannot score empty ridge statistics"", ""stage"": ""fit""}",False,0.0,vanilla,"{""vanilla"": 1.0}",237.0,237.0,1.0,0.6388191467686143,0.46117520938317813,237,237,240,440.60130950240455,237,237,240,0.621917347795487,237,237,240,2.7027384509894463,237,237,240,2518066.9034669804,237,237,240,0.46117520938317813,237,237,240,557.9440607849058,237,237,240,0.461039982766648,237,237,240
Global_Influenza/W,short,seasonal_naive,seasonal_naive,0.980701144784689,False,,False,0.0,,,,,,1.0,1.3513452260134433,237,237,240,754.0241385782524,237,237,240,1.5757021581243609,237,237,240,4.230835072275004,237,237,240,6934961.374556051,237,237,240,0.8148835259674413,237,237,240,921.204726705977,237,237,240,0.6306558476838872,237,237,240
Global_Influenza/W,short,selected_adaptation,selected_adaptation,0.3376105958595872,True,"{""code"": ""ridge_stage_failed"", ""error_type"": ""ValueError"", ""message"": ""cannot score empty ridge statistics"", ""stage"": ""fit""}",False,0.0,vanilla,"{""vanilla"": 1.0}",237.0,237.0,1.0,0.6388191467686143,0.46117520938317813,237,237,240,440.60130950240455,237,237,240,0.621917347795487,237,237,240,2.7027384509894463,237,237,240,2518066.9034669804,237,237,240,0.46117520938317813,237,237,240,557.9440607849058,237,237,240,0.461039982766648,237,237,240
Global_Influenza/W,short,tsrag,tsrag,0.3376105958595872,True,"{""code"": ""insufficient_global_datastore"", ""message"": ""global datastore requires at least 11 dates per variate; the least-covered variate has 0""}",False,0.0,,,,,,0.6388191467686143,0.46117520938317813,237,237,240,440.60130950240455,237,237,240,0.621917347795487,237,237,240,2.7027384509894463,237,237,240,2518066.9034669804,237,237,240,0.46117520938317813,237,237,240,557.9440607849058,237,237,240,0.461039982766648,237,237,240
Global_Influenza/W,short,vanilla,vanilla,0.3376105958595872,False,,False,0.0,,,,,,0.6388191467686143,0.46117520938317813,237,237,240,440.60130950240455,237,237,240,0.621917347795487,237,237,240,2.7027384509894463,237,237,240,2518066.9034669804,237,237,240,0.46117520938317813,237,237,240,557.9440607849058,237,237,240,0.461039982766648,237,237,240
Global_Influenza/W,short,y_ridge_shared,y_ridge_shared,0.3376105958595872,True,"{""code"": ""ridge_stage_failed"", ""error_type"": ""ValueError"", ""message"": ""cannot score empty ridge statistics"", ""stage"": ""fit""}",False,0.0,vanilla,"{""vanilla"": 1.0}",237.0,237.0,1.0,0.6388191467686143,0.46117520938317813,237,237,240,440.60130950240455,237,237,240,0.621917347795487,237,237,240,2.7027384509894463,237,237,240,2518066.9034669804,237,237,240,0.46117520938317813,237,237,240,557.9440607849058,237,237,240,0.461039982766648,237,237,240
Global_Price/Q,short,bayes_covariate_prediction,bayes_covariate_prediction,0.07729315664619207,True,"{""code"": ""ridge_stage_failed"", ""error_type"": ""ValueError"", ""message"": ""cannot score empty ridge statistics"", ""stage"": ""fit""}",False,0.0,vanilla,"{""vanilla"": 1.0}",300.0,300.0,1.0,0.8492722393346737,0.18101462485633207,300,300,300,313.4901497846842,300,300,300,0.1798198102669422,300,300,300,1.5800590567350166,300,300,300,1781288.0286894313,300,300,300,0.18101462485633207,300,300,300,353.6569966211264,300,300,300,0.19245751829713834,300,300,300
Global_Price/Q,short,bayes_past_targets_prediction,bayes_past_targets_prediction,0.07729315664619207,True,"{""code"": ""ridge_stage_failed"", ""error_type"": ""ValueError"", ""message"": ""cannot score empty ridge statistics"", ""stage"": ""fit""}",False,0.0,vanilla,"{""vanilla"": 1.0}",300.0,300.0,1.0,0.8492722393346737,0.18101462485633207,300,300,300,313.4901497846842,300,300,300,0.1798198102669422,300,300,300,1.5800590567350166,300,300,300,1781288.0286894313,300,300,300,0.18101462485633207,300,300,300,353.6569966211264,300,300,300,0.19245751829713834,300,300,300
Global_Price/Q,short,cov_ridge_shared,cov_ridge_shared,0.07729315664619207,True,"{""code"": ""ridge_stage_failed"", ""error_type"": ""ValueError"", ""message"": ""cannot score empty ridge statistics"", ""stage"": ""fit""}",False,0.0,vanilla,"{""vanilla"": 1.0}",300.0,300.0,1.0,0.8492722393346737,0.18101462485633207,300,300,300,313.4901497846842,300,300,300,0.1798198102669422,300,300,300,1.5800590567350166,300,300,300,1781288.0286894313,300,300,300,0.18101462485633207,300,300,300,353.6569966211264,300,300,300,0.19245751829713834,300,300,300
Global_Price/Q,short,covariate_prediction,covariate_prediction,0.07729315664619207,True,"{""code"": ""ridge_stage_failed"", ""error_type"": ""ValueError"", ""message"": ""cannot score empty ridge statistics"", ""stage"": ""fit""}",False,0.0,vanilla,"{""vanilla"": 1.0}",300.0,300.0,1.0,0.8492722393346737,0.18101462485633207,300,300,300,313.4901497846842,300,300,300,0.1798198102669422,300,300,300,1.5800590567350166,300,300,300,1781288.0286894313,300,300,300,0.18101462485633207,300,300,300,353.6569966211264,300,300,300,0.19245751829713834,300,300,300
Global_Price/Q,short,full_ridge_per_variate,full_ridge_per_variate,0.07729315664619207,True,"{""code"": ""ridge_stage_failed"", ""error_type"": ""ValueError"", ""message"": ""cannot score empty ridge statistics"", ""stage"": ""fit""}",False,0.0,vanilla,"{""vanilla"": 1.0}",300.0,300.0,1.0,0.8492722393346737,0.18101462485633207,300,300,300,313.4901497846842,300,300,300,0.1798198102669422,300,300,300,1.5800590567350166,300,300,300,1781288.0286894313,300,300,300,0.18101462485633207,300,300,300,353.6569966211264,300,300,300,0.19245751829713834,300,300,300
Global_Price/Q,short,full_ridge_shared,full_ridge_shared,0.07729315664619207,True,"{""code"": ""ridge_stage_failed"", ""error_type"": ""ValueError"", ""message"": ""cannot score empty ridge statistics"", ""stage"": ""fit""}",False,0.0,vanilla,"{""vanilla"": 1.0}",300.0,300.0,1.0,0.8492722393346737,0.18101462485633207,300,300,300,313.4901497846842,300,300,300,0.1798198102669422,300,300,300,1.5800590567350166,300,300,300,1781288.0286894313,300,300,300,0.18101462485633207,300,300,300,353.6569966211264,300,300,300,0.19245751829713834,300,300,300
Global_Price/Q,short,seasonal_naive,seasonal_naive,1.0117378337308764,False,,False,0.0,,,,,,1.0,0.18113744535767382,300,300,300,375.35200877934693,300,300,300,0.21964418615513073,300,300,300,1.8604859355497676,300,300,300,2706706.758796386,300,300,300,0.2189859250828012,300,300,300,421.95530053403724,300,300,300,0.22466558210406978,300,300,300
Global_Price/Q,short,selected_adaptation,selected_adaptation,0.07729315664619207,True,"{""code"": ""ridge_stage_failed"", ""error_type"": ""ValueError"", ""message"": ""cannot score empty ridge statistics"", ""stage"": ""fit""}",False,0.0,vanilla,"{""vanilla"": 1.0}",300.0,300.0,1.0,0.8492722393346737,0.18101462485633207,300,300,300,313.4901497846842,300,300,300,0.1798198102669422,300,300,300,1.5800590567350166,300,300,300,1781288.0286894313,300,300,300,0.18101462485633207,300,300,300,353.6569966211264,300,300,300,0.19245751829713834,300,300,300
Global_Price/Q,short,tsrag,tsrag,0.07729315664619207,True,"{""code"": ""insufficient_global_datastore"", ""message"": ""global datastore requires at least 11 dates per variate; the least-covered variate has 0""}",False,0.0,,,,,,0.8492722393346737,0.18101462485633207,300,300,300,313.4901497846842,300,300,300,0.1798198102669422,300,300,300,1.5800590567350166,300,300,300,1781288.0286894313,300,300,300,0.18101462485633207,300,300,300,353.6569966211264,300,300,300,0.19245751829713834,300,300,300
Global_Price/Q,short,vanilla,vanilla,0.07729315664619207,False,,False,0.0,,,,,,0.8492722393346737,0.18101462485633207,300,300,300,313.4901497846842,300,300,300,0.1798198102669422,300,300,300,1.5800590567350166,300,300,300,1781288.0286894313,300,300,300,0.18101462485633207,300,300,300,353.6569966211264,300,300,300,0.19245751829713834,300,300,300
Global_Price/Q,short,y_ridge_shared,y_ridge_shared,0.07729315664619207,True,"{""code"": ""ridge_stage_failed"", ""error_type"": ""ValueError"", ""message"": ""cannot score empty ridge statistics"", ""stage"": ""fit""}",False,0.0,vanilla,"{""vanilla"": 1.0}",300.0,300.0,1.0,0.8492722393346737,0.18101462485633207,300,300,300,313.4901497846842,300,300,300,0.1798198102669422,300,300,300,1.5800590567350166,300,300,300,1781288.0286894313,300,300,300,0.18101462485633207,300,300,300,353.6569966211264,300,300,300,0.19245751829713834,300,300,300
Housing_Inventory/M,short,bayes_covariate_prediction,bayes_covariate_prediction,0.04194607585668564,True,"{""code"": ""ridge_stage_failed"", ""error_type"": ""ValueError"", ""message"": ""cannot score empty ridge statistics"", ""stage"": ""fit""}",False,0.0,vanilla,"{""vanilla"": 1.0}",12.0,12.0,1.0,0.8230217167713463,0.06868401128898277,12,12,12,31923.698225789598,12,12,12,0.06811449957323956,12,12,12,0.5629531156001711,12,12,12,4419966111.869068,12,12,12,0.06868401128898277,12,12,12,35589.26560893385,12,12,12,0.06903562488722646,12,12,12
Housing_Inventory/M,short,bayes_past_targets_prediction,bayes_past_targets_prediction,0.04194607585668564,True,"{""code"": ""ridge_stage_failed"", ""error_type"": ""ValueError"", ""message"": ""cannot score empty ridge statistics"", ""stage"": ""fit""}",False,0.0,vanilla,"{""vanilla"": 1.0}",12.0,12.0,1.0,0.8230217167713463,0.06868401128898277,12,12,12,31923.698225789598,12,12,12,0.06811449957323956,12,12,12,0.5629531156001711,12,12,12,4419966111.869068,12,12,12,0.06868401128898277,12,12,12,35589.26560893385,12,12,12,0.06903562488722646,12,12,12
Housing_Inventory/M,short,cov_ridge_shared,cov_ridge_shared,0.04194607585668564,True,"{""code"": ""ridge_stage_failed"", ""error_type"": ""ValueError"", ""message"": ""cannot score empty ridge statistics"", ""stage"": ""fit""}",False,0.0,vanilla,"{""vanilla"": 1.0}",12.0,12.0,1.0,0.8230217167713463,0.06868401128898277,12,12,12,31923.698225789598,12,12,12,0.06811449957323956,12,12,12,0.5629531156001711,12,12,12,4419966111.869068,12,12,12,0.06868401128898277,12,12,12,35589.26560893385,12,12,12,0.06903562488722646,12,12,12
Housing_Inventory/M,short,covariate_prediction,covariate_prediction,0.04194607585668564,True,"{""code"": ""ridge_stage_failed"", ""error_type"": ""ValueError"", ""message"": ""cannot score empty ridge statistics"", ""stage"": ""fit""}",False,0.0,vanilla,"{""vanilla"": 1.0}",12.0,12.0,1.0,0.8230217167713463,0.06868401128898277,12,12,12,31923.698225789598,12,12,12,0.06811449957323956,12,12,12,0.5629531156001711,12,12,12,4419966111.869068,12,12,12,0.06868401128898277,12,12,12,35589.26560893385,12,12,12,0.06903562488722646,12,12,12
Housing_Inventory/M,short,full_ridge_per_variate,full_ridge_per_variate,0.04194607585668564,True,"{""code"": ""ridge_stage_failed"", ""error_type"": ""ValueError"", ""message"": ""cannot score empty ridge statistics"", ""stage"": ""fit""}",False,0.0,vanilla,"{""vanilla"": 1.0}",12.0,12.0,1.0,0.8230217167713463,0.06868401128898277,12,12,12,31923.698225789598,12,12,12,0.06811449957323956,12,12,12,0.5629531156001711,12,12,12,4419966111.869068,12,12,12,0.06868401128898277,12,12,12,35589.26560893385,12,12,12,0.06903562488722646,12,12,12
Housing_Inventory/M,short,full_ridge_shared,full_ridge_shared,0.04194607585668564,True,"{""code"": ""ridge_stage_failed"", ""error_type"": ""ValueError"", ""message"": ""cannot score empty ridge statistics"", ""stage"": ""fit""}",False,0.0,vanilla,"{""vanilla"": 1.0}",12.0,12.0,1.0,0.8230217167713463,0.06868401128898277,12,12,12,31923.698225789598,12,12,12,0.06811449957323956,12,12,12,0.5629531156001711,12,12,12,4419966111.869068,12,12,12,0.06868401128898277,12,12,12,35589.26560893385,12,12,12,0.06903562488722646,12,12,12
Housing_Inventory/M,short,seasonal_naive,seasonal_naive,0.04277162812650204,False,,False,0.0,,,,,,1.0,0.06622657105888527,12,12,12,39817.33333333333,12,12,12,0.08490134326746435,12,12,12,0.6840076077319015,12,12,12,7412825699.472221,12,12,12,0.08401001424588518,12,12,12,44342.16013988361,12,12,12,0.09482010577231174,12,12,12
Housing_Inventory/M,short,selected_adaptation,selected_adaptation,0.04194607585668564,True,"{""code"": ""ridge_stage_failed"", ""error_type"": ""ValueError"", ""message"": ""cannot score empty ridge statistics"", ""stage"": ""fit""}",False,0.0,vanilla,"{""vanilla"": 1.0}",12.0,12.0,1.0,0.8230217167713463,0.06868401128898277,12,12,12,31923.698225789598,12,12,12,0.06811449957323956,12,12,12,0.5629531156001711,12,12,12,4419966111.869068,12,12,12,0.06868401128898277,12,12,12,35589.26560893385,12,12,12,0.06903562488722646,12,12,12
Housing_Inventory/M,short,tsrag,tsrag,0.04194607585668564,True,"{""code"": ""insufficient_global_datastore"", ""message"": ""global datastore requires at least 11 dates per variate; the least-covered variate has 0""}",False,0.0,,,,,,0.8230217167713463,0.06868401128898277,12,12,12,31923.698225789598,12,12,12,0.06811449957323956,12,12,12,0.5629531156001711,12,12,12,4419966111.869068,12,12,12,0.06868401128898277,12,12,12,35589.26560893385,12,12,12,0.06903562488722646,12,12,12
Housing_Inventory/M,short,vanilla,vanilla,0.04194607585668564,False,,False,0.0,,,,,,0.8230217167713463,0.06868401128898277,12,12,12,31923.698225789598,12,12,12,0.06811449957323956,12,12,12,0.5629531156001711,12,12,12,4419966111.869068,12,12,12,0.06868401128898277,12,12,12,35589.26560893385,12,12,12,0.06903562488722646,12,12,12
Housing_Inventory/M,short,y_ridge_shared,y_ridge_shared,0.04194607585668564,True,"{""code"": ""ridge_stage_failed"", ""error_type"": ""ValueError"", ""message"": ""cannot score empty ridge statistics"", ""stage"": ""fit""}",False,0.0,vanilla,"{""vanilla"": 1.0}",12.0,12.0,1.0,0.8230217167713463,0.06868401128898277,12,12,12,31923.698225789598,12,12,12,0.06811449957323956,12,12,12,0.5629531156001711,12,12,12,4419966111.869068,12,12,12,0.06868401128898277,12,12,12,35589.26560893385,12,12,12,0.06903562488722646,12,12,12
JOLTS/M,short,bayes_covariate_prediction,bayes_covariate_prediction,0.0698963338509202,True,"{""code"": ""ridge_stage_failed"", ""error_type"": ""ValueError"", ""message"": ""cannot score empty ridge statistics"", ""stage"": ""fit""}",False,0.0,vanilla,"{""vanilla"": 1.0}",30.0,30.0,1.0,0.6134421756623428,0.07841091806794505,30,30,30,326.8780938042535,30,30,30,0.0783358316366875,30,30,30,1.034014704780639,30,30,30,434621.7960345939,30,30,30,0.07841091806794505,30,30,30,391.41426996725716,30,30,30,0.07875980395626586,30,30,30
JOLTS/M,short,bayes_past_targets_prediction,bayes_past_targets_prediction,0.0698963338509202,True,"{""code"": ""ridge_stage_failed"", ""error_type"": ""ValueError"", ""message"": ""cannot score empty ridge statistics"", ""stage"": ""fit""}",False,0.0,vanilla,"{""vanilla"": 1.0}",30.0,30.0,1.0,0.6134421756623428,0.07841091806794505,30,30,30,326.8780938042535,30,30,30,0.0783358316366875,30,30,30,1.034014704780639,30,30,30,434621.7960345939,30,30,30,0.07841091806794505,30,30,30,391.41426996725716,30,30,30,0.07875980395626586,30,30,30
JOLTS/M,short,cov_ridge_shared,cov_ridge_shared,0.0698963338509202,True,"{""code"": ""ridge_stage_failed"", ""error_type"": ""ValueError"", ""message"": ""cannot score empty ridge statistics"", ""stage"": ""fit""}",False,0.0,vanilla,"{""vanilla"": 1.0}",30.0,30.0,1.0,0.6134421756623428,0.07841091806794505,30,30,30,326.8780938042535,30,30,30,0.0783358316366875,30,30,30,1.034014704780639,30,30,30,434621.7960345939,30,30,30,0.07841091806794505,30,30,30,391.41426996725716,30,30,30,0.07875980395626586,30,30,30
JOLTS/M,short,covariate_prediction,covariate_prediction,0.0698963338509202,True,"{""code"": ""ridge_stage_failed"", ""error_type"": ""ValueError"", ""message"": ""cannot score empty ridge statistics"", ""stage"": ""fit""}",False,0.0,vanilla,"{""vanilla"": 1.0}",30.0,30.0,1.0,0.6134421756623428,0.07841091806794505,30,30,30,326.8780938042535,30,30,30,0.0783358316366875,30,30,30,1.034014704780639,30,30,30,434621.7960345939,30,30,30,0.07841091806794505,30,30,30,391.41426996725716,30,30,30,0.07875980395626586,30,30,30
JOLTS/M,short,full_ridge_per_variate,full_ridge_per_variate,0.0698963338509202,True,"{""code"": ""ridge_stage_failed"", ""error_type"": ""ValueError"", ""message"": ""cannot score empty ridge statistics"", ""stage"": ""fit""}",False,0.0,vanilla,"{""vanilla"": 1.0}",30.0,30.0,1.0,0.6134421756623428,0.07841091806794505,30,30,30,326.8780938042535,30,30,30,0.0783358316366875,30,30,30,1.034014704780639,30,30,30,434621.7960345939,30,30,30,0.07841091806794505,30,30,30,391.41426996725716,30,30,30,0.07875980395626586,30,30,30
JOLTS/M,short,full_ridge_shared,full_ridge_shared,0.0698963338509202,True,"{""code"": ""ridge_stage_failed"", ""error_type"": ""ValueError"", ""message"": ""cannot score empty ridge statistics"", ""stage"": ""fit""}",False,0.0,vanilla,"{""vanilla"": 1.0}",30.0,30.0,1.0,0.6134421756623428,0.07841091806794505,30,30,30,326.8780938042535,30,30,30,0.0783358316366875,30,30,30,1.034014704780639,30,30,30,434621.7960345939,30,30,30,0.07841091806794505,30,30,30,391.41426996725716,30,30,30,0.07875980395626586,30,30,30
JOLTS/M,short,seasonal_naive,seasonal_naive,0.12435972783714533,False,,False,0.0,,,,,,1.0,0.10140982626961861,30,30,30,591.6527777777777,30,30,30,0.12709847426595908,30,30,30,1.68559441428069,30,30,30,1180516.547222222,30,30,30,0.12687732481526715,30,30,30,718.6912691994892,30,30,30,0.1270581063134729,30,30,30
JOLTS/M,short,selected_adaptation,selected_adaptation,0.0698963338509202,True,"{""code"": ""ridge_stage_failed"", ""error_type"": ""ValueError"", ""message"": ""cannot score empty ridge statistics"", ""stage"": ""fit""}",False,0.0,vanilla,"{""vanilla"": 1.0}",30.0,30.0,1.0,0.6134421756623428,0.07841091806794505,30,30,30,326.8780938042535,30,30,30,0.0783358316366875,30,30,30,1.034014704780639,30,30,30,434621.7960345939,30,30,30,0.07841091806794505,30,30,30,391.41426996725716,30,30,30,0.07875980395626586,30,30,30
JOLTS/M,short,tsrag,tsrag,0.0698963338509202,True,"{""code"": ""insufficient_global_datastore"", ""message"": ""global datastore requires at least 11 dates per variate; the least-covered variate has 0""}",False,0.0,,,,,,0.6134421756623428,0.07841091806794505,30,30,30,326.8780938042535,30,30,30,0.0783358316366875,30,30,30,1.034014704780639,30,30,30,434621.7960345939,30,30,30,0.07841091806794505,30,30,30,391.41426996725716,30,30,30,0.07875980395626586,30,30,30
JOLTS/M,short,vanilla,vanilla,0.0698963338509202,False,,False,0.0,,,,,,0.6134421756623428,0.07841091806794505,30,30,30,326.8780938042535,30,30,30,0.0783358316366875,30,30,30,1.034014704780639,30,30,30,434621.7960345939,30,30,30,0.07841091806794505,30,30,30,391.41426996725716,30,30,30,0.07875980395626586,30,30,30
JOLTS/M,short,y_ridge_shared,y_ridge_shared,0.0698963338509202,True,"{""code"": ""ridge_stage_failed"", ""error_type"": ""ValueError"", ""message"": ""cannot score empty ridge statistics"", ""stage"": ""fit""}",False,0.0,vanilla,"{""vanilla"": 1.0}",30.0,30.0,1.0,0.6134421756623428,0.07841091806794505,30,30,30,326.8780938042535,30,30,30,0.0783358316366875,30,30,30,1.034014704780639,30,30,30,434621.7960345939,30,30,30,0.07841091806794505,30,30,30,391.41426996725716,30,30,30,0.07875980395626586,30,30,30
Job_Claims/W,short,bayes_covariate_prediction,bayes_covariate_prediction,0.05577073525637388,True,"{""code"": ""ridge_stage_failed"", ""error_type"": ""ValueError"", ""message"": ""cannot score empty ridge statistics"", ""stage"": ""fit""}",False,0.0,vanilla,"{""vanilla"": 1.0}",8.0,8.0,1.0,1.1739769128240631,0.025047320783500884,8,8,8,18364.71649639423,8,8,8,0.024863747492457965,8,8,8,3.1948713176767605,8,8,8,773731298.4360703,8,8,8,0.025047320783500884,8,8,8,21751.896358700356,8,8,8,0.02518671177953908,8,8,8
Job_Claims/W,short,bayes_past_targets_prediction,bayes_past_targets_prediction,0.05577073525637388,True,"{""code"": ""ridge_stage_failed"", ""error_type"": ""ValueError"", ""message"": ""cannot score empty ridge statistics"", ""stage"": ""fit""}",False,0.0,vanilla,"{""vanilla"": 1.0}",8.0,8.0,1.0,1.1739769128240631,0.025047320783500884,8,8,8,18364.71649639423,8,8,8,0.024863747492457965,8,8,8,3.1948713176767605,8,8,8,773731298.4360703,8,8,8,0.025047320783500884,8,8,8,21751.896358700356,8,8,8,0.02518671177953908,8,8,8
Job_Claims/W,short,cov_ridge_shared,cov_ridge_shared,0.05577073525637388,True,"{""code"": ""ridge_stage_failed"", ""error_type"": ""ValueError"", ""message"": ""cannot score empty ridge statistics"", ""stage"": ""fit""}",False,0.0,vanilla,"{""vanilla"": 1.0}",8.0,8.0,1.0,1.1739769128240631,0.025047320783500884,8,8,8,18364.71649639423,8,8,8,0.024863747492457965,8,8,8,3.1948713176767605,8,8,8,773731298.4360703,8,8,8,0.025047320783500884,8,8,8,21751.896358700356,8,8,8,0.02518671177953908,8,8,8
Job_Claims/W,short,covariate_prediction,covariate_prediction,0.05577073525637388,True,"{""code"": ""ridge_stage_failed"", ""error_type"": ""ValueError"", ""message"": ""cannot score empty ridge statistics"", ""stage"": ""fit""}",False,0.0,vanilla,"{""vanilla"": 1.0}",8.0,8.0,1.0,1.1739769128240631,0.025047320783500884,8,8,8,18364.71649639423,8,8,8,0.024863747492457965,8,8,8,3.1948713176767605,8,8,8,773731298.4360703,8,8,8,0.025047320783500884,8,8,8,21751.896358700356,8,8,8,0.02518671177953908,8,8,8
Job_Claims/W,short,full_ridge_per_variate,full_ridge_per_variate,0.05577073525637388,True,"{""code"": ""ridge_stage_failed"", ""error_type"": ""ValueError"", ""message"": ""cannot score empty ridge statistics"", ""stage"": ""fit""}",False,0.0,vanilla,"{""vanilla"": 1.0}",8.0,8.0,1.0,1.1739769128240631,0.025047320783500884,8,8,8,18364.71649639423,8,8,8,0.024863747492457965,8,8,8,3.1948713176767605,8,8,8,773731298.4360703,8,8,8,0.025047320783500884,8,8,8,21751.896358700356,8,8,8,0.02518671177953908,8,8,8
Job_Claims/W,short,full_ridge_shared,full_ridge_shared,0.05577073525637388,True,"{""code"": ""ridge_stage_failed"", ""error_type"": ""ValueError"", ""message"": ""cannot score empty ridge statistics"", ""stage"": ""fit""}",False,0.0,vanilla,"{""vanilla"": 1.0}",8.0,8.0,1.0,1.1739769128240631,0.025047320783500884,8,8,8,18364.71649639423,8,8,8,0.024863747492457965,8,8,8,3.1948713176767605,8,8,8,773731298.4360703,8,8,8,0.025047320783500884,8,8,8,21751.896358700356,8,8,8,0.02518671177953908,8,8,8
Job_Claims/W,short,seasonal_naive,seasonal_naive,0.03477336373180151,False,,False,0.0,,,,,,1.0,0.01878355920034619,8,8,8,14396.634615384615,8,8,8,0.023069122772766407,8,8,8,2.721408984092651,8,8,8,507934495.1923077,8,8,8,0.023139377776840934,8,8,8,17530.346189787495,8,8,8,0.023093886238516582,8,8,8
Job_Claims/W,short,selected_adaptation,selected_adaptation,0.05577073525637388,True,"{""code"": ""ridge_stage_failed"", ""error_type"": ""ValueError"", ""message"": ""cannot score empty ridge statistics"", ""stage"": ""fit""}",False,0.0,vanilla,"{""vanilla"": 1.0}",8.0,8.0,1.0,1.1739769128240631,0.025047320783500884,8,8,8,18364.71649639423,8,8,8,0.024863747492457965,8,8,8,3.1948713176767605,8,8,8,773731298.4360703,8,8,8,0.025047320783500884,8,8,8,21751.896358700356,8,8,8,0.02518671177953908,8,8,8
Job_Claims/W,short,tsrag,tsrag,0.05577073525637388,True,"{""code"": ""insufficient_global_datastore"", ""message"": ""global datastore requires at least 11 dates per variate; the least-covered variate has 0""}",False,0.0,,,,,,1.1739769128240631,0.025047320783500884,8,8,8,18364.71649639423,8,8,8,0.024863747492457965,8,8,8,3.1948713176767605,8,8,8,773731298.4360703,8,8,8,0.025047320783500884,8,8,8,21751.896358700356,8,8,8,0.02518671177953908,8,8,8
Job_Claims/W,short,vanilla,vanilla,0.05577073525637388,False,,False,0.0,,,,,,1.1739769128240631,0.025047320783500884,8,8,8,18364.71649639423,8,8,8,0.024863747492457965,8,8,8,3.1948713176767605,8,8,8,773731298.4360703,8,8,8,0.025047320783500884,8,8,8,21751.896358700356,8,8,8,0.02518671177953908,8,8,8
Job_Claims/W,short,y_ridge_shared,y_ridge_shared,0.05577073525637388,True,"{""code"": ""ridge_stage_failed"", ""error_type"": ""ValueError"", ""message"": ""cannot score empty ridge statistics"", ""stage"": ""fit""}",False,0.0,vanilla,"{""vanilla"": 1.0}",8.0,8.0,1.0,1.1739769128240631,0.025047320783500884,8,8,8,18364.71649639423,8,8,8,0.024863747492457965,8,8,8,3.1948713176767605,8,8,8,773731298.4360703,8,8,8,0.025047320783500884,8,8,8,21751.896358700356,8,8,8,0.02518671177953908,8,8,8
MetroPT-3/5T,long,bayes_covariate_prediction,bayes_covariate_prediction,0.08442996721714735,True,"{""code"": ""ridge_stage_failed"", ""error_type"": ""ValueError"", ""message"": ""cannot score empty ridge statistics"", ""stage"": ""fit""}",False,0.0,vanilla,"{""vanilla"": 1.0}",18.0,18.0,1.0,0.76471052778339,0.3314301181618797,18,18,18,1.157730067156307,18,18,18,3.0808544122415515,18,18,18,0.6642965187537482,18,18,18,3.413565852555847,18,18,18,0.3314301181618797,18,18,18,1.5336265522768149,18,18,18,0.5202096564321884,18,18,18
MetroPT-3/5T,long,bayes_past_targets_prediction,bayes_past_targets_prediction,0.08442996721714735,True,"{""code"": ""ridge_stage_failed"", ""error_type"": ""ValueError"", ""message"": ""cannot score empty ridge statistics"", ""stage"": ""fit""}",False,0.0,vanilla,"{""vanilla"": 1.0}",18.0,18.0,1.0,0.76471052778339,0.3314301181618797,18,18,18,1.157730067156307,18,18,18,3.0808544122415515,18,18,18,0.6642965187537482,18,18,18,3.413565852555847,18,18,18,0.3314301181618797,18,18,18,1.5336265522768149,18,18,18,0.5202096564321884,18,18,18
MetroPT-3/5T,long,cov_ridge_shared,cov_ridge_shared,0.08442996721714735,True,"{""code"": ""ridge_stage_failed"", ""error_type"": ""ValueError"", ""message"": ""cannot score empty ridge statistics"", ""stage"": ""fit""}",False,0.0,vanilla,"{""vanilla"": 1.0}",18.0,18.0,1.0,0.76471052778339,0.3314301181618797,18,18,18,1.157730067156307,18,18,18,3.0808544122415515,18,18,18,0.6642965187537482,18,18,18,3.413565852555847,18,18,18,0.3314301181618797,18,18,18,1.5336265522768149,18,18,18,0.5202096564321884,18,18,18
MetroPT-3/5T,long,covariate_prediction,covariate_prediction,0.08442996721714735,True,"{""code"": ""ridge_stage_failed"", ""error_type"": ""ValueError"", ""message"": ""cannot score empty ridge statistics"", ""stage"": ""fit""}",False,0.0,vanilla,"{""vanilla"": 1.0}",18.0,18.0,1.0,0.76471052778339,0.3314301181618797,18,18,18,1.157730067156307,18,18,18,3.0808544122415515,18,18,18,0.6642965187537482,18,18,18,3.413565852555847,18,18,18,0.3314301181618797,18,18,18,1.5336265522768149,18,18,18,0.5202096564321884,18,18,18
MetroPT-3/5T,long,full_ridge_per_variate,full_ridge_per_variate,0.08442996721714735,True,"{""code"": ""ridge_stage_failed"", ""error_type"": ""ValueError"", ""message"": ""cannot score empty ridge statistics"", ""stage"": ""fit""}",False,0.0,vanilla,"{""vanilla"": 1.0}",18.0,18.0,1.0,0.76471052778339,0.3314301181618797,18,18,18,1.157730067156307,18,18,18,3.0808544122415515,18,18,18,0.6642965187537482,18,18,18,3.413565852555847,18,18,18,0.3314301181618797,18,18,18,1.5336265522768149,18,18,18,0.5202096564321884,18,18,18
MetroPT-3/5T,long,full_ridge_shared,full_ridge_shared,0.08442996721714735,True,"{""code"": ""ridge_stage_failed"", ""error_type"": ""ValueError"", ""message"": ""cannot score empty ridge statistics"", ""stage"": ""fit""}",False,0.0,vanilla,"{""vanilla"": 1.0}",18.0,18.0,1.0,0.76471052778339,0.3314301181618797,18,18,18,1.157730067156307,18,18,18,3.0808544122415515,18,18,18,0.6642965187537482,18,18,18,3.413565852555847,18,18,18,0.3314301181618797,18,18,18,1.5336265522768149,18,18,18,0.5202096564321884,18,18,18
MetroPT-3/5T,long,seasonal_naive,seasonal_naive,0.25579052697867155,False,,False,0.0,,,,,,1.0,0.38450630151844756,18,18,18,1.4532990601544027,18,18,18,12.740020494787354,18,18,18,0.8686901704875118,18,18,18,5.409761337044268,18,18,18,0.4312906282646219,18,18,18,1.9373336845788574,18,18,18,0.4077721959146197,18,18,18
MetroPT-3/5T,long,selected_adaptation,selected_adaptation,0.08442996721714735,True,"{""code"": ""ridge_stage_failed"", ""error_type"": ""ValueError"", ""message"": ""cannot score empty ridge statistics"", ""stage"": ""fit""}",False,0.0,vanilla,"{""vanilla"": 1.0}",18.0,18.0,1.0,0.76471052778339,0.3314301181618797,18,18,18,1.157730067156307,18,18,18,3.0808544122415515,18,18,18,0.6642965187537482,18,18,18,3.413565852555847,18,18,18,0.3314301181618797,18,18,18,1.5336265522768149,18,18,18,0.5202096564321884,18,18,18
MetroPT-3/5T,long,tsrag,tsrag,0.4951900877058506,False,,True,18.0,,,,,,0.76471052778339,0.3314301181618797,18,18,18,1.157730067156307,18,18,18,3.0808544122415515,18,18,18,0.6642965187537482,18,18,18,3.413565852555847,18,18,18,0.3314301181618797,18,18,18,1.5336265522768149,18,18,18,0.5202096564321884,18,18,18
MetroPT-3/5T,long,vanilla,vanilla,0.08442996721714735,False,,False,0.0,,,,,,0.76471052778339,0.3314301181618797,18,18,18,1.157730067156307,18,18,18,3.0808544122415515,18,18,18,0.6642965187537482,18,18,18,3.413565852555847,18,18,18,0.3314301181618797,18,18,18,1.5336265522768149,18,18,18,0.5202096564321884,18,18,18
MetroPT-3/5T,long,y_ridge_shared,y_ridge_shared,0.08442996721714735,True,"{""code"": ""ridge_stage_failed"", ""error_type"": ""ValueError"", ""message"": ""cannot score empty ridge statistics"", ""stage"": ""fit""}",False,0.0,vanilla,"{""vanilla"": 1.0}",18.0,18.0,1.0,0.76471052778339,0.3314301181618797,18,18,18,1.157730067156307,18,18,18,3.0808544122415515,18,18,18,0.6642965187537482,18,18,18,3.413565852555847,18,18,18,0.3314301181618797,18,18,18,1.5336265522768149,18,18,18,0.5202096564321884,18,18,18
MetroPT-3/5T,medium,bayes_covariate_prediction,bayes_covariate_prediction,0.1682937191799283,False,,False,0.0,vanilla,"{""vanilla"": 1.0}",36.0,36.0,1.0,0.75871289814896,0.3285878616607379,36,36,36,1.1449867837087784,36,36,36,3.055784174096344,36,36,36,0.6476133077171582,36,36,36,3.3363269889166953,36,36,36,0.3285878616607379,36,36,36,1.5181666637876803,36,36,36,0.5167357391785463,36,36,36
MetroPT-3/5T,medium,bayes_past_targets_prediction,bayes_past_targets_prediction,0.1682937191799283,False,,False,0.0,vanilla,"{""vanilla"": 1.0}",36.0,36.0,1.0,0.75871289814896,0.3285878616607379,36,36,36,1.1449867837087784,36,36,36,3.055784174096344,36,36,36,0.6476133077171582,36,36,36,3.3363269889166953,36,36,36,0.3285878616607379,36,36,36,1.5181666637876803,36,36,36,0.5167357391785463,36,36,36
MetroPT-3/5T,medium,cov_ridge_shared,cov_ridge_shared,0.1682937191799283,False,,False,0.0,vanilla,"{""vanilla"": 1.0}",36.0,36.0,1.0,0.75871289814896,0.3285878616607379,36,36,36,1.1449867837087784,36,36,36,3.055784174096344,36,36,36,0.6476133077171582,36,36,36,3.3363269889166953,36,36,36,0.3285878616607379,36,36,36,1.5181666637876803,36,36,36,0.5167357391785463,36,36,36
MetroPT-3/5T,medium,covariate_prediction,covariate_prediction,0.1682937191799283,False,,False,0.0,vanilla,"{""vanilla"": 1.0}",36.0,36.0,1.0,0.75871289814896,0.3285878616607379,36,36,36,1.1449867837087784,36,36,36,3.055784174096344,36,36,36,0.6476133077171582,36,36,36,3.3363269889166953,36,36,36,0.3285878616607379,36,36,36,1.5181666637876803,36,36,36,0.5167357391785463,36,36,36
MetroPT-3/5T,medium,full_ridge_per_variate,full_ridge_per_variate,0.1682937191799283,False,,False,0.0,vanilla,"{""vanilla"": 1.0}",36.0,36.0,1.0,0.75871289814896,0.3285878616607379,36,36,36,1.1449867837087784,36,36,36,3.055784174096344,36,36,36,0.6476133077171582,36,36,36,3.3363269889166953,36,36,36,0.3285878616607379,36,36,36,1.5181666637876803,36,36,36,0.5167357391785463,36,36,36
MetroPT-3/5T,medium,full_ridge_shared,full_ridge_shared,0.1682937191799283,False,,False,0.0,vanilla,"{""vanilla"": 1.0}",36.0,36.0,1.0,0.75871289814896,0.3285878616607379,36,36,36,1.1449867837087784,36,36,36,3.055784174096344,36,36,36,0.6476133077171582,36,36,36,3.3363269889166953,36,36,36,0.3285878616607379,36,36,36,1.5181666637876803,36,36,36,0.5167357391785463,36,36,36
MetroPT-3/5T,medium,seasonal_naive,seasonal_naive,0.3266339413821697,False,,False,0.0,,,,,,1.0,0.3641360886806181,36,36,36,1.4922822188665603,36,36,36,10.822237352941942,36,36,36,0.8535683382965379,36,36,36,5.640158682205772,36,36,36,0.4186287169934912,36,36,36,1.9595378038908455,36,36,36,0.4076074040946049,36,36,36
MetroPT-3/5T,medium,selected_adaptation,selected_adaptation,0.1682937191799283,False,,False,0.0,vanilla,"{""vanilla"": 1.0}",36.0,36.0,1.0,0.75871289814896,0.3285878616607379,36,36,36,1.1449867837087784,36,36,36,3.055784174096344,36,36,36,0.6476133077171582,36,36,36,3.3363269889166953,36,36,36,0.3285878616607379,36,36,36,1.5181666637876803,36,36,36,0.5167357391785463,36,36,36
MetroPT-3/5T,medium,tsrag,tsrag,0.4519556984305382,False,,True,36.0,,,,,,0.75871289814896,0.3285878616607379,36,36,36,1.1449867837087784,36,36,36,3.055784174096344,36,36,36,0.6476133077171582,36,36,36,3.3363269889166953,36,36,36,0.3285878616607379,36,36,36,1.5181666637876803,36,36,36,0.5167357391785463,36,36,36
MetroPT-3/5T,medium,vanilla,vanilla,0.1682937191799283,False,,False,0.0,,,,,,0.75871289814896,0.3285878616607379,36,36,36,1.1449867837087784,36,36,36,3.055784174096344,36,36,36,0.6476133077171582,36,36,36,3.3363269889166953,36,36,36,0.3285878616607379,36,36,36,1.5181666637876803,36,36,36,0.5167357391785463,36,36,36
MetroPT-3/5T,medium,y_ridge_shared,y_ridge_shared,0.1682937191799283,False,,False,0.0,vanilla,"{""vanilla"": 1.0}",36.0,36.0,1.0,0.75871289814896,0.3285878616607379,36,36,36,1.1449867837087784,36,36,36,3.055784174096344,36,36,36,0.6476133077171582,36,36,36,3.3363269889166953,36,36,36,0.3285878616607379,36,36,36,1.5181666637876803,36,36,36,0.5167357391785463,36,36,36
MetroPT-3/5T,short,bayes_covariate_prediction,bayes_covariate_prediction,0.959279453381896,False,,False,0.0,vanilla,"{""vanilla"": 1.0}",210.0,210.0,1.0,0.700138146878562,0.3141830517323368,210,210,216,1.1011302743875284,210,210,216,3.299696293306656,210,210,216,0.6109562823545718,210,210,216,3.3005064808261118,210,210,216,0.3141830517323368,210,210,216,1.4650707626736887,210,210,216,0.49052158431233545,210,210,216
MetroPT-3/5T,short,bayes_past_targets_prediction,bayes_past_targets_prediction,0.959279453381896,False,,False,0.0,vanilla,"{""vanilla"": 1.0}",210.0,210.0,1.0,0.700138146878562,0.3141830517323368,210,210,216,1.1011302743875284,210,210,216,3.299696293306656,210,210,216,0.6109562823545718,210,210,216,3.3005064808261118,210,210,216,0.3141830517323368,210,210,216,1.4650707626736887,210,210,216,0.49052158431233545,210,210,216
MetroPT-3/5T,short,cov_ridge_shared,cov_ridge_shared,0.959279453381896,False,,False,0.0,vanilla,"{""vanilla"": 1.0}",210.0,210.0,1.0,0.700138146878562,0.3141830517323368,210,210,216,1.1011302743875284,210,210,216,3.299696293306656,210,210,216,0.6109562823545718,210,210,216,3.3005064808261118,210,210,216,0.3141830517323368,210,210,216,1.4650707626736887,210,210,216,0.49052158431233545,210,210,216
MetroPT-3/5T,short,covariate_prediction,covariate_prediction,0.959279453381896,False,,False,0.0,vanilla,"{""vanilla"": 1.0}",210.0,210.0,1.0,0.700138146878562,0.3141830517323368,210,210,216,1.1011302743875284,210,210,216,3.299696293306656,210,210,216,0.6109562823545718,210,210,216,3.3005064808261118,210,210,216,0.3141830517323368,210,210,216,1.4650707626736887,210,210,216,0.49052158431233545,210,210,216
MetroPT-3/5T,short,full_ridge_per_variate,full_ridge_per_variate,0.959279453381896,False,,False,0.0,vanilla,"{""vanilla"": 1.0}",210.0,210.0,1.0,0.700138146878562,0.3141830517323368,210,210,216,1.1011302743875284,210,210,216,3.299696293306656,210,210,216,0.6109562823545718,210,210,216,3.3005064808261118,210,210,216,0.3141830517323368,210,210,216,1.4650707626736887,210,210,216,0.49052158431233545,210,210,216
MetroPT-3/5T,short,full_ridge_shared,full_ridge_shared,0.959279453381896,False,,False,0.0,vanilla,"{""vanilla"": 1.0}",210.0,210.0,1.0,0.700138146878562,0.3141830517323368,210,210,216,1.1011302743875284,210,210,216,3.299696293306656,210,210,216,0.6109562823545718,210,210,216,3.3005064808261118,210,210,216,0.3141830517323368,210,210,216,1.4650707626736887,210,210,216,0.49052158431233545,210,210,216
MetroPT-3/5T,short,seasonal_naive,seasonal_naive,1.0416007470339537,False,,False,0.0,,,,,,1.0,0.3746880255774579,210,210,216,1.521209368058799,210,210,216,10.977741168745393,210,210,216,0.8726224746907574,210,210,216,5.9035488626738095,210,210,216,0.42975847149608853,210,210,216,1.9610228023233058,210,210,216,0.4155135134388905,210,210,216
MetroPT-3/5T,short,selected_adaptation,selected_adaptation,0.959279453381896,False,,False,0.0,vanilla,"{""vanilla"": 1.0}",210.0,210.0,1.0,0.700138146878562,0.3141830517323368,210,210,216,1.1011302743875284,210,210,216,3.299696293306656,210,210,216,0.6109562823545718,210,210,216,3.3005064808261118,210,210,216,0.3141830517323368,210,210,216,1.4650707626736887,210,210,216,0.49052158431233545,210,210,216
MetroPT-3/5T,short,tsrag,tsrag,0.491454653441906,False,,True,30.0,,,,,,0.751799976006058,0.3381630960990036,210,210,216,1.1908167846593851,210,210,216,4.800059093615512,210,210,216,0.6560375555348583,210,210,216,3.651658159449198,210,210,216,0.3381630960990036,210,210,216,1.5345060886506963,210,210,216,0.5003933228402735,210,210,216
MetroPT-3/5T,short,vanilla,vanilla,0.959279453381896,False,,False,0.0,,,,,,0.700138146878562,0.3141830517323368,210,210,216,1.1011302743875284,210,210,216,3.299696293306656,210,210,216,0.6109562823545718,210,210,216,3.3005064808261118,210,210,216,0.3141830517323368,210,210,216,1.4650707626736887,210,210,216,0.49052158431233545,210,210,216
MetroPT-3/5T,short,y_ridge_shared,y_ridge_shared,0.959279453381896,False,,False,0.0,vanilla,"{""vanilla"": 1.0}",210.0,210.0,1.0,0.700138146878562,0.3141830517323368,210,210,216,1.1011302743875284,210,210,216,3.299696293306656,210,210,216,0.6109562823545718,210,210,216,3.3005064808261118,210,210,216,0.3141830517323368,210,210,216,1.4650707626736887,210,210,216,0.49052158431233545,210,210,216
NE_China_Wind/H,long,bayes_covariate_prediction,bayes_covariate_prediction,0.08235644455999136,False,,False,0.0,vanilla,"{""vanilla"": 1.0}",16.0,16.0,1.0,0.8897073397819044,0.6048208950474667,16,16,16,0.436532138979341,16,16,16,1.1978937363571522,16,16,16,1.1842645854026905,16,16,16,0.32159515167077135,16,16,16,0.6048208950474667,16,16,16,0.5253233213420788,16,16,16,0.7967295801660719,16,16,16
NE_China_Wind/H,long,bayes_past_targets_prediction,bayes_past_targets_prediction,0.08235644455999136,False,,False,0.0,vanilla,"{""vanilla"": 1.0}",16.0,16.0,1.0,0.8897073397819044,0.6048208950474667,16,16,16,0.436532138979341,16,16,16,1.1978937363571522,16,16,16,1.1842645854026905,16,16,16,0.32159515167077135,16,16,16,0.6048208950474667,16,16,16,0.5253233213420788,16,16,16,0.7967295801660719,16,16,16
NE_China_Wind/H,long,cov_ridge_shared,cov_ridge_shared,0.08235644455999136,False,,False,0.0,vanilla,"{""vanilla"": 1.0}",16.0,16.0,1.0,0.8897073397819044,0.6048208950474667,16,16,16,0.436532138979341,16,16,16,1.1978937363571522,16,16,16,1.1842645854026905,16,16,16,0.32159515167077135,16,16,16,0.6048208950474667,16,16,16,0.5253233213420788,16,16,16,0.7967295801660719,16,16,16
NE_China_Wind/H,long,covariate_prediction,covariate_prediction,0.08235644455999136,False,,False,0.0,vanilla,"{""vanilla"": 1.0}",16.0,16.0,1.0,0.8897073397819044,0.6048208950474667,16,16,16,0.436532138979341,16,16,16,1.1978937363571522,16,16,16,1.1842645854026905,16,16,16,0.32159515167077135,16,16,16,0.6048208950474667,16,16,16,0.5253233213420788,16,16,16,0.7967295801660719,16,16,16
NE_China_Wind/H,long,full_ridge_per_variate,full_ridge_per_variate,0.08235644455999136,False,,False,0.0,vanilla,"{""vanilla"": 1.0}",16.0,16.0,1.0,0.8897073397819044,0.6048208950474667,16,16,16,0.436532138979341,16,16,16,1.1978937363571522,16,16,16,1.1842645854026905,16,16,16,0.32159515167077135,16,16,16,0.6048208950474667,16,16,16,0.5253233213420788,16,16,16,0.7967295801660719,16,16,16
NE_China_Wind/H,long,full_ridge_shared,full_ridge_shared,0.08235644455999136,False,,False,0.0,vanilla,"{""vanilla"": 1.0}",16.0,16.0,1.0,0.8897073397819044,0.6048208950474667,16,16,16,0.436532138979341,16,16,16,1.1978937363571522,16,16,16,1.1842645854026905,16,16,16,0.32159515167077135,16,16,16,0.6048208950474667,16,16,16,0.5253233213420788,16,16,16,0.7967295801660719,16,16,16
NE_China_Wind/H,long,seasonal_naive,seasonal_naive,0.10292179975658655,False,,False,0.0,,,,,,1.0,0.6638503214839259,16,16,16,0.497451831266127,16,16,16,1.648974014057879,16,16,16,1.3310720643183538,16,16,16,0.4332654735940372,16,16,16,0.6796742623204772,16,16,16,0.605698602985079,16,16,16,0.7946075612036296,16,16,16
NE_China_Wind/H,long,selected_adaptation,selected_adaptation,0.08235644455999136,False,,False,0.0,vanilla,"{""vanilla"": 1.0}",16.0,16.0,1.0,0.8897073397819044,0.6048208950474667,16,16,16,0.436532138979341,16,16,16,1.1978937363571522,16,16,16,1.1842645854026905,16,16,16,0.32159515167077135,16,16,16,0.6048208950474667,16,16,16,0.5253233213420788,16,16,16,0.7967295801660719,16,16,16
NE_China_Wind/H,long,tsrag,tsrag,0.15324313566088676,False,,False,0.0,,,,,,0.831932255305548,0.5941615113874351,16,16,16,0.42050402855290614,16,16,16,1.2194602281741758,16,16,16,1.1073617844425796,16,16,16,0.3045891800115279,16,16,16,0.5941615113874351,16,16,16,0.5187899147769826,16,16,16,0.7797616095231692,16,16,16
NE_China_Wind/H,long,vanilla,vanilla,0.08235644455999136,False,,False,0.0,,,,,,0.8897073397819044,0.6048208950474667,16,16,16,0.436532138979341,16,16,16,1.1978937363571522,16,16,16,1.1842645854026905,16,16,16,0.32159515167077135,16,16,16,0.6048208950474667,16,16,16,0.5253233213420788,16,16,16,0.7967295801660719,16,16,16
NE_China_Wind/H,long,y_ridge_shared,y_ridge_shared,0.08235644455999136,False,,False,0.0,vanilla,"{""vanilla"": 1.0}",16.0,16.0,1.0,0.8897073397819044,0.6048208950474667,16,16,16,0.436532138979341,16,16,16,1.1978937363571522,16,16,16,1.1842645854026905,16,16,16,0.32159515167077135,16,16,16,0.6048208950474667,16,16,16,0.5253233213420788,16,16,16,0.7967295801660719,16,16,16
NE_China_Wind/H,medium,bayes_covariate_prediction,bayes_covariate_prediction,4.937948626931757,False,,False,0.0,bayes_past_targets_prediction,"{""bayes_past_targets_prediction"": 1.0}",0.0,40.0,0.0,0.8132062447203683,0.531635333821461,40,40,40,0.3555530003580013,40,40,40,0.9416533710056545,40,40,40,0.8884255938412966,40,40,40,0.23931936814359198,40,40,40,0.531635333821461,40,40,40,0.4115743037719451,40,40,40,0.6971360166450837,40,40,40
NE_China_Wind/H,medium,bayes_past_targets_prediction,bayes_past_targets_prediction,0.9104510266333818,False,,False,0.0,bayes_past_targets_prediction,"{""bayes_past_targets_prediction"": 1.0}",0.0,40.0,0.0,0.815933617259296,0.5470947017887093,40,40,40,0.35682339954708164,40,40,40,1.0062872457283853,40,40,40,0.8914052408659657,40,40,40,0.2330784076523807,40,40,40,0.5470947017887093,40,40,40,0.4150705614599005,40,40,40,0.6772320682070376,40,40,40
NE_China_Wind/H,medium,cov_ridge_shared,cov_ridge_shared,7.923897931352258,False,,False,0.0,bayes_past_targets_prediction,"{""bayes_past_targets_prediction"": 1.0}",0.0,40.0,0.0,0.8349511379411565,0.5417261150976715,40,40,40,0.36411217363597137,40,40,40,0.9550350134337027,40,40,40,0.9121818300951603,40,40,40,0.24768606886951433,40,40,40,0.5417261150976715,40,40,40,0.4197360737928707,40,40,40,0.7030462062528822,40,40,40
NE_China_Wind/H,medium,covariate_prediction,covariate_prediction,4.937897585332394,False,,False,0.0,bayes_past_targets_prediction,"{""bayes_past_targets_prediction"": 1.0}",0.0,40.0,0.0,0.8259231984366378,0.5313436096009112,40,40,40,0.3607825557031902,40,40,40,0.9291830907463166,40,40,40,0.902318830926698,40,40,40,0.24437215363586998,40,40,40,0.5313436096009112,40,40,40,0.4166426861608918,40,40,40,0.7087398131094047,40,40,40
NE_China_Wind/H,medium,full_ridge_per_variate,full_ridge_per_variate,7.923897931352258,False,,False,0.0,bayes_past_targets_prediction,"{""bayes_past_targets_prediction"": 1.0}",40.0,40.0,1.0,0.8219857427508125,0.5422895963779943,40,40,40,0.35842533666469134,40,40,40,0.9946271927875525,40,40,40,0.8980171713801631,40,40,40,0.23818093032212095,40,40,40,0.5422895963779943,40,40,40,0.41660410459853503,40,40,40,0.6859697231544158,40,40,40
NE_China_Wind/H,medium,full_ridge_shared,full_ridge_shared,7.923897931352258,False,,False,0.0,bayes_past_targets_prediction,"{""bayes_past_targets_prediction"": 1.0}",0.0,40.0,0.0,0.8455064395674339,0.5303565425795055,40,40,40,0.36673908468844985,40,40,40,0.894717936845894,40,40,40,0.9237134681960508,40,40,40,0.24467910549029215,40,40,40,0.5303565425795055,40,40,40,0.42170946743927223,40,40,40,0.7059564062744539,40,40,40
NE_China_Wind/H,medium,seasonal_naive,seasonal_naive,0.18750894628465176,False,,False,0.0,,,,,,1.0,0.6514802047838119,40,40,40,0.45349016121039715,40,40,40,1.8736616596982523,40,40,40,1.092497259593467,40,40,40,0.3842417525711321,40,40,40,0.7431565091466994,40,40,40,0.518222583162576,40,40,40,0.764326454765596,40,40,40
NE_China_Wind/H,medium,selected_adaptation,selected_adaptation,0.9104510266333818,False,,False,0.0,bayes_past_targets_prediction,"{""bayes_past_targets_prediction"": 1.0}",0.0,40.0,0.0,0.815933617259296,0.5470947017887093,40,40,40,0.35682339954708164,40,40,40,1.0062872457283853,40,40,40,0.8914052408659657,40,40,40,0.2330784076523807,40,40,40,0.5470947017887093,40,40,40,0.4150705614599005,40,40,40,0.6772320682070376,40,40,40
NE_China_Wind/H,medium,tsrag,tsrag,0.19046839699149132,False,,False,0.0,,,,,,0.7966908663689866,0.591641087130077,40,40,40,0.35269371771088726,40,40,40,1.1385183019234084,40,40,40,0.8703825882512628,40,40,40,0.2402330613879637,40,40,40,0.591641087130077,40,40,40,0.4147501008975416,40,40,40,0.7004959910858712,40,40,40
NE_China_Wind/H,medium,vanilla,vanilla,0.19311741273850203,False,,False,0.0,,,,,,0.8219857427508125,0.5422895963779943,40,40,40,0.35842533666469134,40,40,40,0.9946271927875525,40,40,40,0.8980171713801631,40,40,40,0.23818093032212095,40,40,40,0.5422895963779943,40,40,40,0.41660410459853503,40,40,40,0.6859697231544158,40,40,40
NE_China_Wind/H,medium,y_ridge_shared,y_ridge_shared,7.923897931352258,False,,False,0.0,bayes_past_targets_prediction,"{""bayes_past_targets_prediction"": 1.0}",0.0,40.0,0.0,0.8320432974471791,0.5406817438652018,40,40,40,0.3630297351838888,40,40,40,0.9518052756176683,40,40,40,0.9090050223241551,40,40,40,0.24672175612583983,40,40,40,0.5406817438652018,40,40,40,0.41874594344703936,40,40,40,0.7011517381417767,40,40,40
NE_China_Wind/H,short,bayes_covariate_prediction,bayes_covariate_prediction,0.5571868931874633,False,,False,0.0,bayes_past_targets_prediction,"{""bayes_past_targets_prediction"": 1.0}",120.0,120.0,1.0,0.6058018711378518,0.4323027746106739,120,120,120,0.2132745439408205,120,120,120,0.8395209404689279,120,120,120,0.5041530721201688,120,120,120,0.09862220753918391,120,120,120,0.4323027746106739,120,120,120,0.24958888630479903,120,120,120,0.4869280520599561,120,120,120
NE_China_Wind/H,short,bayes_past_targets_prediction,bayes_past_targets_prediction,2.843522713519633,False,,False,0.0,bayes_past_targets_prediction,"{""bayes_past_targets_prediction"": 1.0}",0.0,120.0,0.0,0.5973225223593555,0.4286364823413918,120,120,120,0.21019773375252654,120,120,120,0.8220465813339525,120,120,120,0.4970964915120105,120,120,120,0.09473806381925433,120,120,120,0.4286364823413918,120,120,120,0.24570658450061636,120,120,120,0.48546738774553233,120,120,120
NE_China_Wind/H,short,cov_ridge_shared,cov_ridge_shared,0.5571402022615075,False,,False,0.0,bayes_past_targets_prediction,"{""bayes_past_targets_prediction"": 1.0}",120.0,120.0,1.0,0.6058018711378518,0.4323027746106739,120,120,120,0.2132745439408205,120,120,120,0.8395209404689279,120,120,120,0.5041530721201688,120,120,120,0.09862220753918391,120,120,120,0.4323027746106739,120,120,120,0.24958888630479903,120,120,120,0.4869280520599561,120,120,120
NE_China_Wind/H,short,covariate_prediction,covariate_prediction,0.5571402022615075,False,,False,0.0,bayes_past_targets_prediction,"{""bayes_past_targets_prediction"": 1.0}",120.0,120.0,1.0,0.6058018711378518,0.4323027746106739,120,120,120,0.2132745439408205,120,120,120,0.8395209404689279,120,120,120,0.5041530721201688,120,120,120,0.09862220753918391,120,120,120,0.4323027746106739,120,120,120,0.24958888630479903,120,120,120,0.4869280520599561,120,120,120
NE_China_Wind/H,short,full_ridge_per_variate,full_ridge_per_variate,0.5571402022615075,False,,False,0.0,bayes_past_targets_prediction,"{""bayes_past_targets_prediction"": 1.0}",120.0,120.0,1.0,0.6058018711378518,0.4323027746106739,120,120,120,0.2132745439408205,120,120,120,0.8395209404689279,120,120,120,0.5041530721201688,120,120,120,0.09862220753918391,120,120,120,0.4323027746106739,120,120,120,0.24958888630479903,120,120,120,0.4869280520599561,120,120,120
NE_China_Wind/H,short,full_ridge_shared,full_ridge_shared,0.5571402022615075,False,,False,0.0,bayes_past_targets_prediction,"{""bayes_past_targets_prediction"": 1.0}",120.0,120.0,1.0,0.6058018711378518,0.4323027746106739,120,120,120,0.2132745439408205,120,120,120,0.8395209404689279,120,120,120,0.5041530721201688,120,120,120,0.09862220753918391,120,120,120,0.4323027746106739,120,120,120,0.24958888630479903,120,120,120,0.4869280520599561,120,120,120
NE_China_Wind/H,short,seasonal_naive,seasonal_naive,0.45941207837313414,False,,False,0.0,,,,,,1.0,0.6243620226059351,120,120,120,0.358352166876082,120,120,120,1.5868631488566878,120,120,120,0.8322078490336116,120,120,120,0.2638854597360792,120,120,120,0.7401951538036329,120,120,120,0.4020795677069259,120,120,120,0.6337995643807788,120,120,120
NE_China_Wind/H,short,selected_adaptation,selected_adaptation,2.843522713519633,False,,False,0.0,bayes_past_targets_prediction,"{""bayes_past_targets_prediction"": 1.0}",0.0,120.0,0.0,0.5973225223593555,0.4286364823413918,120,120,120,0.21019773375252654,120,120,120,0.8220465813339525,120,120,120,0.4970964915120105,120,120,120,0.09473806381925433,120,120,120,0.4286364823413918,120,120,120,0.24570658450061636,120,120,120,0.48546738774553233,120,120,120
NE_China_Wind/H,short,tsrag,tsrag,0.5571402022615075,True,"{""code"": ""insufficient_global_datastore"", ""message"": ""global datastore requires at least 11 dates per variate; the least-covered variate has 0""}",False,0.0,,,,,,0.6058018711378518,0.4323027746106739,120,120,120,0.2132745439408205,120,120,120,0.8395209404689279,120,120,120,0.5041530721201688,120,120,120,0.09862220753918391,120,120,120,0.4323027746106739,120,120,120,0.24958888630479903,120,120,120,0.4869280520599561,120,120,120
NE_China_Wind/H,short,vanilla,vanilla,0.5571402022615075,False,,False,0.0,,,,,,0.6058018711378518,0.4323027746106739,120,120,120,0.2132745439408205,120,120,120,0.8395209404689279,120,120,120,0.5041530721201688,120,120,120,0.09862220753918391,120,120,120,0.4323027746106739,120,120,120,0.24958888630479903,120,120,120,0.4869280520599561,120,120,120
NE_China_Wind/H,short,y_ridge_shared,y_ridge_shared,0.5571402022615075,False,,False,0.0,bayes_past_targets_prediction,"{""bayes_past_targets_prediction"": 1.0}",120.0,120.0,1.0,0.6058018711378518,0.4323027746106739,120,120,120,0.2132745439408205,120,120,120,0.8395209404689279,120,120,120,0.5041530721201688,120,120,120,0.09862220753918391,120,120,120,0.4323027746106739,120,120,120,0.24958888630479903,120,120,120,0.4869280520599561,120,120,120
Oil_Price/B,short,bayes_covariate_prediction,bayes_covariate_prediction,1.1634448878467083,False,,False,0.0,vanilla,"{""vanilla"": 1.0}",420.0,420.0,1.0,0.8818027893586986,0.05678766442831534,420,420,420,0.6698824115098646,420,420,420,0.05722643642256675,420,420,420,1.366502456436393,420,420,420,3.076797964098311,420,420,420,0.05678766442831534,420,420,420,0.7766318553296516,420,420,420,0.05626318301104897,420,420,420
Oil_Price/B,short,bayes_past_targets_prediction,bayes_past_targets_prediction,1.1634448878467083,False,,False,0.0,vanilla,"{""vanilla"": 1.0}",420.0,420.0,1.0,0.8818027893586986,0.05678766442831534,420,420,420,0.6698824115098646,420,420,420,0.05722643642256675,420,420,420,1.366502456436393,420,420,420,3.076797964098311,420,420,420,0.05678766442831534,420,420,420,0.7766318553296516,420,420,420,0.05626318301104897,420,420,420
Oil_Price/B,short,cov_ridge_shared,cov_ridge_shared,1.1634448878467083,False,,False,0.0,vanilla,"{""vanilla"": 1.0}",420.0,420.0,1.0,0.8818027893586986,0.05678766442831534,420,420,420,0.6698824115098646,420,420,420,0.05722643642256675,420,420,420,1.366502456436393,420,420,420,3.076797964098311,420,420,420,0.05678766442831534,420,420,420,0.7766318553296516,420,420,420,0.05626318301104897,420,420,420
Oil_Price/B,short,covariate_prediction,covariate_prediction,1.1634448878467083,False,,False,0.0,vanilla,"{""vanilla"": 1.0}",420.0,420.0,1.0,0.8818027893586986,0.05678766442831534,420,420,420,0.6698824115098646,420,420,420,0.05722643642256675,420,420,420,1.366502456436393,420,420,420,3.076797964098311,420,420,420,0.05678766442831534,420,420,420,0.7766318553296516,420,420,420,0.05626318301104897,420,420,420
Oil_Price/B,short,full_ridge_per_variate,full_ridge_per_variate,1.1634448878467083,False,,False,0.0,vanilla,"{""vanilla"": 1.0}",420.0,420.0,1.0,0.8818027893586986,0.05678766442831534,420,420,420,0.6698824115098646,420,420,420,0.05722643642256675,420,420,420,1.366502456436393,420,420,420,3.076797964098311,420,420,420,0.05678766442831534,420,420,420,0.7766318553296516,420,420,420,0.05626318301104897,420,420,420
Oil_Price/B,short,full_ridge_shared,full_ridge_shared,1.1634448878467083,False,,False,0.0,vanilla,"{""vanilla"": 1.0}",420.0,420.0,1.0,0.8818027893586986,0.05678766442831534,420,420,420,0.6698824115098646,420,420,420,0.05722643642256675,420,420,420,1.366502456436393,420,420,420,3.076797964098311,420,420,420,0.05678766442831534,420,420,420,0.7766318553296516,420,420,420,0.05626318301104897,420,420,420
Oil_Price/B,short,seasonal_naive,seasonal_naive,12.918505388312042,False,,False,0.0,,,,,,1.0,0.05343158435940561,420,420,420,0.7113957085342517,420,420,420,0.06514997943376033,420,420,420,1.5496690109476723,420,420,420,3.2693135506027864,420,420,420,0.06490328743871301,420,420,420,0.831047092819043,420,420,420,0.06370583295095503,420,420,420
Oil_Price/B,short,selected_adaptation,selected_adaptation,1.1634448878467083,False,,False,0.0,vanilla,"{""vanilla"": 1.0}",420.0,420.0,1.0,0.8818027893586986,0.05678766442831534,420,420,420,0.6698824115098646,420,420,420,0.05722643642256675,420,420,420,1.366502456436393,420,420,420,3.076797964098311,420,420,420,0.05678766442831534,420,420,420,0.7766318553296516,420,420,420,0.05626318301104897,420,420,420
Oil_Price/B,short,tsrag,tsrag,0.9555942192673683,False,,True,420.0,,,,,,0.8818027893586986,0.05678766442831534,420,420,420,0.6698824115098646,420,420,420,0.05722643642256675,420,420,420,1.366502456436393,420,420,420,3.076797964098311,420,420,420,0.05678766442831534,420,420,420,0.7766318553296516,420,420,420,0.05626318301104897,420,420,420
Oil_Price/B,short,vanilla,vanilla,1.1634448878467083,False,,False,0.0,,,,,,0.8818027893586986,0.05678766442831534,420,420,420,0.6698824115098646,420,420,420,0.05722643642256675,420,420,420,1.366502456436393,420,420,420,3.076797964098311,420,420,420,0.05678766442831534,420,420,420,0.7766318553296516,420,420,420,0.05626318301104897,420,420,420
Oil_Price/B,short,y_ridge_shared,y_ridge_shared,1.1634448878467083,False,,False,0.0,vanilla,"{""vanilla"": 1.0}",420.0,420.0,1.0,0.8818027893586986,0.05678766442831534,420,420,420,0.6698824115098646,420,420,420,0.05722643642256675,420,420,420,1.366502456436393,420,420,420,3.076797964098311,420,420,420,0.05678766442831534,420,420,420,0.7766318553296516,420,420,420,0.05626318301104897,420,420,420
Online_Retail_2_UCI/D,short,bayes_covariate_prediction,bayes_covariate_prediction,0.07702056411653757,False,,False,0.0,vanilla,"{""vanilla"": 1.0}",6.0,6.0,1.0,0.37533791582293685,0.29596456526123743,6,6,6,10064.97947048611,6,6,6,0.30026555376206715,6,6,6,0.6092701622875667,6,6,6,308363463.36606187,6,6,6,0.29596456526123743,6,6,6,16022.475778470647,6,6,6,0.5429929343976653,6,6,6
Online_Retail_2_UCI/D,short,bayes_past_targets_prediction,bayes_past_targets_prediction,0.07702056411653757,False,,False,0.0,vanilla,"{""vanilla"": 1.0}",6.0,6.0,1.0,0.37533791582293685,0.29596456526123743,6,6,6,10064.97947048611,6,6,6,0.30026555376206715,6,6,6,0.6092701622875667,6,6,6,308363463.36606187,6,6,6,0.29596456526123743,6,6,6,16022.475778470647,6,6,6,0.5429929343976653,6,6,6
Online_Retail_2_UCI/D,short,cov_ridge_shared,cov_ridge_shared,0.07702056411653757,False,,False,0.0,vanilla,"{""vanilla"": 1.0}",6.0,6.0,1.0,0.37533791582293685,0.29596456526123743,6,6,6,10064.97947048611,6,6,6,0.30026555376206715,6,6,6,0.6092701622875667,6,6,6,308363463.36606187,6,6,6,0.29596456526123743,6,6,6,16022.475778470647,6,6,6,0.5429929343976653,6,6,6
Online_Retail_2_UCI/D,short,covariate_prediction,covariate_prediction,0.07702056411653757,False,,False,0.0,vanilla,"{""vanilla"": 1.0}",6.0,6.0,1.0,0.37533791582293685,0.29596456526123743,6,6,6,10064.97947048611,6,6,6,0.30026555376206715,6,6,6,0.6092701622875667,6,6,6,308363463.36606187,6,6,6,0.29596456526123743,6,6,6,16022.475778470647,6,6,6,0.5429929343976653,6,6,6
Online_Retail_2_UCI/D,short,full_ridge_per_variate,full_ridge_per_variate,0.07702056411653757,False,,False,0.0,vanilla,"{""vanilla"": 1.0}",6.0,6.0,1.0,0.37533791582293685,0.29596456526123743,6,6,6,10064.97947048611,6,6,6,0.30026555376206715,6,6,6,0.6092701622875667,6,6,6,308363463.36606187,6,6,6,0.29596456526123743,6,6,6,16022.475778470647,6,6,6,0.5429929343976653,6,6,6
Online_Retail_2_UCI/D,short,full_ridge_shared,full_ridge_shared,0.07702056411653757,False,,False,0.0,vanilla,"{""vanilla"": 1.0}",6.0,6.0,1.0,0.37533791582293685,0.29596456526123743,6,6,6,10064.97947048611,6,6,6,0.30026555376206715,6,6,6,0.6092701622875667,6,6,6,308363463.36606187,6,6,6,0.29596456526123743,6,6,6,16022.475778470647,6,6,6,0.5429929343976653,6,6,6
Online_Retail_2_UCI/D,short,seasonal_naive,seasonal_naive,0.02367151528596878,False,,False,0.0,,,,,,1.0,0.8980603672269803,6,6,6,26709.840342881944,6,6,6,0.8271458327537525,6,6,6,1.6232577008686375,6,6,6,1262580518.4348545,6,6,6,0.8598977282154044,6,6,6,32649.6729729862,6,6,6,0.8897258523472562,6,6,6
Online_Retail_2_UCI/D,short,selected_adaptation,selected_adaptation,0.07702056411653757,False,,False,0.0,vanilla,"{""vanilla"": 1.0}",6.0,6.0,1.0,0.37533791582293685,0.29596456526123743,6,6,6,10064.97947048611,6,6,6,0.30026555376206715,6,6,6,0.6092701622875667,6,6,6,308363463.36606187,6,6,6,0.29596456526123743,6,6,6,16022.475778470647,6,6,6,0.5429929343976653,6,6,6
Online_Retail_2_UCI/D,short,tsrag,tsrag,0.07702056411653757,True,"{""code"": ""insufficient_global_datastore"", ""message"": ""global datastore requires at least 11 dates per variate; the least-covered variate has 0""}",False,0.0,,,,,,0.37533791582293685,0.29596456526123743,6,6,6,10064.97947048611,6,6,6,0.30026555376206715,6,6,6,0.6092701622875667,6,6,6,308363463.36606187,6,6,6,0.29596456526123743,6,6,6,16022.475778470647,6,6,6,0.5429929343976653,6,6,6
Online_Retail_2_UCI/D,short,vanilla,vanilla,0.07702056411653757,False,,False,0.0,,,,,,0.37533791582293685,0.29596456526123743,6,6,6,10064.97947048611,6,6,6,0.30026555376206715,6,6,6,0.6092701622875667,6,6,6,308363463.36606187,6,6,6,0.29596456526123743,6,6,6,16022.475778470647,6,6,6,0.5429929343976653,6,6,6
Online_Retail_2_UCI/D,short,y_ridge_shared,y_ridge_shared,0.07702056411653757,False,,False,0.0,vanilla,"{""vanilla"": 1.0}",6.0,6.0,1.0,0.37533791582293685,0.29596456526123743,6,6,6,10064.97947048611,6,6,6,0.30026555376206715,6,6,6,0.6092701622875667,6,6,6,308363463.36606187,6,6,6,0.29596456526123743,6,6,6,16022.475778470647,6,6,6,0.5429929343976653,6,6,6
OpenElectricity_NEM/5T,long,bayes_covariate_prediction,bayes_covariate_prediction,16.602811126969755,False,,False,0.0,bayes_covariate_prediction,"{""bayes_covariate_prediction"": 1.0}",0.0,140.0,0.0,0.6931585932571641,0.23444330403749367,140,140,140,101.93568496518151,140,140,140,5.125969315279375,140,140,140,0.7087370119076268,140,140,140,38333.72466957553,140,140,140,0.23444330403749367,140,140,140,134.3968394666437,140,140,140,0.25640701259432397,140,140,140
OpenElectricity_NEM/5T,long,bayes_past_targets_prediction,bayes_past_targets_prediction,7.7147313533350825,False,,False,0.0,bayes_covariate_prediction,"{""bayes_covariate_prediction"": 1.0}",0.0,140.0,0.0,0.7074363127010536,0.23398002888817732,140,140,140,106.37699184966216,140,140,140,5.111292770201156,140,140,140,0.7233356164895416,140,140,140,45311.707827006874,140,140,140,0.23398002888817732,140,140,140,141.25932311976592,140,140,140,0.256222304756187,140,140,140
OpenElectricity_NEM/5T,long,cov_ridge_shared,cov_ridge_shared,19.175289744511247,False,,False,0.0,bayes_covariate_prediction,"{""bayes_covariate_prediction"": 1.0}",0.0,140.0,0.0,0.6983146452561207,0.23213021173234583,140,140,140,103.70944009727137,140,140,140,5.015856343099274,140,140,140,0.7140089437894914,140,140,140,40859.46346388513,140,140,140,0.23213021173234583,140,140,140,136.73442379415744,140,140,140,0.2558447892997571,140,140,140
OpenElectricity_NEM/5T,long,covariate_prediction,covariate_prediction,16.602627724409103,False,,False,0.0,bayes_covariate_prediction,"{""bayes_covariate_prediction"": 1.0}",0.0,140.0,0.0,0.7136764801625723,0.24621733171928092,140,140,140,106.5806366060841,140,140,140,5.551656905542351,140,140,140,0.729716028827356,140,140,140,40329.04912026192,140,140,140,0.24621733171928092,140,140,140,139.3824380456206,140,140,140,0.2644679615898867,140,140,140
OpenElectricity_NEM/5T,long,full_ridge_per_variate,full_ridge_per_variate,19.175289744511247,False,,False,0.0,bayes_covariate_prediction,"{""bayes_covariate_prediction"": 1.0}",140.0,140.0,1.0,0.7185660787476735,0.2333068520113239,140,140,140,108.88047116414315,140,140,140,4.9506186561675625,140,140,140,0.73471551887818,140,140,140,47413.416758918866,140,140,140,0.2333068520113239,140,140,140,144.01646402049226,140,140,140,0.2605270696018214,140,140,140
OpenElectricity_NEM/5T,long,full_ridge_shared,full_ridge_shared,19.175289744511247,False,,False,0.0,bayes_covariate_prediction,"{""bayes_covariate_prediction"": 1.0}",0.0,140.0,0.0,0.7085382626092555,0.24184284870554315,140,140,140,103.87903719680185,140,140,140,5.429626994307966,140,140,140,0.7244623322120446,140,140,140,41215.312519302395,140,140,140,0.24184284870554315,140,140,140,136.99398574441423,140,140,140,0.26244736793269324,140,140,140
OpenElectricity_NEM/5T,long,seasonal_naive,seasonal_naive,1.473781293258071,False,,False,0.0,,,,,,1.0,0.2713505815638948,140,140,140,174.96310609774508,140,140,140,6.674992602652371,140,140,140,1.0224745372877215,140,140,140,138463.57905716434,140,140,140,0.31944389564092185,140,140,140,233.68726149641947,140,140,140,0.3430365917960819,140,140,140
OpenElectricity_NEM/5T,long,selected_adaptation,selected_adaptation,16.602811126969755,False,,False,0.0,bayes_covariate_prediction,"{""bayes_covariate_prediction"": 1.0}",0.0,140.0,0.0,0.6931585932571641,0.23444330403749367,140,140,140,101.93568496518151,140,140,140,5.125969315279375,140,140,140,0.7087370119076268,140,140,140,38333.72466957553,140,140,140,0.23444330403749367,140,140,140,134.3968394666437,140,140,140,0.25640701259432397,140,140,140
OpenElectricity_NEM/5T,long,tsrag,tsrag,1.485747653990984,False,,False,0.0,,,,,,1.4533033537145197,0.36240313008838837,140,140,140,291.0464584655596,140,140,140,7.2809092551094245,140,140,140,1.4859656741279474,140,140,140,330321.004849631,140,140,140,0.36240313008838837,140,140,140,368.85716858945204,140,140,140,0.42999934700813347,140,140,140
OpenElectricity_NEM/5T,long,vanilla,vanilla,0.6479113027453423,False,,False,0.0,,,,,,0.7185660787476735,0.2333068520113239,140,140,140,108.88047116414315,140,140,140,4.9506186561675625,140,140,140,0.73471551887818,140,140,140,47413.416758918866,140,140,140,0.2333068520113239,140,140,140,144.01646402049226,140,140,140,0.2605270696018214,140,140,140
OpenElectricity_NEM/5T,long,y_ridge_shared,y_ridge_shared,19.175289744511247,False,,False,0.0,bayes_covariate_prediction,"{""bayes_covariate_prediction"": 1.0}",140.0,140.0,1.0,0.7185660787476735,0.2333068520113239,140,140,140,108.88047116414315,140,140,140,4.9506186561675625,140,140,140,0.73471551887818,140,140,140,47413.416758918866,140,140,140,0.2333068520113239,140,140,140,144.01646402049226,140,140,140,0.2605270696018214,140,140,140
OpenElectricity_NEM/5T,medium,bayes_covariate_prediction,bayes_covariate_prediction,25.808494186028838,False,,False,0.0,full_ridge_shared,"{""full_ridge_shared"": 1.0}",0.0,420.0,0.0,0.5473399053371029,0.20098417759902085,420,420,420,82.28833962799288,420,420,420,4.441542452936565,420,420,420,0.5594226508640984,420,420,420,27921.96939118038,420,420,420,0.20098417759902085,420,420,420,103.29453008041398,420,420,420,0.2089066158419739,420,420,420
OpenElectricity_NEM/5T,medium,bayes_past_targets_prediction,bayes_past_targets_prediction,22.706006802618504,False,,False,0.0,full_ridge_shared,"{""full_ridge_shared"": 1.0}",0.0,420.0,0.0,0.5622212404869625,0.20233810305970967,420,420,420,86.36988962562856,420,420,420,4.313857820883335,420,420,420,0.5746324973904617,420,420,420,32139.514563305227,420,420,420,0.20233810305970967,420,420,420,107.85830310420818,420,420,420,0.21106616786322804,420,420,420
OpenElectricity_NEM/5T,medium,cov_ridge_shared,cov_ridge_shared,31.236385012976825,False,,False,0.0,full_ridge_shared,"{""full_ridge_shared"": 1.0}",0.0,420.0,0.0,0.5559124958931261,0.20223901544117195,420,420,420,84.472505620281,420,420,420,4.640757278593242,420,420,420,0.568184484757188,420,420,420,29909.87021535352,420,420,420,0.20223901544117195,420,420,420,105.85499534767972,420,420,420,0.20934415720752825,420,420,420
OpenElectricity_NEM/5T,medium,covariate_prediction,covariate_prediction,25.80830491427332,False,,False,0.0,full_ridge_shared,"{""full_ridge_shared"": 1.0}",0.0,420.0,0.0,0.5663036723708686,0.2060354898028011,420,420,420,86.51232959230555,420,420,420,4.26287399887457,420,420,420,0.5788050505776083,420,420,420,30882.5475719367,420,420,420,0.2060354898028011,420,420,420,108.4969270597058,420,420,420,0.21449186821998661,420,420,420
OpenElectricity_NEM/5T,medium,full_ridge_per_variate,full_ridge_per_variate,31.236385012976825,False,,False,0.0,full_ridge_shared,"{""full_ridge_shared"": 1.0}",420.0,420.0,1.0,0.5678251559432251,0.20512730701706808,420,420,420,87.01240525947216,420,420,420,4.805303204607642,420,420,420,0.5803601215033609,420,420,420,33266.19322942105,420,420,420,0.20512730701706808,420,420,420,109.41582346230786,420,420,420,0.21195288143625227,420,420,420
OpenElectricity_NEM/5T,medium,full_ridge_shared,full_ridge_shared,31.236385012976825,False,,False,0.0,full_ridge_shared,"{""full_ridge_shared"": 1.0}",0.0,420.0,0.0,0.5614194309109909,0.20815048120859997,420,420,420,84.1652785422975,420,420,420,4.812124277394378,420,420,420,0.5738129875500418,420,420,420,29843.973404140685,420,420,420,0.20815048120859997,420,420,420,105.44825543287223,420,420,420,0.21335824392633174,420,420,420
OpenElectricity_NEM/5T,medium,seasonal_naive,seasonal_naive,2.961383949033916,False,,False,0.0,,,,,,1.0,0.3404458549092729,420,420,420,174.96310609774508,420,420,420,6.851631856059192,420,420,420,1.0220753966761364,420,420,420,138463.57905716437,420,420,420,0.405168573797886,420,420,420,202.92621157831425,420,420,420,0.3430365917960819,420,420,420
OpenElectricity_NEM/5T,medium,selected_adaptation,selected_adaptation,31.236385012976825,False,,False,0.0,full_ridge_shared,"{""full_ridge_shared"": 1.0}",0.0,420.0,0.0,0.5614194309109909,0.20815048120859997,420,420,420,84.1652785422975,420,420,420,4.812124277394378,420,420,420,0.5738129875500418,420,420,420,29843.973404140685,420,420,420,0.20815048120859997,420,420,420,105.44825543287223,420,420,420,0.21335824392633174,420,420,420
OpenElectricity_NEM/5T,medium,tsrag,tsrag,1.7437908742576838,False,,False,0.0,,,,,,1.0095715594683876,0.29060810040857327,420,420,420,202.6556678348934,420,420,420,7.2516608116313215,420,420,420,1.031858252116598,420,420,420,191493.42888431484,420,420,420,0.29060810040857327,420,420,420,258.32813720116803,420,420,420,0.2918959037749594,420,420,420
OpenElectricity_NEM/5T,medium,vanilla,vanilla,1.908146901987493,False,,False,0.0,,,,,,0.5678251559432251,0.20512730701706808,420,420,420,87.01240525947216,420,420,420,4.805303204607642,420,420,420,0.5803601215033609,420,420,420,33266.19322942105,420,420,420,0.20512730701706808,420,420,420,109.41582346230786,420,420,420,0.21195288143625227,420,420,420
OpenElectricity_NEM/5T,medium,y_ridge_shared,y_ridge_shared,31.236385012976825,False,,False,0.0,full_ridge_shared,"{""full_ridge_shared"": 1.0}",0.0,420.0,0.0,0.5775834759327195,0.21383776874514626,420,420,420,87.40706462322058,420,420,420,4.9559910556399025,420,420,420,0.590333860277516,420,420,420,33234.40218937647,420,420,420,0.21383776874514626,420,420,420,109.48507551397881,420,420,420,0.2174024398490833,420,420,420
OpenElectricity_NEM/5T,short,bayes_covariate_prediction,bayes_covariate_prediction,7.634598020929843,False,,False,0.0,bayes_past_targets_prediction,"{""bayes_past_targets_prediction"": 1.0}",1680.0,1680.0,1.0,0.37876226148736414,0.1486650342492687,1680,1680,1680,49.68218320886621,1680,1680,1680,3.5202073983971873,1680,1680,1680,0.38696941063871376,1680,1680,1680,9329.74840032762,1680,1680,1680,0.1486650342492687,1680,1680,1680,58.891891897271734,1680,1680,1680,0.1567273543286194,1680,1680,1680
OpenElectricity_NEM/5T,short,bayes_past_targets_prediction,bayes_past_targets_prediction,90.06214476935565,False,,False,0.0,bayes_past_targets_prediction,"{""bayes_past_targets_prediction"": 1.0}",0.0,1680.0,0.0,0.37354190906910956,0.14744741397604214,1680,1680,1680,48.90038644209788,1680,1680,1680,3.266053492446141,1680,1680,1680,0.38163594185360944,1680,1680,1680,8931.977505166225,1680,1680,1680,0.14744741397604214,1680,1680,1680,57.98964386387705,1680,1680,1680,0.15621325410636533,1680,1680,1680
OpenElectricity_NEM/5T,short,cov_ridge_shared,cov_ridge_shared,7.634401869028807,False,,False,0.0,bayes_past_targets_prediction,"{""bayes_past_targets_prediction"": 1.0}",1680.0,1680.0,1.0,0.37876226148736414,0.1486650342492687,1680,1680,1680,49.68218320886621,1680,1680,1680,3.5202073983971873,1680,1680,1680,0.38696941063871376,1680,1680,1680,9329.74840032762,1680,1680,1680,0.1486650342492687,1680,1680,1680,58.891891897271734,1680,1680,1680,0.1567273543286194,1680,1680,1680
OpenElectricity_NEM/5T,short,covariate_prediction,covariate_prediction,7.634401869028807,False,,False,0.0,bayes_past_targets_prediction,"{""bayes_past_targets_prediction"": 1.0}",1680.0,1680.0,1.0,0.37876226148736414,0.1486650342492687,1680,1680,1680,49.68218320886621,1680,1680,1680,3.5202073983971873,1680,1680,1680,0.38696941063871376,1680,1680,1680,9329.74840032762,1680,1680,1680,0.1486650342492687,1680,1680,1680,58.891891897271734,1680,1680,1680,0.1567273543286194,1680,1680,1680
OpenElectricity_NEM/5T,short,full_ridge_per_variate,full_ridge_per_variate,7.634401869028807,False,,False,0.0,bayes_past_targets_prediction,"{""bayes_past_targets_prediction"": 1.0}",1680.0,1680.0,1.0,0.37876226148736414,0.1486650342492687,1680,1680,1680,49.68218320886621,1680,1680,1680,3.5202073983971873,1680,1680,1680,0.38696941063871376,1680,1680,1680,9329.74840032762,1680,1680,1680,0.1486650342492687,1680,1680,1680,58.891891897271734,1680,1680,1680,0.1567273543286194,1680,1680,1680
OpenElectricity_NEM/5T,short,full_ridge_shared,full_ridge_shared,7.634401869028807,False,,False,0.0,bayes_past_targets_prediction,"{""bayes_past_targets_prediction"": 1.0}",1680.0,1680.0,1.0,0.37876226148736414,0.1486650342492687,1680,1680,1680,49.68218320886621,1680,1680,1680,3.5202073983971873,1680,1680,1680,0.38696941063871376,1680,1680,1680,9329.74840032762,1680,1680,1680,0.1486650342492687,1680,1680,1680,58.891891897271734,1680,1680,1680,0.1567273543286194,1680,1680,1680
OpenElectricity_NEM/5T,short,seasonal_naive,seasonal_naive,9.567372966557741,False,,False,0.0,,,,,,1.0,0.40968273137846206,1680,1680,1680,174.96310609774508,1680,1680,1680,7.065549581494863,1680,1680,1680,1.021668339182264,1680,1680,1680,138463.57905716437,1680,1680,1680,0.48267258848742695,1680,1680,1680,184.6310099883481,1680,1680,1680,0.34303659179608187,1680,1680,1680
OpenElectricity_NEM/5T,short,selected_adaptation,selected_adaptation,90.06214476935565,False,,False,0.0,bayes_past_targets_prediction,"{""bayes_past_targets_prediction"": 1.0}",0.0,1680.0,0.0,0.37354190906910956,0.14744741397604214,1680,1680,1680,48.90038644209788,1680,1680,1680,3.266053492446141,1680,1680,1680,0.38163594185360944,1680,1680,1680,8931.977505166225,1680,1680,1680,0.14744741397604214,1680,1680,1680,57.98964386387705,1680,1680,1680,0.15621325410636533,1680,1680,1680
OpenElectricity_NEM/5T,short,tsrag,tsrag,7.634401869028807,True,"{""code"": ""insufficient_global_datastore"", ""message"": ""global datastore requires at least 11 dates per variate; the least-covered variate has 0""}",False,0.0,,,,,,0.37876226148736414,0.1486650342492687,1680,1680,1680,49.68218320886621,1680,1680,1680,3.5202073983971873,1680,1680,1680,0.38696941063871376,1680,1680,1680,9329.74840032762,1680,1680,1680,0.1486650342492687,1680,1680,1680,58.891891897271734,1680,1680,1680,0.1567273543286194,1680,1680,1680
OpenElectricity_NEM/5T,short,vanilla,vanilla,7.634401869028807,False,,False,0.0,,,,,,0.37876226148736414,0.1486650342492687,1680,1680,1680,49.68218320886621,1680,1680,1680,3.5202073983971873,1680,1680,1680,0.38696941063871376,1680,1680,1680,9329.74840032762,1680,1680,1680,0.1486650342492687,1680,1680,1680,58.891891897271734,1680,1680,1680,0.1567273543286194,1680,1680,1680
OpenElectricity_NEM/5T,short,y_ridge_shared,y_ridge_shared,7.634401869028807,False,,False,0.0,bayes_past_targets_prediction,"{""bayes_past_targets_prediction"": 1.0}",1680.0,1680.0,1.0,0.37876226148736414,0.1486650342492687,1680,1680,1680,49.68218320886621,1680,1680,1680,3.5202073983971873,1680,1680,1680,0.38696941063871376,1680,1680,1680,9329.74840032762,1680,1680,1680,0.1486650342492687,1680,1680,1680,58.891891897271734,1680,1680,1680,0.1567273543286194,1680,1680,1680
Port_Activity/D,short,bayes_covariate_prediction,bayes_covariate_prediction,52.1917078201659,False,,False,0.0,cov_ridge_shared,"{""cov_ridge_shared"": 1.0}",0.0,2376.0,0.0,0.6924813873059902,0.7468137048204777,2376,2376,2376,15449.988170370165,2376,2376,2376,2.995641237596807,2376,2376,2376,0.6603701000628642,2376,2376,2376,941061418.020281,2376,2376,2376,0.7468137048204777,2376,2376,2376,21064.263931627025,2376,2376,2376,0.9311219442935798,2376,2376,2376
Port_Activity/D,short,bayes_past_targets_prediction,bayes_past_targets_prediction,18.926217106636614,False,,False,0.0,cov_ridge_shared,"{""cov_ridge_shared"": 1.0}",0.0,2376.0,0.0,0.6902521403664963,0.7456774413805991,2376,2376,2376,15409.078361393607,2376,2376,2376,2.7295406440138663,2376,2376,2376,0.6582442262827393,2376,2376,2376,949590660.696766,2376,2376,2376,0.7456774413805991,2376,2376,2376,21207.160081686157,2376,2376,2376,0.945131278494297,2376,2376,2376
Port_Activity/D,short,cov_ridge_shared,cov_ridge_shared,77.46933757513762,False,,False,0.0,cov_ridge_shared,"{""cov_ridge_shared"": 1.0}",0.0,2376.0,0.0,0.7109789429995941,0.7681021310888386,2376,2376,2376,15901.654677599854,2376,2376,2376,3.5625106401034055,2376,2376,2376,0.6780098993819844,2376,2376,2376,953125212.8931001,2376,2376,2376,0.7681021310888386,2376,2376,2376,21103.327769468535,2376,2376,2376,0.9215267525517508,2376,2376,2376
Port_Activity/D,short,covariate_prediction,covariate_prediction,52.191255814395845,False,,False,0.0,cov_ridge_shared,"{""cov_ridge_shared"": 1.0}",0.0,2376.0,0.0,0.6941639671706372,0.748835934855936,2376,2376,2376,15481.172859811804,2376,2376,2376,3.0852500307194823,2376,2376,2376,0.6619746564508755,2376,2376,2376,940054381.6686112,2376,2376,2376,0.748835934855936,2376,2376,2376,21038.719176587038,2376,2376,2376,0.9282312617571771,2376,2376,2376
Port_Activity/D,short,full_ridge_per_variate,full_ridge_per_variate,77.46933757513762,False,,False,0.0,cov_ridge_shared,"{""cov_ridge_shared"": 1.0}",0.0,2376.0,0.0,0.7511672241931879,0.9672990417783631,2376,2376,2376,16294.202777535607,2376,2376,2376,4.656617132953366,2376,2376,2376,0.7163345962758825,2376,2376,2376,932317043.7080194,2376,2376,2376,0.9672990417783631,2376,2376,2376,21027.1599814029,2376,2376,2376,0.9167726566659852,2376,2376,2376
Port_Activity/D,short,full_ridge_shared,full_ridge_shared,77.46933757513762,False,,False,0.0,cov_ridge_shared,"{""cov_ridge_shared"": 1.0}",0.0,2376.0,0.0,0.7209521039021268,0.9123976671907205,2376,2376,2376,15832.628695393068,2376,2376,2376,3.722370001056859,2376,2376,2376,0.6875205914870395,2376,2376,2376,943898650.0686035,2376,2376,2376,0.9123976671907205,2376,2376,2376,21022.430100088353,2376,2376,2376,0.9149924077824193,2376,2376,2376
Port_Activity/D,short,seasonal_naive,seasonal_naive,8.336052159778774,False,,False,0.0,,,,,,1.0,3.391925868931976,2376,2376,2376,22185.736493315868,2376,2376,2376,7.209827744867916,2376,2376,2376,0.9536286637709488,2376,2376,2376,1827611456.998278,2376,2376,2376,1.0905238907353605,2376,2376,2376,27928.885457629374,2376,2376,2376,1.0663705003127566,2376,2376,2376
Port_Activity/D,short,selected_adaptation,selected_adaptation,77.46933757513762,False,,False,0.0,cov_ridge_shared,"{""cov_ridge_shared"": 1.0}",0.0,2376.0,0.0,0.7109789429995941,0.7681021310888386,2376,2376,2376,15901.654677599854,2376,2376,2376,3.5625106401034055,2376,2376,2376,0.6780098993819844,2376,2376,2376,953125212.8931001,2376,2376,2376,0.7681021310888386,2376,2376,2376,21103.327769468535,2376,2376,2376,0.9215267525517508,2376,2376,2376
Port_Activity/D,short,tsrag,tsrag,4.97962030954659,False,,False,0.0,,,,,,0.6948430763929553,0.7451603844401525,2376,2376,2376,15481.04548929707,2376,2376,2376,2.738443318425764,2376,2376,2376,0.6626222744711092,2376,2376,2376,954252567.5941133,2376,2376,2376,0.7451603844401525,2376,2376,2376,21244.147341031054,2376,2376,2376,0.9438747899683094,2376,2376,2376
Port_Activity/D,short,vanilla,vanilla,2.6521398844197392,False,,False,0.0,,,,,,0.6903598265604222,0.7443422893384994,2376,2376,2376,15412.239763871194,2376,2376,2376,2.7355985048119216,2376,2376,2376,0.6583469189239594,2376,2376,2376,949152196.0511384,2376,2376,2376,0.7443422893384994,2376,2376,2376,21205.54883214374,2376,2376,2376,0.9460094770376756,2376,2376,2376
Port_Activity/D,short,y_ridge_shared,y_ridge_shared,77.46933757513762,False,,False,0.0,cov_ridge_shared,"{""cov_ridge_shared"": 1.0}",0.0,2376.0,0.0,0.7146812957058282,0.9500309703506454,2376,2376,2376,15715.219528646883,2376,2376,2376,3.328665506321916,2376,2376,2376,0.6815405690460392,2376,2376,2376,951071486.0303319,2376,2376,2376,0.9500309703506454,2376,2376,2376,21141.154104906218,2376,2376,2376,0.9239956620945582,2376,2376,2376
Port_Activity/W,short,bayes_covariate_prediction,bayes_covariate_prediction,0.25951639376580715,True,"{""code"": ""ridge_stage_failed"", ""error_type"": ""ValueError"", ""message"": ""cannot score empty ridge statistics"", ""stage"": ""fit""}",False,0.0,vanilla,"{""vanilla"": 1.0}",792.0,792.0,1.0,0.7987574441591088,0.33705066205574785,792,792,792,43832.342834380775,792,792,792,0.6273764234760665,792,792,792,0.779219753152999,792,792,792,5957653731.784104,792,792,792,0.33705066205574785,792,792,792,53649.41117460023,792,792,792,0.3413357635568055,792,792,792
Port_Activity/W,short,bayes_past_targets_prediction,bayes_past_targets_prediction,0.25951639376580715,True,"{""code"": ""ridge_stage_failed"", ""error_type"": ""ValueError"", ""message"": ""cannot score empty ridge statistics"", ""stage"": ""fit""}",False,0.0,vanilla,"{""vanilla"": 1.0}",792.0,792.0,1.0,0.7987574441591088,0.33705066205574785,792,792,792,43832.342834380775,792,792,792,0.6273764234760665,792,792,792,0.779219753152999,792,792,792,5957653731.784104,792,792,792,0.33705066205574785,792,792,792,53649.41117460023,792,792,792,0.3413357635568055,792,792,792
Port_Activity/W,short,cov_ridge_shared,cov_ridge_shared,0.25951639376580715,True,"{""code"": ""ridge_stage_failed"", ""error_type"": ""ValueError"", ""message"": ""cannot score empty ridge statistics"", ""stage"": ""fit""}",False,0.0,vanilla,"{""vanilla"": 1.0}",792.0,792.0,1.0,0.7987574441591088,0.33705066205574785,792,792,792,43832.342834380775,792,792,792,0.6273764234760665,792,792,792,0.779219753152999,792,792,792,5957653731.784104,792,792,792,0.33705066205574785,792,792,792,53649.41117460023,792,792,792,0.3413357635568055,792,792,792
Port_Activity/W,short,covariate_prediction,covariate_prediction,0.25951639376580715,True,"{""code"": ""ridge_stage_failed"", ""error_type"": ""ValueError"", ""message"": ""cannot score empty ridge statistics"", ""stage"": ""fit""}",False,0.0,vanilla,"{""vanilla"": 1.0}",792.0,792.0,1.0,0.7987574441591088,0.33705066205574785,792,792,792,43832.342834380775,792,792,792,0.6273764234760665,792,792,792,0.779219753152999,792,792,792,5957653731.784104,792,792,792,0.33705066205574785,792,792,792,53649.41117460023,792,792,792,0.3413357635568055,792,792,792
Port_Activity/W,short,full_ridge_per_variate,full_ridge_per_variate,0.25951639376580715,True,"{""code"": ""ridge_stage_failed"", ""error_type"": ""ValueError"", ""message"": ""cannot score empty ridge statistics"", ""stage"": ""fit""}",False,0.0,vanilla,"{""vanilla"": 1.0}",792.0,792.0,1.0,0.7987574441591088,0.33705066205574785,792,792,792,43832.342834380775,792,792,792,0.6273764234760665,792,792,792,0.779219753152999,792,792,792,5957653731.784104,792,792,792,0.33705066205574785,792,792,792,53649.41117460023,792,792,792,0.3413357635568055,792,792,792
Port_Activity/W,short,full_ridge_shared,full_ridge_shared,0.25951639376580715,True,"{""code"": ""ridge_stage_failed"", ""error_type"": ""ValueError"", ""message"": ""cannot score empty ridge statistics"", ""stage"": ""fit""}",False,0.0,vanilla,"{""vanilla"": 1.0}",792.0,792.0,1.0,0.7987574441591088,0.33705066205574785,792,792,792,43832.342834380775,792,792,792,0.6273764234760665,792,792,792,0.779219753152999,792,792,792,5957653731.784104,792,792,792,0.33705066205574785,792,792,792,53649.41117460023,792,792,792,0.3413357635568055,792,792,792
Port_Activity/W,short,seasonal_naive,seasonal_naive,3.622349251061678,False,,False,0.0,,,,,,1.0,0.4889596742876676,792,792,792,54781.29819286897,792,792,792,0.724288606319826,792,792,792,0.9755398949343401,792,792,792,9329314085.23553,792,792,792,0.42276723751366746,792,792,792,65422.32538679435,792,792,792,0.4240240436232044,792,792,792
Port_Activity/W,short,selected_adaptation,selected_adaptation,0.25951639376580715,True,"{""code"": ""ridge_stage_failed"", ""error_type"": ""ValueError"", ""message"": ""cannot score empty ridge statistics"", ""stage"": ""fit""}",False,0.0,vanilla,"{""vanilla"": 1.0}",792.0,792.0,1.0,0.7987574441591088,0.33705066205574785,792,792,792,43832.342834380775,792,792,792,0.6273764234760665,792,792,792,0.779219753152999,792,792,792,5957653731.784104,792,792,792,0.33705066205574785,792,792,792,53649.41117460023,792,792,792,0.3413357635568055,792,792,792
Port_Activity/W,short,tsrag,tsrag,0.25951639376580715,True,"{""code"": ""insufficient_global_datastore"", ""message"": ""global datastore requires at least 11 dates per variate; the least-covered variate has 0""}",False,0.0,,,,,,0.7987574441591088,0.33705066205574785,792,792,792,43832.342834380775,792,792,792,0.6273764234760665,792,792,792,0.779219753152999,792,792,792,5957653731.784104,792,792,792,0.33705066205574785,792,792,792,53649.41117460023,792,792,792,0.3413357635568055,792,792,792
Port_Activity/W,short,vanilla,vanilla,0.25951639376580715,False,,False,0.0,,,,,,0.7987574441591088,0.33705066205574785,792,792,792,43832.342834380775,792,792,792,0.6273764234760665,792,792,792,0.779219753152999,792,792,792,5957653731.784104,792,792,792,0.33705066205574785,792,792,792,53649.41117460023,792,792,792,0.3413357635568055,792,792,792
Port_Activity/W,short,y_ridge_shared,y_ridge_shared,0.25951639376580715,True,"{""code"": ""ridge_stage_failed"", ""error_type"": ""ValueError"", ""message"": ""cannot score empty ridge statistics"", ""stage"": ""fit""}",False,0.0,vanilla,"{""vanilla"": 1.0}",792.0,792.0,1.0,0.7987574441591088,0.33705066205574785,792,792,792,43832.342834380775,792,792,792,0.6273764234760665,792,792,792,0.779219753152999,792,792,792,5957653731.784104,792,792,792,0.33705066205574785,792,792,792,53649.41117460023,792,792,792,0.3413357635568055,792,792,792
SG_Carpark/15T,long,bayes_covariate_prediction,bayes_covariate_prediction,1.6794011853635311,True,"{""code"": ""ridge_stage_failed"", ""error_type"": ""ValueError"", ""message"": ""cannot score empty ridge statistics"", ""stage"": ""fit""}",False,0.0,vanilla,"{""vanilla"": 1.0}",354.0,354.0,1.0,0.5551023009275401,0.06260561583338838,354,354,354,10.876016315273354,354,354,354,0.06316077411610392,354,354,354,0.7260138545483494,354,354,354,738.5260555764559,354,354,354,0.06260561583338838,354,354,354,15.645914325521172,354,354,354,0.06713208806629632,354,354,354
SG_Carpark/15T,long,bayes_past_targets_prediction,bayes_past_targets_prediction,1.6794011853635311,True,"{""code"": ""ridge_stage_failed"", ""error_type"": ""ValueError"", ""message"": ""cannot score empty ridge statistics"", ""stage"": ""fit""}",False,0.0,vanilla,"{""vanilla"": 1.0}",354.0,354.0,1.0,0.5551023009275401,0.06260561583338838,354,354,354,10.876016315273354,354,354,354,0.06316077411610392,354,354,354,0.7260138545483494,354,354,354,738.5260555764559,354,354,354,0.06260561583338838,354,354,354,15.645914325521172,354,354,354,0.06713208806629632,354,354,354
SG_Carpark/15T,long,cov_ridge_shared,cov_ridge_shared,1.6794011853635311,True,"{""code"": ""ridge_stage_failed"", ""error_type"": ""ValueError"", ""message"": ""cannot score empty ridge statistics"", ""stage"": ""fit""}",False,0.0,vanilla,"{""vanilla"": 1.0}",354.0,354.0,1.0,0.5551023009275401,0.06260561583338838,354,354,354,10.876016315273354,354,354,354,0.06316077411610392,354,354,354,0.7260138545483494,354,354,354,738.5260555764559,354,354,354,0.06260561583338838,354,354,354,15.645914325521172,354,354,354,0.06713208806629632,354,354,354
SG_Carpark/15T,long,covariate_prediction,covariate_prediction,1.6794011853635311,True,"{""code"": ""ridge_stage_failed"", ""error_type"": ""ValueError"", ""message"": ""cannot score empty ridge statistics"", ""stage"": ""fit""}",False,0.0,vanilla,"{""vanilla"": 1.0}",354.0,354.0,1.0,0.5551023009275401,0.06260561583338838,354,354,354,10.876016315273354,354,354,354,0.06316077411610392,354,354,354,0.7260138545483494,354,354,354,738.5260555764559,354,354,354,0.06260561583338838,354,354,354,15.645914325521172,354,354,354,0.06713208806629632,354,354,354
SG_Carpark/15T,long,full_ridge_per_variate,full_ridge_per_variate,1.6794011853635311,True,"{""code"": ""ridge_stage_failed"", ""error_type"": ""ValueError"", ""message"": ""cannot score empty ridge statistics"", ""stage"": ""fit""}",False,0.0,vanilla,"{""vanilla"": 1.0}",354.0,354.0,1.0,0.5551023009275401,0.06260561583338838,354,354,354,10.876016315273354,354,354,354,0.06316077411610392,354,354,354,0.7260138545483494,354,354,354,738.5260555764559,354,354,354,0.06260561583338838,354,354,354,15.645914325521172,354,354,354,0.06713208806629632,354,354,354
SG_Carpark/15T,long,full_ridge_shared,full_ridge_shared,1.6794011853635311,True,"{""code"": ""ridge_stage_failed"", ""error_type"": ""ValueError"", ""message"": ""cannot score empty ridge statistics"", ""stage"": ""fit""}",False,0.0,vanilla,"{""vanilla"": 1.0}",354.0,354.0,1.0,0.5551023009275401,0.06260561583338838,354,354,354,10.876016315273354,354,354,354,0.06316077411610392,354,354,354,0.7260138545483494,354,354,354,738.5260555764559,354,354,354,0.06260561583338838,354,354,354,15.645914325521172,354,354,354,0.06713208806629632,354,354,354
SG_Carpark/15T,long,seasonal_naive,seasonal_naive,6.359087245538831,False,,False,0.0,,,,,,1.0,0.10187125238713182,354,354,354,20.338557620311757,354,354,354,0.11452581083741939,354,354,354,1.307891992764626,354,354,354,1425.3833384385,354,354,354,0.10580920201018065,354,354,354,27.68042860652517,354,354,354,0.11096877323098171,354,354,354
SG_Carpark/15T,long,selected_adaptation,selected_adaptation,1.6794011853635311,True,"{""code"": ""ridge_stage_failed"", ""error_type"": ""ValueError"", ""message"": ""cannot score empty ridge statistics"", ""stage"": ""fit""}",False,0.0,vanilla,"{""vanilla"": 1.0}",354.0,354.0,1.0,0.5551023009275401,0.06260561583338838,354,354,354,10.876016315273354,354,354,354,0.06316077411610392,354,354,354,0.7260138545483494,354,354,354,738.5260555764559,354,354,354,0.06260561583338838,354,354,354,15.645914325521172,354,354,354,0.06713208806629632,354,354,354
SG_Carpark/15T,long,tsrag,tsrag,11.10670299269259,False,,True,354.0,,,,,,0.5551023009275401,0.06260561583338838,354,354,354,10.876016315273354,354,354,354,0.06316077411610392,354,354,354,0.7260138545483494,354,354,354,738.5260555764559,354,354,354,0.06260561583338838,354,354,354,15.645914325521172,354,354,354,0.06713208806629632,354,354,354
SG_Carpark/15T,long,vanilla,vanilla,1.6794011853635311,False,,False,0.0,,,,,,0.5551023009275401,0.06260561583338838,354,354,354,10.876016315273354,354,354,354,0.06316077411610392,354,354,354,0.7260138545483494,354,354,354,738.5260555764559,354,354,354,0.06260561583338838,354,354,354,15.645914325521172,354,354,354,0.06713208806629632,354,354,354
SG_Carpark/15T,long,y_ridge_shared,y_ridge_shared,1.6794011853635311,True,"{""code"": ""ridge_stage_failed"", ""error_type"": ""ValueError"", ""message"": ""cannot score empty ridge statistics"", ""stage"": ""fit""}",False,0.0,vanilla,"{""vanilla"": 1.0}",354.0,354.0,1.0,0.5551023009275401,0.06260561583338838,354,354,354,10.876016315273354,354,354,354,0.06316077411610392,354,354,354,0.7260138545483494,354,354,354,738.5260555764559,354,354,354,0.06260561583338838,354,354,354,15.645914325521172,354,354,354,0.06713208806629632,354,354,354
SG_Carpark/15T,medium,bayes_covariate_prediction,bayes_covariate_prediction,11.251688136719167,True,"{""code"": ""ridge_stage_failed"", ""error_type"": ""ValueError"", ""message"": ""cannot score empty ridge statistics"", ""stage"": ""fit""}",False,0.0,vanilla,"{""vanilla"": 1.0}",2478.0,2478.0,1.0,0.5580759682231499,0.04298576373683667,2472,2478,2478,7.88539779357984,2478,2478,2478,0.0452602377457469,2472,2478,2478,0.5286342036223466,2478,2478,2478,435.72400861312013,2478,2478,2478,0.04298576373683667,2472,2478,2478,10.920030178065554,2478,2478,2478,0.05471511423635017,2478,2478,2478
SG_Carpark/15T,medium,bayes_past_targets_prediction,bayes_past_targets_prediction,11.251688136719167,True,"{""code"": ""ridge_stage_failed"", ""error_type"": ""ValueError"", ""message"": ""cannot score empty ridge statistics"", ""stage"": ""fit""}",False,0.0,vanilla,"{""vanilla"": 1.0}",2478.0,2478.0,1.0,0.5580759682231499,0.04298576373683667,2472,2478,2478,7.88539779357984,2478,2478,2478,0.0452602377457469,2472,2478,2478,0.5286342036223466,2478,2478,2478,435.72400861312013,2478,2478,2478,0.04298576373683667,2472,2478,2478,10.920030178065554,2478,2478,2478,0.05471511423635017,2478,2478,2478
SG_Carpark/15T,medium,cov_ridge_shared,cov_ridge_shared,11.251688136719167,True,"{""code"": ""ridge_stage_failed"", ""error_type"": ""ValueError"", ""message"": ""cannot score empty ridge statistics"", ""stage"": ""fit""}",False,0.0,vanilla,"{""vanilla"": 1.0}",2478.0,2478.0,1.0,0.5580759682231499,0.04298576373683667,2472,2478,2478,7.88539779357984,2478,2478,2478,0.0452602377457469,2472,2478,2478,0.5286342036223466,2478,2478,2478,435.72400861312013,2478,2478,2478,0.04298576373683667,2472,2478,2478,10.920030178065554,2478,2478,2478,0.05471511423635017,2478,2478,2478
SG_Carpark/15T,medium,covariate_prediction,covariate_prediction,11.251688136719167,True,"{""code"": ""ridge_stage_failed"", ""error_type"": ""ValueError"", ""message"": ""cannot score empty ridge statistics"", ""stage"": ""fit""}",False,0.0,vanilla,"{""vanilla"": 1.0}",2478.0,2478.0,1.0,0.5580759682231499,0.04298576373683667,2472,2478,2478,7.88539779357984,2478,2478,2478,0.0452602377457469,2472,2478,2478,0.5286342036223466,2478,2478,2478,435.72400861312013,2478,2478,2478,0.04298576373683667,2472,2478,2478,10.920030178065554,2478,2478,2478,0.05471511423635017,2478,2478,2478
SG_Carpark/15T,medium,full_ridge_per_variate,full_ridge_per_variate,11.251688136719167,True,"{""code"": ""ridge_stage_failed"", ""error_type"": ""ValueError"", ""message"": ""cannot score empty ridge statistics"", ""stage"": ""fit""}",False,0.0,vanilla,"{""vanilla"": 1.0}",2478.0,2478.0,1.0,0.5580759682231499,0.04298576373683667,2472,2478,2478,7.88539779357984,2478,2478,2478,0.0452602377457469,2472,2478,2478,0.5286342036223466,2478,2478,2478,435.72400861312013,2478,2478,2478,0.04298576373683667,2472,2478,2478,10.920030178065554,2478,2478,2478,0.05471511423635017,2478,2478,2478
SG_Carpark/15T,medium,full_ridge_shared,full_ridge_shared,11.251688136719167,True,"{""code"": ""ridge_stage_failed"", ""error_type"": ""ValueError"", ""message"": ""cannot score empty ridge statistics"", ""stage"": ""fit""}",False,0.0,vanilla,"{""vanilla"": 1.0}",2478.0,2478.0,1.0,0.5580759682231499,0.04298576373683667,2472,2478,2478,7.88539779357984,2478,2478,2478,0.0452602377457469,2472,2478,2478,0.5286342036223466,2478,2478,2478,435.72400861312013,2478,2478,2478,0.04298576373683667,2472,2478,2478,10.920030178065554,2478,2478,2478,0.05471511423635017,2478,2478,2478
SG_Carpark/15T,medium,seasonal_naive,seasonal_naive,14.793124185875058,False,,False,0.0,,,,,,1.0,0.06942311301894585,2472,2478,2478,14.485744111450643,2478,2478,2478,0.08616451992384234,2472,2478,2478,0.9472441633805834,2478,2478,2478,975.5627924842759,2478,2478,2478,0.07592816460155416,2472,2478,2478,19.602984710543733,2478,2478,2478,0.07999504872429407,2478,2478,2478
SG_Carpark/15T,medium,selected_adaptation,selected_adaptation,11.251688136719167,True,"{""code"": ""ridge_stage_failed"", ""error_type"": ""ValueError"", ""message"": ""cannot score empty ridge statistics"", ""stage"": ""fit""}",False,0.0,vanilla,"{""vanilla"": 1.0}",2478.0,2478.0,1.0,0.5580759682231499,0.04298576373683667,2472,2478,2478,7.88539779357984,2478,2478,2478,0.0452602377457469,2472,2478,2478,0.5286342036223466,2478,2478,2478,435.72400861312013,2478,2478,2478,0.04298576373683667,2472,2478,2478,10.920030178065554,2478,2478,2478,0.05471511423635017,2478,2478,2478
SG_Carpark/15T,medium,tsrag,tsrag,11.55660829693079,False,,True,2478.0,,,,,,0.5580759682231499,0.04298576373683667,2472,2478,2478,7.88539779357984,2478,2478,2478,0.0452602377457469,2472,2478,2478,0.5286342036223466,2478,2478,2478,435.72400861312013,2478,2478,2478,0.04298576373683667,2472,2478,2478,10.920030178065554,2478,2478,2478,0.05471511423635017,2478,2478,2478
SG_Carpark/15T,medium,vanilla,vanilla,11.251688136719167,False,,False,0.0,,,,,,0.5580759682231499,0.04298576373683667,2472,2478,2478,7.88539779357984,2478,2478,2478,0.0452602377457469,2472,2478,2478,0.5286342036223466,2478,2478,2478,435.72400861312013,2478,2478,2478,0.04298576373683667,2472,2478,2478,10.920030178065554,2478,2478,2478,0.05471511423635017,2478,2478,2478
SG_Carpark/15T,medium,y_ridge_shared,y_ridge_shared,11.251688136719167,True,"{""code"": ""ridge_stage_failed"", ""error_type"": ""ValueError"", ""message"": ""cannot score empty ridge statistics"", ""stage"": ""fit""}",False,0.0,vanilla,"{""vanilla"": 1.0}",2478.0,2478.0,1.0,0.5580759682231499,0.04298576373683667,2472,2478,2478,7.88539779357984,2478,2478,2478,0.0452602377457469,2472,2478,2478,0.5286342036223466,2478,2478,2478,435.72400861312013,2478,2478,2478,0.04298576373683667,2472,2478,2478,10.920030178065554,2478,2478,2478,0.05471511423635017,2478,2478,2478
SG_Carpark/15T,short,bayes_covariate_prediction,bayes_covariate_prediction,67.6220937911421,False,,False,0.0,vanilla,"{""vanilla"": 1.0}",14868.0,14868.0,1.0,0.3928127872216203,0.03286258735842762,14811,14868,14868,5.318737263183827,14868,14868,14868,0.03334784453140859,14811,14868,14868,0.3700561165502915,14868,14868,14868,201.9511185489575,14868,14868,14868,0.03286258735842762,14811,14868,14868,6.8016608555349505,14868,14868,14868,0.04408320520512236,14868,14868,14868
SG_Carpark/15T,short,bayes_past_targets_prediction,bayes_past_targets_prediction,67.6220937911421,False,,False,0.0,vanilla,"{""vanilla"": 1.0}",14868.0,14868.0,1.0,0.3928127872216203,0.03286258735842762,14811,14868,14868,5.318737263183827,14868,14868,14868,0.03334784453140859,14811,14868,14868,0.3700561165502915,14868,14868,14868,201.9511185489575,14868,14868,14868,0.03286258735842762,14811,14868,14868,6.8016608555349505,14868,14868,14868,0.04408320520512236,14868,14868,14868
SG_Carpark/15T,short,cov_ridge_shared,cov_ridge_shared,67.6220937911421,False,,False,0.0,vanilla,"{""vanilla"": 1.0}",14868.0,14868.0,1.0,0.3928127872216203,0.03286258735842762,14811,14868,14868,5.318737263183827,14868,14868,14868,0.03334784453140859,14811,14868,14868,0.3700561165502915,14868,14868,14868,201.9511185489575,14868,14868,14868,0.03286258735842762,14811,14868,14868,6.8016608555349505,14868,14868,14868,0.04408320520512236,14868,14868,14868
SG_Carpark/15T,short,covariate_prediction,covariate_prediction,67.6220937911421,False,,False,0.0,vanilla,"{""vanilla"": 1.0}",14868.0,14868.0,1.0,0.3928127872216203,0.03286258735842762,14811,14868,14868,5.318737263183827,14868,14868,14868,0.03334784453140859,14811,14868,14868,0.3700561165502915,14868,14868,14868,201.9511185489575,14868,14868,14868,0.03286258735842762,14811,14868,14868,6.8016608555349505,14868,14868,14868,0.04408320520512236,14868,14868,14868
SG_Carpark/15T,short,full_ridge_per_variate,full_ridge_per_variate,67.6220937911421,False,,False,0.0,vanilla,"{""vanilla"": 1.0}",14868.0,14868.0,1.0,0.3928127872216203,0.03286258735842762,14811,14868,14868,5.318737263183827,14868,14868,14868,0.03334784453140859,14811,14868,14868,0.3700561165502915,14868,14868,14868,201.9511185489575,14868,14868,14868,0.03286258735842762,14811,14868,14868,6.8016608555349505,14868,14868,14868,0.04408320520512236,14868,14868,14868
SG_Carpark/15T,short,full_ridge_shared,full_ridge_shared,67.6220937911421,False,,False,0.0,vanilla,"{""vanilla"": 1.0}",14868.0,14868.0,1.0,0.3928127872216203,0.03286258735842762,14811,14868,14868,5.318737263183827,14868,14868,14868,0.03334784453140859,14811,14868,14868,0.3700561165502915,14868,14868,14868,201.9511185489575,14868,14868,14868,0.03286258735842762,14811,14868,14868,6.8016608555349505,14868,14868,14868,0.04408320520512236,14868,14868,14868
SG_Carpark/15T,short,seasonal_naive,seasonal_naive,64.31157630681992,False,,False,0.0,,,,,,1.0,0.07756895278246545,14811,14868,14868,14.423364776701641,14868,14868,14868,0.08705747949083177,14811,14868,14868,0.9420673883040124,14868,14868,14868,971.244531039817,14868,14868,14868,0.0827437357977878,14811,14868,14868,16.666625232767746,14868,14868,14868,0.07977500430705925,14868,14868,14868
SG_Carpark/15T,short,selected_adaptation,selected_adaptation,67.6220937911421,False,,False,0.0,vanilla,"{""vanilla"": 1.0}",14868.0,14868.0,1.0,0.3928127872216203,0.03286258735842762,14811,14868,14868,5.318737263183827,14868,14868,14868,0.03334784453140859,14811,14868,14868,0.3700561165502915,14868,14868,14868,201.9511185489575,14868,14868,14868,0.03286258735842762,14811,14868,14868,6.8016608555349505,14868,14868,14868,0.04408320520512236,14868,14868,14868
SG_Carpark/15T,short,tsrag,tsrag,67.6220937911421,True,"{""code"": ""insufficient_global_datastore"", ""message"": ""global datastore requires at least 11 dates per variate; the least-covered variate has 0""}",False,0.0,,,,,,0.3928127872216203,0.03286258735842762,14811,14868,14868,5.318737263183827,14868,14868,14868,0.03334784453140859,14811,14868,14868,0.3700561165502915,14868,14868,14868,201.9511185489575,14868,14868,14868,0.03286258735842762,14811,14868,14868,6.8016608555349505,14868,14868,14868,0.04408320520512236,14868,14868,14868
SG_Carpark/15T,short,vanilla,vanilla,67.6220937911421,False,,False,0.0,,,,,,0.3928127872216203,0.03286258735842762,14811,14868,14868,5.318737263183827,14868,14868,14868,0.03334784453140859,14811,14868,14868,0.3700561165502915,14868,14868,14868,201.9511185489575,14868,14868,14868,0.03286258735842762,14811,14868,14868,6.8016608555349505,14868,14868,14868,0.04408320520512236,14868,14868,14868
SG_Carpark/15T,short,y_ridge_shared,y_ridge_shared,67.6220937911421,False,,False,0.0,vanilla,"{""vanilla"": 1.0}",14868.0,14868.0,1.0,0.3928127872216203,0.03286258735842762,14811,14868,14868,5.318737263183827,14868,14868,14868,0.03334784453140859,14811,14868,14868,0.3700561165502915,14868,14868,14868,201.9511185489575,14868,14868,14868,0.03286258735842762,14811,14868,14868,6.8016608555349505,14868,14868,14868,0.04408320520512236,14868,14868,14868
SG_PM25/H,long,bayes_covariate_prediction,bayes_covariate_prediction,11.644303659908473,False,,False,0.0,full_ridge_shared,"{""full_ridge_shared"": 1.0}",0.0,65.0,0.0,0.7436292215209801,0.4114306093210657,65,65,65,5.050620972236871,65,65,65,0.5284165368475767,65,65,65,0.960008515640887,65,65,65,49.08521369991876,65,65,65,0.4114306093210657,65,65,65,6.601262926136076,65,65,65,0.4266715124839531,65,65,65
SG_PM25/H,long,bayes_past_targets_prediction,bayes_past_targets_prediction,0.3070650934241712,False,,False,0.0,full_ridge_shared,"{""full_ridge_shared"": 1.0}",65.0,65.0,1.0,0.7461622876528224,0.41307213678704585,65,65,65,5.062636695283673,65,65,65,0.5347210048342738,65,65,65,0.963278646758484,65,65,65,49.156700784789344,65,65,65,0.41307213678704585,65,65,65,6.620435214588385,65,65,65,0.4263318933989233,65,65,65
SG_PM25/H,long,cov_ridge_shared,cov_ridge_shared,15.648877118714154,False,,False,0.0,full_ridge_shared,"{""full_ridge_shared"": 1.0}",0.0,65.0,0.0,0.7433791486052057,0.412459805560666,65,65,65,5.048813257374606,65,65,65,0.5416895508488542,65,65,65,0.9596856771593875,65,65,65,48.25301939569576,65,65,65,0.412459805560666,65,65,65,6.561091926560387,65,65,65,0.4263441451645464,65,65,65
SG_PM25/H,long,covariate_prediction,covariate_prediction,11.64427752001211,False,,False,0.0,full_ridge_shared,"{""full_ridge_shared"": 1.0}",0.0,65.0,0.0,0.7516873436645758,0.41522265761694654,65,65,65,5.103917044161005,65,65,65,0.5241848843264636,65,65,65,0.9704113691787075,65,65,65,50.461595971506824,65,65,65,0.41522265761694654,65,65,65,6.688902873025185,65,65,65,0.43142644612422204,65,65,65
SG_PM25/H,long,full_ridge_per_variate,full_ridge_per_variate,15.648877118714154,False,,False,0.0,full_ridge_shared,"{""full_ridge_shared"": 1.0}",0.0,65.0,0.0,0.7473733218094366,0.4147372480431057,65,65,65,5.067581205839639,65,65,65,0.5486338419287229,65,65,65,0.9648420644798904,65,65,65,48.30842462336689,65,65,65,0.4147372480431057,65,65,65,6.576495887394918,65,65,65,0.4275353104655234,65,65,65
SG_PM25/H,long,full_ridge_shared,full_ridge_shared,15.648877118714154,False,,False,0.0,full_ridge_shared,"{""full_ridge_shared"": 1.0}",0.0,65.0,0.0,0.7417264420840106,0.41197293379011124,65,65,65,5.032123348870121,65,65,65,0.5499011851550382,65,65,65,0.9575520703990757,65,65,65,47.327532605249026,65,65,65,0.41197293379011124,65,65,65,6.520942555975464,65,65,65,0.4246846401410354,65,65,65
SG_PM25/H,long,seasonal_naive,seasonal_naive,0.5450284564867616,False,,False,0.0,,,,,,1.0,0.4987954572575798,65,65,65,6.805860805860807,65,65,65,0.7691626412038411,65,65,65,1.2909773955323274,65,65,65,81.36959706959706,65,65,65,0.5675665037053298,65,65,65,8.691596150932783,65,65,65,0.5414674634117472,65,65,65
SG_PM25/H,long,selected_adaptation,selected_adaptation,15.648877118714154,False,,False,0.0,full_ridge_shared,"{""full_ridge_shared"": 1.0}",0.0,65.0,0.0,0.7417264420840106,0.41197293379011124,65,65,65,5.032123348870121,65,65,65,0.5499011851550382,65,65,65,0.9575520703990757,65,65,65,47.327532605249026,65,65,65,0.41197293379011124,65,65,65,6.520942555975464,65,65,65,0.4246846401410354,65,65,65
SG_PM25/H,long,tsrag,tsrag,0.5953862406313419,False,,True,64.0,,,,,,0.7452763922625366,0.41259885273125535,65,65,65,5.057303798155034,65,65,65,0.5337101801354429,65,65,65,0.9621349758348187,65,65,65,49.126276419082245,65,65,65,0.41259885273125535,65,65,65,6.617501251283794,65,65,65,0.42598192771586724,65,65,65
SG_PM25/H,long,vanilla,vanilla,0.3070389535278082,False,,False,0.0,,,,,,0.7461622876528224,0.41307213678704585,65,65,65,5.062636695283673,65,65,65,0.5347210048342738,65,65,65,0.963278646758484,65,65,65,49.156700784789344,65,65,65,0.41307213678704585,65,65,65,6.620435214588385,65,65,65,0.4263318933989233,65,65,65
SG_PM25/H,long,y_ridge_shared,y_ridge_shared,15.648877118714154,False,,False,0.0,full_ridge_shared,"{""full_ridge_shared"": 1.0}",0.0,65.0,0.0,0.7461624878878234,0.4137777845086352,65,65,65,5.062192668888596,65,65,65,0.5439195954638212,65,65,65,0.9632789052573439,65,65,65,48.529018615049644,65,65,65,0.4137777845086352,65,65,65,6.591025730542769,65,65,65,0.42637557663602,65,65,65
SG_PM25/H,medium,bayes_covariate_prediction,bayes_covariate_prediction,14.562917998991907,False,,False,0.0,full_ridge_shared,"{""full_ridge_shared"": 1.0}",0.0,150.0,0.0,0.7869034475175943,0.4019834271695642,150,150,150,4.9076836155962065,150,150,150,0.5103862724572116,150,150,150,0.9326701969395198,150,150,150,47.00559188821231,150,150,150,0.4019834271695642,150,150,150,6.278213768361083,150,150,150,0.4159770688513199,150,150,150
SG_PM25/H,medium,bayes_past_targets_prediction,bayes_past_targets_prediction,0.6607778291217983,False,,False,0.0,full_ridge_shared,"{""full_ridge_shared"": 1.0}",150.0,150.0,1.0,0.7880546267718892,0.40220341635215856,150,150,150,4.914678797236196,150,150,150,0.510844105027758,150,150,150,0.9340346217431001,150,150,150,47.13290574105222,150,150,150,0.40220341635215856,150,150,150,6.284678668365046,150,150,150,0.4163734884019906,150,150,150
SG_PM25/H,medium,cov_ridge_shared,cov_ridge_shared,20.500687716528773,False,,False,0.0,full_ridge_shared,"{""full_ridge_shared"": 1.0}",0.0,150.0,0.0,0.7882731462909188,0.40611000085408416,150,150,150,4.916413013316967,150,150,150,0.5307610791023494,150,150,150,0.9342936200274404,150,150,150,46.168173891837554,150,150,150,0.40611000085408416,150,150,150,6.2521428772859755,150,150,150,0.41618004306597883,150,150,150
SG_PM25/H,medium,covariate_prediction,covariate_prediction,14.562889148946851,False,,False,0.0,full_ridge_shared,"{""full_ridge_shared"": 1.0}",0.0,150.0,0.0,0.7934360877393428,0.40478704743689786,150,150,150,4.946509692624763,150,150,150,0.5102826658837377,150,150,150,0.9404129497021032,150,150,150,47.98677272156327,150,150,150,0.40478704743689786,150,150,150,6.341912471389907,150,150,150,0.41905492779464504,150,150,150
SG_PM25/H,medium,full_ridge_per_variate,full_ridge_per_variate,20.500687716528773,False,,False,0.0,full_ridge_shared,"{""full_ridge_shared"": 1.0}",0.0,150.0,0.0,0.7880337807962222,0.4059426837258845,150,150,150,4.914529050147092,150,150,150,0.5319420374697355,150,150,150,0.934009914238905,150,150,150,45.84533103599388,150,150,150,0.4059426837258845,150,150,150,6.245803539418595,150,150,150,0.4164607882786703,150,150,150
SG_PM25/H,medium,full_ridge_shared,full_ridge_shared,20.500687716528773,False,,False,0.0,full_ridge_shared,"{""full_ridge_shared"": 1.0}",0.0,150.0,0.0,0.785716641262131,0.4047904834919567,150,150,150,4.899545049932269,150,150,150,0.5323397724442748,150,150,150,0.931263545554901,150,150,150,45.522505796810485,150,150,150,0.4047904834919567,150,150,150,6.222022048989983,150,150,150,0.41566467154923137,150,150,150
SG_PM25/H,medium,seasonal_naive,seasonal_naive,0.9929322004318237,False,,False,0.0,,,,,,1.0,0.4341889274400423,150,150,150,6.236574074074075,150,150,150,0.6681476253637755,150,150,150,1.1852409592075988,150,150,150,71.16138888888888,150,150,150,0.5203419255581044,150,150,150,7.924924716989347,150,150,150,0.5158644014302706,150,150,150
SG_PM25/H,medium,selected_adaptation,selected_adaptation,20.500687716528773,False,,False,0.0,full_ridge_shared,"{""full_ridge_shared"": 1.0}",0.0,150.0,0.0,0.785716641262131,0.4047904834919567,150,150,150,4.899545049932269,150,150,150,0.5323397724442748,150,150,150,0.931263545554901,150,150,150,45.522505796810485,150,150,150,0.4047904834919567,150,150,150,6.222022048989983,150,150,150,0.41566467154923137,150,150,150
SG_PM25/H,medium,tsrag,tsrag,0.7842595297843218,False,,True,146.0,,,,,,0.7885654532023891,0.4024036147282056,150,150,150,4.91827264710709,150,150,150,0.5111720052463695,150,150,150,0.9346400741515745,150,150,150,47.17455986083414,150,150,150,0.4024036147282056,150,150,150,6.286250859351351,150,150,150,0.41677676847280937,150,150,150
SG_PM25/H,medium,vanilla,vanilla,0.6607489790767431,False,,False,0.0,,,,,,0.7880546267718892,0.40220341635215856,150,150,150,4.914678797236196,150,150,150,0.510844105027758,150,150,150,0.9340346217431001,150,150,150,47.13290574105222,150,150,150,0.40220341635215856,150,150,150,6.284678668365046,150,150,150,0.4163734884019906,150,150,150
SG_PM25/H,medium,y_ridge_shared,y_ridge_shared,20.500687716528773,False,,False,0.0,full_ridge_shared,"{""full_ridge_shared"": 1.0}",0.0,150.0,0.0,0.7861072684008957,0.40444129818461455,150,150,150,4.90119872071125,150,150,150,0.5299643603888707,150,150,150,0.931726532839543,150,150,150,45.8975311798149,150,150,150,0.40444129818461455,150,150,150,6.237757004486186,150,150,150,0.4150941526231609,150,150,150
SG_PM25/H,short,bayes_covariate_prediction,bayes_covariate_prediction,80.86587958829477,False,,False,0.0,cov_ridge_shared,"{""cov_ridge_shared"": 1.0}",0.0,460.0,0.0,0.7460467012905679,0.3897053692445527,460,460,460,4.596699495073677,460,460,460,0.4916470719547073,460,460,460,0.8743722411401769,460,460,460,40.42222017976829,460,460,460,0.3897053692445527,460,460,460,5.679796453052007,460,460,460,0.3929724833017473,460,460,460
SG_PM25/H,short,bayes_past_targets_prediction,bayes_past_targets_prediction,2.085700411349535,False,,False,0.0,cov_ridge_shared,"{""cov_ridge_shared"": 1.0}",460.0,460.0,1.0,0.7521611031798953,0.39260076948796835,460,460,460,4.633873873560325,460,460,460,0.4952980924824042,460,460,460,0.8815383652902529,460,460,460,40.95566923358457,460,460,460,0.39260076948796835,460,460,460,5.717450727489345,460,460,460,0.3954255046746644,460,460,460
SG_PM25/H,short,cov_ridge_shared,cov_ridge_shared,81.05666848877445,False,,False,0.0,cov_ridge_shared,"{""cov_ridge_shared"": 1.0}",0.0,460.0,0.0,0.7475212062091167,0.39671223180188964,460,460,460,4.606350241277529,460,460,460,0.5156990789076121,460,460,460,0.8761003717893352,460,460,460,39.65445480833996,460,460,460,0.39671223180188964,460,460,460,5.66134283114076,460,460,460,0.3932669433105835,460,460,460
SG_PM25/H,short,covariate_prediction,covariate_prediction,80.86584799690172,False,,False,0.0,cov_ridge_shared,"{""cov_ridge_shared"": 1.0}",0.0,460.0,0.0,0.7474111200770744,0.39055628669643316,460,460,460,4.605410202517026,460,460,460,0.492050109413216,460,460,460,0.875971350029939,460,460,460,40.64408199581475,460,460,460,0.39055628669643316,460,460,460,5.693965632493851,460,460,460,0.39408686609910015,460,460,460
SG_PM25/H,short,full_ridge_per_variate,full_ridge_per_variate,81.05666848877445,False,,False,0.0,cov_ridge_shared,"{""cov_ridge_shared"": 1.0}",0.0,460.0,0.0,0.7572309459182022,0.40139209102322876,460,460,460,4.665507046036098,460,460,460,0.5253803939576298,460,460,460,0.887480258404522,460,460,460,40.350750866210376,460,460,460,0.40139209102322876,460,460,460,5.714494784412049,460,460,460,0.39670691472756664,460,460,460
SG_PM25/H,short,full_ridge_shared,full_ridge_shared,81.05666848877445,False,,False,0.0,cov_ridge_shared,"{""cov_ridge_shared"": 1.0}",0.0,460.0,0.0,0.7557710292300767,0.4027356719415128,460,460,460,4.6551786805408595,460,460,460,0.5293437021851236,460,460,460,0.8857692252691083,460,460,460,39.919979615923324,460,460,460,0.4027356719415128,460,460,460,5.690234147193381,460,460,460,0.39716624517995763,460,460,460
SG_PM25/H,short,seasonal_naive,seasonal_naive,2.6252891682088375,False,,False,0.0,,,,,,1.0,0.42760835696084387,460,460,460,6.164039855072463,460,460,460,0.6696808910625187,460,460,460,1.1720073818805468,460,460,460,70.49103260869565,460,460,460,0.5321076890619285,460,460,460,7.707242945619108,460,460,460,0.5075823996829637,460,460,460
SG_PM25/H,short,selected_adaptation,selected_adaptation,81.05666848877445,False,,False,0.0,cov_ridge_shared,"{""cov_ridge_shared"": 1.0}",0.0,460.0,0.0,0.7475212062091167,0.39671223180188964,460,460,460,4.606350241277529,460,460,460,0.5156990789076121,460,460,460,0.8761003717893352,460,460,460,39.65445480833996,460,460,460,0.39671223180188964,460,460,460,5.66134283114076,460,460,460,0.3932669433105835,460,460,460
SG_PM25/H,short,tsrag,tsrag,0.9974750373512506,False,,True,239.0,,,,,,0.7578183381942857,0.3964211626448228,460,460,460,4.669103696942329,460,460,460,0.5010100639505676,460,460,460,0.8881686864881515,460,460,460,41.65592855484662,460,460,460,0.3964211626448228,460,460,460,5.746287281317915,460,460,460,0.3973365656444649,460,460,460
SG_PM25/H,short,vanilla,vanilla,2.0856688199564815,False,,False,0.0,,,,,,0.7521611031798953,0.39260076948796835,460,460,460,4.633873873560325,460,460,460,0.4952980924824042,460,460,460,0.8815383652902529,460,460,460,40.95566923358457,460,460,460,0.39260076948796835,460,460,460,5.717450727489345,460,460,460,0.3954255046746644,460,460,460
SG_PM25/H,short,y_ridge_shared,y_ridge_shared,81.05666848877445,False,,False,0.0,cov_ridge_shared,"{""cov_ridge_shared"": 1.0}",0.0,460.0,0.0,0.7545323788933735,0.4015467645198792,460,460,460,4.648131331283113,460,460,460,0.5282930515210043,460,460,460,0.8843175179309235,460,460,460,39.831297181782524,460,460,460,0.4015467645198792,460,460,460,5.682486947449357,460,460,460,0.395976679645505,460,460,460
SG_Weather/D,long,bayes_covariate_prediction,bayes_covariate_prediction,0.9884313475340605,False,,False,0.0,vanilla,"{""vanilla"": 1.0}",622.0,622.0,1.0,0.7566460245107545,0.21388049288897917,622,622,624,17.414242234102144,622,622,624,0.3498992919265906,622,622,624,0.8987507173936542,622,622,624,2284.1942396883674,622,622,624,0.21388049288897917,622,622,624,22.910625294036237,622,622,624,0.2253484268146905,622,622,624
SG_Weather/D,long,bayes_past_targets_prediction,bayes_past_targets_prediction,0.9884313475340605,False,,False,0.0,vanilla,"{""vanilla"": 1.0}",622.0,622.0,1.0,0.7566460245107545,0.21388049288897917,622,622,624,17.414242234102144,622,622,624,0.3498992919265906,622,622,624,0.8987507173936542,622,622,624,2284.1942396883674,622,622,624,0.21388049288897917,622,622,624,22.910625294036237,622,622,624,0.2253484268146905,622,622,624
SG_Weather/D,long,cov_ridge_shared,cov_ridge_shared,0.9884313475340605,False,,False,0.0,vanilla,"{""vanilla"": 1.0}",622.0,622.0,1.0,0.7566460245107545,0.21388049288897917,622,622,624,17.414242234102144,622,622,624,0.3498992919265906,622,622,624,0.8987507173936542,622,622,624,2284.1942396883674,622,622,624,0.21388049288897917,622,622,624,22.910625294036237,622,622,624,0.2253484268146905,622,622,624
SG_Weather/D,long,covariate_prediction,covariate_prediction,0.9884313475340605,False,,False,0.0,vanilla,"{""vanilla"": 1.0}",622.0,622.0,1.0,0.7566460245107545,0.21388049288897917,622,622,624,17.414242234102144,622,622,624,0.3498992919265906,622,622,624,0.8987507173936542,622,622,624,2284.1942396883674,622,622,624,0.21388049288897917,622,622,624,22.910625294036237,622,622,624,0.2253484268146905,622,622,624
SG_Weather/D,long,full_ridge_per_variate,full_ridge_per_variate,0.9884313475340605,False,,False,0.0,vanilla,"{""vanilla"": 1.0}",622.0,622.0,1.0,0.7566460245107545,0.21388049288897917,622,622,624,17.414242234102144,622,622,624,0.3498992919265906,622,622,624,0.8987507173936542,622,622,624,2284.1942396883674,622,622,624,0.21388049288897917,622,622,624,22.910625294036237,622,622,624,0.2253484268146905,622,622,624
SG_Weather/D,long,full_ridge_shared,full_ridge_shared,0.9884313475340605,False,,False,0.0,vanilla,"{""vanilla"": 1.0}",622.0,622.0,1.0,0.7566460245107545,0.21388049288897917,622,622,624,17.414242234102144,622,622,624,0.3498992919265906,622,622,624,0.8987507173936542,622,622,624,2284.1942396883674,622,622,624,0.21388049288897917,622,622,624,22.910625294036237,622,622,624,0.2253484268146905,622,622,624
SG_Weather/D,long,seasonal_naive,seasonal_naive,2.067176808603108,False,,False,0.0,,,,,,1.0,0.3466702249969073,622,622,624,23.060830594694934,622,622,624,0.5481907801152153,622,622,624,1.1878086823687262,622,622,624,3817.9821967936946,622,622,624,0.30111007882933294,622,622,624,28.85931948404439,622,622,624,0.28418276116480157,622,622,624
SG_Weather/D,long,selected_adaptation,selected_adaptation,0.9884313475340605,False,,False,0.0,vanilla,"{""vanilla"": 1.0}",622.0,622.0,1.0,0.7566460245107545,0.21388049288897917,622,622,624,17.414242234102144,622,622,624,0.3498992919265906,622,622,624,0.8987507173936542,622,622,624,2284.1942396883674,622,622,624,0.21388049288897917,622,622,624,22.910625294036237,622,622,624,0.2253484268146905,622,622,624
SG_Weather/D,long,tsrag,tsrag,0.9884313475340605,True,"{""code"": ""insufficient_global_datastore"", ""message"": ""global datastore requires at least 11 dates per variate; the least-covered variate has 0""}",False,0.0,,,,,,0.7566460245107545,0.21388049288897917,622,622,624,17.414242234102144,622,622,624,0.3498992919265906,622,622,624,0.8987507173936542,622,622,624,2284.1942396883674,622,622,624,0.21388049288897917,622,622,624,22.910625294036237,622,622,624,0.2253484268146905,622,622,624
SG_Weather/D,long,vanilla,vanilla,0.9884313475340605,False,,False,0.0,,,,,,0.7566460245107545,0.21388049288897917,622,622,624,17.414242234102144,622,622,624,0.3498992919265906,622,622,624,0.8987507173936542,622,622,624,2284.1942396883674,622,622,624,0.21388049288897917,622,622,624,22.910625294036237,622,622,624,0.2253484268146905,622,622,624
SG_Weather/D,long,y_ridge_shared,y_ridge_shared,0.9884313475340605,False,,False,0.0,vanilla,"{""vanilla"": 1.0}",622.0,622.0,1.0,0.7566460245107545,0.21388049288897917,622,622,624,17.414242234102144,622,622,624,0.3498992919265906,622,622,624,0.8987507173936542,622,622,624,2284.1942396883674,622,622,624,0.21388049288897917,622,622,624,22.910625294036237,622,622,624,0.2253484268146905,622,622,624
SG_Weather/D,medium,bayes_covariate_prediction,bayes_covariate_prediction,1.9793128687888384,False,,False,0.0,vanilla,"{""vanilla"": 1.0}",1222.0,1222.0,1.0,0.7497818985359015,0.2168055533249628,1222,1222,1248,17.415464181072245,1222,1222,1248,0.3481520748952876,1222,1222,1248,0.8849706268220159,1222,1222,1248,2293.016069265813,1222,1222,1248,0.2168055533249628,1222,1222,1248,22.110256581920286,1222,1222,1248,0.22342990624853512,1222,1222,1248
SG_Weather/D,medium,bayes_past_targets_prediction,bayes_past_targets_prediction,1.9793128687888384,False,,False,0.0,vanilla,"{""vanilla"": 1.0}",1222.0,1222.0,1.0,0.7497818985359015,0.2168055533249628,1222,1222,1248,17.415464181072245,1222,1222,1248,0.3481520748952876,1222,1222,1248,0.8849706268220159,1222,1222,1248,2293.016069265813,1222,1222,1248,0.2168055533249628,1222,1222,1248,22.110256581920286,1222,1222,1248,0.22342990624853512,1222,1222,1248
SG_Weather/D,medium,cov_ridge_shared,cov_ridge_shared,1.9793128687888384,False,,False,0.0,vanilla,"{""vanilla"": 1.0}",1222.0,1222.0,1.0,0.7497818985359015,0.2168055533249628,1222,1222,1248,17.415464181072245,1222,1222,1248,0.3481520748952876,1222,1222,1248,0.8849706268220159,1222,1222,1248,2293.016069265813,1222,1222,1248,0.2168055533249628,1222,1222,1248,22.110256581920286,1222,1222,1248,0.22342990624853512,1222,1222,1248
SG_Weather/D,medium,covariate_prediction,covariate_prediction,1.9793128687888384,False,,False,0.0,vanilla,"{""vanilla"": 1.0}",1222.0,1222.0,1.0,0.7497818985359015,0.2168055533249628,1222,1222,1248,17.415464181072245,1222,1222,1248,0.3481520748952876,1222,1222,1248,0.8849706268220159,1222,1222,1248,2293.016069265813,1222,1222,1248,0.2168055533249628,1222,1222,1248,22.110256581920286,1222,1222,1248,0.22342990624853512,1222,1222,1248
SG_Weather/D,medium,full_ridge_per_variate,full_ridge_per_variate,1.9793128687888384,False,,False,0.0,vanilla,"{""vanilla"": 1.0}",1222.0,1222.0,1.0,0.7497818985359015,0.2168055533249628,1222,1222,1248,17.415464181072245,1222,1222,1248,0.3481520748952876,1222,1222,1248,0.8849706268220159,1222,1222,1248,2293.016069265813,1222,1222,1248,0.2168055533249628,1222,1222,1248,22.110256581920286,1222,1222,1248,0.22342990624853512,1222,1222,1248
SG_Weather/D,medium,full_ridge_shared,full_ridge_shared,1.9793128687888384,False,,False,0.0,vanilla,"{""vanilla"": 1.0}",1222.0,1222.0,1.0,0.7497818985359015,0.2168055533249628,1222,1222,1248,17.415464181072245,1222,1222,1248,0.3481520748952876,1222,1222,1248,0.8849706268220159,1222,1222,1248,2293.016069265813,1222,1222,1248,0.2168055533249628,1222,1222,1248,22.110256581920286,1222,1222,1248,0.22342990624853512,1222,1222,1248
SG_Weather/D,medium,seasonal_naive,seasonal_naive,3.9589907936751842,False,,False,0.0,,,,,,1.0,0.3158008221177332,1222,1222,1248,24.471125770476306,1222,1222,1248,0.5714322699120895,1222,1222,1248,1.180304070490495,1222,1222,1248,4142.760500407252,1222,1222,1248,0.3235555704937765,1222,1222,1248,29.396558980462725,1222,1222,1248,0.29235130012706645,1222,1222,1248
SG_Weather/D,medium,selected_adaptation,selected_adaptation,1.9793128687888384,False,,False,0.0,vanilla,"{""vanilla"": 1.0}",1222.0,1222.0,1.0,0.7497818985359015,0.2168055533249628,1222,1222,1248,17.415464181072245,1222,1222,1248,0.3481520748952876,1222,1222,1248,0.8849706268220159,1222,1222,1248,2293.016069265813,1222,1222,1248,0.2168055533249628,1222,1222,1248,22.110256581920286,1222,1222,1248,0.22342990624853512,1222,1222,1248
SG_Weather/D,medium,tsrag,tsrag,1.9793128687888384,True,"{""code"": ""insufficient_global_datastore"", ""message"": ""global datastore requires at least 11 dates per variate; the least-covered variate has 0""}",False,0.0,,,,,,0.7497818985359015,0.2168055533249628,1222,1222,1248,17.415464181072245,1222,1222,1248,0.3481520748952876,1222,1222,1248,0.8849706268220159,1222,1222,1248,2293.016069265813,1222,1222,1248,0.2168055533249628,1222,1222,1248,22.110256581920286,1222,1222,1248,0.22342990624853512,1222,1222,1248
SG_Weather/D,medium,vanilla,vanilla,1.9793128687888384,False,,False,0.0,,,,,,0.7497818985359015,0.2168055533249628,1222,1222,1248,17.415464181072245,1222,1222,1248,0.3481520748952876,1222,1222,1248,0.8849706268220159,1222,1222,1248,2293.016069265813,1222,1222,1248,0.2168055533249628,1222,1222,1248,22.110256581920286,1222,1222,1248,0.22342990624853512,1222,1222,1248
SG_Weather/D,medium,y_ridge_shared,y_ridge_shared,1.9793128687888384,False,,False,0.0,vanilla,"{""vanilla"": 1.0}",1222.0,1222.0,1.0,0.7497818985359015,0.2168055533249628,1222,1222,1248,17.415464181072245,1222,1222,1248,0.3481520748952876,1222,1222,1248,0.8849706268220159,1222,1222,1248,2293.016069265813,1222,1222,1248,0.2168055533249628,1222,1222,1248,22.110256581920286,1222,1222,1248,0.22342990624853512,1222,1222,1248
SG_Weather/D,short,bayes_covariate_prediction,bayes_covariate_prediction,4.650836789980531,False,,False,0.0,vanilla,"{""vanilla"": 1.0}",2862.0,2862.0,1.0,0.7954173515927929,0.22652191621291196,2862,2862,2928,17.06594934924177,2862,2862,2928,0.3430878306918809,2862,2862,2928,0.8502706449539111,2862,2862,2928,2268.25808383352,2862,2862,2928,0.22652191621291196,2862,2862,2928,20.09791019425458,2862,2862,2928,0.2193336928038322,2862,2862,2928
SG_Weather/D,short,bayes_past_targets_prediction,bayes_past_targets_prediction,4.650836789980531,False,,False,0.0,vanilla,"{""vanilla"": 1.0}",2862.0,2862.0,1.0,0.7954173515927929,0.22652191621291196,2862,2862,2928,17.06594934924177,2862,2862,2928,0.3430878306918809,2862,2862,2928,0.8502706449539111,2862,2862,2928,2268.25808383352,2862,2862,2928,0.22652191621291196,2862,2862,2928,20.09791019425458,2862,2862,2928,0.2193336928038322,2862,2862,2928
SG_Weather/D,short,cov_ridge_shared,cov_ridge_shared,4.650836789980531,False,,False,0.0,vanilla,"{""vanilla"": 1.0}",2862.0,2862.0,1.0,0.7954173515927929,0.22652191621291196,2862,2862,2928,17.06594934924177,2862,2862,2928,0.3430878306918809,2862,2862,2928,0.8502706449539111,2862,2862,2928,2268.25808383352,2862,2862,2928,0.22652191621291196,2862,2862,2928,20.09791019425458,2862,2862,2928,0.2193336928038322,2862,2862,2928
SG_Weather/D,short,covariate_prediction,covariate_prediction,4.650836789980531,False,,False,0.0,vanilla,"{""vanilla"": 1.0}",2862.0,2862.0,1.0,0.7954173515927929,0.22652191621291196,2862,2862,2928,17.06594934924177,2862,2862,2928,0.3430878306918809,2862,2862,2928,0.8502706449539111,2862,2862,2928,2268.25808383352,2862,2862,2928,0.22652191621291196,2862,2862,2928,20.09791019425458,2862,2862,2928,0.2193336928038322,2862,2862,2928
SG_Weather/D,short,full_ridge_per_variate,full_ridge_per_variate,4.650836789980531,False,,False,0.0,vanilla,"{""vanilla"": 1.0}",2862.0,2862.0,1.0,0.7954173515927929,0.22652191621291196,2862,2862,2928,17.06594934924177,2862,2862,2928,0.3430878306918809,2862,2862,2928,0.8502706449539111,2862,2862,2928,2268.25808383352,2862,2862,2928,0.22652191621291196,2862,2862,2928,20.09791019425458,2862,2862,2928,0.2193336928038322,2862,2862,2928
SG_Weather/D,short,full_ridge_shared,full_ridge_shared,4.650836789980531,False,,False,0.0,vanilla,"{""vanilla"": 1.0}",2862.0,2862.0,1.0,0.7954173515927929,0.22652191621291196,2862,2862,2928,17.06594934924177,2862,2862,2928,0.3430878306918809,2862,2862,2928,0.8502706449539111,2862,2862,2928,2268.25808383352,2862,2862,2928,0.22652191621291196,2862,2862,2928,20.09791019425458,2862,2862,2928,0.2193336928038322,2862,2862,2928
SG_Weather/D,short,seasonal_naive,seasonal_naive,9.068410464562476,False,,False,0.0,,,,,,1.0,0.2942046038166328,2862,2862,2928,21.81208949509879,2862,2862,2928,0.5116477776979063,2862,2862,2928,1.0689616504483799,2862,2862,2928,3629.6992963189277,2862,2862,2928,0.31100710759708156,2862,2862,2928,25.249300772185446,2862,2862,2928,0.26947133268575096,2862,2862,2928
SG_Weather/D,short,selected_adaptation,selected_adaptation,4.650836789980531,False,,False,0.0,vanilla,"{""vanilla"": 1.0}",2862.0,2862.0,1.0,0.7954173515927929,0.22652191621291196,2862,2862,2928,17.06594934924177,2862,2862,2928,0.3430878306918809,2862,2862,2928,0.8502706449539111,2862,2862,2928,2268.25808383352,2862,2862,2928,0.22652191621291196,2862,2862,2928,20.09791019425458,2862,2862,2928,0.2193336928038322,2862,2862,2928
SG_Weather/D,short,tsrag,tsrag,4.650836789980531,True,"{""code"": ""insufficient_global_datastore"", ""message"": ""global datastore requires at least 11 dates per variate; the least-covered variate has 0""}",False,0.0,,,,,,0.7954173515927929,0.22652191621291196,2862,2862,2928,17.06594934924177,2862,2862,2928,0.3430878306918809,2862,2862,2928,0.8502706449539111,2862,2862,2928,2268.25808383352,2862,2862,2928,0.22652191621291196,2862,2862,2928,20.09791019425458,2862,2862,2928,0.2193336928038322,2862,2862,2928
SG_Weather/D,short,vanilla,vanilla,4.650836789980531,False,,False,0.0,,,,,,0.7954173515927929,0.22652191621291196,2862,2862,2928,17.06594934924177,2862,2862,2928,0.3430878306918809,2862,2862,2928,0.8502706449539111,2862,2862,2928,2268.25808383352,2862,2862,2928,0.22652191621291196,2862,2862,2928,20.09791019425458,2862,2862,2928,0.2193336928038322,2862,2862,2928
SG_Weather/D,short,y_ridge_shared,y_ridge_shared,4.650836789980531,False,,False,0.0,vanilla,"{""vanilla"": 1.0}",2862.0,2862.0,1.0,0.7954173515927929,0.22652191621291196,2862,2862,2928,17.06594934924177,2862,2862,2928,0.3430878306918809,2862,2862,2928,0.8502706449539111,2862,2862,2928,2268.25808383352,2862,2862,2928,0.22652191621291196,2862,2862,2928,20.09791019425458,2862,2862,2928,0.2193336928038322,2862,2862,2928
Smart_Manufacturing/H,long,bayes_covariate_prediction,bayes_covariate_prediction,0.1991625800728798,True,"{""code"": ""ridge_stage_failed"", ""error_type"": ""ValueError"", ""message"": ""cannot score empty ridge statistics"", ""stage"": ""fit""}",False,0.0,vanilla,"{""vanilla"": 1.0}",170.0,170.0,1.0,0.7094323472756314,0.21519545053428477,170,170,170,5.719615523716557,170,170,170,0.3401990005303296,170,170,170,0.711018864850903,170,170,170,78.42633843584457,170,170,170,0.21519545053428477,170,170,170,7.159090045802481,170,170,170,0.22527335877205923,170,170,170
Smart_Manufacturing/H,long,bayes_past_targets_prediction,bayes_past_targets_prediction,0.1991625800728798,True,"{""code"": ""ridge_stage_failed"", ""error_type"": ""ValueError"", ""message"": ""cannot score empty ridge statistics"", ""stage"": ""fit""}",False,0.0,vanilla,"{""vanilla"": 1.0}",170.0,170.0,1.0,0.7094323472756314,0.21519545053428477,170,170,170,5.719615523716557,170,170,170,0.3401990005303296,170,170,170,0.711018864850903,170,170,170,78.42633843584457,170,170,170,0.21519545053428477,170,170,170,7.159090045802481,170,170,170,0.22527335877205923,170,170,170
Smart_Manufacturing/H,long,cov_ridge_shared,cov_ridge_shared,0.1991625800728798,True,"{""code"": ""ridge_stage_failed"", ""error_type"": ""ValueError"", ""message"": ""cannot score empty ridge statistics"", ""stage"": ""fit""}",False,0.0,vanilla,"{""vanilla"": 1.0}",170.0,170.0,1.0,0.7094323472756314,0.21519545053428477,170,170,170,5.719615523716557,170,170,170,0.3401990005303296,170,170,170,0.711018864850903,170,170,170,78.42633843584457,170,170,170,0.21519545053428477,170,170,170,7.159090045802481,170,170,170,0.22527335877205923,170,170,170
Smart_Manufacturing/H,long,covariate_prediction,covariate_prediction,0.1991625800728798,True,"{""code"": ""ridge_stage_failed"", ""error_type"": ""ValueError"", ""message"": ""cannot score empty ridge statistics"", ""stage"": ""fit""}",False,0.0,vanilla,"{""vanilla"": 1.0}",170.0,170.0,1.0,0.7094323472756314,0.21519545053428477,170,170,170,5.719615523716557,170,170,170,0.3401990005303296,170,170,170,0.711018864850903,170,170,170,78.42633843584457,170,170,170,0.21519545053428477,170,170,170,7.159090045802481,170,170,170,0.22527335877205923,170,170,170
Smart_Manufacturing/H,long,full_ridge_per_variate,full_ridge_per_variate,0.1991625800728798,True,"{""code"": ""ridge_stage_failed"", ""error_type"": ""ValueError"", ""message"": ""cannot score empty ridge statistics"", ""stage"": ""fit""}",False,0.0,vanilla,"{""vanilla"": 1.0}",170.0,170.0,1.0,0.7094323472756314,0.21519545053428477,170,170,170,5.719615523716557,170,170,170,0.3401990005303296,170,170,170,0.711018864850903,170,170,170,78.42633843584457,170,170,170,0.21519545053428477,170,170,170,7.159090045802481,170,170,170,0.22527335877205923,170,170,170
Smart_Manufacturing/H,long,full_ridge_shared,full_ridge_shared,0.1991625800728798,True,"{""code"": ""ridge_stage_failed"", ""error_type"": ""ValueError"", ""message"": ""cannot score empty ridge statistics"", ""stage"": ""fit""}",False,0.0,vanilla,"{""vanilla"": 1.0}",170.0,170.0,1.0,0.7094323472756314,0.21519545053428477,170,170,170,5.719615523716557,170,170,170,0.3401990005303296,170,170,170,0.711018864850903,170,170,170,78.42633843584457,170,170,170,0.21519545053428477,170,170,170,7.159090045802481,170,170,170,0.22527335877205923,170,170,170
Smart_Manufacturing/H,long,seasonal_naive,seasonal_naive,1.5732318125665188,False,,False,0.0,,,,,,1.0,0.3152755943563629,170,170,170,8.086224663404494,170,170,170,0.4296632608844842,170,170,170,1.0022363197581337,170,170,170,156.7997992336812,170,170,170,0.30159905131763687,170,170,170,10.091974272865112,170,170,170,0.3148807474954711,170,170,170
Smart_Manufacturing/H,long,selected_adaptation,selected_adaptation,0.1991625800728798,True,"{""code"": ""ridge_stage_failed"", ""error_type"": ""ValueError"", ""message"": ""cannot score empty ridge statistics"", ""stage"": ""fit""}",False,0.0,vanilla,"{""vanilla"": 1.0}",170.0,170.0,1.0,0.7094323472756314,0.21519545053428477,170,170,170,5.719615523716557,170,170,170,0.3401990005303296,170,170,170,0.711018864850903,170,170,170,78.42633843584457,170,170,170,0.21519545053428477,170,170,170,7.159090045802481,170,170,170,0.22527335877205923,170,170,170
Smart_Manufacturing/H,long,tsrag,tsrag,0.1991625800728798,True,"{""code"": ""insufficient_global_datastore"", ""message"": ""global datastore requires at least 11 dates per variate; the least-covered variate has 0""}",False,0.0,,,,,,0.7094323472756314,0.21519545053428477,170,170,170,5.719615523716557,170,170,170,0.3401990005303296,170,170,170,0.711018864850903,170,170,170,78.42633843584457,170,170,170,0.21519545053428477,170,170,170,7.159090045802481,170,170,170,0.22527335877205923,170,170,170
Smart_Manufacturing/H,long,vanilla,vanilla,0.1991625800728798,False,,False,0.0,,,,,,0.7094323472756314,0.21519545053428477,170,170,170,5.719615523716557,170,170,170,0.3401990005303296,170,170,170,0.711018864850903,170,170,170,78.42633843584457,170,170,170,0.21519545053428477,170,170,170,7.159090045802481,170,170,170,0.22527335877205923,170,170,170
Smart_Manufacturing/H,long,y_ridge_shared,y_ridge_shared,0.1991625800728798,True,"{""code"": ""ridge_stage_failed"", ""error_type"": ""ValueError"", ""message"": ""cannot score empty ridge statistics"", ""stage"": ""fit""}",False,0.0,vanilla,"{""vanilla"": 1.0}",170.0,170.0,1.0,0.7094323472756314,0.21519545053428477,170,170,170,5.719615523716557,170,170,170,0.3401990005303296,170,170,170,0.711018864850903,170,170,170,78.42633843584457,170,170,170,0.21519545053428477,170,170,170,7.159090045802481,170,170,170,0.22527335877205923,170,170,170
Smart_Manufacturing/H,medium,bayes_covariate_prediction,bayes_covariate_prediction,0.3783683842048049,True,"{""code"": ""ridge_stage_failed"", ""error_type"": ""ValueError"", ""message"": ""cannot score empty ridge statistics"", ""stage"": ""fit""}",False,0.0,vanilla,"{""vanilla"": 1.0}",340.0,340.0,1.0,0.7072854710326391,0.2153353035221406,340,340,340,5.719729275807407,340,340,340,0.33770011080722584,340,340,340,0.7114699311085539,340,340,340,78.42242082994515,340,340,340,0.2153353035221406,340,340,340,7.149743318916848,340,340,340,0.22534742998680352,340,340,340
Smart_Manufacturing/H,medium,bayes_past_targets_prediction,bayes_past_targets_prediction,0.3783683842048049,True,"{""code"": ""ridge_stage_failed"", ""error_type"": ""ValueError"", ""message"": ""cannot score empty ridge statistics"", ""stage"": ""fit""}",False,0.0,vanilla,"{""vanilla"": 1.0}",340.0,340.0,1.0,0.7072854710326391,0.2153353035221406,340,340,340,5.719729275807407,340,340,340,0.33770011080722584,340,340,340,0.7114699311085539,340,340,340,78.42242082994515,340,340,340,0.2153353035221406,340,340,340,7.149743318916848,340,340,340,0.22534742998680352,340,340,340
Smart_Manufacturing/H,medium,cov_ridge_shared,cov_ridge_shared,0.3783683842048049,True,"{""code"": ""ridge_stage_failed"", ""error_type"": ""ValueError"", ""message"": ""cannot score empty ridge statistics"", ""stage"": ""fit""}",False,0.0,vanilla,"{""vanilla"": 1.0}",340.0,340.0,1.0,0.7072854710326391,0.2153353035221406,340,340,340,5.719729275807407,340,340,340,0.33770011080722584,340,340,340,0.7114699311085539,340,340,340,78.42242082994515,340,340,340,0.2153353035221406,340,340,340,7.149743318916848,340,340,340,0.22534742998680352,340,340,340
Smart_Manufacturing/H,medium,covariate_prediction,covariate_prediction,0.3783683842048049,True,"{""code"": ""ridge_stage_failed"", ""error_type"": ""ValueError"", ""message"": ""cannot score empty ridge statistics"", ""stage"": ""fit""}",False,0.0,vanilla,"{""vanilla"": 1.0}",340.0,340.0,1.0,0.7072854710326391,0.2153353035221406,340,340,340,5.719729275807407,340,340,340,0.33770011080722584,340,340,340,0.7114699311085539,340,340,340,78.42242082994515,340,340,340,0.2153353035221406,340,340,340,7.149743318916848,340,340,340,0.22534742998680352,340,340,340
Smart_Manufacturing/H,medium,full_ridge_per_variate,full_ridge_per_variate,0.3783683842048049,True,"{""code"": ""ridge_stage_failed"", ""error_type"": ""ValueError"", ""message"": ""cannot score empty ridge statistics"", ""stage"": ""fit""}",False,0.0,vanilla,"{""vanilla"": 1.0}",340.0,340.0,1.0,0.7072854710326391,0.2153353035221406,340,340,340,5.719729275807407,340,340,340,0.33770011080722584,340,340,340,0.7114699311085539,340,340,340,78.42242082994515,340,340,340,0.2153353035221406,340,340,340,7.149743318916848,340,340,340,0.22534742998680352,340,340,340
Smart_Manufacturing/H,medium,full_ridge_shared,full_ridge_shared,0.3783683842048049,True,"{""code"": ""ridge_stage_failed"", ""error_type"": ""ValueError"", ""message"": ""cannot score empty ridge statistics"", ""stage"": ""fit""}",False,0.0,vanilla,"{""vanilla"": 1.0}",340.0,340.0,1.0,0.7072854710326391,0.2153353035221406,340,340,340,5.719729275807407,340,340,340,0.33770011080722584,340,340,340,0.7114699311085539,340,340,340,78.42242082994515,340,340,340,0.2153353035221406,340,340,340,7.149743318916848,340,340,340,0.22534742998680352,340,340,340
Smart_Manufacturing/H,medium,seasonal_naive,seasonal_naive,2.0938354451209307,False,,False,0.0,,,,,,1.0,0.2697738121983969,340,340,340,8.142555472550107,340,340,340,0.42762527194540967,340,340,340,1.0059162251273246,340,340,340,159.50237809469652,340,340,340,0.303207512071915,340,340,340,10.150242302167877,340,340,340,0.3178835722028481,340,340,340
Smart_Manufacturing/H,medium,selected_adaptation,selected_adaptation,0.3783683842048049,True,"{""code"": ""ridge_stage_failed"", ""error_type"": ""ValueError"", ""message"": ""cannot score empty ridge statistics"", ""stage"": ""fit""}",False,0.0,vanilla,"{""vanilla"": 1.0}",340.0,340.0,1.0,0.7072854710326391,0.2153353035221406,340,340,340,5.719729275807407,340,340,340,0.33770011080722584,340,340,340,0.7114699311085539,340,340,340,78.42242082994515,340,340,340,0.2153353035221406,340,340,340,7.149743318916848,340,340,340,0.22534742998680352,340,340,340
Smart_Manufacturing/H,medium,tsrag,tsrag,0.3783683842048049,True,"{""code"": ""insufficient_global_datastore"", ""message"": ""global datastore requires at least 11 dates per variate; the least-covered variate has 0""}",False,0.0,,,,,,0.7072854710326391,0.2153353035221406,340,340,340,5.719729275807407,340,340,340,0.33770011080722584,340,340,340,0.7114699311085539,340,340,340,78.42242082994515,340,340,340,0.2153353035221406,340,340,340,7.149743318916848,340,340,340,0.22534742998680352,340,340,340
Smart_Manufacturing/H,medium,vanilla,vanilla,0.3783683842048049,False,,False,0.0,,,,,,0.7072854710326391,0.2153353035221406,340,340,340,5.719729275807407,340,340,340,0.33770011080722584,340,340,340,0.7114699311085539,340,340,340,78.42242082994515,340,340,340,0.2153353035221406,340,340,340,7.149743318916848,340,340,340,0.22534742998680352,340,340,340
Smart_Manufacturing/H,medium,y_ridge_shared,y_ridge_shared,0.3783683842048049,True,"{""code"": ""ridge_stage_failed"", ""error_type"": ""ValueError"", ""message"": ""cannot score empty ridge statistics"", ""stage"": ""fit""}",False,0.0,vanilla,"{""vanilla"": 1.0}",340.0,340.0,1.0,0.7072854710326391,0.2153353035221406,340,340,340,5.719729275807407,340,340,340,0.33770011080722584,340,340,340,0.7114699311085539,340,340,340,78.42242082994515,340,340,340,0.2153353035221406,340,340,340,7.149743318916848,340,340,340,0.22534742998680352,340,340,340
Smart_Manufacturing/H,short,bayes_covariate_prediction,bayes_covariate_prediction,2.5479564433917403,True,"{""code"": ""ridge_stage_failed"", ""error_type"": ""ValueError"", ""message"": ""cannot score empty ridge statistics"", ""stage"": ""fit""}",False,0.0,vanilla,"{""vanilla"": 1.0}",2380.0,2380.0,1.0,0.7126755912376266,0.2165254702739631,2380,2380,2380,5.716382618018629,2380,2380,2380,0.3321466352973837,2380,2380,2380,0.7117642399681166,2380,2380,2380,78.34641078655198,2380,2380,2380,0.2165254702739631,2380,2380,2380,7.063471891327495,2380,2380,2380,0.22534417374737317,2380,2380,2380
Smart_Manufacturing/H,short,bayes_past_targets_prediction,bayes_past_targets_prediction,2.5479564433917403,True,"{""code"": ""ridge_stage_failed"", ""error_type"": ""ValueError"", ""message"": ""cannot score empty ridge statistics"", ""stage"": ""fit""}",False,0.0,vanilla,"{""vanilla"": 1.0}",2380.0,2380.0,1.0,0.7126755912376266,0.2165254702739631,2380,2380,2380,5.716382618018629,2380,2380,2380,0.3321466352973837,2380,2380,2380,0.7117642399681166,2380,2380,2380,78.34641078655198,2380,2380,2380,0.2165254702739631,2380,2380,2380,7.063471891327495,2380,2380,2380,0.22534417374737317,2380,2380,2380
Smart_Manufacturing/H,short,cov_ridge_shared,cov_ridge_shared,2.5479564433917403,True,"{""code"": ""ridge_stage_failed"", ""error_type"": ""ValueError"", ""message"": ""cannot score empty ridge statistics"", ""stage"": ""fit""}",False,0.0,vanilla,"{""vanilla"": 1.0}",2380.0,2380.0,1.0,0.7126755912376266,0.2165254702739631,2380,2380,2380,5.716382618018629,2380,2380,2380,0.3321466352973837,2380,2380,2380,0.7117642399681166,2380,2380,2380,78.34641078655198,2380,2380,2380,0.2165254702739631,2380,2380,2380,7.063471891327495,2380,2380,2380,0.22534417374737317,2380,2380,2380
Smart_Manufacturing/H,short,covariate_prediction,covariate_prediction,2.5479564433917403,True,"{""code"": ""ridge_stage_failed"", ""error_type"": ""ValueError"", ""message"": ""cannot score empty ridge statistics"", ""stage"": ""fit""}",False,0.0,vanilla,"{""vanilla"": 1.0}",2380.0,2380.0,1.0,0.7126755912376266,0.2165254702739631,2380,2380,2380,5.716382618018629,2380,2380,2380,0.3321466352973837,2380,2380,2380,0.7117642399681166,2380,2380,2380,78.34641078655198,2380,2380,2380,0.2165254702739631,2380,2380,2380,7.063471891327495,2380,2380,2380,0.22534417374737317,2380,2380,2380
Smart_Manufacturing/H,short,full_ridge_per_variate,full_ridge_per_variate,2.5479564433917403,True,"{""code"": ""ridge_stage_failed"", ""error_type"": ""ValueError"", ""message"": ""cannot score empty ridge statistics"", ""stage"": ""fit""}",False,0.0,vanilla,"{""vanilla"": 1.0}",2380.0,2380.0,1.0,0.7126755912376266,0.2165254702739631,2380,2380,2380,5.716382618018629,2380,2380,2380,0.3321466352973837,2380,2380,2380,0.7117642399681166,2380,2380,2380,78.34641078655198,2380,2380,2380,0.2165254702739631,2380,2380,2380,7.063471891327495,2380,2380,2380,0.22534417374737317,2380,2380,2380
Smart_Manufacturing/H,short,full_ridge_shared,full_ridge_shared,2.5479564433917403,True,"{""code"": ""ridge_stage_failed"", ""error_type"": ""ValueError"", ""message"": ""cannot score empty ridge statistics"", ""stage"": ""fit""}",False,0.0,vanilla,"{""vanilla"": 1.0}",2380.0,2380.0,1.0,0.7126755912376266,0.2165254702739631,2380,2380,2380,5.716382618018629,2380,2380,2380,0.3321466352973837,2380,2380,2380,0.7117642399681166,2380,2380,2380,78.34641078655198,2380,2380,2380,0.2165254702739631,2380,2380,2380,7.063471891327495,2380,2380,2380,0.22534417374737317,2380,2380,2380
Smart_Manufacturing/H,short,seasonal_naive,seasonal_naive,8.254228632897139,False,,False,0.0,,,,,,1.0,0.23345423316552322,2380,2380,2380,8.08180873560884,2380,2380,2380,0.4216190935971444,2380,2380,2380,0.9987212256449988,2380,2380,2380,156.95602107122488,2380,2380,2380,0.3026412028934226,2380,2380,2380,9.958417893265578,2380,2380,2380,0.31475387358366647,2380,2380,2380
Smart_Manufacturing/H,short,selected_adaptation,selected_adaptation,2.5479564433917403,True,"{""code"": ""ridge_stage_failed"", ""error_type"": ""ValueError"", ""message"": ""cannot score empty ridge statistics"", ""stage"": ""fit""}",False,0.0,vanilla,"{""vanilla"": 1.0}",2380.0,2380.0,1.0,0.7126755912376266,0.2165254702739631,2380,2380,2380,5.716382618018629,2380,2380,2380,0.3321466352973837,2380,2380,2380,0.7117642399681166,2380,2380,2380,78.34641078655198,2380,2380,2380,0.2165254702739631,2380,2380,2380,7.063471891327495,2380,2380,2380,0.22534417374737317,2380,2380,2380
Smart_Manufacturing/H,short,tsrag,tsrag,2.5479564433917403,True,"{""code"": ""insufficient_global_datastore"", ""message"": ""global datastore requires at least 11 dates per variate; the least-covered variate has 0""}",False,0.0,,,,,,0.7126755912376266,0.2165254702739631,2380,2380,2380,5.716382618018629,2380,2380,2380,0.3321466352973837,2380,2380,2380,0.7117642399681166,2380,2380,2380,78.34641078655198,2380,2380,2380,0.2165254702739631,2380,2380,2380,7.063471891327495,2380,2380,2380,0.22534417374737317,2380,2380,2380
Smart_Manufacturing/H,short,vanilla,vanilla,2.5479564433917403,False,,False,0.0,,,,,,0.7126755912376266,0.2165254702739631,2380,2380,2380,5.716382618018629,2380,2380,2380,0.3321466352973837,2380,2380,2380,0.7117642399681166,2380,2380,2380,78.34641078655198,2380,2380,2380,0.2165254702739631,2380,2380,2380,7.063471891327495,2380,2380,2380,0.22534417374737317,2380,2380,2380
Smart_Manufacturing/H,short,y_ridge_shared,y_ridge_shared,2.5479564433917403,True,"{""code"": ""ridge_stage_failed"", ""error_type"": ""ValueError"", ""message"": ""cannot score empty ridge statistics"", ""stage"": ""fit""}",False,0.0,vanilla,"{""vanilla"": 1.0}",2380.0,2380.0,1.0,0.7126755912376266,0.2165254702739631,2380,2380,2380,5.716382618018629,2380,2380,2380,0.3321466352973837,2380,2380,2380,0.7117642399681166,2380,2380,2380,78.34641078655198,2380,2380,2380,0.2165254702739631,2380,2380,2380,7.063471891327495,2380,2380,2380,0.22534417374737317,2380,2380,2380
Supply_Chain_Customer/D,short,bayes_covariate_prediction,bayes_covariate_prediction,7.572434449568391,False,,False,0.0,bayes_past_targets_prediction,"{""bayes_past_targets_prediction"": 1.0}",0.0,432.0,0.0,0.36429565879996795,0.33455265989604216,432,432,432,1541.6358749950004,432,432,432,0.4058000051197979,432,432,432,0.5553337749806979,432,432,432,28608342.291236043,432,432,432,0.33455265989604216,432,432,432,2192.520820007759,432,432,432,0.3834923063397578,432,432,432
Supply_Chain_Customer/D,short,bayes_past_targets_prediction,bayes_past_targets_prediction,17.157321787439287,False,,False,0.0,bayes_past_targets_prediction,"{""bayes_past_targets_prediction"": 1.0}",0.0,432.0,0.0,0.363482440929072,0.33359652641210225,432,432,432,1540.0259557614725,432,432,432,0.4094051343943918,432,432,432,0.5540941023707798,432,432,432,28691502.825416047,432,432,432,0.33359652641210225,432,432,432,2186.2616121320298,432,432,432,0.37972480288073424,432,432,432
Supply_Chain_Customer/D,short,cov_ridge_shared,cov_ridge_shared,8.835285624023527,False,,False,0.0,bayes_past_targets_prediction,"{""bayes_past_targets_prediction"": 1.0}",432.0,432.0,1.0,0.36580869084743334,0.335355867157546,432,432,432,1553.1126780355419,432,432,432,0.4072217800734299,432,432,432,0.5576402471504558,432,432,432,29400554.945812996,432,432,432,0.335355867157546,432,432,432,2207.421262805113,432,432,432,0.38249234912704727,432,432,432
Supply_Chain_Customer/D,short,covariate_prediction,covariate_prediction,7.572333198972046,False,,False,0.0,bayes_past_targets_prediction,"{""bayes_past_targets_prediction"": 1.0}",0.0,432.0,0.0,0.3655237416618563,0.33613115674746497,432,432,432,1545.7689476123562,432,432,432,0.40756987696883096,432,432,432,0.5572058694600232,432,432,432,28313348.568823487,432,432,432,0.33613115674746497,432,432,432,2196.2069145216783,432,432,432,0.3873230659834139,432,432,432
Supply_Chain_Customer/D,short,full_ridge_per_variate,full_ridge_per_variate,8.835285624023527,False,,False,0.0,bayes_past_targets_prediction,"{""bayes_past_targets_prediction"": 1.0}",432.0,432.0,1.0,0.36580869084743334,0.335355867157546,432,432,432,1553.1126780355419,432,432,432,0.4072217800734299,432,432,432,0.5576402471504558,432,432,432,29400554.945812996,432,432,432,0.335355867157546,432,432,432,2207.421262805113,432,432,432,0.38249234912704727,432,432,432
Supply_Chain_Customer/D,short,full_ridge_shared,full_ridge_shared,8.835285624023527,False,,False,0.0,bayes_past_targets_prediction,"{""bayes_past_targets_prediction"": 1.0}",432.0,432.0,1.0,0.36580869084743334,0.335355867157546,432,432,432,1553.1126780355419,432,432,432,0.4072217800734299,432,432,432,0.5576402471504558,432,432,432,29400554.945812996,432,432,432,0.335355867157546,432,432,432,2207.421262805113,432,432,432,0.38249234912704727,432,432,432
Supply_Chain_Customer/D,short,seasonal_naive,seasonal_naive,1.5101168360561132,False,,False,0.0,,,,,,1.0,1.054457193957,432,432,432,4463.307225665928,432,432,432,1.4574816283236818,432,432,432,1.5244040426120686,432,432,432,174072113.7703059,432,432,432,0.8810822692231542,432,432,432,5498.130226939358,432,432,432,0.8436200723026088,432,432,432
Supply_Chain_Customer/D,short,selected_adaptation,selected_adaptation,17.157321787439287,False,,False,0.0,bayes_past_targets_prediction,"{""bayes_past_targets_prediction"": 1.0}",0.0,432.0,0.0,0.363482440929072,0.33359652641210225,432,432,432,1540.0259557614725,432,432,432,0.4094051343943918,432,432,432,0.5540941023707798,432,432,432,28691502.825416047,432,432,432,0.33359652641210225,432,432,432,2186.2616121320298,432,432,432,0.37972480288073424,432,432,432
Supply_Chain_Customer/D,short,tsrag,tsrag,0.9276719745248556,False,,False,0.0,,,,,,0.4150611097906014,0.37204334835829633,432,432,432,1794.616191653558,432,432,432,0.43858538365264815,432,432,432,0.6327208336958444,432,432,432,36488180.870377965,432,432,432,0.37204334835829633,432,432,432,2488.1435552763287,432,432,432,0.43003012039608834,432,432,432
Supply_Chain_Customer/D,short,vanilla,vanilla,0.46155362389981747,False,,False,0.0,,,,,,0.36580869084743334,0.335355867157546,432,432,432,1553.1126780355419,432,432,432,0.4072217800734299,432,432,432,0.5576402471504558,432,432,432,29400554.945812996,432,432,432,0.335355867157546,432,432,432,2207.421262805113,432,432,432,0.38249234912704727,432,432,432
Supply_Chain_Customer/D,short,y_ridge_shared,y_ridge_shared,8.835285624023527,False,,False,0.0,bayes_past_targets_prediction,"{""bayes_past_targets_prediction"": 1.0}",432.0,432.0,1.0,0.36580869084743334,0.335355867157546,432,432,432,1553.1126780355419,432,432,432,0.4072217800734299,432,432,432,0.5576402471504558,432,432,432,29400554.945812996,432,432,432,0.335355867157546,432,432,432,2207.421262805113,432,432,432,0.38249234912704727,432,432,432
Supply_Chain_Location/D,short,bayes_covariate_prediction,bayes_covariate_prediction,10.642135600093752,False,,False,0.0,bayes_past_targets_prediction,"{""bayes_past_targets_prediction"": 1.0}",0.0,612.0,0.0,0.42731558866883457,0.3588816563462751,612,612,612,1711.5481872104092,612,612,612,0.48412728270432404,612,612,612,0.6095424633747353,612,612,612,18931706.26694839,612,612,612,0.3588816563462751,612,612,612,2265.2185026023244,612,612,612,0.3930925199969606,612,612,612
Supply_Chain_Location/D,short,bayes_past_targets_prediction,bayes_past_targets_prediction,34.41548643214628,False,,False,0.0,bayes_past_targets_prediction,"{""bayes_past_targets_prediction"": 1.0}",0.0,612.0,0.0,0.42445821415525153,0.3570271766872249,612,612,612,1705.2338877133036,612,612,612,0.4931280007584593,612,612,612,0.6054665739244597,612,612,612,18633137.904023007,612,612,612,0.3570271766872249,612,612,612,2248.871566141798,612,612,612,0.38983725720403073,612,612,612
Supply_Chain_Location/D,short,cov_ridge_shared,cov_ridge_shared,12.42915588337928,False,,False,0.0,bayes_past_targets_prediction,"{""bayes_past_targets_prediction"": 1.0}",612.0,612.0,1.0,0.42729135128588164,0.3585979751602728,612,612,612,1714.7489423031902,612,612,612,0.48631902033180896,612,612,612,0.6095078900652127,612,612,612,19273968.644059636,612,612,612,0.3585979751602728,612,612,612,2278.6413088092936,612,612,612,0.39198935159786025,612,612,612
Supply_Chain_Location/D,short,covariate_prediction,covariate_prediction,10.642005869187415,False,,False,0.0,bayes_past_targets_prediction,"{""bayes_past_targets_prediction"": 1.0}",0.0,612.0,0.0,0.42900411385420717,0.3605032881034211,612,612,612,1714.1001110649318,612,612,612,0.4845548247203531,612,612,612,0.611951052783253,612,612,612,18849044.116592187,612,612,612,0.3605032881034211,612,612,612,2265.7292122116314,612,612,612,0.39558340591652874,612,612,612
Supply_Chain_Location/D,short,full_ridge_per_variate,full_ridge_per_variate,12.42915588337928,False,,False,0.0,bayes_past_targets_prediction,"{""bayes_past_targets_prediction"": 1.0}",612.0,612.0,1.0,0.42729135128588164,0.3585979751602728,612,612,612,1714.7489423031902,612,612,612,0.48631902033180896,612,612,612,0.6095078900652127,612,612,612,19273968.644059636,612,612,612,0.3585979751602728,612,612,612,2278.6413088092936,612,612,612,0.39198935159786025,612,612,612
Supply_Chain_Location/D,short,full_ridge_shared,full_ridge_shared,12.42915588337928,False,,False,0.0,bayes_past_targets_prediction,"{""bayes_past_targets_prediction"": 1.0}",612.0,612.0,1.0,0.42729135128588164,0.3585979751602728,612,612,612,1714.7489423031902,612,612,612,0.48631902033180896,612,612,612,0.6095078900652127,612,612,612,19273968.644059636,612,612,612,0.3585979751602728,612,612,612,2278.6413088092936,612,612,612,0.39198935159786025,612,612,612
Supply_Chain_Location/D,short,seasonal_naive,seasonal_naive,2.1239393455907702,False,,False,0.0,,,,,,1.0,1.0414695545338202,612,612,612,3511.5716118465584,612,612,612,1.4102191068862027,612,612,612,1.4264456517338167,612,612,612,72938255.95274875,612,612,612,0.8346975234392745,612,612,612,4374.494886032098,612,612,612,0.816233647027298,612,612,612
Supply_Chain_Location/D,short,selected_adaptation,selected_adaptation,34.41548643214628,False,,False,0.0,bayes_past_targets_prediction,"{""bayes_past_targets_prediction"": 1.0}",0.0,612.0,0.0,0.42445821415525153,0.3570271766872249,612,612,612,1705.2338877133036,612,612,612,0.4931280007584593,612,612,612,0.6054665739244597,612,612,612,18633137.904023007,612,612,612,0.3570271766872249,612,612,612,2248.871566141798,612,612,612,0.38983725720403073,612,612,612
Supply_Chain_Location/D,short,tsrag,tsrag,1.2758537381887436,False,,False,0.0,,,,,,0.46275382312618235,0.385239134016576,612,612,612,1805.3296236989804,612,612,612,0.5001591288792211,612,612,612,0.6600931788215425,612,612,612,21935462.068158448,612,612,612,0.385239134016576,612,612,612,2434.7465614075995,612,612,612,0.429110546691776,612,612,612
Supply_Chain_Location/D,short,vanilla,vanilla,0.6357545759528875,False,,False,0.0,,,,,,0.42729135128588164,0.3585979751602728,612,612,612,1714.7489423031902,612,612,612,0.48631902033180896,612,612,612,0.6095078900652127,612,612,612,19273968.644059636,612,612,612,0.3585979751602728,612,612,612,2278.6413088092936,612,612,612,0.39198935159786025,612,612,612
Supply_Chain_Location/D,short,y_ridge_shared,y_ridge_shared,12.42915588337928,False,,False,0.0,bayes_past_targets_prediction,"{""bayes_past_targets_prediction"": 1.0}",612.0,612.0,1.0,0.42729135128588164,0.3585979751602728,612,612,612,1714.7489423031902,612,612,612,0.48631902033180896,612,612,612,0.6095078900652127,612,612,612,19273968.644059636,612,612,612,0.3585979751602728,612,612,612,2278.6413088092936,612,612,612,0.39198935159786025,612,612,612
US_Labor/M,short,bayes_covariate_prediction,bayes_covariate_prediction,0.07177390344440937,True,"{""code"": ""ridge_stage_failed"", ""error_type"": ""ValueError"", ""message"": ""cannot score empty ridge statistics"", ""stage"": ""fit""}",False,0.0,vanilla,"{""vanilla"": 1.0}",70.0,70.0,1.0,0.4888426613098861,0.06221503636491327,70,70,70,338.29474425798367,70,70,70,0.06213530792956431,70,70,70,0.8665246354470926,70,70,70,473194.0676389152,70,70,70,0.06221503636491327,70,70,70,383.67310193213876,70,70,70,0.0595382790072609,70,70,70
US_Labor/M,short,bayes_past_targets_prediction,bayes_past_targets_prediction,0.07177390344440937,True,"{""code"": ""ridge_stage_failed"", ""error_type"": ""ValueError"", ""message"": ""cannot score empty ridge statistics"", ""stage"": ""fit""}",False,0.0,vanilla,"{""vanilla"": 1.0}",70.0,70.0,1.0,0.4888426613098861,0.06221503636491327,70,70,70,338.29474425798367,70,70,70,0.06213530792956431,70,70,70,0.8665246354470926,70,70,70,473194.0676389152,70,70,70,0.06221503636491327,70,70,70,383.67310193213876,70,70,70,0.0595382790072609,70,70,70
US_Labor/M,short,cov_ridge_shared,cov_ridge_shared,0.07177390344440937,True,"{""code"": ""ridge_stage_failed"", ""error_type"": ""ValueError"", ""message"": ""cannot score empty ridge statistics"", ""stage"": ""fit""}",False,0.0,vanilla,"{""vanilla"": 1.0}",70.0,70.0,1.0,0.4888426613098861,0.06221503636491327,70,70,70,338.29474425798367,70,70,70,0.06213530792956431,70,70,70,0.8665246354470926,70,70,70,473194.0676389152,70,70,70,0.06221503636491327,70,70,70,383.67310193213876,70,70,70,0.0595382790072609,70,70,70
US_Labor/M,short,covariate_prediction,covariate_prediction,0.07177390344440937,True,"{""code"": ""ridge_stage_failed"", ""error_type"": ""ValueError"", ""message"": ""cannot score empty ridge statistics"", ""stage"": ""fit""}",False,0.0,vanilla,"{""vanilla"": 1.0}",70.0,70.0,1.0,0.4888426613098861,0.06221503636491327,70,70,70,338.29474425798367,70,70,70,0.06213530792956431,70,70,70,0.8665246354470926,70,70,70,473194.0676389152,70,70,70,0.06221503636491327,70,70,70,383.67310193213876,70,70,70,0.0595382790072609,70,70,70
US_Labor/M,short,full_ridge_per_variate,full_ridge_per_variate,0.07177390344440937,True,"{""code"": ""ridge_stage_failed"", ""error_type"": ""ValueError"", ""message"": ""cannot score empty ridge statistics"", ""stage"": ""fit""}",False,0.0,vanilla,"{""vanilla"": 1.0}",70.0,70.0,1.0,0.4888426613098861,0.06221503636491327,70,70,70,338.29474425798367,70,70,70,0.06213530792956431,70,70,70,0.8665246354470926,70,70,70,473194.0676389152,70,70,70,0.06221503636491327,70,70,70,383.67310193213876,70,70,70,0.0595382790072609,70,70,70
US_Labor/M,short,full_ridge_shared,full_ridge_shared,0.07177390344440937,True,"{""code"": ""ridge_stage_failed"", ""error_type"": ""ValueError"", ""message"": ""cannot score empty ridge statistics"", ""stage"": ""fit""}",False,0.0,vanilla,"{""vanilla"": 1.0}",70.0,70.0,1.0,0.4888426613098861,0.06221503636491327,70,70,70,338.29474425798367,70,70,70,0.06213530792956431,70,70,70,0.8665246354470926,70,70,70,473194.0676389152,70,70,70,0.06221503636491327,70,70,70,383.67310193213876,70,70,70,0.0595382790072609,70,70,70
US_Labor/M,short,seasonal_naive,seasonal_naive,0.31104636937379837,False,,False,0.0,,,,,,1.0,0.10951181510212929,70,70,70,872.2661904266902,70,70,70,0.12898838072427501,70,70,70,1.7726043654315742,70,70,70,4248042.833857042,70,70,70,0.1260411607873751,70,70,70,956.0640799747848,70,70,70,0.11666560257435071,70,70,70
US_Labor/M,short,selected_adaptation,selected_adaptation,0.07177390344440937,True,"{""code"": ""ridge_stage_failed"", ""error_type"": ""ValueError"", ""message"": ""cannot score empty ridge statistics"", ""stage"": ""fit""}",False,0.0,vanilla,"{""vanilla"": 1.0}",70.0,70.0,1.0,0.4888426613098861,0.06221503636491327,70,70,70,338.29474425798367,70,70,70,0.06213530792956431,70,70,70,0.8665246354470926,70,70,70,473194.0676389152,70,70,70,0.06221503636491327,70,70,70,383.67310193213876,70,70,70,0.0595382790072609,70,70,70
US_Labor/M,short,tsrag,tsrag,0.07177390344440937,True,"{""code"": ""insufficient_global_datastore"", ""message"": ""global datastore requires at least 11 dates per variate; the least-covered variate has 0""}",False,0.0,,,,,,0.4888426613098861,0.06221503636491327,70,70,70,338.29474425798367,70,70,70,0.06213530792956431,70,70,70,0.8665246354470926,70,70,70,473194.0676389152,70,70,70,0.06221503636491327,70,70,70,383.67310193213876,70,70,70,0.0595382790072609,70,70,70
US_Labor/M,short,vanilla,vanilla,0.07177390344440937,False,,False,0.0,,,,,,0.4888426613098861,0.06221503636491327,70,70,70,338.29474425798367,70,70,70,0.06213530792956431,70,70,70,0.8665246354470926,70,70,70,473194.0676389152,70,70,70,0.06221503636491327,70,70,70,383.67310193213876,70,70,70,0.0595382790072609,70,70,70
US_Labor/M,short,y_ridge_shared,y_ridge_shared,0.07177390344440937,True,"{""code"": ""ridge_stage_failed"", ""error_type"": ""ValueError"", ""message"": ""cannot score empty ridge statistics"", ""stage"": ""fit""}",False,0.0,vanilla,"{""vanilla"": 1.0}",70.0,70.0,1.0,0.4888426613098861,0.06221503636491327,70,70,70,338.29474425798367,70,70,70,0.06213530792956431,70,70,70,0.8665246354470926,70,70,70,473194.0676389152,70,70,70,0.06221503636491327,70,70,70,383.67310193213876,70,70,70,0.0595382790072609,70,70,70
US_Term_Structure/B,short,bayes_covariate_prediction,bayes_covariate_prediction,6.339297595433891,False,,False,0.0,vanilla,"{""vanilla"": 1.0}",1400.0,1400.0,1.0,0.8489255681578651,0.2604909029587153,1400,1400,1400,0.10213047977591405,1400,1400,1400,0.9471594868415626,1400,1400,1400,1.498343397371125,1400,1400,1400,0.023067453546776404,1400,1400,1400,0.2604909029587153,1400,1400,1400,0.12272495689317574,1400,1400,1400,0.2691588102408878,1400,1400,1400
US_Term_Structure/B,short,bayes_past_targets_prediction,bayes_past_targets_prediction,6.339297595433891,False,,False,0.0,vanilla,"{""vanilla"": 1.0}",1400.0,1400.0,1.0,0.8489255681578651,0.2604909029587153,1400,1400,1400,0.10213047977591405,1400,1400,1400,0.9471594868415626,1400,1400,1400,1.498343397371125,1400,1400,1400,0.023067453546776404,1400,1400,1400,0.2604909029587153,1400,1400,1400,0.12272495689317574,1400,1400,1400,0.2691588102408878,1400,1400,1400
US_Term_Structure/B,short,cov_ridge_shared,cov_ridge_shared,6.339297595433891,False,,False,0.0,vanilla,"{""vanilla"": 1.0}",1400.0,1400.0,1.0,0.8489255681578651,0.2604909029587153,1400,1400,1400,0.10213047977591405,1400,1400,1400,0.9471594868415626,1400,1400,1400,1.498343397371125,1400,1400,1400,0.023067453546776404,1400,1400,1400,0.2604909029587153,1400,1400,1400,0.12272495689317574,1400,1400,1400,0.2691588102408878,1400,1400,1400
US_Term_Structure/B,short,covariate_prediction,covariate_prediction,6.339297595433891,False,,False,0.0,vanilla,"{""vanilla"": 1.0}",1400.0,1400.0,1.0,0.8489255681578651,0.2604909029587153,1400,1400,1400,0.10213047977591405,1400,1400,1400,0.9471594868415626,1400,1400,1400,1.498343397371125,1400,1400,1400,0.023067453546776404,1400,1400,1400,0.2604909029587153,1400,1400,1400,0.12272495689317574,1400,1400,1400,0.2691588102408878,1400,1400,1400
US_Term_Structure/B,short,full_ridge_per_variate,full_ridge_per_variate,6.339297595433891,False,,False,0.0,vanilla,"{""vanilla"": 1.0}",1400.0,1400.0,1.0,0.8489255681578651,0.2604909029587153,1400,1400,1400,0.10213047977591405,1400,1400,1400,0.9471594868415626,1400,1400,1400,1.498343397371125,1400,1400,1400,0.023067453546776404,1400,1400,1400,0.2604909029587153,1400,1400,1400,0.12272495689317574,1400,1400,1400,0.2691588102408878,1400,1400,1400
US_Term_Structure/B,short,full_ridge_shared,full_ridge_shared,6.339297595433891,False,,False,0.0,vanilla,"{""vanilla"": 1.0}",1400.0,1400.0,1.0,0.8489255681578651,0.2604909029587153,1400,1400,1400,0.10213047977591405,1400,1400,1400,0.9471594868415626,1400,1400,1400,1.498343397371125,1400,1400,1400,0.023067453546776404,1400,1400,1400,0.2604909029587153,1400,1400,1400,0.12272495689317574,1400,1400,1400,0.2691588102408878,1400,1400,1400
US_Term_Structure/B,short,seasonal_naive,seasonal_naive,76.68119631055743,False,,False,0.0,,,,,,1.0,0.24626249609268158,1400,1400,1400,0.11920688513103643,1400,1400,1400,1.0736982333559981,1400,1400,1400,1.7649879489699798,1400,1400,1400,0.027609101134876936,1400,1400,1400,0.31288002411826993,1400,1400,1400,0.13878942723017607,1400,1400,1400,0.30506506935147204,1400,1400,1400
US_Term_Structure/B,short,selected_adaptation,selected_adaptation,6.339297595433891,False,,False,0.0,vanilla,"{""vanilla"": 1.0}",1400.0,1400.0,1.0,0.8489255681578651,0.2604909029587153,1400,1400,1400,0.10213047977591405,1400,1400,1400,0.9471594868415626,1400,1400,1400,1.498343397371125,1400,1400,1400,0.023067453546776404,1400,1400,1400,0.2604909029587153,1400,1400,1400,0.12272495689317574,1400,1400,1400,0.2691588102408878,1400,1400,1400
US_Term_Structure/B,short,tsrag,tsrag,3.281010188162327,False,,True,1400.0,,,,,,0.8489255681578651,0.2604909029587153,1400,1400,1400,0.10213047977591405,1400,1400,1400,0.9471594868415626,1400,1400,1400,1.498343397371125,1400,1400,1400,0.023067453546776404,1400,1400,1400,0.2604909029587153,1400,1400,1400,0.12272495689317574,1400,1400,1400,0.2691588102408878,1400,1400,1400
US_Term_Structure/B,short,vanilla,vanilla,6.339297595433891,False,,False,0.0,,,,,,0.8489255681578651,0.2604909029587153,1400,1400,1400,0.10213047977591405,1400,1400,1400,0.9471594868415626,1400,1400,1400,1.498343397371125,1400,1400,1400,0.023067453546776404,1400,1400,1400,0.2604909029587153,1400,1400,1400,0.12272495689317574,1400,1400,1400,0.2691588102408878,1400,1400,1400
US_Term_Structure/B,short,y_ridge_shared,y_ridge_shared,6.339297595433891,False,,False,0.0,vanilla,"{""vanilla"": 1.0}",1400.0,1400.0,1.0,0.8489255681578651,0.2604909029587153,1400,1400,1400,0.10213047977591405,1400,1400,1400,0.9471594868415626,1400,1400,1400,1.498343397371125,1400,1400,1400,0.023067453546776404,1400,1400,1400,0.2604909029587153,1400,1400,1400,0.12272495689317574,1400,1400,1400,0.2691588102408878,1400,1400,1400
Uncertainty_1M/M,short,bayes_covariate_prediction,bayes_covariate_prediction,0.20738703664392233,False,,False,0.0,cov_ridge_shared,"{""cov_ridge_shared"": 1.0}",21.0,21.0,1.0,0.34272486690977333,0.03302068253612957,21,21,21,0.0268477996190389,21,21,21,0.033258431509049335,21,21,21,0.33200176298328404,21,21,21,0.0012477290401002555,21,21,21,0.03302068253612957,21,21,21,0.030450285506596918,21,21,21,0.032782336617931535,21,21,21
Uncertainty_1M/M,short,bayes_past_targets_prediction,bayes_past_targets_prediction,0.09744205418974161,False,,False,0.0,cov_ridge_shared,"{""cov_ridge_shared"": 1.0}",21.0,21.0,1.0,0.34272486690977333,0.03302068253612957,21,21,21,0.0268477996190389,21,21,21,0.033258431509049335,21,21,21,0.33200176298328404,21,21,21,0.0012477290401002555,21,21,21,0.03302068253612957,21,21,21,0.030450285506596918,21,21,21,0.032782336617931535,21,21,21
Uncertainty_1M/M,short,cov_ridge_shared,cov_ridge_shared,0.2076258989982307,False,,False,0.0,cov_ridge_shared,"{""cov_ridge_shared"": 1.0}",0.0,21.0,0.0,0.3690768005069788,0.03569888553097198,21,21,21,0.02919264870976645,21,21,21,0.035979292208616676,21,21,21,0.35752920279579664,21,21,21,0.001419108326118219,21,21,21,0.03569888553097198,21,21,21,0.03255824808159023,21,21,21,0.035290107226098745,21,21,21
Uncertainty_1M/M,short,covariate_prediction,covariate_prediction,0.20738703664392233,False,,False,0.0,cov_ridge_shared,"{""cov_ridge_shared"": 1.0}",0.0,21.0,0.0,0.36217644824058126,0.035116011237595765,21,21,21,0.029130613993084618,21,21,21,0.035315755872802,21,21,21,0.3508447473073281,21,21,21,0.0014432368281291131,21,21,21,0.035116011237595765,21,21,21,0.03279505605689431,21,21,21,0.03491693071638669,21,21,21
Uncertainty_1M/M,short,full_ridge_per_variate,full_ridge_per_variate,0.2076258989982307,False,,False,0.0,cov_ridge_shared,"{""cov_ridge_shared"": 1.0}",21.0,21.0,1.0,0.34272486690977333,0.03302068253612957,21,21,21,0.0268477996190389,21,21,21,0.033258431509049335,21,21,21,0.33200176298328404,21,21,21,0.0012477290401002555,21,21,21,0.03302068253612957,21,21,21,0.030450285506596918,21,21,21,0.032782336617931535,21,21,21
Uncertainty_1M/M,short,full_ridge_shared,full_ridge_shared,0.2076258989982307,False,,False,0.0,cov_ridge_shared,"{""cov_ridge_shared"": 1.0}",0.0,21.0,0.0,0.3605577038988288,0.034729719895181935,21,21,21,0.028264536271019585,21,21,21,0.0349997225211283,21,21,21,0.3492766498998455,21,21,21,0.00135254391317477,21,21,21,0.034729719895181935,21,21,21,0.031721364426935045,21,21,21,0.03437064523791105,21,21,21
Uncertainty_1M/M,short,seasonal_naive,seasonal_naive,0.12652770429849625,False,,False,0.0,,,,,,1.0,0.07442509638400985,21,21,21,0.0751276191264864,21,21,21,0.09479404345299093,21,21,21,0.9687122092330922,21,21,21,0.008616510278489559,21,21,21,0.09464454009735492,21,21,21,0.08045524196596301,21,21,21,0.09038429161744654,21,21,21
Uncertainty_1M/M,short,selected_adaptation,selected_adaptation,0.2076258989982307,False,,False,0.0,cov_ridge_shared,"{""cov_ridge_shared"": 1.0}",0.0,21.0,0.0,0.3690768005069788,0.03569888553097198,21,21,21,0.02919264870976645,21,21,21,0.035979292208616676,21,21,21,0.35752920279579664,21,21,21,0.001419108326118219,21,21,21,0.03569888553097198,21,21,21,0.03255824808159023,21,21,21,0.035290107226098745,21,21,21
Uncertainty_1M/M,short,tsrag,tsrag,0.05850452370941639,False,,False,0.0,,,,,,0.3906985910786232,0.03806755473834205,21,21,21,0.030405204920541662,21,21,21,0.038373144234109424,21,21,21,0.37847449530802957,21,21,21,0.0017172420516212233,21,21,21,0.03806755473834205,21,21,21,0.03428233344827324,21,21,21,0.03743399667751336,21,21,21
Uncertainty_1M/M,short,vanilla,vanilla,0.09744205418974161,False,,False,0.0,,,,,,0.34272486690977333,0.03302068253612957,21,21,21,0.0268477996190389,21,21,21,0.033258431509049335,21,21,21,0.33200176298328404,21,21,21,0.0012477290401002555,21,21,21,0.03302068253612957,21,21,21,0.030450285506596918,21,21,21,0.032782336617931535,21,21,21
Uncertainty_1M/M,short,y_ridge_shared,y_ridge_shared,0.2076258989982307,False,,False,0.0,cov_ridge_shared,"{""cov_ridge_shared"": 1.0}",0.0,21.0,0.0,0.364300166320164,0.03515332963967534,21,21,21,0.028665593219181846,21,21,21,0.03542836424878033,21,21,21,0.35290201893998896,21,21,21,0.0013796891847136345,21,21,21,0.03515332963967534,21,21,21,0.03207323031564252,21,21,21,0.03477281368050976,21,21,21
Vehicle_Sales/M,short,bayes_covariate_prediction,bayes_covariate_prediction,0.07101259473711252,False,,False,0.0,vanilla,"{""vanilla"": 1.0}",50.0,50.0,1.0,0.6333596097107328,0.09000355019499195,50,50,50,13.731455821543932,50,50,50,0.08987582754393995,50,50,50,0.8236065418222713,50,50,50,2666.5882325198763,50,50,50,0.09000355019499195,50,50,50,15.302668453536027,50,50,50,0.08854775564889103,50,50,50
Vehicle_Sales/M,short,bayes_past_targets_prediction,bayes_past_targets_prediction,0.07101259473711252,False,,False,0.0,vanilla,"{""vanilla"": 1.0}",50.0,50.0,1.0,0.6333596097107328,0.09000355019499195,50,50,50,13.731455821543932,50,50,50,0.08987582754393995,50,50,50,0.8236065418222713,50,50,50,2666.5882325198763,50,50,50,0.09000355019499195,50,50,50,15.302668453536027,50,50,50,0.08854775564889103,50,50,50
Vehicle_Sales/M,short,cov_ridge_shared,cov_ridge_shared,0.07101259473711252,False,,False,0.0,vanilla,"{""vanilla"": 1.0}",50.0,50.0,1.0,0.6333596097107328,0.09000355019499195,50,50,50,13.731455821543932,50,50,50,0.08987582754393995,50,50,50,0.8236065418222713,50,50,50,2666.5882325198763,50,50,50,0.09000355019499195,50,50,50,15.302668453536027,50,50,50,0.08854775564889103,50,50,50
Vehicle_Sales/M,short,covariate_prediction,covariate_prediction,0.07101259473711252,False,,False,0.0,vanilla,"{""vanilla"": 1.0}",50.0,50.0,1.0,0.6333596097107328,0.09000355019499195,50,50,50,13.731455821543932,50,50,50,0.08987582754393995,50,50,50,0.8236065418222713,50,50,50,2666.5882325198763,50,50,50,0.09000355019499195,50,50,50,15.302668453536027,50,50,50,0.08854775564889103,50,50,50
Vehicle_Sales/M,short,full_ridge_per_variate,full_ridge_per_variate,0.07101259473711252,False,,False,0.0,vanilla,"{""vanilla"": 1.0}",50.0,50.0,1.0,0.6333596097107328,0.09000355019499195,50,50,50,13.731455821543932,50,50,50,0.08987582754393995,50,50,50,0.8236065418222713,50,50,50,2666.5882325198763,50,50,50,0.09000355019499195,50,50,50,15.302668453536027,50,50,50,0.08854775564889103,50,50,50
Vehicle_Sales/M,short,full_ridge_shared,full_ridge_shared,0.07101259473711252,False,,False,0.0,vanilla,"{""vanilla"": 1.0}",50.0,50.0,1.0,0.6333596097107328,0.09000355019499195,50,50,50,13.731455821543932,50,50,50,0.08987582754393995,50,50,50,0.8236065418222713,50,50,50,2666.5882325198763,50,50,50,0.09000355019499195,50,50,50,15.302668453536027,50,50,50,0.08854775564889103,50,50,50
Vehicle_Sales/M,short,seasonal_naive,seasonal_naive,0.2621117187663913,False,,False,0.0,,,,,,1.0,0.11068724358687142,50,50,50,16.570271777758997,50,50,50,0.13196884250224655,50,50,50,1.3003774304433904,50,50,50,4675.646879609363,50,50,50,0.13308475506823328,50,50,50,20.255959672067558,50,50,50,0.13199341195984976,50,50,50
Vehicle_Sales/M,short,selected_adaptation,selected_adaptation,0.07101259473711252,False,,False,0.0,vanilla,"{""vanilla"": 1.0}",50.0,50.0,1.0,0.6333596097107328,0.09000355019499195,50,50,50,13.731455821543932,50,50,50,0.08987582754393995,50,50,50,0.8236065418222713,50,50,50,2666.5882325198763,50,50,50,0.09000355019499195,50,50,50,15.302668453536027,50,50,50,0.08854775564889103,50,50,50
Vehicle_Sales/M,short,tsrag,tsrag,0.07101259473711252,True,"{""code"": ""insufficient_global_datastore"", ""message"": ""global datastore requires at least 11 dates per variate; the least-covered variate has 0""}",False,0.0,,,,,,0.6333596097107328,0.09000355019499195,50,50,50,13.731455821543932,50,50,50,0.08987582754393995,50,50,50,0.8236065418222713,50,50,50,2666.5882325198763,50,50,50,0.09000355019499195,50,50,50,15.302668453536027,50,50,50,0.08854775564889103,50,50,50
Vehicle_Sales/M,short,vanilla,vanilla,0.07101259473711252,False,,False,0.0,,,,,,0.6333596097107328,0.09000355019499195,50,50,50,13.731455821543932,50,50,50,0.08987582754393995,50,50,50,0.8236065418222713,50,50,50,2666.5882325198763,50,50,50,0.09000355019499195,50,50,50,15.302668453536027,50,50,50,0.08854775564889103,50,50,50
Vehicle_Sales/M,short,y_ridge_shared,y_ridge_shared,0.07101259473711252,False,,False,0.0,vanilla,"{""vanilla"": 1.0}",50.0,50.0,1.0,0.6333596097107328,0.09000355019499195,50,50,50,13.731455821543932,50,50,50,0.08987582754393995,50,50,50,0.8236065418222713,50,50,50,2666.5882325198763,50,50,50,0.09000355019499195,50,50,50,15.302668453536027,50,50,50,0.08854775564889103,50,50,50
Vehicle_Supply/M,short,bayes_covariate_prediction,bayes_covariate_prediction,0.07024428620934486,True,"{""code"": ""ridge_stage_failed"", ""error_type"": ""ValueError"", ""message"": ""cannot score empty ridge statistics"", ""stage"": ""fit""}",False,0.0,vanilla,"{""vanilla"": 1.0}",30.0,30.0,1.0,0.7229902086807991,0.23086327120620262,30,30,30,22.320222251365582,30,30,30,0.2518155462950676,30,30,30,0.8042214388559568,30,30,30,2704.58699951601,30,30,30,0.23086327120620262,30,30,30,26.449555347278547,30,30,30,0.21088419268031608,30,30,30
Vehicle_Supply/M,short,bayes_past_targets_prediction,bayes_past_targets_prediction,0.07024428620934486,True,"{""code"": ""ridge_stage_failed"", ""error_type"": ""ValueError"", ""message"": ""cannot score empty ridge statistics"", ""stage"": ""fit""}",False,0.0,vanilla,"{""vanilla"": 1.0}",30.0,30.0,1.0,0.7229902086807991,0.23086327120620262,30,30,30,22.320222251365582,30,30,30,0.2518155462950676,30,30,30,0.8042214388559568,30,30,30,2704.58699951601,30,30,30,0.23086327120620262,30,30,30,26.449555347278547,30,30,30,0.21088419268031608,30,30,30
Vehicle_Supply/M,short,cov_ridge_shared,cov_ridge_shared,0.07024428620934486,True,"{""code"": ""ridge_stage_failed"", ""error_type"": ""ValueError"", ""message"": ""cannot score empty ridge statistics"", ""stage"": ""fit""}",False,0.0,vanilla,"{""vanilla"": 1.0}",30.0,30.0,1.0,0.7229902086807991,0.23086327120620262,30,30,30,22.320222251365582,30,30,30,0.2518155462950676,30,30,30,0.8042214388559568,30,30,30,2704.58699951601,30,30,30,0.23086327120620262,30,30,30,26.449555347278547,30,30,30,0.21088419268031608,30,30,30
Vehicle_Supply/M,short,covariate_prediction,covariate_prediction,0.07024428620934486,True,"{""code"": ""ridge_stage_failed"", ""error_type"": ""ValueError"", ""message"": ""cannot score empty ridge statistics"", ""stage"": ""fit""}",False,0.0,vanilla,"{""vanilla"": 1.0}",30.0,30.0,1.0,0.7229902086807991,0.23086327120620262,30,30,30,22.320222251365582,30,30,30,0.2518155462950676,30,30,30,0.8042214388559568,30,30,30,2704.58699951601,30,30,30,0.23086327120620262,30,30,30,26.449555347278547,30,30,30,0.21088419268031608,30,30,30
Vehicle_Supply/M,short,full_ridge_per_variate,full_ridge_per_variate,0.07024428620934486,True,"{""code"": ""ridge_stage_failed"", ""error_type"": ""ValueError"", ""message"": ""cannot score empty ridge statistics"", ""stage"": ""fit""}",False,0.0,vanilla,"{""vanilla"": 1.0}",30.0,30.0,1.0,0.7229902086807991,0.23086327120620262,30,30,30,22.320222251365582,30,30,30,0.2518155462950676,30,30,30,0.8042214388559568,30,30,30,2704.58699951601,30,30,30,0.23086327120620262,30,30,30,26.449555347278547,30,30,30,0.21088419268031608,30,30,30
Vehicle_Supply/M,short,full_ridge_shared,full_ridge_shared,0.07024428620934486,True,"{""code"": ""ridge_stage_failed"", ""error_type"": ""ValueError"", ""message"": ""cannot score empty ridge statistics"", ""stage"": ""fit""}",False,0.0,vanilla,"{""vanilla"": 1.0}",30.0,30.0,1.0,0.7229902086807991,0.23086327120620262,30,30,30,22.320222251365582,30,30,30,0.2518155462950676,30,30,30,0.8042214388559568,30,30,30,2704.58699951601,30,30,30,0.23086327120620262,30,30,30,26.449555347278547,30,30,30,0.21088419268031608,30,30,30
Vehicle_Supply/M,short,seasonal_naive,seasonal_naive,0.13469098322093487,False,,False,0.0,,,,,,1.0,0.34888548997402963,30,30,30,33.04985846992996,30,30,30,0.4446392987265096,30,30,30,1.1123545370322176,30,30,30,5581.079382852096,30,30,30,0.4187465906676808,30,30,30,37.80940158877009,30,30,30,0.31945484536583646,30,30,30
Vehicle_Supply/M,short,selected_adaptation,selected_adaptation,0.07024428620934486,True,"{""code"": ""ridge_stage_failed"", ""error_type"": ""ValueError"", ""message"": ""cannot score empty ridge statistics"", ""stage"": ""fit""}",False,0.0,vanilla,"{""vanilla"": 1.0}",30.0,30.0,1.0,0.7229902086807991,0.23086327120620262,30,30,30,22.320222251365582,30,30,30,0.2518155462950676,30,30,30,0.8042214388559568,30,30,30,2704.58699951601,30,30,30,0.23086327120620262,30,30,30,26.449555347278547,30,30,30,0.21088419268031608,30,30,30
Vehicle_Supply/M,short,tsrag,tsrag,0.07024428620934486,True,"{""code"": ""insufficient_global_datastore"", ""message"": ""global datastore requires at least 11 dates per variate; the least-covered variate has 0""}",False,0.0,,,,,,0.7229902086807991,0.23086327120620262,30,30,30,22.320222251365582,30,30,30,0.2518155462950676,30,30,30,0.8042214388559568,30,30,30,2704.58699951601,30,30,30,0.23086327120620262,30,30,30,26.449555347278547,30,30,30,0.21088419268031608,30,30,30
Vehicle_Supply/M,short,vanilla,vanilla,0.07024428620934486,False,,False,0.0,,,,,,0.7229902086807991,0.23086327120620262,30,30,30,22.320222251365582,30,30,30,0.2518155462950676,30,30,30,0.8042214388559568,30,30,30,2704.58699951601,30,30,30,0.23086327120620262,30,30,30,26.449555347278547,30,30,30,0.21088419268031608,30,30,30
Vehicle_Supply/M,short,y_ridge_shared,y_ridge_shared,0.07024428620934486,True,"{""code"": ""ridge_stage_failed"", ""error_type"": ""ValueError"", ""message"": ""cannot score empty ridge statistics"", ""stage"": ""fit""}",False,0.0,vanilla,"{""vanilla"": 1.0}",30.0,30.0,1.0,0.7229902086807991,0.23086327120620262,30,30,30,22.320222251365582,30,30,30,0.2518155462950676,30,30,30,0.8042214388559568,30,30,30,2704.58699951601,30,30,30,0.23086327120620262,30,30,30,26.449555347278547,30,30,30,0.21088419268031608,30,30,30
WUI_Global/Q,short,bayes_covariate_prediction,bayes_covariate_prediction,0.07213794905692339,True,"{""code"": ""ridge_stage_failed"", ""error_type"": ""ValueError"", ""message"": ""cannot score empty ridge statistics"", ""stage"": ""fit""}",False,0.0,vanilla,"{""vanilla"": 1.0}",75.0,75.0,1.0,0.7702287612131179,0.6727197371556692,75,75,75,0.1479527090365688,75,75,75,0.579345018330673,75,75,75,0.9822384045920475,75,75,75,0.04861412840582375,75,75,75,0.6727197371556692,75,75,75,0.17487974428271627,75,75,75,0.6436988933984985,75,75,75
WUI_Global/Q,short,bayes_past_targets_prediction,bayes_past_targets_prediction,0.07213794905692339,True,"{""code"": ""ridge_stage_failed"", ""error_type"": ""ValueError"", ""message"": ""cannot score empty ridge statistics"", ""stage"": ""fit""}",False,0.0,vanilla,"{""vanilla"": 1.0}",75.0,75.0,1.0,0.7702287612131179,0.6727197371556692,75,75,75,0.1479527090365688,75,75,75,0.579345018330673,75,75,75,0.9822384045920475,75,75,75,0.04861412840582375,75,75,75,0.6727197371556692,75,75,75,0.17487974428271627,75,75,75,0.6436988933984985,75,75,75
WUI_Global/Q,short,cov_ridge_shared,cov_ridge_shared,0.07213794905692339,True,"{""code"": ""ridge_stage_failed"", ""error_type"": ""ValueError"", ""message"": ""cannot score empty ridge statistics"", ""stage"": ""fit""}",False,0.0,vanilla,"{""vanilla"": 1.0}",75.0,75.0,1.0,0.7702287612131179,0.6727197371556692,75,75,75,0.1479527090365688,75,75,75,0.579345018330673,75,75,75,0.9822384045920475,75,75,75,0.04861412840582375,75,75,75,0.6727197371556692,75,75,75,0.17487974428271627,75,75,75,0.6436988933984985,75,75,75
WUI_Global/Q,short,covariate_prediction,covariate_prediction,0.07213794905692339,True,"{""code"": ""ridge_stage_failed"", ""error_type"": ""ValueError"", ""message"": ""cannot score empty ridge statistics"", ""stage"": ""fit""}",False,0.0,vanilla,"{""vanilla"": 1.0}",75.0,75.0,1.0,0.7702287612131179,0.6727197371556692,75,75,75,0.1479527090365688,75,75,75,0.579345018330673,75,75,75,0.9822384045920475,75,75,75,0.04861412840582375,75,75,75,0.6727197371556692,75,75,75,0.17487974428271627,75,75,75,0.6436988933984985,75,75,75
WUI_Global/Q,short,full_ridge_per_variate,full_ridge_per_variate,0.07213794905692339,True,"{""code"": ""ridge_stage_failed"", ""error_type"": ""ValueError"", ""message"": ""cannot score empty ridge statistics"", ""stage"": ""fit""}",False,0.0,vanilla,"{""vanilla"": 1.0}",75.0,75.0,1.0,0.7702287612131179,0.6727197371556692,75,75,75,0.1479527090365688,75,75,75,0.579345018330673,75,75,75,0.9822384045920475,75,75,75,0.04861412840582375,75,75,75,0.6727197371556692,75,75,75,0.17487974428271627,75,75,75,0.6436988933984985,75,75,75
WUI_Global/Q,short,full_ridge_shared,full_ridge_shared,0.07213794905692339,True,"{""code"": ""ridge_stage_failed"", ""error_type"": ""ValueError"", ""message"": ""cannot score empty ridge statistics"", ""stage"": ""fit""}",False,0.0,vanilla,"{""vanilla"": 1.0}",75.0,75.0,1.0,0.7702287612131179,0.6727197371556692,75,75,75,0.1479527090365688,75,75,75,0.579345018330673,75,75,75,0.9822384045920475,75,75,75,0.04861412840582375,75,75,75,0.6727197371556692,75,75,75,0.17487974428271627,75,75,75,0.6436988933984985,75,75,75
WUI_Global/Q,short,seasonal_naive,seasonal_naive,0.30773282889276743,False,,False,0.0,,,,,,1.0,0.7829682370133648,75,75,75,0.19413664727161328,75,75,75,0.8994883603321242,75,75,75,1.2752554228759418,75,75,75,0.07480560598554362,75,75,75,0.9871286818048765,75,75,75,0.23170390579425942,75,75,75,0.8144592621512212,75,75,75
WUI_Global/Q,short,selected_adaptation,selected_adaptation,0.07213794905692339,True,"{""code"": ""ridge_stage_failed"", ""error_type"": ""ValueError"", ""message"": ""cannot score empty ridge statistics"", ""stage"": ""fit""}",False,0.0,vanilla,"{""vanilla"": 1.0}",75.0,75.0,1.0,0.7702287612131179,0.6727197371556692,75,75,75,0.1479527090365688,75,75,75,0.579345018330673,75,75,75,0.9822384045920475,75,75,75,0.04861412840582375,75,75,75,0.6727197371556692,75,75,75,0.17487974428271627,75,75,75,0.6436988933984985,75,75,75
WUI_Global/Q,short,tsrag,tsrag,0.07213794905692339,True,"{""code"": ""insufficient_global_datastore"", ""message"": ""global datastore requires at least 11 dates per variate; the least-covered variate has 0""}",False,0.0,,,,,,0.7702287612131179,0.6727197371556692,75,75,75,0.1479527090365688,75,75,75,0.579345018330673,75,75,75,0.9822384045920475,75,75,75,0.04861412840582375,75,75,75,0.6727197371556692,75,75,75,0.17487974428271627,75,75,75,0.6436988933984985,75,75,75
WUI_Global/Q,short,vanilla,vanilla,0.07213794905692339,False,,False,0.0,,,,,,0.7702287612131179,0.6727197371556692,75,75,75,0.1479527090365688,75,75,75,0.579345018330673,75,75,75,0.9822384045920475,75,75,75,0.04861412840582375,75,75,75,0.6727197371556692,75,75,75,0.17487974428271627,75,75,75,0.6436988933984985,75,75,75
WUI_Global/Q,short,y_ridge_shared,y_ridge_shared,0.07213794905692339,True,"{""code"": ""ridge_stage_failed"", ""error_type"": ""ValueError"", ""message"": ""cannot score empty ridge statistics"", ""stage"": ""fit""}",False,0.0,vanilla,"{""vanilla"": 1.0}",75.0,75.0,1.0,0.7702287612131179,0.6727197371556692,75,75,75,0.1479527090365688,75,75,75,0.579345018330673,75,75,75,0.9822384045920475,75,75,75,0.04861412840582375,75,75,75,0.6727197371556692,75,75,75,0.17487974428271627,75,75,75,0.6436988933984985,75,75,75
Water_Quality_Darwin/15T,long,bayes_covariate_prediction,bayes_covariate_prediction,12.555277429055423,False,,False,0.0,bayes_past_targets_prediction,"{""bayes_past_targets_prediction"": 1.0}",0.0,210.0,0.0,0.8330624009475078,0.08352109978823813,210,210,210,0.8478544809370714,210,210,210,0.09252387086668896,210,210,210,1.3255936454850565,210,210,210,7.4087479009512505,210,210,210,0.08352109978823813,210,210,210,1.0899654691256113,210,210,210,0.08828368213449216,210,210,210
Water_Quality_Darwin/15T,long,bayes_past_targets_prediction,bayes_past_targets_prediction,7.110702218487859,False,,False,0.0,bayes_past_targets_prediction,"{""bayes_past_targets_prediction"": 1.0}",0.0,210.0,0.0,0.8342408515251408,0.08631411060463146,210,210,210,0.885319442189381,210,210,210,0.09515916131099753,210,210,210,1.3274688310599327,210,210,210,8.116034104871314,210,210,210,0.08631411060463146,210,210,210,1.1305090519836405,210,210,210,0.09008517401837442,210,210,210
Water_Quality_Darwin/15T,long,cov_ridge_shared,cov_ridge_shared,18.956734331324697,False,,False,0.0,bayes_past_targets_prediction,"{""bayes_past_targets_prediction"": 1.0}",0.0,210.0,0.0,0.8440826258367403,0.0887505517455377,210,210,210,0.9182449156424227,210,210,210,0.0961596118557718,210,210,210,1.3431293547769028,210,210,210,9.016228686234097,210,210,210,0.0887505517455377,210,210,210,1.169153066404985,210,210,210,0.09395975478226483,210,210,210
Water_Quality_Darwin/15T,long,covariate_prediction,covariate_prediction,12.554989255964756,False,,False,0.0,bayes_past_targets_prediction,"{""bayes_past_targets_prediction"": 1.0}",0.0,210.0,0.0,0.8674751463219484,0.08438207001595921,210,210,210,0.8403121402528452,210,210,210,0.09547099885802927,210,210,210,1.3803522284437515,210,210,210,6.955203115348709,210,210,210,0.08438207001595921,210,210,210,1.0805517723327647,210,210,210,0.08997111392368055,210,210,210
Water_Quality_Darwin/15T,long,full_ridge_per_variate,full_ridge_per_variate,18.956734331324697,False,,False,0.0,bayes_past_targets_prediction,"{""bayes_past_targets_prediction"": 1.0}",210.0,210.0,1.0,0.8500306500724875,0.08879184424485681,210,210,210,0.9201136857676652,210,210,210,0.09621795007548421,210,210,210,1.3525940276767114,210,210,210,9.030452572002456,210,210,210,0.08879184424485681,210,210,210,1.1709260564202475,210,210,210,0.09399204212095322,210,210,210
Water_Quality_Darwin/15T,long,full_ridge_shared,full_ridge_shared,18.956734331324697,False,,False,0.0,bayes_past_targets_prediction,"{""bayes_past_targets_prediction"": 1.0}",0.0,210.0,0.0,0.8441253611849637,0.08877887525084066,210,210,210,0.9184604557019317,210,210,210,0.0961668859286307,210,210,210,1.3431973565328073,210,210,210,9.02077478191561,210,210,210,0.08877887525084066,210,210,210,1.1693907592406014,210,210,210,0.09399928271074222,210,210,210
Water_Quality_Darwin/15T,long,seasonal_naive,seasonal_naive,2.003494313918054,False,,False,0.0,,,,,,1.0,0.13401706065668542,210,210,210,1.0740046926413251,210,210,210,0.1581593061142321,210,210,210,1.591229713377238,210,210,210,9.340650774021281,210,210,210,0.13705698638452735,210,210,210,1.3558269246196057,210,210,210,0.13232232939922098,210,210,210
Water_Quality_Darwin/15T,long,selected_adaptation,selected_adaptation,7.110702218487859,False,,False,0.0,bayes_past_targets_prediction,"{""bayes_past_targets_prediction"": 1.0}",0.0,210.0,0.0,0.8342408515251408,0.08631411060463146,210,210,210,0.885319442189381,210,210,210,0.09515916131099753,210,210,210,1.3274688310599327,210,210,210,8.116034104871314,210,210,210,0.08631411060463146,210,210,210,1.1305090519836405,210,210,210,0.09008517401837442,210,210,210
Water_Quality_Darwin/15T,long,tsrag,tsrag,2.77885022200644,False,,False,0.0,,,,,,0.9613105333073237,0.12397855431586399,210,210,210,0.9918506568933556,210,210,210,0.14556550518441685,210,210,210,1.5296658843811326,210,210,210,7.484050236960121,210,210,210,0.12397855431586399,210,210,210,1.2549579620990967,210,210,210,0.1183047431317154,210,210,210
Water_Quality_Darwin/15T,long,vanilla,vanilla,0.9794275956228375,False,,False,0.0,,,,,,0.8500306500724875,0.08879184424485681,210,210,210,0.9201136857676652,210,210,210,0.09621795007548421,210,210,210,1.3525940276767114,210,210,210,9.030452572002456,210,210,210,0.08879184424485681,210,210,210,1.1709260564202475,210,210,210,0.09399204212095322,210,210,210
Water_Quality_Darwin/15T,long,y_ridge_shared,y_ridge_shared,18.956734331324697,False,,False,0.0,bayes_past_targets_prediction,"{""bayes_past_targets_prediction"": 1.0}",0.0,210.0,0.0,0.8442544130159798,0.08877873203309604,210,210,210,0.9185268238139054,210,210,210,0.09617634010151445,210,210,210,1.3434027076408859,210,210,210,9.022620703390837,210,210,210,0.08877873203309604,210,210,210,1.169473497523511,210,210,210,0.09399288719236813,210,210,210
Water_Quality_Darwin/15T,medium,bayes_covariate_prediction,bayes_covariate_prediction,50.50594601966441,False,,False,0.0,bayes_past_targets_prediction,"{""bayes_past_targets_prediction"": 1.0}",0.0,630.0,0.0,0.8000979028321709,0.06317034927024459,630,630,630,0.5555701261377727,630,630,630,0.06902701655192908,630,630,630,0.8714865226481581,630,630,630,3.1780904651601527,630,630,630,0.06317034927024459,630,630,630,0.719950541164107,630,630,630,0.06405089851761978,630,630,630
Water_Quality_Darwin/15T,medium,bayes_past_targets_prediction,bayes_past_targets_prediction,21.295179203618318,False,,False,0.0,bayes_past_targets_prediction,"{""bayes_past_targets_prediction"": 1.0}",0.0,630.0,0.0,0.7872158274973949,0.06226431928967645,630,630,630,0.5538014949647683,630,630,630,0.06727152973781142,630,630,630,0.8574550460022927,630,630,630,3.239374291619876,630,630,630,0.06226431928967645,630,630,630,0.7159013688607924,630,630,630,0.06297030112072963,630,630,630
Water_Quality_Darwin/15T,medium,cov_ridge_shared,cov_ridge_shared,74.06395814334974,False,,False,0.0,bayes_past_targets_prediction,"{""bayes_past_targets_prediction"": 1.0}",0.0,630.0,0.0,0.8063601452461736,0.06323227933936687,630,630,630,0.5676689692023502,630,630,630,0.0685324454741933,630,630,630,0.878307512737047,630,630,630,3.3561166674030676,630,630,630,0.06323227933936687,630,630,630,0.7335219321905893,630,630,630,0.06421422659366015,630,630,630
Water_Quality_Darwin/15T,medium,covariate_prediction,covariate_prediction,50.505670617334545,False,,False,0.0,bayes_past_targets_prediction,"{""bayes_past_targets_prediction"": 1.0}",0.0,630.0,0.0,0.8086788419312538,0.06477788755454746,630,630,630,0.5595055605128632,630,630,630,0.07113785060671217,630,630,630,0.8808330947989466,630,630,630,3.1435458285459563,630,630,630,0.06477788755454746,630,630,630,0.7228672016130667,630,630,630,0.0655433744228182,630,630,630
Water_Quality_Darwin/15T,medium,full_ridge_per_variate,full_ridge_per_variate,74.06395814334974,False,,False,0.0,bayes_past_targets_prediction,"{""bayes_past_targets_prediction"": 1.0}",630.0,630.0,1.0,0.8093014872099993,0.06323965374760074,630,630,630,0.5678275883062448,630,630,630,0.06854437153736845,630,630,630,0.8815112955127548,630,630,630,3.3564993845050495,630,630,630,0.06323965374760074,630,630,630,0.7336453362424916,630,630,630,0.06421916704528319,630,630,630
Water_Quality_Darwin/15T,medium,full_ridge_shared,full_ridge_shared,74.06395814334974,False,,False,0.0,bayes_past_targets_prediction,"{""bayes_past_targets_prediction"": 1.0}",0.0,630.0,0.0,0.8067740677660549,0.06323670905462057,630,630,630,0.5676863835033461,630,630,630,0.06858151671661879,630,630,630,0.8787583674339787,630,630,630,3.356246602418436,630,630,630,0.06323670905462057,630,630,630,0.7335405149229551,630,630,630,0.0642091754644044,630,630,630
Water_Quality_Darwin/15T,medium,seasonal_naive,seasonal_naive,3.5120491245761514,False,,False,0.0,,,,,,1.0,0.09867808002358411,630,630,630,0.748544127678127,630,630,630,0.09820560422840151,630,630,630,1.0892248555624096,630,630,630,5.130555730866615,630,630,630,0.09218419767172843,630,630,630,0.9423902956607179,630,630,630,0.0900998661655717,630,630,630
Water_Quality_Darwin/15T,medium,selected_adaptation,selected_adaptation,21.295179203618318,False,,False,0.0,bayes_past_targets_prediction,"{""bayes_past_targets_prediction"": 1.0}",0.0,630.0,0.0,0.7872158274973949,0.06226431928967645,630,630,630,0.5538014949647683,630,630,630,0.06727152973781142,630,630,630,0.8574550460022927,630,630,630,3.239374291619876,630,630,630,0.06226431928967645,630,630,630,0.7159013688607924,630,630,630,0.06297030112072963,630,630,630
Water_Quality_Darwin/15T,medium,tsrag,tsrag,3.367435732856393,False,,False,0.0,,,,,,0.9816857143069293,0.08748132175408509,630,630,630,0.7072841527294673,630,630,630,0.09784250546865125,630,630,630,1.0692764803736459,630,630,630,4.099159028741809,630,630,630,0.08748132175408509,630,630,630,0.8936785276112434,630,630,630,0.08486168843047265,630,630,630
Water_Quality_Darwin/15T,medium,vanilla,vanilla,2.8510480420663953,False,,False,0.0,,,,,,0.8093014872099993,0.06323965374760074,630,630,630,0.5678275883062448,630,630,630,0.06854437153736845,630,630,630,0.8815112955127548,630,630,630,3.3564993845050495,630,630,630,0.06323965374760074,630,630,630,0.7336453362424916,630,630,630,0.06421916704528319,630,630,630
Water_Quality_Darwin/15T,medium,y_ridge_shared,y_ridge_shared,74.06395814334974,False,,False,0.0,bayes_past_targets_prediction,"{""bayes_past_targets_prediction"": 1.0}",0.0,630.0,0.0,0.8067784388367611,0.06323618802597619,630,630,630,0.5676863399832752,630,630,630,0.06857684306476956,630,630,630,0.8787631285128374,630,630,630,3.356229703738021,630,630,630,0.06323618802597619,630,630,630,0.7335393031430104,630,630,630,0.06420939307763604,630,630,630
Water_Quality_Darwin/15T,short,bayes_covariate_prediction,bayes_covariate_prediction,27.421734013594687,False,,False,0.0,bayes_past_targets_prediction,"{""bayes_past_targets_prediction"": 1.0}",3780.0,3780.0,1.0,0.5606733643319816,0.05058788640029228,3780,3780,3780,0.4198844436519724,3780,3780,3780,0.052672995789155734,3780,3780,3780,0.6095422484024997,3780,3780,3780,2.04300372001925,3780,3780,3780,0.05058788640029228,3780,3780,3780,0.5028248462628175,3780,3780,3780,0.0497206671831534,3780,3780,3780
Water_Quality_Darwin/15T,short,bayes_past_targets_prediction,bayes_past_targets_prediction,138.13525903318077,False,,False,0.0,bayes_past_targets_prediction,"{""bayes_past_targets_prediction"": 1.0}",0.0,3780.0,0.0,0.5523040771046924,0.04981767038559389,3780,3780,3780,0.41392092652751483,3780,3780,3780,0.0517786815770716,3780,3780,3780,0.6004434852391626,3780,3780,3780,2.0118180450907124,3780,3780,3780,0.04981767038559389,3780,3780,3780,0.4954466115229737,3780,3780,3780,0.048890510491518234,3780,3780,3780
Water_Quality_Darwin/15T,short,cov_ridge_shared,cov_ridge_shared,27.421389640308917,False,,False,0.0,bayes_past_targets_prediction,"{""bayes_past_targets_prediction"": 1.0}",3780.0,3780.0,1.0,0.5606733643319816,0.05058788640029228,3780,3780,3780,0.4198844436519724,3780,3780,3780,0.052672995789155734,3780,3780,3780,0.6095422484024997,3780,3780,3780,2.04300372001925,3780,3780,3780,0.05058788640029228,3780,3780,3780,0.5028248462628175,3780,3780,3780,0.0497206671831534,3780,3780,3780
Water_Quality_Darwin/15T,short,covariate_prediction,covariate_prediction,27.421389640308917,False,,False,0.0,bayes_past_targets_prediction,"{""bayes_past_targets_prediction"": 1.0}",3780.0,3780.0,1.0,0.5606733643319816,0.05058788640029228,3780,3780,3780,0.4198844436519724,3780,3780,3780,0.052672995789155734,3780,3780,3780,0.6095422484024997,3780,3780,3780,2.04300372001925,3780,3780,3780,0.05058788640029228,3780,3780,3780,0.5028248462628175,3780,3780,3780,0.0497206671831534,3780,3780,3780
Water_Quality_Darwin/15T,short,full_ridge_per_variate,full_ridge_per_variate,27.421389640308917,False,,False,0.0,bayes_past_targets_prediction,"{""bayes_past_targets_prediction"": 1.0}",3780.0,3780.0,1.0,0.5606733643319816,0.05058788640029228,3780,3780,3780,0.4198844436519724,3780,3780,3780,0.052672995789155734,3780,3780,3780,0.6095422484024997,3780,3780,3780,2.04300372001925,3780,3780,3780,0.05058788640029228,3780,3780,3780,0.5028248462628175,3780,3780,3780,0.0497206671831534,3780,3780,3780
Water_Quality_Darwin/15T,short,full_ridge_shared,full_ridge_shared,27.421389640308917,False,,False,0.0,bayes_past_targets_prediction,"{""bayes_past_targets_prediction"": 1.0}",3780.0,3780.0,1.0,0.5606733643319816,0.05058788640029228,3780,3780,3780,0.4198844436519724,3780,3780,3780,0.052672995789155734,3780,3780,3780,0.6095422484024997,3780,3780,3780,2.04300372001925,3780,3780,3780,0.05058788640029228,3780,3780,3780,0.5028248462628175,3780,3780,3780,0.0497206671831534,3780,3780,3780
Water_Quality_Darwin/15T,short,seasonal_naive,seasonal_naive,15.32182686496526,False,,False,0.0,,,,,,1.0,0.10462743011526343,3780,3780,3780,0.7485211435232869,3780,3780,3780,0.09819746292582743,3780,3780,3780,1.0871610587899843,3780,3780,3780,5.130156638238274,3780,3780,3780,0.09533926298669967,3780,3780,3780,0.8560498439204106,3780,3780,3780,0.09009411682886868,3780,3780,3780
Water_Quality_Darwin/15T,short,selected_adaptation,selected_adaptation,138.13525903318077,False,,False,0.0,bayes_past_targets_prediction,"{""bayes_past_targets_prediction"": 1.0}",0.0,3780.0,0.0,0.5523040771046924,0.04981767038559389,3780,3780,3780,0.41392092652751483,3780,3780,3780,0.0517786815770716,3780,3780,3780,0.6004434852391626,3780,3780,3780,2.0118180450907124,3780,3780,3780,0.04981767038559389,3780,3780,3780,0.4954466115229737,3780,3780,3780,0.048890510491518234,3780,3780,3780
Water_Quality_Darwin/15T,short,tsrag,tsrag,27.421389640308917,True,"{""code"": ""insufficient_global_datastore"", ""message"": ""global datastore requires at least 11 dates per variate; the least-covered variate has 0""}",False,0.0,,,,,,0.5606733643319816,0.05058788640029228,3780,3780,3780,0.4198844436519724,3780,3780,3780,0.052672995789155734,3780,3780,3780,0.6095422484024997,3780,3780,3780,2.04300372001925,3780,3780,3780,0.05058788640029228,3780,3780,3780,0.5028248462628175,3780,3780,3780,0.0497206671831534,3780,3780,3780
Water_Quality_Darwin/15T,short,vanilla,vanilla,27.421389640308917,False,,False,0.0,,,,,,0.5606733643319816,0.05058788640029228,3780,3780,3780,0.4198844436519724,3780,3780,3780,0.052672995789155734,3780,3780,3780,0.6095422484024997,3780,3780,3780,2.04300372001925,3780,3780,3780,0.05058788640029228,3780,3780,3780,0.5028248462628175,3780,3780,3780,0.0497206671831534,3780,3780,3780
Water_Quality_Darwin/15T,short,y_ridge_shared,y_ridge_shared,27.421389640308917,False,,False,0.0,bayes_past_targets_prediction,"{""bayes_past_targets_prediction"": 1.0}",3780.0,3780.0,1.0,0.5606733643319816,0.05058788640029228,3780,3780,3780,0.4198844436519724,3780,3780,3780,0.052672995789155734,3780,3780,3780,0.6095422484024997,3780,3780,3780,2.04300372001925,3780,3780,3780,0.05058788640029228,3780,3780,3780,0.5028248462628175,3780,3780,3780,0.0497206671831534,3780,3780,3780
azure2019_U/5T,short,bayes_covariate_prediction,bayes_covariate_prediction,5.333218164741993,True,"{""code"": ""ridge_stage_failed"", ""error_type"": ""ValueError"", ""message"": ""cannot score empty ridge statistics"", ""stage"": ""fit""}",False,0.0,vanilla,"{""vanilla"": 1.0}",1404.0,1404.0,1.0,0.5903800010332608,0.17734112514430397,1404,1404,1404,2.390940556134898,1404,1404,1404,0.37064160131276197,1404,1404,1404,0.6571249776312451,1404,1404,1404,69.32600706189042,1404,1404,1404,0.17734112514430397,1404,1404,1404,3.325449651240419,1404,1404,1404,0.16478850558929312,1404,1404,1404
azure2019_U/5T,short,bayes_past_targets_prediction,bayes_past_targets_prediction,5.333218164741993,True,"{""code"": ""ridge_stage_failed"", ""error_type"": ""ValueError"", ""message"": ""cannot score empty ridge statistics"", ""stage"": ""fit""}",False,0.0,vanilla,"{""vanilla"": 1.0}",1404.0,1404.0,1.0,0.5903800010332608,0.17734112514430397,1404,1404,1404,2.390940556134898,1404,1404,1404,0.37064160131276197,1404,1404,1404,0.6571249776312451,1404,1404,1404,69.32600706189042,1404,1404,1404,0.17734112514430397,1404,1404,1404,3.325449651240419,1404,1404,1404,0.16478850558929312,1404,1404,1404
azure2019_U/5T,short,cov_ridge_shared,cov_ridge_shared,5.333218164741993,True,"{""code"": ""ridge_stage_failed"", ""error_type"": ""ValueError"", ""message"": ""cannot score empty ridge statistics"", ""stage"": ""fit""}",False,0.0,vanilla,"{""vanilla"": 1.0}",1404.0,1404.0,1.0,0.5903800010332608,0.17734112514430397,1404,1404,1404,2.390940556134898,1404,1404,1404,0.37064160131276197,1404,1404,1404,0.6571249776312451,1404,1404,1404,69.32600706189042,1404,1404,1404,0.17734112514430397,1404,1404,1404,3.325449651240419,1404,1404,1404,0.16478850558929312,1404,1404,1404
azure2019_U/5T,short,covariate_prediction,covariate_prediction,5.333218164741993,True,"{""code"": ""ridge_stage_failed"", ""error_type"": ""ValueError"", ""message"": ""cannot score empty ridge statistics"", ""stage"": ""fit""}",False,0.0,vanilla,"{""vanilla"": 1.0}",1404.0,1404.0,1.0,0.5903800010332608,0.17734112514430397,1404,1404,1404,2.390940556134898,1404,1404,1404,0.37064160131276197,1404,1404,1404,0.6571249776312451,1404,1404,1404,69.32600706189042,1404,1404,1404,0.17734112514430397,1404,1404,1404,3.325449651240419,1404,1404,1404,0.16478850558929312,1404,1404,1404
azure2019_U/5T,short,full_ridge_per_variate,full_ridge_per_variate,5.333218164741993,True,"{""code"": ""ridge_stage_failed"", ""error_type"": ""ValueError"", ""message"": ""cannot score empty ridge statistics"", ""stage"": ""fit""}",False,0.0,vanilla,"{""vanilla"": 1.0}",1404.0,1404.0,1.0,0.5903800010332608,0.17734112514430397,1404,1404,1404,2.390940556134898,1404,1404,1404,0.37064160131276197,1404,1404,1404,0.6571249776312451,1404,1404,1404,69.32600706189042,1404,1404,1404,0.17734112514430397,1404,1404,1404,3.325449651240419,1404,1404,1404,0.16478850558929312,1404,1404,1404
azure2019_U/5T,short,full_ridge_shared,full_ridge_shared,5.333218164741993,True,"{""code"": ""ridge_stage_failed"", ""error_type"": ""ValueError"", ""message"": ""cannot score empty ridge statistics"", ""stage"": ""fit""}",False,0.0,vanilla,"{""vanilla"": 1.0}",1404.0,1404.0,1.0,0.5903800010332608,0.17734112514430397,1404,1404,1404,2.390940556134898,1404,1404,1404,0.37064160131276197,1404,1404,1404,0.6571249776312451,1404,1404,1404,69.32600706189042,1404,1404,1404,0.17734112514430397,1404,1404,1404,3.325449651240419,1404,1404,1404,0.16478850558929312,1404,1404,1404
azure2019_U/5T,short,seasonal_naive,seasonal_naive,5.367972842417657,False,,False,0.0,,,,,,1.0,0.5693591677037503,1404,1404,1404,3.921408956685808,1404,1404,1404,0.6285366816241473,1404,1404,1404,1.1130542641708217,1404,1404,1404,137.08970522691146,1404,1404,1404,0.3623365676931945,1404,1404,1404,5.151777962817592,1404,1404,1404,0.2946669422793517,1404,1404,1404
azure2019_U/5T,short,selected_adaptation,selected_adaptation,5.333218164741993,True,"{""code"": ""ridge_stage_failed"", ""error_type"": ""ValueError"", ""message"": ""cannot score empty ridge statistics"", ""stage"": ""fit""}",False,0.0,vanilla,"{""vanilla"": 1.0}",1404.0,1404.0,1.0,0.5903800010332608,0.17734112514430397,1404,1404,1404,2.390940556134898,1404,1404,1404,0.37064160131276197,1404,1404,1404,0.6571249776312451,1404,1404,1404,69.32600706189042,1404,1404,1404,0.17734112514430397,1404,1404,1404,3.325449651240419,1404,1404,1404,0.16478850558929312,1404,1404,1404
azure2019_U/5T,short,tsrag,tsrag,5.333218164741993,True,"{""code"": ""insufficient_global_datastore"", ""message"": ""global datastore requires at least 11 dates per variate; the least-covered variate has 0""}",False,0.0,,,,,,0.5903800010332608,0.17734112514430397,1404,1404,1404,2.390940556134898,1404,1404,1404,0.37064160131276197,1404,1404,1404,0.6571249776312451,1404,1404,1404,69.32600706189042,1404,1404,1404,0.17734112514430397,1404,1404,1404,3.325449651240419,1404,1404,1404,0.16478850558929312,1404,1404,1404
azure2019_U/5T,short,vanilla,vanilla,5.333218164741993,False,,False,0.0,,,,,,0.5903800010332608,0.17734112514430397,1404,1404,1404,2.390940556134898,1404,1404,1404,0.37064160131276197,1404,1404,1404,0.6571249776312451,1404,1404,1404,69.32600706189042,1404,1404,1404,0.17734112514430397,1404,1404,1404,3.325449651240419,1404,1404,1404,0.16478850558929312,1404,1404,1404
azure2019_U/5T,short,y_ridge_shared,y_ridge_shared,5.333218164741993,True,"{""code"": ""ridge_stage_failed"", ""error_type"": ""ValueError"", ""message"": ""cannot score empty ridge statistics"", ""stage"": ""fit""}",False,0.0,vanilla,"{""vanilla"": 1.0}",1404.0,1404.0,1.0,0.5903800010332608,0.17734112514430397,1404,1404,1404,2.390940556134898,1404,1404,1404,0.37064160131276197,1404,1404,1404,0.6571249776312451,1404,1404,1404,69.32600706189042,1404,1404,1404,0.17734112514430397,1404,1404,1404,3.325449651240419,1404,1404,1404,0.16478850558929312,1404,1404,1404
current_velocity/10T,long,bayes_covariate_prediction,bayes_covariate_prediction,1.3923687748610973,False,,False,0.0,bayes_past_targets_prediction,"{""bayes_past_targets_prediction"": 1.0}",300.0,300.0,1.0,0.6505192180191596,0.3833889544196513,300,300,300,1.0308974242816946,300,300,300,3330.774495850892,300,300,300,0.9351213257677004,300,300,300,11.676829093997988,300,300,300,0.3833889544196513,300,300,300,1.3565479194822818,300,300,300,0.5385259147254425,300,300,300
current_velocity/10T,long,bayes_past_targets_prediction,bayes_past_targets_prediction,8.312818696722388,False,,False,0.0,bayes_past_targets_prediction,"{""bayes_past_targets_prediction"": 1.0}",54.0,300.0,0.18,0.6411999207372072,0.37581552310836197,300,300,300,1.0247888770228144,300,300,300,3580.0035556345524,300,300,300,0.9217248366431224,300,300,300,11.571374285809167,300,300,300,0.37581552310836197,300,300,300,1.348311977489104,300,300,300,0.5319356071036275,300,300,300
current_velocity/10T,long,cov_ridge_shared,cov_ridge_shared,1.3920404221862555,False,,False,0.0,bayes_past_targets_prediction,"{""bayes_past_targets_prediction"": 1.0}",300.0,300.0,1.0,0.6505192180191596,0.3833889544196513,300,300,300,1.0308974242816946,300,300,300,3330.774495850892,300,300,300,0.9351213257677004,300,300,300,11.676829093997988,300,300,300,0.3833889544196513,300,300,300,1.3565479194822818,300,300,300,0.5385259147254425,300,300,300
current_velocity/10T,long,covariate_prediction,covariate_prediction,1.3920404221862555,False,,False,0.0,bayes_past_targets_prediction,"{""bayes_past_targets_prediction"": 1.0}",300.0,300.0,1.0,0.6505192180191596,0.3833889544196513,300,300,300,1.0308974242816946,300,300,300,3330.774495850892,300,300,300,0.9351213257677004,300,300,300,11.676829093997988,300,300,300,0.3833889544196513,300,300,300,1.3565479194822818,300,300,300,0.5385259147254425,300,300,300
current_velocity/10T,long,full_ridge_per_variate,full_ridge_per_variate,1.3920404221862555,False,,False,0.0,bayes_past_targets_prediction,"{""bayes_past_targets_prediction"": 1.0}",300.0,300.0,1.0,0.6505192180191596,0.3833889544196513,300,300,300,1.0308974242816946,300,300,300,3330.774495850892,300,300,300,0.9351213257677004,300,300,300,11.676829093997988,300,300,300,0.3833889544196513,300,300,300,1.3565479194822818,300,300,300,0.5385259147254425,300,300,300
current_velocity/10T,long,full_ridge_shared,full_ridge_shared,1.3920404221862555,False,,False,0.0,bayes_past_targets_prediction,"{""bayes_past_targets_prediction"": 1.0}",300.0,300.0,1.0,0.6505192180191596,0.3833889544196513,300,300,300,1.0308974242816946,300,300,300,3330.774495850892,300,300,300,0.9351213257677004,300,300,300,11.676829093997988,300,300,300,0.3833889544196513,300,300,300,1.3565479194822818,300,300,300,0.5385259147254425,300,300,300
current_velocity/10T,long,seasonal_naive,seasonal_naive,3.6895391680300236,False,,False,0.0,,,,,,1.0,0.4491851295077144,300,300,300,1.4285729595917334,300,300,300,5545.165227933216,300,300,300,1.437499922931037,300,300,300,19.54328255534264,300,300,300,0.557454918144162,300,300,300,1.844462461638811,300,300,300,0.6124722444549534,300,300,300
current_velocity/10T,long,selected_adaptation,selected_adaptation,8.312818696722388,False,,False,0.0,bayes_past_targets_prediction,"{""bayes_past_targets_prediction"": 1.0}",54.0,300.0,0.18,0.6411999207372072,0.37581552310836197,300,300,300,1.0247888770228144,300,300,300,3580.0035556345524,300,300,300,0.9217248366431224,300,300,300,11.571374285809167,300,300,300,0.37581552310836197,300,300,300,1.348311977489104,300,300,300,0.5319356071036275,300,300,300
current_velocity/10T,long,tsrag,tsrag,5.453176259994507,False,,True,36.0,,,,,,0.9750782804355205,0.46068722421809943,300,300,300,1.3243297878500102,300,300,300,3162.674628917247,300,300,300,1.4016749529777888,300,300,300,16.41150504269132,300,300,300,0.46068722421809943,300,300,300,1.6874594546413717,300,300,300,0.6552720443431734,300,300,300
current_velocity/10T,long,vanilla,vanilla,1.3920404221862555,False,,False,0.0,,,,,,0.6505192180191596,0.3833889544196513,300,300,300,1.0308974242816946,300,300,300,3330.774495850892,300,300,300,0.9351213257677004,300,300,300,11.676829093997988,300,300,300,0.3833889544196513,300,300,300,1.3565479194822818,300,300,300,0.5385259147254425,300,300,300
current_velocity/10T,long,y_ridge_shared,y_ridge_shared,1.3920404221862555,False,,False,0.0,bayes_past_targets_prediction,"{""bayes_past_targets_prediction"": 1.0}",300.0,300.0,1.0,0.6505192180191596,0.3833889544196513,300,300,300,1.0308974242816946,300,300,300,3330.774495850892,300,300,300,0.9351213257677004,300,300,300,11.676829093997988,300,300,300,0.3833889544196513,300,300,300,1.3565479194822818,300,300,300,0.5385259147254425,300,300,300
current_velocity/10T,medium,bayes_covariate_prediction,bayes_covariate_prediction,126.83484098827466,False,,False,0.0,bayes_past_targets_prediction,"{""bayes_past_targets_prediction"": 1.0}",0.0,900.0,0.0,0.6552848822821716,0.33252108280674825,900,900,900,0.8895342630913318,900,900,900,3570.1274844387312,900,900,900,0.6839281880918174,900,900,900,9.58301077673101,900,900,900,0.33252108280674825,900,900,900,1.1828414402789567,900,900,900,0.4798710964977976,900,900,900
current_velocity/10T,medium,bayes_past_targets_prediction,bayes_past_targets_prediction,23.880581805482507,False,,False,0.0,bayes_past_targets_prediction,"{""bayes_past_targets_prediction"": 1.0}",186.0,900.0,0.20666666666666667,0.6499267089554083,0.3312873307630844,900,900,900,0.8769765129366786,900,900,900,3585.440246901925,900,900,900,0.6783358024379742,900,900,900,9.400398146284974,900,900,900,0.3312873307630844,900,900,900,1.1709008148210167,900,900,900,0.4803733910028798,900,900,900
current_velocity/10T,medium,cov_ridge_shared,cov_ridge_shared,170.73332405555993,False,,False,0.0,bayes_past_targets_prediction,"{""bayes_past_targets_prediction"": 1.0}",900.0,900.0,1.0,0.6621976438587387,0.33632302300349054,900,900,900,0.8878966346540026,900,900,900,3372.1383399168417,900,900,900,0.6911431149543242,900,900,900,9.55716854971422,900,900,900,0.33632302300349054,900,900,900,1.1818875226604502,900,900,900,0.4859599708065097,900,900,900
current_velocity/10T,medium,covariate_prediction,covariate_prediction,126.83430029358715,False,,False,0.0,bayes_past_targets_prediction,"{""bayes_past_targets_prediction"": 1.0}",0.0,900.0,0.0,0.6662931497638048,0.3358302673141903,900,900,900,0.9136863358721767,900,900,900,3740.041244536727,900,900,900,0.6954176404450025,900,900,900,9.987929647519632,900,900,900,0.3358302673141903,900,900,900,1.2091993829501027,900,900,900,0.4793151952543675,900,900,900
current_velocity/10T,medium,full_ridge_per_variate,full_ridge_per_variate,170.73332405555993,False,,False,0.0,bayes_past_targets_prediction,"{""bayes_past_targets_prediction"": 1.0}",900.0,900.0,1.0,0.6621976438587387,0.33632302300349054,900,900,900,0.8878966346540026,900,900,900,3372.1383399168417,900,900,900,0.6911431149543242,900,900,900,9.55716854971422,900,900,900,0.33632302300349054,900,900,900,1.1818875226604502,900,900,900,0.4859599708065097,900,900,900
current_velocity/10T,medium,full_ridge_shared,full_ridge_shared,170.73332405555993,False,,False,0.0,bayes_past_targets_prediction,"{""bayes_past_targets_prediction"": 1.0}",0.0,900.0,0.0,0.6621539027349977,0.33638233245710264,900,900,900,0.887898460689328,900,900,900,3197.3853366807607,900,900,900,0.6910974618524229,900,900,900,9.55717264572145,900,900,900,0.33638233245710264,900,900,900,1.1818876764806714,900,900,900,0.4856192097576958,900,900,900
current_velocity/10T,medium,seasonal_naive,seasonal_naive,6.091557212173939,False,,False,0.0,,,,,,1.0,0.37910990698747,900,900,900,1.1872150862265864,900,900,900,4987.424226287955,900,900,900,1.0437112263446233,900,900,900,15.311918684504157,900,900,900,0.47869739106566234,900,900,900,1.5532210228651568,900,900,900,0.540593648765778,900,900,900
current_velocity/10T,medium,selected_adaptation,selected_adaptation,23.880581805482507,False,,False,0.0,bayes_past_targets_prediction,"{""bayes_past_targets_prediction"": 1.0}",186.0,900.0,0.20666666666666667,0.6499267089554083,0.3312873307630844,900,900,900,0.8769765129366786,900,900,900,3585.440246901925,900,900,900,0.6783358024379742,900,900,900,9.400398146284974,900,900,900,0.3312873307630844,900,900,900,1.1709008148210167,900,900,900,0.4803733910028798,900,900,900
current_velocity/10T,medium,tsrag,tsrag,4.038198382593691,True,"{""code"": ""insufficient_global_datastore"", ""message"": ""global datastore requires at least 11 dates per variate; the least-covered variate has 0""}",False,0.0,,,,,,0.6621976438587387,0.33632302300349054,900,900,900,0.8878966346540026,900,900,900,3372.1383399168417,900,900,900,0.6911431149543242,900,900,900,9.55716854971422,900,900,900,0.33632302300349054,900,900,900,1.1818875226604502,900,900,900,0.4859599708065097,900,900,900
current_velocity/10T,medium,vanilla,vanilla,4.038198382593691,False,,False,0.0,,,,,,0.6621976438587387,0.33632302300349054,900,900,900,0.8878966346540026,900,900,900,3372.1383399168417,900,900,900,0.6911431149543242,900,900,900,9.55716854971422,900,900,900,0.33632302300349054,900,900,900,1.1818875226604502,900,900,900,0.4859599708065097,900,900,900
current_velocity/10T,medium,y_ridge_shared,y_ridge_shared,170.73332405555993,False,,False,0.0,bayes_past_targets_prediction,"{""bayes_past_targets_prediction"": 1.0}",0.0,900.0,0.0,0.6622824517381318,0.33655692704988893,900,900,900,0.8879008327408623,900,900,900,3326.6567627054787,900,900,900,0.6912316298901294,900,900,900,9.557181699722763,900,900,900,0.33655692704988893,900,900,900,1.1818904205595993,900,900,900,0.4867893749523637,900,900,900
current_velocity/10T,short,bayes_covariate_prediction,bayes_covariate_prediction,32.193710995372385,False,,False,0.0,bayes_past_targets_prediction,"{""bayes_past_targets_prediction"": 1.0}",7200.0,7200.0,1.0,0.5067165138475063,0.3258274561233254,7200,7200,7200,0.7190213343260015,7200,7200,7200,3150.0566805890385,7200,7200,7200,0.5283046739516529,7200,7200,7200,7.014398304167476,7200,7200,7200,0.3258274561233254,7200,7200,7200,0.9037141555871174,7200,7200,7200,0.43714481218332935,7200,7200,7200
current_velocity/10T,short,bayes_past_targets_prediction,bayes_past_targets_prediction,190.21504008537158,False,,False,0.0,bayes_past_targets_prediction,"{""bayes_past_targets_prediction"": 1.0}",1530.0,7200.0,0.2125,0.500787574615429,0.32183348394986366,7200,7200,7200,0.7133271784233504,7200,7200,7200,3030.109101134259,7200,7200,7200,0.5221231380784717,7200,7200,7200,6.952597989322672,7200,7200,7200,0.32183348394986366,7200,7200,7200,0.8971729619111525,7200,7200,7200,0.4342834309450359,7200,7200,7200
current_velocity/10T,short,cov_ridge_shared,cov_ridge_shared,32.19275119714439,False,,False,0.0,bayes_past_targets_prediction,"{""bayes_past_targets_prediction"": 1.0}",7200.0,7200.0,1.0,0.5067165138475063,0.3258274561233254,7200,7200,7200,0.7190213343260015,7200,7200,7200,3150.0566805890385,7200,7200,7200,0.5283046739516529,7200,7200,7200,7.014398304167476,7200,7200,7200,0.3258274561233254,7200,7200,7200,0.9037141555871174,7200,7200,7200,0.43714481218332935,7200,7200,7200
current_velocity/10T,short,covariate_prediction,covariate_prediction,32.19275119714439,False,,False,0.0,bayes_past_targets_prediction,"{""bayes_past_targets_prediction"": 1.0}",7200.0,7200.0,1.0,0.5067165138475063,0.3258274561233254,7200,7200,7200,0.7190213343260015,7200,7200,7200,3150.0566805890385,7200,7200,7200,0.5283046739516529,7200,7200,7200,7.014398304167476,7200,7200,7200,0.3258274561233254,7200,7200,7200,0.9037141555871174,7200,7200,7200,0.43714481218332935,7200,7200,7200
current_velocity/10T,short,full_ridge_per_variate,full_ridge_per_variate,32.19275119714439,False,,False,0.0,bayes_past_targets_prediction,"{""bayes_past_targets_prediction"": 1.0}",7200.0,7200.0,1.0,0.5067165138475063,0.3258274561233254,7200,7200,7200,0.7190213343260015,7200,7200,7200,3150.0566805890385,7200,7200,7200,0.5283046739516529,7200,7200,7200,7.014398304167476,7200,7200,7200,0.3258274561233254,7200,7200,7200,0.9037141555871174,7200,7200,7200,0.43714481218332935,7200,7200,7200
current_velocity/10T,short,full_ridge_shared,full_ridge_shared,32.19275119714439,False,,False,0.0,bayes_past_targets_prediction,"{""bayes_past_targets_prediction"": 1.0}",7200.0,7200.0,1.0,0.5067165138475063,0.3258274561233254,7200,7200,7200,0.7190213343260015,7200,7200,7200,3150.0566805890385,7200,7200,7200,0.5283046739516529,7200,7200,7200,7.014398304167476,7200,7200,7200,0.3258274561233254,7200,7200,7200,0.9037141555871174,7200,7200,7200,0.43714481218332935,7200,7200,7200
current_velocity/10T,short,seasonal_naive,seasonal_naive,31.85003567300737,False,,False,0.0,,,,,,1.0,0.44206156389643375,7200,7200,7200,1.187133899704447,7200,7200,7200,5013.144080546855,7200,7200,7200,1.042604019237951,7200,7200,7200,15.310037998914503,7200,7200,7200,0.5565298243087898,7200,7200,7200,1.4277542977253184,7200,7200,7200,0.540582403072121,7200,7200,7200
current_velocity/10T,short,selected_adaptation,selected_adaptation,190.21504008537158,False,,False,0.0,bayes_past_targets_prediction,"{""bayes_past_targets_prediction"": 1.0}",1530.0,7200.0,0.2125,0.500787574615429,0.32183348394986366,7200,7200,7200,0.7133271784233504,7200,7200,7200,3030.109101134259,7200,7200,7200,0.5221231380784717,7200,7200,7200,6.952597989322672,7200,7200,7200,0.32183348394986366,7200,7200,7200,0.8971729619111525,7200,7200,7200,0.4342834309450359,7200,7200,7200
current_velocity/10T,short,tsrag,tsrag,32.19275119714439,True,"{""code"": ""insufficient_global_datastore"", ""message"": ""global datastore requires at least 11 dates per variate; the least-covered variate has 0""}",False,0.0,,,,,,0.5067165138475063,0.3258274561233254,7200,7200,7200,0.7190213343260015,7200,7200,7200,3150.0566805890385,7200,7200,7200,0.5283046739516529,7200,7200,7200,7.014398304167476,7200,7200,7200,0.3258274561233254,7200,7200,7200,0.9037141555871174,7200,7200,7200,0.43714481218332935,7200,7200,7200
current_velocity/10T,short,vanilla,vanilla,32.19275119714439,False,,False,0.0,,,,,,0.5067165138475063,0.3258274561233254,7200,7200,7200,0.7190213343260015,7200,7200,7200,3150.0566805890385,7200,7200,7200,0.5283046739516529,7200,7200,7200,7.014398304167476,7200,7200,7200,0.3258274561233254,7200,7200,7200,0.9037141555871174,7200,7200,7200,0.43714481218332935,7200,7200,7200
current_velocity/10T,short,y_ridge_shared,y_ridge_shared,32.19275119714439,False,,False,0.0,bayes_past_targets_prediction,"{""bayes_past_targets_prediction"": 1.0}",7200.0,7200.0,1.0,0.5067165138475063,0.3258274561233254,7200,7200,7200,0.7190213343260015,7200,7200,7200,3150.0566805890385,7200,7200,7200,0.5283046739516529,7200,7200,7200,7.014398304167476,7200,7200,7200,0.3258274561233254,7200,7200,7200,0.9037141555871174,7200,7200,7200,0.43714481218332935,7200,7200,7200
current_velocity/15T,long,bayes_covariate_prediction,bayes_covariate_prediction,6.828751841560006,False,,False,0.0,bayes_covariate_prediction,"{""bayes_covariate_prediction"": 1.0}",0.0,150.0,0.0,0.7345223220680027,0.4492454104907919,150,150,150,1.0406116996763868,150,150,150,119582.72538918786,150,150,150,0.8289807871157865,150,150,150,10.095734037610951,150,150,150,0.4492454104907919,150,150,150,1.315581346908743,150,150,150,0.5969760785453289,150,150,150
current_velocity/15T,long,bayes_past_targets_prediction,bayes_past_targets_prediction,0.5454528173431754,False,,False,0.0,bayes_covariate_prediction,"{""bayes_covariate_prediction"": 1.0}",150.0,150.0,1.0,0.7393003280858976,0.44902400922561353,150,150,150,1.061131691680433,150,150,150,119975.52890856045,150,150,150,0.8343732375159416,150,150,150,10.545652185548425,150,150,150,0.44902400922561353,150,150,150,1.341420260409983,150,150,150,0.5962108790672945,150,150,150
current_velocity/15T,long,cov_ridge_shared,cov_ridge_shared,15.040694962721318,False,,False,0.0,bayes_covariate_prediction,"{""bayes_covariate_prediction"": 1.0}",150.0,150.0,1.0,0.7393003280858976,0.44902400922561353,150,150,150,1.061131691680433,150,150,150,119975.52890856045,150,150,150,0.8343732375159416,150,150,150,10.545652185548425,150,150,150,0.44902400922561353,150,150,150,1.341420260409983,150,150,150,0.5962108790672945,150,150,150
current_velocity/15T,long,covariate_prediction,covariate_prediction,6.828683910891414,False,,False,0.0,bayes_covariate_prediction,"{""bayes_covariate_prediction"": 1.0}",0.0,150.0,0.0,0.75393073336885,0.4565587553967968,150,150,150,1.0405525298669764,150,150,150,119492.88901124465,150,150,150,0.8508850908972497,150,150,150,9.951874624879466,150,150,150,0.4565587553967968,150,150,150,1.3152290745671116,150,150,150,0.6037944483547238,150,150,150
current_velocity/15T,long,full_ridge_per_variate,full_ridge_per_variate,15.040694962721318,False,,False,0.0,bayes_covariate_prediction,"{""bayes_covariate_prediction"": 1.0}",150.0,150.0,1.0,0.7393003280858976,0.44902400922561353,150,150,150,1.061131691680433,150,150,150,119975.52890856045,150,150,150,0.8343732375159416,150,150,150,10.545652185548425,150,150,150,0.44902400922561353,150,150,150,1.341420260409983,150,150,150,0.5962108790672945,150,150,150
current_velocity/15T,long,full_ridge_shared,full_ridge_shared,15.040694962721318,False,,False,0.0,bayes_covariate_prediction,"{""bayes_covariate_prediction"": 1.0}",150.0,150.0,1.0,0.7393003280858976,0.44902400922561353,150,150,150,1.061131691680433,150,150,150,119975.52890856045,150,150,150,0.8343732375159416,150,150,150,10.545652185548425,150,150,150,0.44902400922561353,150,150,150,1.341420260409983,150,150,150,0.5962108790672945,150,150,150
current_velocity/15T,long,seasonal_naive,seasonal_naive,1.2894736649468541,False,,False,0.0,,,,,,1.0,0.4905028365761038,150,150,150,1.2976947117264865,150,150,150,120667.54617845804,150,150,150,1.1285984948447063,150,150,150,15.539875569508029,150,150,150,0.6010895984740366,150,150,150,1.644838566781939,150,150,150,0.6386306400945552,150,150,150
current_velocity/15T,long,selected_adaptation,selected_adaptation,6.828751841560006,False,,False,0.0,bayes_covariate_prediction,"{""bayes_covariate_prediction"": 1.0}",0.0,150.0,0.0,0.7345223220680027,0.4492454104907919,150,150,150,1.0406116996763868,150,150,150,119582.72538918786,150,150,150,0.8289807871157865,150,150,150,10.095734037610951,150,150,150,0.4492454104907919,150,150,150,1.315581346908743,150,150,150,0.5969760785453289,150,150,150
current_velocity/15T,long,tsrag,tsrag,0.545384886674583,True,"{""code"": ""insufficient_global_datastore"", ""message"": ""global datastore requires at least 11 dates per variate; the least-covered variate has 0""}",False,0.0,,,,,,0.7393003280858976,0.44902400922561353,150,150,150,1.061131691680433,150,150,150,119975.52890856045,150,150,150,0.8343732375159416,150,150,150,10.545652185548425,150,150,150,0.44902400922561353,150,150,150,1.341420260409983,150,150,150,0.5962108790672945,150,150,150
current_velocity/15T,long,vanilla,vanilla,0.545384886674583,False,,False,0.0,,,,,,0.7393003280858976,0.44902400922561353,150,150,150,1.061131691680433,150,150,150,119975.52890856045,150,150,150,0.8343732375159416,150,150,150,10.545652185548425,150,150,150,0.44902400922561353,150,150,150,1.341420260409983,150,150,150,0.5962108790672945,150,150,150
current_velocity/15T,long,y_ridge_shared,y_ridge_shared,15.040694962721318,False,,False,0.0,bayes_covariate_prediction,"{""bayes_covariate_prediction"": 1.0}",150.0,150.0,1.0,0.7393003280858976,0.44902400922561353,150,150,150,1.061131691680433,150,150,150,119975.52890856045,150,150,150,0.8343732375159416,150,150,150,10.545652185548425,150,150,150,0.44902400922561353,150,150,150,1.341420260409983,150,150,150,0.5962108790672945,150,150,150
current_velocity/15T,medium,bayes_covariate_prediction,bayes_covariate_prediction,1.6364101087674499,False,,False,0.0,bayes_past_targets_prediction,"{""bayes_past_targets_prediction"": 1.0}",450.0,450.0,1.0,0.7347906439140358,0.4318312862531994,450,450,450,0.9588080937561619,450,450,450,122394.52034056495,450,450,450,0.7292408339267435,450,450,450,8.916212549729067,450,450,450,0.4318312862531994,450,450,450,1.207207860284949,450,450,450,0.5726952874864876,450,450,450
current_velocity/15T,medium,bayes_past_targets_prediction,bayes_past_targets_prediction,10.54060921818018,False,,False,0.0,bayes_past_targets_prediction,"{""bayes_past_targets_prediction"": 1.0}",0.0,450.0,0.0,0.7265040038269411,0.4289178669884588,450,450,450,0.9562984622852199,450,450,450,119745.66598546154,450,450,450,0.7210167821133256,450,450,450,8.900537928548117,450,450,450,0.4289178669884588,450,450,450,1.2038476053603469,450,450,450,0.569784336093353,450,450,450
current_velocity/15T,medium,cov_ridge_shared,cov_ridge_shared,1.6362623469904065,False,,False,0.0,bayes_past_targets_prediction,"{""bayes_past_targets_prediction"": 1.0}",450.0,450.0,1.0,0.7347906439140358,0.4318312862531994,450,450,450,0.9588080937561619,450,450,450,122394.52034056495,450,450,450,0.7292408339267435,450,450,450,8.916212549729067,450,450,450,0.4318312862531994,450,450,450,1.207207860284949,450,450,450,0.5726952874864876,450,450,450
current_velocity/15T,medium,covariate_prediction,covariate_prediction,1.6362623469904065,False,,False,0.0,bayes_past_targets_prediction,"{""bayes_past_targets_prediction"": 1.0}",450.0,450.0,1.0,0.7347906439140358,0.4318312862531994,450,450,450,0.9588080937561619,450,450,450,122394.52034056495,450,450,450,0.7292408339267435,450,450,450,8.916212549729067,450,450,450,0.4318312862531994,450,450,450,1.207207860284949,450,450,450,0.5726952874864876,450,450,450
current_velocity/15T,medium,full_ridge_per_variate,full_ridge_per_variate,1.6362623469904065,False,,False,0.0,bayes_past_targets_prediction,"{""bayes_past_targets_prediction"": 1.0}",450.0,450.0,1.0,0.7347906439140358,0.4318312862531994,450,450,450,0.9588080937561619,450,450,450,122394.52034056495,450,450,450,0.7292408339267435,450,450,450,8.916212549729067,450,450,450,0.4318312862531994,450,450,450,1.207207860284949,450,450,450,0.5726952874864876,450,450,450
current_velocity/15T,medium,full_ridge_shared,full_ridge_shared,1.6362623469904065,False,,False,0.0,bayes_past_targets_prediction,"{""bayes_past_targets_prediction"": 1.0}",450.0,450.0,1.0,0.7347906439140358,0.4318312862531994,450,450,450,0.9588080937561619,450,450,450,122394.52034056495,450,450,450,0.7292408339267435,450,450,450,8.916212549729067,450,450,450,0.4318312862531994,450,450,450,1.207207860284949,450,450,450,0.5726952874864876,450,450,450
current_velocity/15T,medium,seasonal_naive,seasonal_naive,2.322853246703744,False,,False,0.0,,,,,,1.0,0.4742638812067084,450,450,450,1.232078667031398,450,450,450,193327.52033317593,450,450,450,0.9924470867542217,450,450,450,14.591157017854112,450,450,450,0.602503393378333,450,450,450,1.5567849189437013,450,450,450,0.6251697221835751,450,450,450
current_velocity/15T,medium,selected_adaptation,selected_adaptation,10.54060921818018,False,,False,0.0,bayes_past_targets_prediction,"{""bayes_past_targets_prediction"": 1.0}",0.0,450.0,0.0,0.7265040038269411,0.4289178669884588,450,450,450,0.9562984622852199,450,450,450,119745.66598546154,450,450,450,0.7210167821133256,450,450,450,8.900537928548117,450,450,450,0.4289178669884588,450,450,450,1.2038476053603469,450,450,450,0.569784336093353,450,450,450
current_velocity/15T,medium,tsrag,tsrag,1.6362623469904065,True,"{""code"": ""insufficient_global_datastore"", ""message"": ""global datastore requires at least 11 dates per variate; the least-covered variate has 0""}",False,0.0,,,,,,0.7347906439140358,0.4318312862531994,450,450,450,0.9588080937561619,450,450,450,122394.52034056495,450,450,450,0.7292408339267435,450,450,450,8.916212549729067,450,450,450,0.4318312862531994,450,450,450,1.207207860284949,450,450,450,0.5726952874864876,450,450,450
current_velocity/15T,medium,vanilla,vanilla,1.6362623469904065,False,,False,0.0,,,,,,0.7347906439140358,0.4318312862531994,450,450,450,0.9588080937561619,450,450,450,122394.52034056495,450,450,450,0.7292408339267435,450,450,450,8.916212549729067,450,450,450,0.4318312862531994,450,450,450,1.207207860284949,450,450,450,0.5726952874864876,450,450,450
current_velocity/15T,medium,y_ridge_shared,y_ridge_shared,1.6362623469904065,False,,False,0.0,bayes_past_targets_prediction,"{""bayes_past_targets_prediction"": 1.0}",450.0,450.0,1.0,0.7347906439140358,0.4318312862531994,450,450,450,0.9588080937561619,450,450,450,122394.52034056495,450,450,450,0.7292408339267435,450,450,450,8.916212549729067,450,450,450,0.4318312862531994,450,450,450,1.207207860284949,450,450,450,0.5726952874864876,450,450,450
current_velocity/15T,short,bayes_covariate_prediction,bayes_covariate_prediction,12.369503607042134,False,,False,0.0,bayes_past_targets_prediction,"{""bayes_past_targets_prediction"": 1.0}",3600.0,3600.0,1.0,0.5066754498910017,0.38378726853955775,3600,3600,3600,0.7410914236113538,3600,3600,3600,108212.79943879657,3600,3600,3600,0.5023035959666317,3600,3600,3600,6.05515836665764,3600,3600,3600,0.38378726853955775,3600,3600,3600,0.9015804159960418,3600,3600,3600,0.4682939737682382,3600,3600,3600
current_velocity/15T,short,bayes_past_targets_prediction,bayes_past_targets_prediction,83.60446395678446,False,,False,0.0,bayes_past_targets_prediction,"{""bayes_past_targets_prediction"": 1.0}",0.0,3600.0,0.0,0.5028826609237211,0.3805977024177466,3600,3600,3600,0.7394826639224105,3600,3600,3600,108694.73602824126,3600,3600,3600,0.4985435331149237,3600,3600,3600,6.029842920024838,3600,3600,3600,0.3805977024177466,3600,3600,3600,0.8998625220790433,3600,3600,3600,0.46307892296859154,3600,3600,3600
current_velocity/15T,short,cov_ridge_shared,cov_ridge_shared,12.36919263470918,False,,False,0.0,bayes_past_targets_prediction,"{""bayes_past_targets_prediction"": 1.0}",3600.0,3600.0,1.0,0.5066754498910017,0.38378726853955775,3600,3600,3600,0.7410914236113538,3600,3600,3600,108212.79943879657,3600,3600,3600,0.5023035959666317,3600,3600,3600,6.05515836665764,3600,3600,3600,0.38378726853955775,3600,3600,3600,0.9015804159960418,3600,3600,3600,0.4682939737682382,3600,3600,3600
current_velocity/15T,short,covariate_prediction,covariate_prediction,12.36919263470918,False,,False,0.0,bayes_past_targets_prediction,"{""bayes_past_targets_prediction"": 1.0}",3600.0,3600.0,1.0,0.5066754498910017,0.38378726853955775,3600,3600,3600,0.7410914236113538,3600,3600,3600,108212.79943879657,3600,3600,3600,0.5023035959666317,3600,3600,3600,6.05515836665764,3600,3600,3600,0.38378726853955775,3600,3600,3600,0.9015804159960418,3600,3600,3600,0.4682939737682382,3600,3600,3600
current_velocity/15T,short,full_ridge_per_variate,full_ridge_per_variate,12.36919263470918,False,,False,0.0,bayes_past_targets_prediction,"{""bayes_past_targets_prediction"": 1.0}",3600.0,3600.0,1.0,0.5066754498910017,0.38378726853955775,3600,3600,3600,0.7410914236113538,3600,3600,3600,108212.79943879657,3600,3600,3600,0.5023035959666317,3600,3600,3600,6.05515836665764,3600,3600,3600,0.38378726853955775,3600,3600,3600,0.9015804159960418,3600,3600,3600,0.4682939737682382,3600,3600,3600
current_velocity/15T,short,full_ridge_shared,full_ridge_shared,12.36919263470918,False,,False,0.0,bayes_past_targets_prediction,"{""bayes_past_targets_prediction"": 1.0}",3600.0,3600.0,1.0,0.5066754498910017,0.38378726853955775,3600,3600,3600,0.7410914236113538,3600,3600,3600,108212.79943879657,3600,3600,3600,0.5023035959666317,3600,3600,3600,6.05515836665764,3600,3600,3600,0.38378726853955775,3600,3600,3600,0.9015804159960418,3600,3600,3600,0.4682939737682382,3600,3600,3600
current_velocity/15T,short,seasonal_naive,seasonal_naive,12.830142772756517,False,,False,0.0,,,,,,1.0,0.5372316189153185,3600,3600,3600,1.2320786670313981,3600,3600,3600,193497.0337854041,3600,3600,3600,0.9913714905166404,3600,3600,3600,14.59115701785411,3600,3600,3600,0.6825400683167513,3600,3600,3600,1.4516245698123076,3600,3600,3600,0.6251697221835751,3600,3600,3600
current_velocity/15T,short,selected_adaptation,selected_adaptation,83.60446395678446,False,,False,0.0,bayes_past_targets_prediction,"{""bayes_past_targets_prediction"": 1.0}",0.0,3600.0,0.0,0.5028826609237211,0.3805977024177466,3600,3600,3600,0.7394826639224105,3600,3600,3600,108694.73602824126,3600,3600,3600,0.4985435331149237,3600,3600,3600,6.029842920024838,3600,3600,3600,0.3805977024177466,3600,3600,3600,0.8998625220790433,3600,3600,3600,0.46307892296859154,3600,3600,3600
current_velocity/15T,short,tsrag,tsrag,12.36919263470918,True,"{""code"": ""insufficient_global_datastore"", ""message"": ""global datastore requires at least 11 dates per variate; the least-covered variate has 0""}",False,0.0,,,,,,0.5066754498910017,0.38378726853955775,3600,3600,3600,0.7410914236113538,3600,3600,3600,108212.79943879657,3600,3600,3600,0.5023035959666317,3600,3600,3600,6.05515836665764,3600,3600,3600,0.38378726853955775,3600,3600,3600,0.9015804159960418,3600,3600,3600,0.4682939737682382,3600,3600,3600
current_velocity/15T,short,vanilla,vanilla,12.36919263470918,False,,False,0.0,,,,,,0.5066754498910017,0.38378726853955775,3600,3600,3600,0.7410914236113538,3600,3600,3600,108212.79943879657,3600,3600,3600,0.5023035959666317,3600,3600,3600,6.05515836665764,3600,3600,3600,0.38378726853955775,3600,3600,3600,0.9015804159960418,3600,3600,3600,0.4682939737682382,3600,3600,3600
current_velocity/15T,short,y_ridge_shared,y_ridge_shared,12.36919263470918,False,,False,0.0,bayes_past_targets_prediction,"{""bayes_past_targets_prediction"": 1.0}",3600.0,3600.0,1.0,0.5066754498910017,0.38378726853955775,3600,3600,3600,0.7410914236113538,3600,3600,3600,108212.79943879657,3600,3600,3600,0.5023035959666317,3600,3600,3600,6.05515836665764,3600,3600,3600,0.38378726853955775,3600,3600,3600,0.9015804159960418,3600,3600,3600,0.4682939737682382,3600,3600,3600
current_velocity/5T,long,bayes_covariate_prediction,bayes_covariate_prediction,3.406498498748988,False,,False,0.0,bayes_covariate_prediction,"{""bayes_covariate_prediction"": 1.0}",0.0,30.0,0.0,0.7253420859837002,0.43524605380135384,30,30,30,0.9267670470210011,30,30,30,0.8116446708078092,30,30,30,0.7925869303842785,30,30,30,6.030088142892661,30,30,30,0.43524605380135384,30,30,30,1.1094916006661535,30,30,30,0.4814609897654864,30,30,30
current_velocity/5T,long,bayes_past_targets_prediction,bayes_past_targets_prediction,0.15491727786138654,False,,False,0.0,bayes_covariate_prediction,"{""bayes_covariate_prediction"": 1.0}",30.0,30.0,1.0,0.7596083645607931,0.44949871582794265,30,30,30,0.8914244977776197,30,30,30,0.8593487745008729,30,30,30,0.8300299590984856,30,30,30,5.494680423381424,30,30,30,0.44949871582794265,30,30,30,1.0733475168801736,30,30,30,0.48285399716219474,30,30,30
current_velocity/5T,long,cov_ridge_shared,cov_ridge_shared,4.272837752476335,False,,False,0.0,bayes_covariate_prediction,"{""bayes_covariate_prediction"": 1.0}",30.0,30.0,1.0,0.7596083645607931,0.44949871582794265,30,30,30,0.8914244977776197,30,30,30,0.8593487745008729,30,30,30,0.8300299590984856,30,30,30,5.494680423381424,30,30,30,0.44949871582794265,30,30,30,1.0733475168801736,30,30,30,0.48285399716219474,30,30,30
current_velocity/5T,long,covariate_prediction,covariate_prediction,3.406464507803321,False,,False,0.0,bayes_covariate_prediction,"{""bayes_covariate_prediction"": 1.0}",0.0,30.0,0.0,0.7049460466921654,0.4198099729021737,30,30,30,1.0459531353947376,30,30,30,0.7534952618647446,30,30,30,0.7703000198541236,30,30,30,7.8386017418249185,30,30,30,0.4198099729021737,30,30,30,1.2330950414537634,30,30,30,0.48776983566415943,30,30,30
current_velocity/5T,long,full_ridge_per_variate,full_ridge_per_variate,4.272837752476335,False,,False,0.0,bayes_covariate_prediction,"{""bayes_covariate_prediction"": 1.0}",0.0,30.0,0.0,0.7997514877852288,0.4562423036024865,30,30,30,0.9001093547799438,30,30,30,0.7855259068386232,30,30,30,0.8738946615986082,30,30,30,5.572263866875556,30,30,30,0.4562423036024865,30,30,30,1.0822398017807116,30,30,30,0.5210531173444398,30,30,30
current_velocity/5T,long,full_ridge_shared,full_ridge_shared,4.272837752476335,False,,False,0.0,bayes_covariate_prediction,"{""bayes_covariate_prediction"": 1.0}",30.0,30.0,1.0,0.7596083645607931,0.44949871582794265,30,30,30,0.8914244977776197,30,30,30,0.8593487745008729,30,30,30,0.8300299590984856,30,30,30,5.494680423381424,30,30,30,0.44949871582794265,30,30,30,1.0733475168801736,30,30,30,0.48285399716219474,30,30,30
current_velocity/5T,long,seasonal_naive,seasonal_naive,0.6923420028761029,False,,False,0.0,,,,,,1.0,0.4208662730579631,30,30,30,1.088836273612123,30,30,30,0.9925705073803879,30,30,30,1.0927077660320532,30,30,30,8.84354400643344,30,30,30,0.512189861645568,30,30,30,1.3505354859999597,30,30,30,0.5174114567284935,30,30,30
current_velocity/5T,long,selected_adaptation,selected_adaptation,3.406498498748988,False,,False,0.0,bayes_covariate_prediction,"{""bayes_covariate_prediction"": 1.0}",0.0,30.0,0.0,0.7253420859837002,0.43524605380135384,30,30,30,0.9267670470210011,30,30,30,0.8116446708078092,30,30,30,0.7925869303842785,30,30,30,6.030088142892661,30,30,30,0.43524605380135384,30,30,30,1.1094916006661535,30,30,30,0.4814609897654864,30,30,30
current_velocity/5T,long,tsrag,tsrag,1.0399280730634928,False,,False,0.0,,,,,,1.1649478641031434,0.45873491718213805,30,30,30,1.008279856418642,30,30,30,1.0411040791882429,30,30,30,1.2729475781279578,30,30,30,6.681805626298083,30,30,30,0.45873491718213805,30,30,30,1.2312314436105016,30,30,30,0.4396285211448445,30,30,30
current_velocity/5T,long,vanilla,vanilla,0.1548832869157195,False,,False,0.0,,,,,,0.7596083645607931,0.44949871582794265,30,30,30,0.8914244977776197,30,30,30,0.8593487745008729,30,30,30,0.8300299590984856,30,30,30,5.494680423381424,30,30,30,0.44949871582794265,30,30,30,1.0733475168801736,30,30,30,0.48285399716219474,30,30,30
current_velocity/5T,long,y_ridge_shared,y_ridge_shared,4.272837752476335,False,,False,0.0,bayes_covariate_prediction,"{""bayes_covariate_prediction"": 1.0}",30.0,30.0,1.0,0.7596083645607931,0.44949871582794265,30,30,30,0.8914244977776197,30,30,30,0.8593487745008729,30,30,30,0.8300299590984856,30,30,30,5.494680423381424,30,30,30,0.44949871582794265,30,30,30,1.0733475168801736,30,30,30,0.48285399716219474,30,30,30
current_velocity/5T,medium,bayes_covariate_prediction,bayes_covariate_prediction,3.5697968783788383,False,,False,0.0,bayes_covariate_prediction,"{""bayes_covariate_prediction"": 1.0}",0.0,90.0,0.0,0.643784795863221,0.3632991421632172,90,90,90,0.8237353578090548,90,90,90,0.6975355958043489,90,90,90,0.5862898308204453,90,90,90,5.59351219922476,90,90,90,0.3632991421632172,90,90,90,1.0071857499119332,90,90,90,0.4071141229032832,90,90,90
current_velocity/5T,medium,bayes_past_targets_prediction,bayes_past_targets_prediction,0.41151670925319195,False,,False,0.0,bayes_covariate_prediction,"{""bayes_covariate_prediction"": 1.0}",90.0,90.0,1.0,0.6389743901049902,0.3628913936041706,90,90,90,0.7779179214746375,90,90,90,0.6799373477765973,90,90,90,0.5819090315280525,90,90,90,5.008877920412857,90,90,90,0.3628913936041706,90,90,90,0.9558272813308873,90,90,90,0.41541689088656164,90,90,90
current_velocity/5T,medium,cov_ridge_shared,cov_ridge_shared,4.203656572382897,False,,False,0.0,bayes_covariate_prediction,"{""bayes_covariate_prediction"": 1.0}",0.0,90.0,0.0,0.6393816922373081,0.36288625695319704,90,90,90,0.7780232916921103,90,90,90,0.6799157908250153,90,90,90,0.5822799584275131,90,90,90,5.010316082321013,90,90,90,0.36288625695319704,90,90,90,0.9559551720641598,90,90,90,0.4154168084235668,90,90,90
current_velocity/5T,medium,covariate_prediction,covariate_prediction,3.569762078579515,False,,False,0.0,bayes_covariate_prediction,"{""bayes_covariate_prediction"": 1.0}",0.0,90.0,0.0,0.6606675192480753,0.36862573466858384,90,90,90,0.8816868211506292,90,90,90,0.7226410840053938,90,90,90,0.6016647963379559,90,90,90,6.457677273931809,90,90,90,0.36862573466858384,90,90,90,1.0778478596997796,90,90,90,0.40929047140230923,90,90,90
current_velocity/5T,medium,full_ridge_per_variate,full_ridge_per_variate,4.203656572382897,False,,False,0.0,bayes_covariate_prediction,"{""bayes_covariate_prediction"": 1.0}",90.0,90.0,1.0,0.6389743901049902,0.3628913936041706,90,90,90,0.7779179214746375,90,90,90,0.6799373477765973,90,90,90,0.5819090315280525,90,90,90,5.008877920412857,90,90,90,0.3628913936041706,90,90,90,0.9558272813308873,90,90,90,0.41541689088656164,90,90,90
current_velocity/5T,medium,full_ridge_shared,full_ridge_shared,4.203656572382897,False,,False,0.0,bayes_covariate_prediction,"{""bayes_covariate_prediction"": 1.0}",90.0,90.0,1.0,0.6389743901049902,0.3628913936041706,90,90,90,0.7779179214746375,90,90,90,0.6799373477765973,90,90,90,0.5819090315280525,90,90,90,5.008877920412857,90,90,90,0.3628913936041706,90,90,90,0.9558272813308873,90,90,90,0.41541689088656164,90,90,90
current_velocity/5T,medium,seasonal_naive,seasonal_naive,0.8633319521322846,False,,False,0.0,,,,,,1.0,0.39452824728109537,90,90,90,1.080223831764571,90,90,90,0.9444501431473483,90,90,90,0.9106922601897061,90,90,90,9.046284712136165,90,90,90,0.5016314298849182,90,90,90,1.3148207258719626,90,90,90,0.4988126863177187,90,90,90
current_velocity/5T,medium,selected_adaptation,selected_adaptation,3.5697968783788383,False,,False,0.0,bayes_covariate_prediction,"{""bayes_covariate_prediction"": 1.0}",0.0,90.0,0.0,0.643784795863221,0.3632991421632172,90,90,90,0.8237353578090548,90,90,90,0.6975355958043489,90,90,90,0.5862898308204453,90,90,90,5.59351219922476,90,90,90,0.3632991421632172,90,90,90,1.0071857499119332,90,90,90,0.4071141229032832,90,90,90
current_velocity/5T,medium,tsrag,tsrag,0.9712571036070585,False,,False,0.0,,,,,,0.8758861784457266,0.36109301897754975,90,90,90,0.8640308272860452,90,90,90,0.6829085321033236,90,90,90,0.797662763517663,90,90,90,6.200526709149416,90,90,90,0.36109301897754975,90,90,90,1.0905063021206747,90,90,90,0.40011865604521607,90,90,90
current_velocity/5T,medium,vanilla,vanilla,0.41148190945386887,False,,False,0.0,,,,,,0.6389743901049902,0.3628913936041706,90,90,90,0.7779179214746375,90,90,90,0.6799373477765973,90,90,90,0.5819090315280525,90,90,90,5.008877920412857,90,90,90,0.3628913936041706,90,90,90,0.9558272813308873,90,90,90,0.41541689088656164,90,90,90
current_velocity/5T,medium,y_ridge_shared,y_ridge_shared,4.203656572382897,False,,False,0.0,bayes_covariate_prediction,"{""bayes_covariate_prediction"": 1.0}",90.0,90.0,1.0,0.6389743901049902,0.3628913936041706,90,90,90,0.7779179214746375,90,90,90,0.6799373477765973,90,90,90,0.5819090315280525,90,90,90,5.008877920412857,90,90,90,0.3628913936041706,90,90,90,0.9558272813308873,90,90,90,0.41541689088656164,90,90,90
current_velocity/5T,short,bayes_covariate_prediction,bayes_covariate_prediction,3.240116165019572,False,,False,0.0,bayes_past_targets_prediction,"{""bayes_past_targets_prediction"": 1.0}",720.0,720.0,1.0,0.4038977900422851,0.2954592712006785,720,720,720,0.5493215439626555,720,720,720,0.43597219167423384,720,720,720,0.3677495860120841,720,720,720,2.91359569181815,720,720,720,0.2954592712006785,720,720,720,0.6554102410891427,720,720,720,0.3435261996851947,720,720,720
current_velocity/5T,short,bayes_past_targets_prediction,bayes_past_targets_prediction,24.5328511740081,False,,False,0.0,bayes_past_targets_prediction,"{""bayes_past_targets_prediction"": 1.0}",0.0,720.0,0.0,0.4029292148320506,0.29433380241174156,720,720,720,0.5514504549052428,720,720,720,0.4353852625759937,720,720,720,0.36686769672878783,720,720,720,2.95417669656271,720,720,720,0.29433380241174156,720,720,720,0.6578628507785357,720,720,720,0.3422920198241466,720,720,720
current_velocity/5T,short,cov_ridge_shared,cov_ridge_shared,3.239988693036139,False,,False,0.0,bayes_past_targets_prediction,"{""bayes_past_targets_prediction"": 1.0}",720.0,720.0,1.0,0.4038977900422851,0.2954592712006785,720,720,720,0.5493215439626555,720,720,720,0.43597219167423384,720,720,720,0.3677495860120841,720,720,720,2.91359569181815,720,720,720,0.2954592712006785,720,720,720,0.6554102410891427,720,720,720,0.3435261996851947,720,720,720
current_velocity/5T,short,covariate_prediction,covariate_prediction,3.239988693036139,False,,False,0.0,bayes_past_targets_prediction,"{""bayes_past_targets_prediction"": 1.0}",720.0,720.0,1.0,0.4038977900422851,0.2954592712006785,720,720,720,0.5493215439626555,720,720,720,0.43597219167423384,720,720,720,0.3677495860120841,720,720,720,2.91359569181815,720,720,720,0.2954592712006785,720,720,720,0.6554102410891427,720,720,720,0.3435261996851947,720,720,720
current_velocity/5T,short,full_ridge_per_variate,full_ridge_per_variate,3.239988693036139,False,,False,0.0,bayes_past_targets_prediction,"{""bayes_past_targets_prediction"": 1.0}",720.0,720.0,1.0,0.4038977900422851,0.2954592712006785,720,720,720,0.5493215439626555,720,720,720,0.43597219167423384,720,720,720,0.3677495860120841,720,720,720,2.91359569181815,720,720,720,0.2954592712006785,720,720,720,0.6554102410891427,720,720,720,0.3435261996851947,720,720,720
current_velocity/5T,short,full_ridge_shared,full_ridge_shared,3.239988693036139,False,,False,0.0,bayes_past_targets_prediction,"{""bayes_past_targets_prediction"": 1.0}",720.0,720.0,1.0,0.4038977900422851,0.2954592712006785,720,720,720,0.5493215439626555,720,720,720,0.43597219167423384,720,720,720,0.3677495860120841,720,720,720,2.91359569181815,720,720,720,0.2954592712006785,720,720,720,0.6554102410891427,720,720,720,0.3435261996851947,720,720,720
current_velocity/5T,short,seasonal_naive,seasonal_naive,3.565892705693841,False,,False,0.0,,,,,,1.0,0.4508318224586485,720,720,720,1.080223831764571,720,720,720,0.9463727486088983,720,720,720,0.9105016048084428,720,720,720,9.046284712136165,720,720,720,0.5782740270896904,720,720,720,1.2248725530023747,720,720,720,0.4988126863177186,720,720,720
current_velocity/5T,short,selected_adaptation,selected_adaptation,24.5328511740081,False,,False,0.0,bayes_past_targets_prediction,"{""bayes_past_targets_prediction"": 1.0}",0.0,720.0,0.0,0.4029292148320506,0.29433380241174156,720,720,720,0.5514504549052428,720,720,720,0.4353852625759937,720,720,720,0.36686769672878783,720,720,720,2.95417669656271,720,720,720,0.29433380241174156,720,720,720,0.6578628507785357,720,720,720,0.3422920198241466,720,720,720
current_velocity/5T,short,tsrag,tsrag,3.239988693036139,True,"{""code"": ""insufficient_global_datastore"", ""message"": ""global datastore requires at least 11 dates per variate; the least-covered variate has 0""}",False,0.0,,,,,,0.4038977900422851,0.2954592712006785,720,720,720,0.5493215439626555,720,720,720,0.43597219167423384,720,720,720,0.3677495860120841,720,720,720,2.91359569181815,720,720,720,0.2954592712006785,720,720,720,0.6554102410891427,720,720,720,0.3435261996851947,720,720,720
current_velocity/5T,short,vanilla,vanilla,3.239988693036139,False,,False,0.0,,,,,,0.4038977900422851,0.2954592712006785,720,720,720,0.5493215439626555,720,720,720,0.43597219167423384,720,720,720,0.3677495860120841,720,720,720,2.91359569181815,720,720,720,0.2954592712006785,720,720,720,0.6554102410891427,720,720,720,0.3435261996851947,720,720,720
current_velocity/5T,short,y_ridge_shared,y_ridge_shared,3.239988693036139,False,,False,0.0,bayes_past_targets_prediction,"{""bayes_past_targets_prediction"": 1.0}",720.0,720.0,1.0,0.4038977900422851,0.2954592712006785,720,720,720,0.5493215439626555,720,720,720,0.43597219167423384,720,720,720,0.3677495860120841,720,720,720,2.91359569181815,720,720,720,0.2954592712006785,720,720,720,0.6554102410891427,720,720,720,0.3435261996851947,720,720,720
current_velocity/H,long,bayes_covariate_prediction,bayes_covariate_prediction,2.8990221307612956,False,,False,0.0,bayes_covariate_prediction,"{""bayes_covariate_prediction"": 1.0}",0.0,252.0,0.0,0.6704358063514577,0.4228748974496883,252,252,252,1.1859783776870498,252,252,252,2211871660495.665,252,252,252,1.3261710937667803,252,252,252,11.745890236133679,252,252,252,0.4228748974496883,252,252,252,1.4926554308353384,252,252,252,0.5925683652413855,252,252,252
current_velocity/H,long,bayes_past_targets_prediction,bayes_past_targets_prediction,0.6828188672661781,False,,False,0.0,bayes_covariate_prediction,"{""bayes_covariate_prediction"": 1.0}",252.0,252.0,1.0,0.6777146283795384,0.429431390326163,252,252,252,1.1858292484606365,252,252,252,2265187340389.5234,252,252,252,1.3405691364710408,252,252,252,11.706170184893693,252,252,252,0.429431390326163,252,252,252,1.4933212670437028,252,252,252,0.6040750093294017,252,252,252
current_velocity/H,long,cov_ridge_shared,cov_ridge_shared,4.394889853429049,False,,False,0.0,bayes_covariate_prediction,"{""bayes_covariate_prediction"": 1.0}",252.0,252.0,1.0,0.6777146283795384,0.429431390326163,252,252,252,1.1858292484606365,252,252,252,2265187340389.5234,252,252,252,1.3405691364710408,252,252,252,11.706170184893693,252,252,252,0.429431390326163,252,252,252,1.4933212670437028,252,252,252,0.6040750093294017,252,252,252
current_velocity/H,long,covariate_prediction,covariate_prediction,2.898927599657327,False,,False,0.0,bayes_covariate_prediction,"{""bayes_covariate_prediction"": 1.0}",0.0,252.0,0.0,0.6811257411637914,0.42685429670345987,252,252,252,1.2011871300985208,252,252,252,2418071298593.125,252,252,252,1.347316567215638,252,252,252,12.03964249021417,252,252,252,0.42685429670345987,252,252,252,1.5120144313997588,252,252,252,0.5890088871542033,252,252,252
current_velocity/H,long,full_ridge_per_variate,full_ridge_per_variate,4.394889853429049,False,,False,0.0,bayes_covariate_prediction,"{""bayes_covariate_prediction"": 1.0}",252.0,252.0,1.0,0.6777146283795384,0.429431390326163,252,252,252,1.1858292484606365,252,252,252,2265187340389.5234,252,252,252,1.3405691364710408,252,252,252,11.706170184893693,252,252,252,0.429431390326163,252,252,252,1.4933212670437028,252,252,252,0.6040750093294017,252,252,252
current_velocity/H,long,full_ridge_shared,full_ridge_shared,4.394889853429049,False,,False,0.0,bayes_covariate_prediction,"{""bayes_covariate_prediction"": 1.0}",0.0,252.0,0.0,0.6778985068669656,0.4297823228890217,252,252,252,1.1858481234754783,252,252,252,2235340608543.7114,252,252,252,1.3409328615771305,252,252,252,11.706493430038144,252,252,252,0.4297823228890217,252,252,252,1.4933371370750155,252,252,252,0.6059710903809977,252,252,252
current_velocity/H,long,seasonal_naive,seasonal_naive,2.3988108662888408,False,,False,0.0,,,,,,1.0,0.5707980661706852,252,252,252,1.56820108129828,252,252,252,4346818060690.507,252,252,252,1.97807318941371,252,252,252,22.525671645958504,252,252,252,0.6083596606125217,252,252,252,1.9732026137797445,252,252,252,0.6804818284409418,252,252,252
current_velocity/H,long,selected_adaptation,selected_adaptation,2.8990221307612956,False,,False,0.0,bayes_covariate_prediction,"{""bayes_covariate_prediction"": 1.0}",0.0,252.0,0.0,0.6704358063514577,0.4228748974496883,252,252,252,1.1859783776870498,252,252,252,2211871660495.665,252,252,252,1.3261710937667803,252,252,252,11.745890236133679,252,252,252,0.4228748974496883,252,252,252,1.4926554308353384,252,252,252,0.5925683652413855,252,252,252
current_velocity/H,long,tsrag,tsrag,0.6827243361622095,True,"{""code"": ""insufficient_global_datastore"", ""message"": ""global datastore requires at least 11 dates per variate; the least-covered variate has 0""}",False,0.0,,,,,,0.6777146283795384,0.429431390326163,252,252,252,1.1858292484606365,252,252,252,2265187340389.5234,252,252,252,1.3405691364710408,252,252,252,11.706170184893693,252,252,252,0.429431390326163,252,252,252,1.4933212670437028,252,252,252,0.6040750093294017,252,252,252
current_velocity/H,long,vanilla,vanilla,0.6827243361622095,False,,False,0.0,,,,,,0.6777146283795384,0.429431390326163,252,252,252,1.1858292484606365,252,252,252,2265187340389.5234,252,252,252,1.3405691364710408,252,252,252,11.706170184893693,252,252,252,0.429431390326163,252,252,252,1.4933212670437028,252,252,252,0.6040750093294017,252,252,252
current_velocity/H,long,y_ridge_shared,y_ridge_shared,4.394889853429049,False,,False,0.0,bayes_covariate_prediction,"{""bayes_covariate_prediction"": 1.0}",0.0,252.0,0.0,0.6778955946320439,0.42977468770170696,252,252,252,1.185847005038026,252,252,252,2235902629738.5605,252,252,252,1.3409271009633104,252,252,252,11.706474884254854,252,252,252,0.42977468770170696,252,252,252,1.493336207921365,252,252,252,0.6059323739979937,252,252,252
current_velocity/H,medium,bayes_covariate_prediction,bayes_covariate_prediction,1.3525844905525446,False,,False,0.0,bayes_past_targets_prediction,"{""bayes_past_targets_prediction"": 1.0}",504.0,504.0,1.0,0.6252265770017476,0.40155939401233326,504,504,504,1.1121571701612962,504,504,504,2525141588144.6694,504,504,504,1.1527020069455804,504,504,504,10.956829556474784,504,504,504,0.40155939401233326,504,504,504,1.3903823846714696,504,504,504,0.5614585281976375,504,504,504
current_velocity/H,medium,bayes_past_targets_prediction,bayes_past_targets_prediction,7.012847194913775,False,,False,0.0,bayes_past_targets_prediction,"{""bayes_past_targets_prediction"": 1.0}",0.0,504.0,0.0,0.6177867403388279,0.39801606917138566,504,504,504,1.1042077392169183,504,504,504,2561467184011.5664,504,504,504,1.1389855160474802,504,504,504,10.780735912184777,504,504,504,0.39801606917138566,504,504,504,1.3778302816035268,504,504,504,0.5552170365800567,504,504,504
current_velocity/H,medium,cov_ridge_shared,cov_ridge_shared,1.3508936036378145,False,,False,0.0,bayes_past_targets_prediction,"{""bayes_past_targets_prediction"": 1.0}",504.0,504.0,1.0,0.6252265770017476,0.40155939401233326,504,504,504,1.1121571701612962,504,504,504,2525141588144.6694,504,504,504,1.1527020069455804,504,504,504,10.956829556474784,504,504,504,0.40155939401233326,504,504,504,1.3903823846714696,504,504,504,0.5614585281976375,504,504,504
current_velocity/H,medium,covariate_prediction,covariate_prediction,1.3508936036378145,False,,False,0.0,bayes_past_targets_prediction,"{""bayes_past_targets_prediction"": 1.0}",504.0,504.0,1.0,0.6252265770017476,0.40155939401233326,504,504,504,1.1121571701612962,504,504,504,2525141588144.6694,504,504,504,1.1527020069455804,504,504,504,10.956829556474784,504,504,504,0.40155939401233326,504,504,504,1.3903823846714696,504,504,504,0.5614585281976375,504,504,504
current_velocity/H,medium,full_ridge_per_variate,full_ridge_per_variate,1.3508936036378145,False,,False,0.0,bayes_past_targets_prediction,"{""bayes_past_targets_prediction"": 1.0}",504.0,504.0,1.0,0.6252265770017476,0.40155939401233326,504,504,504,1.1121571701612962,504,504,504,2525141588144.6694,504,504,504,1.1527020069455804,504,504,504,10.956829556474784,504,504,504,0.40155939401233326,504,504,504,1.3903823846714696,504,504,504,0.5614585281976375,504,504,504
current_velocity/H,medium,full_ridge_shared,full_ridge_shared,1.3508936036378145,False,,False,0.0,bayes_past_targets_prediction,"{""bayes_past_targets_prediction"": 1.0}",504.0,504.0,1.0,0.6252265770017476,0.40155939401233326,504,504,504,1.1121571701612962,504,504,504,2525141588144.6694,504,504,504,1.1527020069455804,504,504,504,10.956829556474784,504,504,504,0.40155939401233326,504,504,504,1.3903823846714696,504,504,504,0.5614585281976375,504,504,504
current_velocity/H,medium,seasonal_naive,seasonal_naive,3.0981775810942054,False,,False,0.0,,,,,,1.0,0.518700470566008,504,504,504,1.4810288500182116,504,504,504,4151891140728.142,504,504,504,1.8436548434542293,504,504,504,19.452678704556043,504,504,504,0.6183301446219668,504,504,504,1.856534889651486,504,504,504,0.665998080975196,504,504,504
current_velocity/H,medium,selected_adaptation,selected_adaptation,7.012847194913775,False,,False,0.0,bayes_past_targets_prediction,"{""bayes_past_targets_prediction"": 1.0}",0.0,504.0,0.0,0.6177867403388279,0.39801606917138566,504,504,504,1.1042077392169183,504,504,504,2561467184011.5664,504,504,504,1.1389855160474802,504,504,504,10.780735912184777,504,504,504,0.39801606917138566,504,504,504,1.3778302816035268,504,504,504,0.5552170365800567,504,504,504
current_velocity/H,medium,tsrag,tsrag,1.3508936036378145,True,"{""code"": ""insufficient_global_datastore"", ""message"": ""global datastore requires at least 11 dates per variate; the least-covered variate has 0""}",False,0.0,,,,,,0.6252265770017476,0.40155939401233326,504,504,504,1.1121571701612962,504,504,504,2525141588144.6694,504,504,504,1.1527020069455804,504,504,504,10.956829556474784,504,504,504,0.40155939401233326,504,504,504,1.3903823846714696,504,504,504,0.5614585281976375,504,504,504
current_velocity/H,medium,vanilla,vanilla,1.3508936036378145,False,,False,0.0,,,,,,0.6252265770017476,0.40155939401233326,504,504,504,1.1121571701612962,504,504,504,2525141588144.6694,504,504,504,1.1527020069455804,504,504,504,10.956829556474784,504,504,504,0.40155939401233326,504,504,504,1.3903823846714696,504,504,504,0.5614585281976375,504,504,504
current_velocity/H,medium,y_ridge_shared,y_ridge_shared,1.3508936036378145,False,,False,0.0,bayes_past_targets_prediction,"{""bayes_past_targets_prediction"": 1.0}",504.0,504.0,1.0,0.6252265770017476,0.40155939401233326,504,504,504,1.1121571701612962,504,504,504,2525141588144.6694,504,504,504,1.1527020069455804,504,504,504,10.956829556474784,504,504,504,0.40155939401233326,504,504,504,1.3903823846714696,504,504,504,0.5614585281976375,504,504,504
current_velocity/H,short,bayes_covariate_prediction,bayes_covariate_prediction,8.758263422641903,False,,False,0.0,bayes_past_targets_prediction,"{""bayes_past_targets_prediction"": 1.0}",3528.0,3528.0,1.0,0.6796604700877195,0.33344984410306405,3528,3528,3528,0.7994899050682378,3528,3528,3528,1990655322254.2659,3528,3528,3528,0.7026019718045315,3528,3528,3528,6.584621841306873,3528,3528,3528,0.33344984410306405,3528,3528,3528,0.9958634210007489,3528,3528,3528,0.44136103082945727,3528,3528,3528
current_velocity/H,short,bayes_past_targets_prediction,bayes_past_targets_prediction,46.5992545792833,False,,False,0.0,bayes_past_targets_prediction,"{""bayes_past_targets_prediction"": 1.0}",0.0,3528.0,0.0,0.6637428111924726,0.3253711378309137,3528,3528,3528,0.7868066038058003,3528,3528,3528,1919756471734.7444,3528,3528,3528,0.6861470225783849,3528,3528,3528,6.357612262118486,3528,3528,3528,0.3253711378309137,3528,3528,3528,0.9798108889897938,3528,3528,3528,0.43199669033188115,3528,3528,3528
current_velocity/H,short,cov_ridge_shared,cov_ridge_shared,8.757894621230662,False,,False,0.0,bayes_past_targets_prediction,"{""bayes_past_targets_prediction"": 1.0}",3528.0,3528.0,1.0,0.6796604700877195,0.33344984410306405,3528,3528,3528,0.7994899050682378,3528,3528,3528,1990655322254.2659,3528,3528,3528,0.7026019718045315,3528,3528,3528,6.584621841306873,3528,3528,3528,0.33344984410306405,3528,3528,3528,0.9958634210007489,3528,3528,3528,0.44136103082945727,3528,3528,3528
current_velocity/H,short,covariate_prediction,covariate_prediction,8.757894621230662,False,,False,0.0,bayes_past_targets_prediction,"{""bayes_past_targets_prediction"": 1.0}",3528.0,3528.0,1.0,0.6796604700877195,0.33344984410306405,3528,3528,3528,0.7994899050682378,3528,3528,3528,1990655322254.2659,3528,3528,3528,0.7026019718045315,3528,3528,3528,6.584621841306873,3528,3528,3528,0.33344984410306405,3528,3528,3528,0.9958634210007489,3528,3528,3528,0.44136103082945727,3528,3528,3528
current_velocity/H,short,full_ridge_per_variate,full_ridge_per_variate,8.757894621230662,False,,False,0.0,bayes_past_targets_prediction,"{""bayes_past_targets_prediction"": 1.0}",3528.0,3528.0,1.0,0.6796604700877195,0.33344984410306405,3528,3528,3528,0.7994899050682378,3528,3528,3528,1990655322254.2659,3528,3528,3528,0.7026019718045315,3528,3528,3528,6.584621841306873,3528,3528,3528,0.33344984410306405,3528,3528,3528,0.9958634210007489,3528,3528,3528,0.44136103082945727,3528,3528,3528
current_velocity/H,short,full_ridge_shared,full_ridge_shared,8.757894621230662,False,,False,0.0,bayes_past_targets_prediction,"{""bayes_past_targets_prediction"": 1.0}",3528.0,3528.0,1.0,0.6796604700877195,0.33344984410306405,3528,3528,3528,0.7994899050682378,3528,3528,3528,1990655322254.2659,3528,3528,3528,0.7026019718045315,3528,3528,3528,6.584621841306873,3528,3528,3528,0.33344984410306405,3528,3528,3528,0.9958634210007489,3528,3528,3528,0.44136103082945727,3528,3528,3528
current_velocity/H,short,seasonal_naive,seasonal_naive,12.451473160646856,False,,False,0.0,,,,,,1.0,0.3754668035595951,3528,3528,3528,1.0301390783302606,3528,3528,3528,4333211585385.3604,3528,3528,3528,1.0337543563683367,3528,3528,3528,10.234258389082601,3528,3528,3528,0.4707088338417533,3528,3528,3528,1.2776813440368964,3528,3528,3528,0.5179990754560889,3528,3528,3528
current_velocity/H,short,selected_adaptation,selected_adaptation,46.5992545792833,False,,False,0.0,bayes_past_targets_prediction,"{""bayes_past_targets_prediction"": 1.0}",0.0,3528.0,0.0,0.6637428111924726,0.3253711378309137,3528,3528,3528,0.7868066038058003,3528,3528,3528,1919756471734.7444,3528,3528,3528,0.6861470225783849,3528,3528,3528,6.357612262118486,3528,3528,3528,0.3253711378309137,3528,3528,3528,0.9798108889897938,3528,3528,3528,0.43199669033188115,3528,3528,3528
current_velocity/H,short,tsrag,tsrag,8.757894621230662,True,"{""code"": ""insufficient_global_datastore"", ""message"": ""global datastore requires at least 11 dates per variate; the least-covered variate has 0""}",False,0.0,,,,,,0.6796604700877195,0.33344984410306405,3528,3528,3528,0.7994899050682378,3528,3528,3528,1990655322254.2659,3528,3528,3528,0.7026019718045315,3528,3528,3528,6.584621841306873,3528,3528,3528,0.33344984410306405,3528,3528,3528,0.9958634210007489,3528,3528,3528,0.44136103082945727,3528,3528,3528
current_velocity/H,short,vanilla,vanilla,8.757894621230662,False,,False,0.0,,,,,,0.6796604700877195,0.33344984410306405,3528,3528,3528,0.7994899050682378,3528,3528,3528,1990655322254.2659,3528,3528,3528,0.7026019718045315,3528,3528,3528,6.584621841306873,3528,3528,3528,0.33344984410306405,3528,3528,3528,0.9958634210007489,3528,3528,3528,0.44136103082945727,3528,3528,3528
current_velocity/H,short,y_ridge_shared,y_ridge_shared,8.757894621230662,False,,False,0.0,bayes_past_targets_prediction,"{""bayes_past_targets_prediction"": 1.0}",3528.0,3528.0,1.0,0.6796604700877195,0.33344984410306405,3528,3528,3528,0.7994899050682378,3528,3528,3528,1990655322254.2659,3528,3528,3528,0.7026019718045315,3528,3528,3528,6.584621841306873,3528,3528,3528,0.33344984410306405,3528,3528,3528,0.9958634210007489,3528,3528,3528,0.44136103082945727,3528,3528,3528
epf_electricity_price/H,long,bayes_covariate_prediction,bayes_covariate_prediction,1.5949430298060179,False,,False,0.0,cov_ridge_shared,"{""cov_ridge_shared"": 1.0}",75.0,75.0,1.0,0.7012950509483042,0.20003318783476634,75,75,75,8.508772664683915,75,75,75,1.785462644421567,75,75,75,1.3994283956737916,75,75,75,221.42789991938164,75,75,75,0.20003318783476634,75,75,75,11.780221970231468,75,75,75,0.20879303862169765,75,75,75
epf_electricity_price/H,long,bayes_past_targets_prediction,bayes_past_targets_prediction,0.343279336579144,False,,False,0.0,cov_ridge_shared,"{""cov_ridge_shared"": 1.0}",75.0,75.0,1.0,0.7012950509483042,0.20003318783476634,75,75,75,8.508772664683915,75,75,75,1.785462644421567,75,75,75,1.3994283956737916,75,75,75,221.42789991938164,75,75,75,0.20003318783476634,75,75,75,11.780221970231468,75,75,75,0.20879303862169765,75,75,75
epf_electricity_price/H,long,cov_ridge_shared,cov_ridge_shared,1.9343309155665338,False,,False,0.0,cov_ridge_shared,"{""cov_ridge_shared"": 1.0}",0.0,75.0,0.0,0.7077208844134828,0.20162864643929304,75,75,75,8.522757758990759,75,75,75,1.8477515089965515,75,75,75,1.4122510924900347,75,75,75,218.72980459339956,75,75,75,0.20162864643929304,75,75,75,11.772788623448672,75,75,75,0.20866740969938324,75,75,75
epf_electricity_price/H,long,covariate_prediction,covariate_prediction,1.5949430298060179,False,,False,0.0,cov_ridge_shared,"{""cov_ridge_shared"": 1.0}",0.0,75.0,0.0,0.7272324917679263,0.20517682827968875,75,75,75,8.645625582430807,75,75,75,1.9279311022139567,75,75,75,1.4511863414129,75,75,75,222.43470149162206,75,75,75,0.20517682827968875,75,75,75,11.963001901164121,75,75,75,0.21104775775914808,75,75,75
epf_electricity_price/H,long,full_ridge_per_variate,full_ridge_per_variate,1.9343309155665338,False,,False,0.0,cov_ridge_shared,"{""cov_ridge_shared"": 1.0}",75.0,75.0,1.0,0.7012950509483042,0.20003318783476634,75,75,75,8.508772664683915,75,75,75,1.785462644421567,75,75,75,1.3994283956737916,75,75,75,221.42789991938164,75,75,75,0.20003318783476634,75,75,75,11.780221970231468,75,75,75,0.20879303862169765,75,75,75
epf_electricity_price/H,long,full_ridge_shared,full_ridge_shared,1.9343309155665338,False,,False,0.0,cov_ridge_shared,"{""cov_ridge_shared"": 1.0}",75.0,75.0,1.0,0.7012950509483042,0.20003318783476634,75,75,75,8.508772664683915,75,75,75,1.785462644421567,75,75,75,1.3994283956737916,75,75,75,221.42789991938164,75,75,75,0.20003318783476634,75,75,75,11.780221970231468,75,75,75,0.20879303862169765,75,75,75
epf_electricity_price/H,long,seasonal_naive,seasonal_naive,0.6750172125175595,False,,False,0.0,,,,,,1.0,0.2634076082190075,75,75,75,12.751824220998273,75,75,75,1.840270344408129,75,75,75,1.9954916176600113,75,75,75,475.2474807288751,75,75,75,0.30047210950325964,75,75,75,16.767235702572204,75,75,75,0.32274282233428,75,75,75
epf_electricity_price/H,long,selected_adaptation,selected_adaptation,1.9343309155665338,False,,False,0.0,cov_ridge_shared,"{""cov_ridge_shared"": 1.0}",0.0,75.0,0.0,0.7077208844134828,0.20162864643929304,75,75,75,8.522757758990759,75,75,75,1.8477515089965515,75,75,75,1.4122510924900347,75,75,75,218.72980459339956,75,75,75,0.20162864643929304,75,75,75,11.772788623448672,75,75,75,0.20866740969938324,75,75,75
epf_electricity_price/H,long,tsrag,tsrag,0.6336404774338007,False,,False,0.0,,,,,,0.7013607806212112,0.1985641351080284,75,75,75,8.505445556119085,75,75,75,1.5736479859564827,75,75,75,1.399559558685109,75,75,75,211.78259537585535,75,75,75,0.1985641351080284,75,75,75,11.861168490829538,75,75,75,0.20933100186988948,75,75,75
epf_electricity_price/H,long,vanilla,vanilla,0.343279336579144,False,,False,0.0,,,,,,0.7012950509483042,0.20003318783476634,75,75,75,8.508772664683915,75,75,75,1.785462644421567,75,75,75,1.3994283956737916,75,75,75,221.42789991938164,75,75,75,0.20003318783476634,75,75,75,11.780221970231468,75,75,75,0.20879303862169765,75,75,75
epf_electricity_price/H,long,y_ridge_shared,y_ridge_shared,1.9343309155665338,False,,False,0.0,cov_ridge_shared,"{""cov_ridge_shared"": 1.0}",0.0,75.0,0.0,0.7008615366612644,0.20012509924799488,75,75,75,8.475955432945536,75,75,75,1.7834030092833735,75,75,75,1.3985633215478677,75,75,75,218.57216891623617,75,75,75,0.20012509924799488,75,75,75,11.728786720787571,75,75,75,0.20810989988358833,75,75,75
epf_electricity_price/H,medium,bayes_covariate_prediction,bayes_covariate_prediction,0.7774838339537382,False,,False,0.0,vanilla,"{""vanilla"": 1.0}",175.0,175.0,1.0,0.6491778450680052,0.18774633117975645,175,175,175,7.605481893258199,175,175,175,1.7642299992221349,175,175,175,1.2097578962466635,175,175,175,191.3619371250426,175,175,175,0.18774633117975645,175,175,175,10.009415437827855,175,175,175,0.19026082570354824,175,175,175
epf_electricity_price/H,medium,bayes_past_targets_prediction,bayes_past_targets_prediction,0.7774838339537382,False,,False,0.0,vanilla,"{""vanilla"": 1.0}",175.0,175.0,1.0,0.6491778450680052,0.18774633117975645,175,175,175,7.605481893258199,175,175,175,1.7642299992221349,175,175,175,1.2097578962466635,175,175,175,191.3619371250426,175,175,175,0.18774633117975645,175,175,175,10.009415437827855,175,175,175,0.19026082570354824,175,175,175
epf_electricity_price/H,medium,cov_ridge_shared,cov_ridge_shared,0.7774838339537382,False,,False,0.0,vanilla,"{""vanilla"": 1.0}",175.0,175.0,1.0,0.6491778450680052,0.18774633117975645,175,175,175,7.605481893258199,175,175,175,1.7642299992221349,175,175,175,1.2097578962466635,175,175,175,191.3619371250426,175,175,175,0.18774633117975645,175,175,175,10.009415437827855,175,175,175,0.19026082570354824,175,175,175
epf_electricity_price/H,medium,covariate_prediction,covariate_prediction,0.7774838339537382,False,,False,0.0,vanilla,"{""vanilla"": 1.0}",175.0,175.0,1.0,0.6491778450680052,0.18774633117975645,175,175,175,7.605481893258199,175,175,175,1.7642299992221349,175,175,175,1.2097578962466635,175,175,175,191.3619371250426,175,175,175,0.18774633117975645,175,175,175,10.009415437827855,175,175,175,0.19026082570354824,175,175,175
epf_electricity_price/H,medium,full_ridge_per_variate,full_ridge_per_variate,0.7774838339537382,False,,False,0.0,vanilla,"{""vanilla"": 1.0}",175.0,175.0,1.0,0.6491778450680052,0.18774633117975645,175,175,175,7.605481893258199,175,175,175,1.7642299992221349,175,175,175,1.2097578962466635,175,175,175,191.3619371250426,175,175,175,0.18774633117975645,175,175,175,10.009415437827855,175,175,175,0.19026082570354824,175,175,175
epf_electricity_price/H,medium,full_ridge_shared,full_ridge_shared,0.7774838339537382,False,,False,0.0,vanilla,"{""vanilla"": 1.0}",175.0,175.0,1.0,0.6491778450680052,0.18774633117975645,175,175,175,7.605481893258199,175,175,175,1.7642299992221349,175,175,175,1.2097578962466635,175,175,175,191.3619371250426,175,175,175,0.18774633117975645,175,175,175,10.009415437827855,175,175,175,0.19026082570354824,175,175,175
epf_electricity_price/H,medium,seasonal_naive,seasonal_naive,1.2589816534891725,False,,False,0.0,,,,,,1.0,0.2424963009061819,175,175,175,12.071515021659582,175,175,175,2.2626530490961514,175,175,175,1.8635230783637327,175,175,175,433.35296407440467,175,175,175,0.28995801502449664,175,175,175,15.179959254773042,175,175,175,0.2831114766779468,175,175,175
epf_electricity_price/H,medium,selected_adaptation,selected_adaptation,0.7774838339537382,False,,False,0.0,vanilla,"{""vanilla"": 1.0}",175.0,175.0,1.0,0.6491778450680052,0.18774633117975645,175,175,175,7.605481893258199,175,175,175,1.7642299992221349,175,175,175,1.2097578962466635,175,175,175,191.3619371250426,175,175,175,0.18774633117975645,175,175,175,10.009415437827855,175,175,175,0.19026082570354824,175,175,175
epf_electricity_price/H,medium,tsrag,tsrag,0.9875562265515327,False,,False,0.0,,,,,,0.6537609936309022,0.1878630847921121,175,175,175,7.680990102923816,175,175,175,1.6611752792229384,175,175,175,1.2182986993651916,175,175,175,188.44458734634952,175,175,175,0.1878630847921121,175,175,175,10.126201524159335,175,175,175,0.19061953069333368,175,175,175
epf_electricity_price/H,medium,vanilla,vanilla,0.7774838339537382,False,,False,0.0,,,,,,0.6491778450680052,0.18774633117975645,175,175,175,7.605481893258199,175,175,175,1.7642299992221349,175,175,175,1.2097578962466635,175,175,175,191.3619371250426,175,175,175,0.18774633117975645,175,175,175,10.009415437827855,175,175,175,0.19026082570354824,175,175,175
epf_electricity_price/H,medium,y_ridge_shared,y_ridge_shared,0.7774838339537382,False,,False,0.0,vanilla,"{""vanilla"": 1.0}",175.0,175.0,1.0,0.6491778450680052,0.18774633117975645,175,175,175,7.605481893258199,175,175,175,1.7642299992221349,175,175,175,1.2097578962466635,175,175,175,191.3619371250426,175,175,175,0.18774633117975645,175,175,175,10.009415437827855,175,175,175,0.19026082570354824,175,175,175
epf_electricity_price/H,short,bayes_covariate_prediction,bayes_covariate_prediction,8.001543510705233,False,,False,0.0,y_ridge_shared,"{""y_ridge_shared"": 1.0}",525.0,525.0,1.0,0.6707122865556547,0.16096608875593407,525,525,525,6.070351255617975,525,525,525,1.2406968476829465,525,525,525,0.9582914647557867,525,525,525,124.52745872989365,525,525,525,0.16096608875593407,525,525,525,7.630915334670629,525,525,525,0.1577792322953122,525,525,525
epf_electricity_price/H,short,bayes_past_targets_prediction,bayes_past_targets_prediction,2.376284015364945,False,,False,0.0,y_ridge_shared,"{""y_ridge_shared"": 1.0}",525.0,525.0,1.0,0.6707122865556547,0.16096608875593407,525,525,525,6.070351255617975,525,525,525,1.2406968476829465,525,525,525,0.9582914647557867,525,525,525,124.52745872989365,525,525,525,0.16096608875593407,525,525,525,7.630915334670629,525,525,525,0.1577792322953122,525,525,525
epf_electricity_price/H,short,cov_ridge_shared,cov_ridge_shared,10.086640106514096,False,,False,0.0,y_ridge_shared,"{""y_ridge_shared"": 1.0}",0.0,525.0,0.0,0.6672838271994352,0.16025149307827816,525,525,525,6.03808793244499,525,525,525,1.2310608335696425,525,525,525,0.9533929957636661,525,525,525,123.24387671967247,525,525,525,0.16025149307827816,525,525,525,7.594719463166309,525,525,525,0.156854659049909,525,525,525
epf_electricity_price/H,short,covariate_prediction,covariate_prediction,8.001543510705233,False,,False,0.0,y_ridge_shared,"{""y_ridge_shared"": 1.0}",0.0,525.0,0.0,0.6574856997528123,0.15756549632158715,525,525,525,5.930378960348843,525,525,525,1.173551650052824,525,525,525,0.9393937563119685,525,525,525,118.73361327064481,525,525,525,0.15756549632158715,525,525,525,7.478062673634269,525,525,525,0.15367025545510035,525,525,525
epf_electricity_price/H,short,full_ridge_per_variate,full_ridge_per_variate,10.086640106514096,False,,False,0.0,y_ridge_shared,"{""y_ridge_shared"": 1.0}",525.0,525.0,1.0,0.6707122865556547,0.16096608875593407,525,525,525,6.070351255617975,525,525,525,1.2406968476829465,525,525,525,0.9582914647557867,525,525,525,124.52745872989365,525,525,525,0.16096608875593407,525,525,525,7.630915334670629,525,525,525,0.1577792322953122,525,525,525
epf_electricity_price/H,short,full_ridge_shared,full_ridge_shared,10.086640106514096,False,,False,0.0,y_ridge_shared,"{""y_ridge_shared"": 1.0}",525.0,525.0,1.0,0.6707122865556547,0.16096608875593407,525,525,525,6.070351255617975,525,525,525,1.2406968476829465,525,525,525,0.9582914647557867,525,525,525,124.52745872989365,525,525,525,0.16096608875593407,525,525,525,7.630915334670629,525,525,525,0.1577792322953122,525,525,525
epf_electricity_price/H,short,seasonal_naive,seasonal_naive,3.303646160289645,False,,False,0.0,,,,,,1.0,0.1965489107031222,525,525,525,9.174453470840579,525,525,525,1.659211464270306,525,525,525,1.4287668259022852,525,525,525,252.4744027221388,525,525,525,0.23661040706639877,525,525,525,11.352691665579435,525,525,525,0.23018913017364992,525,525,525
epf_electricity_price/H,short,selected_adaptation,selected_adaptation,10.086640106514096,False,,False,0.0,y_ridge_shared,"{""y_ridge_shared"": 1.0}",0.0,525.0,0.0,0.6684817711891756,0.15987427338310065,525,525,525,6.042901468730221,525,525,525,1.2151628656491467,525,525,525,0.9551045783954961,525,525,525,123.90395701019675,525,525,525,0.15987427338310065,525,525,525,7.601143286666994,525,525,525,0.15695381349906956,525,525,525
epf_electricity_price/H,short,tsrag,tsrag,1.1593485530465841,False,,False,0.0,,,,,,0.6734849733838565,0.15894764566842406,525,525,525,6.162508919135564,525,525,525,1.1076676736879558,525,525,525,0.9622529877145376,525,525,525,124.74366151570656,525,525,525,0.15894764566842406,525,525,525,7.759620852136182,525,525,525,0.15603431814997035,525,525,525
epf_electricity_price/H,short,vanilla,vanilla,2.376284015364945,False,,False,0.0,,,,,,0.6707122865556547,0.16096608875593407,525,525,525,6.070351255617975,525,525,525,1.2406968476829465,525,525,525,0.9582914647557867,525,525,525,124.52745872989365,525,525,525,0.16096608875593407,525,525,525,7.630915334670629,525,525,525,0.1577792322953122,525,525,525
epf_electricity_price/H,short,y_ridge_shared,y_ridge_shared,10.086640106514096,False,,False,0.0,y_ridge_shared,"{""y_ridge_shared"": 1.0}",0.0,525.0,0.0,0.6684817711891756,0.15987427338310065,525,525,525,6.042901468730221,525,525,525,1.2151628656491467,525,525,525,0.9551045783954961,525,525,525,123.90395701019675,525,525,525,0.15987427338310065,525,525,525,7.601143286666994,525,525,525,0.15695381349906956,525,525,525
