2026-09-14 22:43:54 | workflow adaptime started launch_id=selena_adaptime_unified_20260914T204328Z_25264_seasonal task=seasonal_naive_pipeline slurm_job_id=3427121 slurm_array_job_id=none slurm_array_task_id=none
2026-09-14 22:43:54 | stage pipeline started
2026-09-14 22:43:54 | task TIME-wide Adaptime method=seasonal_naive stage=pipeline started
TIME run allocation action=new run=/fslarge/scratch/users/h61084/codes/adaptime/outputs/adaptime/predictions/seasonal_naive/univariate/Water_Quality_Darwin/15T/short/run_0 launch_id=selena_adaptime_unified_20260914T204328Z_25264_seasonal slurm_job_id=3427121 launched_at=2026-09-14T20:44:00.898566+00:00
/fslarge/scratch/users/h61084/codes/adaptime/outputs/adaptime/predictions/seasonal_naive/univariate/Water_Quality_Darwin/15T/short/run_0/prediction/prediction_manifest.json
TIME run allocation action=new run=/fslarge/scratch/users/h61084/codes/adaptime/outputs/adaptime/predictions/seasonal_naive/univariate/Water_Quality_Darwin/15T/medium/run_0 launch_id=selena_adaptime_unified_20260914T204328Z_25264_seasonal slurm_job_id=3427121 launched_at=2026-09-14T20:44:01.017904+00:00
/fslarge/scratch/users/h61084/codes/adaptime/outputs/adaptime/predictions/seasonal_naive/univariate/Water_Quality_Darwin/15T/medium/run_0/prediction/prediction_manifest.json
TIME run allocation action=new run=/fslarge/scratch/users/h61084/codes/adaptime/outputs/adaptime/predictions/seasonal_naive/univariate/Water_Quality_Darwin/15T/long/run_0 launch_id=selena_adaptime_unified_20260914T204328Z_25264_seasonal slurm_job_id=3427121 launched_at=2026-09-14T20:44:01.083271+00:00
/fslarge/scratch/users/h61084/codes/adaptime/outputs/adaptime/predictions/seasonal_naive/univariate/Water_Quality_Darwin/15T/long/run_0/prediction/prediction_manifest.json
TIME run allocation action=new run=/fslarge/scratch/users/h61084/codes/adaptime/outputs/adaptime/predictions/seasonal_naive/univariate/current_velocity/5T/short/run_0 launch_id=selena_adaptime_unified_20260914T204328Z_25264_seasonal slurm_job_id=3427121 launched_at=2026-09-14T20:44:01.144042+00:00
/fslarge/scratch/users/h61084/codes/adaptime/outputs/adaptime/predictions/seasonal_naive/univariate/current_velocity/5T/short/run_0/prediction/prediction_manifest.json
TIME run allocation action=new run=/fslarge/scratch/users/h61084/codes/adaptime/outputs/adaptime/predictions/seasonal_naive/univariate/current_velocity/5T/medium/run_0 launch_id=selena_adaptime_unified_20260914T204328Z_25264_seasonal slurm_job_id=3427121 launched_at=2026-09-14T20:44:01.185500+00:00
/fslarge/scratch/users/h61084/codes/adaptime/outputs/adaptime/predictions/seasonal_naive/univariate/current_velocity/5T/medium/run_0/prediction/prediction_manifest.json
TIME run allocation action=new run=/fslarge/scratch/users/h61084/codes/adaptime/outputs/adaptime/predictions/seasonal_naive/univariate/current_velocity/5T/long/run_0 launch_id=selena_adaptime_unified_20260914T204328Z_25264_seasonal slurm_job_id=3427121 launched_at=2026-09-14T20:44:01.218823+00:00
/fslarge/scratch/users/h61084/codes/adaptime/outputs/adaptime/predictions/seasonal_naive/univariate/current_velocity/5T/long/run_0/prediction/prediction_manifest.json
TIME run allocation action=new run=/fslarge/scratch/users/h61084/codes/adaptime/outputs/adaptime/predictions/seasonal_naive/univariate/current_velocity/10T/short/run_0 launch_id=selena_adaptime_unified_20260914T204328Z_25264_seasonal slurm_job_id=3427121 launched_at=2026-09-14T20:44:01.251626+00:00
/fslarge/scratch/users/h61084/codes/adaptime/outputs/adaptime/predictions/seasonal_naive/univariate/current_velocity/10T/short/run_0/prediction/prediction_manifest.json
TIME run allocation action=new run=/fslarge/scratch/users/h61084/codes/adaptime/outputs/adaptime/predictions/seasonal_naive/univariate/current_velocity/10T/medium/run_0 launch_id=selena_adaptime_unified_20260914T204328Z_25264_seasonal slurm_job_id=3427121 launched_at=2026-09-14T20:44:01.918481+00:00
/fslarge/scratch/users/h61084/codes/adaptime/outputs/adaptime/predictions/seasonal_naive/univariate/current_velocity/10T/medium/run_0/prediction/prediction_manifest.json
TIME run allocation action=new run=/fslarge/scratch/users/h61084/codes/adaptime/outputs/adaptime/predictions/seasonal_naive/univariate/current_velocity/10T/long/run_0 launch_id=selena_adaptime_unified_20260914T204328Z_25264_seasonal slurm_job_id=3427121 launched_at=2026-09-14T20:44:02.082275+00:00
/fslarge/scratch/users/h61084/codes/adaptime/outputs/adaptime/predictions/seasonal_naive/univariate/current_velocity/10T/long/run_0/prediction/prediction_manifest.json
TIME run allocation action=new run=/fslarge/scratch/users/h61084/codes/adaptime/outputs/adaptime/predictions/seasonal_naive/univariate/current_velocity/15T/short/run_0 launch_id=selena_adaptime_unified_20260914T204328Z_25264_seasonal slurm_job_id=3427121 launched_at=2026-09-14T20:44:02.197548+00:00
/fslarge/scratch/users/h61084/codes/adaptime/outputs/adaptime/predictions/seasonal_naive/univariate/current_velocity/15T/short/run_0/prediction/prediction_manifest.json
TIME run allocation action=new run=/fslarge/scratch/users/h61084/codes/adaptime/outputs/adaptime/predictions/seasonal_naive/univariate/current_velocity/15T/medium/run_0 launch_id=selena_adaptime_unified_20260914T204328Z_25264_seasonal slurm_job_id=3427121 launched_at=2026-09-14T20:44:02.274304+00:00
/fslarge/scratch/users/h61084/codes/adaptime/outputs/adaptime/predictions/seasonal_naive/univariate/current_velocity/15T/medium/run_0/prediction/prediction_manifest.json
TIME run allocation action=new run=/fslarge/scratch/users/h61084/codes/adaptime/outputs/adaptime/predictions/seasonal_naive/univariate/current_velocity/15T/long/run_0 launch_id=selena_adaptime_unified_20260914T204328Z_25264_seasonal slurm_job_id=3427121 launched_at=2026-09-14T20:44:02.317950+00:00
/fslarge/scratch/users/h61084/codes/adaptime/outputs/adaptime/predictions/seasonal_naive/univariate/current_velocity/15T/long/run_0/prediction/prediction_manifest.json
TIME run allocation action=new run=/fslarge/scratch/users/h61084/codes/adaptime/outputs/adaptime/predictions/seasonal_naive/univariate/current_velocity/20T/short/run_0 launch_id=selena_adaptime_unified_20260914T204328Z_25264_seasonal slurm_job_id=3427121 launched_at=2026-09-14T20:44:02.355662+00:00
/fslarge/scratch/users/h61084/codes/adaptime/outputs/adaptime/predictions/seasonal_naive/univariate/current_velocity/20T/short/run_0/prediction/prediction_manifest.json
TIME run allocation action=new run=/fslarge/scratch/users/h61084/codes/adaptime/outputs/adaptime/predictions/seasonal_naive/univariate/current_velocity/20T/medium/run_0 launch_id=selena_adaptime_unified_20260914T204328Z_25264_seasonal slurm_job_id=3427121 launched_at=2026-09-14T20:44:02.620809+00:00
/fslarge/scratch/users/h61084/codes/adaptime/outputs/adaptime/predictions/seasonal_naive/univariate/current_velocity/20T/medium/run_0/prediction/prediction_manifest.json
TIME run allocation action=new run=/fslarge/scratch/users/h61084/codes/adaptime/outputs/adaptime/predictions/seasonal_naive/univariate/current_velocity/20T/long/run_0 launch_id=selena_adaptime_unified_20260914T204328Z_25264_seasonal slurm_job_id=3427121 launched_at=2026-09-14T20:44:02.733542+00:00
/fslarge/scratch/users/h61084/codes/adaptime/outputs/adaptime/predictions/seasonal_naive/univariate/current_velocity/20T/long/run_0/prediction/prediction_manifest.json
TIME run allocation action=new run=/fslarge/scratch/users/h61084/codes/adaptime/outputs/adaptime/predictions/seasonal_naive/univariate/current_velocity/H/short/run_0 launch_id=selena_adaptime_unified_20260914T204328Z_25264_seasonal slurm_job_id=3427121 launched_at=2026-09-14T20:44:02.826278+00:00
/fslarge/scratch/users/h61084/codes/adaptime/outputs/adaptime/predictions/seasonal_naive/univariate/current_velocity/H/short/run_0/prediction/prediction_manifest.json
TIME run allocation action=new run=/fslarge/scratch/users/h61084/codes/adaptime/outputs/adaptime/predictions/seasonal_naive/univariate/current_velocity/H/medium/run_0 launch_id=selena_adaptime_unified_20260914T204328Z_25264_seasonal slurm_job_id=3427121 launched_at=2026-09-14T20:44:02.906782+00:00
/fslarge/scratch/users/h61084/codes/adaptime/outputs/adaptime/predictions/seasonal_naive/univariate/current_velocity/H/medium/run_0/prediction/prediction_manifest.json
TIME run allocation action=new run=/fslarge/scratch/users/h61084/codes/adaptime/outputs/adaptime/predictions/seasonal_naive/univariate/current_velocity/H/long/run_0 launch_id=selena_adaptime_unified_20260914T204328Z_25264_seasonal slurm_job_id=3427121 launched_at=2026-09-14T20:44:02.960521+00:00
/fslarge/scratch/users/h61084/codes/adaptime/outputs/adaptime/predictions/seasonal_naive/univariate/current_velocity/H/long/run_0/prediction/prediction_manifest.json
TIME run allocation action=new run=/fslarge/scratch/users/h61084/codes/adaptime/outputs/adaptime/predictions/seasonal_naive/univariate/CPHL/15T/short/run_0 launch_id=selena_adaptime_unified_20260914T204328Z_25264_seasonal slurm_job_id=3427121 launched_at=2026-09-14T20:44:03.011128+00:00
/fslarge/scratch/users/h61084/codes/adaptime/outputs/adaptime/predictions/seasonal_naive/univariate/CPHL/15T/short/run_0/prediction/prediction_manifest.json
TIME run allocation action=new run=/fslarge/scratch/users/h61084/codes/adaptime/outputs/adaptime/predictions/seasonal_naive/univariate/CPHL/15T/medium/run_0 launch_id=selena_adaptime_unified_20260914T204328Z_25264_seasonal slurm_job_id=3427121 launched_at=2026-09-14T20:44:03.049606+00:00
/fslarge/scratch/users/h61084/codes/adaptime/outputs/adaptime/predictions/seasonal_naive/univariate/CPHL/15T/medium/run_0/prediction/prediction_manifest.json
TIME run allocation action=new run=/fslarge/scratch/users/h61084/codes/adaptime/outputs/adaptime/predictions/seasonal_naive/univariate/CPHL/15T/long/run_0 launch_id=selena_adaptime_unified_20260914T204328Z_25264_seasonal slurm_job_id=3427121 launched_at=2026-09-14T20:44:03.073429+00:00
/fslarge/scratch/users/h61084/codes/adaptime/outputs/adaptime/predictions/seasonal_naive/univariate/CPHL/15T/long/run_0/prediction/prediction_manifest.json
TIME run allocation action=new run=/fslarge/scratch/users/h61084/codes/adaptime/outputs/adaptime/predictions/seasonal_naive/univariate/CPHL/30T/short/run_0 launch_id=selena_adaptime_unified_20260914T204328Z_25264_seasonal slurm_job_id=3427121 launched_at=2026-09-14T20:44:03.098904+00:00
/fslarge/scratch/users/h61084/codes/adaptime/outputs/adaptime/predictions/seasonal_naive/univariate/CPHL/30T/short/run_0/prediction/prediction_manifest.json
TIME run allocation action=new run=/fslarge/scratch/users/h61084/codes/adaptime/outputs/adaptime/predictions/seasonal_naive/univariate/CPHL/30T/medium/run_0 launch_id=selena_adaptime_unified_20260914T204328Z_25264_seasonal slurm_job_id=3427121 launched_at=2026-09-14T20:44:03.144740+00:00
/fslarge/scratch/users/h61084/codes/adaptime/outputs/adaptime/predictions/seasonal_naive/univariate/CPHL/30T/medium/run_0/prediction/prediction_manifest.json
TIME run allocation action=new run=/fslarge/scratch/users/h61084/codes/adaptime/outputs/adaptime/predictions/seasonal_naive/univariate/CPHL/30T/long/run_0 launch_id=selena_adaptime_unified_20260914T204328Z_25264_seasonal slurm_job_id=3427121 launched_at=2026-09-14T20:44:03.174257+00:00
/fslarge/scratch/users/h61084/codes/adaptime/outputs/adaptime/predictions/seasonal_naive/univariate/CPHL/30T/long/run_0/prediction/prediction_manifest.json
TIME run allocation action=new run=/fslarge/scratch/users/h61084/codes/adaptime/outputs/adaptime/predictions/seasonal_naive/univariate/CPHL/H/short/run_0 launch_id=selena_adaptime_unified_20260914T204328Z_25264_seasonal slurm_job_id=3427121 launched_at=2026-09-14T20:44:03.198839+00:00
/fslarge/scratch/users/h61084/codes/adaptime/outputs/adaptime/predictions/seasonal_naive/univariate/CPHL/H/short/run_0/prediction/prediction_manifest.json
TIME run allocation action=new run=/fslarge/scratch/users/h61084/codes/adaptime/outputs/adaptime/predictions/seasonal_naive/univariate/CPHL/H/medium/run_0 launch_id=selena_adaptime_unified_20260914T204328Z_25264_seasonal slurm_job_id=3427121 launched_at=2026-09-14T20:44:03.225902+00:00
/fslarge/scratch/users/h61084/codes/adaptime/outputs/adaptime/predictions/seasonal_naive/univariate/CPHL/H/medium/run_0/prediction/prediction_manifest.json
TIME run allocation action=new run=/fslarge/scratch/users/h61084/codes/adaptime/outputs/adaptime/predictions/seasonal_naive/univariate/CPHL/H/long/run_0 launch_id=selena_adaptime_unified_20260914T204328Z_25264_seasonal slurm_job_id=3427121 launched_at=2026-09-14T20:44:03.249690+00:00
/fslarge/scratch/users/h61084/codes/adaptime/outputs/adaptime/predictions/seasonal_naive/univariate/CPHL/H/long/run_0/prediction/prediction_manifest.json
TIME run allocation action=new run=/fslarge/scratch/users/h61084/codes/adaptime/outputs/adaptime/predictions/seasonal_naive/univariate/Coastal_T_S/5T/short/run_0 launch_id=selena_adaptime_unified_20260914T204328Z_25264_seasonal slurm_job_id=3427121 launched_at=2026-09-14T20:44:03.276051+00:00
/fslarge/scratch/users/h61084/codes/adaptime/outputs/adaptime/predictions/seasonal_naive/univariate/Coastal_T_S/5T/short/run_0/prediction/prediction_manifest.json
TIME run allocation action=new run=/fslarge/scratch/users/h61084/codes/adaptime/outputs/adaptime/predictions/seasonal_naive/univariate/Coastal_T_S/5T/medium/run_0 launch_id=selena_adaptime_unified_20260914T204328Z_25264_seasonal slurm_job_id=3427121 launched_at=2026-09-14T20:44:03.738367+00:00
/fslarge/scratch/users/h61084/codes/adaptime/outputs/adaptime/predictions/seasonal_naive/univariate/Coastal_T_S/5T/medium/run_0/prediction/prediction_manifest.json
TIME run allocation action=new run=/fslarge/scratch/users/h61084/codes/adaptime/outputs/adaptime/predictions/seasonal_naive/univariate/Coastal_T_S/5T/long/run_0 launch_id=selena_adaptime_unified_20260914T204328Z_25264_seasonal slurm_job_id=3427121 launched_at=2026-09-14T20:44:03.994128+00:00
/fslarge/scratch/users/h61084/codes/adaptime/outputs/adaptime/predictions/seasonal_naive/univariate/Coastal_T_S/5T/long/run_0/prediction/prediction_manifest.json
TIME run allocation action=new run=/fslarge/scratch/users/h61084/codes/adaptime/outputs/adaptime/predictions/seasonal_naive/univariate/Coastal_T_S/15T/short/run_0 launch_id=selena_adaptime_unified_20260914T204328Z_25264_seasonal slurm_job_id=3427121 launched_at=2026-09-14T20:44:04.237810+00:00
/fslarge/scratch/users/h61084/codes/adaptime/outputs/adaptime/predictions/seasonal_naive/univariate/Coastal_T_S/15T/short/run_0/prediction/prediction_manifest.json
TIME run allocation action=new run=/fslarge/scratch/users/h61084/codes/adaptime/outputs/adaptime/predictions/seasonal_naive/univariate/Coastal_T_S/15T/medium/run_0 launch_id=selena_adaptime_unified_20260914T204328Z_25264_seasonal slurm_job_id=3427121 launched_at=2026-09-14T20:44:04.301170+00:00
/fslarge/scratch/users/h61084/codes/adaptime/outputs/adaptime/predictions/seasonal_naive/univariate/Coastal_T_S/15T/medium/run_0/prediction/prediction_manifest.json
TIME run allocation action=new run=/fslarge/scratch/users/h61084/codes/adaptime/outputs/adaptime/predictions/seasonal_naive/univariate/Coastal_T_S/15T/long/run_0 launch_id=selena_adaptime_unified_20260914T204328Z_25264_seasonal slurm_job_id=3427121 launched_at=2026-09-14T20:44:04.343711+00:00
/fslarge/scratch/users/h61084/codes/adaptime/outputs/adaptime/predictions/seasonal_naive/univariate/Coastal_T_S/15T/long/run_0/prediction/prediction_manifest.json
TIME run allocation action=new run=/fslarge/scratch/users/h61084/codes/adaptime/outputs/adaptime/predictions/seasonal_naive/univariate/Coastal_T_S/20T/short/run_0 launch_id=selena_adaptime_unified_20260914T204328Z_25264_seasonal slurm_job_id=3427121 launched_at=2026-09-14T20:44:04.382516+00:00
/fslarge/scratch/users/h61084/codes/adaptime/outputs/adaptime/predictions/seasonal_naive/univariate/Coastal_T_S/20T/short/run_0/prediction/prediction_manifest.json
TIME run allocation action=new run=/fslarge/scratch/users/h61084/codes/adaptime/outputs/adaptime/predictions/seasonal_naive/univariate/Coastal_T_S/20T/medium/run_0 launch_id=selena_adaptime_unified_20260914T204328Z_25264_seasonal slurm_job_id=3427121 launched_at=2026-09-14T20:44:04.408665+00:00
/fslarge/scratch/users/h61084/codes/adaptime/outputs/adaptime/predictions/seasonal_naive/univariate/Coastal_T_S/20T/medium/run_0/prediction/prediction_manifest.json
TIME run allocation action=new run=/fslarge/scratch/users/h61084/codes/adaptime/outputs/adaptime/predictions/seasonal_naive/univariate/Coastal_T_S/20T/long/run_0 launch_id=selena_adaptime_unified_20260914T204328Z_25264_seasonal slurm_job_id=3427121 launched_at=2026-09-14T20:44:04.431237+00:00
/fslarge/scratch/users/h61084/codes/adaptime/outputs/adaptime/predictions/seasonal_naive/univariate/Coastal_T_S/20T/long/run_0/prediction/prediction_manifest.json
TIME run allocation action=new run=/fslarge/scratch/users/h61084/codes/adaptime/outputs/adaptime/predictions/seasonal_naive/univariate/Coastal_T_S/H/short/run_0 launch_id=selena_adaptime_unified_20260914T204328Z_25264_seasonal slurm_job_id=3427121 launched_at=2026-09-14T20:44:04.453616+00:00
/fslarge/scratch/users/h61084/codes/adaptime/outputs/adaptime/predictions/seasonal_naive/univariate/Coastal_T_S/H/short/run_0/prediction/prediction_manifest.json
TIME run allocation action=new run=/fslarge/scratch/users/h61084/codes/adaptime/outputs/adaptime/predictions/seasonal_naive/univariate/Coastal_T_S/H/medium/run_0 launch_id=selena_adaptime_unified_20260914T204328Z_25264_seasonal slurm_job_id=3427121 launched_at=2026-09-14T20:44:04.516364+00:00
/fslarge/scratch/users/h61084/codes/adaptime/outputs/adaptime/predictions/seasonal_naive/univariate/Coastal_T_S/H/medium/run_0/prediction/prediction_manifest.json
TIME run allocation action=new run=/fslarge/scratch/users/h61084/codes/adaptime/outputs/adaptime/predictions/seasonal_naive/univariate/Coastal_T_S/H/long/run_0 launch_id=selena_adaptime_unified_20260914T204328Z_25264_seasonal slurm_job_id=3427121 launched_at=2026-09-14T20:44:04.562734+00:00
/fslarge/scratch/users/h61084/codes/adaptime/outputs/adaptime/predictions/seasonal_naive/univariate/Coastal_T_S/H/long/run_0/prediction/prediction_manifest.json
TIME run allocation action=new run=/fslarge/scratch/users/h61084/codes/adaptime/outputs/adaptime/predictions/seasonal_naive/univariate/SG_Weather/D/short/run_0 launch_id=selena_adaptime_unified_20260914T204328Z_25264_seasonal slurm_job_id=3427121 launched_at=2026-09-14T20:44:04.609133+00:00
/fslarge/scratch/users/h61084/codes/adaptime/outputs/adaptime/predictions/seasonal_naive/univariate/SG_Weather/D/short/run_0/prediction/prediction_manifest.json
TIME run allocation action=new run=/fslarge/scratch/users/h61084/codes/adaptime/outputs/adaptime/predictions/seasonal_naive/univariate/SG_Weather/D/medium/run_0 launch_id=selena_adaptime_unified_20260914T204328Z_25264_seasonal slurm_job_id=3427121 launched_at=2026-09-14T20:44:04.726612+00:00
/fslarge/scratch/users/h61084/codes/adaptime/outputs/adaptime/predictions/seasonal_naive/univariate/SG_Weather/D/medium/run_0/prediction/prediction_manifest.json
TIME run allocation action=new run=/fslarge/scratch/users/h61084/codes/adaptime/outputs/adaptime/predictions/seasonal_naive/univariate/SG_Weather/D/long/run_0 launch_id=selena_adaptime_unified_20260914T204328Z_25264_seasonal slurm_job_id=3427121 launched_at=2026-09-14T20:44:04.792677+00:00
/fslarge/scratch/users/h61084/codes/adaptime/outputs/adaptime/predictions/seasonal_naive/univariate/SG_Weather/D/long/run_0/prediction/prediction_manifest.json
TIME run allocation action=new run=/fslarge/scratch/users/h61084/codes/adaptime/outputs/adaptime/predictions/seasonal_naive/univariate/SG_PM25/H/short/run_0 launch_id=selena_adaptime_unified_20260914T204328Z_25264_seasonal slurm_job_id=3427121 launched_at=2026-09-14T20:44:04.840797+00:00
/fslarge/scratch/users/h61084/codes/adaptime/outputs/adaptime/predictions/seasonal_naive/univariate/SG_PM25/H/short/run_0/prediction/prediction_manifest.json
TIME run allocation action=new run=/fslarge/scratch/users/h61084/codes/adaptime/outputs/adaptime/predictions/seasonal_naive/univariate/SG_PM25/H/medium/run_0 launch_id=selena_adaptime_unified_20260914T204328Z_25264_seasonal slurm_job_id=3427121 launched_at=2026-09-14T20:44:04.974536+00:00
/fslarge/scratch/users/h61084/codes/adaptime/outputs/adaptime/predictions/seasonal_naive/univariate/SG_PM25/H/medium/run_0/prediction/prediction_manifest.json
TIME run allocation action=new run=/fslarge/scratch/users/h61084/codes/adaptime/outputs/adaptime/predictions/seasonal_naive/univariate/SG_PM25/H/long/run_0 launch_id=selena_adaptime_unified_20260914T204328Z_25264_seasonal slurm_job_id=3427121 launched_at=2026-09-14T20:44:05.041957+00:00
/fslarge/scratch/users/h61084/codes/adaptime/outputs/adaptime/predictions/seasonal_naive/univariate/SG_PM25/H/long/run_0/prediction/prediction_manifest.json
TIME run allocation action=new run=/fslarge/scratch/users/h61084/codes/adaptime/outputs/adaptime/predictions/seasonal_naive/univariate/NE_China_Wind/H/short/run_0 launch_id=selena_adaptime_unified_20260914T204328Z_25264_seasonal slurm_job_id=3427121 launched_at=2026-09-14T20:44:05.089911+00:00
/fslarge/scratch/users/h61084/codes/adaptime/outputs/adaptime/predictions/seasonal_naive/univariate/NE_China_Wind/H/short/run_0/prediction/prediction_manifest.json
TIME run allocation action=new run=/fslarge/scratch/users/h61084/codes/adaptime/outputs/adaptime/predictions/seasonal_naive/univariate/NE_China_Wind/H/medium/run_0 launch_id=selena_adaptime_unified_20260914T204328Z_25264_seasonal slurm_job_id=3427121 launched_at=2026-09-14T20:44:05.114475+00:00
/fslarge/scratch/users/h61084/codes/adaptime/outputs/adaptime/predictions/seasonal_naive/univariate/NE_China_Wind/H/medium/run_0/prediction/prediction_manifest.json
TIME run allocation action=new run=/fslarge/scratch/users/h61084/codes/adaptime/outputs/adaptime/predictions/seasonal_naive/univariate/NE_China_Wind/H/long/run_0 launch_id=selena_adaptime_unified_20260914T204328Z_25264_seasonal slurm_job_id=3427121 launched_at=2026-09-14T20:44:05.137750+00:00
/fslarge/scratch/users/h61084/codes/adaptime/outputs/adaptime/predictions/seasonal_naive/univariate/NE_China_Wind/H/long/run_0/prediction/prediction_manifest.json
TIME run allocation action=new run=/fslarge/scratch/users/h61084/codes/adaptime/outputs/adaptime/predictions/seasonal_naive/univariate/Australia_Solar/H/short/run_0 launch_id=selena_adaptime_unified_20260914T204328Z_25264_seasonal slurm_job_id=3427121 launched_at=2026-09-14T20:44:05.160908+00:00
/fslarge/scratch/users/h61084/codes/adaptime/outputs/adaptime/predictions/seasonal_naive/univariate/Australia_Solar/H/short/run_0/prediction/prediction_manifest.json
TIME run allocation action=new run=/fslarge/scratch/users/h61084/codes/adaptime/outputs/adaptime/predictions/seasonal_naive/univariate/Australia_Solar/H/medium/run_0 launch_id=selena_adaptime_unified_20260914T204328Z_25264_seasonal slurm_job_id=3427121 launched_at=2026-09-14T20:44:05.248382+00:00
/fslarge/scratch/users/h61084/codes/adaptime/outputs/adaptime/predictions/seasonal_naive/univariate/Australia_Solar/H/medium/run_0/prediction/prediction_manifest.json
TIME run allocation action=new run=/fslarge/scratch/users/h61084/codes/adaptime/outputs/adaptime/predictions/seasonal_naive/univariate/Australia_Solar/H/long/run_0 launch_id=selena_adaptime_unified_20260914T204328Z_25264_seasonal slurm_job_id=3427121 launched_at=2026-09-14T20:44:05.295845+00:00
/fslarge/scratch/users/h61084/codes/adaptime/outputs/adaptime/predictions/seasonal_naive/univariate/Australia_Solar/H/long/run_0/prediction/prediction_manifest.json
TIME run allocation action=new run=/fslarge/scratch/users/h61084/codes/adaptime/outputs/adaptime/predictions/seasonal_naive/univariate/epf_electricity_price/H/short/run_0 launch_id=selena_adaptime_unified_20260914T204328Z_25264_seasonal slurm_job_id=3427121 launched_at=2026-09-14T20:44:05.332469+00:00
/fslarge/scratch/users/h61084/codes/adaptime/outputs/adaptime/predictions/seasonal_naive/univariate/epf_electricity_price/H/short/run_0/prediction/prediction_manifest.json
TIME run allocation action=new run=/fslarge/scratch/users/h61084/codes/adaptime/outputs/adaptime/predictions/seasonal_naive/univariate/epf_electricity_price/H/medium/run_0 launch_id=selena_adaptime_unified_20260914T204328Z_25264_seasonal slurm_job_id=3427121 launched_at=2026-09-14T20:44:05.379784+00:00
/fslarge/scratch/users/h61084/codes/adaptime/outputs/adaptime/predictions/seasonal_naive/univariate/epf_electricity_price/H/medium/run_0/prediction/prediction_manifest.json
TIME run allocation action=new run=/fslarge/scratch/users/h61084/codes/adaptime/outputs/adaptime/predictions/seasonal_naive/univariate/epf_electricity_price/H/long/run_0 launch_id=selena_adaptime_unified_20260914T204328Z_25264_seasonal slurm_job_id=3427121 launched_at=2026-09-14T20:44:05.418053+00:00
/fslarge/scratch/users/h61084/codes/adaptime/outputs/adaptime/predictions/seasonal_naive/univariate/epf_electricity_price/H/long/run_0/prediction/prediction_manifest.json
TIME run allocation action=new run=/fslarge/scratch/users/h61084/codes/adaptime/outputs/adaptime/predictions/seasonal_naive/univariate/OpenElectricity_NEM/5T/short/run_0 launch_id=selena_adaptime_unified_20260914T204328Z_25264_seasonal slurm_job_id=3427121 launched_at=2026-09-14T20:44:05.454249+00:00
/fslarge/scratch/users/h61084/codes/adaptime/outputs/adaptime/predictions/seasonal_naive/univariate/OpenElectricity_NEM/5T/short/run_0/prediction/prediction_manifest.json
TIME run allocation action=new run=/fslarge/scratch/users/h61084/codes/adaptime/outputs/adaptime/predictions/seasonal_naive/univariate/OpenElectricity_NEM/5T/medium/run_0 launch_id=selena_adaptime_unified_20260914T204328Z_25264_seasonal slurm_job_id=3427121 launched_at=2026-09-14T20:44:05.538144+00:00
/fslarge/scratch/users/h61084/codes/adaptime/outputs/adaptime/predictions/seasonal_naive/univariate/OpenElectricity_NEM/5T/medium/run_0/prediction/prediction_manifest.json
TIME run allocation action=new run=/fslarge/scratch/users/h61084/codes/adaptime/outputs/adaptime/predictions/seasonal_naive/univariate/OpenElectricity_NEM/5T/long/run_0 launch_id=selena_adaptime_unified_20260914T204328Z_25264_seasonal slurm_job_id=3427121 launched_at=2026-09-14T20:44:05.598508+00:00
/fslarge/scratch/users/h61084/codes/adaptime/outputs/adaptime/predictions/seasonal_naive/univariate/OpenElectricity_NEM/5T/long/run_0/prediction/prediction_manifest.json
TIME run allocation action=new run=/fslarge/scratch/users/h61084/codes/adaptime/outputs/adaptime/predictions/seasonal_naive/univariate/EWELD_Load/15T/short/run_0 launch_id=selena_adaptime_unified_20260914T204328Z_25264_seasonal slurm_job_id=3427121 launched_at=2026-09-14T20:44:05.650685+00:00
/fslarge/scratch/users/h61084/codes/adaptime/outputs/adaptime/predictions/seasonal_naive/univariate/EWELD_Load/15T/short/run_0/prediction/prediction_manifest.json
TIME run allocation action=new run=/fslarge/scratch/users/h61084/codes/adaptime/outputs/adaptime/predictions/seasonal_naive/univariate/EWELD_Load/15T/medium/run_0 launch_id=selena_adaptime_unified_20260914T204328Z_25264_seasonal slurm_job_id=3427121 launched_at=2026-09-14T20:44:05.692754+00:00
/fslarge/scratch/users/h61084/codes/adaptime/outputs/adaptime/predictions/seasonal_naive/univariate/EWELD_Load/15T/medium/run_0/prediction/prediction_manifest.json
TIME run allocation action=new run=/fslarge/scratch/users/h61084/codes/adaptime/outputs/adaptime/predictions/seasonal_naive/univariate/EWELD_Load/15T/long/run_0 launch_id=selena_adaptime_unified_20260914T204328Z_25264_seasonal slurm_job_id=3427121 launched_at=2026-09-14T20:44:05.727815+00:00
/fslarge/scratch/users/h61084/codes/adaptime/outputs/adaptime/predictions/seasonal_naive/univariate/EWELD_Load/15T/long/run_0/prediction/prediction_manifest.json
TIME run allocation action=new run=/fslarge/scratch/users/h61084/codes/adaptime/outputs/adaptime/predictions/seasonal_naive/univariate/SG_Carpark/15T/short/run_0 launch_id=selena_adaptime_unified_20260914T204328Z_25264_seasonal slurm_job_id=3427121 launched_at=2026-09-14T20:44:05.761037+00:00
/fslarge/scratch/users/h61084/codes/adaptime/outputs/adaptime/predictions/seasonal_naive/univariate/SG_Carpark/15T/short/run_0/prediction/prediction_manifest.json
TIME run allocation action=new run=/fslarge/scratch/users/h61084/codes/adaptime/outputs/adaptime/predictions/seasonal_naive/univariate/SG_Carpark/15T/medium/run_0 launch_id=selena_adaptime_unified_20260914T204328Z_25264_seasonal slurm_job_id=3427121 launched_at=2026-09-14T20:44:07.366385+00:00
/fslarge/scratch/users/h61084/codes/adaptime/outputs/adaptime/predictions/seasonal_naive/univariate/SG_Carpark/15T/medium/run_0/prediction/prediction_manifest.json
TIME run allocation action=new run=/fslarge/scratch/users/h61084/codes/adaptime/outputs/adaptime/predictions/seasonal_naive/univariate/SG_Carpark/15T/long/run_0 launch_id=selena_adaptime_unified_20260914T204328Z_25264_seasonal slurm_job_id=3427121 launched_at=2026-09-14T20:44:07.872067+00:00
/fslarge/scratch/users/h61084/codes/adaptime/outputs/adaptime/predictions/seasonal_naive/univariate/SG_Carpark/15T/long/run_0/prediction/prediction_manifest.json
TIME run allocation action=new run=/fslarge/scratch/users/h61084/codes/adaptime/outputs/adaptime/predictions/seasonal_naive/univariate/Finland_Traffic/15T/short/run_0 launch_id=selena_adaptime_unified_20260914T204328Z_25264_seasonal slurm_job_id=3427121 launched_at=2026-09-14T20:44:08.185473+00:00
/fslarge/scratch/users/h61084/codes/adaptime/outputs/adaptime/predictions/seasonal_naive/univariate/Finland_Traffic/15T/short/run_0/prediction/prediction_manifest.json
TIME run allocation action=new run=/fslarge/scratch/users/h61084/codes/adaptime/outputs/adaptime/predictions/seasonal_naive/univariate/Finland_Traffic/15T/medium/run_0 launch_id=selena_adaptime_unified_20260914T204328Z_25264_seasonal slurm_job_id=3427121 launched_at=2026-09-14T20:44:08.213104+00:00
/fslarge/scratch/users/h61084/codes/adaptime/outputs/adaptime/predictions/seasonal_naive/univariate/Finland_Traffic/15T/medium/run_0/prediction/prediction_manifest.json
TIME run allocation action=new run=/fslarge/scratch/users/h61084/codes/adaptime/outputs/adaptime/predictions/seasonal_naive/univariate/Finland_Traffic/15T/long/run_0 launch_id=selena_adaptime_unified_20260914T204328Z_25264_seasonal slurm_job_id=3427121 launched_at=2026-09-14T20:44:08.237097+00:00
/fslarge/scratch/users/h61084/codes/adaptime/outputs/adaptime/predictions/seasonal_naive/univariate/Finland_Traffic/15T/long/run_0/prediction/prediction_manifest.json
TIME run allocation action=new run=/fslarge/scratch/users/h61084/codes/adaptime/outputs/adaptime/predictions/seasonal_naive/univariate/Port_Activity/D/short/run_0 launch_id=selena_adaptime_unified_20260914T204328Z_25264_seasonal slurm_job_id=3427121 launched_at=2026-09-14T20:44:08.261449+00:00
/fslarge/scratch/users/h61084/codes/adaptime/outputs/adaptime/predictions/seasonal_naive/univariate/Port_Activity/D/short/run_0/prediction/prediction_manifest.json
TIME run allocation action=new run=/fslarge/scratch/users/h61084/codes/adaptime/outputs/adaptime/predictions/seasonal_naive/univariate/Port_Activity/W/short/run_0 launch_id=selena_adaptime_unified_20260914T204328Z_25264_seasonal slurm_job_id=3427121 launched_at=2026-09-14T20:44:08.339230+00:00
/fslarge/scratch/users/h61084/codes/adaptime/outputs/adaptime/predictions/seasonal_naive/univariate/Port_Activity/W/short/run_0/prediction/prediction_manifest.json
TIME run allocation action=new run=/fslarge/scratch/users/h61084/codes/adaptime/outputs/adaptime/predictions/seasonal_naive/univariate/ECDC_COVID/D/short/run_0 launch_id=selena_adaptime_unified_20260914T204328Z_25264_seasonal slurm_job_id=3427121 launched_at=2026-09-14T20:44:08.376131+00:00
/fslarge/scratch/users/h61084/codes/adaptime/outputs/adaptime/predictions/seasonal_naive/univariate/ECDC_COVID/D/short/run_0/prediction/prediction_manifest.json
TIME run allocation action=new run=/fslarge/scratch/users/h61084/codes/adaptime/outputs/adaptime/predictions/seasonal_naive/univariate/ECDC_COVID/W/short/run_0 launch_id=selena_adaptime_unified_20260914T204328Z_25264_seasonal slurm_job_id=3427121 launched_at=2026-09-14T20:44:08.399592+00:00
/fslarge/scratch/users/h61084/codes/adaptime/outputs/adaptime/predictions/seasonal_naive/univariate/ECDC_COVID/W/short/run_0/prediction/prediction_manifest.json
TIME run allocation action=new run=/fslarge/scratch/users/h61084/codes/adaptime/outputs/adaptime/predictions/seasonal_naive/univariate/Global_Influenza/W/short/run_0 launch_id=selena_adaptime_unified_20260914T204328Z_25264_seasonal slurm_job_id=3427121 launched_at=2026-09-14T20:44:08.423373+00:00
/fslarge/scratch/users/h61084/codes/adaptime/outputs/adaptime/predictions/seasonal_naive/univariate/Global_Influenza/W/short/run_0/prediction/prediction_manifest.json
TIME run allocation action=new run=/fslarge/scratch/users/h61084/codes/adaptime/outputs/adaptime/predictions/seasonal_naive/univariate/Crypto/D/short/run_0 launch_id=selena_adaptime_unified_20260914T204328Z_25264_seasonal slurm_job_id=3427121 launched_at=2026-09-14T20:44:08.449794+00:00
/fslarge/scratch/users/h61084/codes/adaptime/outputs/adaptime/predictions/seasonal_naive/univariate/Crypto/D/short/run_0/prediction/prediction_manifest.json
TIME run allocation action=new run=/fslarge/scratch/users/h61084/codes/adaptime/outputs/adaptime/predictions/seasonal_naive/univariate/US_Term_Structure/B/short/run_0 launch_id=selena_adaptime_unified_20260914T204328Z_25264_seasonal slurm_job_id=3427121 launched_at=2026-09-14T20:44:08.472610+00:00
/fslarge/scratch/users/h61084/codes/adaptime/outputs/adaptime/predictions/seasonal_naive/univariate/US_Term_Structure/B/short/run_0/prediction/prediction_manifest.json
TIME run allocation action=new run=/fslarge/scratch/users/h61084/codes/adaptime/outputs/adaptime/predictions/seasonal_naive/univariate/Oil_Price/B/short/run_0 launch_id=selena_adaptime_unified_20260914T204328Z_25264_seasonal slurm_job_id=3427121 launched_at=2026-09-14T20:44:08.605552+00:00
/fslarge/scratch/users/h61084/codes/adaptime/outputs/adaptime/predictions/seasonal_naive/univariate/Oil_Price/B/short/run_0/prediction/prediction_manifest.json
TIME run allocation action=new run=/fslarge/scratch/users/h61084/codes/adaptime/outputs/adaptime/predictions/seasonal_naive/univariate/Job_Claims/W/short/run_0 launch_id=selena_adaptime_unified_20260914T204328Z_25264_seasonal slurm_job_id=3427121 launched_at=2026-09-14T20:44:08.649093+00:00
/fslarge/scratch/users/h61084/codes/adaptime/outputs/adaptime/predictions/seasonal_naive/univariate/Job_Claims/W/short/run_0/prediction/prediction_manifest.json
TIME run allocation action=new run=/fslarge/scratch/users/h61084/codes/adaptime/outputs/adaptime/predictions/seasonal_naive/univariate/Uncertainty_1M/M/short/run_0 launch_id=selena_adaptime_unified_20260914T204328Z_25264_seasonal slurm_job_id=3427121 launched_at=2026-09-14T20:44:08.671067+00:00
/fslarge/scratch/users/h61084/codes/adaptime/outputs/adaptime/predictions/seasonal_naive/univariate/Uncertainty_1M/M/short/run_0/prediction/prediction_manifest.json
TIME run allocation action=new run=/fslarge/scratch/users/h61084/codes/adaptime/outputs/adaptime/predictions/seasonal_naive/univariate/Housing_Inventory/M/short/run_0 launch_id=selena_adaptime_unified_20260914T204328Z_25264_seasonal slurm_job_id=3427121 launched_at=2026-09-14T20:44:08.692666+00:00
/fslarge/scratch/users/h61084/codes/adaptime/outputs/adaptime/predictions/seasonal_naive/univariate/Housing_Inventory/M/short/run_0/prediction/prediction_manifest.json
TIME run allocation action=new run=/fslarge/scratch/users/h61084/codes/adaptime/outputs/adaptime/predictions/seasonal_naive/univariate/JOLTS/M/short/run_0 launch_id=selena_adaptime_unified_20260914T204328Z_25264_seasonal slurm_job_id=3427121 launched_at=2026-09-14T20:44:08.714056+00:00
/fslarge/scratch/users/h61084/codes/adaptime/outputs/adaptime/predictions/seasonal_naive/univariate/JOLTS/M/short/run_0/prediction/prediction_manifest.json
TIME run allocation action=new run=/fslarge/scratch/users/h61084/codes/adaptime/outputs/adaptime/predictions/seasonal_naive/univariate/US_Labor/M/short/run_0 launch_id=selena_adaptime_unified_20260914T204328Z_25264_seasonal slurm_job_id=3427121 launched_at=2026-09-14T20:44:08.735545+00:00
/fslarge/scratch/users/h61084/codes/adaptime/outputs/adaptime/predictions/seasonal_naive/univariate/US_Labor/M/short/run_0/prediction/prediction_manifest.json
TIME run allocation action=new run=/fslarge/scratch/users/h61084/codes/adaptime/outputs/adaptime/predictions/seasonal_naive/univariate/Vehicle_Supply/M/short/run_0 launch_id=selena_adaptime_unified_20260914T204328Z_25264_seasonal slurm_job_id=3427121 launched_at=2026-09-14T20:44:08.757487+00:00
/fslarge/scratch/users/h61084/codes/adaptime/outputs/adaptime/predictions/seasonal_naive/univariate/Vehicle_Supply/M/short/run_0/prediction/prediction_manifest.json
TIME run allocation action=new run=/fslarge/scratch/users/h61084/codes/adaptime/outputs/adaptime/predictions/seasonal_naive/univariate/Auto_Production_SF/M/short/run_0 launch_id=selena_adaptime_unified_20260914T204328Z_25264_seasonal slurm_job_id=3427121 launched_at=2026-09-14T20:44:08.779432+00:00
/fslarge/scratch/users/h61084/codes/adaptime/outputs/adaptime/predictions/seasonal_naive/univariate/Auto_Production_SF/M/short/run_0/prediction/prediction_manifest.json
TIME run allocation action=new run=/fslarge/scratch/users/h61084/codes/adaptime/outputs/adaptime/predictions/seasonal_naive/univariate/Commodity_Production/M/short/run_0 launch_id=selena_adaptime_unified_20260914T204328Z_25264_seasonal slurm_job_id=3427121 launched_at=2026-09-14T20:44:08.800608+00:00
/fslarge/scratch/users/h61084/codes/adaptime/outputs/adaptime/predictions/seasonal_naive/univariate/Commodity_Production/M/short/run_0/prediction/prediction_manifest.json
TIME run allocation action=new run=/fslarge/scratch/users/h61084/codes/adaptime/outputs/adaptime/predictions/seasonal_naive/univariate/Commodity_Import/M/short/run_0 launch_id=selena_adaptime_unified_20260914T204328Z_25264_seasonal slurm_job_id=3427121 launched_at=2026-09-14T20:44:08.824080+00:00
/fslarge/scratch/users/h61084/codes/adaptime/outputs/adaptime/predictions/seasonal_naive/univariate/Commodity_Import/M/short/run_0/prediction/prediction_manifest.json
TIME run allocation action=new run=/fslarge/scratch/users/h61084/codes/adaptime/outputs/adaptime/predictions/seasonal_naive/univariate/WUI_Global/Q/short/run_0 launch_id=selena_adaptime_unified_20260914T204328Z_25264_seasonal slurm_job_id=3427121 launched_at=2026-09-14T20:44:08.845707+00:00
/fslarge/scratch/users/h61084/codes/adaptime/outputs/adaptime/predictions/seasonal_naive/univariate/WUI_Global/Q/short/run_0/prediction/prediction_manifest.json
TIME run allocation action=new run=/fslarge/scratch/users/h61084/codes/adaptime/outputs/adaptime/predictions/seasonal_naive/univariate/Global_Price/Q/short/run_0 launch_id=selena_adaptime_unified_20260914T204328Z_25264_seasonal slurm_job_id=3427121 launched_at=2026-09-14T20:44:08.868751+00:00
/fslarge/scratch/users/h61084/codes/adaptime/outputs/adaptime/predictions/seasonal_naive/univariate/Global_Price/Q/short/run_0/prediction/prediction_manifest.json
TIME run allocation action=new run=/fslarge/scratch/users/h61084/codes/adaptime/outputs/adaptime/predictions/seasonal_naive/univariate/Vehicle_Sales/M/short/run_0 launch_id=selena_adaptime_unified_20260914T204328Z_25264_seasonal slurm_job_id=3427121 launched_at=2026-09-14T20:44:08.893112+00:00
/fslarge/scratch/users/h61084/codes/adaptime/outputs/adaptime/predictions/seasonal_naive/univariate/Vehicle_Sales/M/short/run_0/prediction/prediction_manifest.json
TIME run allocation action=new run=/fslarge/scratch/users/h61084/codes/adaptime/outputs/adaptime/predictions/seasonal_naive/univariate/Online_Retail_2_UCI/D/short/run_0 launch_id=selena_adaptime_unified_20260914T204328Z_25264_seasonal slurm_job_id=3427121 launched_at=2026-09-14T20:44:08.914734+00:00
/fslarge/scratch/users/h61084/codes/adaptime/outputs/adaptime/predictions/seasonal_naive/univariate/Online_Retail_2_UCI/D/short/run_0/prediction/prediction_manifest.json
TIME run allocation action=new run=/fslarge/scratch/users/h61084/codes/adaptime/outputs/adaptime/predictions/seasonal_naive/univariate/Supply_Chain_Customer/D/short/run_0 launch_id=selena_adaptime_unified_20260914T204328Z_25264_seasonal slurm_job_id=3427121 launched_at=2026-09-14T20:44:08.936113+00:00
/fslarge/scratch/users/h61084/codes/adaptime/outputs/adaptime/predictions/seasonal_naive/univariate/Supply_Chain_Customer/D/short/run_0/prediction/prediction_manifest.json
TIME run allocation action=new run=/fslarge/scratch/users/h61084/codes/adaptime/outputs/adaptime/predictions/seasonal_naive/univariate/Supply_Chain_Location/D/short/run_0 launch_id=selena_adaptime_unified_20260914T204328Z_25264_seasonal slurm_job_id=3427121 launched_at=2026-09-14T20:44:08.966375+00:00
/fslarge/scratch/users/h61084/codes/adaptime/outputs/adaptime/predictions/seasonal_naive/univariate/Supply_Chain_Location/D/short/run_0/prediction/prediction_manifest.json
TIME run allocation action=new run=/fslarge/scratch/users/h61084/codes/adaptime/outputs/adaptime/predictions/seasonal_naive/univariate/azure2019_D/5T/short/run_0 launch_id=selena_adaptime_unified_20260914T204328Z_25264_seasonal slurm_job_id=3427121 launched_at=2026-09-14T20:44:08.999294+00:00
/fslarge/scratch/users/h61084/codes/adaptime/outputs/adaptime/predictions/seasonal_naive/univariate/azure2019_D/5T/short/run_0/prediction/prediction_manifest.json
TIME run allocation action=new run=/fslarge/scratch/users/h61084/codes/adaptime/outputs/adaptime/predictions/seasonal_naive/univariate/azure2019_I/5T/short/run_0 launch_id=selena_adaptime_unified_20260914T204328Z_25264_seasonal slurm_job_id=3427121 launched_at=2026-09-14T20:44:10.417823+00:00
/fslarge/scratch/users/h61084/codes/adaptime/outputs/adaptime/predictions/seasonal_naive/univariate/azure2019_I/5T/short/run_0/prediction/prediction_manifest.json
TIME run allocation action=new run=/fslarge/scratch/users/h61084/codes/adaptime/outputs/adaptime/predictions/seasonal_naive/univariate/azure2019_U/5T/short/run_0 launch_id=selena_adaptime_unified_20260914T204328Z_25264_seasonal slurm_job_id=3427121 launched_at=2026-09-14T20:44:11.142516+00:00
/fslarge/scratch/users/h61084/codes/adaptime/outputs/adaptime/predictions/seasonal_naive/univariate/azure2019_U/5T/short/run_0/prediction/prediction_manifest.json
TIME run allocation action=new run=/fslarge/scratch/users/h61084/codes/adaptime/outputs/adaptime/predictions/seasonal_naive/univariate/Smart_Manufacturing/H/short/run_0 launch_id=selena_adaptime_unified_20260914T204328Z_25264_seasonal slurm_job_id=3427121 launched_at=2026-09-14T20:44:11.200286+00:00
/fslarge/scratch/users/h61084/codes/adaptime/outputs/adaptime/predictions/seasonal_naive/univariate/Smart_Manufacturing/H/short/run_0/prediction/prediction_manifest.json
TIME run allocation action=new run=/fslarge/scratch/users/h61084/codes/adaptime/outputs/adaptime/predictions/seasonal_naive/univariate/Smart_Manufacturing/H/medium/run_0 launch_id=selena_adaptime_unified_20260914T204328Z_25264_seasonal slurm_job_id=3427121 launched_at=2026-09-14T20:44:11.294795+00:00
/fslarge/scratch/users/h61084/codes/adaptime/outputs/adaptime/predictions/seasonal_naive/univariate/Smart_Manufacturing/H/medium/run_0/prediction/prediction_manifest.json
TIME run allocation action=new run=/fslarge/scratch/users/h61084/codes/adaptime/outputs/adaptime/predictions/seasonal_naive/univariate/Smart_Manufacturing/H/long/run_0 launch_id=selena_adaptime_unified_20260914T204328Z_25264_seasonal slurm_job_id=3427121 launched_at=2026-09-14T20:44:11.343945+00:00
/fslarge/scratch/users/h61084/codes/adaptime/outputs/adaptime/predictions/seasonal_naive/univariate/Smart_Manufacturing/H/long/run_0/prediction/prediction_manifest.json
TIME run allocation action=new run=/fslarge/scratch/users/h61084/codes/adaptime/outputs/adaptime/predictions/seasonal_naive/univariate/MetroPT-3/5T/short/run_0 launch_id=selena_adaptime_unified_20260914T204328Z_25264_seasonal slurm_job_id=3427121 launched_at=2026-09-14T20:44:11.388921+00:00
/fslarge/scratch/users/h61084/codes/adaptime/outputs/adaptime/predictions/seasonal_naive/univariate/MetroPT-3/5T/short/run_0/prediction/prediction_manifest.json
TIME run allocation action=new run=/fslarge/scratch/users/h61084/codes/adaptime/outputs/adaptime/predictions/seasonal_naive/univariate/MetroPT-3/5T/medium/run_0 launch_id=selena_adaptime_unified_20260914T204328Z_25264_seasonal slurm_job_id=3427121 launched_at=2026-09-14T20:44:11.439462+00:00
/fslarge/scratch/users/h61084/codes/adaptime/outputs/adaptime/predictions/seasonal_naive/univariate/MetroPT-3/5T/medium/run_0/prediction/prediction_manifest.json
TIME run allocation action=new run=/fslarge/scratch/users/h61084/codes/adaptime/outputs/adaptime/predictions/seasonal_naive/univariate/MetroPT-3/5T/long/run_0 launch_id=selena_adaptime_unified_20260914T204328Z_25264_seasonal slurm_job_id=3427121 launched_at=2026-09-14T20:44:11.470160+00:00
/fslarge/scratch/users/h61084/codes/adaptime/outputs/adaptime/predictions/seasonal_naive/univariate/MetroPT-3/5T/long/run_0/prediction/prediction_manifest.json
TIME run allocation action=new run=/fslarge/scratch/users/h61084/codes/adaptime/outputs/adaptime/evaluations/seasonal_naive/univariate/Water_Quality_Darwin/15T/short/run_0 launch_id=selena_adaptime_unified_20260914T204328Z_25264_seasonal slurm_job_id=3427121 launched_at=2026-09-14T20:44:11.504171+00:00
    Total instances: 3780, Series during experiment: 42, Windows: 90
    Collecting ground truth and context...
    Detected to_univariate case: 42 flat series -> 7 series x 6 variates
    Organizing data into arrays...
    Saved predictions (quantiles) to /fslarge/scratch/users/h61084/codes/adaptime/outputs/adaptime/evaluations/seasonal_naive/univariate/Water_Quality_Darwin/15T/short/run_0/predictions.npz
    Computing per-window metrics...
    Saved metrics to /fslarge/scratch/users/h61084/codes/adaptime/outputs/adaptime/evaluations/seasonal_naive/univariate/Water_Quality_Darwin/15T/short/run_0/metrics.npz
    Saved config to /fslarge/scratch/users/h61084/codes/adaptime/outputs/adaptime/evaluations/seasonal_naive/univariate/Water_Quality_Darwin/15T/short/run_0/config.json
    Saved aggregate metrics to /fslarge/scratch/users/h61084/codes/adaptime/outputs/adaptime/evaluations/seasonal_naive/univariate/Water_Quality_Darwin/15T/short/run_0/metrics_summary.json
    Metrics summary (averaged over all series/windows/variates):
      MSE: 5.1302
      MAE: 0.7485
      RMSE: 0.8560
      MAPE: 0.0982
      sMAPE: 0.0901
      MASE: 1.0872
      ND: 0.0953
      CRPS: 0.0953
/fslarge/scratch/users/h61084/codes/adaptime/outputs/adaptime/evaluations/seasonal_naive/univariate/Water_Quality_Darwin/15T/short/run_0/metrics_summary.json
TIME run allocation action=new run=/fslarge/scratch/users/h61084/codes/adaptime/outputs/adaptime/evaluations/seasonal_naive/univariate/Water_Quality_Darwin/15T/medium/run_0 launch_id=selena_adaptime_unified_20260914T204328Z_25264_seasonal slurm_job_id=3427121 launched_at=2026-09-14T20:44:12.046710+00:00
    Total instances: 630, Series during experiment: 42, Windows: 15
    Collecting ground truth and context...
    Detected to_univariate case: 42 flat series -> 7 series x 6 variates
    Organizing data into arrays...
    Saved predictions (quantiles) to /fslarge/scratch/users/h61084/codes/adaptime/outputs/adaptime/evaluations/seasonal_naive/univariate/Water_Quality_Darwin/15T/medium/run_0/predictions.npz
    Computing per-window metrics...
    Saved metrics to /fslarge/scratch/users/h61084/codes/adaptime/outputs/adaptime/evaluations/seasonal_naive/univariate/Water_Quality_Darwin/15T/medium/run_0/metrics.npz
    Saved config to /fslarge/scratch/users/h61084/codes/adaptime/outputs/adaptime/evaluations/seasonal_naive/univariate/Water_Quality_Darwin/15T/medium/run_0/config.json
    Saved aggregate metrics to /fslarge/scratch/users/h61084/codes/adaptime/outputs/adaptime/evaluations/seasonal_naive/univariate/Water_Quality_Darwin/15T/medium/run_0/metrics_summary.json
    Metrics summary (averaged over all series/windows/variates):
      MSE: 5.1306
      MAE: 0.7485
      RMSE: 0.9424
      MAPE: 0.0982
      sMAPE: 0.0901
      MASE: 1.0892
      ND: 0.0922
      CRPS: 0.0922
/fslarge/scratch/users/h61084/codes/adaptime/outputs/adaptime/evaluations/seasonal_naive/univariate/Water_Quality_Darwin/15T/medium/run_0/metrics_summary.json
TIME run allocation action=new run=/fslarge/scratch/users/h61084/codes/adaptime/outputs/adaptime/evaluations/seasonal_naive/univariate/Water_Quality_Darwin/15T/long/run_0 launch_id=selena_adaptime_unified_20260914T204328Z_25264_seasonal slurm_job_id=3427121 launched_at=2026-09-14T20:44:12.203454+00:00
    Total instances: 210, Series during experiment: 42, Windows: 5
    Collecting ground truth and context...
    Detected to_univariate case: 42 flat series -> 7 series x 6 variates
    Organizing data into arrays...
    Saved predictions (quantiles) to /fslarge/scratch/users/h61084/codes/adaptime/outputs/adaptime/evaluations/seasonal_naive/univariate/Water_Quality_Darwin/15T/long/run_0/predictions.npz
    Computing per-window metrics...
    Saved metrics to /fslarge/scratch/users/h61084/codes/adaptime/outputs/adaptime/evaluations/seasonal_naive/univariate/Water_Quality_Darwin/15T/long/run_0/metrics.npz
    Saved config to /fslarge/scratch/users/h61084/codes/adaptime/outputs/adaptime/evaluations/seasonal_naive/univariate/Water_Quality_Darwin/15T/long/run_0/config.json
    Saved aggregate metrics to /fslarge/scratch/users/h61084/codes/adaptime/outputs/adaptime/evaluations/seasonal_naive/univariate/Water_Quality_Darwin/15T/long/run_0/metrics_summary.json
    Metrics summary (averaged over all series/windows/variates):
      MSE: 9.3407
      MAE: 1.0740
      RMSE: 1.3558
      MAPE: 0.1582
      sMAPE: 0.1323
      MASE: 1.5912
      ND: 0.1371
      CRPS: 0.1371
/fslarge/scratch/users/h61084/codes/adaptime/outputs/adaptime/evaluations/seasonal_naive/univariate/Water_Quality_Darwin/15T/long/run_0/metrics_summary.json
TIME run allocation action=new run=/fslarge/scratch/users/h61084/codes/adaptime/outputs/adaptime/evaluations/seasonal_naive/univariate/current_velocity/5T/short/run_0 launch_id=selena_adaptime_unified_20260914T204328Z_25264_seasonal slurm_job_id=3427121 launched_at=2026-09-14T20:44:12.310108+00:00
    Total instances: 720, Series during experiment: 6, Windows: 120
    Collecting ground truth and context...
    Detected to_univariate case: 6 flat series -> 1 series x 6 variates
    Organizing data into arrays...
    Saved predictions (quantiles) to /fslarge/scratch/users/h61084/codes/adaptime/outputs/adaptime/evaluations/seasonal_naive/univariate/current_velocity/5T/short/run_0/predictions.npz
    Computing per-window metrics...
    Saved metrics to /fslarge/scratch/users/h61084/codes/adaptime/outputs/adaptime/evaluations/seasonal_naive/univariate/current_velocity/5T/short/run_0/metrics.npz
    Saved config to /fslarge/scratch/users/h61084/codes/adaptime/outputs/adaptime/evaluations/seasonal_naive/univariate/current_velocity/5T/short/run_0/config.json
    Saved aggregate metrics to /fslarge/scratch/users/h61084/codes/adaptime/outputs/adaptime/evaluations/seasonal_naive/univariate/current_velocity/5T/short/run_0/metrics_summary.json
    Metrics summary (averaged over all series/windows/variates):
      MSE: 9.0463
      MAE: 1.0802
      RMSE: 1.2249
      MAPE: 0.9464
      sMAPE: 0.5009
      MASE: 0.9105
      ND: 0.5783
      CRPS: 0.5783
/fslarge/scratch/users/h61084/codes/adaptime/outputs/adaptime/evaluations/seasonal_naive/univariate/current_velocity/5T/short/run_0/metrics_summary.json
TIME run allocation action=new run=/fslarge/scratch/users/h61084/codes/adaptime/outputs/adaptime/evaluations/seasonal_naive/univariate/current_velocity/5T/medium/run_0 launch_id=selena_adaptime_unified_20260914T204328Z_25264_seasonal slurm_job_id=3427121 launched_at=2026-09-14T20:44:12.477453+00:00
    Total instances: 90, Series during experiment: 6, Windows: 15
    Collecting ground truth and context...
    Detected to_univariate case: 6 flat series -> 1 series x 6 variates
    Organizing data into arrays...
    Saved predictions (quantiles) to /fslarge/scratch/users/h61084/codes/adaptime/outputs/adaptime/evaluations/seasonal_naive/univariate/current_velocity/5T/medium/run_0/predictions.npz
    Computing per-window metrics...
    Saved metrics to /fslarge/scratch/users/h61084/codes/adaptime/outputs/adaptime/evaluations/seasonal_naive/univariate/current_velocity/5T/medium/run_0/metrics.npz
    Saved config to /fslarge/scratch/users/h61084/codes/adaptime/outputs/adaptime/evaluations/seasonal_naive/univariate/current_velocity/5T/medium/run_0/config.json
    Saved aggregate metrics to /fslarge/scratch/users/h61084/codes/adaptime/outputs/adaptime/evaluations/seasonal_naive/univariate/current_velocity/5T/medium/run_0/metrics_summary.json
    Metrics summary (averaged over all series/windows/variates):
      MSE: 9.0463
      MAE: 1.0802
      RMSE: 1.3148
      MAPE: 0.9445
      sMAPE: 0.5009
      MASE: 0.9107
      ND: 0.5016
      CRPS: 0.5016
/fslarge/scratch/users/h61084/codes/adaptime/outputs/adaptime/evaluations/seasonal_naive/univariate/current_velocity/5T/medium/run_0/metrics_summary.json
TIME run allocation action=new run=/fslarge/scratch/users/h61084/codes/adaptime/outputs/adaptime/evaluations/seasonal_naive/univariate/current_velocity/5T/long/run_0 launch_id=selena_adaptime_unified_20260914T204328Z_25264_seasonal slurm_job_id=3427121 launched_at=2026-09-14T20:44:12.554585+00:00
    Total instances: 30, Series during experiment: 6, Windows: 5
    Collecting ground truth and context...
    Detected to_univariate case: 6 flat series -> 1 series x 6 variates
    Organizing data into arrays...
    Saved predictions (quantiles) to /fslarge/scratch/users/h61084/codes/adaptime/outputs/adaptime/evaluations/seasonal_naive/univariate/current_velocity/5T/long/run_0/predictions.npz
    Computing per-window metrics...
    Saved metrics to /fslarge/scratch/users/h61084/codes/adaptime/outputs/adaptime/evaluations/seasonal_naive/univariate/current_velocity/5T/long/run_0/metrics.npz
    Saved config to /fslarge/scratch/users/h61084/codes/adaptime/outputs/adaptime/evaluations/seasonal_naive/univariate/current_velocity/5T/long/run_0/config.json
    Saved aggregate metrics to /fslarge/scratch/users/h61084/codes/adaptime/outputs/adaptime/evaluations/seasonal_naive/univariate/current_velocity/5T/long/run_0/metrics_summary.json
    Metrics summary (averaged over all series/windows/variates):
      MSE: 8.8435
      MAE: 1.0888
      RMSE: 1.3505
      MAPE: 0.9926
      sMAPE: 0.5197
      MASE: 1.0927
      ND: 0.5122
      CRPS: 0.5122
/fslarge/scratch/users/h61084/codes/adaptime/outputs/adaptime/evaluations/seasonal_naive/univariate/current_velocity/5T/long/run_0/metrics_summary.json
TIME run allocation action=new run=/fslarge/scratch/users/h61084/codes/adaptime/outputs/adaptime/evaluations/seasonal_naive/univariate/current_velocity/10T/short/run_0 launch_id=selena_adaptime_unified_20260914T204328Z_25264_seasonal slurm_job_id=3427121 launched_at=2026-09-14T20:44:12.619394+00:00
    Total instances: 7200, Series during experiment: 60, Windows: 120
    Collecting ground truth and context...
    Detected to_univariate case: 60 flat series -> 10 series x 6 variates
    Organizing data into arrays...
    Saved predictions (quantiles) to /fslarge/scratch/users/h61084/codes/adaptime/outputs/adaptime/evaluations/seasonal_naive/univariate/current_velocity/10T/short/run_0/predictions.npz
    Computing per-window metrics...
    Saved metrics to /fslarge/scratch/users/h61084/codes/adaptime/outputs/adaptime/evaluations/seasonal_naive/univariate/current_velocity/10T/short/run_0/metrics.npz
    Saved config to /fslarge/scratch/users/h61084/codes/adaptime/outputs/adaptime/evaluations/seasonal_naive/univariate/current_velocity/10T/short/run_0/config.json
    Saved aggregate metrics to /fslarge/scratch/users/h61084/codes/adaptime/outputs/adaptime/evaluations/seasonal_naive/univariate/current_velocity/10T/short/run_0/metrics_summary.json
    Metrics summary (averaged over all series/windows/variates):
      MSE: 15.3100
      MAE: 1.1871
      RMSE: 1.4278
      MAPE: 5013.1441
      sMAPE: 0.5415
      MASE: 1.0426
      ND: 0.5565
      CRPS: 0.5565
/fslarge/scratch/users/h61084/codes/adaptime/outputs/adaptime/evaluations/seasonal_naive/univariate/current_velocity/10T/short/run_0/metrics_summary.json
TIME run allocation action=new run=/fslarge/scratch/users/h61084/codes/adaptime/outputs/adaptime/evaluations/seasonal_naive/univariate/current_velocity/10T/medium/run_0 launch_id=selena_adaptime_unified_20260914T204328Z_25264_seasonal slurm_job_id=3427121 launched_at=2026-09-14T20:44:13.897766+00:00
    Total instances: 900, Series during experiment: 60, Windows: 15
    Collecting ground truth and context...
    Detected to_univariate case: 60 flat series -> 10 series x 6 variates
    Organizing data into arrays...
    Saved predictions (quantiles) to /fslarge/scratch/users/h61084/codes/adaptime/outputs/adaptime/evaluations/seasonal_naive/univariate/current_velocity/10T/medium/run_0/predictions.npz
    Computing per-window metrics...
    Saved metrics to /fslarge/scratch/users/h61084/codes/adaptime/outputs/adaptime/evaluations/seasonal_naive/univariate/current_velocity/10T/medium/run_0/metrics.npz
    Saved config to /fslarge/scratch/users/h61084/codes/adaptime/outputs/adaptime/evaluations/seasonal_naive/univariate/current_velocity/10T/medium/run_0/config.json
    Saved aggregate metrics to /fslarge/scratch/users/h61084/codes/adaptime/outputs/adaptime/evaluations/seasonal_naive/univariate/current_velocity/10T/medium/run_0/metrics_summary.json
    Metrics summary (averaged over all series/windows/variates):
      MSE: 15.3119
      MAE: 1.1872
      RMSE: 1.5532
      MAPE: 4987.4242
      sMAPE: 0.5415
      MASE: 1.0437
      ND: 0.4787
      CRPS: 0.4787
/fslarge/scratch/users/h61084/codes/adaptime/outputs/adaptime/evaluations/seasonal_naive/univariate/current_velocity/10T/medium/run_0/metrics_summary.json
TIME run allocation action=new run=/fslarge/scratch/users/h61084/codes/adaptime/outputs/adaptime/evaluations/seasonal_naive/univariate/current_velocity/10T/long/run_0 launch_id=selena_adaptime_unified_20260914T204328Z_25264_seasonal slurm_job_id=3427121 launched_at=2026-09-14T20:44:14.173818+00:00
    Total instances: 300, Series during experiment: 60, Windows: 5
    Collecting ground truth and context...
    Detected to_univariate case: 60 flat series -> 10 series x 6 variates
    Organizing data into arrays...
    Saved predictions (quantiles) to /fslarge/scratch/users/h61084/codes/adaptime/outputs/adaptime/evaluations/seasonal_naive/univariate/current_velocity/10T/long/run_0/predictions.npz
    Computing per-window metrics...
    Saved metrics to /fslarge/scratch/users/h61084/codes/adaptime/outputs/adaptime/evaluations/seasonal_naive/univariate/current_velocity/10T/long/run_0/metrics.npz
    Saved config to /fslarge/scratch/users/h61084/codes/adaptime/outputs/adaptime/evaluations/seasonal_naive/univariate/current_velocity/10T/long/run_0/config.json
    Saved aggregate metrics to /fslarge/scratch/users/h61084/codes/adaptime/outputs/adaptime/evaluations/seasonal_naive/univariate/current_velocity/10T/long/run_0/metrics_summary.json
    Metrics summary (averaged over all series/windows/variates):
      MSE: 19.5433
      MAE: 1.4286
      RMSE: 1.8445
      MAPE: 5545.1652
      sMAPE: 0.6133
      MASE: 1.4375
      ND: 0.5575
      CRPS: 0.5575
/fslarge/scratch/users/h61084/codes/adaptime/outputs/adaptime/evaluations/seasonal_naive/univariate/current_velocity/10T/long/run_0/metrics_summary.json
TIME run allocation action=new run=/fslarge/scratch/users/h61084/codes/adaptime/outputs/adaptime/evaluations/seasonal_naive/univariate/current_velocity/15T/short/run_0 launch_id=selena_adaptime_unified_20260914T204328Z_25264_seasonal slurm_job_id=3427121 launched_at=2026-09-14T20:44:14.347191+00:00
    Total instances: 3600, Series during experiment: 30, Windows: 120
    Collecting ground truth and context...
    Detected to_univariate case: 30 flat series -> 5 series x 6 variates
    Organizing data into arrays...
    Saved predictions (quantiles) to /fslarge/scratch/users/h61084/codes/adaptime/outputs/adaptime/evaluations/seasonal_naive/univariate/current_velocity/15T/short/run_0/predictions.npz
    Computing per-window metrics...
    Saved metrics to /fslarge/scratch/users/h61084/codes/adaptime/outputs/adaptime/evaluations/seasonal_naive/univariate/current_velocity/15T/short/run_0/metrics.npz
    Saved config to /fslarge/scratch/users/h61084/codes/adaptime/outputs/adaptime/evaluations/seasonal_naive/univariate/current_velocity/15T/short/run_0/config.json
    Saved aggregate metrics to /fslarge/scratch/users/h61084/codes/adaptime/outputs/adaptime/evaluations/seasonal_naive/univariate/current_velocity/15T/short/run_0/metrics_summary.json
    Metrics summary (averaged over all series/windows/variates):
      MSE: 14.5912
      MAE: 1.2321
      RMSE: 1.4516
      MAPE: 193497.0338
      sMAPE: 0.6265
      MASE: 0.9914
      ND: 0.6825
      CRPS: 0.6825
/fslarge/scratch/users/h61084/codes/adaptime/outputs/adaptime/evaluations/seasonal_naive/univariate/current_velocity/15T/short/run_0/metrics_summary.json
TIME run allocation action=new run=/fslarge/scratch/users/h61084/codes/adaptime/outputs/adaptime/evaluations/seasonal_naive/univariate/current_velocity/15T/medium/run_0 launch_id=selena_adaptime_unified_20260914T204328Z_25264_seasonal slurm_job_id=3427121 launched_at=2026-09-14T20:44:14.829349+00:00
    Total instances: 450, Series during experiment: 30, Windows: 15
    Collecting ground truth and context...
    Detected to_univariate case: 30 flat series -> 5 series x 6 variates
    Organizing data into arrays...
    Saved predictions (quantiles) to /fslarge/scratch/users/h61084/codes/adaptime/outputs/adaptime/evaluations/seasonal_naive/univariate/current_velocity/15T/medium/run_0/predictions.npz
    Computing per-window metrics...
    Saved metrics to /fslarge/scratch/users/h61084/codes/adaptime/outputs/adaptime/evaluations/seasonal_naive/univariate/current_velocity/15T/medium/run_0/metrics.npz
    Saved config to /fslarge/scratch/users/h61084/codes/adaptime/outputs/adaptime/evaluations/seasonal_naive/univariate/current_velocity/15T/medium/run_0/config.json
    Saved aggregate metrics to /fslarge/scratch/users/h61084/codes/adaptime/outputs/adaptime/evaluations/seasonal_naive/univariate/current_velocity/15T/medium/run_0/metrics_summary.json
    Metrics summary (averaged over all series/windows/variates):
      MSE: 14.5912
      MAE: 1.2321
      RMSE: 1.5568
      MAPE: 193327.5203
      sMAPE: 0.6264
      MASE: 0.9924
      ND: 0.6025
      CRPS: 0.6025
/fslarge/scratch/users/h61084/codes/adaptime/outputs/adaptime/evaluations/seasonal_naive/univariate/current_velocity/15T/medium/run_0/metrics_summary.json
TIME run allocation action=new run=/fslarge/scratch/users/h61084/codes/adaptime/outputs/adaptime/evaluations/seasonal_naive/univariate/current_velocity/15T/long/run_0 launch_id=selena_adaptime_unified_20260914T204328Z_25264_seasonal slurm_job_id=3427121 launched_at=2026-09-14T20:44:14.944143+00:00
    Total instances: 150, Series during experiment: 30, Windows: 5
    Collecting ground truth and context...
    Detected to_univariate case: 30 flat series -> 5 series x 6 variates
    Organizing data into arrays...
    Saved predictions (quantiles) to /fslarge/scratch/users/h61084/codes/adaptime/outputs/adaptime/evaluations/seasonal_naive/univariate/current_velocity/15T/long/run_0/predictions.npz
    Computing per-window metrics...
    Saved metrics to /fslarge/scratch/users/h61084/codes/adaptime/outputs/adaptime/evaluations/seasonal_naive/univariate/current_velocity/15T/long/run_0/metrics.npz
    Saved config to /fslarge/scratch/users/h61084/codes/adaptime/outputs/adaptime/evaluations/seasonal_naive/univariate/current_velocity/15T/long/run_0/config.json
    Saved aggregate metrics to /fslarge/scratch/users/h61084/codes/adaptime/outputs/adaptime/evaluations/seasonal_naive/univariate/current_velocity/15T/long/run_0/metrics_summary.json
    Metrics summary (averaged over all series/windows/variates):
      MSE: 15.5399
      MAE: 1.2977
      RMSE: 1.6448
      MAPE: 120667.5462
      sMAPE: 0.6398
      MASE: 1.1286
      ND: 0.6011
      CRPS: 0.6011
/fslarge/scratch/users/h61084/codes/adaptime/outputs/adaptime/evaluations/seasonal_naive/univariate/current_velocity/15T/long/run_0/metrics_summary.json
TIME run allocation action=new run=/fslarge/scratch/users/h61084/codes/adaptime/outputs/adaptime/evaluations/seasonal_naive/univariate/current_velocity/20T/short/run_0 launch_id=selena_adaptime_unified_20260914T204328Z_25264_seasonal slurm_job_id=3427121 launched_at=2026-09-14T20:44:15.021096+00:00
    Total instances: 19440, Series during experiment: 162, Windows: 120
    Collecting ground truth and context...
    Detected to_univariate case: 162 flat series -> 27 series x 6 variates
    Organizing data into arrays...
    Saved predictions (quantiles) to /fslarge/scratch/users/h61084/codes/adaptime/outputs/adaptime/evaluations/seasonal_naive/univariate/current_velocity/20T/short/run_0/predictions.npz
    Computing per-window metrics...
    Saved metrics to /fslarge/scratch/users/h61084/codes/adaptime/outputs/adaptime/evaluations/seasonal_naive/univariate/current_velocity/20T/short/run_0/metrics.npz
    Saved config to /fslarge/scratch/users/h61084/codes/adaptime/outputs/adaptime/evaluations/seasonal_naive/univariate/current_velocity/20T/short/run_0/config.json
    Saved aggregate metrics to /fslarge/scratch/users/h61084/codes/adaptime/outputs/adaptime/evaluations/seasonal_naive/univariate/current_velocity/20T/short/run_0/metrics_summary.json
    Metrics summary (averaged over all series/windows/variates):
      MSE: 11.1701
      MAE: 1.0746
      RMSE: 1.2139
      MAPE: 1.7963
      sMAPE: 0.5697
      MASE: 1.0157
      ND: 0.6662
      CRPS: 0.6662
/fslarge/scratch/users/h61084/codes/adaptime/outputs/adaptime/evaluations/seasonal_naive/univariate/current_velocity/20T/short/run_0/metrics_summary.json
TIME run allocation action=new run=/fslarge/scratch/users/h61084/codes/adaptime/outputs/adaptime/evaluations/seasonal_naive/univariate/current_velocity/20T/medium/run_0 launch_id=selena_adaptime_unified_20260914T204328Z_25264_seasonal slurm_job_id=3427121 launched_at=2026-09-14T20:44:17.314554+00:00
    Total instances: 2430, Series during experiment: 162, Windows: 15
    Collecting ground truth and context...
    Detected to_univariate case: 162 flat series -> 27 series x 6 variates
    Organizing data into arrays...
    Saved predictions (quantiles) to /fslarge/scratch/users/h61084/codes/adaptime/outputs/adaptime/evaluations/seasonal_naive/univariate/current_velocity/20T/medium/run_0/predictions.npz
    Computing per-window metrics...
    Saved metrics to /fslarge/scratch/users/h61084/codes/adaptime/outputs/adaptime/evaluations/seasonal_naive/univariate/current_velocity/20T/medium/run_0/metrics.npz
    Saved config to /fslarge/scratch/users/h61084/codes/adaptime/outputs/adaptime/evaluations/seasonal_naive/univariate/current_velocity/20T/medium/run_0/config.json
    Saved aggregate metrics to /fslarge/scratch/users/h61084/codes/adaptime/outputs/adaptime/evaluations/seasonal_naive/univariate/current_velocity/20T/medium/run_0/metrics_summary.json
    Metrics summary (averaged over all series/windows/variates):
      MSE: 11.1701
      MAE: 1.0746
      RMSE: 1.3315
      MAPE: 1.7955
      sMAPE: 0.5696
      MASE: 1.0179
      ND: 0.5328
      CRPS: 0.5328
/fslarge/scratch/users/h61084/codes/adaptime/outputs/adaptime/evaluations/seasonal_naive/univariate/current_velocity/20T/medium/run_0/metrics_summary.json
TIME run allocation action=new run=/fslarge/scratch/users/h61084/codes/adaptime/outputs/adaptime/evaluations/seasonal_naive/univariate/current_velocity/20T/long/run_0 launch_id=selena_adaptime_unified_20260914T204328Z_25264_seasonal slurm_job_id=3427121 launched_at=2026-09-14T20:44:17.689860+00:00
    Total instances: 810, Series during experiment: 162, Windows: 5
    Collecting ground truth and context...
    Detected to_univariate case: 162 flat series -> 27 series x 6 variates
    Organizing data into arrays...
    Saved predictions (quantiles) to /fslarge/scratch/users/h61084/codes/adaptime/outputs/adaptime/evaluations/seasonal_naive/univariate/current_velocity/20T/long/run_0/predictions.npz
    Computing per-window metrics...
    Saved metrics to /fslarge/scratch/users/h61084/codes/adaptime/outputs/adaptime/evaluations/seasonal_naive/univariate/current_velocity/20T/long/run_0/metrics.npz
    Saved config to /fslarge/scratch/users/h61084/codes/adaptime/outputs/adaptime/evaluations/seasonal_naive/univariate/current_velocity/20T/long/run_0/config.json
    Saved aggregate metrics to /fslarge/scratch/users/h61084/codes/adaptime/outputs/adaptime/evaluations/seasonal_naive/univariate/current_velocity/20T/long/run_0/metrics_summary.json
    Metrics summary (averaged over all series/windows/variates):
      MSE: 13.0693
      MAE: 1.2043
      RMSE: 1.5124
      MAPE: 2.2600
      sMAPE: 0.6366
      MASE: 1.3237
      ND: 0.6029
      CRPS: 0.6029
/fslarge/scratch/users/h61084/codes/adaptime/outputs/adaptime/evaluations/seasonal_naive/univariate/current_velocity/20T/long/run_0/metrics_summary.json
TIME run allocation action=new run=/fslarge/scratch/users/h61084/codes/adaptime/outputs/adaptime/evaluations/seasonal_naive/univariate/current_velocity/H/short/run_0 launch_id=selena_adaptime_unified_20260914T204328Z_25264_seasonal slurm_job_id=3427121 launched_at=2026-09-14T20:44:17.875384+00:00
    Total instances: 3528, Series during experiment: 126, Windows: 28
    Collecting ground truth and context...
    Detected to_univariate case: 126 flat series -> 21 series x 6 variates
    Organizing data into arrays...
    Saved predictions (quantiles) to /fslarge/scratch/users/h61084/codes/adaptime/outputs/adaptime/evaluations/seasonal_naive/univariate/current_velocity/H/short/run_0/predictions.npz
    Computing per-window metrics...
    Saved metrics to /fslarge/scratch/users/h61084/codes/adaptime/outputs/adaptime/evaluations/seasonal_naive/univariate/current_velocity/H/short/run_0/metrics.npz
    Saved config to /fslarge/scratch/users/h61084/codes/adaptime/outputs/adaptime/evaluations/seasonal_naive/univariate/current_velocity/H/short/run_0/config.json
    Saved aggregate metrics to /fslarge/scratch/users/h61084/codes/adaptime/outputs/adaptime/evaluations/seasonal_naive/univariate/current_velocity/H/short/run_0/metrics_summary.json
    Metrics summary (averaged over all series/windows/variates):
      MSE: 10.2343
      MAE: 1.0301
      RMSE: 1.2777
      MAPE: 4333211585385.3604
      sMAPE: 0.5183
      MASE: 1.0338
      ND: 0.4707
      CRPS: 0.4707
/fslarge/scratch/users/h61084/codes/adaptime/outputs/adaptime/evaluations/seasonal_naive/univariate/current_velocity/H/short/run_0/metrics_summary.json
TIME run allocation action=new run=/fslarge/scratch/users/h61084/codes/adaptime/outputs/adaptime/evaluations/seasonal_naive/univariate/current_velocity/H/medium/run_0 launch_id=selena_adaptime_unified_20260914T204328Z_25264_seasonal slurm_job_id=3427121 launched_at=2026-09-14T20:44:18.216326+00:00
    Total instances: 504, Series during experiment: 126, Windows: 4
    Collecting ground truth and context...
    Detected to_univariate case: 126 flat series -> 21 series x 6 variates
    Organizing data into arrays...
    Saved predictions (quantiles) to /fslarge/scratch/users/h61084/codes/adaptime/outputs/adaptime/evaluations/seasonal_naive/univariate/current_velocity/H/medium/run_0/predictions.npz
    Computing per-window metrics...
    Saved metrics to /fslarge/scratch/users/h61084/codes/adaptime/outputs/adaptime/evaluations/seasonal_naive/univariate/current_velocity/H/medium/run_0/metrics.npz
    Saved config to /fslarge/scratch/users/h61084/codes/adaptime/outputs/adaptime/evaluations/seasonal_naive/univariate/current_velocity/H/medium/run_0/config.json
    Saved aggregate metrics to /fslarge/scratch/users/h61084/codes/adaptime/outputs/adaptime/evaluations/seasonal_naive/univariate/current_velocity/H/medium/run_0/metrics_summary.json
    Metrics summary (averaged over all series/windows/variates):
      MSE: 19.4527
      MAE: 1.4810
      RMSE: 1.8565
      MAPE: 4151891140728.1421
      sMAPE: 0.6663
      MASE: 1.8437
      ND: 0.6183
      CRPS: 0.6183
/fslarge/scratch/users/h61084/codes/adaptime/outputs/adaptime/evaluations/seasonal_naive/univariate/current_velocity/H/medium/run_0/metrics_summary.json
TIME run allocation action=new run=/fslarge/scratch/users/h61084/codes/adaptime/outputs/adaptime/evaluations/seasonal_naive/univariate/current_velocity/H/long/run_0 launch_id=selena_adaptime_unified_20260914T204328Z_25264_seasonal slurm_job_id=3427121 launched_at=2026-09-14T20:44:18.314963+00:00
    Total instances: 252, Series during experiment: 126, Windows: 2
    Collecting ground truth and context...
    Detected to_univariate case: 126 flat series -> 21 series x 6 variates
    Organizing data into arrays...
    Saved predictions (quantiles) to /fslarge/scratch/users/h61084/codes/adaptime/outputs/adaptime/evaluations/seasonal_naive/univariate/current_velocity/H/long/run_0/predictions.npz
    Computing per-window metrics...
    Saved metrics to /fslarge/scratch/users/h61084/codes/adaptime/outputs/adaptime/evaluations/seasonal_naive/univariate/current_velocity/H/long/run_0/metrics.npz
    Saved config to /fslarge/scratch/users/h61084/codes/adaptime/outputs/adaptime/evaluations/seasonal_naive/univariate/current_velocity/H/long/run_0/config.json
    Saved aggregate metrics to /fslarge/scratch/users/h61084/codes/adaptime/outputs/adaptime/evaluations/seasonal_naive/univariate/current_velocity/H/long/run_0/metrics_summary.json
    Metrics summary (averaged over all series/windows/variates):
      MSE: 22.5257
      MAE: 1.5682
      RMSE: 1.9732
      MAPE: 4346818060690.5068
      sMAPE: 0.6808
      MASE: 1.9781
      ND: 0.6084
      CRPS: 0.6084
/fslarge/scratch/users/h61084/codes/adaptime/outputs/adaptime/evaluations/seasonal_naive/univariate/current_velocity/H/long/run_0/metrics_summary.json
TIME run allocation action=new run=/fslarge/scratch/users/h61084/codes/adaptime/outputs/adaptime/evaluations/seasonal_naive/univariate/CPHL/15T/short/run_0 launch_id=selena_adaptime_unified_20260914T204328Z_25264_seasonal slurm_job_id=3427121 launched_at=2026-09-14T20:44:18.392849+00:00
    Total instances: 240, Series during experiment: 2, Windows: 120
    Collecting ground truth and context...
    Organizing data into arrays...
    Saved predictions (quantiles) to /fslarge/scratch/users/h61084/codes/adaptime/outputs/adaptime/evaluations/seasonal_naive/univariate/CPHL/15T/short/run_0/predictions.npz
    Computing per-window metrics...
    Saved metrics to /fslarge/scratch/users/h61084/codes/adaptime/outputs/adaptime/evaluations/seasonal_naive/univariate/CPHL/15T/short/run_0/metrics.npz
    Saved config to /fslarge/scratch/users/h61084/codes/adaptime/outputs/adaptime/evaluations/seasonal_naive/univariate/CPHL/15T/short/run_0/config.json
    Saved aggregate metrics to /fslarge/scratch/users/h61084/codes/adaptime/outputs/adaptime/evaluations/seasonal_naive/univariate/CPHL/15T/short/run_0/metrics_summary.json
    Metrics summary (averaged over all series/windows/variates):
      MSE: 0.1706
      MAE: 0.2767
      RMSE: 0.3092
      MAPE: 0.4541
      sMAPE: 0.3725
      MASE: 1.3687
      ND: 0.4340
      CRPS: 0.4340
/fslarge/scratch/users/h61084/codes/adaptime/outputs/adaptime/evaluations/seasonal_naive/univariate/CPHL/15T/short/run_0/metrics_summary.json
TIME run allocation action=new run=/fslarge/scratch/users/h61084/codes/adaptime/outputs/adaptime/evaluations/seasonal_naive/univariate/CPHL/15T/medium/run_0 launch_id=selena_adaptime_unified_20260914T204328Z_25264_seasonal slurm_job_id=3427121 launched_at=2026-09-14T20:44:18.446046+00:00
    Total instances: 30, Series during experiment: 2, Windows: 15
    Collecting ground truth and context...
    Organizing data into arrays...
    Saved predictions (quantiles) to /fslarge/scratch/users/h61084/codes/adaptime/outputs/adaptime/evaluations/seasonal_naive/univariate/CPHL/15T/medium/run_0/predictions.npz
    Computing per-window metrics...
    Saved metrics to /fslarge/scratch/users/h61084/codes/adaptime/outputs/adaptime/evaluations/seasonal_naive/univariate/CPHL/15T/medium/run_0/metrics.npz
    Saved config to /fslarge/scratch/users/h61084/codes/adaptime/outputs/adaptime/evaluations/seasonal_naive/univariate/CPHL/15T/medium/run_0/config.json
    Saved aggregate metrics to /fslarge/scratch/users/h61084/codes/adaptime/outputs/adaptime/evaluations/seasonal_naive/univariate/CPHL/15T/medium/run_0/metrics_summary.json
    Metrics summary (averaged over all series/windows/variates):
      MSE: 0.1707
      MAE: 0.2766
      RMSE: 0.3405
      MAPE: 0.4540
      sMAPE: 0.3724
      MASE: 1.3728
      ND: 0.3809
      CRPS: 0.3809
/fslarge/scratch/users/h61084/codes/adaptime/outputs/adaptime/evaluations/seasonal_naive/univariate/CPHL/15T/medium/run_0/metrics_summary.json
TIME run allocation action=new run=/fslarge/scratch/users/h61084/codes/adaptime/outputs/adaptime/evaluations/seasonal_naive/univariate/CPHL/15T/long/run_0 launch_id=selena_adaptime_unified_20260914T204328Z_25264_seasonal slurm_job_id=3427121 launched_at=2026-09-14T20:44:18.478651+00:00
    Total instances: 10, Series during experiment: 2, Windows: 5
    Collecting ground truth and context...
    Organizing data into arrays...
    Saved predictions (quantiles) to /fslarge/scratch/users/h61084/codes/adaptime/outputs/adaptime/evaluations/seasonal_naive/univariate/CPHL/15T/long/run_0/predictions.npz
    Computing per-window metrics...
    Saved metrics to /fslarge/scratch/users/h61084/codes/adaptime/outputs/adaptime/evaluations/seasonal_naive/univariate/CPHL/15T/long/run_0/metrics.npz
    Saved config to /fslarge/scratch/users/h61084/codes/adaptime/outputs/adaptime/evaluations/seasonal_naive/univariate/CPHL/15T/long/run_0/config.json
    Saved aggregate metrics to /fslarge/scratch/users/h61084/codes/adaptime/outputs/adaptime/evaluations/seasonal_naive/univariate/CPHL/15T/long/run_0/metrics_summary.json
    Metrics summary (averaged over all series/windows/variates):
      MSE: 0.2291
      MAE: 0.3138
      RMSE: 0.3870
      MAPE: 0.5125
      sMAPE: 0.3833
      MASE: 1.5567
      ND: 0.4181
      CRPS: 0.4181
/fslarge/scratch/users/h61084/codes/adaptime/outputs/adaptime/evaluations/seasonal_naive/univariate/CPHL/15T/long/run_0/metrics_summary.json
TIME run allocation action=new run=/fslarge/scratch/users/h61084/codes/adaptime/outputs/adaptime/evaluations/seasonal_naive/univariate/CPHL/30T/short/run_0 launch_id=selena_adaptime_unified_20260914T204328Z_25264_seasonal slurm_job_id=3427121 launched_at=2026-09-14T20:44:18.509945+00:00
    Total instances: 240, Series during experiment: 2, Windows: 120
    Collecting ground truth and context...
    Organizing data into arrays...
    Saved predictions (quantiles) to /fslarge/scratch/users/h61084/codes/adaptime/outputs/adaptime/evaluations/seasonal_naive/univariate/CPHL/30T/short/run_0/predictions.npz
    Computing per-window metrics...
    Saved metrics to /fslarge/scratch/users/h61084/codes/adaptime/outputs/adaptime/evaluations/seasonal_naive/univariate/CPHL/30T/short/run_0/metrics.npz
    Saved config to /fslarge/scratch/users/h61084/codes/adaptime/outputs/adaptime/evaluations/seasonal_naive/univariate/CPHL/30T/short/run_0/config.json
    Saved aggregate metrics to /fslarge/scratch/users/h61084/codes/adaptime/outputs/adaptime/evaluations/seasonal_naive/univariate/CPHL/30T/short/run_0/metrics_summary.json
    Metrics summary (averaged over all series/windows/variates):
      MSE: 1.2685
      MAE: 0.6503
      RMSE: 0.7859
      MAPE: 0.5893
      sMAPE: 0.4079
      MASE: 1.9158
      ND: 0.4355
      CRPS: 0.4355
/fslarge/scratch/users/h61084/codes/adaptime/outputs/adaptime/evaluations/seasonal_naive/univariate/CPHL/30T/short/run_0/metrics_summary.json
TIME run allocation action=new run=/fslarge/scratch/users/h61084/codes/adaptime/outputs/adaptime/evaluations/seasonal_naive/univariate/CPHL/30T/medium/run_0 launch_id=selena_adaptime_unified_20260914T204328Z_25264_seasonal slurm_job_id=3427121 launched_at=2026-09-14T20:44:18.568805+00:00
    Total instances: 60, Series during experiment: 2, Windows: 30
    Collecting ground truth and context...
    Organizing data into arrays...
    Saved predictions (quantiles) to /fslarge/scratch/users/h61084/codes/adaptime/outputs/adaptime/evaluations/seasonal_naive/univariate/CPHL/30T/medium/run_0/predictions.npz
    Computing per-window metrics...
    Saved metrics to /fslarge/scratch/users/h61084/codes/adaptime/outputs/adaptime/evaluations/seasonal_naive/univariate/CPHL/30T/medium/run_0/metrics.npz
    Saved config to /fslarge/scratch/users/h61084/codes/adaptime/outputs/adaptime/evaluations/seasonal_naive/univariate/CPHL/30T/medium/run_0/config.json
    Saved aggregate metrics to /fslarge/scratch/users/h61084/codes/adaptime/outputs/adaptime/evaluations/seasonal_naive/univariate/CPHL/30T/medium/run_0/metrics_summary.json
    Metrics summary (averaged over all series/windows/variates):
      MSE: 1.2144
      MAE: 0.6390
      RMSE: 0.7936
      MAPE: 0.5951
      sMAPE: 0.4047
      MASE: 1.8933
      ND: 0.4197
      CRPS: 0.4197
/fslarge/scratch/users/h61084/codes/adaptime/outputs/adaptime/evaluations/seasonal_naive/univariate/CPHL/30T/medium/run_0/metrics_summary.json
TIME run allocation action=new run=/fslarge/scratch/users/h61084/codes/adaptime/outputs/adaptime/evaluations/seasonal_naive/univariate/CPHL/30T/long/run_0 launch_id=selena_adaptime_unified_20260914T204328Z_25264_seasonal slurm_job_id=3427121 launched_at=2026-09-14T20:44:18.606469+00:00
    Total instances: 20, Series during experiment: 2, Windows: 10
    Collecting ground truth and context...
    Organizing data into arrays...
    Saved predictions (quantiles) to /fslarge/scratch/users/h61084/codes/adaptime/outputs/adaptime/evaluations/seasonal_naive/univariate/CPHL/30T/long/run_0/predictions.npz
    Computing per-window metrics...
    Saved metrics to /fslarge/scratch/users/h61084/codes/adaptime/outputs/adaptime/evaluations/seasonal_naive/univariate/CPHL/30T/long/run_0/metrics.npz
    Saved config to /fslarge/scratch/users/h61084/codes/adaptime/outputs/adaptime/evaluations/seasonal_naive/univariate/CPHL/30T/long/run_0/config.json
    Saved aggregate metrics to /fslarge/scratch/users/h61084/codes/adaptime/outputs/adaptime/evaluations/seasonal_naive/univariate/CPHL/30T/long/run_0/metrics_summary.json
    Metrics summary (averaged over all series/windows/variates):
      MSE: 1.4475
      MAE: 0.7185
      RMSE: 0.8762
      MAPE: 0.7643
      sMAPE: 0.4909
      MASE: 2.2237
      ND: 0.4662
      CRPS: 0.4662
/fslarge/scratch/users/h61084/codes/adaptime/outputs/adaptime/evaluations/seasonal_naive/univariate/CPHL/30T/long/run_0/metrics_summary.json
TIME run allocation action=new run=/fslarge/scratch/users/h61084/codes/adaptime/outputs/adaptime/evaluations/seasonal_naive/univariate/CPHL/H/short/run_0 launch_id=selena_adaptime_unified_20260914T204328Z_25264_seasonal slurm_job_id=3427121 launched_at=2026-09-14T20:44:18.639402+00:00
    Total instances: 112, Series during experiment: 4, Windows: 28
    Collecting ground truth and context...
    Organizing data into arrays...
    Saved predictions (quantiles) to /fslarge/scratch/users/h61084/codes/adaptime/outputs/adaptime/evaluations/seasonal_naive/univariate/CPHL/H/short/run_0/predictions.npz
    Computing per-window metrics...
    Saved metrics to /fslarge/scratch/users/h61084/codes/adaptime/outputs/adaptime/evaluations/seasonal_naive/univariate/CPHL/H/short/run_0/metrics.npz
    Saved config to /fslarge/scratch/users/h61084/codes/adaptime/outputs/adaptime/evaluations/seasonal_naive/univariate/CPHL/H/short/run_0/config.json
    Saved aggregate metrics to /fslarge/scratch/users/h61084/codes/adaptime/outputs/adaptime/evaluations/seasonal_naive/univariate/CPHL/H/short/run_0/metrics_summary.json
    Metrics summary (averaged over all series/windows/variates):
      MSE: 0.5731
      MAE: 0.4246
      RMSE: 0.5127
      MAPE: 0.4200
      sMAPE: 0.3572
      MASE: 1.5555
      ND: 0.3607
      CRPS: 0.3607
/fslarge/scratch/users/h61084/codes/adaptime/outputs/adaptime/evaluations/seasonal_naive/univariate/CPHL/H/short/run_0/metrics_summary.json
TIME run allocation action=new run=/fslarge/scratch/users/h61084/codes/adaptime/outputs/adaptime/evaluations/seasonal_naive/univariate/CPHL/H/medium/run_0 launch_id=selena_adaptime_unified_20260914T204328Z_25264_seasonal slurm_job_id=3427121 launched_at=2026-09-14T20:44:18.678326+00:00
    Total instances: 16, Series during experiment: 4, Windows: 4
    Collecting ground truth and context...
    Organizing data into arrays...
    Saved predictions (quantiles) to /fslarge/scratch/users/h61084/codes/adaptime/outputs/adaptime/evaluations/seasonal_naive/univariate/CPHL/H/medium/run_0/predictions.npz
    Computing per-window metrics...
    Saved metrics to /fslarge/scratch/users/h61084/codes/adaptime/outputs/adaptime/evaluations/seasonal_naive/univariate/CPHL/H/medium/run_0/metrics.npz
    Saved config to /fslarge/scratch/users/h61084/codes/adaptime/outputs/adaptime/evaluations/seasonal_naive/univariate/CPHL/H/medium/run_0/config.json
    Saved aggregate metrics to /fslarge/scratch/users/h61084/codes/adaptime/outputs/adaptime/evaluations/seasonal_naive/univariate/CPHL/H/medium/run_0/metrics_summary.json
    Metrics summary (averaged over all series/windows/variates):
      MSE: 0.6983
      MAE: 0.5267
      RMSE: 0.6506
      MAPE: 0.5989
      sMAPE: 0.4961
      MASE: 2.2276
      ND: 0.5040
      CRPS: 0.5040
/fslarge/scratch/users/h61084/codes/adaptime/outputs/adaptime/evaluations/seasonal_naive/univariate/CPHL/H/medium/run_0/metrics_summary.json
TIME run allocation action=new run=/fslarge/scratch/users/h61084/codes/adaptime/outputs/adaptime/evaluations/seasonal_naive/univariate/CPHL/H/long/run_0 launch_id=selena_adaptime_unified_20260914T204328Z_25264_seasonal slurm_job_id=3427121 launched_at=2026-09-14T20:44:18.708504+00:00
    Total instances: 8, Series during experiment: 4, Windows: 2
    Collecting ground truth and context...
    Organizing data into arrays...
    Saved predictions (quantiles) to /fslarge/scratch/users/h61084/codes/adaptime/outputs/adaptime/evaluations/seasonal_naive/univariate/CPHL/H/long/run_0/predictions.npz
    Computing per-window metrics...
    Saved metrics to /fslarge/scratch/users/h61084/codes/adaptime/outputs/adaptime/evaluations/seasonal_naive/univariate/CPHL/H/long/run_0/metrics.npz
    Saved config to /fslarge/scratch/users/h61084/codes/adaptime/outputs/adaptime/evaluations/seasonal_naive/univariate/CPHL/H/long/run_0/config.json
    Saved aggregate metrics to /fslarge/scratch/users/h61084/codes/adaptime/outputs/adaptime/evaluations/seasonal_naive/univariate/CPHL/H/long/run_0/metrics_summary.json
    Metrics summary (averaged over all series/windows/variates):
      MSE: 0.7768
      MAE: 0.5550
      RMSE: 0.7050
      MAPE: 0.6114
      sMAPE: 0.5468
      MASE: 2.5243
      ND: 0.5314
      CRPS: 0.5314
/fslarge/scratch/users/h61084/codes/adaptime/outputs/adaptime/evaluations/seasonal_naive/univariate/CPHL/H/long/run_0/metrics_summary.json
TIME run allocation action=new run=/fslarge/scratch/users/h61084/codes/adaptime/outputs/adaptime/evaluations/seasonal_naive/univariate/Coastal_T_S/5T/short/run_0 launch_id=selena_adaptime_unified_20260914T204328Z_25264_seasonal slurm_job_id=3427121 launched_at=2026-09-14T20:44:18.738438+00:00
    Total instances: 6480, Series during experiment: 54, Windows: 120
    Collecting ground truth and context...
    Detected to_univariate case: 54 flat series -> 18 series x 3 variates
    Organizing data into arrays...
    Saved predictions (quantiles) to /fslarge/scratch/users/h61084/codes/adaptime/outputs/adaptime/evaluations/seasonal_naive/univariate/Coastal_T_S/5T/short/run_0/predictions.npz
    Computing per-window metrics...
    Saved metrics to /fslarge/scratch/users/h61084/codes/adaptime/outputs/adaptime/evaluations/seasonal_naive/univariate/Coastal_T_S/5T/short/run_0/metrics.npz
    Saved config to /fslarge/scratch/users/h61084/codes/adaptime/outputs/adaptime/evaluations/seasonal_naive/univariate/Coastal_T_S/5T/short/run_0/config.json
    Saved aggregate metrics to /fslarge/scratch/users/h61084/codes/adaptime/outputs/adaptime/evaluations/seasonal_naive/univariate/Coastal_T_S/5T/short/run_0/metrics_summary.json
    Metrics summary (averaged over all series/windows/variates):
      MSE: 219.4145
      MAE: 3.0586
      RMSE: 4.2031
      MAPE: 0.1037
      sMAPE: 0.0701
      MASE: 1.2182
      ND: 0.0713
      CRPS: 0.0713
/fslarge/scratch/users/h61084/codes/adaptime/outputs/adaptime/evaluations/seasonal_naive/univariate/Coastal_T_S/5T/short/run_0/metrics_summary.json
TIME run allocation action=new run=/fslarge/scratch/users/h61084/codes/adaptime/outputs/adaptime/evaluations/seasonal_naive/univariate/Coastal_T_S/5T/medium/run_0 launch_id=selena_adaptime_unified_20260914T204328Z_25264_seasonal slurm_job_id=3427121 launched_at=2026-09-14T20:44:21.478176+00:00
    Total instances: 810, Series during experiment: 54, Windows: 15
    Collecting ground truth and context...
    Detected to_univariate case: 54 flat series -> 18 series x 3 variates
    Organizing data into arrays...
    Saved predictions (quantiles) to /fslarge/scratch/users/h61084/codes/adaptime/outputs/adaptime/evaluations/seasonal_naive/univariate/Coastal_T_S/5T/medium/run_0/predictions.npz
    Computing per-window metrics...
    Saved metrics to /fslarge/scratch/users/h61084/codes/adaptime/outputs/adaptime/evaluations/seasonal_naive/univariate/Coastal_T_S/5T/medium/run_0/metrics.npz
    Saved config to /fslarge/scratch/users/h61084/codes/adaptime/outputs/adaptime/evaluations/seasonal_naive/univariate/Coastal_T_S/5T/medium/run_0/config.json
    Saved aggregate metrics to /fslarge/scratch/users/h61084/codes/adaptime/outputs/adaptime/evaluations/seasonal_naive/univariate/Coastal_T_S/5T/medium/run_0/metrics_summary.json
    Metrics summary (averaged over all series/windows/variates):
      MSE: 219.4145
      MAE: 3.0586
      RMSE: 4.2762
      MAPE: 0.1037
      sMAPE: 0.0701
      MASE: 1.2221
      ND: 0.0709
      CRPS: 0.0709
/fslarge/scratch/users/h61084/codes/adaptime/outputs/adaptime/evaluations/seasonal_naive/univariate/Coastal_T_S/5T/medium/run_0/metrics_summary.json
TIME run allocation action=new run=/fslarge/scratch/users/h61084/codes/adaptime/outputs/adaptime/evaluations/seasonal_naive/univariate/Coastal_T_S/5T/long/run_0 launch_id=selena_adaptime_unified_20260914T204328Z_25264_seasonal slurm_job_id=3427121 launched_at=2026-09-14T20:44:22.074678+00:00
    Total instances: 270, Series during experiment: 54, Windows: 5
    Collecting ground truth and context...
    Detected to_univariate case: 54 flat series -> 18 series x 3 variates
    Organizing data into arrays...
    Saved predictions (quantiles) to /fslarge/scratch/users/h61084/codes/adaptime/outputs/adaptime/evaluations/seasonal_naive/univariate/Coastal_T_S/5T/long/run_0/predictions.npz
    Computing per-window metrics...
    Saved metrics to /fslarge/scratch/users/h61084/codes/adaptime/outputs/adaptime/evaluations/seasonal_naive/univariate/Coastal_T_S/5T/long/run_0/metrics.npz
    Saved config to /fslarge/scratch/users/h61084/codes/adaptime/outputs/adaptime/evaluations/seasonal_naive/univariate/Coastal_T_S/5T/long/run_0/config.json
    Saved aggregate metrics to /fslarge/scratch/users/h61084/codes/adaptime/outputs/adaptime/evaluations/seasonal_naive/univariate/Coastal_T_S/5T/long/run_0/metrics_summary.json
    Metrics summary (averaged over all series/windows/variates):
      MSE: 225.5474
      MAE: 3.2298
      RMSE: 4.4883
      MAPE: 0.1061
      sMAPE: 0.0745
      MASE: 1.4810
      ND: 0.0755
      CRPS: 0.0755
/fslarge/scratch/users/h61084/codes/adaptime/outputs/adaptime/evaluations/seasonal_naive/univariate/Coastal_T_S/5T/long/run_0/metrics_summary.json
TIME run allocation action=new run=/fslarge/scratch/users/h61084/codes/adaptime/outputs/adaptime/evaluations/seasonal_naive/univariate/Coastal_T_S/15T/short/run_0 launch_id=selena_adaptime_unified_20260914T204328Z_25264_seasonal slurm_job_id=3427121 launched_at=2026-09-14T20:44:22.449789+00:00
    Total instances: 1800, Series during experiment: 15, Windows: 120
    Collecting ground truth and context...
    Detected to_univariate case: 15 flat series -> 5 series x 3 variates
    Organizing data into arrays...
    Saved predictions (quantiles) to /fslarge/scratch/users/h61084/codes/adaptime/outputs/adaptime/evaluations/seasonal_naive/univariate/Coastal_T_S/15T/short/run_0/predictions.npz
    Computing per-window metrics...
    Saved metrics to /fslarge/scratch/users/h61084/codes/adaptime/outputs/adaptime/evaluations/seasonal_naive/univariate/Coastal_T_S/15T/short/run_0/metrics.npz
    Saved config to /fslarge/scratch/users/h61084/codes/adaptime/outputs/adaptime/evaluations/seasonal_naive/univariate/Coastal_T_S/15T/short/run_0/config.json
    Saved aggregate metrics to /fslarge/scratch/users/h61084/codes/adaptime/outputs/adaptime/evaluations/seasonal_naive/univariate/Coastal_T_S/15T/short/run_0/metrics_summary.json
    Metrics summary (averaged over all series/windows/variates):
      MSE: 205.6381
      MAE: 4.7237
      RMSE: 6.5568
      MAPE: 0.1504
      sMAPE: 0.1158
      MASE: 1.4480
      ND: 0.1195
      CRPS: 0.1195
/fslarge/scratch/users/h61084/codes/adaptime/outputs/adaptime/evaluations/seasonal_naive/univariate/Coastal_T_S/15T/short/run_0/metrics_summary.json
TIME run allocation action=new run=/fslarge/scratch/users/h61084/codes/adaptime/outputs/adaptime/evaluations/seasonal_naive/univariate/Coastal_T_S/15T/medium/run_0 launch_id=selena_adaptime_unified_20260914T204328Z_25264_seasonal slurm_job_id=3427121 launched_at=2026-09-14T20:44:22.750319+00:00
    Total instances: 225, Series during experiment: 15, Windows: 15
    Collecting ground truth and context...
    Detected to_univariate case: 15 flat series -> 5 series x 3 variates
    Organizing data into arrays...
    Saved predictions (quantiles) to /fslarge/scratch/users/h61084/codes/adaptime/outputs/adaptime/evaluations/seasonal_naive/univariate/Coastal_T_S/15T/medium/run_0/predictions.npz
    Computing per-window metrics...
    Saved metrics to /fslarge/scratch/users/h61084/codes/adaptime/outputs/adaptime/evaluations/seasonal_naive/univariate/Coastal_T_S/15T/medium/run_0/metrics.npz
    Saved config to /fslarge/scratch/users/h61084/codes/adaptime/outputs/adaptime/evaluations/seasonal_naive/univariate/Coastal_T_S/15T/medium/run_0/config.json
    Saved aggregate metrics to /fslarge/scratch/users/h61084/codes/adaptime/outputs/adaptime/evaluations/seasonal_naive/univariate/Coastal_T_S/15T/medium/run_0/metrics_summary.json
    Metrics summary (averaged over all series/windows/variates):
      MSE: 205.6381
      MAE: 4.7237
      RMSE: 6.6422
      MAPE: 0.1504
      sMAPE: 0.1158
      MASE: 1.4517
      ND: 0.1170
      CRPS: 0.1170
/fslarge/scratch/users/h61084/codes/adaptime/outputs/adaptime/evaluations/seasonal_naive/univariate/Coastal_T_S/15T/medium/run_0/metrics_summary.json
TIME run allocation action=new run=/fslarge/scratch/users/h61084/codes/adaptime/outputs/adaptime/evaluations/seasonal_naive/univariate/Coastal_T_S/15T/long/run_0 launch_id=selena_adaptime_unified_20260914T204328Z_25264_seasonal slurm_job_id=3427121 launched_at=2026-09-14T20:44:22.837838+00:00
    Total instances: 75, Series during experiment: 15, Windows: 5
    Collecting ground truth and context...
    Detected to_univariate case: 15 flat series -> 5 series x 3 variates
    Organizing data into arrays...
    Saved predictions (quantiles) to /fslarge/scratch/users/h61084/codes/adaptime/outputs/adaptime/evaluations/seasonal_naive/univariate/Coastal_T_S/15T/long/run_0/predictions.npz
    Computing per-window metrics...
    Saved metrics to /fslarge/scratch/users/h61084/codes/adaptime/outputs/adaptime/evaluations/seasonal_naive/univariate/Coastal_T_S/15T/long/run_0/metrics.npz
    Saved config to /fslarge/scratch/users/h61084/codes/adaptime/outputs/adaptime/evaluations/seasonal_naive/univariate/Coastal_T_S/15T/long/run_0/config.json
    Saved aggregate metrics to /fslarge/scratch/users/h61084/codes/adaptime/outputs/adaptime/evaluations/seasonal_naive/univariate/Coastal_T_S/15T/long/run_0/metrics_summary.json
    Metrics summary (averaged over all series/windows/variates):
      MSE: 212.9253
      MAE: 4.9230
      RMSE: 6.7895
      MAPE: 0.1537
      sMAPE: 0.1211
      MASE: 1.5935
      ND: 0.1221
      CRPS: 0.1221
/fslarge/scratch/users/h61084/codes/adaptime/outputs/adaptime/evaluations/seasonal_naive/univariate/Coastal_T_S/15T/long/run_0/metrics_summary.json
TIME run allocation action=new run=/fslarge/scratch/users/h61084/codes/adaptime/outputs/adaptime/evaluations/seasonal_naive/univariate/Coastal_T_S/20T/short/run_0 launch_id=selena_adaptime_unified_20260914T204328Z_25264_seasonal slurm_job_id=3427121 launched_at=2026-09-14T20:44:22.903247+00:00
    Total instances: 360, Series during experiment: 3, Windows: 120
    Collecting ground truth and context...
    Detected to_univariate case: 3 flat series -> 1 series x 3 variates
    Organizing data into arrays...
    Saved predictions (quantiles) to /fslarge/scratch/users/h61084/codes/adaptime/outputs/adaptime/evaluations/seasonal_naive/univariate/Coastal_T_S/20T/short/run_0/predictions.npz
    Computing per-window metrics...
    Saved metrics to /fslarge/scratch/users/h61084/codes/adaptime/outputs/adaptime/evaluations/seasonal_naive/univariate/Coastal_T_S/20T/short/run_0/metrics.npz
    Saved config to /fslarge/scratch/users/h61084/codes/adaptime/outputs/adaptime/evaluations/seasonal_naive/univariate/Coastal_T_S/20T/short/run_0/config.json
    Saved aggregate metrics to /fslarge/scratch/users/h61084/codes/adaptime/outputs/adaptime/evaluations/seasonal_naive/univariate/Coastal_T_S/20T/short/run_0/metrics_summary.json
    Metrics summary (averaged over all series/windows/variates):
      MSE: 0.0504
      MAE: 0.1661
      RMSE: 0.1752
      MAPE: 0.0067
      sMAPE: 0.0067
      MASE: 1.2782
      ND: 0.0067
      CRPS: 0.0067
/fslarge/scratch/users/h61084/codes/adaptime/outputs/adaptime/evaluations/seasonal_naive/univariate/Coastal_T_S/20T/short/run_0/metrics_summary.json
TIME run allocation action=new run=/fslarge/scratch/users/h61084/codes/adaptime/outputs/adaptime/evaluations/seasonal_naive/univariate/Coastal_T_S/20T/medium/run_0 launch_id=selena_adaptime_unified_20260914T204328Z_25264_seasonal slurm_job_id=3427121 launched_at=2026-09-14T20:44:22.966069+00:00
    Total instances: 45, Series during experiment: 3, Windows: 15
    Collecting ground truth and context...
    Detected to_univariate case: 3 flat series -> 1 series x 3 variates
    Organizing data into arrays...
    Saved predictions (quantiles) to /fslarge/scratch/users/h61084/codes/adaptime/outputs/adaptime/evaluations/seasonal_naive/univariate/Coastal_T_S/20T/medium/run_0/predictions.npz
    Computing per-window metrics...
    Saved metrics to /fslarge/scratch/users/h61084/codes/adaptime/outputs/adaptime/evaluations/seasonal_naive/univariate/Coastal_T_S/20T/medium/run_0/metrics.npz
    Saved config to /fslarge/scratch/users/h61084/codes/adaptime/outputs/adaptime/evaluations/seasonal_naive/univariate/Coastal_T_S/20T/medium/run_0/config.json
    Saved aggregate metrics to /fslarge/scratch/users/h61084/codes/adaptime/outputs/adaptime/evaluations/seasonal_naive/univariate/Coastal_T_S/20T/medium/run_0/metrics_summary.json
    Metrics summary (averaged over all series/windows/variates):
      MSE: 0.0504
      MAE: 0.1661
      RMSE: 0.1968
      MAPE: 0.0067
      sMAPE: 0.0067
      MASE: 1.2828
      ND: 0.0067
      CRPS: 0.0067
/fslarge/scratch/users/h61084/codes/adaptime/outputs/adaptime/evaluations/seasonal_naive/univariate/Coastal_T_S/20T/medium/run_0/metrics_summary.json
TIME run allocation action=new run=/fslarge/scratch/users/h61084/codes/adaptime/outputs/adaptime/evaluations/seasonal_naive/univariate/Coastal_T_S/20T/long/run_0 launch_id=selena_adaptime_unified_20260914T204328Z_25264_seasonal slurm_job_id=3427121 launched_at=2026-09-14T20:44:23.002911+00:00
    Total instances: 15, Series during experiment: 3, Windows: 5
    Collecting ground truth and context...
    Detected to_univariate case: 3 flat series -> 1 series x 3 variates
    Organizing data into arrays...
    Saved predictions (quantiles) to /fslarge/scratch/users/h61084/codes/adaptime/outputs/adaptime/evaluations/seasonal_naive/univariate/Coastal_T_S/20T/long/run_0/predictions.npz
    Computing per-window metrics...
    Saved metrics to /fslarge/scratch/users/h61084/codes/adaptime/outputs/adaptime/evaluations/seasonal_naive/univariate/Coastal_T_S/20T/long/run_0/metrics.npz
    Saved config to /fslarge/scratch/users/h61084/codes/adaptime/outputs/adaptime/evaluations/seasonal_naive/univariate/Coastal_T_S/20T/long/run_0/config.json
    Saved aggregate metrics to /fslarge/scratch/users/h61084/codes/adaptime/outputs/adaptime/evaluations/seasonal_naive/univariate/Coastal_T_S/20T/long/run_0/metrics_summary.json
    Metrics summary (averaged over all series/windows/variates):
      MSE: 0.1179
      MAE: 0.2425
      RMSE: 0.3049
      MAPE: 0.0101
      sMAPE: 0.0101
      MASE: 1.8378
      ND: 0.0101
      CRPS: 0.0101
/fslarge/scratch/users/h61084/codes/adaptime/outputs/adaptime/evaluations/seasonal_naive/univariate/Coastal_T_S/20T/long/run_0/metrics_summary.json
TIME run allocation action=new run=/fslarge/scratch/users/h61084/codes/adaptime/outputs/adaptime/evaluations/seasonal_naive/univariate/Coastal_T_S/H/short/run_0 launch_id=selena_adaptime_unified_20260914T204328Z_25264_seasonal slurm_job_id=3427121 launched_at=2026-09-14T20:44:23.036601+00:00
    Total instances: 2016, Series during experiment: 72, Windows: 28
    Collecting ground truth and context...
    Detected to_univariate case: 72 flat series -> 24 series x 3 variates
    Organizing data into arrays...
    Saved predictions (quantiles) to /fslarge/scratch/users/h61084/codes/adaptime/outputs/adaptime/evaluations/seasonal_naive/univariate/Coastal_T_S/H/short/run_0/predictions.npz
    Computing per-window metrics...
    Saved metrics to /fslarge/scratch/users/h61084/codes/adaptime/outputs/adaptime/evaluations/seasonal_naive/univariate/Coastal_T_S/H/short/run_0/metrics.npz
    Saved config to /fslarge/scratch/users/h61084/codes/adaptime/outputs/adaptime/evaluations/seasonal_naive/univariate/Coastal_T_S/H/short/run_0/config.json
    Saved aggregate metrics to /fslarge/scratch/users/h61084/codes/adaptime/outputs/adaptime/evaluations/seasonal_naive/univariate/Coastal_T_S/H/short/run_0/metrics_summary.json
    Metrics summary (averaged over all series/windows/variates):
      MSE: 27.3531
      MAE: 1.4652
      RMSE: 1.8309
      MAPE: 0.0384
      sMAPE: 0.0367
      MASE: 1.2049
      ND: 0.0363
      CRPS: 0.0363
/fslarge/scratch/users/h61084/codes/adaptime/outputs/adaptime/evaluations/seasonal_naive/univariate/Coastal_T_S/H/short/run_0/metrics_summary.json
TIME run allocation action=new run=/fslarge/scratch/users/h61084/codes/adaptime/outputs/adaptime/evaluations/seasonal_naive/univariate/Coastal_T_S/H/medium/run_0 launch_id=selena_adaptime_unified_20260914T204328Z_25264_seasonal slurm_job_id=3427121 launched_at=2026-09-14T20:44:23.271717+00:00
    Total instances: 288, Series during experiment: 72, Windows: 4
    Collecting ground truth and context...
    Detected to_univariate case: 72 flat series -> 24 series x 3 variates
    Organizing data into arrays...
    Saved predictions (quantiles) to /fslarge/scratch/users/h61084/codes/adaptime/outputs/adaptime/evaluations/seasonal_naive/univariate/Coastal_T_S/H/medium/run_0/predictions.npz
    Computing per-window metrics...
    Saved metrics to /fslarge/scratch/users/h61084/codes/adaptime/outputs/adaptime/evaluations/seasonal_naive/univariate/Coastal_T_S/H/medium/run_0/metrics.npz
    Saved config to /fslarge/scratch/users/h61084/codes/adaptime/outputs/adaptime/evaluations/seasonal_naive/univariate/Coastal_T_S/H/medium/run_0/config.json
    Saved aggregate metrics to /fslarge/scratch/users/h61084/codes/adaptime/outputs/adaptime/evaluations/seasonal_naive/univariate/Coastal_T_S/H/medium/run_0/metrics_summary.json
    Metrics summary (averaged over all series/windows/variates):
      MSE: 34.9174
      MAE: 1.8128
      RMSE: 2.2748
      MAPE: 0.0523
      sMAPE: 0.0472
      MASE: 2.0550
      ND: 0.0499
      CRPS: 0.0499
/fslarge/scratch/users/h61084/codes/adaptime/outputs/adaptime/evaluations/seasonal_naive/univariate/Coastal_T_S/H/medium/run_0/metrics_summary.json
TIME run allocation action=new run=/fslarge/scratch/users/h61084/codes/adaptime/outputs/adaptime/evaluations/seasonal_naive/univariate/Coastal_T_S/H/long/run_0 launch_id=selena_adaptime_unified_20260914T204328Z_25264_seasonal slurm_job_id=3427121 launched_at=2026-09-14T20:44:23.350859+00:00
    Total instances: 144, Series during experiment: 72, Windows: 2
    Collecting ground truth and context...
    Detected to_univariate case: 72 flat series -> 24 series x 3 variates
    Organizing data into arrays...
    Saved predictions (quantiles) to /fslarge/scratch/users/h61084/codes/adaptime/outputs/adaptime/evaluations/seasonal_naive/univariate/Coastal_T_S/H/long/run_0/predictions.npz
    Computing per-window metrics...
    Saved metrics to /fslarge/scratch/users/h61084/codes/adaptime/outputs/adaptime/evaluations/seasonal_naive/univariate/Coastal_T_S/H/long/run_0/metrics.npz
    Saved config to /fslarge/scratch/users/h61084/codes/adaptime/outputs/adaptime/evaluations/seasonal_naive/univariate/Coastal_T_S/H/long/run_0/config.json
    Saved aggregate metrics to /fslarge/scratch/users/h61084/codes/adaptime/outputs/adaptime/evaluations/seasonal_naive/univariate/Coastal_T_S/H/long/run_0/metrics_summary.json
    Metrics summary (averaged over all series/windows/variates):
      MSE: 36.6719
      MAE: 1.8973
      RMSE: 2.4147
      MAPE: 0.0568
      sMAPE: 0.0515
      MASE: 2.6468
      ND: 0.0519
      CRPS: 0.0519
/fslarge/scratch/users/h61084/codes/adaptime/outputs/adaptime/evaluations/seasonal_naive/univariate/Coastal_T_S/H/long/run_0/metrics_summary.json
TIME run allocation action=new run=/fslarge/scratch/users/h61084/codes/adaptime/outputs/adaptime/evaluations/seasonal_naive/univariate/SG_Weather/D/short/run_0 launch_id=selena_adaptime_unified_20260914T204328Z_25264_seasonal slurm_job_id=3427121 launched_at=2026-09-14T20:44:23.417108+00:00
    Total instances: 2928, Series during experiment: 24, Windows: 122
    Collecting ground truth and context...
    Detected to_univariate case: 24 flat series -> 6 series x 4 variates
    Organizing data into arrays...
    Saved predictions (quantiles) to /fslarge/scratch/users/h61084/codes/adaptime/outputs/adaptime/evaluations/seasonal_naive/univariate/SG_Weather/D/short/run_0/predictions.npz
    Computing per-window metrics...
    Saved metrics to /fslarge/scratch/users/h61084/codes/adaptime/outputs/adaptime/evaluations/seasonal_naive/univariate/SG_Weather/D/short/run_0/metrics.npz
    Saved config to /fslarge/scratch/users/h61084/codes/adaptime/outputs/adaptime/evaluations/seasonal_naive/univariate/SG_Weather/D/short/run_0/config.json
    Saved aggregate metrics to /fslarge/scratch/users/h61084/codes/adaptime/outputs/adaptime/evaluations/seasonal_naive/univariate/SG_Weather/D/short/run_0/metrics_summary.json
    Metrics summary (averaged over all series/windows/variates):
      MSE: 3629.6993
      MAE: 21.8121
      RMSE: 25.2493
      MAPE: 0.5116
      sMAPE: 0.2695
      MASE: 1.0690
      ND: 0.3110
      CRPS: 0.3110
/fslarge/scratch/users/h61084/codes/adaptime/outputs/adaptime/evaluations/seasonal_naive/univariate/SG_Weather/D/short/run_0/metrics_summary.json
TIME run allocation action=new run=/fslarge/scratch/users/h61084/codes/adaptime/outputs/adaptime/evaluations/seasonal_naive/univariate/SG_Weather/D/medium/run_0 launch_id=selena_adaptime_unified_20260914T204328Z_25264_seasonal slurm_job_id=3427121 launched_at=2026-09-14T20:44:23.656408+00:00
    Total instances: 1248, Series during experiment: 24, Windows: 52
    Collecting ground truth and context...
    Detected to_univariate case: 24 flat series -> 6 series x 4 variates
    Organizing data into arrays...
    Saved predictions (quantiles) to /fslarge/scratch/users/h61084/codes/adaptime/outputs/adaptime/evaluations/seasonal_naive/univariate/SG_Weather/D/medium/run_0/predictions.npz
    Computing per-window metrics...
    Saved metrics to /fslarge/scratch/users/h61084/codes/adaptime/outputs/adaptime/evaluations/seasonal_naive/univariate/SG_Weather/D/medium/run_0/metrics.npz
    Saved config to /fslarge/scratch/users/h61084/codes/adaptime/outputs/adaptime/evaluations/seasonal_naive/univariate/SG_Weather/D/medium/run_0/config.json
    Saved aggregate metrics to /fslarge/scratch/users/h61084/codes/adaptime/outputs/adaptime/evaluations/seasonal_naive/univariate/SG_Weather/D/medium/run_0/metrics_summary.json
    Metrics summary (averaged over all series/windows/variates):
      MSE: 4142.7605
      MAE: 24.4711
      RMSE: 29.3966
      MAPE: 0.5714
      sMAPE: 0.2924
      MASE: 1.1803
      ND: 0.3236
      CRPS: 0.3236
/fslarge/scratch/users/h61084/codes/adaptime/outputs/adaptime/evaluations/seasonal_naive/univariate/SG_Weather/D/medium/run_0/metrics_summary.json
TIME run allocation action=new run=/fslarge/scratch/users/h61084/codes/adaptime/outputs/adaptime/evaluations/seasonal_naive/univariate/SG_Weather/D/long/run_0 launch_id=selena_adaptime_unified_20260914T204328Z_25264_seasonal slurm_job_id=3427121 launched_at=2026-09-14T20:44:23.777344+00:00
    Total instances: 624, Series during experiment: 24, Windows: 26
    Collecting ground truth and context...
    Detected to_univariate case: 24 flat series -> 6 series x 4 variates
    Organizing data into arrays...
    Saved predictions (quantiles) to /fslarge/scratch/users/h61084/codes/adaptime/outputs/adaptime/evaluations/seasonal_naive/univariate/SG_Weather/D/long/run_0/predictions.npz
    Computing per-window metrics...
    Saved metrics to /fslarge/scratch/users/h61084/codes/adaptime/outputs/adaptime/evaluations/seasonal_naive/univariate/SG_Weather/D/long/run_0/metrics.npz
    Saved config to /fslarge/scratch/users/h61084/codes/adaptime/outputs/adaptime/evaluations/seasonal_naive/univariate/SG_Weather/D/long/run_0/config.json
    Saved aggregate metrics to /fslarge/scratch/users/h61084/codes/adaptime/outputs/adaptime/evaluations/seasonal_naive/univariate/SG_Weather/D/long/run_0/metrics_summary.json
    Metrics summary (averaged over all series/windows/variates):
      MSE: 3817.9822
      MAE: 23.0608
      RMSE: 28.8593
      MAPE: 0.5482
      sMAPE: 0.2842
      MASE: 1.1878
      ND: 0.3011
      CRPS: 0.3011
/fslarge/scratch/users/h61084/codes/adaptime/outputs/adaptime/evaluations/seasonal_naive/univariate/SG_Weather/D/long/run_0/metrics_summary.json
TIME run allocation action=new run=/fslarge/scratch/users/h61084/codes/adaptime/outputs/adaptime/evaluations/seasonal_naive/univariate/SG_PM25/H/short/run_0 launch_id=selena_adaptime_unified_20260914T204328Z_25264_seasonal slurm_job_id=3427121 launched_at=2026-09-14T20:44:23.855067+00:00
    Total instances: 460, Series during experiment: 5, Windows: 92
    Collecting ground truth and context...
    Detected to_univariate case: 5 flat series -> 1 series x 5 variates
    Organizing data into arrays...
    Saved predictions (quantiles) to /fslarge/scratch/users/h61084/codes/adaptime/outputs/adaptime/evaluations/seasonal_naive/univariate/SG_PM25/H/short/run_0/predictions.npz
    Computing per-window metrics...
    Saved metrics to /fslarge/scratch/users/h61084/codes/adaptime/outputs/adaptime/evaluations/seasonal_naive/univariate/SG_PM25/H/short/run_0/metrics.npz
    Saved config to /fslarge/scratch/users/h61084/codes/adaptime/outputs/adaptime/evaluations/seasonal_naive/univariate/SG_PM25/H/short/run_0/config.json
    Saved aggregate metrics to /fslarge/scratch/users/h61084/codes/adaptime/outputs/adaptime/evaluations/seasonal_naive/univariate/SG_PM25/H/short/run_0/metrics_summary.json
    Metrics summary (averaged over all series/windows/variates):
      MSE: 70.4910
      MAE: 6.1640
      RMSE: 7.7072
      MAPE: 0.6697
      sMAPE: 0.5076
      MASE: 1.1720
      ND: 0.5321
      CRPS: 0.5321
/fslarge/scratch/users/h61084/codes/adaptime/outputs/adaptime/evaluations/seasonal_naive/univariate/SG_PM25/H/short/run_0/metrics_summary.json
TIME run allocation action=new run=/fslarge/scratch/users/h61084/codes/adaptime/outputs/adaptime/evaluations/seasonal_naive/univariate/SG_PM25/H/medium/run_0 launch_id=selena_adaptime_unified_20260914T204328Z_25264_seasonal slurm_job_id=3427121 launched_at=2026-09-14T20:44:24.012649+00:00
    Total instances: 150, Series during experiment: 5, Windows: 30
    Collecting ground truth and context...
    Detected to_univariate case: 5 flat series -> 1 series x 5 variates
    Organizing data into arrays...
    Saved predictions (quantiles) to /fslarge/scratch/users/h61084/codes/adaptime/outputs/adaptime/evaluations/seasonal_naive/univariate/SG_PM25/H/medium/run_0/predictions.npz
    Computing per-window metrics...
    Saved metrics to /fslarge/scratch/users/h61084/codes/adaptime/outputs/adaptime/evaluations/seasonal_naive/univariate/SG_PM25/H/medium/run_0/metrics.npz
    Saved config to /fslarge/scratch/users/h61084/codes/adaptime/outputs/adaptime/evaluations/seasonal_naive/univariate/SG_PM25/H/medium/run_0/config.json
    Saved aggregate metrics to /fslarge/scratch/users/h61084/codes/adaptime/outputs/adaptime/evaluations/seasonal_naive/univariate/SG_PM25/H/medium/run_0/metrics_summary.json
    Metrics summary (averaged over all series/windows/variates):
      MSE: 71.1614
      MAE: 6.2366
      RMSE: 7.9249
      MAPE: 0.6681
      sMAPE: 0.5159
      MASE: 1.1852
      ND: 0.5203
      CRPS: 0.5203
/fslarge/scratch/users/h61084/codes/adaptime/outputs/adaptime/evaluations/seasonal_naive/univariate/SG_PM25/H/medium/run_0/metrics_summary.json
TIME run allocation action=new run=/fslarge/scratch/users/h61084/codes/adaptime/outputs/adaptime/evaluations/seasonal_naive/univariate/SG_PM25/H/long/run_0 launch_id=selena_adaptime_unified_20260914T204328Z_25264_seasonal slurm_job_id=3427121 launched_at=2026-09-14T20:44:24.109152+00:00
    Total instances: 65, Series during experiment: 5, Windows: 13
    Collecting ground truth and context...
    Detected to_univariate case: 5 flat series -> 1 series x 5 variates
    Organizing data into arrays...
    Saved predictions (quantiles) to /fslarge/scratch/users/h61084/codes/adaptime/outputs/adaptime/evaluations/seasonal_naive/univariate/SG_PM25/H/long/run_0/predictions.npz
    Computing per-window metrics...
    Saved metrics to /fslarge/scratch/users/h61084/codes/adaptime/outputs/adaptime/evaluations/seasonal_naive/univariate/SG_PM25/H/long/run_0/metrics.npz
    Saved config to /fslarge/scratch/users/h61084/codes/adaptime/outputs/adaptime/evaluations/seasonal_naive/univariate/SG_PM25/H/long/run_0/config.json
    Saved aggregate metrics to /fslarge/scratch/users/h61084/codes/adaptime/outputs/adaptime/evaluations/seasonal_naive/univariate/SG_PM25/H/long/run_0/metrics_summary.json
    Metrics summary (averaged over all series/windows/variates):
      MSE: 81.3696
      MAE: 6.8059
      RMSE: 8.6916
      MAPE: 0.7692
      sMAPE: 0.5415
      MASE: 1.2910
      ND: 0.5676
      CRPS: 0.5676
/fslarge/scratch/users/h61084/codes/adaptime/outputs/adaptime/evaluations/seasonal_naive/univariate/SG_PM25/H/long/run_0/metrics_summary.json
TIME run allocation action=new run=/fslarge/scratch/users/h61084/codes/adaptime/outputs/adaptime/evaluations/seasonal_naive/univariate/NE_China_Wind/H/short/run_0 launch_id=selena_adaptime_unified_20260914T204328Z_25264_seasonal slurm_job_id=3427121 launched_at=2026-09-14T20:44:24.189151+00:00
    Total instances: 120, Series during experiment: 4, Windows: 30
    Collecting ground truth and context...
    Detected to_univariate case: 4 flat series -> 1 series x 4 variates
    Organizing data into arrays...
    Saved predictions (quantiles) to /fslarge/scratch/users/h61084/codes/adaptime/outputs/adaptime/evaluations/seasonal_naive/univariate/NE_China_Wind/H/short/run_0/predictions.npz
    Computing per-window metrics...
    Saved metrics to /fslarge/scratch/users/h61084/codes/adaptime/outputs/adaptime/evaluations/seasonal_naive/univariate/NE_China_Wind/H/short/run_0/metrics.npz
    Saved config to /fslarge/scratch/users/h61084/codes/adaptime/outputs/adaptime/evaluations/seasonal_naive/univariate/NE_China_Wind/H/short/run_0/config.json
    Saved aggregate metrics to /fslarge/scratch/users/h61084/codes/adaptime/outputs/adaptime/evaluations/seasonal_naive/univariate/NE_China_Wind/H/short/run_0/metrics_summary.json
    Metrics summary (averaged over all series/windows/variates):
      MSE: 0.2639
      MAE: 0.3584
      RMSE: 0.4021
      MAPE: 1.5869
      sMAPE: 0.6338
      MASE: 0.8322
      ND: 0.7402
      CRPS: 0.7402
/fslarge/scratch/users/h61084/codes/adaptime/outputs/adaptime/evaluations/seasonal_naive/univariate/NE_China_Wind/H/short/run_0/metrics_summary.json
TIME run allocation action=new run=/fslarge/scratch/users/h61084/codes/adaptime/outputs/adaptime/evaluations/seasonal_naive/univariate/NE_China_Wind/H/medium/run_0 launch_id=selena_adaptime_unified_20260914T204328Z_25264_seasonal slurm_job_id=3427121 launched_at=2026-09-14T20:44:24.234392+00:00
    Total instances: 40, Series during experiment: 4, Windows: 10
    Collecting ground truth and context...
    Detected to_univariate case: 4 flat series -> 1 series x 4 variates
    Organizing data into arrays...
    Saved predictions (quantiles) to /fslarge/scratch/users/h61084/codes/adaptime/outputs/adaptime/evaluations/seasonal_naive/univariate/NE_China_Wind/H/medium/run_0/predictions.npz
    Computing per-window metrics...
    Saved metrics to /fslarge/scratch/users/h61084/codes/adaptime/outputs/adaptime/evaluations/seasonal_naive/univariate/NE_China_Wind/H/medium/run_0/metrics.npz
    Saved config to /fslarge/scratch/users/h61084/codes/adaptime/outputs/adaptime/evaluations/seasonal_naive/univariate/NE_China_Wind/H/medium/run_0/config.json
    Saved aggregate metrics to /fslarge/scratch/users/h61084/codes/adaptime/outputs/adaptime/evaluations/seasonal_naive/univariate/NE_China_Wind/H/medium/run_0/metrics_summary.json
    Metrics summary (averaged over all series/windows/variates):
      MSE: 0.3842
      MAE: 0.4535
      RMSE: 0.5182
      MAPE: 1.8737
      sMAPE: 0.7643
      MASE: 1.0925
      ND: 0.7432
      CRPS: 0.7432
/fslarge/scratch/users/h61084/codes/adaptime/outputs/adaptime/evaluations/seasonal_naive/univariate/NE_China_Wind/H/medium/run_0/metrics_summary.json
TIME run allocation action=new run=/fslarge/scratch/users/h61084/codes/adaptime/outputs/adaptime/evaluations/seasonal_naive/univariate/NE_China_Wind/H/long/run_0 launch_id=selena_adaptime_unified_20260914T204328Z_25264_seasonal slurm_job_id=3427121 launched_at=2026-09-14T20:44:24.272349+00:00
    Total instances: 16, Series during experiment: 4, Windows: 4
    Collecting ground truth and context...
    Detected to_univariate case: 4 flat series -> 1 series x 4 variates
    Organizing data into arrays...
    Saved predictions (quantiles) to /fslarge/scratch/users/h61084/codes/adaptime/outputs/adaptime/evaluations/seasonal_naive/univariate/NE_China_Wind/H/long/run_0/predictions.npz
    Computing per-window metrics...
    Saved metrics to /fslarge/scratch/users/h61084/codes/adaptime/outputs/adaptime/evaluations/seasonal_naive/univariate/NE_China_Wind/H/long/run_0/metrics.npz
    Saved config to /fslarge/scratch/users/h61084/codes/adaptime/outputs/adaptime/evaluations/seasonal_naive/univariate/NE_China_Wind/H/long/run_0/config.json
    Saved aggregate metrics to /fslarge/scratch/users/h61084/codes/adaptime/outputs/adaptime/evaluations/seasonal_naive/univariate/NE_China_Wind/H/long/run_0/metrics_summary.json
    Metrics summary (averaged over all series/windows/variates):
      MSE: 0.4333
      MAE: 0.4975
      RMSE: 0.6057
      MAPE: 1.6490
      sMAPE: 0.7946
      MASE: 1.3311
      ND: 0.6797
      CRPS: 0.6797
/fslarge/scratch/users/h61084/codes/adaptime/outputs/adaptime/evaluations/seasonal_naive/univariate/NE_China_Wind/H/long/run_0/metrics_summary.json
TIME run allocation action=new run=/fslarge/scratch/users/h61084/codes/adaptime/outputs/adaptime/evaluations/seasonal_naive/univariate/Australia_Solar/H/short/run_0 launch_id=selena_adaptime_unified_20260914T204328Z_25264_seasonal slurm_job_id=3427121 launched_at=2026-09-14T20:44:24.309193+00:00
    Total instances: 315, Series during experiment: 3, Windows: 105
    Collecting ground truth and context...
    Detected to_univariate case: 3 flat series -> 1 series x 3 variates
    Organizing data into arrays...
    ⚠️  Predictions max value (1945249.00) exceeds float16 safe range.
    ⚠️  Applying scale factor: 100 (values will be divided)
    Saved predictions (quantiles) to /fslarge/scratch/users/h61084/codes/adaptime/outputs/adaptime/evaluations/seasonal_naive/univariate/Australia_Solar/H/short/run_0/predictions.npz
    Computing per-window metrics...
    Saved metrics to /fslarge/scratch/users/h61084/codes/adaptime/outputs/adaptime/evaluations/seasonal_naive/univariate/Australia_Solar/H/short/run_0/metrics.npz
    Saved config to /fslarge/scratch/users/h61084/codes/adaptime/outputs/adaptime/evaluations/seasonal_naive/univariate/Australia_Solar/H/short/run_0/config.json
    Saved aggregate metrics to /fslarge/scratch/users/h61084/codes/adaptime/outputs/adaptime/evaluations/seasonal_naive/univariate/Australia_Solar/H/short/run_0/metrics_summary.json
    Metrics summary (averaged over all series/windows/variates):
      MSE: 39089163419.0427
      MAE: 95466.4722
      RMSE: 129102.6292
      MAPE: 1072.0277
      sMAPE: 0.3559
      MASE: 1.2355
      ND: 0.3478
      CRPS: 0.3478
/fslarge/scratch/users/h61084/codes/adaptime/outputs/adaptime/evaluations/seasonal_naive/univariate/Australia_Solar/H/short/run_0/metrics_summary.json
TIME run allocation action=new run=/fslarge/scratch/users/h61084/codes/adaptime/outputs/adaptime/evaluations/seasonal_naive/univariate/Australia_Solar/H/medium/run_0 launch_id=selena_adaptime_unified_20260914T204328Z_25264_seasonal slurm_job_id=3427121 launched_at=2026-09-14T20:44:24.413686+00:00
    Total instances: 105, Series during experiment: 3, Windows: 35
    Collecting ground truth and context...
    Detected to_univariate case: 3 flat series -> 1 series x 3 variates
    Organizing data into arrays...
    ⚠️  Predictions max value (1927032.00) exceeds float16 safe range.
    ⚠️  Applying scale factor: 100 (values will be divided)
    Saved predictions (quantiles) to /fslarge/scratch/users/h61084/codes/adaptime/outputs/adaptime/evaluations/seasonal_naive/univariate/Australia_Solar/H/medium/run_0/predictions.npz
    Computing per-window metrics...
    Saved metrics to /fslarge/scratch/users/h61084/codes/adaptime/outputs/adaptime/evaluations/seasonal_naive/univariate/Australia_Solar/H/medium/run_0/metrics.npz
    Saved config to /fslarge/scratch/users/h61084/codes/adaptime/outputs/adaptime/evaluations/seasonal_naive/univariate/Australia_Solar/H/medium/run_0/config.json
    Saved aggregate metrics to /fslarge/scratch/users/h61084/codes/adaptime/outputs/adaptime/evaluations/seasonal_naive/univariate/Australia_Solar/H/medium/run_0/metrics_summary.json
    Metrics summary (averaged over all series/windows/variates):
      MSE: 41978724496.6677
      MAE: 101098.4159
      RMSE: 149379.6230
      MAPE: 1122.3709
      sMAPE: 0.3846
      MASE: 1.3590
      ND: 0.3168
      CRPS: 0.3168
/fslarge/scratch/users/h61084/codes/adaptime/outputs/adaptime/evaluations/seasonal_naive/univariate/Australia_Solar/H/medium/run_0/metrics_summary.json
TIME run allocation action=new run=/fslarge/scratch/users/h61084/codes/adaptime/outputs/adaptime/evaluations/seasonal_naive/univariate/Australia_Solar/H/long/run_0 launch_id=selena_adaptime_unified_20260914T204328Z_25264_seasonal slurm_job_id=3427121 launched_at=2026-09-14T20:44:24.480289+00:00
    Total instances: 45, Series during experiment: 3, Windows: 15
    Collecting ground truth and context...
    Detected to_univariate case: 3 flat series -> 1 series x 3 variates
    Organizing data into arrays...
    ⚠️  Predictions max value (1770366.00) exceeds float16 safe range.
    ⚠️  Applying scale factor: 100 (values will be divided)
    Saved predictions (quantiles) to /fslarge/scratch/users/h61084/codes/adaptime/outputs/adaptime/evaluations/seasonal_naive/univariate/Australia_Solar/H/long/run_0/predictions.npz
    Computing per-window metrics...
    Saved metrics to /fslarge/scratch/users/h61084/codes/adaptime/outputs/adaptime/evaluations/seasonal_naive/univariate/Australia_Solar/H/long/run_0/metrics.npz
    Saved config to /fslarge/scratch/users/h61084/codes/adaptime/outputs/adaptime/evaluations/seasonal_naive/univariate/Australia_Solar/H/long/run_0/config.json
    Saved aggregate metrics to /fslarge/scratch/users/h61084/codes/adaptime/outputs/adaptime/evaluations/seasonal_naive/univariate/Australia_Solar/H/long/run_0/metrics_summary.json
    Metrics summary (averaged over all series/windows/variates):
      MSE: 30836958999.9058
      MAE: 86718.3089
      RMSE: 138890.2710
      MAPE: 435.7225
      sMAPE: 0.3600
      MASE: 1.2763
      ND: 0.2889
      CRPS: 0.2889
/fslarge/scratch/users/h61084/codes/adaptime/outputs/adaptime/evaluations/seasonal_naive/univariate/Australia_Solar/H/long/run_0/metrics_summary.json
TIME run allocation action=new run=/fslarge/scratch/users/h61084/codes/adaptime/outputs/adaptime/evaluations/seasonal_naive/univariate/epf_electricity_price/H/short/run_0 launch_id=selena_adaptime_unified_20260914T204328Z_25264_seasonal slurm_job_id=3427121 launched_at=2026-09-14T20:44:24.537015+00:00
    Total instances: 525, Series during experiment: 5, Windows: 105
    Collecting ground truth and context...
    Organizing data into arrays...
    Saved predictions (quantiles) to /fslarge/scratch/users/h61084/codes/adaptime/outputs/adaptime/evaluations/seasonal_naive/univariate/epf_electricity_price/H/short/run_0/predictions.npz
    Computing per-window metrics...
    Saved metrics to /fslarge/scratch/users/h61084/codes/adaptime/outputs/adaptime/evaluations/seasonal_naive/univariate/epf_electricity_price/H/short/run_0/metrics.npz
    Saved config to /fslarge/scratch/users/h61084/codes/adaptime/outputs/adaptime/evaluations/seasonal_naive/univariate/epf_electricity_price/H/short/run_0/config.json
    Saved aggregate metrics to /fslarge/scratch/users/h61084/codes/adaptime/outputs/adaptime/evaluations/seasonal_naive/univariate/epf_electricity_price/H/short/run_0/metrics_summary.json
    Metrics summary (averaged over all series/windows/variates):
      MSE: 252.4744
      MAE: 9.1745
      RMSE: 11.3527
      MAPE: 1.6592
      sMAPE: 0.2302
      MASE: 1.4288
      ND: 0.2366
      CRPS: 0.2366
/fslarge/scratch/users/h61084/codes/adaptime/outputs/adaptime/evaluations/seasonal_naive/univariate/epf_electricity_price/H/short/run_0/metrics_summary.json
TIME run allocation action=new run=/fslarge/scratch/users/h61084/codes/adaptime/outputs/adaptime/evaluations/seasonal_naive/univariate/epf_electricity_price/H/medium/run_0 launch_id=selena_adaptime_unified_20260914T204328Z_25264_seasonal slurm_job_id=3427121 launched_at=2026-09-14T20:44:24.707605+00:00
    Total instances: 175, Series during experiment: 5, Windows: 35
    Collecting ground truth and context...
    Organizing data into arrays...
    Saved predictions (quantiles) to /fslarge/scratch/users/h61084/codes/adaptime/outputs/adaptime/evaluations/seasonal_naive/univariate/epf_electricity_price/H/medium/run_0/predictions.npz
    Computing per-window metrics...
    Saved metrics to /fslarge/scratch/users/h61084/codes/adaptime/outputs/adaptime/evaluations/seasonal_naive/univariate/epf_electricity_price/H/medium/run_0/metrics.npz
    Saved config to /fslarge/scratch/users/h61084/codes/adaptime/outputs/adaptime/evaluations/seasonal_naive/univariate/epf_electricity_price/H/medium/run_0/config.json
    Saved aggregate metrics to /fslarge/scratch/users/h61084/codes/adaptime/outputs/adaptime/evaluations/seasonal_naive/univariate/epf_electricity_price/H/medium/run_0/metrics_summary.json
    Metrics summary (averaged over all series/windows/variates):
      MSE: 433.3530
      MAE: 12.0715
      RMSE: 15.1800
      MAPE: 2.2627
      sMAPE: 0.2831
      MASE: 1.8635
      ND: 0.2900
      CRPS: 0.2900
/fslarge/scratch/users/h61084/codes/adaptime/outputs/adaptime/evaluations/seasonal_naive/univariate/epf_electricity_price/H/medium/run_0/metrics_summary.json
TIME run allocation action=new run=/fslarge/scratch/users/h61084/codes/adaptime/outputs/adaptime/evaluations/seasonal_naive/univariate/epf_electricity_price/H/long/run_0 launch_id=selena_adaptime_unified_20260914T204328Z_25264_seasonal slurm_job_id=3427121 launched_at=2026-09-14T20:44:24.797495+00:00
    Total instances: 75, Series during experiment: 5, Windows: 15
    Collecting ground truth and context...
    Organizing data into arrays...
    Saved predictions (quantiles) to /fslarge/scratch/users/h61084/codes/adaptime/outputs/adaptime/evaluations/seasonal_naive/univariate/epf_electricity_price/H/long/run_0/predictions.npz
    Computing per-window metrics...
    Saved metrics to /fslarge/scratch/users/h61084/codes/adaptime/outputs/adaptime/evaluations/seasonal_naive/univariate/epf_electricity_price/H/long/run_0/metrics.npz
    Saved config to /fslarge/scratch/users/h61084/codes/adaptime/outputs/adaptime/evaluations/seasonal_naive/univariate/epf_electricity_price/H/long/run_0/config.json
    Saved aggregate metrics to /fslarge/scratch/users/h61084/codes/adaptime/outputs/adaptime/evaluations/seasonal_naive/univariate/epf_electricity_price/H/long/run_0/metrics_summary.json
    Metrics summary (averaged over all series/windows/variates):
      MSE: 475.2475
      MAE: 12.7518
      RMSE: 16.7672
      MAPE: 1.8403
      sMAPE: 0.3227
      MASE: 1.9955
      ND: 0.3005
      CRPS: 0.3005
/fslarge/scratch/users/h61084/codes/adaptime/outputs/adaptime/evaluations/seasonal_naive/univariate/epf_electricity_price/H/long/run_0/metrics_summary.json
TIME run allocation action=new run=/fslarge/scratch/users/h61084/codes/adaptime/outputs/adaptime/evaluations/seasonal_naive/univariate/OpenElectricity_NEM/5T/short/run_0 launch_id=selena_adaptime_unified_20260914T204328Z_25264_seasonal slurm_job_id=3427121 launched_at=2026-09-14T20:44:24.863297+00:00
    Total instances: 1680, Series during experiment: 10, Windows: 168
    Collecting ground truth and context...
    Detected to_univariate case: 10 flat series -> 1 series x 10 variates
    Organizing data into arrays...
    Saved predictions (quantiles) to /fslarge/scratch/users/h61084/codes/adaptime/outputs/adaptime/evaluations/seasonal_naive/univariate/OpenElectricity_NEM/5T/short/run_0/predictions.npz
    Computing per-window metrics...
    Saved metrics to /fslarge/scratch/users/h61084/codes/adaptime/outputs/adaptime/evaluations/seasonal_naive/univariate/OpenElectricity_NEM/5T/short/run_0/metrics.npz
    Saved config to /fslarge/scratch/users/h61084/codes/adaptime/outputs/adaptime/evaluations/seasonal_naive/univariate/OpenElectricity_NEM/5T/short/run_0/config.json
    Saved aggregate metrics to /fslarge/scratch/users/h61084/codes/adaptime/outputs/adaptime/evaluations/seasonal_naive/univariate/OpenElectricity_NEM/5T/short/run_0/metrics_summary.json
    Metrics summary (averaged over all series/windows/variates):
      MSE: 138463.5791
      MAE: 174.9631
      RMSE: 184.6310
      MAPE: 7.0655
      sMAPE: 0.3432
      MASE: 1.0217
      ND: 0.4827
      CRPS: 0.4827
/fslarge/scratch/users/h61084/codes/adaptime/outputs/adaptime/evaluations/seasonal_naive/univariate/OpenElectricity_NEM/5T/short/run_0/metrics_summary.json
TIME run allocation action=new run=/fslarge/scratch/users/h61084/codes/adaptime/outputs/adaptime/evaluations/seasonal_naive/univariate/OpenElectricity_NEM/5T/medium/run_0 launch_id=selena_adaptime_unified_20260914T204328Z_25264_seasonal slurm_job_id=3427121 launched_at=2026-09-14T20:44:25.328359+00:00
    Total instances: 420, Series during experiment: 10, Windows: 42
    Collecting ground truth and context...
    Detected to_univariate case: 10 flat series -> 1 series x 10 variates
    Organizing data into arrays...
    Saved predictions (quantiles) to /fslarge/scratch/users/h61084/codes/adaptime/outputs/adaptime/evaluations/seasonal_naive/univariate/OpenElectricity_NEM/5T/medium/run_0/predictions.npz
    Computing per-window metrics...
    Saved metrics to /fslarge/scratch/users/h61084/codes/adaptime/outputs/adaptime/evaluations/seasonal_naive/univariate/OpenElectricity_NEM/5T/medium/run_0/metrics.npz
    Saved config to /fslarge/scratch/users/h61084/codes/adaptime/outputs/adaptime/evaluations/seasonal_naive/univariate/OpenElectricity_NEM/5T/medium/run_0/config.json
    Saved aggregate metrics to /fslarge/scratch/users/h61084/codes/adaptime/outputs/adaptime/evaluations/seasonal_naive/univariate/OpenElectricity_NEM/5T/medium/run_0/metrics_summary.json
    Metrics summary (averaged over all series/windows/variates):
      MSE: 138463.5791
      MAE: 174.9631
      RMSE: 202.9262
      MAPE: 6.8516
      sMAPE: 0.3431
      MASE: 1.0221
      ND: 0.4052
      CRPS: 0.4052
/fslarge/scratch/users/h61084/codes/adaptime/outputs/adaptime/evaluations/seasonal_naive/univariate/OpenElectricity_NEM/5T/medium/run_0/metrics_summary.json
TIME run allocation action=new run=/fslarge/scratch/users/h61084/codes/adaptime/outputs/adaptime/evaluations/seasonal_naive/univariate/OpenElectricity_NEM/5T/long/run_0 launch_id=selena_adaptime_unified_20260914T204328Z_25264_seasonal slurm_job_id=3427121 launched_at=2026-09-14T20:44:25.539655+00:00
    Total instances: 140, Series during experiment: 10, Windows: 14
    Collecting ground truth and context...
    Detected to_univariate case: 10 flat series -> 1 series x 10 variates
    Organizing data into arrays...
    Saved predictions (quantiles) to /fslarge/scratch/users/h61084/codes/adaptime/outputs/adaptime/evaluations/seasonal_naive/univariate/OpenElectricity_NEM/5T/long/run_0/predictions.npz
    Computing per-window metrics...
    Saved metrics to /fslarge/scratch/users/h61084/codes/adaptime/outputs/adaptime/evaluations/seasonal_naive/univariate/OpenElectricity_NEM/5T/long/run_0/metrics.npz
    Saved config to /fslarge/scratch/users/h61084/codes/adaptime/outputs/adaptime/evaluations/seasonal_naive/univariate/OpenElectricity_NEM/5T/long/run_0/config.json
    Saved aggregate metrics to /fslarge/scratch/users/h61084/codes/adaptime/outputs/adaptime/evaluations/seasonal_naive/univariate/OpenElectricity_NEM/5T/long/run_0/metrics_summary.json
    Metrics summary (averaged over all series/windows/variates):
      MSE: 138463.5791
      MAE: 174.9631
      RMSE: 233.6873
      MAPE: 6.6750
      sMAPE: 0.3431
      MASE: 1.0225
      ND: 0.3194
      CRPS: 0.3194
/fslarge/scratch/users/h61084/codes/adaptime/outputs/adaptime/evaluations/seasonal_naive/univariate/OpenElectricity_NEM/5T/long/run_0/metrics_summary.json
TIME run allocation action=new run=/fslarge/scratch/users/h61084/codes/adaptime/outputs/adaptime/evaluations/seasonal_naive/univariate/EWELD_Load/15T/short/run_0 launch_id=selena_adaptime_unified_20260914T204328Z_25264_seasonal slurm_job_id=3427121 launched_at=2026-09-14T20:44:25.697196+00:00
    Total instances: 560, Series during experiment: 10, Windows: 56
    Collecting ground truth and context...
    Detected to_univariate case: 10 flat series -> 1 series x 10 variates
    Organizing data into arrays...
    Saved predictions (quantiles) to /fslarge/scratch/users/h61084/codes/adaptime/outputs/adaptime/evaluations/seasonal_naive/univariate/EWELD_Load/15T/short/run_0/predictions.npz
    Computing per-window metrics...
    Saved metrics to /fslarge/scratch/users/h61084/codes/adaptime/outputs/adaptime/evaluations/seasonal_naive/univariate/EWELD_Load/15T/short/run_0/metrics.npz
    Saved config to /fslarge/scratch/users/h61084/codes/adaptime/outputs/adaptime/evaluations/seasonal_naive/univariate/EWELD_Load/15T/short/run_0/config.json
    Saved aggregate metrics to /fslarge/scratch/users/h61084/codes/adaptime/outputs/adaptime/evaluations/seasonal_naive/univariate/EWELD_Load/15T/short/run_0/metrics_summary.json
    Metrics summary (averaged over all series/windows/variates):
      MSE: 2308.9373
      MAE: 19.3557
      RMSE: 24.3558
      MAPE: 0.6644
      sMAPE: 0.3774
      MASE: 0.9109
      ND: 0.8027
      CRPS: 0.8027
/fslarge/scratch/users/h61084/codes/adaptime/outputs/adaptime/evaluations/seasonal_naive/univariate/EWELD_Load/15T/short/run_0/metrics_summary.json
TIME run allocation action=new run=/fslarge/scratch/users/h61084/codes/adaptime/outputs/adaptime/evaluations/seasonal_naive/univariate/EWELD_Load/15T/medium/run_0 launch_id=selena_adaptime_unified_20260914T204328Z_25264_seasonal slurm_job_id=3427121 launched_at=2026-09-14T20:44:25.839550+00:00
    Total instances: 140, Series during experiment: 10, Windows: 14
    Collecting ground truth and context...
    Detected to_univariate case: 10 flat series -> 1 series x 10 variates
    Organizing data into arrays...
    Saved predictions (quantiles) to /fslarge/scratch/users/h61084/codes/adaptime/outputs/adaptime/evaluations/seasonal_naive/univariate/EWELD_Load/15T/medium/run_0/predictions.npz
    Computing per-window metrics...
    Saved metrics to /fslarge/scratch/users/h61084/codes/adaptime/outputs/adaptime/evaluations/seasonal_naive/univariate/EWELD_Load/15T/medium/run_0/metrics.npz
    Saved config to /fslarge/scratch/users/h61084/codes/adaptime/outputs/adaptime/evaluations/seasonal_naive/univariate/EWELD_Load/15T/medium/run_0/config.json
    Saved aggregate metrics to /fslarge/scratch/users/h61084/codes/adaptime/outputs/adaptime/evaluations/seasonal_naive/univariate/EWELD_Load/15T/medium/run_0/metrics_summary.json
    Metrics summary (averaged over all series/windows/variates):
      MSE: 2308.9373
      MAE: 19.3557
      RMSE: 26.4258
      MAPE: 0.6211
      sMAPE: 0.3572
      MASE: 0.9107
      ND: 0.3300
      CRPS: 0.3300
/fslarge/scratch/users/h61084/codes/adaptime/outputs/adaptime/evaluations/seasonal_naive/univariate/EWELD_Load/15T/medium/run_0/metrics_summary.json
TIME run allocation action=new run=/fslarge/scratch/users/h61084/codes/adaptime/outputs/adaptime/evaluations/seasonal_naive/univariate/EWELD_Load/15T/long/run_0 launch_id=selena_adaptime_unified_20260914T204328Z_25264_seasonal slurm_job_id=3427121 launched_at=2026-09-14T20:44:25.927102+00:00
    Total instances: 20, Series during experiment: 10, Windows: 2
    Collecting ground truth and context...
    Detected to_univariate case: 10 flat series -> 1 series x 10 variates
    Organizing data into arrays...
    Saved predictions (quantiles) to /fslarge/scratch/users/h61084/codes/adaptime/outputs/adaptime/evaluations/seasonal_naive/univariate/EWELD_Load/15T/long/run_0/predictions.npz
    Computing per-window metrics...
    Saved metrics to /fslarge/scratch/users/h61084/codes/adaptime/outputs/adaptime/evaluations/seasonal_naive/univariate/EWELD_Load/15T/long/run_0/metrics.npz
    Saved config to /fslarge/scratch/users/h61084/codes/adaptime/outputs/adaptime/evaluations/seasonal_naive/univariate/EWELD_Load/15T/long/run_0/config.json
    Saved aggregate metrics to /fslarge/scratch/users/h61084/codes/adaptime/outputs/adaptime/evaluations/seasonal_naive/univariate/EWELD_Load/15T/long/run_0/metrics_summary.json
    Metrics summary (averaged over all series/windows/variates):
      MSE: 2574.7876
      MAE: 20.0364
      RMSE: 27.8261
      MAPE: 0.5876
      sMAPE: 0.3709
      MASE: 0.9731
      ND: 0.3172
      CRPS: 0.3172
/fslarge/scratch/users/h61084/codes/adaptime/outputs/adaptime/evaluations/seasonal_naive/univariate/EWELD_Load/15T/long/run_0/metrics_summary.json
TIME run allocation action=new run=/fslarge/scratch/users/h61084/codes/adaptime/outputs/adaptime/evaluations/seasonal_naive/univariate/SG_Carpark/15T/short/run_0 launch_id=selena_adaptime_unified_20260914T204328Z_25264_seasonal slurm_job_id=3427121 launched_at=2026-09-14T20:44:26.000213+00:00
    Total instances: 14868, Series during experiment: 354, Windows: 42
    Collecting ground truth and context...
    Organizing data into arrays...
    Saved predictions (quantiles) to /fslarge/scratch/users/h61084/codes/adaptime/outputs/adaptime/evaluations/seasonal_naive/univariate/SG_Carpark/15T/short/run_0/predictions.npz
    Computing per-window metrics...
    Saved metrics to /fslarge/scratch/users/h61084/codes/adaptime/outputs/adaptime/evaluations/seasonal_naive/univariate/SG_Carpark/15T/short/run_0/metrics.npz
    Saved config to /fslarge/scratch/users/h61084/codes/adaptime/outputs/adaptime/evaluations/seasonal_naive/univariate/SG_Carpark/15T/short/run_0/config.json
    Saved aggregate metrics to /fslarge/scratch/users/h61084/codes/adaptime/outputs/adaptime/evaluations/seasonal_naive/univariate/SG_Carpark/15T/short/run_0/metrics_summary.json
    Metrics summary (averaged over all series/windows/variates):
      MSE: 971.2445
      MAE: 14.4234
      RMSE: 16.6666
      MAPE: 0.0871
      sMAPE: 0.0828
      MASE: 0.9421
      ND: 0.0827
      CRPS: 0.0827
/fslarge/scratch/users/h61084/codes/adaptime/outputs/adaptime/evaluations/seasonal_naive/univariate/SG_Carpark/15T/short/run_0/metrics_summary.json
TIME run allocation action=new run=/fslarge/scratch/users/h61084/codes/adaptime/outputs/adaptime/evaluations/seasonal_naive/univariate/SG_Carpark/15T/medium/run_0 launch_id=selena_adaptime_unified_20260914T204328Z_25264_seasonal slurm_job_id=3427121 launched_at=2026-09-14T20:44:27.902760+00:00
    Total instances: 2478, Series during experiment: 354, Windows: 7
    Collecting ground truth and context...
    Organizing data into arrays...
    Saved predictions (quantiles) to /fslarge/scratch/users/h61084/codes/adaptime/outputs/adaptime/evaluations/seasonal_naive/univariate/SG_Carpark/15T/medium/run_0/predictions.npz
    Computing per-window metrics...
    Saved metrics to /fslarge/scratch/users/h61084/codes/adaptime/outputs/adaptime/evaluations/seasonal_naive/univariate/SG_Carpark/15T/medium/run_0/metrics.npz
    Saved config to /fslarge/scratch/users/h61084/codes/adaptime/outputs/adaptime/evaluations/seasonal_naive/univariate/SG_Carpark/15T/medium/run_0/config.json
    Saved aggregate metrics to /fslarge/scratch/users/h61084/codes/adaptime/outputs/adaptime/evaluations/seasonal_naive/univariate/SG_Carpark/15T/medium/run_0/metrics_summary.json
    Metrics summary (averaged over all series/windows/variates):
      MSE: 975.5628
      MAE: 14.4857
      RMSE: 19.6030
      MAPE: 0.0862
      sMAPE: 0.0837
      MASE: 0.9472
      ND: 0.0759
      CRPS: 0.0759
/fslarge/scratch/users/h61084/codes/adaptime/outputs/adaptime/evaluations/seasonal_naive/univariate/SG_Carpark/15T/medium/run_0/metrics_summary.json
TIME run allocation action=new run=/fslarge/scratch/users/h61084/codes/adaptime/outputs/adaptime/evaluations/seasonal_naive/univariate/SG_Carpark/15T/long/run_0 launch_id=selena_adaptime_unified_20260914T204328Z_25264_seasonal slurm_job_id=3427121 launched_at=2026-09-14T20:44:28.485763+00:00
    Total instances: 354, Series during experiment: 354, Windows: 1
    Collecting ground truth and context...
    Organizing data into arrays...
    Saved predictions (quantiles) to /fslarge/scratch/users/h61084/codes/adaptime/outputs/adaptime/evaluations/seasonal_naive/univariate/SG_Carpark/15T/long/run_0/predictions.npz
    Computing per-window metrics...
    Saved metrics to /fslarge/scratch/users/h61084/codes/adaptime/outputs/adaptime/evaluations/seasonal_naive/univariate/SG_Carpark/15T/long/run_0/metrics.npz
    Saved config to /fslarge/scratch/users/h61084/codes/adaptime/outputs/adaptime/evaluations/seasonal_naive/univariate/SG_Carpark/15T/long/run_0/config.json
    Saved aggregate metrics to /fslarge/scratch/users/h61084/codes/adaptime/outputs/adaptime/evaluations/seasonal_naive/univariate/SG_Carpark/15T/long/run_0/metrics_summary.json
    Metrics summary (averaged over all series/windows/variates):
      MSE: 1425.3833
      MAE: 20.3386
      RMSE: 27.6804
      MAPE: 0.1145
      sMAPE: 0.1159
      MASE: 1.3079
      ND: 0.1058
      CRPS: 0.1058
/fslarge/scratch/users/h61084/codes/adaptime/outputs/adaptime/evaluations/seasonal_naive/univariate/SG_Carpark/15T/long/run_0/metrics_summary.json
TIME run allocation action=new run=/fslarge/scratch/users/h61084/codes/adaptime/outputs/adaptime/evaluations/seasonal_naive/univariate/Finland_Traffic/15T/short/run_0 launch_id=selena_adaptime_unified_20260914T204328Z_25264_seasonal slurm_job_id=3427121 launched_at=2026-09-14T20:44:28.810628+00:00
    Total instances: 186, Series during experiment: 1, Windows: 186
    Collecting ground truth and context...
    Organizing data into arrays...
    Saved predictions (quantiles) to /fslarge/scratch/users/h61084/codes/adaptime/outputs/adaptime/evaluations/seasonal_naive/univariate/Finland_Traffic/15T/short/run_0/predictions.npz
    Computing per-window metrics...
    Saved metrics to /fslarge/scratch/users/h61084/codes/adaptime/outputs/adaptime/evaluations/seasonal_naive/univariate/Finland_Traffic/15T/short/run_0/metrics.npz
    Saved config to /fslarge/scratch/users/h61084/codes/adaptime/outputs/adaptime/evaluations/seasonal_naive/univariate/Finland_Traffic/15T/short/run_0/config.json
    Saved aggregate metrics to /fslarge/scratch/users/h61084/codes/adaptime/outputs/adaptime/evaluations/seasonal_naive/univariate/Finland_Traffic/15T/short/run_0/metrics_summary.json
    Metrics summary (averaged over all series/windows/variates):
      MSE: 2599.3569
      MAE: 32.1983
      RMSE: 37.8607
      MAPE: 0.3633
      sMAPE: 0.3113
      MASE: 0.7822
      ND: 0.3339
      CRPS: 0.3339
/fslarge/scratch/users/h61084/codes/adaptime/outputs/adaptime/evaluations/seasonal_naive/univariate/Finland_Traffic/15T/short/run_0/metrics_summary.json
TIME run allocation action=new run=/fslarge/scratch/users/h61084/codes/adaptime/outputs/adaptime/evaluations/seasonal_naive/univariate/Finland_Traffic/15T/medium/run_0 launch_id=selena_adaptime_unified_20260914T204328Z_25264_seasonal slurm_job_id=3427121 launched_at=2026-09-14T20:44:28.878826+00:00
    Total instances: 31, Series during experiment: 1, Windows: 31
    Collecting ground truth and context...
    Organizing data into arrays...
    Saved predictions (quantiles) to /fslarge/scratch/users/h61084/codes/adaptime/outputs/adaptime/evaluations/seasonal_naive/univariate/Finland_Traffic/15T/medium/run_0/predictions.npz
    Computing per-window metrics...
    Saved metrics to /fslarge/scratch/users/h61084/codes/adaptime/outputs/adaptime/evaluations/seasonal_naive/univariate/Finland_Traffic/15T/medium/run_0/metrics.npz
    Saved config to /fslarge/scratch/users/h61084/codes/adaptime/outputs/adaptime/evaluations/seasonal_naive/univariate/Finland_Traffic/15T/medium/run_0/config.json
    Saved aggregate metrics to /fslarge/scratch/users/h61084/codes/adaptime/outputs/adaptime/evaluations/seasonal_naive/univariate/Finland_Traffic/15T/medium/run_0/metrics_summary.json
    Metrics summary (averaged over all series/windows/variates):
      MSE: 2599.3569
      MAE: 32.1983
      RMSE: 45.0638
      MAPE: 0.3633
      sMAPE: 0.3113
      MASE: 0.7820
      ND: 0.2577
      CRPS: 0.2577
/fslarge/scratch/users/h61084/codes/adaptime/outputs/adaptime/evaluations/seasonal_naive/univariate/Finland_Traffic/15T/medium/run_0/metrics_summary.json
TIME run allocation action=new run=/fslarge/scratch/users/h61084/codes/adaptime/outputs/adaptime/evaluations/seasonal_naive/univariate/Finland_Traffic/15T/long/run_0 launch_id=selena_adaptime_unified_20260914T204328Z_25264_seasonal slurm_job_id=3427121 launched_at=2026-09-14T20:44:28.918682+00:00
    Total instances: 4, Series during experiment: 1, Windows: 4
    Collecting ground truth and context...
    Organizing data into arrays...
    Saved predictions (quantiles) to /fslarge/scratch/users/h61084/codes/adaptime/outputs/adaptime/evaluations/seasonal_naive/univariate/Finland_Traffic/15T/long/run_0/predictions.npz
    Computing per-window metrics...
    Saved metrics to /fslarge/scratch/users/h61084/codes/adaptime/outputs/adaptime/evaluations/seasonal_naive/univariate/Finland_Traffic/15T/long/run_0/metrics.npz
    Saved config to /fslarge/scratch/users/h61084/codes/adaptime/outputs/adaptime/evaluations/seasonal_naive/univariate/Finland_Traffic/15T/long/run_0/config.json
    Saved aggregate metrics to /fslarge/scratch/users/h61084/codes/adaptime/outputs/adaptime/evaluations/seasonal_naive/univariate/Finland_Traffic/15T/long/run_0/metrics_summary.json
    Metrics summary (averaged over all series/windows/variates):
      MSE: 3411.3073
      MAE: 38.6354
      RMSE: 57.7493
      MAPE: 0.3717
      sMAPE: 0.3529
      MASE: 0.9356
      ND: 0.2937
      CRPS: 0.2937
/fslarge/scratch/users/h61084/codes/adaptime/outputs/adaptime/evaluations/seasonal_naive/univariate/Finland_Traffic/15T/long/run_0/metrics_summary.json
TIME run allocation action=new run=/fslarge/scratch/users/h61084/codes/adaptime/outputs/adaptime/evaluations/seasonal_naive/univariate/Port_Activity/D/short/run_0 launch_id=selena_adaptime_unified_20260914T204328Z_25264_seasonal slurm_job_id=3427121 launched_at=2026-09-14T20:44:28.953838+00:00
    Total instances: 2376, Series during experiment: 198, Windows: 12
    Collecting ground truth and context...
    Detected to_univariate case: 198 flat series -> 99 series x 2 variates
    Organizing data into arrays...
    ⚠️  Predictions max value (651514.50) exceeds float16 safe range.
    ⚠️  Applying scale factor: 100 (values will be divided)
    Saved predictions (quantiles) to /fslarge/scratch/users/h61084/codes/adaptime/outputs/adaptime/evaluations/seasonal_naive/univariate/Port_Activity/D/short/run_0/predictions.npz
    Computing per-window metrics...
    Saved metrics to /fslarge/scratch/users/h61084/codes/adaptime/outputs/adaptime/evaluations/seasonal_naive/univariate/Port_Activity/D/short/run_0/metrics.npz
    Saved config to /fslarge/scratch/users/h61084/codes/adaptime/outputs/adaptime/evaluations/seasonal_naive/univariate/Port_Activity/D/short/run_0/config.json
    Saved aggregate metrics to /fslarge/scratch/users/h61084/codes/adaptime/outputs/adaptime/evaluations/seasonal_naive/univariate/Port_Activity/D/short/run_0/metrics_summary.json
    Metrics summary (averaged over all series/windows/variates):
      MSE: 1827611456.9983
      MAE: 22185.7365
      RMSE: 27928.8855
      MAPE: 7.2098
      sMAPE: 1.1668
      MASE: 0.9536
      ND: 1.0905
      CRPS: 1.0905
/fslarge/scratch/users/h61084/codes/adaptime/outputs/adaptime/evaluations/seasonal_naive/univariate/Port_Activity/D/short/run_0/metrics_summary.json
TIME run allocation action=new run=/fslarge/scratch/users/h61084/codes/adaptime/outputs/adaptime/evaluations/seasonal_naive/univariate/Port_Activity/W/short/run_0 launch_id=selena_adaptime_unified_20260914T204328Z_25264_seasonal slurm_job_id=3427121 launched_at=2026-09-14T20:44:29.172218+00:00
    Total instances: 792, Series during experiment: 198, Windows: 4
    Collecting ground truth and context...
    Detected to_univariate case: 198 flat series -> 99 series x 2 variates
    Organizing data into arrays...
    ⚠️  Predictions max value (2482847.50) exceeds float16 safe range.
    ⚠️  Applying scale factor: 100 (values will be divided)
    Saved predictions (quantiles) to /fslarge/scratch/users/h61084/codes/adaptime/outputs/adaptime/evaluations/seasonal_naive/univariate/Port_Activity/W/short/run_0/predictions.npz
    Computing per-window metrics...
    Saved metrics to /fslarge/scratch/users/h61084/codes/adaptime/outputs/adaptime/evaluations/seasonal_naive/univariate/Port_Activity/W/short/run_0/metrics.npz
    Saved config to /fslarge/scratch/users/h61084/codes/adaptime/outputs/adaptime/evaluations/seasonal_naive/univariate/Port_Activity/W/short/run_0/config.json
    Saved aggregate metrics to /fslarge/scratch/users/h61084/codes/adaptime/outputs/adaptime/evaluations/seasonal_naive/univariate/Port_Activity/W/short/run_0/metrics_summary.json
    Metrics summary (averaged over all series/windows/variates):
      MSE: 9329314085.2355
      MAE: 54781.2982
      RMSE: 65422.3254
      MAPE: 0.7243
      sMAPE: 0.4240
      MASE: 0.9755
      ND: 0.4228
      CRPS: 0.4228
/fslarge/scratch/users/h61084/codes/adaptime/outputs/adaptime/evaluations/seasonal_naive/univariate/Port_Activity/W/short/run_0/metrics_summary.json
TIME run allocation action=new run=/fslarge/scratch/users/h61084/codes/adaptime/outputs/adaptime/evaluations/seasonal_naive/univariate/ECDC_COVID/D/short/run_0 launch_id=selena_adaptime_unified_20260914T204328Z_25264_seasonal slurm_job_id=3427121 launched_at=2026-09-14T20:44:29.255671+00:00
    Total instances: 45, Series during experiment: 9, Windows: 5
    Collecting ground truth and context...
    Organizing data into arrays...
    Saved predictions (quantiles) to /fslarge/scratch/users/h61084/codes/adaptime/outputs/adaptime/evaluations/seasonal_naive/univariate/ECDC_COVID/D/short/run_0/predictions.npz
    Computing per-window metrics...
    Saved metrics to /fslarge/scratch/users/h61084/codes/adaptime/outputs/adaptime/evaluations/seasonal_naive/univariate/ECDC_COVID/D/short/run_0/metrics.npz
    Saved config to /fslarge/scratch/users/h61084/codes/adaptime/outputs/adaptime/evaluations/seasonal_naive/univariate/ECDC_COVID/D/short/run_0/config.json
    Saved aggregate metrics to /fslarge/scratch/users/h61084/codes/adaptime/outputs/adaptime/evaluations/seasonal_naive/univariate/ECDC_COVID/D/short/run_0/metrics_summary.json
    Metrics summary (averaged over all series/windows/variates):
      MSE: 51539.0496
      MAE: 133.1281
      RMSE: 153.0662
      MAPE: 0.4967
      sMAPE: 0.3378
      MASE: 3.5427
      ND: 0.3687
      CRPS: 0.3687
/fslarge/scratch/users/h61084/codes/adaptime/outputs/adaptime/evaluations/seasonal_naive/univariate/ECDC_COVID/D/short/run_0/metrics_summary.json
TIME run allocation action=new run=/fslarge/scratch/users/h61084/codes/adaptime/outputs/adaptime/evaluations/seasonal_naive/univariate/ECDC_COVID/W/short/run_0 launch_id=selena_adaptime_unified_20260914T204328Z_25264_seasonal slurm_job_id=3427121 launched_at=2026-09-14T20:44:29.287687+00:00
    Total instances: 64, Series during experiment: 16, Windows: 4
    Collecting ground truth and context...
    Organizing data into arrays...
    Saved predictions (quantiles) to /fslarge/scratch/users/h61084/codes/adaptime/outputs/adaptime/evaluations/seasonal_naive/univariate/ECDC_COVID/W/short/run_0/predictions.npz
    Computing per-window metrics...
    Saved metrics to /fslarge/scratch/users/h61084/codes/adaptime/outputs/adaptime/evaluations/seasonal_naive/univariate/ECDC_COVID/W/short/run_0/metrics.npz
    Saved config to /fslarge/scratch/users/h61084/codes/adaptime/outputs/adaptime/evaluations/seasonal_naive/univariate/ECDC_COVID/W/short/run_0/config.json
    Saved aggregate metrics to /fslarge/scratch/users/h61084/codes/adaptime/outputs/adaptime/evaluations/seasonal_naive/univariate/ECDC_COVID/W/short/run_0/metrics_summary.json
    Metrics summary (averaged over all series/windows/variates):
      MSE: 3640247.6390
      MAE: 638.8263
      RMSE: 723.5644
      MAPE: 1.0706
      sMAPE: 0.5328
      MASE: 1.5434
      ND: 0.6362
      CRPS: 0.6362
/fslarge/scratch/users/h61084/codes/adaptime/outputs/adaptime/evaluations/seasonal_naive/univariate/ECDC_COVID/W/short/run_0/metrics_summary.json
TIME run allocation action=new run=/fslarge/scratch/users/h61084/codes/adaptime/outputs/adaptime/evaluations/seasonal_naive/univariate/Global_Influenza/W/short/run_0 launch_id=selena_adaptime_unified_20260914T204328Z_25264_seasonal slurm_job_id=3427121 launched_at=2026-09-14T20:44:29.319844+00:00
    Total instances: 240, Series during experiment: 60, Windows: 4
    Collecting ground truth and context...
    Detected to_univariate case: 60 flat series -> 15 series x 4 variates
    Organizing data into arrays...
    ⚠️  Predictions max value (72961.50) exceeds float16 safe range.
    ⚠️  Applying scale factor: 10 (values will be divided)
    Saved predictions (quantiles) to /fslarge/scratch/users/h61084/codes/adaptime/outputs/adaptime/evaluations/seasonal_naive/univariate/Global_Influenza/W/short/run_0/predictions.npz
    Computing per-window metrics...
    Saved metrics to /fslarge/scratch/users/h61084/codes/adaptime/outputs/adaptime/evaluations/seasonal_naive/univariate/Global_Influenza/W/short/run_0/metrics.npz
    Saved config to /fslarge/scratch/users/h61084/codes/adaptime/outputs/adaptime/evaluations/seasonal_naive/univariate/Global_Influenza/W/short/run_0/config.json
    Saved aggregate metrics to /fslarge/scratch/users/h61084/codes/adaptime/outputs/adaptime/evaluations/seasonal_naive/univariate/Global_Influenza/W/short/run_0/metrics_summary.json
    Metrics summary (averaged over all series/windows/variates):
      MSE: 6934961.3746
      MAE: 754.0241
      RMSE: 921.2047
      MAPE: 1.5757
      sMAPE: 0.6307
      MASE: 4.2308
      ND: 0.8149
      CRPS: 0.8149
/fslarge/scratch/users/h61084/codes/adaptime/outputs/adaptime/evaluations/seasonal_naive/univariate/Global_Influenza/W/short/run_0/metrics_summary.json
TIME run allocation action=new run=/fslarge/scratch/users/h61084/codes/adaptime/outputs/adaptime/evaluations/seasonal_naive/univariate/Crypto/D/short/run_0 launch_id=selena_adaptime_unified_20260914T204328Z_25264_seasonal slurm_job_id=3427121 launched_at=2026-09-14T20:44:29.363933+00:00
    Total instances: 36, Series during experiment: 4, Windows: 9
    Collecting ground truth and context...
    Detected to_univariate case: 4 flat series -> 1 series x 4 variates
    Organizing data into arrays...
    ⚠️  Predictions max value (118199.00) exceeds float16 safe range.
    ⚠️  Applying scale factor: 10 (values will be divided)
    Saved predictions (quantiles) to /fslarge/scratch/users/h61084/codes/adaptime/outputs/adaptime/evaluations/seasonal_naive/univariate/Crypto/D/short/run_0/predictions.npz
    Computing per-window metrics...
    Saved metrics to /fslarge/scratch/users/h61084/codes/adaptime/outputs/adaptime/evaluations/seasonal_naive/univariate/Crypto/D/short/run_0/metrics.npz
    Saved config to /fslarge/scratch/users/h61084/codes/adaptime/outputs/adaptime/evaluations/seasonal_naive/univariate/Crypto/D/short/run_0/config.json
    Saved aggregate metrics to /fslarge/scratch/users/h61084/codes/adaptime/outputs/adaptime/evaluations/seasonal_naive/univariate/Crypto/D/short/run_0/metrics_summary.json
    Metrics summary (averaged over all series/windows/variates):
      MSE: 11649881.8599
      MAE: 1362.7788
      RMSE: 1615.0384
      MAPE: 0.0915
      sMAPE: 0.0913
      MASE: 6.1696
      ND: 0.0925
      CRPS: 0.0925
/fslarge/scratch/users/h61084/codes/adaptime/outputs/adaptime/evaluations/seasonal_naive/univariate/Crypto/D/short/run_0/metrics_summary.json
TIME run allocation action=new run=/fslarge/scratch/users/h61084/codes/adaptime/outputs/adaptime/evaluations/seasonal_naive/univariate/US_Term_Structure/B/short/run_0 launch_id=selena_adaptime_unified_20260914T204328Z_25264_seasonal slurm_job_id=3427121 launched_at=2026-09-14T20:44:29.397100+00:00
    Total instances: 1400, Series during experiment: 40, Windows: 35
    Collecting ground truth and context...
    Detected to_univariate case: 40 flat series -> 1 series x 40 variates
    Organizing data into arrays...
    Saved predictions (quantiles) to /fslarge/scratch/users/h61084/codes/adaptime/outputs/adaptime/evaluations/seasonal_naive/univariate/US_Term_Structure/B/short/run_0/predictions.npz
    Computing per-window metrics...
    Saved metrics to /fslarge/scratch/users/h61084/codes/adaptime/outputs/adaptime/evaluations/seasonal_naive/univariate/US_Term_Structure/B/short/run_0/metrics.npz
    Saved config to /fslarge/scratch/users/h61084/codes/adaptime/outputs/adaptime/evaluations/seasonal_naive/univariate/US_Term_Structure/B/short/run_0/config.json
    Saved aggregate metrics to /fslarge/scratch/users/h61084/codes/adaptime/outputs/adaptime/evaluations/seasonal_naive/univariate/US_Term_Structure/B/short/run_0/metrics_summary.json
    Metrics summary (averaged over all series/windows/variates):
      MSE: 0.0276
      MAE: 0.1192
      RMSE: 0.1388
      MAPE: 1.0737
      sMAPE: 0.3051
      MASE: 1.7650
      ND: 0.3129
      CRPS: 0.3129
/fslarge/scratch/users/h61084/codes/adaptime/outputs/adaptime/evaluations/seasonal_naive/univariate/US_Term_Structure/B/short/run_0/metrics_summary.json
TIME run allocation action=new run=/fslarge/scratch/users/h61084/codes/adaptime/outputs/adaptime/evaluations/seasonal_naive/univariate/Oil_Price/B/short/run_0 launch_id=selena_adaptime_unified_20260914T204328Z_25264_seasonal slurm_job_id=3427121 launched_at=2026-09-14T20:44:29.649028+00:00
    Total instances: 420, Series during experiment: 12, Windows: 35
    Collecting ground truth and context...
    Detected to_univariate case: 12 flat series -> 1 series x 12 variates
    Organizing data into arrays...
    Saved predictions (quantiles) to /fslarge/scratch/users/h61084/codes/adaptime/outputs/adaptime/evaluations/seasonal_naive/univariate/Oil_Price/B/short/run_0/predictions.npz
    Computing per-window metrics...
    Saved metrics to /fslarge/scratch/users/h61084/codes/adaptime/outputs/adaptime/evaluations/seasonal_naive/univariate/Oil_Price/B/short/run_0/metrics.npz
    Saved config to /fslarge/scratch/users/h61084/codes/adaptime/outputs/adaptime/evaluations/seasonal_naive/univariate/Oil_Price/B/short/run_0/config.json
    Saved aggregate metrics to /fslarge/scratch/users/h61084/codes/adaptime/outputs/adaptime/evaluations/seasonal_naive/univariate/Oil_Price/B/short/run_0/metrics_summary.json
    Metrics summary (averaged over all series/windows/variates):
      MSE: 3.2693
      MAE: 0.7114
      RMSE: 0.8310
      MAPE: 0.0651
      sMAPE: 0.0637
      MASE: 1.5497
      ND: 0.0649
      CRPS: 0.0649
/fslarge/scratch/users/h61084/codes/adaptime/outputs/adaptime/evaluations/seasonal_naive/univariate/Oil_Price/B/short/run_0/metrics_summary.json
TIME run allocation action=new run=/fslarge/scratch/users/h61084/codes/adaptime/outputs/adaptime/evaluations/seasonal_naive/univariate/Job_Claims/W/short/run_0 launch_id=selena_adaptime_unified_20260914T204328Z_25264_seasonal slurm_job_id=3427121 launched_at=2026-09-14T20:44:29.723371+00:00
    Total instances: 8, Series during experiment: 2, Windows: 4
    Collecting ground truth and context...
    Detected to_univariate case: 2 flat series -> 1 series x 2 variates
    Organizing data into arrays...
    ⚠️  Predictions max value (1952750.00) exceeds float16 safe range.
    ⚠️  Applying scale factor: 100 (values will be divided)
    Saved predictions (quantiles) to /fslarge/scratch/users/h61084/codes/adaptime/outputs/adaptime/evaluations/seasonal_naive/univariate/Job_Claims/W/short/run_0/predictions.npz
    Computing per-window metrics...
    Saved metrics to /fslarge/scratch/users/h61084/codes/adaptime/outputs/adaptime/evaluations/seasonal_naive/univariate/Job_Claims/W/short/run_0/metrics.npz
    Saved config to /fslarge/scratch/users/h61084/codes/adaptime/outputs/adaptime/evaluations/seasonal_naive/univariate/Job_Claims/W/short/run_0/config.json
    Saved aggregate metrics to /fslarge/scratch/users/h61084/codes/adaptime/outputs/adaptime/evaluations/seasonal_naive/univariate/Job_Claims/W/short/run_0/metrics_summary.json
    Metrics summary (averaged over all series/windows/variates):
      MSE: 507934495.1923
      MAE: 14396.6346
      RMSE: 17530.3462
      MAPE: 0.0231
      sMAPE: 0.0231
      MASE: 2.7214
      ND: 0.0231
      CRPS: 0.0231
/fslarge/scratch/users/h61084/codes/adaptime/outputs/adaptime/evaluations/seasonal_naive/univariate/Job_Claims/W/short/run_0/metrics_summary.json
TIME run allocation action=new run=/fslarge/scratch/users/h61084/codes/adaptime/outputs/adaptime/evaluations/seasonal_naive/univariate/Uncertainty_1M/M/short/run_0 launch_id=selena_adaptime_unified_20260914T204328Z_25264_seasonal slurm_job_id=3427121 launched_at=2026-09-14T20:44:29.752118+00:00
    Total instances: 21, Series during experiment: 3, Windows: 7
    Collecting ground truth and context...
    Detected to_univariate case: 3 flat series -> 1 series x 3 variates
    Organizing data into arrays...
    Saved predictions (quantiles) to /fslarge/scratch/users/h61084/codes/adaptime/outputs/adaptime/evaluations/seasonal_naive/univariate/Uncertainty_1M/M/short/run_0/predictions.npz
    Computing per-window metrics...
    Saved metrics to /fslarge/scratch/users/h61084/codes/adaptime/outputs/adaptime/evaluations/seasonal_naive/univariate/Uncertainty_1M/M/short/run_0/metrics.npz
    Saved config to /fslarge/scratch/users/h61084/codes/adaptime/outputs/adaptime/evaluations/seasonal_naive/univariate/Uncertainty_1M/M/short/run_0/config.json
    Saved aggregate metrics to /fslarge/scratch/users/h61084/codes/adaptime/outputs/adaptime/evaluations/seasonal_naive/univariate/Uncertainty_1M/M/short/run_0/metrics_summary.json
    Metrics summary (averaged over all series/windows/variates):
      MSE: 0.0086
      MAE: 0.0751
      RMSE: 0.0805
      MAPE: 0.0948
      sMAPE: 0.0904
      MASE: 0.9687
      ND: 0.0946
      CRPS: 0.0946
/fslarge/scratch/users/h61084/codes/adaptime/outputs/adaptime/evaluations/seasonal_naive/univariate/Uncertainty_1M/M/short/run_0/metrics_summary.json
TIME run allocation action=new run=/fslarge/scratch/users/h61084/codes/adaptime/outputs/adaptime/evaluations/seasonal_naive/univariate/Housing_Inventory/M/short/run_0 launch_id=selena_adaptime_unified_20260914T204328Z_25264_seasonal slurm_job_id=3427121 launched_at=2026-09-14T20:44:29.781636+00:00
    Total instances: 12, Series during experiment: 4, Windows: 3
    Collecting ground truth and context...
    Detected to_univariate case: 4 flat series -> 1 series x 4 variates
    Organizing data into arrays...
    ⚠️  Predictions max value (954201.00) exceeds float16 safe range.
    ⚠️  Applying scale factor: 100 (values will be divided)
    Saved predictions (quantiles) to /fslarge/scratch/users/h61084/codes/adaptime/outputs/adaptime/evaluations/seasonal_naive/univariate/Housing_Inventory/M/short/run_0/predictions.npz
    Computing per-window metrics...
    Saved metrics to /fslarge/scratch/users/h61084/codes/adaptime/outputs/adaptime/evaluations/seasonal_naive/univariate/Housing_Inventory/M/short/run_0/metrics.npz
    Saved config to /fslarge/scratch/users/h61084/codes/adaptime/outputs/adaptime/evaluations/seasonal_naive/univariate/Housing_Inventory/M/short/run_0/config.json
    Saved aggregate metrics to /fslarge/scratch/users/h61084/codes/adaptime/outputs/adaptime/evaluations/seasonal_naive/univariate/Housing_Inventory/M/short/run_0/metrics_summary.json
    Metrics summary (averaged over all series/windows/variates):
      MSE: 7412825699.4722
      MAE: 39817.3333
      RMSE: 44342.1601
      MAPE: 0.0849
      sMAPE: 0.0948
      MASE: 0.6840
      ND: 0.0840
      CRPS: 0.0840
/fslarge/scratch/users/h61084/codes/adaptime/outputs/adaptime/evaluations/seasonal_naive/univariate/Housing_Inventory/M/short/run_0/metrics_summary.json
TIME run allocation action=new run=/fslarge/scratch/users/h61084/codes/adaptime/outputs/adaptime/evaluations/seasonal_naive/univariate/JOLTS/M/short/run_0 launch_id=selena_adaptime_unified_20260914T204328Z_25264_seasonal slurm_job_id=3427121 launched_at=2026-09-14T20:44:29.809280+00:00
    Total instances: 30, Series during experiment: 6, Windows: 5
    Collecting ground truth and context...
    Detected to_univariate case: 6 flat series -> 1 series x 6 variates
    Organizing data into arrays...
    Saved predictions (quantiles) to /fslarge/scratch/users/h61084/codes/adaptime/outputs/adaptime/evaluations/seasonal_naive/univariate/JOLTS/M/short/run_0/predictions.npz
    Computing per-window metrics...
    Saved metrics to /fslarge/scratch/users/h61084/codes/adaptime/outputs/adaptime/evaluations/seasonal_naive/univariate/JOLTS/M/short/run_0/metrics.npz
    Saved config to /fslarge/scratch/users/h61084/codes/adaptime/outputs/adaptime/evaluations/seasonal_naive/univariate/JOLTS/M/short/run_0/config.json
    Saved aggregate metrics to /fslarge/scratch/users/h61084/codes/adaptime/outputs/adaptime/evaluations/seasonal_naive/univariate/JOLTS/M/short/run_0/metrics_summary.json
    Metrics summary (averaged over all series/windows/variates):
      MSE: 1180516.5472
      MAE: 591.6528
      RMSE: 718.6913
      MAPE: 0.1271
      sMAPE: 0.1271
      MASE: 1.6856
      ND: 0.1269
      CRPS: 0.1269
/fslarge/scratch/users/h61084/codes/adaptime/outputs/adaptime/evaluations/seasonal_naive/univariate/JOLTS/M/short/run_0/metrics_summary.json
TIME run allocation action=new run=/fslarge/scratch/users/h61084/codes/adaptime/outputs/adaptime/evaluations/seasonal_naive/univariate/US_Labor/M/short/run_0 launch_id=selena_adaptime_unified_20260914T204328Z_25264_seasonal slurm_job_id=3427121 launched_at=2026-09-14T20:44:29.838933+00:00
    Total instances: 70, Series during experiment: 14, Windows: 5
    Collecting ground truth and context...
    Detected to_univariate case: 14 flat series -> 1 series x 14 variates
    Organizing data into arrays...
    ⚠️  Predictions max value (169723.00) exceeds float16 safe range.
    ⚠️  Applying scale factor: 10 (values will be divided)
    Saved predictions (quantiles) to /fslarge/scratch/users/h61084/codes/adaptime/outputs/adaptime/evaluations/seasonal_naive/univariate/US_Labor/M/short/run_0/predictions.npz
    Computing per-window metrics...
    Saved metrics to /fslarge/scratch/users/h61084/codes/adaptime/outputs/adaptime/evaluations/seasonal_naive/univariate/US_Labor/M/short/run_0/metrics.npz
    Saved config to /fslarge/scratch/users/h61084/codes/adaptime/outputs/adaptime/evaluations/seasonal_naive/univariate/US_Labor/M/short/run_0/config.json
    Saved aggregate metrics to /fslarge/scratch/users/h61084/codes/adaptime/outputs/adaptime/evaluations/seasonal_naive/univariate/US_Labor/M/short/run_0/metrics_summary.json
    Metrics summary (averaged over all series/windows/variates):
      MSE: 4248042.8339
      MAE: 872.2662
      RMSE: 956.0641
      MAPE: 0.1290
      sMAPE: 0.1167
      MASE: 1.7726
      ND: 0.1260
      CRPS: 0.1260
/fslarge/scratch/users/h61084/codes/adaptime/outputs/adaptime/evaluations/seasonal_naive/univariate/US_Labor/M/short/run_0/metrics_summary.json
TIME run allocation action=new run=/fslarge/scratch/users/h61084/codes/adaptime/outputs/adaptime/evaluations/seasonal_naive/univariate/Vehicle_Supply/M/short/run_0 launch_id=selena_adaptime_unified_20260914T204328Z_25264_seasonal slurm_job_id=3427121 launched_at=2026-09-14T20:44:29.872783+00:00
    Total instances: 30, Series during experiment: 6, Windows: 5
    Collecting ground truth and context...
    Detected to_univariate case: 6 flat series -> 1 series x 6 variates
    Organizing data into arrays...
    Saved predictions (quantiles) to /fslarge/scratch/users/h61084/codes/adaptime/outputs/adaptime/evaluations/seasonal_naive/univariate/Vehicle_Supply/M/short/run_0/predictions.npz
    Computing per-window metrics...
    Saved metrics to /fslarge/scratch/users/h61084/codes/adaptime/outputs/adaptime/evaluations/seasonal_naive/univariate/Vehicle_Supply/M/short/run_0/metrics.npz
    Saved config to /fslarge/scratch/users/h61084/codes/adaptime/outputs/adaptime/evaluations/seasonal_naive/univariate/Vehicle_Supply/M/short/run_0/config.json
    Saved aggregate metrics to /fslarge/scratch/users/h61084/codes/adaptime/outputs/adaptime/evaluations/seasonal_naive/univariate/Vehicle_Supply/M/short/run_0/metrics_summary.json
    Metrics summary (averaged over all series/windows/variates):
      MSE: 5581.0794
      MAE: 33.0499
      RMSE: 37.8094
      MAPE: 0.4446
      sMAPE: 0.3195
      MASE: 1.1124
      ND: 0.4187
      CRPS: 0.4187
/fslarge/scratch/users/h61084/codes/adaptime/outputs/adaptime/evaluations/seasonal_naive/univariate/Vehicle_Supply/M/short/run_0/metrics_summary.json
TIME run allocation action=new run=/fslarge/scratch/users/h61084/codes/adaptime/outputs/adaptime/evaluations/seasonal_naive/univariate/Auto_Production_SF/M/short/run_0 launch_id=selena_adaptime_unified_20260914T204328Z_25264_seasonal slurm_job_id=3427121 launched_at=2026-09-14T20:44:29.902681+00:00
    Total instances: 5, Series during experiment: 1, Windows: 5
    Collecting ground truth and context...
    Organizing data into arrays...
    Saved predictions (quantiles) to /fslarge/scratch/users/h61084/codes/adaptime/outputs/adaptime/evaluations/seasonal_naive/univariate/Auto_Production_SF/M/short/run_0/predictions.npz
    Computing per-window metrics...
    Saved metrics to /fslarge/scratch/users/h61084/codes/adaptime/outputs/adaptime/evaluations/seasonal_naive/univariate/Auto_Production_SF/M/short/run_0/metrics.npz
    Saved config to /fslarge/scratch/users/h61084/codes/adaptime/outputs/adaptime/evaluations/seasonal_naive/univariate/Auto_Production_SF/M/short/run_0/config.json
    Saved aggregate metrics to /fslarge/scratch/users/h61084/codes/adaptime/outputs/adaptime/evaluations/seasonal_naive/univariate/Auto_Production_SF/M/short/run_0/metrics_summary.json
    Metrics summary (averaged over all series/windows/variates):
      MSE: 27.1470
      MAE: 3.8103
      RMSE: 4.8448
      MAPE: 0.0393
      sMAPE: 0.0392
      MASE: 0.9635
      ND: 0.0382
      CRPS: 0.0382
/fslarge/scratch/users/h61084/codes/adaptime/outputs/adaptime/evaluations/seasonal_naive/univariate/Auto_Production_SF/M/short/run_0/metrics_summary.json
TIME run allocation action=new run=/fslarge/scratch/users/h61084/codes/adaptime/outputs/adaptime/evaluations/seasonal_naive/univariate/Commodity_Production/M/short/run_0 launch_id=selena_adaptime_unified_20260914T204328Z_25264_seasonal slurm_job_id=3427121 launched_at=2026-09-14T20:44:29.930233+00:00
    Total instances: 160, Series during experiment: 32, Windows: 5
    Collecting ground truth and context...
    Organizing data into arrays...
    Saved predictions (quantiles) to /fslarge/scratch/users/h61084/codes/adaptime/outputs/adaptime/evaluations/seasonal_naive/univariate/Commodity_Production/M/short/run_0/predictions.npz
    Computing per-window metrics...
    Saved metrics to /fslarge/scratch/users/h61084/codes/adaptime/outputs/adaptime/evaluations/seasonal_naive/univariate/Commodity_Production/M/short/run_0/metrics.npz
    Saved config to /fslarge/scratch/users/h61084/codes/adaptime/outputs/adaptime/evaluations/seasonal_naive/univariate/Commodity_Production/M/short/run_0/config.json
    Saved aggregate metrics to /fslarge/scratch/users/h61084/codes/adaptime/outputs/adaptime/evaluations/seasonal_naive/univariate/Commodity_Production/M/short/run_0/metrics_summary.json
    Metrics summary (averaged over all series/windows/variates):
      MSE: 71632.8841
      MAE: 79.6431
      RMSE: 92.2455
      MAPE: 0.2694
      sMAPE: 0.2133
      MASE: 1.2201
      ND: 0.2125
      CRPS: 0.2125
/fslarge/scratch/users/h61084/codes/adaptime/outputs/adaptime/evaluations/seasonal_naive/univariate/Commodity_Production/M/short/run_0/metrics_summary.json
TIME run allocation action=new run=/fslarge/scratch/users/h61084/codes/adaptime/outputs/adaptime/evaluations/seasonal_naive/univariate/Commodity_Import/M/short/run_0 launch_id=selena_adaptime_unified_20260914T204328Z_25264_seasonal slurm_job_id=3427121 launched_at=2026-09-14T20:44:29.969355+00:00
    Total instances: 40, Series during experiment: 8, Windows: 5
    Collecting ground truth and context...
    Organizing data into arrays...
    Saved predictions (quantiles) to /fslarge/scratch/users/h61084/codes/adaptime/outputs/adaptime/evaluations/seasonal_naive/univariate/Commodity_Import/M/short/run_0/predictions.npz
    Computing per-window metrics...
    Saved metrics to /fslarge/scratch/users/h61084/codes/adaptime/outputs/adaptime/evaluations/seasonal_naive/univariate/Commodity_Import/M/short/run_0/metrics.npz
    Saved config to /fslarge/scratch/users/h61084/codes/adaptime/outputs/adaptime/evaluations/seasonal_naive/univariate/Commodity_Import/M/short/run_0/config.json
    Saved aggregate metrics to /fslarge/scratch/users/h61084/codes/adaptime/outputs/adaptime/evaluations/seasonal_naive/univariate/Commodity_Import/M/short/run_0/metrics_summary.json
    Metrics summary (averaged over all series/windows/variates):
      MSE: 2012552.0634
      MAE: 607.4800
      RMSE: 731.2889
      MAPE: 0.3374
      sMAPE: 0.2586
      MASE: 1.8336
      ND: 0.3003
      CRPS: 0.3003
/fslarge/scratch/users/h61084/codes/adaptime/outputs/adaptime/evaluations/seasonal_naive/univariate/Commodity_Import/M/short/run_0/metrics_summary.json
TIME run allocation action=new run=/fslarge/scratch/users/h61084/codes/adaptime/outputs/adaptime/evaluations/seasonal_naive/univariate/WUI_Global/Q/short/run_0 launch_id=selena_adaptime_unified_20260914T204328Z_25264_seasonal slurm_job_id=3427121 launched_at=2026-09-14T20:44:30.000026+00:00
    Total instances: 75, Series during experiment: 15, Windows: 5
    Collecting ground truth and context...
    Detected to_univariate case: 15 flat series -> 1 series x 15 variates
    Organizing data into arrays...
    Saved predictions (quantiles) to /fslarge/scratch/users/h61084/codes/adaptime/outputs/adaptime/evaluations/seasonal_naive/univariate/WUI_Global/Q/short/run_0/predictions.npz
    Computing per-window metrics...
    Saved metrics to /fslarge/scratch/users/h61084/codes/adaptime/outputs/adaptime/evaluations/seasonal_naive/univariate/WUI_Global/Q/short/run_0/metrics.npz
    Saved config to /fslarge/scratch/users/h61084/codes/adaptime/outputs/adaptime/evaluations/seasonal_naive/univariate/WUI_Global/Q/short/run_0/config.json
    Saved aggregate metrics to /fslarge/scratch/users/h61084/codes/adaptime/outputs/adaptime/evaluations/seasonal_naive/univariate/WUI_Global/Q/short/run_0/metrics_summary.json
    Metrics summary (averaged over all series/windows/variates):
      MSE: 0.0748
      MAE: 0.1941
      RMSE: 0.2317
      MAPE: 0.8995
      sMAPE: 0.8234
      MASE: 1.2753
      ND: 0.9871
      CRPS: 0.9871
/fslarge/scratch/users/h61084/codes/adaptime/outputs/adaptime/evaluations/seasonal_naive/univariate/WUI_Global/Q/short/run_0/metrics_summary.json
TIME run allocation action=new run=/fslarge/scratch/users/h61084/codes/adaptime/outputs/adaptime/evaluations/seasonal_naive/univariate/Global_Price/Q/short/run_0 launch_id=selena_adaptime_unified_20260914T204328Z_25264_seasonal slurm_job_id=3427121 launched_at=2026-09-14T20:44:30.033210+00:00
    Total instances: 300, Series during experiment: 60, Windows: 5
    Collecting ground truth and context...
    Detected to_univariate case: 60 flat series -> 1 series x 60 variates
    Organizing data into arrays...
    Saved predictions (quantiles) to /fslarge/scratch/users/h61084/codes/adaptime/outputs/adaptime/evaluations/seasonal_naive/univariate/Global_Price/Q/short/run_0/predictions.npz
    Computing per-window metrics...
    Saved metrics to /fslarge/scratch/users/h61084/codes/adaptime/outputs/adaptime/evaluations/seasonal_naive/univariate/Global_Price/Q/short/run_0/metrics.npz
    Saved config to /fslarge/scratch/users/h61084/codes/adaptime/outputs/adaptime/evaluations/seasonal_naive/univariate/Global_Price/Q/short/run_0/config.json
    Saved aggregate metrics to /fslarge/scratch/users/h61084/codes/adaptime/outputs/adaptime/evaluations/seasonal_naive/univariate/Global_Price/Q/short/run_0/metrics_summary.json
    Metrics summary (averaged over all series/windows/variates):
      MSE: 2706706.7588
      MAE: 375.3520
      RMSE: 421.9553
      MAPE: 0.2196
      sMAPE: 0.2247
      MASE: 1.8605
      ND: 0.2190
      CRPS: 0.2190
/fslarge/scratch/users/h61084/codes/adaptime/outputs/adaptime/evaluations/seasonal_naive/univariate/Global_Price/Q/short/run_0/metrics_summary.json
TIME run allocation action=new run=/fslarge/scratch/users/h61084/codes/adaptime/outputs/adaptime/evaluations/seasonal_naive/univariate/Vehicle_Sales/M/short/run_0 launch_id=selena_adaptime_unified_20260914T204328Z_25264_seasonal slurm_job_id=3427121 launched_at=2026-09-14T20:44:30.081509+00:00
    Total instances: 50, Series during experiment: 10, Windows: 5
    Collecting ground truth and context...
    Detected to_univariate case: 10 flat series -> 1 series x 10 variates
    Organizing data into arrays...
    Saved predictions (quantiles) to /fslarge/scratch/users/h61084/codes/adaptime/outputs/adaptime/evaluations/seasonal_naive/univariate/Vehicle_Sales/M/short/run_0/predictions.npz
    Computing per-window metrics...
    Saved metrics to /fslarge/scratch/users/h61084/codes/adaptime/outputs/adaptime/evaluations/seasonal_naive/univariate/Vehicle_Sales/M/short/run_0/metrics.npz
    Saved config to /fslarge/scratch/users/h61084/codes/adaptime/outputs/adaptime/evaluations/seasonal_naive/univariate/Vehicle_Sales/M/short/run_0/config.json
    Saved aggregate metrics to /fslarge/scratch/users/h61084/codes/adaptime/outputs/adaptime/evaluations/seasonal_naive/univariate/Vehicle_Sales/M/short/run_0/metrics_summary.json
    Metrics summary (averaged over all series/windows/variates):
      MSE: 4675.6469
      MAE: 16.5703
      RMSE: 20.2560
      MAPE: 0.1320
      sMAPE: 0.1320
      MASE: 1.3004
      ND: 0.1331
      CRPS: 0.1331
/fslarge/scratch/users/h61084/codes/adaptime/outputs/adaptime/evaluations/seasonal_naive/univariate/Vehicle_Sales/M/short/run_0/metrics_summary.json
TIME run allocation action=new run=/fslarge/scratch/users/h61084/codes/adaptime/outputs/adaptime/evaluations/seasonal_naive/univariate/Online_Retail_2_UCI/D/short/run_0 launch_id=selena_adaptime_unified_20260914T204328Z_25264_seasonal slurm_job_id=3427121 launched_at=2026-09-14T20:44:30.113745+00:00
    Total instances: 6, Series during experiment: 1, Windows: 6
    Collecting ground truth and context...
    Organizing data into arrays...
    ⚠️  Predictions max value (72433.79) exceeds float16 safe range.
    ⚠️  Applying scale factor: 10 (values will be divided)
    Saved predictions (quantiles) to /fslarge/scratch/users/h61084/codes/adaptime/outputs/adaptime/evaluations/seasonal_naive/univariate/Online_Retail_2_UCI/D/short/run_0/predictions.npz
    Computing per-window metrics...
    Saved metrics to /fslarge/scratch/users/h61084/codes/adaptime/outputs/adaptime/evaluations/seasonal_naive/univariate/Online_Retail_2_UCI/D/short/run_0/metrics.npz
    Saved config to /fslarge/scratch/users/h61084/codes/adaptime/outputs/adaptime/evaluations/seasonal_naive/univariate/Online_Retail_2_UCI/D/short/run_0/config.json
    Saved aggregate metrics to /fslarge/scratch/users/h61084/codes/adaptime/outputs/adaptime/evaluations/seasonal_naive/univariate/Online_Retail_2_UCI/D/short/run_0/metrics_summary.json
    Metrics summary (averaged over all series/windows/variates):
      MSE: 1262580518.4349
      MAE: 26709.8403
      RMSE: 32649.6730
      MAPE: 0.8271
      sMAPE: 0.9342
      MASE: 1.6233
      ND: 0.8599
      CRPS: 0.8599
/fslarge/scratch/users/h61084/codes/adaptime/outputs/adaptime/evaluations/seasonal_naive/univariate/Online_Retail_2_UCI/D/short/run_0/metrics_summary.json
TIME run allocation action=new run=/fslarge/scratch/users/h61084/codes/adaptime/outputs/adaptime/evaluations/seasonal_naive/univariate/Supply_Chain_Customer/D/short/run_0 launch_id=selena_adaptime_unified_20260914T204328Z_25264_seasonal slurm_job_id=3427121 launched_at=2026-09-14T20:44:30.141912+00:00
    Total instances: 432, Series during experiment: 36, Windows: 12
    Collecting ground truth and context...
    Detected to_univariate case: 36 flat series -> 1 series x 36 variates
    Organizing data into arrays...
    ⚠️  Predictions max value (135836.61) exceeds float16 safe range.
    ⚠️  Applying scale factor: 10 (values will be divided)
    Saved predictions (quantiles) to /fslarge/scratch/users/h61084/codes/adaptime/outputs/adaptime/evaluations/seasonal_naive/univariate/Supply_Chain_Customer/D/short/run_0/predictions.npz
    Computing per-window metrics...
    Saved metrics to /fslarge/scratch/users/h61084/codes/adaptime/outputs/adaptime/evaluations/seasonal_naive/univariate/Supply_Chain_Customer/D/short/run_0/metrics.npz
    Saved config to /fslarge/scratch/users/h61084/codes/adaptime/outputs/adaptime/evaluations/seasonal_naive/univariate/Supply_Chain_Customer/D/short/run_0/config.json
    Saved aggregate metrics to /fslarge/scratch/users/h61084/codes/adaptime/outputs/adaptime/evaluations/seasonal_naive/univariate/Supply_Chain_Customer/D/short/run_0/metrics_summary.json
    Metrics summary (averaged over all series/windows/variates):
      MSE: 174072113.7703
      MAE: 4463.3072
      RMSE: 5498.1302
      MAPE: 1.4575
      sMAPE: 0.8445
      MASE: 1.5244
      ND: 0.8811
      CRPS: 0.8811
/fslarge/scratch/users/h61084/codes/adaptime/outputs/adaptime/evaluations/seasonal_naive/univariate/Supply_Chain_Customer/D/short/run_0/metrics_summary.json
TIME run allocation action=new run=/fslarge/scratch/users/h61084/codes/adaptime/outputs/adaptime/evaluations/seasonal_naive/univariate/Supply_Chain_Location/D/short/run_0 launch_id=selena_adaptime_unified_20260914T204328Z_25264_seasonal slurm_job_id=3427121 launched_at=2026-09-14T20:44:30.213792+00:00
    Total instances: 612, Series during experiment: 51, Windows: 12
    Collecting ground truth and context...
    Detected to_univariate case: 51 flat series -> 1 series x 51 variates
    Organizing data into arrays...
    ⚠️  Predictions max value (79143.06) exceeds float16 safe range.
    ⚠️  Applying scale factor: 10 (values will be divided)
    Saved predictions (quantiles) to /fslarge/scratch/users/h61084/codes/adaptime/outputs/adaptime/evaluations/seasonal_naive/univariate/Supply_Chain_Location/D/short/run_0/predictions.npz
    Computing per-window metrics...
    Saved metrics to /fslarge/scratch/users/h61084/codes/adaptime/outputs/adaptime/evaluations/seasonal_naive/univariate/Supply_Chain_Location/D/short/run_0/metrics.npz
    Saved config to /fslarge/scratch/users/h61084/codes/adaptime/outputs/adaptime/evaluations/seasonal_naive/univariate/Supply_Chain_Location/D/short/run_0/config.json
    Saved aggregate metrics to /fslarge/scratch/users/h61084/codes/adaptime/outputs/adaptime/evaluations/seasonal_naive/univariate/Supply_Chain_Location/D/short/run_0/metrics_summary.json
    Metrics summary (averaged over all series/windows/variates):
      MSE: 72938255.9527
      MAE: 3511.5716
      RMSE: 4374.4949
      MAPE: 1.4102
      sMAPE: 0.8172
      MASE: 1.4264
      ND: 0.8347
      CRPS: 0.8347
/fslarge/scratch/users/h61084/codes/adaptime/outputs/adaptime/evaluations/seasonal_naive/univariate/Supply_Chain_Location/D/short/run_0/metrics_summary.json
TIME run allocation action=new run=/fslarge/scratch/users/h61084/codes/adaptime/outputs/adaptime/evaluations/seasonal_naive/univariate/azure2019_D/5T/short/run_0 launch_id=selena_adaptime_unified_20260914T204328Z_25264_seasonal slurm_job_id=3427121 launched_at=2026-09-14T20:44:30.304252+00:00
    Total instances: 8901, Series during experiment: 2967, Windows: 3
    Collecting ground truth and context...
    Detected to_univariate case: 2967 flat series -> 989 series x 3 variates
    Organizing data into arrays...
    Saved predictions (quantiles) to /fslarge/scratch/users/h61084/codes/adaptime/outputs/adaptime/evaluations/seasonal_naive/univariate/azure2019_D/5T/short/run_0/predictions.npz
    Computing per-window metrics...
    Saved metrics to /fslarge/scratch/users/h61084/codes/adaptime/outputs/adaptime/evaluations/seasonal_naive/univariate/azure2019_D/5T/short/run_0/metrics.npz
    Saved config to /fslarge/scratch/users/h61084/codes/adaptime/outputs/adaptime/evaluations/seasonal_naive/univariate/azure2019_D/5T/short/run_0/config.json
    Saved aggregate metrics to /fslarge/scratch/users/h61084/codes/adaptime/outputs/adaptime/evaluations/seasonal_naive/univariate/azure2019_D/5T/short/run_0/metrics_summary.json
    Metrics summary (averaged over all series/windows/variates):
      MSE: 106.6340
      MAE: 3.7928
      RMSE: 5.2215
      MAPE: 0.3684
      sMAPE: 0.2399
      MASE: 1.0620
      ND: 0.2808
      CRPS: 0.2808
/fslarge/scratch/users/h61084/codes/adaptime/outputs/adaptime/evaluations/seasonal_naive/univariate/azure2019_D/5T/short/run_0/metrics_summary.json
TIME run allocation action=new run=/fslarge/scratch/users/h61084/codes/adaptime/outputs/adaptime/evaluations/seasonal_naive/univariate/azure2019_I/5T/short/run_0 launch_id=selena_adaptime_unified_20260914T204328Z_25264_seasonal slurm_job_id=3427121 launched_at=2026-09-14T20:44:32.609891+00:00
    Total instances: 4428, Series during experiment: 1476, Windows: 3
    Collecting ground truth and context...
    Detected to_univariate case: 1476 flat series -> 492 series x 3 variates
    Organizing data into arrays...
    Saved predictions (quantiles) to /fslarge/scratch/users/h61084/codes/adaptime/outputs/adaptime/evaluations/seasonal_naive/univariate/azure2019_I/5T/short/run_0/predictions.npz
    Computing per-window metrics...
    Saved metrics to /fslarge/scratch/users/h61084/codes/adaptime/outputs/adaptime/evaluations/seasonal_naive/univariate/azure2019_I/5T/short/run_0/metrics.npz
    Saved config to /fslarge/scratch/users/h61084/codes/adaptime/outputs/adaptime/evaluations/seasonal_naive/univariate/azure2019_I/5T/short/run_0/config.json
    Saved aggregate metrics to /fslarge/scratch/users/h61084/codes/adaptime/outputs/adaptime/evaluations/seasonal_naive/univariate/azure2019_I/5T/short/run_0/metrics_summary.json
    Metrics summary (averaged over all series/windows/variates):
      MSE: 78.5674
      MAE: 3.1332
      RMSE: 4.4485
      MAPE: 0.3426
      sMAPE: 0.2056
      MASE: 0.9861
      ND: 0.2364
      CRPS: 0.2364
/fslarge/scratch/users/h61084/codes/adaptime/outputs/adaptime/evaluations/seasonal_naive/univariate/azure2019_I/5T/short/run_0/metrics_summary.json
TIME run allocation action=new run=/fslarge/scratch/users/h61084/codes/adaptime/outputs/adaptime/evaluations/seasonal_naive/univariate/azure2019_U/5T/short/run_0 launch_id=selena_adaptime_unified_20260914T204328Z_25264_seasonal slurm_job_id=3427121 launched_at=2026-09-14T20:44:33.770365+00:00
    Total instances: 1404, Series during experiment: 234, Windows: 6
    Collecting ground truth and context...
    Detected to_univariate case: 234 flat series -> 78 series x 3 variates
    Organizing data into arrays...
    Saved predictions (quantiles) to /fslarge/scratch/users/h61084/codes/adaptime/outputs/adaptime/evaluations/seasonal_naive/univariate/azure2019_U/5T/short/run_0/predictions.npz
    Computing per-window metrics...
    Saved metrics to /fslarge/scratch/users/h61084/codes/adaptime/outputs/adaptime/evaluations/seasonal_naive/univariate/azure2019_U/5T/short/run_0/metrics.npz
    Saved config to /fslarge/scratch/users/h61084/codes/adaptime/outputs/adaptime/evaluations/seasonal_naive/univariate/azure2019_U/5T/short/run_0/config.json
    Saved aggregate metrics to /fslarge/scratch/users/h61084/codes/adaptime/outputs/adaptime/evaluations/seasonal_naive/univariate/azure2019_U/5T/short/run_0/metrics_summary.json
    Metrics summary (averaged over all series/windows/variates):
      MSE: 137.0897
      MAE: 3.9214
      RMSE: 5.1518
      MAPE: 0.6285
      sMAPE: 0.2947
      MASE: 1.1131
      ND: 0.3623
      CRPS: 0.3623
/fslarge/scratch/users/h61084/codes/adaptime/outputs/adaptime/evaluations/seasonal_naive/univariate/azure2019_U/5T/short/run_0/metrics_summary.json
TIME run allocation action=new run=/fslarge/scratch/users/h61084/codes/adaptime/outputs/adaptime/evaluations/seasonal_naive/univariate/Smart_Manufacturing/H/short/run_0 launch_id=selena_adaptime_unified_20260914T204328Z_25264_seasonal slurm_job_id=3427121 launched_at=2026-09-14T20:44:33.918204+00:00
    Total instances: 2380, Series during experiment: 170, Windows: 14
    Collecting ground truth and context...
    Detected to_univariate case: 170 flat series -> 34 series x 5 variates
    Organizing data into arrays...
    Saved predictions (quantiles) to /fslarge/scratch/users/h61084/codes/adaptime/outputs/adaptime/evaluations/seasonal_naive/univariate/Smart_Manufacturing/H/short/run_0/predictions.npz
    Computing per-window metrics...
    Saved metrics to /fslarge/scratch/users/h61084/codes/adaptime/outputs/adaptime/evaluations/seasonal_naive/univariate/Smart_Manufacturing/H/short/run_0/metrics.npz
    Saved config to /fslarge/scratch/users/h61084/codes/adaptime/outputs/adaptime/evaluations/seasonal_naive/univariate/Smart_Manufacturing/H/short/run_0/config.json
    Saved aggregate metrics to /fslarge/scratch/users/h61084/codes/adaptime/outputs/adaptime/evaluations/seasonal_naive/univariate/Smart_Manufacturing/H/short/run_0/metrics_summary.json
    Metrics summary (averaged over all series/windows/variates):
      MSE: 156.9560
      MAE: 8.0818
      RMSE: 9.9584
      MAPE: 0.4216
      sMAPE: 0.3148
      MASE: 0.9987
      ND: 0.3026
      CRPS: 0.3026
/fslarge/scratch/users/h61084/codes/adaptime/outputs/adaptime/evaluations/seasonal_naive/univariate/Smart_Manufacturing/H/short/run_0/metrics_summary.json
TIME run allocation action=new run=/fslarge/scratch/users/h61084/codes/adaptime/outputs/adaptime/evaluations/seasonal_naive/univariate/Smart_Manufacturing/H/medium/run_0 launch_id=selena_adaptime_unified_20260914T204328Z_25264_seasonal slurm_job_id=3427121 launched_at=2026-09-14T20:44:34.129106+00:00
    Total instances: 340, Series during experiment: 170, Windows: 2
    Collecting ground truth and context...
    Detected to_univariate case: 170 flat series -> 34 series x 5 variates
    Organizing data into arrays...
    Saved predictions (quantiles) to /fslarge/scratch/users/h61084/codes/adaptime/outputs/adaptime/evaluations/seasonal_naive/univariate/Smart_Manufacturing/H/medium/run_0/predictions.npz
    Computing per-window metrics...
    Saved metrics to /fslarge/scratch/users/h61084/codes/adaptime/outputs/adaptime/evaluations/seasonal_naive/univariate/Smart_Manufacturing/H/medium/run_0/metrics.npz
    Saved config to /fslarge/scratch/users/h61084/codes/adaptime/outputs/adaptime/evaluations/seasonal_naive/univariate/Smart_Manufacturing/H/medium/run_0/config.json
    Saved aggregate metrics to /fslarge/scratch/users/h61084/codes/adaptime/outputs/adaptime/evaluations/seasonal_naive/univariate/Smart_Manufacturing/H/medium/run_0/metrics_summary.json
    Metrics summary (averaged over all series/windows/variates):
      MSE: 159.5024
      MAE: 8.1426
      RMSE: 10.1502
      MAPE: 0.4276
      sMAPE: 0.3179
      MASE: 1.0059
      ND: 0.3032
      CRPS: 0.3032
/fslarge/scratch/users/h61084/codes/adaptime/outputs/adaptime/evaluations/seasonal_naive/univariate/Smart_Manufacturing/H/medium/run_0/metrics_summary.json
TIME run allocation action=new run=/fslarge/scratch/users/h61084/codes/adaptime/outputs/adaptime/evaluations/seasonal_naive/univariate/Smart_Manufacturing/H/long/run_0 launch_id=selena_adaptime_unified_20260914T204328Z_25264_seasonal slurm_job_id=3427121 launched_at=2026-09-14T20:44:34.204038+00:00
    Total instances: 170, Series during experiment: 170, Windows: 1
    Collecting ground truth and context...
    Detected to_univariate case: 170 flat series -> 34 series x 5 variates
    Organizing data into arrays...
    Saved predictions (quantiles) to /fslarge/scratch/users/h61084/codes/adaptime/outputs/adaptime/evaluations/seasonal_naive/univariate/Smart_Manufacturing/H/long/run_0/predictions.npz
    Computing per-window metrics...
    Saved metrics to /fslarge/scratch/users/h61084/codes/adaptime/outputs/adaptime/evaluations/seasonal_naive/univariate/Smart_Manufacturing/H/long/run_0/metrics.npz
    Saved config to /fslarge/scratch/users/h61084/codes/adaptime/outputs/adaptime/evaluations/seasonal_naive/univariate/Smart_Manufacturing/H/long/run_0/config.json
    Saved aggregate metrics to /fslarge/scratch/users/h61084/codes/adaptime/outputs/adaptime/evaluations/seasonal_naive/univariate/Smart_Manufacturing/H/long/run_0/metrics_summary.json
    Metrics summary (averaged over all series/windows/variates):
      MSE: 156.7998
      MAE: 8.0862
      RMSE: 10.0920
      MAPE: 0.4297
      sMAPE: 0.3149
      MASE: 1.0022
      ND: 0.3016
      CRPS: 0.3016
/fslarge/scratch/users/h61084/codes/adaptime/outputs/adaptime/evaluations/seasonal_naive/univariate/Smart_Manufacturing/H/long/run_0/metrics_summary.json
TIME run allocation action=new run=/fslarge/scratch/users/h61084/codes/adaptime/outputs/adaptime/evaluations/seasonal_naive/univariate/MetroPT-3/5T/short/run_0 launch_id=selena_adaptime_unified_20260914T204328Z_25264_seasonal slurm_job_id=3427121 launched_at=2026-09-14T20:44:34.263076+00:00
    Total instances: 216, Series during experiment: 6, Windows: 36
    Collecting ground truth and context...
    Detected to_univariate case: 6 flat series -> 1 series x 6 variates
    Organizing data into arrays...
    Saved predictions (quantiles) to /fslarge/scratch/users/h61084/codes/adaptime/outputs/adaptime/evaluations/seasonal_naive/univariate/MetroPT-3/5T/short/run_0/predictions.npz
    Computing per-window metrics...
    Saved metrics to /fslarge/scratch/users/h61084/codes/adaptime/outputs/adaptime/evaluations/seasonal_naive/univariate/MetroPT-3/5T/short/run_0/metrics.npz
    Saved config to /fslarge/scratch/users/h61084/codes/adaptime/outputs/adaptime/evaluations/seasonal_naive/univariate/MetroPT-3/5T/short/run_0/config.json
    Saved aggregate metrics to /fslarge/scratch/users/h61084/codes/adaptime/outputs/adaptime/evaluations/seasonal_naive/univariate/MetroPT-3/5T/short/run_0/metrics_summary.json
    Metrics summary (averaged over all series/windows/variates):
      MSE: 5.9035
      MAE: 1.5212
      RMSE: 1.9610
      MAPE: 10.9777
      sMAPE: 0.4155
      MASE: 0.8726
      ND: 0.4298
      CRPS: 0.4298
/fslarge/scratch/users/h61084/codes/adaptime/outputs/adaptime/evaluations/seasonal_naive/univariate/MetroPT-3/5T/short/run_0/metrics_summary.json
TIME run allocation action=new run=/fslarge/scratch/users/h61084/codes/adaptime/outputs/adaptime/evaluations/seasonal_naive/univariate/MetroPT-3/5T/medium/run_0 launch_id=selena_adaptime_unified_20260914T204328Z_25264_seasonal slurm_job_id=3427121 launched_at=2026-09-14T20:44:34.339038+00:00
    Total instances: 36, Series during experiment: 6, Windows: 6
    Collecting ground truth and context...
    Detected to_univariate case: 6 flat series -> 1 series x 6 variates
    Organizing data into arrays...
    Saved predictions (quantiles) to /fslarge/scratch/users/h61084/codes/adaptime/outputs/adaptime/evaluations/seasonal_naive/univariate/MetroPT-3/5T/medium/run_0/predictions.npz
    Computing per-window metrics...
    Saved metrics to /fslarge/scratch/users/h61084/codes/adaptime/outputs/adaptime/evaluations/seasonal_naive/univariate/MetroPT-3/5T/medium/run_0/metrics.npz
    Saved config to /fslarge/scratch/users/h61084/codes/adaptime/outputs/adaptime/evaluations/seasonal_naive/univariate/MetroPT-3/5T/medium/run_0/config.json
    Saved aggregate metrics to /fslarge/scratch/users/h61084/codes/adaptime/outputs/adaptime/evaluations/seasonal_naive/univariate/MetroPT-3/5T/medium/run_0/metrics_summary.json
    Metrics summary (averaged over all series/windows/variates):
      MSE: 5.6402
      MAE: 1.4923
      RMSE: 1.9595
      MAPE: 10.8222
      sMAPE: 0.4076
      MASE: 0.8536
      ND: 0.4186
      CRPS: 0.4186
/fslarge/scratch/users/h61084/codes/adaptime/outputs/adaptime/evaluations/seasonal_naive/univariate/MetroPT-3/5T/medium/run_0/metrics_summary.json
TIME run allocation action=new run=/fslarge/scratch/users/h61084/codes/adaptime/outputs/adaptime/evaluations/seasonal_naive/univariate/MetroPT-3/5T/long/run_0 launch_id=selena_adaptime_unified_20260914T204328Z_25264_seasonal slurm_job_id=3427121 launched_at=2026-09-14T20:44:34.393035+00:00
    Total instances: 18, Series during experiment: 6, Windows: 3
    Collecting ground truth and context...
    Detected to_univariate case: 6 flat series -> 1 series x 6 variates
    Organizing data into arrays...
    Saved predictions (quantiles) to /fslarge/scratch/users/h61084/codes/adaptime/outputs/adaptime/evaluations/seasonal_naive/univariate/MetroPT-3/5T/long/run_0/predictions.npz
    Computing per-window metrics...
    Saved metrics to /fslarge/scratch/users/h61084/codes/adaptime/outputs/adaptime/evaluations/seasonal_naive/univariate/MetroPT-3/5T/long/run_0/metrics.npz
    Saved config to /fslarge/scratch/users/h61084/codes/adaptime/outputs/adaptime/evaluations/seasonal_naive/univariate/MetroPT-3/5T/long/run_0/config.json
    Saved aggregate metrics to /fslarge/scratch/users/h61084/codes/adaptime/outputs/adaptime/evaluations/seasonal_naive/univariate/MetroPT-3/5T/long/run_0/metrics_summary.json
    Metrics summary (averaged over all series/windows/variates):
      MSE: 5.4098
      MAE: 1.4533
      RMSE: 1.9373
      MAPE: 12.7400
      sMAPE: 0.4078
      MASE: 0.8687
      ND: 0.4313
      CRPS: 0.4313
/fslarge/scratch/users/h61084/codes/adaptime/outputs/adaptime/evaluations/seasonal_naive/univariate/MetroPT-3/5T/long/run_0/metrics_summary.json
2026-09-14 22:44:34 | task TIME-wide Adaptime method=seasonal_naive stage=pipeline completed status=success
2026-09-14 22:44:34 | stage pipeline completed status=success
2026-09-14 22:44:34 | workflow adaptime completed status=success exit_code=0
