2026-09-09 12:49:09 | workflow adaptime started launch_id=selena_adaptime_3241621 task=ridge_pipeline slurm_job_id=3241621 slurm_array_job_id=none slurm_array_task_id=none
2026-09-09 12:49:09 | stage pipeline started
2026-09-09 12:49:09 | task TIME-wide Adaptime method=ridge stage=pipeline started
TIME run allocation action=skip run=/fslarge/scratch/users/h61084/codes/adaptime/outputs/adaptime/vanilla/shared/univariate/Water_Quality_Darwin/15T/short/run_0 source_launch=selena_adaptime_3227291 launch_id=selena_adaptime_3241621 slurm_job_id=3241621 launched_at=2026-09-09T10:49:22.745285+00:00
/fslarge/scratch/users/h61084/codes/adaptime/outputs/adaptime/vanilla/shared/univariate/Water_Quality_Darwin/15T/short/run_0/vanilla/manifest.json
TIME run allocation action=skip run=/fslarge/scratch/users/h61084/codes/adaptime/outputs/adaptime/vanilla/shared/univariate/Water_Quality_Darwin/15T/medium/run_0 source_launch=selena_adaptime_3227291 launch_id=selena_adaptime_3241621 slurm_job_id=3241621 launched_at=2026-09-09T10:49:22.755474+00:00
/fslarge/scratch/users/h61084/codes/adaptime/outputs/adaptime/vanilla/shared/univariate/Water_Quality_Darwin/15T/medium/run_0/vanilla/manifest.json
TIME run allocation action=skip run=/fslarge/scratch/users/h61084/codes/adaptime/outputs/adaptime/vanilla/shared/univariate/Water_Quality_Darwin/15T/long/run_0 source_launch=selena_adaptime_3227291 launch_id=selena_adaptime_3241621 slurm_job_id=3241621 launched_at=2026-09-09T10:49:22.765600+00:00
/fslarge/scratch/users/h61084/codes/adaptime/outputs/adaptime/vanilla/shared/univariate/Water_Quality_Darwin/15T/long/run_0/vanilla/manifest.json
TIME run allocation action=skip run=/fslarge/scratch/users/h61084/codes/adaptime/outputs/adaptime/vanilla/shared/univariate/current_velocity/5T/short/run_0 source_launch=selena_adaptime_3227291 launch_id=selena_adaptime_3241621 slurm_job_id=3241621 launched_at=2026-09-09T10:49:22.775672+00:00
/fslarge/scratch/users/h61084/codes/adaptime/outputs/adaptime/vanilla/shared/univariate/current_velocity/5T/short/run_0/vanilla/manifest.json
TIME run allocation action=skip run=/fslarge/scratch/users/h61084/codes/adaptime/outputs/adaptime/vanilla/shared/univariate/current_velocity/5T/medium/run_0 source_launch=selena_adaptime_3227291 launch_id=selena_adaptime_3241621 slurm_job_id=3241621 launched_at=2026-09-09T10:49:22.785617+00:00
/fslarge/scratch/users/h61084/codes/adaptime/outputs/adaptime/vanilla/shared/univariate/current_velocity/5T/medium/run_0/vanilla/manifest.json
TIME run allocation action=skip run=/fslarge/scratch/users/h61084/codes/adaptime/outputs/adaptime/vanilla/shared/univariate/current_velocity/5T/long/run_0 source_launch=selena_adaptime_3227291 launch_id=selena_adaptime_3241621 slurm_job_id=3241621 launched_at=2026-09-09T10:49:22.795410+00:00
/fslarge/scratch/users/h61084/codes/adaptime/outputs/adaptime/vanilla/shared/univariate/current_velocity/5T/long/run_0/vanilla/manifest.json
TIME run allocation action=skip run=/fslarge/scratch/users/h61084/codes/adaptime/outputs/adaptime/vanilla/shared/univariate/current_velocity/10T/short/run_0 source_launch=selena_adaptime_3227291 launch_id=selena_adaptime_3241621 slurm_job_id=3241621 launched_at=2026-09-09T10:49:22.806538+00:00
/fslarge/scratch/users/h61084/codes/adaptime/outputs/adaptime/vanilla/shared/univariate/current_velocity/10T/short/run_0/vanilla/manifest.json
TIME run allocation action=skip run=/fslarge/scratch/users/h61084/codes/adaptime/outputs/adaptime/vanilla/shared/univariate/current_velocity/10T/medium/run_0 source_launch=selena_adaptime_3227291 launch_id=selena_adaptime_3241621 slurm_job_id=3241621 launched_at=2026-09-09T10:49:22.816702+00:00
/fslarge/scratch/users/h61084/codes/adaptime/outputs/adaptime/vanilla/shared/univariate/current_velocity/10T/medium/run_0/vanilla/manifest.json
TIME run allocation action=skip run=/fslarge/scratch/users/h61084/codes/adaptime/outputs/adaptime/vanilla/shared/univariate/current_velocity/10T/long/run_0 source_launch=selena_adaptime_3227291 launch_id=selena_adaptime_3241621 slurm_job_id=3241621 launched_at=2026-09-09T10:49:22.826915+00:00
/fslarge/scratch/users/h61084/codes/adaptime/outputs/adaptime/vanilla/shared/univariate/current_velocity/10T/long/run_0/vanilla/manifest.json
TIME run allocation action=skip run=/fslarge/scratch/users/h61084/codes/adaptime/outputs/adaptime/vanilla/shared/univariate/current_velocity/15T/short/run_0 source_launch=selena_adaptime_3227291 launch_id=selena_adaptime_3241621 slurm_job_id=3241621 launched_at=2026-09-09T10:49:22.836811+00:00
/fslarge/scratch/users/h61084/codes/adaptime/outputs/adaptime/vanilla/shared/univariate/current_velocity/15T/short/run_0/vanilla/manifest.json
TIME run allocation action=skip run=/fslarge/scratch/users/h61084/codes/adaptime/outputs/adaptime/vanilla/shared/univariate/current_velocity/15T/medium/run_0 source_launch=selena_adaptime_3227291 launch_id=selena_adaptime_3241621 slurm_job_id=3241621 launched_at=2026-09-09T10:49:22.846575+00:00
/fslarge/scratch/users/h61084/codes/adaptime/outputs/adaptime/vanilla/shared/univariate/current_velocity/15T/medium/run_0/vanilla/manifest.json
TIME run allocation action=skip run=/fslarge/scratch/users/h61084/codes/adaptime/outputs/adaptime/vanilla/shared/univariate/current_velocity/15T/long/run_0 source_launch=selena_adaptime_3227291 launch_id=selena_adaptime_3241621 slurm_job_id=3241621 launched_at=2026-09-09T10:49:22.856201+00:00
/fslarge/scratch/users/h61084/codes/adaptime/outputs/adaptime/vanilla/shared/univariate/current_velocity/15T/long/run_0/vanilla/manifest.json
TIME run allocation action=skip run=/fslarge/scratch/users/h61084/codes/adaptime/outputs/adaptime/vanilla/shared/univariate/current_velocity/20T/short/run_0 source_launch=selena_adaptime_3227291 launch_id=selena_adaptime_3241621 slurm_job_id=3241621 launched_at=2026-09-09T10:49:22.866247+00:00
/fslarge/scratch/users/h61084/codes/adaptime/outputs/adaptime/vanilla/shared/univariate/current_velocity/20T/short/run_0/vanilla/manifest.json
TIME run allocation action=skip run=/fslarge/scratch/users/h61084/codes/adaptime/outputs/adaptime/vanilla/shared/univariate/current_velocity/20T/medium/run_0 source_launch=selena_adaptime_3227291 launch_id=selena_adaptime_3241621 slurm_job_id=3241621 launched_at=2026-09-09T10:49:22.876089+00:00
/fslarge/scratch/users/h61084/codes/adaptime/outputs/adaptime/vanilla/shared/univariate/current_velocity/20T/medium/run_0/vanilla/manifest.json
TIME run allocation action=skip run=/fslarge/scratch/users/h61084/codes/adaptime/outputs/adaptime/vanilla/shared/univariate/current_velocity/20T/long/run_0 source_launch=selena_adaptime_3227291 launch_id=selena_adaptime_3241621 slurm_job_id=3241621 launched_at=2026-09-09T10:49:22.885463+00:00
/fslarge/scratch/users/h61084/codes/adaptime/outputs/adaptime/vanilla/shared/univariate/current_velocity/20T/long/run_0/vanilla/manifest.json
TIME run allocation action=skip run=/fslarge/scratch/users/h61084/codes/adaptime/outputs/adaptime/vanilla/shared/univariate/current_velocity/H/short/run_0 source_launch=selena_adaptime_3227291 launch_id=selena_adaptime_3241621 slurm_job_id=3241621 launched_at=2026-09-09T10:49:22.895715+00:00
/fslarge/scratch/users/h61084/codes/adaptime/outputs/adaptime/vanilla/shared/univariate/current_velocity/H/short/run_0/vanilla/manifest.json
TIME run allocation action=skip run=/fslarge/scratch/users/h61084/codes/adaptime/outputs/adaptime/vanilla/shared/univariate/current_velocity/H/medium/run_0 source_launch=selena_adaptime_3227291 launch_id=selena_adaptime_3241621 slurm_job_id=3241621 launched_at=2026-09-09T10:49:22.905527+00:00
/fslarge/scratch/users/h61084/codes/adaptime/outputs/adaptime/vanilla/shared/univariate/current_velocity/H/medium/run_0/vanilla/manifest.json
TIME run allocation action=skip run=/fslarge/scratch/users/h61084/codes/adaptime/outputs/adaptime/vanilla/shared/univariate/current_velocity/H/long/run_0 source_launch=selena_adaptime_3227291 launch_id=selena_adaptime_3241621 slurm_job_id=3241621 launched_at=2026-09-09T10:49:22.915315+00:00
/fslarge/scratch/users/h61084/codes/adaptime/outputs/adaptime/vanilla/shared/univariate/current_velocity/H/long/run_0/vanilla/manifest.json
TIME run allocation action=skip run=/fslarge/scratch/users/h61084/codes/adaptime/outputs/adaptime/vanilla/shared/univariate/CPHL/15T/short/run_0 source_launch=selena_adaptime_3227291 launch_id=selena_adaptime_3241621 slurm_job_id=3241621 launched_at=2026-09-09T10:49:22.925537+00:00
/fslarge/scratch/users/h61084/codes/adaptime/outputs/adaptime/vanilla/shared/univariate/CPHL/15T/short/run_0/vanilla/manifest.json
TIME run allocation action=skip run=/fslarge/scratch/users/h61084/codes/adaptime/outputs/adaptime/vanilla/shared/univariate/CPHL/15T/medium/run_0 source_launch=selena_adaptime_3227291 launch_id=selena_adaptime_3241621 slurm_job_id=3241621 launched_at=2026-09-09T10:49:22.937218+00:00
/fslarge/scratch/users/h61084/codes/adaptime/outputs/adaptime/vanilla/shared/univariate/CPHL/15T/medium/run_0/vanilla/manifest.json
TIME run allocation action=skip run=/fslarge/scratch/users/h61084/codes/adaptime/outputs/adaptime/vanilla/shared/univariate/CPHL/15T/long/run_0 source_launch=selena_adaptime_3227291 launch_id=selena_adaptime_3241621 slurm_job_id=3241621 launched_at=2026-09-09T10:49:22.947114+00:00
/fslarge/scratch/users/h61084/codes/adaptime/outputs/adaptime/vanilla/shared/univariate/CPHL/15T/long/run_0/vanilla/manifest.json
TIME run allocation action=skip run=/fslarge/scratch/users/h61084/codes/adaptime/outputs/adaptime/vanilla/shared/univariate/CPHL/30T/short/run_0 source_launch=selena_adaptime_3227291 launch_id=selena_adaptime_3241621 slurm_job_id=3241621 launched_at=2026-09-09T10:49:22.957326+00:00
/fslarge/scratch/users/h61084/codes/adaptime/outputs/adaptime/vanilla/shared/univariate/CPHL/30T/short/run_0/vanilla/manifest.json
TIME run allocation action=skip run=/fslarge/scratch/users/h61084/codes/adaptime/outputs/adaptime/vanilla/shared/univariate/CPHL/30T/medium/run_0 source_launch=selena_adaptime_3227291 launch_id=selena_adaptime_3241621 slurm_job_id=3241621 launched_at=2026-09-09T10:49:22.967316+00:00
/fslarge/scratch/users/h61084/codes/adaptime/outputs/adaptime/vanilla/shared/univariate/CPHL/30T/medium/run_0/vanilla/manifest.json
TIME run allocation action=skip run=/fslarge/scratch/users/h61084/codes/adaptime/outputs/adaptime/vanilla/shared/univariate/CPHL/30T/long/run_0 source_launch=selena_adaptime_3227291 launch_id=selena_adaptime_3241621 slurm_job_id=3241621 launched_at=2026-09-09T10:49:22.977112+00:00
/fslarge/scratch/users/h61084/codes/adaptime/outputs/adaptime/vanilla/shared/univariate/CPHL/30T/long/run_0/vanilla/manifest.json
TIME run allocation action=skip run=/fslarge/scratch/users/h61084/codes/adaptime/outputs/adaptime/vanilla/shared/univariate/CPHL/H/short/run_0 source_launch=selena_adaptime_3227291 launch_id=selena_adaptime_3241621 slurm_job_id=3241621 launched_at=2026-09-09T10:49:22.986852+00:00
/fslarge/scratch/users/h61084/codes/adaptime/outputs/adaptime/vanilla/shared/univariate/CPHL/H/short/run_0/vanilla/manifest.json
TIME run allocation action=skip run=/fslarge/scratch/users/h61084/codes/adaptime/outputs/adaptime/vanilla/shared/univariate/CPHL/H/medium/run_0 source_launch=selena_adaptime_3227291 launch_id=selena_adaptime_3241621 slurm_job_id=3241621 launched_at=2026-09-09T10:49:22.996430+00:00
/fslarge/scratch/users/h61084/codes/adaptime/outputs/adaptime/vanilla/shared/univariate/CPHL/H/medium/run_0/vanilla/manifest.json
TIME run allocation action=skip run=/fslarge/scratch/users/h61084/codes/adaptime/outputs/adaptime/vanilla/shared/univariate/CPHL/H/long/run_0 source_launch=selena_adaptime_3227291 launch_id=selena_adaptime_3241621 slurm_job_id=3241621 launched_at=2026-09-09T10:49:23.006029+00:00
/fslarge/scratch/users/h61084/codes/adaptime/outputs/adaptime/vanilla/shared/univariate/CPHL/H/long/run_0/vanilla/manifest.json
TIME run allocation action=skip run=/fslarge/scratch/users/h61084/codes/adaptime/outputs/adaptime/vanilla/shared/univariate/Coastal_T_S/5T/short/run_0 source_launch=selena_adaptime_3227291 launch_id=selena_adaptime_3241621 slurm_job_id=3241621 launched_at=2026-09-09T10:49:23.016131+00:00
/fslarge/scratch/users/h61084/codes/adaptime/outputs/adaptime/vanilla/shared/univariate/Coastal_T_S/5T/short/run_0/vanilla/manifest.json
TIME run allocation action=skip run=/fslarge/scratch/users/h61084/codes/adaptime/outputs/adaptime/vanilla/shared/univariate/Coastal_T_S/5T/medium/run_0 source_launch=selena_adaptime_3227291 launch_id=selena_adaptime_3241621 slurm_job_id=3241621 launched_at=2026-09-09T10:49:23.026045+00:00
/fslarge/scratch/users/h61084/codes/adaptime/outputs/adaptime/vanilla/shared/univariate/Coastal_T_S/5T/medium/run_0/vanilla/manifest.json
TIME run allocation action=skip run=/fslarge/scratch/users/h61084/codes/adaptime/outputs/adaptime/vanilla/shared/univariate/Coastal_T_S/5T/long/run_0 source_launch=selena_adaptime_3227291 launch_id=selena_adaptime_3241621 slurm_job_id=3241621 launched_at=2026-09-09T10:49:23.035799+00:00
/fslarge/scratch/users/h61084/codes/adaptime/outputs/adaptime/vanilla/shared/univariate/Coastal_T_S/5T/long/run_0/vanilla/manifest.json
TIME run allocation action=skip run=/fslarge/scratch/users/h61084/codes/adaptime/outputs/adaptime/vanilla/shared/univariate/Coastal_T_S/15T/short/run_0 source_launch=selena_adaptime_3227291 launch_id=selena_adaptime_3241621 slurm_job_id=3241621 launched_at=2026-09-09T10:49:23.045611+00:00
/fslarge/scratch/users/h61084/codes/adaptime/outputs/adaptime/vanilla/shared/univariate/Coastal_T_S/15T/short/run_0/vanilla/manifest.json
TIME run allocation action=skip run=/fslarge/scratch/users/h61084/codes/adaptime/outputs/adaptime/vanilla/shared/univariate/Coastal_T_S/15T/medium/run_0 source_launch=selena_adaptime_3227291 launch_id=selena_adaptime_3241621 slurm_job_id=3241621 launched_at=2026-09-09T10:49:23.055339+00:00
/fslarge/scratch/users/h61084/codes/adaptime/outputs/adaptime/vanilla/shared/univariate/Coastal_T_S/15T/medium/run_0/vanilla/manifest.json
TIME run allocation action=skip run=/fslarge/scratch/users/h61084/codes/adaptime/outputs/adaptime/vanilla/shared/univariate/Coastal_T_S/15T/long/run_0 source_launch=selena_adaptime_3227291 launch_id=selena_adaptime_3241621 slurm_job_id=3241621 launched_at=2026-09-09T10:49:23.065282+00:00
/fslarge/scratch/users/h61084/codes/adaptime/outputs/adaptime/vanilla/shared/univariate/Coastal_T_S/15T/long/run_0/vanilla/manifest.json
TIME run allocation action=skip run=/fslarge/scratch/users/h61084/codes/adaptime/outputs/adaptime/vanilla/shared/univariate/Coastal_T_S/20T/short/run_0 source_launch=selena_adaptime_3227291 launch_id=selena_adaptime_3241621 slurm_job_id=3241621 launched_at=2026-09-09T10:49:23.075087+00:00
/fslarge/scratch/users/h61084/codes/adaptime/outputs/adaptime/vanilla/shared/univariate/Coastal_T_S/20T/short/run_0/vanilla/manifest.json
TIME run allocation action=skip run=/fslarge/scratch/users/h61084/codes/adaptime/outputs/adaptime/vanilla/shared/univariate/Coastal_T_S/20T/medium/run_0 source_launch=selena_adaptime_3227291 launch_id=selena_adaptime_3241621 slurm_job_id=3241621 launched_at=2026-09-09T10:49:23.084676+00:00
/fslarge/scratch/users/h61084/codes/adaptime/outputs/adaptime/vanilla/shared/univariate/Coastal_T_S/20T/medium/run_0/vanilla/manifest.json
TIME run allocation action=skip run=/fslarge/scratch/users/h61084/codes/adaptime/outputs/adaptime/vanilla/shared/univariate/Coastal_T_S/20T/long/run_0 source_launch=selena_adaptime_3227291 launch_id=selena_adaptime_3241621 slurm_job_id=3241621 launched_at=2026-09-09T10:49:23.094374+00:00
/fslarge/scratch/users/h61084/codes/adaptime/outputs/adaptime/vanilla/shared/univariate/Coastal_T_S/20T/long/run_0/vanilla/manifest.json
TIME run allocation action=skip run=/fslarge/scratch/users/h61084/codes/adaptime/outputs/adaptime/vanilla/shared/univariate/Coastal_T_S/H/short/run_0 source_launch=selena_adaptime_3227291 launch_id=selena_adaptime_3241621 slurm_job_id=3241621 launched_at=2026-09-09T10:49:23.104278+00:00
/fslarge/scratch/users/h61084/codes/adaptime/outputs/adaptime/vanilla/shared/univariate/Coastal_T_S/H/short/run_0/vanilla/manifest.json
TIME run allocation action=skip run=/fslarge/scratch/users/h61084/codes/adaptime/outputs/adaptime/vanilla/shared/univariate/Coastal_T_S/H/medium/run_0 source_launch=selena_adaptime_3227291 launch_id=selena_adaptime_3241621 slurm_job_id=3241621 launched_at=2026-09-09T10:49:23.113806+00:00
/fslarge/scratch/users/h61084/codes/adaptime/outputs/adaptime/vanilla/shared/univariate/Coastal_T_S/H/medium/run_0/vanilla/manifest.json
TIME run allocation action=skip run=/fslarge/scratch/users/h61084/codes/adaptime/outputs/adaptime/vanilla/shared/univariate/Coastal_T_S/H/long/run_0 source_launch=selena_adaptime_3227291 launch_id=selena_adaptime_3241621 slurm_job_id=3241621 launched_at=2026-09-09T10:49:23.123158+00:00
/fslarge/scratch/users/h61084/codes/adaptime/outputs/adaptime/vanilla/shared/univariate/Coastal_T_S/H/long/run_0/vanilla/manifest.json
TIME run allocation action=skip run=/fslarge/scratch/users/h61084/codes/adaptime/outputs/adaptime/vanilla/shared/univariate/SG_Weather/D/short/run_0 source_launch=selena_adaptime_3227291 launch_id=selena_adaptime_3241621 slurm_job_id=3241621 launched_at=2026-09-09T10:49:23.133534+00:00
/fslarge/scratch/users/h61084/codes/adaptime/outputs/adaptime/vanilla/shared/univariate/SG_Weather/D/short/run_0/vanilla/manifest.json
TIME run allocation action=skip run=/fslarge/scratch/users/h61084/codes/adaptime/outputs/adaptime/vanilla/shared/univariate/SG_Weather/D/medium/run_0 source_launch=selena_adaptime_3227291 launch_id=selena_adaptime_3241621 slurm_job_id=3241621 launched_at=2026-09-09T10:49:23.143300+00:00
/fslarge/scratch/users/h61084/codes/adaptime/outputs/adaptime/vanilla/shared/univariate/SG_Weather/D/medium/run_0/vanilla/manifest.json
TIME run allocation action=skip run=/fslarge/scratch/users/h61084/codes/adaptime/outputs/adaptime/vanilla/shared/univariate/SG_Weather/D/long/run_0 source_launch=selena_adaptime_3227291 launch_id=selena_adaptime_3241621 slurm_job_id=3241621 launched_at=2026-09-09T10:49:23.152851+00:00
/fslarge/scratch/users/h61084/codes/adaptime/outputs/adaptime/vanilla/shared/univariate/SG_Weather/D/long/run_0/vanilla/manifest.json
TIME run allocation action=skip run=/fslarge/scratch/users/h61084/codes/adaptime/outputs/adaptime/vanilla/shared/univariate/SG_PM25/H/short/run_0 source_launch=selena_adaptime_3227291 launch_id=selena_adaptime_3241621 slurm_job_id=3241621 launched_at=2026-09-09T10:49:23.163054+00:00
/fslarge/scratch/users/h61084/codes/adaptime/outputs/adaptime/vanilla/shared/univariate/SG_PM25/H/short/run_0/vanilla/manifest.json
TIME run allocation action=skip run=/fslarge/scratch/users/h61084/codes/adaptime/outputs/adaptime/vanilla/shared/univariate/SG_PM25/H/medium/run_0 source_launch=selena_adaptime_3227291 launch_id=selena_adaptime_3241621 slurm_job_id=3241621 launched_at=2026-09-09T10:49:23.172604+00:00
/fslarge/scratch/users/h61084/codes/adaptime/outputs/adaptime/vanilla/shared/univariate/SG_PM25/H/medium/run_0/vanilla/manifest.json
TIME run allocation action=skip run=/fslarge/scratch/users/h61084/codes/adaptime/outputs/adaptime/vanilla/shared/univariate/SG_PM25/H/long/run_0 source_launch=selena_adaptime_3227291 launch_id=selena_adaptime_3241621 slurm_job_id=3241621 launched_at=2026-09-09T10:49:23.182540+00:00
/fslarge/scratch/users/h61084/codes/adaptime/outputs/adaptime/vanilla/shared/univariate/SG_PM25/H/long/run_0/vanilla/manifest.json
TIME run allocation action=skip run=/fslarge/scratch/users/h61084/codes/adaptime/outputs/adaptime/vanilla/shared/univariate/NE_China_Wind/H/short/run_0 source_launch=selena_adaptime_3227291 launch_id=selena_adaptime_3241621 slurm_job_id=3241621 launched_at=2026-09-09T10:49:23.192814+00:00
/fslarge/scratch/users/h61084/codes/adaptime/outputs/adaptime/vanilla/shared/univariate/NE_China_Wind/H/short/run_0/vanilla/manifest.json
TIME run allocation action=skip run=/fslarge/scratch/users/h61084/codes/adaptime/outputs/adaptime/vanilla/shared/univariate/NE_China_Wind/H/medium/run_0 source_launch=selena_adaptime_3227291 launch_id=selena_adaptime_3241621 slurm_job_id=3241621 launched_at=2026-09-09T10:49:23.202996+00:00
/fslarge/scratch/users/h61084/codes/adaptime/outputs/adaptime/vanilla/shared/univariate/NE_China_Wind/H/medium/run_0/vanilla/manifest.json
TIME run allocation action=skip run=/fslarge/scratch/users/h61084/codes/adaptime/outputs/adaptime/vanilla/shared/univariate/NE_China_Wind/H/long/run_0 source_launch=selena_adaptime_3227291 launch_id=selena_adaptime_3241621 slurm_job_id=3241621 launched_at=2026-09-09T10:49:23.212817+00:00
/fslarge/scratch/users/h61084/codes/adaptime/outputs/adaptime/vanilla/shared/univariate/NE_China_Wind/H/long/run_0/vanilla/manifest.json
TIME run allocation action=skip run=/fslarge/scratch/users/h61084/codes/adaptime/outputs/adaptime/vanilla/shared/univariate/Australia_Solar/H/short/run_0 source_launch=selena_adaptime_3227291 launch_id=selena_adaptime_3241621 slurm_job_id=3241621 launched_at=2026-09-09T10:49:23.223044+00:00
/fslarge/scratch/users/h61084/codes/adaptime/outputs/adaptime/vanilla/shared/univariate/Australia_Solar/H/short/run_0/vanilla/manifest.json
TIME run allocation action=skip run=/fslarge/scratch/users/h61084/codes/adaptime/outputs/adaptime/vanilla/shared/univariate/Australia_Solar/H/medium/run_0 source_launch=selena_adaptime_3227291 launch_id=selena_adaptime_3241621 slurm_job_id=3241621 launched_at=2026-09-09T10:49:23.232805+00:00
/fslarge/scratch/users/h61084/codes/adaptime/outputs/adaptime/vanilla/shared/univariate/Australia_Solar/H/medium/run_0/vanilla/manifest.json
TIME run allocation action=skip run=/fslarge/scratch/users/h61084/codes/adaptime/outputs/adaptime/vanilla/shared/univariate/Australia_Solar/H/long/run_0 source_launch=selena_adaptime_3227291 launch_id=selena_adaptime_3241621 slurm_job_id=3241621 launched_at=2026-09-09T10:49:23.242570+00:00
/fslarge/scratch/users/h61084/codes/adaptime/outputs/adaptime/vanilla/shared/univariate/Australia_Solar/H/long/run_0/vanilla/manifest.json
TIME run allocation action=skip run=/fslarge/scratch/users/h61084/codes/adaptime/outputs/adaptime/vanilla/shared/univariate/epf_electricity_price/H/short/run_0 source_launch=selena_adaptime_3227291 launch_id=selena_adaptime_3241621 slurm_job_id=3241621 launched_at=2026-09-09T10:49:23.252365+00:00
/fslarge/scratch/users/h61084/codes/adaptime/outputs/adaptime/vanilla/shared/univariate/epf_electricity_price/H/short/run_0/vanilla/manifest.json
TIME run allocation action=skip run=/fslarge/scratch/users/h61084/codes/adaptime/outputs/adaptime/vanilla/shared/univariate/epf_electricity_price/H/medium/run_0 source_launch=selena_adaptime_3227291 launch_id=selena_adaptime_3241621 slurm_job_id=3241621 launched_at=2026-09-09T10:49:23.261826+00:00
/fslarge/scratch/users/h61084/codes/adaptime/outputs/adaptime/vanilla/shared/univariate/epf_electricity_price/H/medium/run_0/vanilla/manifest.json
TIME run allocation action=skip run=/fslarge/scratch/users/h61084/codes/adaptime/outputs/adaptime/vanilla/shared/univariate/epf_electricity_price/H/long/run_0 source_launch=selena_adaptime_3227291 launch_id=selena_adaptime_3241621 slurm_job_id=3241621 launched_at=2026-09-09T10:49:23.271325+00:00
/fslarge/scratch/users/h61084/codes/adaptime/outputs/adaptime/vanilla/shared/univariate/epf_electricity_price/H/long/run_0/vanilla/manifest.json
TIME run allocation action=skip run=/fslarge/scratch/users/h61084/codes/adaptime/outputs/adaptime/vanilla/shared/univariate/OpenElectricity_NEM/5T/short/run_0 source_launch=selena_adaptime_3227291 launch_id=selena_adaptime_3241621 slurm_job_id=3241621 launched_at=2026-09-09T10:49:23.281527+00:00
/fslarge/scratch/users/h61084/codes/adaptime/outputs/adaptime/vanilla/shared/univariate/OpenElectricity_NEM/5T/short/run_0/vanilla/manifest.json
TIME run allocation action=skip run=/fslarge/scratch/users/h61084/codes/adaptime/outputs/adaptime/vanilla/shared/univariate/OpenElectricity_NEM/5T/medium/run_0 source_launch=selena_adaptime_3227291 launch_id=selena_adaptime_3241621 slurm_job_id=3241621 launched_at=2026-09-09T10:49:23.291416+00:00
/fslarge/scratch/users/h61084/codes/adaptime/outputs/adaptime/vanilla/shared/univariate/OpenElectricity_NEM/5T/medium/run_0/vanilla/manifest.json
TIME run allocation action=skip run=/fslarge/scratch/users/h61084/codes/adaptime/outputs/adaptime/vanilla/shared/univariate/OpenElectricity_NEM/5T/long/run_0 source_launch=selena_adaptime_3227291 launch_id=selena_adaptime_3241621 slurm_job_id=3241621 launched_at=2026-09-09T10:49:23.301127+00:00
/fslarge/scratch/users/h61084/codes/adaptime/outputs/adaptime/vanilla/shared/univariate/OpenElectricity_NEM/5T/long/run_0/vanilla/manifest.json
TIME run allocation action=skip run=/fslarge/scratch/users/h61084/codes/adaptime/outputs/adaptime/vanilla/shared/univariate/EWELD_Load/15T/short/run_0 source_launch=selena_adaptime_3227291 launch_id=selena_adaptime_3241621 slurm_job_id=3241621 launched_at=2026-09-09T10:49:23.311276+00:00
/fslarge/scratch/users/h61084/codes/adaptime/outputs/adaptime/vanilla/shared/univariate/EWELD_Load/15T/short/run_0/vanilla/manifest.json
TIME run allocation action=skip run=/fslarge/scratch/users/h61084/codes/adaptime/outputs/adaptime/vanilla/shared/univariate/EWELD_Load/15T/medium/run_0 source_launch=selena_adaptime_3227291 launch_id=selena_adaptime_3241621 slurm_job_id=3241621 launched_at=2026-09-09T10:49:23.321167+00:00
/fslarge/scratch/users/h61084/codes/adaptime/outputs/adaptime/vanilla/shared/univariate/EWELD_Load/15T/medium/run_0/vanilla/manifest.json
TIME run allocation action=skip run=/fslarge/scratch/users/h61084/codes/adaptime/outputs/adaptime/vanilla/shared/univariate/EWELD_Load/15T/long/run_0 source_launch=selena_adaptime_3227291 launch_id=selena_adaptime_3241621 slurm_job_id=3241621 launched_at=2026-09-09T10:49:23.331164+00:00
/fslarge/scratch/users/h61084/codes/adaptime/outputs/adaptime/vanilla/shared/univariate/EWELD_Load/15T/long/run_0/vanilla/manifest.json
TIME run allocation action=skip run=/fslarge/scratch/users/h61084/codes/adaptime/outputs/adaptime/vanilla/shared/univariate/SG_Carpark/15T/short/run_0 source_launch=selena_adaptime_3227291 launch_id=selena_adaptime_3241621 slurm_job_id=3241621 launched_at=2026-09-09T10:49:23.340947+00:00
/fslarge/scratch/users/h61084/codes/adaptime/outputs/adaptime/vanilla/shared/univariate/SG_Carpark/15T/short/run_0/vanilla/manifest.json
TIME run allocation action=skip run=/fslarge/scratch/users/h61084/codes/adaptime/outputs/adaptime/vanilla/shared/univariate/SG_Carpark/15T/medium/run_0 source_launch=selena_adaptime_3227291 launch_id=selena_adaptime_3241621 slurm_job_id=3241621 launched_at=2026-09-09T10:49:23.356569+00:00
/fslarge/scratch/users/h61084/codes/adaptime/outputs/adaptime/vanilla/shared/univariate/SG_Carpark/15T/medium/run_0/vanilla/manifest.json
TIME run allocation action=skip run=/fslarge/scratch/users/h61084/codes/adaptime/outputs/adaptime/vanilla/shared/univariate/SG_Carpark/15T/long/run_0 source_launch=selena_adaptime_3227291 launch_id=selena_adaptime_3241621 slurm_job_id=3241621 launched_at=2026-09-09T10:49:23.366459+00:00
/fslarge/scratch/users/h61084/codes/adaptime/outputs/adaptime/vanilla/shared/univariate/SG_Carpark/15T/long/run_0/vanilla/manifest.json
TIME run allocation action=skip run=/fslarge/scratch/users/h61084/codes/adaptime/outputs/adaptime/vanilla/shared/univariate/Finland_Traffic/15T/short/run_0 source_launch=selena_adaptime_3227291 launch_id=selena_adaptime_3241621 slurm_job_id=3241621 launched_at=2026-09-09T10:49:23.376601+00:00
/fslarge/scratch/users/h61084/codes/adaptime/outputs/adaptime/vanilla/shared/univariate/Finland_Traffic/15T/short/run_0/vanilla/manifest.json
TIME run allocation action=skip run=/fslarge/scratch/users/h61084/codes/adaptime/outputs/adaptime/vanilla/shared/univariate/Finland_Traffic/15T/medium/run_0 source_launch=selena_adaptime_3227291 launch_id=selena_adaptime_3241621 slurm_job_id=3241621 launched_at=2026-09-09T10:49:23.386330+00:00
/fslarge/scratch/users/h61084/codes/adaptime/outputs/adaptime/vanilla/shared/univariate/Finland_Traffic/15T/medium/run_0/vanilla/manifest.json
TIME run allocation action=skip run=/fslarge/scratch/users/h61084/codes/adaptime/outputs/adaptime/vanilla/shared/univariate/Finland_Traffic/15T/long/run_0 source_launch=selena_adaptime_3227291 launch_id=selena_adaptime_3241621 slurm_job_id=3241621 launched_at=2026-09-09T10:49:23.396337+00:00
/fslarge/scratch/users/h61084/codes/adaptime/outputs/adaptime/vanilla/shared/univariate/Finland_Traffic/15T/long/run_0/vanilla/manifest.json
TIME run allocation action=skip run=/fslarge/scratch/users/h61084/codes/adaptime/outputs/adaptime/vanilla/shared/univariate/Port_Activity/D/short/run_0 source_launch=selena_adaptime_3227291 launch_id=selena_adaptime_3241621 slurm_job_id=3241621 launched_at=2026-09-09T10:49:23.406384+00:00
/fslarge/scratch/users/h61084/codes/adaptime/outputs/adaptime/vanilla/shared/univariate/Port_Activity/D/short/run_0/vanilla/manifest.json
TIME run allocation action=skip run=/fslarge/scratch/users/h61084/codes/adaptime/outputs/adaptime/vanilla/shared/univariate/Port_Activity/W/short/run_0 source_launch=selena_adaptime_3227291 launch_id=selena_adaptime_3241621 slurm_job_id=3241621 launched_at=2026-09-09T10:49:23.416502+00:00
/fslarge/scratch/users/h61084/codes/adaptime/outputs/adaptime/vanilla/shared/univariate/Port_Activity/W/short/run_0/vanilla/manifest.json
TIME run allocation action=skip run=/fslarge/scratch/users/h61084/codes/adaptime/outputs/adaptime/vanilla/shared/univariate/ECDC_COVID/D/short/run_0 source_launch=selena_adaptime_3227291 launch_id=selena_adaptime_3241621 slurm_job_id=3241621 launched_at=2026-09-09T10:49:23.426933+00:00
/fslarge/scratch/users/h61084/codes/adaptime/outputs/adaptime/vanilla/shared/univariate/ECDC_COVID/D/short/run_0/vanilla/manifest.json
TIME run allocation action=skip run=/fslarge/scratch/users/h61084/codes/adaptime/outputs/adaptime/vanilla/shared/univariate/ECDC_COVID/W/short/run_0 source_launch=selena_adaptime_3227291 launch_id=selena_adaptime_3241621 slurm_job_id=3241621 launched_at=2026-09-09T10:49:23.436824+00:00
/fslarge/scratch/users/h61084/codes/adaptime/outputs/adaptime/vanilla/shared/univariate/ECDC_COVID/W/short/run_0/vanilla/manifest.json
TIME run allocation action=skip run=/fslarge/scratch/users/h61084/codes/adaptime/outputs/adaptime/vanilla/shared/univariate/Global_Influenza/W/short/run_0 source_launch=selena_adaptime_3227291 launch_id=selena_adaptime_3241621 slurm_job_id=3241621 launched_at=2026-09-09T10:49:23.446770+00:00
/fslarge/scratch/users/h61084/codes/adaptime/outputs/adaptime/vanilla/shared/univariate/Global_Influenza/W/short/run_0/vanilla/manifest.json
TIME run allocation action=skip run=/fslarge/scratch/users/h61084/codes/adaptime/outputs/adaptime/vanilla/shared/univariate/Crypto/D/short/run_0 source_launch=selena_adaptime_3227291 launch_id=selena_adaptime_3241621 slurm_job_id=3241621 launched_at=2026-09-09T10:49:23.456807+00:00
/fslarge/scratch/users/h61084/codes/adaptime/outputs/adaptime/vanilla/shared/univariate/Crypto/D/short/run_0/vanilla/manifest.json
TIME run allocation action=skip run=/fslarge/scratch/users/h61084/codes/adaptime/outputs/adaptime/vanilla/shared/univariate/US_Term_Structure/B/short/run_0 source_launch=selena_adaptime_3227291 launch_id=selena_adaptime_3241621 slurm_job_id=3241621 launched_at=2026-09-09T10:49:23.466824+00:00
/fslarge/scratch/users/h61084/codes/adaptime/outputs/adaptime/vanilla/shared/univariate/US_Term_Structure/B/short/run_0/vanilla/manifest.json
TIME run allocation action=skip run=/fslarge/scratch/users/h61084/codes/adaptime/outputs/adaptime/vanilla/shared/univariate/Oil_Price/B/short/run_0 source_launch=selena_adaptime_3227291 launch_id=selena_adaptime_3241621 slurm_job_id=3241621 launched_at=2026-09-09T10:49:23.476811+00:00
/fslarge/scratch/users/h61084/codes/adaptime/outputs/adaptime/vanilla/shared/univariate/Oil_Price/B/short/run_0/vanilla/manifest.json
TIME run allocation action=skip run=/fslarge/scratch/users/h61084/codes/adaptime/outputs/adaptime/vanilla/shared/univariate/Job_Claims/W/short/run_0 source_launch=selena_adaptime_3227291 launch_id=selena_adaptime_3241621 slurm_job_id=3241621 launched_at=2026-09-09T10:49:23.487079+00:00
/fslarge/scratch/users/h61084/codes/adaptime/outputs/adaptime/vanilla/shared/univariate/Job_Claims/W/short/run_0/vanilla/manifest.json
TIME run allocation action=skip run=/fslarge/scratch/users/h61084/codes/adaptime/outputs/adaptime/vanilla/shared/univariate/Uncertainty_1M/M/short/run_0 source_launch=selena_adaptime_3227291 launch_id=selena_adaptime_3241621 slurm_job_id=3241621 launched_at=2026-09-09T10:49:23.497325+00:00
/fslarge/scratch/users/h61084/codes/adaptime/outputs/adaptime/vanilla/shared/univariate/Uncertainty_1M/M/short/run_0/vanilla/manifest.json
TIME run allocation action=skip run=/fslarge/scratch/users/h61084/codes/adaptime/outputs/adaptime/vanilla/shared/univariate/Housing_Inventory/M/short/run_0 source_launch=selena_adaptime_3227291 launch_id=selena_adaptime_3241621 slurm_job_id=3241621 launched_at=2026-09-09T10:49:23.507570+00:00
/fslarge/scratch/users/h61084/codes/adaptime/outputs/adaptime/vanilla/shared/univariate/Housing_Inventory/M/short/run_0/vanilla/manifest.json
TIME run allocation action=skip run=/fslarge/scratch/users/h61084/codes/adaptime/outputs/adaptime/vanilla/shared/univariate/JOLTS/M/short/run_0 source_launch=selena_adaptime_3227291 launch_id=selena_adaptime_3241621 slurm_job_id=3241621 launched_at=2026-09-09T10:49:23.517868+00:00
/fslarge/scratch/users/h61084/codes/adaptime/outputs/adaptime/vanilla/shared/univariate/JOLTS/M/short/run_0/vanilla/manifest.json
TIME run allocation action=skip run=/fslarge/scratch/users/h61084/codes/adaptime/outputs/adaptime/vanilla/shared/univariate/US_Labor/M/short/run_0 source_launch=selena_adaptime_3227291 launch_id=selena_adaptime_3241621 slurm_job_id=3241621 launched_at=2026-09-09T10:49:23.527925+00:00
/fslarge/scratch/users/h61084/codes/adaptime/outputs/adaptime/vanilla/shared/univariate/US_Labor/M/short/run_0/vanilla/manifest.json
TIME run allocation action=skip run=/fslarge/scratch/users/h61084/codes/adaptime/outputs/adaptime/vanilla/shared/univariate/Vehicle_Supply/M/short/run_0 source_launch=selena_adaptime_3227291 launch_id=selena_adaptime_3241621 slurm_job_id=3241621 launched_at=2026-09-09T10:49:23.538023+00:00
/fslarge/scratch/users/h61084/codes/adaptime/outputs/adaptime/vanilla/shared/univariate/Vehicle_Supply/M/short/run_0/vanilla/manifest.json
TIME run allocation action=skip run=/fslarge/scratch/users/h61084/codes/adaptime/outputs/adaptime/vanilla/shared/univariate/Auto_Production_SF/M/short/run_0 source_launch=selena_adaptime_3227291 launch_id=selena_adaptime_3241621 slurm_job_id=3241621 launched_at=2026-09-09T10:49:23.548155+00:00
/fslarge/scratch/users/h61084/codes/adaptime/outputs/adaptime/vanilla/shared/univariate/Auto_Production_SF/M/short/run_0/vanilla/manifest.json
TIME run allocation action=skip run=/fslarge/scratch/users/h61084/codes/adaptime/outputs/adaptime/vanilla/shared/univariate/Commodity_Production/M/short/run_0 source_launch=selena_adaptime_3227291 launch_id=selena_adaptime_3241621 slurm_job_id=3241621 launched_at=2026-09-09T10:49:23.558269+00:00
/fslarge/scratch/users/h61084/codes/adaptime/outputs/adaptime/vanilla/shared/univariate/Commodity_Production/M/short/run_0/vanilla/manifest.json
TIME run allocation action=skip run=/fslarge/scratch/users/h61084/codes/adaptime/outputs/adaptime/vanilla/shared/univariate/Commodity_Import/M/short/run_0 source_launch=selena_adaptime_3227291 launch_id=selena_adaptime_3241621 slurm_job_id=3241621 launched_at=2026-09-09T10:49:23.568244+00:00
/fslarge/scratch/users/h61084/codes/adaptime/outputs/adaptime/vanilla/shared/univariate/Commodity_Import/M/short/run_0/vanilla/manifest.json
TIME run allocation action=skip run=/fslarge/scratch/users/h61084/codes/adaptime/outputs/adaptime/vanilla/shared/univariate/WUI_Global/Q/short/run_0 source_launch=selena_adaptime_3227291 launch_id=selena_adaptime_3241621 slurm_job_id=3241621 launched_at=2026-09-09T10:49:23.578252+00:00
/fslarge/scratch/users/h61084/codes/adaptime/outputs/adaptime/vanilla/shared/univariate/WUI_Global/Q/short/run_0/vanilla/manifest.json
TIME run allocation action=skip run=/fslarge/scratch/users/h61084/codes/adaptime/outputs/adaptime/vanilla/shared/univariate/Global_Price/Q/short/run_0 source_launch=selena_adaptime_3227291 launch_id=selena_adaptime_3241621 slurm_job_id=3241621 launched_at=2026-09-09T10:49:23.588130+00:00
/fslarge/scratch/users/h61084/codes/adaptime/outputs/adaptime/vanilla/shared/univariate/Global_Price/Q/short/run_0/vanilla/manifest.json
TIME run allocation action=skip run=/fslarge/scratch/users/h61084/codes/adaptime/outputs/adaptime/vanilla/shared/univariate/Vehicle_Sales/M/short/run_0 source_launch=selena_adaptime_3227291 launch_id=selena_adaptime_3241621 slurm_job_id=3241621 launched_at=2026-09-09T10:49:23.598126+00:00
/fslarge/scratch/users/h61084/codes/adaptime/outputs/adaptime/vanilla/shared/univariate/Vehicle_Sales/M/short/run_0/vanilla/manifest.json
TIME run allocation action=skip run=/fslarge/scratch/users/h61084/codes/adaptime/outputs/adaptime/vanilla/shared/univariate/Online_Retail_2_UCI/D/short/run_0 source_launch=selena_adaptime_3227291 launch_id=selena_adaptime_3241621 slurm_job_id=3241621 launched_at=2026-09-09T10:49:23.608154+00:00
/fslarge/scratch/users/h61084/codes/adaptime/outputs/adaptime/vanilla/shared/univariate/Online_Retail_2_UCI/D/short/run_0/vanilla/manifest.json
TIME run allocation action=skip run=/fslarge/scratch/users/h61084/codes/adaptime/outputs/adaptime/vanilla/shared/univariate/Supply_Chain_Customer/D/short/run_0 source_launch=selena_adaptime_3227291 launch_id=selena_adaptime_3241621 slurm_job_id=3241621 launched_at=2026-09-09T10:49:23.618683+00:00
/fslarge/scratch/users/h61084/codes/adaptime/outputs/adaptime/vanilla/shared/univariate/Supply_Chain_Customer/D/short/run_0/vanilla/manifest.json
TIME run allocation action=skip run=/fslarge/scratch/users/h61084/codes/adaptime/outputs/adaptime/vanilla/shared/univariate/Supply_Chain_Location/D/short/run_0 source_launch=selena_adaptime_3227291 launch_id=selena_adaptime_3241621 slurm_job_id=3241621 launched_at=2026-09-09T10:49:23.628941+00:00
/fslarge/scratch/users/h61084/codes/adaptime/outputs/adaptime/vanilla/shared/univariate/Supply_Chain_Location/D/short/run_0/vanilla/manifest.json
TIME run allocation action=skip run=/fslarge/scratch/users/h61084/codes/adaptime/outputs/adaptime/vanilla/shared/univariate/azure2019_D/5T/short/run_0 source_launch=selena_adaptime_3227291 launch_id=selena_adaptime_3241621 slurm_job_id=3241621 launched_at=2026-09-09T10:49:23.638910+00:00
/fslarge/scratch/users/h61084/codes/adaptime/outputs/adaptime/vanilla/shared/univariate/azure2019_D/5T/short/run_0/vanilla/manifest.json
TIME run allocation action=skip run=/fslarge/scratch/users/h61084/codes/adaptime/outputs/adaptime/vanilla/shared/univariate/azure2019_I/5T/short/run_0 source_launch=selena_adaptime_3227291 launch_id=selena_adaptime_3241621 slurm_job_id=3241621 launched_at=2026-09-09T10:49:23.649175+00:00
/fslarge/scratch/users/h61084/codes/adaptime/outputs/adaptime/vanilla/shared/univariate/azure2019_I/5T/short/run_0/vanilla/manifest.json
TIME run allocation action=skip run=/fslarge/scratch/users/h61084/codes/adaptime/outputs/adaptime/vanilla/shared/univariate/azure2019_U/5T/short/run_0 source_launch=selena_adaptime_3227291 launch_id=selena_adaptime_3241621 slurm_job_id=3241621 launched_at=2026-09-09T10:49:23.659253+00:00
/fslarge/scratch/users/h61084/codes/adaptime/outputs/adaptime/vanilla/shared/univariate/azure2019_U/5T/short/run_0/vanilla/manifest.json
TIME run allocation action=skip run=/fslarge/scratch/users/h61084/codes/adaptime/outputs/adaptime/vanilla/shared/univariate/Smart_Manufacturing/H/short/run_0 source_launch=selena_adaptime_3227291 launch_id=selena_adaptime_3241621 slurm_job_id=3241621 launched_at=2026-09-09T10:49:23.672441+00:00
/fslarge/scratch/users/h61084/codes/adaptime/outputs/adaptime/vanilla/shared/univariate/Smart_Manufacturing/H/short/run_0/vanilla/manifest.json
TIME run allocation action=skip run=/fslarge/scratch/users/h61084/codes/adaptime/outputs/adaptime/vanilla/shared/univariate/Smart_Manufacturing/H/medium/run_0 source_launch=selena_adaptime_3227291 launch_id=selena_adaptime_3241621 slurm_job_id=3241621 launched_at=2026-09-09T10:49:23.682277+00:00
/fslarge/scratch/users/h61084/codes/adaptime/outputs/adaptime/vanilla/shared/univariate/Smart_Manufacturing/H/medium/run_0/vanilla/manifest.json
TIME run allocation action=skip run=/fslarge/scratch/users/h61084/codes/adaptime/outputs/adaptime/vanilla/shared/univariate/Smart_Manufacturing/H/long/run_0 source_launch=selena_adaptime_3227291 launch_id=selena_adaptime_3241621 slurm_job_id=3241621 launched_at=2026-09-09T10:49:23.691284+00:00
/fslarge/scratch/users/h61084/codes/adaptime/outputs/adaptime/vanilla/shared/univariate/Smart_Manufacturing/H/long/run_0/vanilla/manifest.json
TIME run allocation action=skip run=/fslarge/scratch/users/h61084/codes/adaptime/outputs/adaptime/vanilla/shared/univariate/MetroPT-3/5T/short/run_0 source_launch=selena_adaptime_3227291 launch_id=selena_adaptime_3241621 slurm_job_id=3241621 launched_at=2026-09-09T10:49:23.701003+00:00
/fslarge/scratch/users/h61084/codes/adaptime/outputs/adaptime/vanilla/shared/univariate/MetroPT-3/5T/short/run_0/vanilla/manifest.json
TIME run allocation action=skip run=/fslarge/scratch/users/h61084/codes/adaptime/outputs/adaptime/vanilla/shared/univariate/MetroPT-3/5T/medium/run_0 source_launch=selena_adaptime_3227291 launch_id=selena_adaptime_3241621 slurm_job_id=3241621 launched_at=2026-09-09T10:49:23.710607+00:00
/fslarge/scratch/users/h61084/codes/adaptime/outputs/adaptime/vanilla/shared/univariate/MetroPT-3/5T/medium/run_0/vanilla/manifest.json
TIME run allocation action=skip run=/fslarge/scratch/users/h61084/codes/adaptime/outputs/adaptime/vanilla/shared/univariate/MetroPT-3/5T/long/run_0 source_launch=selena_adaptime_3227291 launch_id=selena_adaptime_3241621 slurm_job_id=3241621 launched_at=2026-09-09T10:49:23.720019+00:00
/fslarge/scratch/users/h61084/codes/adaptime/outputs/adaptime/vanilla/shared/univariate/MetroPT-3/5T/long/run_0/vanilla/manifest.json
TIME run allocation action=skip run=/fslarge/scratch/users/h61084/codes/adaptime/outputs/adaptime/extractions/ridge/univariate/Water_Quality_Darwin/15T/short/run_0 source_launch=selena_adaptime_3227291 launch_id=selena_adaptime_3241621 slurm_job_id=3241621 launched_at=2026-09-09T10:49:23.727424+00:00
/fslarge/scratch/users/h61084/codes/adaptime/outputs/adaptime/extractions/ridge/univariate/Water_Quality_Darwin/15T/short/run_0/extraction/manifest.json
TIME run allocation action=skip run=/fslarge/scratch/users/h61084/codes/adaptime/outputs/adaptime/extractions/ridge/univariate/Water_Quality_Darwin/15T/medium/run_0 source_launch=selena_adaptime_3227291 launch_id=selena_adaptime_3241621 slurm_job_id=3241621 launched_at=2026-09-09T10:49:23.734367+00:00
/fslarge/scratch/users/h61084/codes/adaptime/outputs/adaptime/extractions/ridge/univariate/Water_Quality_Darwin/15T/medium/run_0/extraction/manifest.json
TIME run allocation action=skip run=/fslarge/scratch/users/h61084/codes/adaptime/outputs/adaptime/extractions/ridge/univariate/Water_Quality_Darwin/15T/long/run_0 source_launch=selena_adaptime_3227291 launch_id=selena_adaptime_3241621 slurm_job_id=3241621 launched_at=2026-09-09T10:49:23.741094+00:00
/fslarge/scratch/users/h61084/codes/adaptime/outputs/adaptime/extractions/ridge/univariate/Water_Quality_Darwin/15T/long/run_0/extraction/manifest.json
TIME run allocation action=skip run=/fslarge/scratch/users/h61084/codes/adaptime/outputs/adaptime/extractions/ridge/univariate/current_velocity/5T/short/run_0 source_launch=selena_adaptime_3227291 launch_id=selena_adaptime_3241621 slurm_job_id=3241621 launched_at=2026-09-09T10:49:23.748153+00:00
/fslarge/scratch/users/h61084/codes/adaptime/outputs/adaptime/extractions/ridge/univariate/current_velocity/5T/short/run_0/extraction/manifest.json
TIME run allocation action=skip run=/fslarge/scratch/users/h61084/codes/adaptime/outputs/adaptime/extractions/ridge/univariate/current_velocity/5T/medium/run_0 source_launch=selena_adaptime_3227291 launch_id=selena_adaptime_3241621 slurm_job_id=3241621 launched_at=2026-09-09T10:49:23.755157+00:00
/fslarge/scratch/users/h61084/codes/adaptime/outputs/adaptime/extractions/ridge/univariate/current_velocity/5T/medium/run_0/extraction/manifest.json
TIME run allocation action=skip run=/fslarge/scratch/users/h61084/codes/adaptime/outputs/adaptime/extractions/ridge/univariate/current_velocity/5T/long/run_0 source_launch=selena_adaptime_3227291 launch_id=selena_adaptime_3241621 slurm_job_id=3241621 launched_at=2026-09-09T10:49:23.761949+00:00
/fslarge/scratch/users/h61084/codes/adaptime/outputs/adaptime/extractions/ridge/univariate/current_velocity/5T/long/run_0/extraction/manifest.json
TIME run allocation action=skip run=/fslarge/scratch/users/h61084/codes/adaptime/outputs/adaptime/extractions/ridge/univariate/current_velocity/10T/short/run_0 source_launch=selena_adaptime_3227291 launch_id=selena_adaptime_3241621 slurm_job_id=3241621 launched_at=2026-09-09T10:49:23.769097+00:00
/fslarge/scratch/users/h61084/codes/adaptime/outputs/adaptime/extractions/ridge/univariate/current_velocity/10T/short/run_0/extraction/manifest.json
TIME run allocation action=skip run=/fslarge/scratch/users/h61084/codes/adaptime/outputs/adaptime/extractions/ridge/univariate/current_velocity/10T/medium/run_0 source_launch=selena_adaptime_3227291 launch_id=selena_adaptime_3241621 slurm_job_id=3241621 launched_at=2026-09-09T10:49:23.776031+00:00
/fslarge/scratch/users/h61084/codes/adaptime/outputs/adaptime/extractions/ridge/univariate/current_velocity/10T/medium/run_0/extraction/manifest.json
TIME run allocation action=skip run=/fslarge/scratch/users/h61084/codes/adaptime/outputs/adaptime/extractions/ridge/univariate/current_velocity/10T/long/run_0 source_launch=selena_adaptime_3227291 launch_id=selena_adaptime_3241621 slurm_job_id=3241621 launched_at=2026-09-09T10:49:23.783025+00:00
/fslarge/scratch/users/h61084/codes/adaptime/outputs/adaptime/extractions/ridge/univariate/current_velocity/10T/long/run_0/extraction/manifest.json
TIME run allocation action=skip run=/fslarge/scratch/users/h61084/codes/adaptime/outputs/adaptime/extractions/ridge/univariate/current_velocity/15T/short/run_0 source_launch=selena_adaptime_3227291 launch_id=selena_adaptime_3241621 slurm_job_id=3241621 launched_at=2026-09-09T10:49:23.790231+00:00
/fslarge/scratch/users/h61084/codes/adaptime/outputs/adaptime/extractions/ridge/univariate/current_velocity/15T/short/run_0/extraction/manifest.json
TIME run allocation action=skip run=/fslarge/scratch/users/h61084/codes/adaptime/outputs/adaptime/extractions/ridge/univariate/current_velocity/15T/medium/run_0 source_launch=selena_adaptime_3227291 launch_id=selena_adaptime_3241621 slurm_job_id=3241621 launched_at=2026-09-09T10:49:23.797189+00:00
/fslarge/scratch/users/h61084/codes/adaptime/outputs/adaptime/extractions/ridge/univariate/current_velocity/15T/medium/run_0/extraction/manifest.json
TIME run allocation action=skip run=/fslarge/scratch/users/h61084/codes/adaptime/outputs/adaptime/extractions/ridge/univariate/current_velocity/15T/long/run_0 source_launch=selena_adaptime_3227291 launch_id=selena_adaptime_3241621 slurm_job_id=3241621 launched_at=2026-09-09T10:49:23.804109+00:00
/fslarge/scratch/users/h61084/codes/adaptime/outputs/adaptime/extractions/ridge/univariate/current_velocity/15T/long/run_0/extraction/manifest.json
TIME run allocation action=skip run=/fslarge/scratch/users/h61084/codes/adaptime/outputs/adaptime/extractions/ridge/univariate/current_velocity/20T/short/run_0 source_launch=selena_adaptime_3227291 launch_id=selena_adaptime_3241621 slurm_job_id=3241621 launched_at=2026-09-09T10:49:23.811116+00:00
/fslarge/scratch/users/h61084/codes/adaptime/outputs/adaptime/extractions/ridge/univariate/current_velocity/20T/short/run_0/extraction/manifest.json
TIME run allocation action=skip run=/fslarge/scratch/users/h61084/codes/adaptime/outputs/adaptime/extractions/ridge/univariate/current_velocity/20T/medium/run_0 source_launch=selena_adaptime_3227291 launch_id=selena_adaptime_3241621 slurm_job_id=3241621 launched_at=2026-09-09T10:49:23.832003+00:00
/fslarge/scratch/users/h61084/codes/adaptime/outputs/adaptime/extractions/ridge/univariate/current_velocity/20T/medium/run_0/extraction/manifest.json
TIME run allocation action=skip run=/fslarge/scratch/users/h61084/codes/adaptime/outputs/adaptime/extractions/ridge/univariate/current_velocity/20T/long/run_0 source_launch=selena_adaptime_3227291 launch_id=selena_adaptime_3241621 slurm_job_id=3241621 launched_at=2026-09-09T10:49:23.838708+00:00
/fslarge/scratch/users/h61084/codes/adaptime/outputs/adaptime/extractions/ridge/univariate/current_velocity/20T/long/run_0/extraction/manifest.json
TIME run allocation action=skip run=/fslarge/scratch/users/h61084/codes/adaptime/outputs/adaptime/extractions/ridge/univariate/current_velocity/H/short/run_0 source_launch=selena_adaptime_3227291 launch_id=selena_adaptime_3241621 slurm_job_id=3241621 launched_at=2026-09-09T10:49:23.845757+00:00
/fslarge/scratch/users/h61084/codes/adaptime/outputs/adaptime/extractions/ridge/univariate/current_velocity/H/short/run_0/extraction/manifest.json
TIME run allocation action=skip run=/fslarge/scratch/users/h61084/codes/adaptime/outputs/adaptime/extractions/ridge/univariate/current_velocity/H/medium/run_0 source_launch=selena_adaptime_3227291 launch_id=selena_adaptime_3241621 slurm_job_id=3241621 launched_at=2026-09-09T10:49:23.852558+00:00
/fslarge/scratch/users/h61084/codes/adaptime/outputs/adaptime/extractions/ridge/univariate/current_velocity/H/medium/run_0/extraction/manifest.json
TIME run allocation action=skip run=/fslarge/scratch/users/h61084/codes/adaptime/outputs/adaptime/extractions/ridge/univariate/current_velocity/H/long/run_0 source_launch=selena_adaptime_3227291 launch_id=selena_adaptime_3241621 slurm_job_id=3241621 launched_at=2026-09-09T10:49:23.859362+00:00
/fslarge/scratch/users/h61084/codes/adaptime/outputs/adaptime/extractions/ridge/univariate/current_velocity/H/long/run_0/extraction/manifest.json
TIME run allocation action=skip run=/fslarge/scratch/users/h61084/codes/adaptime/outputs/adaptime/extractions/ridge/univariate/CPHL/15T/short/run_0 source_launch=selena_adaptime_3227291 launch_id=selena_adaptime_3241621 slurm_job_id=3241621 launched_at=2026-09-09T10:49:23.866378+00:00
/fslarge/scratch/users/h61084/codes/adaptime/outputs/adaptime/extractions/ridge/univariate/CPHL/15T/short/run_0/extraction/manifest.json
TIME run allocation action=skip run=/fslarge/scratch/users/h61084/codes/adaptime/outputs/adaptime/extractions/ridge/univariate/CPHL/15T/medium/run_0 source_launch=selena_adaptime_3227291 launch_id=selena_adaptime_3241621 slurm_job_id=3241621 launched_at=2026-09-09T10:49:23.873799+00:00
/fslarge/scratch/users/h61084/codes/adaptime/outputs/adaptime/extractions/ridge/univariate/CPHL/15T/medium/run_0/extraction/manifest.json
TIME run allocation action=skip run=/fslarge/scratch/users/h61084/codes/adaptime/outputs/adaptime/extractions/ridge/univariate/CPHL/15T/long/run_0 source_launch=selena_adaptime_3227291 launch_id=selena_adaptime_3241621 slurm_job_id=3241621 launched_at=2026-09-09T10:49:23.880623+00:00
/fslarge/scratch/users/h61084/codes/adaptime/outputs/adaptime/extractions/ridge/univariate/CPHL/15T/long/run_0/extraction/manifest.json
TIME run allocation action=skip run=/fslarge/scratch/users/h61084/codes/adaptime/outputs/adaptime/extractions/ridge/univariate/CPHL/30T/short/run_0 source_launch=selena_adaptime_3227291 launch_id=selena_adaptime_3241621 slurm_job_id=3241621 launched_at=2026-09-09T10:49:23.887714+00:00
/fslarge/scratch/users/h61084/codes/adaptime/outputs/adaptime/extractions/ridge/univariate/CPHL/30T/short/run_0/extraction/manifest.json
TIME run allocation action=skip run=/fslarge/scratch/users/h61084/codes/adaptime/outputs/adaptime/extractions/ridge/univariate/CPHL/30T/medium/run_0 source_launch=selena_adaptime_3227291 launch_id=selena_adaptime_3241621 slurm_job_id=3241621 launched_at=2026-09-09T10:49:23.894684+00:00
/fslarge/scratch/users/h61084/codes/adaptime/outputs/adaptime/extractions/ridge/univariate/CPHL/30T/medium/run_0/extraction/manifest.json
TIME run allocation action=skip run=/fslarge/scratch/users/h61084/codes/adaptime/outputs/adaptime/extractions/ridge/univariate/CPHL/30T/long/run_0 source_launch=selena_adaptime_3227291 launch_id=selena_adaptime_3241621 slurm_job_id=3241621 launched_at=2026-09-09T10:49:23.902108+00:00
/fslarge/scratch/users/h61084/codes/adaptime/outputs/adaptime/extractions/ridge/univariate/CPHL/30T/long/run_0/extraction/manifest.json
TIME run allocation action=skip run=/fslarge/scratch/users/h61084/codes/adaptime/outputs/adaptime/extractions/ridge/univariate/CPHL/H/short/run_0 source_launch=selena_adaptime_3227291 launch_id=selena_adaptime_3241621 slurm_job_id=3241621 launched_at=2026-09-09T10:49:23.909081+00:00
/fslarge/scratch/users/h61084/codes/adaptime/outputs/adaptime/extractions/ridge/univariate/CPHL/H/short/run_0/extraction/manifest.json
TIME run allocation action=skip run=/fslarge/scratch/users/h61084/codes/adaptime/outputs/adaptime/extractions/ridge/univariate/CPHL/H/medium/run_0 source_launch=selena_adaptime_3227291 launch_id=selena_adaptime_3241621 slurm_job_id=3241621 launched_at=2026-09-09T10:49:23.915789+00:00
/fslarge/scratch/users/h61084/codes/adaptime/outputs/adaptime/extractions/ridge/univariate/CPHL/H/medium/run_0/extraction/manifest.json
TIME run allocation action=skip run=/fslarge/scratch/users/h61084/codes/adaptime/outputs/adaptime/extractions/ridge/univariate/CPHL/H/long/run_0 source_launch=selena_adaptime_3227291 launch_id=selena_adaptime_3241621 slurm_job_id=3241621 launched_at=2026-09-09T10:49:23.922732+00:00
/fslarge/scratch/users/h61084/codes/adaptime/outputs/adaptime/extractions/ridge/univariate/CPHL/H/long/run_0/extraction/manifest.json
TIME run allocation action=skip run=/fslarge/scratch/users/h61084/codes/adaptime/outputs/adaptime/extractions/ridge/univariate/Coastal_T_S/5T/short/run_0 source_launch=selena_adaptime_3227291 launch_id=selena_adaptime_3241621 slurm_job_id=3241621 launched_at=2026-09-09T10:49:23.929962+00:00
/fslarge/scratch/users/h61084/codes/adaptime/outputs/adaptime/extractions/ridge/univariate/Coastal_T_S/5T/short/run_0/extraction/manifest.json
TIME run allocation action=skip run=/fslarge/scratch/users/h61084/codes/adaptime/outputs/adaptime/extractions/ridge/univariate/Coastal_T_S/5T/medium/run_0 source_launch=selena_adaptime_3227291 launch_id=selena_adaptime_3241621 slurm_job_id=3241621 launched_at=2026-09-09T10:49:23.937036+00:00
/fslarge/scratch/users/h61084/codes/adaptime/outputs/adaptime/extractions/ridge/univariate/Coastal_T_S/5T/medium/run_0/extraction/manifest.json
TIME run allocation action=skip run=/fslarge/scratch/users/h61084/codes/adaptime/outputs/adaptime/extractions/ridge/univariate/Coastal_T_S/5T/long/run_0 source_launch=selena_adaptime_3227291 launch_id=selena_adaptime_3241621 slurm_job_id=3241621 launched_at=2026-09-09T10:49:23.943866+00:00
/fslarge/scratch/users/h61084/codes/adaptime/outputs/adaptime/extractions/ridge/univariate/Coastal_T_S/5T/long/run_0/extraction/manifest.json
TIME run allocation action=skip run=/fslarge/scratch/users/h61084/codes/adaptime/outputs/adaptime/extractions/ridge/univariate/Coastal_T_S/15T/short/run_0 source_launch=selena_adaptime_3227291 launch_id=selena_adaptime_3241621 slurm_job_id=3241621 launched_at=2026-09-09T10:49:23.950878+00:00
/fslarge/scratch/users/h61084/codes/adaptime/outputs/adaptime/extractions/ridge/univariate/Coastal_T_S/15T/short/run_0/extraction/manifest.json
TIME run allocation action=skip run=/fslarge/scratch/users/h61084/codes/adaptime/outputs/adaptime/extractions/ridge/univariate/Coastal_T_S/15T/medium/run_0 source_launch=selena_adaptime_3227291 launch_id=selena_adaptime_3241621 slurm_job_id=3241621 launched_at=2026-09-09T10:49:23.957737+00:00
/fslarge/scratch/users/h61084/codes/adaptime/outputs/adaptime/extractions/ridge/univariate/Coastal_T_S/15T/medium/run_0/extraction/manifest.json
TIME run allocation action=skip run=/fslarge/scratch/users/h61084/codes/adaptime/outputs/adaptime/extractions/ridge/univariate/Coastal_T_S/15T/long/run_0 source_launch=selena_adaptime_3227291 launch_id=selena_adaptime_3241621 slurm_job_id=3241621 launched_at=2026-09-09T10:49:23.964344+00:00
/fslarge/scratch/users/h61084/codes/adaptime/outputs/adaptime/extractions/ridge/univariate/Coastal_T_S/15T/long/run_0/extraction/manifest.json
TIME run allocation action=skip run=/fslarge/scratch/users/h61084/codes/adaptime/outputs/adaptime/extractions/ridge/univariate/Coastal_T_S/20T/short/run_0 source_launch=selena_adaptime_3227291 launch_id=selena_adaptime_3241621 slurm_job_id=3241621 launched_at=2026-09-09T10:49:23.971152+00:00
/fslarge/scratch/users/h61084/codes/adaptime/outputs/adaptime/extractions/ridge/univariate/Coastal_T_S/20T/short/run_0/extraction/manifest.json
TIME run allocation action=skip run=/fslarge/scratch/users/h61084/codes/adaptime/outputs/adaptime/extractions/ridge/univariate/Coastal_T_S/20T/medium/run_0 source_launch=selena_adaptime_3227291 launch_id=selena_adaptime_3241621 slurm_job_id=3241621 launched_at=2026-09-09T10:49:23.977918+00:00
/fslarge/scratch/users/h61084/codes/adaptime/outputs/adaptime/extractions/ridge/univariate/Coastal_T_S/20T/medium/run_0/extraction/manifest.json
TIME run allocation action=skip run=/fslarge/scratch/users/h61084/codes/adaptime/outputs/adaptime/extractions/ridge/univariate/Coastal_T_S/20T/long/run_0 source_launch=selena_adaptime_3227291 launch_id=selena_adaptime_3241621 slurm_job_id=3241621 launched_at=2026-09-09T10:49:23.985014+00:00
/fslarge/scratch/users/h61084/codes/adaptime/outputs/adaptime/extractions/ridge/univariate/Coastal_T_S/20T/long/run_0/extraction/manifest.json
TIME run allocation action=skip run=/fslarge/scratch/users/h61084/codes/adaptime/outputs/adaptime/extractions/ridge/univariate/Coastal_T_S/H/short/run_0 source_launch=selena_adaptime_3227291 launch_id=selena_adaptime_3241621 slurm_job_id=3241621 launched_at=2026-09-09T10:49:23.991935+00:00
/fslarge/scratch/users/h61084/codes/adaptime/outputs/adaptime/extractions/ridge/univariate/Coastal_T_S/H/short/run_0/extraction/manifest.json
TIME run allocation action=skip run=/fslarge/scratch/users/h61084/codes/adaptime/outputs/adaptime/extractions/ridge/univariate/Coastal_T_S/H/medium/run_0 source_launch=selena_adaptime_3227291 launch_id=selena_adaptime_3241621 slurm_job_id=3241621 launched_at=2026-09-09T10:49:23.998865+00:00
/fslarge/scratch/users/h61084/codes/adaptime/outputs/adaptime/extractions/ridge/univariate/Coastal_T_S/H/medium/run_0/extraction/manifest.json
TIME run allocation action=skip run=/fslarge/scratch/users/h61084/codes/adaptime/outputs/adaptime/extractions/ridge/univariate/Coastal_T_S/H/long/run_0 source_launch=selena_adaptime_3227291 launch_id=selena_adaptime_3241621 slurm_job_id=3241621 launched_at=2026-09-09T10:49:24.005665+00:00
/fslarge/scratch/users/h61084/codes/adaptime/outputs/adaptime/extractions/ridge/univariate/Coastal_T_S/H/long/run_0/extraction/manifest.json
TIME run allocation action=skip run=/fslarge/scratch/users/h61084/codes/adaptime/outputs/adaptime/extractions/ridge/univariate/SG_Weather/D/short/run_0 source_launch=selena_adaptime_3227291 launch_id=selena_adaptime_3241621 slurm_job_id=3241621 launched_at=2026-09-09T10:49:24.012818+00:00
/fslarge/scratch/users/h61084/codes/adaptime/outputs/adaptime/extractions/ridge/univariate/SG_Weather/D/short/run_0/extraction/manifest.json
TIME run allocation action=skip run=/fslarge/scratch/users/h61084/codes/adaptime/outputs/adaptime/extractions/ridge/univariate/SG_Weather/D/medium/run_0 source_launch=selena_adaptime_3227291 launch_id=selena_adaptime_3241621 slurm_job_id=3241621 launched_at=2026-09-09T10:49:24.019974+00:00
/fslarge/scratch/users/h61084/codes/adaptime/outputs/adaptime/extractions/ridge/univariate/SG_Weather/D/medium/run_0/extraction/manifest.json
TIME run allocation action=skip run=/fslarge/scratch/users/h61084/codes/adaptime/outputs/adaptime/extractions/ridge/univariate/SG_Weather/D/long/run_0 source_launch=selena_adaptime_3227291 launch_id=selena_adaptime_3241621 slurm_job_id=3241621 launched_at=2026-09-09T10:49:24.026790+00:00
/fslarge/scratch/users/h61084/codes/adaptime/outputs/adaptime/extractions/ridge/univariate/SG_Weather/D/long/run_0/extraction/manifest.json
TIME run allocation action=skip run=/fslarge/scratch/users/h61084/codes/adaptime/outputs/adaptime/extractions/ridge/univariate/SG_PM25/H/short/run_0 source_launch=selena_adaptime_3227291 launch_id=selena_adaptime_3241621 slurm_job_id=3241621 launched_at=2026-09-09T10:49:24.033761+00:00
/fslarge/scratch/users/h61084/codes/adaptime/outputs/adaptime/extractions/ridge/univariate/SG_PM25/H/short/run_0/extraction/manifest.json
TIME run allocation action=skip run=/fslarge/scratch/users/h61084/codes/adaptime/outputs/adaptime/extractions/ridge/univariate/SG_PM25/H/medium/run_0 source_launch=selena_adaptime_3227291 launch_id=selena_adaptime_3241621 slurm_job_id=3241621 launched_at=2026-09-09T10:49:24.040477+00:00
/fslarge/scratch/users/h61084/codes/adaptime/outputs/adaptime/extractions/ridge/univariate/SG_PM25/H/medium/run_0/extraction/manifest.json
TIME run allocation action=skip run=/fslarge/scratch/users/h61084/codes/adaptime/outputs/adaptime/extractions/ridge/univariate/SG_PM25/H/long/run_0 source_launch=selena_adaptime_3227291 launch_id=selena_adaptime_3241621 slurm_job_id=3241621 launched_at=2026-09-09T10:49:24.047441+00:00
/fslarge/scratch/users/h61084/codes/adaptime/outputs/adaptime/extractions/ridge/univariate/SG_PM25/H/long/run_0/extraction/manifest.json
TIME run allocation action=skip run=/fslarge/scratch/users/h61084/codes/adaptime/outputs/adaptime/extractions/ridge/univariate/NE_China_Wind/H/short/run_0 source_launch=selena_adaptime_3227291 launch_id=selena_adaptime_3241621 slurm_job_id=3241621 launched_at=2026-09-09T10:49:24.055095+00:00
/fslarge/scratch/users/h61084/codes/adaptime/outputs/adaptime/extractions/ridge/univariate/NE_China_Wind/H/short/run_0/extraction/manifest.json
TIME run allocation action=skip run=/fslarge/scratch/users/h61084/codes/adaptime/outputs/adaptime/extractions/ridge/univariate/NE_China_Wind/H/medium/run_0 source_launch=selena_adaptime_3227291 launch_id=selena_adaptime_3241621 slurm_job_id=3241621 launched_at=2026-09-09T10:49:24.062042+00:00
/fslarge/scratch/users/h61084/codes/adaptime/outputs/adaptime/extractions/ridge/univariate/NE_China_Wind/H/medium/run_0/extraction/manifest.json
TIME run allocation action=skip run=/fslarge/scratch/users/h61084/codes/adaptime/outputs/adaptime/extractions/ridge/univariate/NE_China_Wind/H/long/run_0 source_launch=selena_adaptime_3227291 launch_id=selena_adaptime_3241621 slurm_job_id=3241621 launched_at=2026-09-09T10:49:24.068829+00:00
/fslarge/scratch/users/h61084/codes/adaptime/outputs/adaptime/extractions/ridge/univariate/NE_China_Wind/H/long/run_0/extraction/manifest.json
TIME run allocation action=skip run=/fslarge/scratch/users/h61084/codes/adaptime/outputs/adaptime/extractions/ridge/univariate/Australia_Solar/H/short/run_0 source_launch=selena_adaptime_3227291 launch_id=selena_adaptime_3241621 slurm_job_id=3241621 launched_at=2026-09-09T10:49:24.075730+00:00
/fslarge/scratch/users/h61084/codes/adaptime/outputs/adaptime/extractions/ridge/univariate/Australia_Solar/H/short/run_0/extraction/manifest.json
TIME run allocation action=skip run=/fslarge/scratch/users/h61084/codes/adaptime/outputs/adaptime/extractions/ridge/univariate/Australia_Solar/H/medium/run_0 source_launch=selena_adaptime_3227291 launch_id=selena_adaptime_3241621 slurm_job_id=3241621 launched_at=2026-09-09T10:49:24.082542+00:00
/fslarge/scratch/users/h61084/codes/adaptime/outputs/adaptime/extractions/ridge/univariate/Australia_Solar/H/medium/run_0/extraction/manifest.json
TIME run allocation action=skip run=/fslarge/scratch/users/h61084/codes/adaptime/outputs/adaptime/extractions/ridge/univariate/Australia_Solar/H/long/run_0 source_launch=selena_adaptime_3227291 launch_id=selena_adaptime_3241621 slurm_job_id=3241621 launched_at=2026-09-09T10:49:24.089506+00:00
/fslarge/scratch/users/h61084/codes/adaptime/outputs/adaptime/extractions/ridge/univariate/Australia_Solar/H/long/run_0/extraction/manifest.json
TIME run allocation action=skip run=/fslarge/scratch/users/h61084/codes/adaptime/outputs/adaptime/extractions/ridge/univariate/epf_electricity_price/H/short/run_0 source_launch=selena_adaptime_3227291 launch_id=selena_adaptime_3241621 slurm_job_id=3241621 launched_at=2026-09-09T10:49:24.096669+00:00
/fslarge/scratch/users/h61084/codes/adaptime/outputs/adaptime/extractions/ridge/univariate/epf_electricity_price/H/short/run_0/extraction/manifest.json
TIME run allocation action=skip run=/fslarge/scratch/users/h61084/codes/adaptime/outputs/adaptime/extractions/ridge/univariate/epf_electricity_price/H/medium/run_0 source_launch=selena_adaptime_3227291 launch_id=selena_adaptime_3241621 slurm_job_id=3241621 launched_at=2026-09-09T10:49:24.103934+00:00
/fslarge/scratch/users/h61084/codes/adaptime/outputs/adaptime/extractions/ridge/univariate/epf_electricity_price/H/medium/run_0/extraction/manifest.json
TIME run allocation action=skip run=/fslarge/scratch/users/h61084/codes/adaptime/outputs/adaptime/extractions/ridge/univariate/epf_electricity_price/H/long/run_0 source_launch=selena_adaptime_3227291 launch_id=selena_adaptime_3241621 slurm_job_id=3241621 launched_at=2026-09-09T10:49:24.110706+00:00
/fslarge/scratch/users/h61084/codes/adaptime/outputs/adaptime/extractions/ridge/univariate/epf_electricity_price/H/long/run_0/extraction/manifest.json
TIME run allocation action=skip run=/fslarge/scratch/users/h61084/codes/adaptime/outputs/adaptime/extractions/ridge/univariate/OpenElectricity_NEM/5T/short/run_0 source_launch=selena_adaptime_3227291 launch_id=selena_adaptime_3241621 slurm_job_id=3241621 launched_at=2026-09-09T10:49:24.117677+00:00
/fslarge/scratch/users/h61084/codes/adaptime/outputs/adaptime/extractions/ridge/univariate/OpenElectricity_NEM/5T/short/run_0/extraction/manifest.json
TIME run allocation action=skip run=/fslarge/scratch/users/h61084/codes/adaptime/outputs/adaptime/extractions/ridge/univariate/OpenElectricity_NEM/5T/medium/run_0 source_launch=selena_adaptime_3227291 launch_id=selena_adaptime_3241621 slurm_job_id=3241621 launched_at=2026-09-09T10:49:24.124711+00:00
/fslarge/scratch/users/h61084/codes/adaptime/outputs/adaptime/extractions/ridge/univariate/OpenElectricity_NEM/5T/medium/run_0/extraction/manifest.json
TIME run allocation action=skip run=/fslarge/scratch/users/h61084/codes/adaptime/outputs/adaptime/extractions/ridge/univariate/OpenElectricity_NEM/5T/long/run_0 source_launch=selena_adaptime_3227291 launch_id=selena_adaptime_3241621 slurm_job_id=3241621 launched_at=2026-09-09T10:49:24.131441+00:00
/fslarge/scratch/users/h61084/codes/adaptime/outputs/adaptime/extractions/ridge/univariate/OpenElectricity_NEM/5T/long/run_0/extraction/manifest.json
TIME run allocation action=skip run=/fslarge/scratch/users/h61084/codes/adaptime/outputs/adaptime/extractions/ridge/univariate/EWELD_Load/15T/short/run_0 source_launch=selena_adaptime_3227291 launch_id=selena_adaptime_3241621 slurm_job_id=3241621 launched_at=2026-09-09T10:49:24.138671+00:00
/fslarge/scratch/users/h61084/codes/adaptime/outputs/adaptime/extractions/ridge/univariate/EWELD_Load/15T/short/run_0/extraction/manifest.json
TIME run allocation action=skip run=/fslarge/scratch/users/h61084/codes/adaptime/outputs/adaptime/extractions/ridge/univariate/EWELD_Load/15T/medium/run_0 source_launch=selena_adaptime_3227291 launch_id=selena_adaptime_3241621 slurm_job_id=3241621 launched_at=2026-09-09T10:49:24.145456+00:00
/fslarge/scratch/users/h61084/codes/adaptime/outputs/adaptime/extractions/ridge/univariate/EWELD_Load/15T/medium/run_0/extraction/manifest.json
TIME run allocation action=skip run=/fslarge/scratch/users/h61084/codes/adaptime/outputs/adaptime/extractions/ridge/univariate/EWELD_Load/15T/long/run_0 source_launch=selena_adaptime_3227291 launch_id=selena_adaptime_3241621 slurm_job_id=3241621 launched_at=2026-09-09T10:49:24.153971+00:00
/fslarge/scratch/users/h61084/codes/adaptime/outputs/adaptime/extractions/ridge/univariate/EWELD_Load/15T/long/run_0/extraction/manifest.json
TIME run allocation action=skip run=/fslarge/scratch/users/h61084/codes/adaptime/outputs/adaptime/extractions/ridge/univariate/SG_Carpark/15T/short/run_0 source_launch=selena_adaptime_3227291 launch_id=selena_adaptime_3241621 slurm_job_id=3241621 launched_at=2026-09-09T10:49:24.161762+00:00
/fslarge/scratch/users/h61084/codes/adaptime/outputs/adaptime/extractions/ridge/univariate/SG_Carpark/15T/short/run_0/extraction/manifest.json
TIME run allocation action=skip run=/fslarge/scratch/users/h61084/codes/adaptime/outputs/adaptime/extractions/ridge/univariate/SG_Carpark/15T/medium/run_0 source_launch=selena_adaptime_3227291 launch_id=selena_adaptime_3241621 slurm_job_id=3241621 launched_at=2026-09-09T10:49:24.168244+00:00
/fslarge/scratch/users/h61084/codes/adaptime/outputs/adaptime/extractions/ridge/univariate/SG_Carpark/15T/medium/run_0/extraction/manifest.json
TIME run allocation action=skip run=/fslarge/scratch/users/h61084/codes/adaptime/outputs/adaptime/extractions/ridge/univariate/SG_Carpark/15T/long/run_0 source_launch=selena_adaptime_3227291 launch_id=selena_adaptime_3241621 slurm_job_id=3241621 launched_at=2026-09-09T10:49:24.174795+00:00
/fslarge/scratch/users/h61084/codes/adaptime/outputs/adaptime/extractions/ridge/univariate/SG_Carpark/15T/long/run_0/extraction/manifest.json
TIME run allocation action=skip run=/fslarge/scratch/users/h61084/codes/adaptime/outputs/adaptime/extractions/ridge/univariate/Finland_Traffic/15T/short/run_0 source_launch=selena_adaptime_3227291 launch_id=selena_adaptime_3241621 slurm_job_id=3241621 launched_at=2026-09-09T10:49:24.181557+00:00
/fslarge/scratch/users/h61084/codes/adaptime/outputs/adaptime/extractions/ridge/univariate/Finland_Traffic/15T/short/run_0/extraction/manifest.json
TIME run allocation action=skip run=/fslarge/scratch/users/h61084/codes/adaptime/outputs/adaptime/extractions/ridge/univariate/Finland_Traffic/15T/medium/run_0 source_launch=selena_adaptime_3227291 launch_id=selena_adaptime_3241621 slurm_job_id=3241621 launched_at=2026-09-09T10:49:24.188580+00:00
/fslarge/scratch/users/h61084/codes/adaptime/outputs/adaptime/extractions/ridge/univariate/Finland_Traffic/15T/medium/run_0/extraction/manifest.json
TIME run allocation action=skip run=/fslarge/scratch/users/h61084/codes/adaptime/outputs/adaptime/extractions/ridge/univariate/Finland_Traffic/15T/long/run_0 source_launch=selena_adaptime_3227291 launch_id=selena_adaptime_3241621 slurm_job_id=3241621 launched_at=2026-09-09T10:49:24.195347+00:00
/fslarge/scratch/users/h61084/codes/adaptime/outputs/adaptime/extractions/ridge/univariate/Finland_Traffic/15T/long/run_0/extraction/manifest.json
TIME run allocation action=skip run=/fslarge/scratch/users/h61084/codes/adaptime/outputs/adaptime/extractions/ridge/univariate/Port_Activity/D/short/run_0 source_launch=selena_adaptime_3227291 launch_id=selena_adaptime_3241621 slurm_job_id=3241621 launched_at=2026-09-09T10:49:24.202455+00:00
/fslarge/scratch/users/h61084/codes/adaptime/outputs/adaptime/extractions/ridge/univariate/Port_Activity/D/short/run_0/extraction/manifest.json
TIME run allocation action=skip run=/fslarge/scratch/users/h61084/codes/adaptime/outputs/adaptime/extractions/ridge/univariate/Port_Activity/W/short/run_0 source_launch=selena_adaptime_3227291 launch_id=selena_adaptime_3241621 slurm_job_id=3241621 launched_at=2026-09-09T10:49:24.209344+00:00
/fslarge/scratch/users/h61084/codes/adaptime/outputs/adaptime/extractions/ridge/univariate/Port_Activity/W/short/run_0/extraction/manifest.json
TIME run allocation action=skip run=/fslarge/scratch/users/h61084/codes/adaptime/outputs/adaptime/extractions/ridge/univariate/ECDC_COVID/D/short/run_0 source_launch=selena_adaptime_3227291 launch_id=selena_adaptime_3241621 slurm_job_id=3241621 launched_at=2026-09-09T10:49:24.216510+00:00
/fslarge/scratch/users/h61084/codes/adaptime/outputs/adaptime/extractions/ridge/univariate/ECDC_COVID/D/short/run_0/extraction/manifest.json
TIME run allocation action=skip run=/fslarge/scratch/users/h61084/codes/adaptime/outputs/adaptime/extractions/ridge/univariate/ECDC_COVID/W/short/run_0 source_launch=selena_adaptime_3227291 launch_id=selena_adaptime_3241621 slurm_job_id=3241621 launched_at=2026-09-09T10:49:24.223666+00:00
/fslarge/scratch/users/h61084/codes/adaptime/outputs/adaptime/extractions/ridge/univariate/ECDC_COVID/W/short/run_0/extraction/manifest.json
TIME run allocation action=skip run=/fslarge/scratch/users/h61084/codes/adaptime/outputs/adaptime/extractions/ridge/univariate/Global_Influenza/W/short/run_0 source_launch=selena_adaptime_3227291 launch_id=selena_adaptime_3241621 slurm_job_id=3241621 launched_at=2026-09-09T10:49:24.231010+00:00
/fslarge/scratch/users/h61084/codes/adaptime/outputs/adaptime/extractions/ridge/univariate/Global_Influenza/W/short/run_0/extraction/manifest.json
TIME run allocation action=skip run=/fslarge/scratch/users/h61084/codes/adaptime/outputs/adaptime/extractions/ridge/univariate/Crypto/D/short/run_0 source_launch=selena_adaptime_3227291 launch_id=selena_adaptime_3241621 slurm_job_id=3241621 launched_at=2026-09-09T10:49:24.237873+00:00
/fslarge/scratch/users/h61084/codes/adaptime/outputs/adaptime/extractions/ridge/univariate/Crypto/D/short/run_0/extraction/manifest.json
TIME run allocation action=skip run=/fslarge/scratch/users/h61084/codes/adaptime/outputs/adaptime/extractions/ridge/univariate/US_Term_Structure/B/short/run_0 source_launch=selena_adaptime_3227291 launch_id=selena_adaptime_3241621 slurm_job_id=3241621 launched_at=2026-09-09T10:49:24.244728+00:00
/fslarge/scratch/users/h61084/codes/adaptime/outputs/adaptime/extractions/ridge/univariate/US_Term_Structure/B/short/run_0/extraction/manifest.json
TIME run allocation action=skip run=/fslarge/scratch/users/h61084/codes/adaptime/outputs/adaptime/extractions/ridge/univariate/Oil_Price/B/short/run_0 source_launch=selena_adaptime_3227291 launch_id=selena_adaptime_3241621 slurm_job_id=3241621 launched_at=2026-09-09T10:49:24.251307+00:00
/fslarge/scratch/users/h61084/codes/adaptime/outputs/adaptime/extractions/ridge/univariate/Oil_Price/B/short/run_0/extraction/manifest.json
TIME run allocation action=skip run=/fslarge/scratch/users/h61084/codes/adaptime/outputs/adaptime/extractions/ridge/univariate/Job_Claims/W/short/run_0 source_launch=selena_adaptime_3227291 launch_id=selena_adaptime_3241621 slurm_job_id=3241621 launched_at=2026-09-09T10:49:24.258132+00:00
/fslarge/scratch/users/h61084/codes/adaptime/outputs/adaptime/extractions/ridge/univariate/Job_Claims/W/short/run_0/extraction/manifest.json
TIME run allocation action=skip run=/fslarge/scratch/users/h61084/codes/adaptime/outputs/adaptime/extractions/ridge/univariate/Uncertainty_1M/M/short/run_0 source_launch=selena_adaptime_3227291 launch_id=selena_adaptime_3241621 slurm_job_id=3241621 launched_at=2026-09-09T10:49:24.265131+00:00
/fslarge/scratch/users/h61084/codes/adaptime/outputs/adaptime/extractions/ridge/univariate/Uncertainty_1M/M/short/run_0/extraction/manifest.json
TIME run allocation action=skip run=/fslarge/scratch/users/h61084/codes/adaptime/outputs/adaptime/extractions/ridge/univariate/Housing_Inventory/M/short/run_0 source_launch=selena_adaptime_3227291 launch_id=selena_adaptime_3241621 slurm_job_id=3241621 launched_at=2026-09-09T10:49:24.272345+00:00
/fslarge/scratch/users/h61084/codes/adaptime/outputs/adaptime/extractions/ridge/univariate/Housing_Inventory/M/short/run_0/extraction/manifest.json
TIME run allocation action=skip run=/fslarge/scratch/users/h61084/codes/adaptime/outputs/adaptime/extractions/ridge/univariate/JOLTS/M/short/run_0 source_launch=selena_adaptime_3227291 launch_id=selena_adaptime_3241621 slurm_job_id=3241621 launched_at=2026-09-09T10:49:24.279087+00:00
/fslarge/scratch/users/h61084/codes/adaptime/outputs/adaptime/extractions/ridge/univariate/JOLTS/M/short/run_0/extraction/manifest.json
TIME run allocation action=skip run=/fslarge/scratch/users/h61084/codes/adaptime/outputs/adaptime/extractions/ridge/univariate/US_Labor/M/short/run_0 source_launch=selena_adaptime_3227291 launch_id=selena_adaptime_3241621 slurm_job_id=3241621 launched_at=2026-09-09T10:49:24.285870+00:00
/fslarge/scratch/users/h61084/codes/adaptime/outputs/adaptime/extractions/ridge/univariate/US_Labor/M/short/run_0/extraction/manifest.json
TIME run allocation action=skip run=/fslarge/scratch/users/h61084/codes/adaptime/outputs/adaptime/extractions/ridge/univariate/Vehicle_Supply/M/short/run_0 source_launch=selena_adaptime_3227291 launch_id=selena_adaptime_3241621 slurm_job_id=3241621 launched_at=2026-09-09T10:49:24.292566+00:00
/fslarge/scratch/users/h61084/codes/adaptime/outputs/adaptime/extractions/ridge/univariate/Vehicle_Supply/M/short/run_0/extraction/manifest.json
TIME run allocation action=skip run=/fslarge/scratch/users/h61084/codes/adaptime/outputs/adaptime/extractions/ridge/univariate/Auto_Production_SF/M/short/run_0 source_launch=selena_adaptime_3227291 launch_id=selena_adaptime_3241621 slurm_job_id=3241621 launched_at=2026-09-09T10:49:24.299419+00:00
/fslarge/scratch/users/h61084/codes/adaptime/outputs/adaptime/extractions/ridge/univariate/Auto_Production_SF/M/short/run_0/extraction/manifest.json
TIME run allocation action=skip run=/fslarge/scratch/users/h61084/codes/adaptime/outputs/adaptime/extractions/ridge/univariate/Commodity_Production/M/short/run_0 source_launch=selena_adaptime_3227291 launch_id=selena_adaptime_3241621 slurm_job_id=3241621 launched_at=2026-09-09T10:49:24.306413+00:00
/fslarge/scratch/users/h61084/codes/adaptime/outputs/adaptime/extractions/ridge/univariate/Commodity_Production/M/short/run_0/extraction/manifest.json
TIME run allocation action=skip run=/fslarge/scratch/users/h61084/codes/adaptime/outputs/adaptime/extractions/ridge/univariate/Commodity_Import/M/short/run_0 source_launch=selena_adaptime_3227291 launch_id=selena_adaptime_3241621 slurm_job_id=3241621 launched_at=2026-09-09T10:49:24.313351+00:00
/fslarge/scratch/users/h61084/codes/adaptime/outputs/adaptime/extractions/ridge/univariate/Commodity_Import/M/short/run_0/extraction/manifest.json
TIME run allocation action=skip run=/fslarge/scratch/users/h61084/codes/adaptime/outputs/adaptime/extractions/ridge/univariate/WUI_Global/Q/short/run_0 source_launch=selena_adaptime_3227291 launch_id=selena_adaptime_3241621 slurm_job_id=3241621 launched_at=2026-09-09T10:49:24.320226+00:00
/fslarge/scratch/users/h61084/codes/adaptime/outputs/adaptime/extractions/ridge/univariate/WUI_Global/Q/short/run_0/extraction/manifest.json
TIME run allocation action=skip run=/fslarge/scratch/users/h61084/codes/adaptime/outputs/adaptime/extractions/ridge/univariate/Global_Price/Q/short/run_0 source_launch=selena_adaptime_3227291 launch_id=selena_adaptime_3241621 slurm_job_id=3241621 launched_at=2026-09-09T10:49:24.327134+00:00
/fslarge/scratch/users/h61084/codes/adaptime/outputs/adaptime/extractions/ridge/univariate/Global_Price/Q/short/run_0/extraction/manifest.json
TIME run allocation action=skip run=/fslarge/scratch/users/h61084/codes/adaptime/outputs/adaptime/extractions/ridge/univariate/Vehicle_Sales/M/short/run_0 source_launch=selena_adaptime_3227291 launch_id=selena_adaptime_3241621 slurm_job_id=3241621 launched_at=2026-09-09T10:49:24.334084+00:00
/fslarge/scratch/users/h61084/codes/adaptime/outputs/adaptime/extractions/ridge/univariate/Vehicle_Sales/M/short/run_0/extraction/manifest.json
TIME run allocation action=skip run=/fslarge/scratch/users/h61084/codes/adaptime/outputs/adaptime/extractions/ridge/univariate/Online_Retail_2_UCI/D/short/run_0 source_launch=selena_adaptime_3227291 launch_id=selena_adaptime_3241621 slurm_job_id=3241621 launched_at=2026-09-09T10:49:24.341120+00:00
/fslarge/scratch/users/h61084/codes/adaptime/outputs/adaptime/extractions/ridge/univariate/Online_Retail_2_UCI/D/short/run_0/extraction/manifest.json
TIME run allocation action=skip run=/fslarge/scratch/users/h61084/codes/adaptime/outputs/adaptime/extractions/ridge/univariate/Supply_Chain_Customer/D/short/run_0 source_launch=selena_adaptime_3227291 launch_id=selena_adaptime_3241621 slurm_job_id=3241621 launched_at=2026-09-09T10:49:24.348255+00:00
/fslarge/scratch/users/h61084/codes/adaptime/outputs/adaptime/extractions/ridge/univariate/Supply_Chain_Customer/D/short/run_0/extraction/manifest.json
TIME run allocation action=skip run=/fslarge/scratch/users/h61084/codes/adaptime/outputs/adaptime/extractions/ridge/univariate/Supply_Chain_Location/D/short/run_0 source_launch=selena_adaptime_3227291 launch_id=selena_adaptime_3241621 slurm_job_id=3241621 launched_at=2026-09-09T10:49:24.355571+00:00
/fslarge/scratch/users/h61084/codes/adaptime/outputs/adaptime/extractions/ridge/univariate/Supply_Chain_Location/D/short/run_0/extraction/manifest.json
TIME run allocation action=skip run=/fslarge/scratch/users/h61084/codes/adaptime/outputs/adaptime/extractions/ridge/univariate/azure2019_D/5T/short/run_0 source_launch=selena_adaptime_3227291 launch_id=selena_adaptime_3241621 slurm_job_id=3241621 launched_at=2026-09-09T10:49:24.362665+00:00
/fslarge/scratch/users/h61084/codes/adaptime/outputs/adaptime/extractions/ridge/univariate/azure2019_D/5T/short/run_0/extraction/manifest.json
TIME run allocation action=skip run=/fslarge/scratch/users/h61084/codes/adaptime/outputs/adaptime/extractions/ridge/univariate/azure2019_I/5T/short/run_0 source_launch=selena_adaptime_3227291 launch_id=selena_adaptime_3241621 slurm_job_id=3241621 launched_at=2026-09-09T10:49:24.369691+00:00
/fslarge/scratch/users/h61084/codes/adaptime/outputs/adaptime/extractions/ridge/univariate/azure2019_I/5T/short/run_0/extraction/manifest.json
TIME run allocation action=skip run=/fslarge/scratch/users/h61084/codes/adaptime/outputs/adaptime/extractions/ridge/univariate/azure2019_U/5T/short/run_0 source_launch=selena_adaptime_3227291 launch_id=selena_adaptime_3241621 slurm_job_id=3241621 launched_at=2026-09-09T10:49:24.376587+00:00
/fslarge/scratch/users/h61084/codes/adaptime/outputs/adaptime/extractions/ridge/univariate/azure2019_U/5T/short/run_0/extraction/manifest.json
TIME run allocation action=skip run=/fslarge/scratch/users/h61084/codes/adaptime/outputs/adaptime/extractions/ridge/univariate/Smart_Manufacturing/H/short/run_0 source_launch=selena_adaptime_3227291 launch_id=selena_adaptime_3241621 slurm_job_id=3241621 launched_at=2026-09-09T10:49:24.383612+00:00
/fslarge/scratch/users/h61084/codes/adaptime/outputs/adaptime/extractions/ridge/univariate/Smart_Manufacturing/H/short/run_0/extraction/manifest.json
TIME run allocation action=skip run=/fslarge/scratch/users/h61084/codes/adaptime/outputs/adaptime/extractions/ridge/univariate/Smart_Manufacturing/H/medium/run_0 source_launch=selena_adaptime_3227291 launch_id=selena_adaptime_3241621 slurm_job_id=3241621 launched_at=2026-09-09T10:49:24.390341+00:00
/fslarge/scratch/users/h61084/codes/adaptime/outputs/adaptime/extractions/ridge/univariate/Smart_Manufacturing/H/medium/run_0/extraction/manifest.json
TIME run allocation action=skip run=/fslarge/scratch/users/h61084/codes/adaptime/outputs/adaptime/extractions/ridge/univariate/Smart_Manufacturing/H/long/run_0 source_launch=selena_adaptime_3227291 launch_id=selena_adaptime_3241621 slurm_job_id=3241621 launched_at=2026-09-09T10:49:24.397393+00:00
/fslarge/scratch/users/h61084/codes/adaptime/outputs/adaptime/extractions/ridge/univariate/Smart_Manufacturing/H/long/run_0/extraction/manifest.json
TIME run allocation action=skip run=/fslarge/scratch/users/h61084/codes/adaptime/outputs/adaptime/extractions/ridge/univariate/MetroPT-3/5T/short/run_0 source_launch=selena_adaptime_3227291 launch_id=selena_adaptime_3241621 slurm_job_id=3241621 launched_at=2026-09-09T10:49:24.404445+00:00
/fslarge/scratch/users/h61084/codes/adaptime/outputs/adaptime/extractions/ridge/univariate/MetroPT-3/5T/short/run_0/extraction/manifest.json
TIME run allocation action=skip run=/fslarge/scratch/users/h61084/codes/adaptime/outputs/adaptime/extractions/ridge/univariate/MetroPT-3/5T/medium/run_0 source_launch=selena_adaptime_3227291 launch_id=selena_adaptime_3241621 slurm_job_id=3241621 launched_at=2026-09-09T10:49:24.411343+00:00
/fslarge/scratch/users/h61084/codes/adaptime/outputs/adaptime/extractions/ridge/univariate/MetroPT-3/5T/medium/run_0/extraction/manifest.json
TIME run allocation action=skip run=/fslarge/scratch/users/h61084/codes/adaptime/outputs/adaptime/extractions/ridge/univariate/MetroPT-3/5T/long/run_0 source_launch=selena_adaptime_3227291 launch_id=selena_adaptime_3241621 slurm_job_id=3241621 launched_at=2026-09-09T10:49:24.418020+00:00
/fslarge/scratch/users/h61084/codes/adaptime/outputs/adaptime/extractions/ridge/univariate/MetroPT-3/5T/long/run_0/extraction/manifest.json
TIME run allocation action=skip run=/fslarge/scratch/users/h61084/codes/adaptime/outputs/adaptime/adaptations/ridge/univariate/Water_Quality_Darwin/15T/short/run_0 source_launch=selena_adaptime_3227291 launch_id=selena_adaptime_3241621 slurm_job_id=3241621 launched_at=2026-09-09T10:49:24.431824+00:00
/fslarge/scratch/users/h61084/codes/adaptime/outputs/adaptime/adaptations/ridge/univariate/Water_Quality_Darwin/15T/short/run_0/model/model_manifest.json
TIME run allocation action=skip run=/fslarge/scratch/users/h61084/codes/adaptime/outputs/adaptime/adaptations/ridge/univariate/Water_Quality_Darwin/15T/medium/run_0 source_launch=selena_adaptime_3227291 launch_id=selena_adaptime_3241621 slurm_job_id=3241621 launched_at=2026-09-09T10:49:24.444978+00:00
/fslarge/scratch/users/h61084/codes/adaptime/outputs/adaptime/adaptations/ridge/univariate/Water_Quality_Darwin/15T/medium/run_0/model/model_manifest.json
TIME run allocation action=skip run=/fslarge/scratch/users/h61084/codes/adaptime/outputs/adaptime/adaptations/ridge/univariate/Water_Quality_Darwin/15T/long/run_0 source_launch=selena_adaptime_3227291 launch_id=selena_adaptime_3241621 slurm_job_id=3241621 launched_at=2026-09-09T10:49:24.458004+00:00
/fslarge/scratch/users/h61084/codes/adaptime/outputs/adaptime/adaptations/ridge/univariate/Water_Quality_Darwin/15T/long/run_0/model/model_manifest.json
TIME run allocation action=skip run=/fslarge/scratch/users/h61084/codes/adaptime/outputs/adaptime/adaptations/ridge/univariate/current_velocity/5T/short/run_0 source_launch=selena_adaptime_3227291 launch_id=selena_adaptime_3241621 slurm_job_id=3241621 launched_at=2026-09-09T10:49:24.471592+00:00
/fslarge/scratch/users/h61084/codes/adaptime/outputs/adaptime/adaptations/ridge/univariate/current_velocity/5T/short/run_0/model/model_manifest.json
TIME run allocation action=skip run=/fslarge/scratch/users/h61084/codes/adaptime/outputs/adaptime/adaptations/ridge/univariate/current_velocity/5T/medium/run_0 source_launch=selena_adaptime_3227291 launch_id=selena_adaptime_3241621 slurm_job_id=3241621 launched_at=2026-09-09T10:49:24.490298+00:00
/fslarge/scratch/users/h61084/codes/adaptime/outputs/adaptime/adaptations/ridge/univariate/current_velocity/5T/medium/run_0/model/model_manifest.json
TIME run allocation action=skip run=/fslarge/scratch/users/h61084/codes/adaptime/outputs/adaptime/adaptations/ridge/univariate/current_velocity/5T/long/run_0 source_launch=selena_adaptime_3227291 launch_id=selena_adaptime_3241621 slurm_job_id=3241621 launched_at=2026-09-09T10:49:24.506365+00:00
/fslarge/scratch/users/h61084/codes/adaptime/outputs/adaptime/adaptations/ridge/univariate/current_velocity/5T/long/run_0/model/model_manifest.json
TIME run allocation action=skip run=/fslarge/scratch/users/h61084/codes/adaptime/outputs/adaptime/adaptations/ridge/univariate/current_velocity/10T/short/run_0 source_launch=selena_adaptime_3227291 launch_id=selena_adaptime_3241621 slurm_job_id=3241621 launched_at=2026-09-09T10:49:24.519561+00:00
/fslarge/scratch/users/h61084/codes/adaptime/outputs/adaptime/adaptations/ridge/univariate/current_velocity/10T/short/run_0/model/model_manifest.json
TIME run allocation action=skip run=/fslarge/scratch/users/h61084/codes/adaptime/outputs/adaptime/adaptations/ridge/univariate/current_velocity/10T/medium/run_0 source_launch=selena_adaptime_3227291 launch_id=selena_adaptime_3241621 slurm_job_id=3241621 launched_at=2026-09-09T10:49:24.532567+00:00
/fslarge/scratch/users/h61084/codes/adaptime/outputs/adaptime/adaptations/ridge/univariate/current_velocity/10T/medium/run_0/model/model_manifest.json
TIME run allocation action=skip run=/fslarge/scratch/users/h61084/codes/adaptime/outputs/adaptime/adaptations/ridge/univariate/current_velocity/10T/long/run_0 source_launch=selena_adaptime_3227291 launch_id=selena_adaptime_3241621 slurm_job_id=3241621 launched_at=2026-09-09T10:49:24.545603+00:00
/fslarge/scratch/users/h61084/codes/adaptime/outputs/adaptime/adaptations/ridge/univariate/current_velocity/10T/long/run_0/model/model_manifest.json
TIME run allocation action=skip run=/fslarge/scratch/users/h61084/codes/adaptime/outputs/adaptime/adaptations/ridge/univariate/current_velocity/15T/short/run_0 source_launch=selena_adaptime_3227291 launch_id=selena_adaptime_3241621 slurm_job_id=3241621 launched_at=2026-09-09T10:49:24.558735+00:00
/fslarge/scratch/users/h61084/codes/adaptime/outputs/adaptime/adaptations/ridge/univariate/current_velocity/15T/short/run_0/model/model_manifest.json
TIME run allocation action=skip run=/fslarge/scratch/users/h61084/codes/adaptime/outputs/adaptime/adaptations/ridge/univariate/current_velocity/15T/medium/run_0 source_launch=selena_adaptime_3227291 launch_id=selena_adaptime_3241621 slurm_job_id=3241621 launched_at=2026-09-09T10:49:24.572072+00:00
/fslarge/scratch/users/h61084/codes/adaptime/outputs/adaptime/adaptations/ridge/univariate/current_velocity/15T/medium/run_0/model/model_manifest.json
TIME run allocation action=skip run=/fslarge/scratch/users/h61084/codes/adaptime/outputs/adaptime/adaptations/ridge/univariate/current_velocity/15T/long/run_0 source_launch=selena_adaptime_3227291 launch_id=selena_adaptime_3241621 slurm_job_id=3241621 launched_at=2026-09-09T10:49:24.585451+00:00
/fslarge/scratch/users/h61084/codes/adaptime/outputs/adaptime/adaptations/ridge/univariate/current_velocity/15T/long/run_0/model/model_manifest.json
TIME run allocation action=skip run=/fslarge/scratch/users/h61084/codes/adaptime/outputs/adaptime/adaptations/ridge/univariate/current_velocity/20T/short/run_0 source_launch=selena_adaptime_3227291 launch_id=selena_adaptime_3241621 slurm_job_id=3241621 launched_at=2026-09-09T10:49:24.598636+00:00
/fslarge/scratch/users/h61084/codes/adaptime/outputs/adaptime/adaptations/ridge/univariate/current_velocity/20T/short/run_0/model/model_manifest.json
TIME run allocation action=skip run=/fslarge/scratch/users/h61084/codes/adaptime/outputs/adaptime/adaptations/ridge/univariate/current_velocity/20T/medium/run_0 source_launch=selena_adaptime_3227291 launch_id=selena_adaptime_3241621 slurm_job_id=3241621 launched_at=2026-09-09T10:49:24.611779+00:00
/fslarge/scratch/users/h61084/codes/adaptime/outputs/adaptime/adaptations/ridge/univariate/current_velocity/20T/medium/run_0/model/model_manifest.json
TIME run allocation action=skip run=/fslarge/scratch/users/h61084/codes/adaptime/outputs/adaptime/adaptations/ridge/univariate/current_velocity/20T/long/run_0 source_launch=selena_adaptime_3227291 launch_id=selena_adaptime_3241621 slurm_job_id=3241621 launched_at=2026-09-09T10:49:24.625157+00:00
/fslarge/scratch/users/h61084/codes/adaptime/outputs/adaptime/adaptations/ridge/univariate/current_velocity/20T/long/run_0/model/model_manifest.json
TIME run allocation action=skip run=/fslarge/scratch/users/h61084/codes/adaptime/outputs/adaptime/adaptations/ridge/univariate/current_velocity/H/short/run_0 source_launch=selena_adaptime_3227291 launch_id=selena_adaptime_3241621 slurm_job_id=3241621 launched_at=2026-09-09T10:49:24.638655+00:00
/fslarge/scratch/users/h61084/codes/adaptime/outputs/adaptime/adaptations/ridge/univariate/current_velocity/H/short/run_0/model/model_manifest.json
TIME run allocation action=skip run=/fslarge/scratch/users/h61084/codes/adaptime/outputs/adaptime/adaptations/ridge/univariate/current_velocity/H/medium/run_0 source_launch=selena_adaptime_3227291 launch_id=selena_adaptime_3241621 slurm_job_id=3241621 launched_at=2026-09-09T10:49:24.651858+00:00
/fslarge/scratch/users/h61084/codes/adaptime/outputs/adaptime/adaptations/ridge/univariate/current_velocity/H/medium/run_0/model/model_manifest.json
TIME run allocation action=skip run=/fslarge/scratch/users/h61084/codes/adaptime/outputs/adaptime/adaptations/ridge/univariate/current_velocity/H/long/run_0 source_launch=selena_adaptime_3227291 launch_id=selena_adaptime_3241621 slurm_job_id=3241621 launched_at=2026-09-09T10:49:24.664439+00:00
/fslarge/scratch/users/h61084/codes/adaptime/outputs/adaptime/adaptations/ridge/univariate/current_velocity/H/long/run_0/model/model_manifest.json
TIME run allocation action=skip run=/fslarge/scratch/users/h61084/codes/adaptime/outputs/adaptime/adaptations/ridge/univariate/CPHL/15T/short/run_0 source_launch=selena_adaptime_3227291 launch_id=selena_adaptime_3241621 slurm_job_id=3241621 launched_at=2026-09-09T10:49:24.677117+00:00
/fslarge/scratch/users/h61084/codes/adaptime/outputs/adaptime/adaptations/ridge/univariate/CPHL/15T/short/run_0/model/model_manifest.json
TIME run allocation action=skip run=/fslarge/scratch/users/h61084/codes/adaptime/outputs/adaptime/adaptations/ridge/univariate/CPHL/15T/medium/run_0 source_launch=selena_adaptime_3227291 launch_id=selena_adaptime_3241621 slurm_job_id=3241621 launched_at=2026-09-09T10:49:24.690379+00:00
/fslarge/scratch/users/h61084/codes/adaptime/outputs/adaptime/adaptations/ridge/univariate/CPHL/15T/medium/run_0/model/model_manifest.json
TIME run allocation action=skip run=/fslarge/scratch/users/h61084/codes/adaptime/outputs/adaptime/adaptations/ridge/univariate/CPHL/15T/long/run_0 source_launch=selena_adaptime_3227291 launch_id=selena_adaptime_3241621 slurm_job_id=3241621 launched_at=2026-09-09T10:49:24.703625+00:00
/fslarge/scratch/users/h61084/codes/adaptime/outputs/adaptime/adaptations/ridge/univariate/CPHL/15T/long/run_0/model/model_manifest.json
TIME run allocation action=skip run=/fslarge/scratch/users/h61084/codes/adaptime/outputs/adaptime/adaptations/ridge/univariate/CPHL/30T/short/run_0 source_launch=selena_adaptime_3227291 launch_id=selena_adaptime_3241621 slurm_job_id=3241621 launched_at=2026-09-09T10:49:24.716965+00:00
/fslarge/scratch/users/h61084/codes/adaptime/outputs/adaptime/adaptations/ridge/univariate/CPHL/30T/short/run_0/model/model_manifest.json
TIME run allocation action=skip run=/fslarge/scratch/users/h61084/codes/adaptime/outputs/adaptime/adaptations/ridge/univariate/CPHL/30T/medium/run_0 source_launch=selena_adaptime_3227291 launch_id=selena_adaptime_3241621 slurm_job_id=3241621 launched_at=2026-09-09T10:49:24.730290+00:00
/fslarge/scratch/users/h61084/codes/adaptime/outputs/adaptime/adaptations/ridge/univariate/CPHL/30T/medium/run_0/model/model_manifest.json
TIME run allocation action=skip run=/fslarge/scratch/users/h61084/codes/adaptime/outputs/adaptime/adaptations/ridge/univariate/CPHL/30T/long/run_0 source_launch=selena_adaptime_3227291 launch_id=selena_adaptime_3241621 slurm_job_id=3241621 launched_at=2026-09-09T10:49:24.743363+00:00
/fslarge/scratch/users/h61084/codes/adaptime/outputs/adaptime/adaptations/ridge/univariate/CPHL/30T/long/run_0/model/model_manifest.json
TIME run allocation action=skip run=/fslarge/scratch/users/h61084/codes/adaptime/outputs/adaptime/adaptations/ridge/univariate/CPHL/H/short/run_0 source_launch=selena_adaptime_3227291 launch_id=selena_adaptime_3241621 slurm_job_id=3241621 launched_at=2026-09-09T10:49:24.756738+00:00
/fslarge/scratch/users/h61084/codes/adaptime/outputs/adaptime/adaptations/ridge/univariate/CPHL/H/short/run_0/model/model_manifest.json
TIME run allocation action=skip run=/fslarge/scratch/users/h61084/codes/adaptime/outputs/adaptime/adaptations/ridge/univariate/CPHL/H/medium/run_0 source_launch=selena_adaptime_3227291 launch_id=selena_adaptime_3241621 slurm_job_id=3241621 launched_at=2026-09-09T10:49:24.770360+00:00
/fslarge/scratch/users/h61084/codes/adaptime/outputs/adaptime/adaptations/ridge/univariate/CPHL/H/medium/run_0/model/model_manifest.json
TIME run allocation action=skip run=/fslarge/scratch/users/h61084/codes/adaptime/outputs/adaptime/adaptations/ridge/univariate/CPHL/H/long/run_0 source_launch=selena_adaptime_3227291 launch_id=selena_adaptime_3241621 slurm_job_id=3241621 launched_at=2026-09-09T10:49:24.783889+00:00
/fslarge/scratch/users/h61084/codes/adaptime/outputs/adaptime/adaptations/ridge/univariate/CPHL/H/long/run_0/model/model_manifest.json
TIME run allocation action=skip run=/fslarge/scratch/users/h61084/codes/adaptime/outputs/adaptime/adaptations/ridge/univariate/Coastal_T_S/5T/short/run_0 source_launch=selena_adaptime_3227291 launch_id=selena_adaptime_3241621 slurm_job_id=3241621 launched_at=2026-09-09T10:49:24.797353+00:00
/fslarge/scratch/users/h61084/codes/adaptime/outputs/adaptime/adaptations/ridge/univariate/Coastal_T_S/5T/short/run_0/model/model_manifest.json
TIME run allocation action=skip run=/fslarge/scratch/users/h61084/codes/adaptime/outputs/adaptime/adaptations/ridge/univariate/Coastal_T_S/5T/medium/run_0 source_launch=selena_adaptime_3227291 launch_id=selena_adaptime_3241621 slurm_job_id=3241621 launched_at=2026-09-09T10:49:24.810495+00:00
/fslarge/scratch/users/h61084/codes/adaptime/outputs/adaptime/adaptations/ridge/univariate/Coastal_T_S/5T/medium/run_0/model/model_manifest.json
TIME run allocation action=skip run=/fslarge/scratch/users/h61084/codes/adaptime/outputs/adaptime/adaptations/ridge/univariate/Coastal_T_S/5T/long/run_0 source_launch=selena_adaptime_3227291 launch_id=selena_adaptime_3241621 slurm_job_id=3241621 launched_at=2026-09-09T10:49:24.823700+00:00
/fslarge/scratch/users/h61084/codes/adaptime/outputs/adaptime/adaptations/ridge/univariate/Coastal_T_S/5T/long/run_0/model/model_manifest.json
TIME run allocation action=skip run=/fslarge/scratch/users/h61084/codes/adaptime/outputs/adaptime/adaptations/ridge/univariate/Coastal_T_S/15T/short/run_0 source_launch=selena_adaptime_3227291 launch_id=selena_adaptime_3241621 slurm_job_id=3241621 launched_at=2026-09-09T10:49:24.836559+00:00
/fslarge/scratch/users/h61084/codes/adaptime/outputs/adaptime/adaptations/ridge/univariate/Coastal_T_S/15T/short/run_0/model/model_manifest.json
TIME run allocation action=skip run=/fslarge/scratch/users/h61084/codes/adaptime/outputs/adaptime/adaptations/ridge/univariate/Coastal_T_S/15T/medium/run_0 source_launch=selena_adaptime_3227291 launch_id=selena_adaptime_3241621 slurm_job_id=3241621 launched_at=2026-09-09T10:49:24.849929+00:00
/fslarge/scratch/users/h61084/codes/adaptime/outputs/adaptime/adaptations/ridge/univariate/Coastal_T_S/15T/medium/run_0/model/model_manifest.json
TIME run allocation action=skip run=/fslarge/scratch/users/h61084/codes/adaptime/outputs/adaptime/adaptations/ridge/univariate/Coastal_T_S/15T/long/run_0 source_launch=selena_adaptime_3227291 launch_id=selena_adaptime_3241621 slurm_job_id=3241621 launched_at=2026-09-09T10:49:24.863199+00:00
/fslarge/scratch/users/h61084/codes/adaptime/outputs/adaptime/adaptations/ridge/univariate/Coastal_T_S/15T/long/run_0/model/model_manifest.json
TIME run allocation action=skip run=/fslarge/scratch/users/h61084/codes/adaptime/outputs/adaptime/adaptations/ridge/univariate/Coastal_T_S/20T/short/run_0 source_launch=selena_adaptime_3227291 launch_id=selena_adaptime_3241621 slurm_job_id=3241621 launched_at=2026-09-09T10:49:24.876571+00:00
/fslarge/scratch/users/h61084/codes/adaptime/outputs/adaptime/adaptations/ridge/univariate/Coastal_T_S/20T/short/run_0/model/model_manifest.json
TIME run allocation action=skip run=/fslarge/scratch/users/h61084/codes/adaptime/outputs/adaptime/adaptations/ridge/univariate/Coastal_T_S/20T/medium/run_0 source_launch=selena_adaptime_3227291 launch_id=selena_adaptime_3241621 slurm_job_id=3241621 launched_at=2026-09-09T10:49:24.890184+00:00
/fslarge/scratch/users/h61084/codes/adaptime/outputs/adaptime/adaptations/ridge/univariate/Coastal_T_S/20T/medium/run_0/model/model_manifest.json
TIME run allocation action=skip run=/fslarge/scratch/users/h61084/codes/adaptime/outputs/adaptime/adaptations/ridge/univariate/Coastal_T_S/20T/long/run_0 source_launch=selena_adaptime_3227291 launch_id=selena_adaptime_3241621 slurm_job_id=3241621 launched_at=2026-09-09T10:49:24.903599+00:00
/fslarge/scratch/users/h61084/codes/adaptime/outputs/adaptime/adaptations/ridge/univariate/Coastal_T_S/20T/long/run_0/model/model_manifest.json
TIME run allocation action=skip run=/fslarge/scratch/users/h61084/codes/adaptime/outputs/adaptime/adaptations/ridge/univariate/Coastal_T_S/H/short/run_0 source_launch=selena_adaptime_3227291 launch_id=selena_adaptime_3241621 slurm_job_id=3241621 launched_at=2026-09-09T10:49:24.916879+00:00
/fslarge/scratch/users/h61084/codes/adaptime/outputs/adaptime/adaptations/ridge/univariate/Coastal_T_S/H/short/run_0/model/model_manifest.json
TIME run allocation action=skip run=/fslarge/scratch/users/h61084/codes/adaptime/outputs/adaptime/adaptations/ridge/univariate/Coastal_T_S/H/medium/run_0 source_launch=selena_adaptime_3227291 launch_id=selena_adaptime_3241621 slurm_job_id=3241621 launched_at=2026-09-09T10:49:24.929967+00:00
/fslarge/scratch/users/h61084/codes/adaptime/outputs/adaptime/adaptations/ridge/univariate/Coastal_T_S/H/medium/run_0/model/model_manifest.json
TIME run allocation action=skip run=/fslarge/scratch/users/h61084/codes/adaptime/outputs/adaptime/adaptations/ridge/univariate/Coastal_T_S/H/long/run_0 source_launch=selena_adaptime_3227291 launch_id=selena_adaptime_3241621 slurm_job_id=3241621 launched_at=2026-09-09T10:49:24.943106+00:00
/fslarge/scratch/users/h61084/codes/adaptime/outputs/adaptime/adaptations/ridge/univariate/Coastal_T_S/H/long/run_0/model/model_manifest.json
TIME run allocation action=skip run=/fslarge/scratch/users/h61084/codes/adaptime/outputs/adaptime/adaptations/ridge/univariate/SG_Weather/D/short/run_0 source_launch=selena_adaptime_3227291 launch_id=selena_adaptime_3241621 slurm_job_id=3241621 launched_at=2026-09-09T10:49:24.956092+00:00
/fslarge/scratch/users/h61084/codes/adaptime/outputs/adaptime/adaptations/ridge/univariate/SG_Weather/D/short/run_0/model/model_manifest.json
TIME run allocation action=skip run=/fslarge/scratch/users/h61084/codes/adaptime/outputs/adaptime/adaptations/ridge/univariate/SG_Weather/D/medium/run_0 source_launch=selena_adaptime_3227291 launch_id=selena_adaptime_3241621 slurm_job_id=3241621 launched_at=2026-09-09T10:49:24.969346+00:00
/fslarge/scratch/users/h61084/codes/adaptime/outputs/adaptime/adaptations/ridge/univariate/SG_Weather/D/medium/run_0/model/model_manifest.json
TIME run allocation action=skip run=/fslarge/scratch/users/h61084/codes/adaptime/outputs/adaptime/adaptations/ridge/univariate/SG_Weather/D/long/run_0 source_launch=selena_adaptime_3227291 launch_id=selena_adaptime_3241621 slurm_job_id=3241621 launched_at=2026-09-09T10:49:24.982324+00:00
/fslarge/scratch/users/h61084/codes/adaptime/outputs/adaptime/adaptations/ridge/univariate/SG_Weather/D/long/run_0/model/model_manifest.json
TIME run allocation action=skip run=/fslarge/scratch/users/h61084/codes/adaptime/outputs/adaptime/adaptations/ridge/univariate/SG_PM25/H/short/run_0 source_launch=selena_adaptime_3227291 launch_id=selena_adaptime_3241621 slurm_job_id=3241621 launched_at=2026-09-09T10:49:24.995794+00:00
/fslarge/scratch/users/h61084/codes/adaptime/outputs/adaptime/adaptations/ridge/univariate/SG_PM25/H/short/run_0/model/model_manifest.json
TIME run allocation action=skip run=/fslarge/scratch/users/h61084/codes/adaptime/outputs/adaptime/adaptations/ridge/univariate/SG_PM25/H/medium/run_0 source_launch=selena_adaptime_3227291 launch_id=selena_adaptime_3241621 slurm_job_id=3241621 launched_at=2026-09-09T10:49:25.008689+00:00
/fslarge/scratch/users/h61084/codes/adaptime/outputs/adaptime/adaptations/ridge/univariate/SG_PM25/H/medium/run_0/model/model_manifest.json
TIME run allocation action=skip run=/fslarge/scratch/users/h61084/codes/adaptime/outputs/adaptime/adaptations/ridge/univariate/SG_PM25/H/long/run_0 source_launch=selena_adaptime_3227291 launch_id=selena_adaptime_3241621 slurm_job_id=3241621 launched_at=2026-09-09T10:49:25.022452+00:00
/fslarge/scratch/users/h61084/codes/adaptime/outputs/adaptime/adaptations/ridge/univariate/SG_PM25/H/long/run_0/model/model_manifest.json
TIME run allocation action=skip run=/fslarge/scratch/users/h61084/codes/adaptime/outputs/adaptime/adaptations/ridge/univariate/NE_China_Wind/H/short/run_0 source_launch=selena_adaptime_3227291 launch_id=selena_adaptime_3241621 slurm_job_id=3241621 launched_at=2026-09-09T10:49:25.036311+00:00
/fslarge/scratch/users/h61084/codes/adaptime/outputs/adaptime/adaptations/ridge/univariate/NE_China_Wind/H/short/run_0/model/model_manifest.json
TIME run allocation action=skip run=/fslarge/scratch/users/h61084/codes/adaptime/outputs/adaptime/adaptations/ridge/univariate/NE_China_Wind/H/medium/run_0 source_launch=selena_adaptime_3227291 launch_id=selena_adaptime_3241621 slurm_job_id=3241621 launched_at=2026-09-09T10:49:25.049945+00:00
/fslarge/scratch/users/h61084/codes/adaptime/outputs/adaptime/adaptations/ridge/univariate/NE_China_Wind/H/medium/run_0/model/model_manifest.json
TIME run allocation action=skip run=/fslarge/scratch/users/h61084/codes/adaptime/outputs/adaptime/adaptations/ridge/univariate/NE_China_Wind/H/long/run_0 source_launch=selena_adaptime_3227291 launch_id=selena_adaptime_3241621 slurm_job_id=3241621 launched_at=2026-09-09T10:49:25.062921+00:00
/fslarge/scratch/users/h61084/codes/adaptime/outputs/adaptime/adaptations/ridge/univariate/NE_China_Wind/H/long/run_0/model/model_manifest.json
TIME run allocation action=skip run=/fslarge/scratch/users/h61084/codes/adaptime/outputs/adaptime/adaptations/ridge/univariate/Australia_Solar/H/short/run_0 source_launch=selena_adaptime_3227291 launch_id=selena_adaptime_3241621 slurm_job_id=3241621 launched_at=2026-09-09T10:49:25.076311+00:00
/fslarge/scratch/users/h61084/codes/adaptime/outputs/adaptime/adaptations/ridge/univariate/Australia_Solar/H/short/run_0/model/model_manifest.json
TIME run allocation action=skip run=/fslarge/scratch/users/h61084/codes/adaptime/outputs/adaptime/adaptations/ridge/univariate/Australia_Solar/H/medium/run_0 source_launch=selena_adaptime_3227291 launch_id=selena_adaptime_3241621 slurm_job_id=3241621 launched_at=2026-09-09T10:49:25.089398+00:00
/fslarge/scratch/users/h61084/codes/adaptime/outputs/adaptime/adaptations/ridge/univariate/Australia_Solar/H/medium/run_0/model/model_manifest.json
TIME run allocation action=skip run=/fslarge/scratch/users/h61084/codes/adaptime/outputs/adaptime/adaptations/ridge/univariate/Australia_Solar/H/long/run_0 source_launch=selena_adaptime_3227291 launch_id=selena_adaptime_3241621 slurm_job_id=3241621 launched_at=2026-09-09T10:49:25.103142+00:00
/fslarge/scratch/users/h61084/codes/adaptime/outputs/adaptime/adaptations/ridge/univariate/Australia_Solar/H/long/run_0/model/model_manifest.json
TIME run allocation action=skip run=/fslarge/scratch/users/h61084/codes/adaptime/outputs/adaptime/adaptations/ridge/univariate/epf_electricity_price/H/short/run_0 source_launch=selena_adaptime_3227291 launch_id=selena_adaptime_3241621 slurm_job_id=3241621 launched_at=2026-09-09T10:49:25.116409+00:00
/fslarge/scratch/users/h61084/codes/adaptime/outputs/adaptime/adaptations/ridge/univariate/epf_electricity_price/H/short/run_0/model/model_manifest.json
TIME run allocation action=skip run=/fslarge/scratch/users/h61084/codes/adaptime/outputs/adaptime/adaptations/ridge/univariate/epf_electricity_price/H/medium/run_0 source_launch=selena_adaptime_3227291 launch_id=selena_adaptime_3241621 slurm_job_id=3241621 launched_at=2026-09-09T10:49:25.129290+00:00
/fslarge/scratch/users/h61084/codes/adaptime/outputs/adaptime/adaptations/ridge/univariate/epf_electricity_price/H/medium/run_0/model/model_manifest.json
TIME run allocation action=skip run=/fslarge/scratch/users/h61084/codes/adaptime/outputs/adaptime/adaptations/ridge/univariate/epf_electricity_price/H/long/run_0 source_launch=selena_adaptime_3227291 launch_id=selena_adaptime_3241621 slurm_job_id=3241621 launched_at=2026-09-09T10:49:25.142290+00:00
/fslarge/scratch/users/h61084/codes/adaptime/outputs/adaptime/adaptations/ridge/univariate/epf_electricity_price/H/long/run_0/model/model_manifest.json
TIME run allocation action=skip run=/fslarge/scratch/users/h61084/codes/adaptime/outputs/adaptime/adaptations/ridge/univariate/OpenElectricity_NEM/5T/short/run_0 source_launch=selena_adaptime_3227291 launch_id=selena_adaptime_3241621 slurm_job_id=3241621 launched_at=2026-09-09T10:49:25.155590+00:00
/fslarge/scratch/users/h61084/codes/adaptime/outputs/adaptime/adaptations/ridge/univariate/OpenElectricity_NEM/5T/short/run_0/model/model_manifest.json
TIME run allocation action=skip run=/fslarge/scratch/users/h61084/codes/adaptime/outputs/adaptime/adaptations/ridge/univariate/OpenElectricity_NEM/5T/medium/run_0 source_launch=selena_adaptime_3227291 launch_id=selena_adaptime_3241621 slurm_job_id=3241621 launched_at=2026-09-09T10:49:25.168692+00:00
/fslarge/scratch/users/h61084/codes/adaptime/outputs/adaptime/adaptations/ridge/univariate/OpenElectricity_NEM/5T/medium/run_0/model/model_manifest.json
TIME run allocation action=skip run=/fslarge/scratch/users/h61084/codes/adaptime/outputs/adaptime/adaptations/ridge/univariate/OpenElectricity_NEM/5T/long/run_0 source_launch=selena_adaptime_3227291 launch_id=selena_adaptime_3241621 slurm_job_id=3241621 launched_at=2026-09-09T10:49:25.181690+00:00
/fslarge/scratch/users/h61084/codes/adaptime/outputs/adaptime/adaptations/ridge/univariate/OpenElectricity_NEM/5T/long/run_0/model/model_manifest.json
TIME run allocation action=skip run=/fslarge/scratch/users/h61084/codes/adaptime/outputs/adaptime/adaptations/ridge/univariate/EWELD_Load/15T/short/run_0 source_launch=selena_adaptime_3227291 launch_id=selena_adaptime_3241621 slurm_job_id=3241621 launched_at=2026-09-09T10:49:25.195167+00:00
/fslarge/scratch/users/h61084/codes/adaptime/outputs/adaptime/adaptations/ridge/univariate/EWELD_Load/15T/short/run_0/model/model_manifest.json
TIME run allocation action=skip run=/fslarge/scratch/users/h61084/codes/adaptime/outputs/adaptime/adaptations/ridge/univariate/EWELD_Load/15T/medium/run_0 source_launch=selena_adaptime_3227291 launch_id=selena_adaptime_3241621 slurm_job_id=3241621 launched_at=2026-09-09T10:49:25.208120+00:00
/fslarge/scratch/users/h61084/codes/adaptime/outputs/adaptime/adaptations/ridge/univariate/EWELD_Load/15T/medium/run_0/model/model_manifest.json
TIME run allocation action=skip run=/fslarge/scratch/users/h61084/codes/adaptime/outputs/adaptime/adaptations/ridge/univariate/EWELD_Load/15T/long/run_0 source_launch=selena_adaptime_3227291 launch_id=selena_adaptime_3241621 slurm_job_id=3241621 launched_at=2026-09-09T10:49:25.221385+00:00
/fslarge/scratch/users/h61084/codes/adaptime/outputs/adaptime/adaptations/ridge/univariate/EWELD_Load/15T/long/run_0/model/model_manifest.json
TIME run allocation action=skip run=/fslarge/scratch/users/h61084/codes/adaptime/outputs/adaptime/adaptations/ridge/univariate/SG_Carpark/15T/short/run_0 source_launch=selena_adaptime_3227291 launch_id=selena_adaptime_3241621 slurm_job_id=3241621 launched_at=2026-09-09T10:49:25.234645+00:00
/fslarge/scratch/users/h61084/codes/adaptime/outputs/adaptime/adaptations/ridge/univariate/SG_Carpark/15T/short/run_0/model/model_manifest.json
TIME run allocation action=skip run=/fslarge/scratch/users/h61084/codes/adaptime/outputs/adaptime/adaptations/ridge/univariate/SG_Carpark/15T/medium/run_0 source_launch=selena_adaptime_3227291 launch_id=selena_adaptime_3241621 slurm_job_id=3241621 launched_at=2026-09-09T10:49:25.247846+00:00
/fslarge/scratch/users/h61084/codes/adaptime/outputs/adaptime/adaptations/ridge/univariate/SG_Carpark/15T/medium/run_0/model/model_manifest.json
TIME run allocation action=skip run=/fslarge/scratch/users/h61084/codes/adaptime/outputs/adaptime/adaptations/ridge/univariate/SG_Carpark/15T/long/run_0 source_launch=selena_adaptime_3227291 launch_id=selena_adaptime_3241621 slurm_job_id=3241621 launched_at=2026-09-09T10:49:25.260840+00:00
/fslarge/scratch/users/h61084/codes/adaptime/outputs/adaptime/adaptations/ridge/univariate/SG_Carpark/15T/long/run_0/model/model_manifest.json
TIME run allocation action=skip run=/fslarge/scratch/users/h61084/codes/adaptime/outputs/adaptime/adaptations/ridge/univariate/Finland_Traffic/15T/short/run_0 source_launch=selena_adaptime_3227291 launch_id=selena_adaptime_3241621 slurm_job_id=3241621 launched_at=2026-09-09T10:49:25.274658+00:00
/fslarge/scratch/users/h61084/codes/adaptime/outputs/adaptime/adaptations/ridge/univariate/Finland_Traffic/15T/short/run_0/model/model_manifest.json
TIME run allocation action=skip run=/fslarge/scratch/users/h61084/codes/adaptime/outputs/adaptime/adaptations/ridge/univariate/Finland_Traffic/15T/medium/run_0 source_launch=selena_adaptime_3227291 launch_id=selena_adaptime_3241621 slurm_job_id=3241621 launched_at=2026-09-09T10:49:25.287902+00:00
/fslarge/scratch/users/h61084/codes/adaptime/outputs/adaptime/adaptations/ridge/univariate/Finland_Traffic/15T/medium/run_0/model/model_manifest.json
TIME run allocation action=skip run=/fslarge/scratch/users/h61084/codes/adaptime/outputs/adaptime/adaptations/ridge/univariate/Finland_Traffic/15T/long/run_0 source_launch=selena_adaptime_3227291 launch_id=selena_adaptime_3241621 slurm_job_id=3241621 launched_at=2026-09-09T10:49:25.301341+00:00
/fslarge/scratch/users/h61084/codes/adaptime/outputs/adaptime/adaptations/ridge/univariate/Finland_Traffic/15T/long/run_0/model/model_manifest.json
TIME run allocation action=skip run=/fslarge/scratch/users/h61084/codes/adaptime/outputs/adaptime/adaptations/ridge/univariate/Port_Activity/D/short/run_0 source_launch=selena_adaptime_3227291 launch_id=selena_adaptime_3241621 slurm_job_id=3241621 launched_at=2026-09-09T10:49:25.314644+00:00
/fslarge/scratch/users/h61084/codes/adaptime/outputs/adaptime/adaptations/ridge/univariate/Port_Activity/D/short/run_0/model/model_manifest.json
TIME run allocation action=skip run=/fslarge/scratch/users/h61084/codes/adaptime/outputs/adaptime/adaptations/ridge/univariate/Port_Activity/W/short/run_0 source_launch=selena_adaptime_3227291 launch_id=selena_adaptime_3241621 slurm_job_id=3241621 launched_at=2026-09-09T10:49:25.328091+00:00
/fslarge/scratch/users/h61084/codes/adaptime/outputs/adaptime/adaptations/ridge/univariate/Port_Activity/W/short/run_0/model/model_manifest.json
TIME run allocation action=skip run=/fslarge/scratch/users/h61084/codes/adaptime/outputs/adaptime/adaptations/ridge/univariate/ECDC_COVID/D/short/run_0 source_launch=selena_adaptime_3227291 launch_id=selena_adaptime_3241621 slurm_job_id=3241621 launched_at=2026-09-09T10:49:25.341061+00:00
/fslarge/scratch/users/h61084/codes/adaptime/outputs/adaptime/adaptations/ridge/univariate/ECDC_COVID/D/short/run_0/model/model_manifest.json
TIME run allocation action=skip run=/fslarge/scratch/users/h61084/codes/adaptime/outputs/adaptime/adaptations/ridge/univariate/ECDC_COVID/W/short/run_0 source_launch=selena_adaptime_3227291 launch_id=selena_adaptime_3241621 slurm_job_id=3241621 launched_at=2026-09-09T10:49:25.353907+00:00
/fslarge/scratch/users/h61084/codes/adaptime/outputs/adaptime/adaptations/ridge/univariate/ECDC_COVID/W/short/run_0/model/model_manifest.json
TIME run allocation action=skip run=/fslarge/scratch/users/h61084/codes/adaptime/outputs/adaptime/adaptations/ridge/univariate/Global_Influenza/W/short/run_0 source_launch=selena_adaptime_3227291 launch_id=selena_adaptime_3241621 slurm_job_id=3241621 launched_at=2026-09-09T10:49:25.367440+00:00
/fslarge/scratch/users/h61084/codes/adaptime/outputs/adaptime/adaptations/ridge/univariate/Global_Influenza/W/short/run_0/model/model_manifest.json
TIME run allocation action=skip run=/fslarge/scratch/users/h61084/codes/adaptime/outputs/adaptime/adaptations/ridge/univariate/Crypto/D/short/run_0 source_launch=selena_adaptime_3227291 launch_id=selena_adaptime_3241621 slurm_job_id=3241621 launched_at=2026-09-09T10:49:25.380985+00:00
/fslarge/scratch/users/h61084/codes/adaptime/outputs/adaptime/adaptations/ridge/univariate/Crypto/D/short/run_0/model/model_manifest.json
TIME run allocation action=skip run=/fslarge/scratch/users/h61084/codes/adaptime/outputs/adaptime/adaptations/ridge/univariate/US_Term_Structure/B/short/run_0 source_launch=selena_adaptime_3227291 launch_id=selena_adaptime_3241621 slurm_job_id=3241621 launched_at=2026-09-09T10:49:25.394127+00:00
/fslarge/scratch/users/h61084/codes/adaptime/outputs/adaptime/adaptations/ridge/univariate/US_Term_Structure/B/short/run_0/model/model_manifest.json
TIME run allocation action=skip run=/fslarge/scratch/users/h61084/codes/adaptime/outputs/adaptime/adaptations/ridge/univariate/Oil_Price/B/short/run_0 source_launch=selena_adaptime_3227291 launch_id=selena_adaptime_3241621 slurm_job_id=3241621 launched_at=2026-09-09T10:49:25.407943+00:00
/fslarge/scratch/users/h61084/codes/adaptime/outputs/adaptime/adaptations/ridge/univariate/Oil_Price/B/short/run_0/model/model_manifest.json
TIME run allocation action=skip run=/fslarge/scratch/users/h61084/codes/adaptime/outputs/adaptime/adaptations/ridge/univariate/Job_Claims/W/short/run_0 source_launch=selena_adaptime_3227291 launch_id=selena_adaptime_3241621 slurm_job_id=3241621 launched_at=2026-09-09T10:49:25.421262+00:00
/fslarge/scratch/users/h61084/codes/adaptime/outputs/adaptime/adaptations/ridge/univariate/Job_Claims/W/short/run_0/model/model_manifest.json
TIME run allocation action=skip run=/fslarge/scratch/users/h61084/codes/adaptime/outputs/adaptime/adaptations/ridge/univariate/Uncertainty_1M/M/short/run_0 source_launch=selena_adaptime_3227291 launch_id=selena_adaptime_3241621 slurm_job_id=3241621 launched_at=2026-09-09T10:49:25.434967+00:00
/fslarge/scratch/users/h61084/codes/adaptime/outputs/adaptime/adaptations/ridge/univariate/Uncertainty_1M/M/short/run_0/model/model_manifest.json
TIME run allocation action=skip run=/fslarge/scratch/users/h61084/codes/adaptime/outputs/adaptime/adaptations/ridge/univariate/Housing_Inventory/M/short/run_0 source_launch=selena_adaptime_3227291 launch_id=selena_adaptime_3241621 slurm_job_id=3241621 launched_at=2026-09-09T10:49:25.448646+00:00
/fslarge/scratch/users/h61084/codes/adaptime/outputs/adaptime/adaptations/ridge/univariate/Housing_Inventory/M/short/run_0/model/model_manifest.json
TIME run allocation action=skip run=/fslarge/scratch/users/h61084/codes/adaptime/outputs/adaptime/adaptations/ridge/univariate/JOLTS/M/short/run_0 source_launch=selena_adaptime_3227291 launch_id=selena_adaptime_3241621 slurm_job_id=3241621 launched_at=2026-09-09T10:49:25.462160+00:00
/fslarge/scratch/users/h61084/codes/adaptime/outputs/adaptime/adaptations/ridge/univariate/JOLTS/M/short/run_0/model/model_manifest.json
TIME run allocation action=skip run=/fslarge/scratch/users/h61084/codes/adaptime/outputs/adaptime/adaptations/ridge/univariate/US_Labor/M/short/run_0 source_launch=selena_adaptime_3227291 launch_id=selena_adaptime_3241621 slurm_job_id=3241621 launched_at=2026-09-09T10:49:25.475542+00:00
/fslarge/scratch/users/h61084/codes/adaptime/outputs/adaptime/adaptations/ridge/univariate/US_Labor/M/short/run_0/model/model_manifest.json
TIME run allocation action=skip run=/fslarge/scratch/users/h61084/codes/adaptime/outputs/adaptime/adaptations/ridge/univariate/Vehicle_Supply/M/short/run_0 source_launch=selena_adaptime_3227291 launch_id=selena_adaptime_3241621 slurm_job_id=3241621 launched_at=2026-09-09T10:49:25.488708+00:00
/fslarge/scratch/users/h61084/codes/adaptime/outputs/adaptime/adaptations/ridge/univariate/Vehicle_Supply/M/short/run_0/model/model_manifest.json
TIME run allocation action=skip run=/fslarge/scratch/users/h61084/codes/adaptime/outputs/adaptime/adaptations/ridge/univariate/Auto_Production_SF/M/short/run_0 source_launch=selena_adaptime_3227291 launch_id=selena_adaptime_3241621 slurm_job_id=3241621 launched_at=2026-09-09T10:49:25.502073+00:00
/fslarge/scratch/users/h61084/codes/adaptime/outputs/adaptime/adaptations/ridge/univariate/Auto_Production_SF/M/short/run_0/model/model_manifest.json
TIME run allocation action=skip run=/fslarge/scratch/users/h61084/codes/adaptime/outputs/adaptime/adaptations/ridge/univariate/Commodity_Production/M/short/run_0 source_launch=selena_adaptime_3227291 launch_id=selena_adaptime_3241621 slurm_job_id=3241621 launched_at=2026-09-09T10:49:25.515256+00:00
/fslarge/scratch/users/h61084/codes/adaptime/outputs/adaptime/adaptations/ridge/univariate/Commodity_Production/M/short/run_0/model/model_manifest.json
TIME run allocation action=skip run=/fslarge/scratch/users/h61084/codes/adaptime/outputs/adaptime/adaptations/ridge/univariate/Commodity_Import/M/short/run_0 source_launch=selena_adaptime_3227291 launch_id=selena_adaptime_3241621 slurm_job_id=3241621 launched_at=2026-09-09T10:49:25.528686+00:00
/fslarge/scratch/users/h61084/codes/adaptime/outputs/adaptime/adaptations/ridge/univariate/Commodity_Import/M/short/run_0/model/model_manifest.json
TIME run allocation action=skip run=/fslarge/scratch/users/h61084/codes/adaptime/outputs/adaptime/adaptations/ridge/univariate/WUI_Global/Q/short/run_0 source_launch=selena_adaptime_3227291 launch_id=selena_adaptime_3241621 slurm_job_id=3241621 launched_at=2026-09-09T10:49:25.541767+00:00
/fslarge/scratch/users/h61084/codes/adaptime/outputs/adaptime/adaptations/ridge/univariate/WUI_Global/Q/short/run_0/model/model_manifest.json
TIME run allocation action=skip run=/fslarge/scratch/users/h61084/codes/adaptime/outputs/adaptime/adaptations/ridge/univariate/Global_Price/Q/short/run_0 source_launch=selena_adaptime_3227291 launch_id=selena_adaptime_3241621 slurm_job_id=3241621 launched_at=2026-09-09T10:49:25.555436+00:00
/fslarge/scratch/users/h61084/codes/adaptime/outputs/adaptime/adaptations/ridge/univariate/Global_Price/Q/short/run_0/model/model_manifest.json
TIME run allocation action=skip run=/fslarge/scratch/users/h61084/codes/adaptime/outputs/adaptime/adaptations/ridge/univariate/Vehicle_Sales/M/short/run_0 source_launch=selena_adaptime_3227291 launch_id=selena_adaptime_3241621 slurm_job_id=3241621 launched_at=2026-09-09T10:49:25.570106+00:00
/fslarge/scratch/users/h61084/codes/adaptime/outputs/adaptime/adaptations/ridge/univariate/Vehicle_Sales/M/short/run_0/model/model_manifest.json
TIME run allocation action=skip run=/fslarge/scratch/users/h61084/codes/adaptime/outputs/adaptime/adaptations/ridge/univariate/Online_Retail_2_UCI/D/short/run_0 source_launch=selena_adaptime_3227291 launch_id=selena_adaptime_3241621 slurm_job_id=3241621 launched_at=2026-09-09T10:49:25.583428+00:00
/fslarge/scratch/users/h61084/codes/adaptime/outputs/adaptime/adaptations/ridge/univariate/Online_Retail_2_UCI/D/short/run_0/model/model_manifest.json
TIME run allocation action=skip run=/fslarge/scratch/users/h61084/codes/adaptime/outputs/adaptime/adaptations/ridge/univariate/Supply_Chain_Customer/D/short/run_0 source_launch=selena_adaptime_3227291 launch_id=selena_adaptime_3241621 slurm_job_id=3241621 launched_at=2026-09-09T10:49:25.597016+00:00
/fslarge/scratch/users/h61084/codes/adaptime/outputs/adaptime/adaptations/ridge/univariate/Supply_Chain_Customer/D/short/run_0/model/model_manifest.json
TIME run allocation action=skip run=/fslarge/scratch/users/h61084/codes/adaptime/outputs/adaptime/adaptations/ridge/univariate/Supply_Chain_Location/D/short/run_0 source_launch=selena_adaptime_3227291 launch_id=selena_adaptime_3241621 slurm_job_id=3241621 launched_at=2026-09-09T10:49:25.610525+00:00
/fslarge/scratch/users/h61084/codes/adaptime/outputs/adaptime/adaptations/ridge/univariate/Supply_Chain_Location/D/short/run_0/model/model_manifest.json
TIME run allocation action=skip run=/fslarge/scratch/users/h61084/codes/adaptime/outputs/adaptime/adaptations/ridge/univariate/azure2019_D/5T/short/run_0 source_launch=selena_adaptime_3227291 launch_id=selena_adaptime_3241621 slurm_job_id=3241621 launched_at=2026-09-09T10:49:25.624163+00:00
/fslarge/scratch/users/h61084/codes/adaptime/outputs/adaptime/adaptations/ridge/univariate/azure2019_D/5T/short/run_0/model/model_manifest.json
TIME run allocation action=skip run=/fslarge/scratch/users/h61084/codes/adaptime/outputs/adaptime/adaptations/ridge/univariate/azure2019_I/5T/short/run_0 source_launch=selena_adaptime_3227291 launch_id=selena_adaptime_3241621 slurm_job_id=3241621 launched_at=2026-09-09T10:49:25.637539+00:00
/fslarge/scratch/users/h61084/codes/adaptime/outputs/adaptime/adaptations/ridge/univariate/azure2019_I/5T/short/run_0/model/model_manifest.json
TIME run allocation action=skip run=/fslarge/scratch/users/h61084/codes/adaptime/outputs/adaptime/adaptations/ridge/univariate/azure2019_U/5T/short/run_0 source_launch=selena_adaptime_3227291 launch_id=selena_adaptime_3241621 slurm_job_id=3241621 launched_at=2026-09-09T10:49:25.651152+00:00
/fslarge/scratch/users/h61084/codes/adaptime/outputs/adaptime/adaptations/ridge/univariate/azure2019_U/5T/short/run_0/model/model_manifest.json
TIME run allocation action=skip run=/fslarge/scratch/users/h61084/codes/adaptime/outputs/adaptime/adaptations/ridge/univariate/Smart_Manufacturing/H/short/run_0 source_launch=selena_adaptime_3227291 launch_id=selena_adaptime_3241621 slurm_job_id=3241621 launched_at=2026-09-09T10:49:25.664656+00:00
/fslarge/scratch/users/h61084/codes/adaptime/outputs/adaptime/adaptations/ridge/univariate/Smart_Manufacturing/H/short/run_0/model/model_manifest.json
TIME run allocation action=skip run=/fslarge/scratch/users/h61084/codes/adaptime/outputs/adaptime/adaptations/ridge/univariate/Smart_Manufacturing/H/medium/run_0 source_launch=selena_adaptime_3227291 launch_id=selena_adaptime_3241621 slurm_job_id=3241621 launched_at=2026-09-09T10:49:25.677674+00:00
/fslarge/scratch/users/h61084/codes/adaptime/outputs/adaptime/adaptations/ridge/univariate/Smart_Manufacturing/H/medium/run_0/model/model_manifest.json
TIME run allocation action=skip run=/fslarge/scratch/users/h61084/codes/adaptime/outputs/adaptime/adaptations/ridge/univariate/Smart_Manufacturing/H/long/run_0 source_launch=selena_adaptime_3227291 launch_id=selena_adaptime_3241621 slurm_job_id=3241621 launched_at=2026-09-09T10:49:25.690769+00:00
/fslarge/scratch/users/h61084/codes/adaptime/outputs/adaptime/adaptations/ridge/univariate/Smart_Manufacturing/H/long/run_0/model/model_manifest.json
TIME run allocation action=skip run=/fslarge/scratch/users/h61084/codes/adaptime/outputs/adaptime/adaptations/ridge/univariate/MetroPT-3/5T/short/run_0 source_launch=selena_adaptime_3227291 launch_id=selena_adaptime_3241621 slurm_job_id=3241621 launched_at=2026-09-09T10:49:25.704393+00:00
/fslarge/scratch/users/h61084/codes/adaptime/outputs/adaptime/adaptations/ridge/univariate/MetroPT-3/5T/short/run_0/model/model_manifest.json
TIME run allocation action=skip run=/fslarge/scratch/users/h61084/codes/adaptime/outputs/adaptime/adaptations/ridge/univariate/MetroPT-3/5T/medium/run_0 source_launch=selena_adaptime_3227291 launch_id=selena_adaptime_3241621 slurm_job_id=3241621 launched_at=2026-09-09T10:49:25.718194+00:00
/fslarge/scratch/users/h61084/codes/adaptime/outputs/adaptime/adaptations/ridge/univariate/MetroPT-3/5T/medium/run_0/model/model_manifest.json
TIME run allocation action=skip run=/fslarge/scratch/users/h61084/codes/adaptime/outputs/adaptime/adaptations/ridge/univariate/MetroPT-3/5T/long/run_0 source_launch=selena_adaptime_3227291 launch_id=selena_adaptime_3241621 slurm_job_id=3241621 launched_at=2026-09-09T10:49:25.732523+00:00
/fslarge/scratch/users/h61084/codes/adaptime/outputs/adaptime/adaptations/ridge/univariate/MetroPT-3/5T/long/run_0/model/model_manifest.json
TIME run allocation action=resume run=/fslarge/scratch/users/h61084/codes/adaptime/outputs/adaptime/eval_extractions/ridge/univariate/Water_Quality_Darwin/15T/short/run_0 launch_id=selena_adaptime_3241621 slurm_job_id=3241621 launched_at=2026-09-09T10:49:25.751841+00:00 resumed_from_launch=selena_adaptime_3241621 resumed_from_job=3241621
/fslarge/scratch/users/h61084/codes/adaptime/outputs/adaptime/eval_extractions/ridge/univariate/Water_Quality_Darwin/15T/short/run_0/extraction/manifest.json
TIME run allocation action=new run=/fslarge/scratch/users/h61084/codes/adaptime/outputs/adaptime/eval_extractions/ridge/univariate/Water_Quality_Darwin/15T/medium/run_0 launch_id=selena_adaptime_3241621 slurm_job_id=3241621 launched_at=2026-09-09T10:49:47.571769+00:00
/fslarge/scratch/users/h61084/codes/adaptime/outputs/adaptime/eval_extractions/ridge/univariate/Water_Quality_Darwin/15T/medium/run_0/extraction/manifest.json
TIME run allocation action=new run=/fslarge/scratch/users/h61084/codes/adaptime/outputs/adaptime/eval_extractions/ridge/univariate/Water_Quality_Darwin/15T/long/run_0 launch_id=selena_adaptime_3241621 slurm_job_id=3241621 launched_at=2026-09-09T10:50:24.147902+00:00
/fslarge/scratch/users/h61084/codes/adaptime/outputs/adaptime/eval_extractions/ridge/univariate/Water_Quality_Darwin/15T/long/run_0/extraction/manifest.json
TIME run allocation action=new run=/fslarge/scratch/users/h61084/codes/adaptime/outputs/adaptime/eval_extractions/ridge/univariate/current_velocity/5T/short/run_0 launch_id=selena_adaptime_3241621 slurm_job_id=3241621 launched_at=2026-09-09T10:50:33.422636+00:00
/fslarge/scratch/users/h61084/codes/adaptime/outputs/adaptime/eval_extractions/ridge/univariate/current_velocity/5T/short/run_0/extraction/manifest.json
TIME run allocation action=new run=/fslarge/scratch/users/h61084/codes/adaptime/outputs/adaptime/eval_extractions/ridge/univariate/current_velocity/5T/medium/run_0 launch_id=selena_adaptime_3241621 slurm_job_id=3241621 launched_at=2026-09-09T10:50:33.462763+00:00
/fslarge/scratch/users/h61084/codes/adaptime/outputs/adaptime/eval_extractions/ridge/univariate/current_velocity/5T/medium/run_0/extraction/manifest.json
TIME run allocation action=new run=/fslarge/scratch/users/h61084/codes/adaptime/outputs/adaptime/eval_extractions/ridge/univariate/current_velocity/5T/long/run_0 launch_id=selena_adaptime_3241621 slurm_job_id=3241621 launched_at=2026-09-09T10:50:42.241320+00:00
/fslarge/scratch/users/h61084/codes/adaptime/outputs/adaptime/eval_extractions/ridge/univariate/current_velocity/5T/long/run_0/extraction/manifest.json
TIME run allocation action=new run=/fslarge/scratch/users/h61084/codes/adaptime/outputs/adaptime/eval_extractions/ridge/univariate/current_velocity/10T/short/run_0 launch_id=selena_adaptime_3241621 slurm_job_id=3241621 launched_at=2026-09-09T10:50:43.804962+00:00
/fslarge/scratch/users/h61084/codes/adaptime/outputs/adaptime/eval_extractions/ridge/univariate/current_velocity/10T/short/run_0/extraction/manifest.json
TIME run allocation action=new run=/fslarge/scratch/users/h61084/codes/adaptime/outputs/adaptime/eval_extractions/ridge/univariate/current_velocity/10T/medium/run_0 launch_id=selena_adaptime_3241621 slurm_job_id=3241621 launched_at=2026-09-09T10:50:43.844104+00:00
/fslarge/scratch/users/h61084/codes/adaptime/outputs/adaptime/eval_extractions/ridge/univariate/current_velocity/10T/medium/run_0/extraction/manifest.json
TIME run allocation action=new run=/fslarge/scratch/users/h61084/codes/adaptime/outputs/adaptime/eval_extractions/ridge/univariate/current_velocity/10T/long/run_0 launch_id=selena_adaptime_3241621 slurm_job_id=3241621 launched_at=2026-09-09T10:51:58.127972+00:00
/fslarge/scratch/users/h61084/codes/adaptime/outputs/adaptime/eval_extractions/ridge/univariate/current_velocity/10T/long/run_0/extraction/manifest.json
TIME run allocation action=new run=/fslarge/scratch/users/h61084/codes/adaptime/outputs/adaptime/eval_extractions/ridge/univariate/current_velocity/15T/short/run_0 launch_id=selena_adaptime_3241621 slurm_job_id=3241621 launched_at=2026-09-09T10:52:53.389799+00:00
/fslarge/scratch/users/h61084/codes/adaptime/outputs/adaptime/eval_extractions/ridge/univariate/current_velocity/15T/short/run_0/extraction/manifest.json
TIME run allocation action=new run=/fslarge/scratch/users/h61084/codes/adaptime/outputs/adaptime/eval_extractions/ridge/univariate/current_velocity/15T/medium/run_0 launch_id=selena_adaptime_3241621 slurm_job_id=3241621 launched_at=2026-09-09T10:52:53.448886+00:00
/fslarge/scratch/users/h61084/codes/adaptime/outputs/adaptime/eval_extractions/ridge/univariate/current_velocity/15T/medium/run_0/extraction/manifest.json
TIME run allocation action=new run=/fslarge/scratch/users/h61084/codes/adaptime/outputs/adaptime/eval_extractions/ridge/univariate/current_velocity/15T/long/run_0 launch_id=selena_adaptime_3241621 slurm_job_id=3241621 launched_at=2026-09-09T10:52:53.488865+00:00
/fslarge/scratch/users/h61084/codes/adaptime/outputs/adaptime/eval_extractions/ridge/univariate/current_velocity/15T/long/run_0/extraction/manifest.json
TIME run allocation action=new run=/fslarge/scratch/users/h61084/codes/adaptime/outputs/adaptime/eval_extractions/ridge/univariate/current_velocity/20T/short/run_0 launch_id=selena_adaptime_3241621 slurm_job_id=3241621 launched_at=2026-09-09T10:52:53.525205+00:00
/fslarge/scratch/users/h61084/codes/adaptime/outputs/adaptime/eval_extractions/ridge/univariate/current_velocity/20T/short/run_0/extraction/manifest.json
TIME run allocation action=new run=/fslarge/scratch/users/h61084/codes/adaptime/outputs/adaptime/eval_extractions/ridge/univariate/current_velocity/20T/medium/run_0 launch_id=selena_adaptime_3241621 slurm_job_id=3241621 launched_at=2026-09-09T10:52:53.562692+00:00
/fslarge/scratch/users/h61084/codes/adaptime/outputs/adaptime/eval_extractions/ridge/univariate/current_velocity/20T/medium/run_0/extraction/manifest.json
TIME run allocation action=new run=/fslarge/scratch/users/h61084/codes/adaptime/outputs/adaptime/eval_extractions/ridge/univariate/current_velocity/20T/long/run_0 launch_id=selena_adaptime_3241621 slurm_job_id=3241621 launched_at=2026-09-09T10:52:53.598018+00:00
/fslarge/scratch/users/h61084/codes/adaptime/outputs/adaptime/eval_extractions/ridge/univariate/current_velocity/20T/long/run_0/extraction/manifest.json
TIME run allocation action=new run=/fslarge/scratch/users/h61084/codes/adaptime/outputs/adaptime/eval_extractions/ridge/univariate/current_velocity/H/short/run_0 launch_id=selena_adaptime_3241621 slurm_job_id=3241621 launched_at=2026-09-09T10:52:53.635247+00:00
/fslarge/scratch/users/h61084/codes/adaptime/outputs/adaptime/eval_extractions/ridge/univariate/current_velocity/H/short/run_0/extraction/manifest.json
TIME run allocation action=new run=/fslarge/scratch/users/h61084/codes/adaptime/outputs/adaptime/eval_extractions/ridge/univariate/current_velocity/H/medium/run_0 launch_id=selena_adaptime_3241621 slurm_job_id=3241621 launched_at=2026-09-09T10:52:53.672223+00:00
/fslarge/scratch/users/h61084/codes/adaptime/outputs/adaptime/eval_extractions/ridge/univariate/current_velocity/H/medium/run_0/extraction/manifest.json
TIME run allocation action=new run=/fslarge/scratch/users/h61084/codes/adaptime/outputs/adaptime/eval_extractions/ridge/univariate/current_velocity/H/long/run_0 launch_id=selena_adaptime_3241621 slurm_job_id=3241621 launched_at=2026-09-09T10:52:53.708101+00:00
/fslarge/scratch/users/h61084/codes/adaptime/outputs/adaptime/eval_extractions/ridge/univariate/current_velocity/H/long/run_0/extraction/manifest.json
TIME run allocation action=new run=/fslarge/scratch/users/h61084/codes/adaptime/outputs/adaptime/eval_extractions/ridge/univariate/CPHL/15T/short/run_0 launch_id=selena_adaptime_3241621 slurm_job_id=3241621 launched_at=2026-09-09T10:52:53.743918+00:00
/fslarge/scratch/users/h61084/codes/adaptime/outputs/adaptime/eval_extractions/ridge/univariate/CPHL/15T/short/run_0/extraction/manifest.json
TIME run allocation action=new run=/fslarge/scratch/users/h61084/codes/adaptime/outputs/adaptime/eval_extractions/ridge/univariate/CPHL/15T/medium/run_0 launch_id=selena_adaptime_3241621 slurm_job_id=3241621 launched_at=2026-09-09T10:52:53.780372+00:00
/fslarge/scratch/users/h61084/codes/adaptime/outputs/adaptime/eval_extractions/ridge/univariate/CPHL/15T/medium/run_0/extraction/manifest.json
TIME run allocation action=new run=/fslarge/scratch/users/h61084/codes/adaptime/outputs/adaptime/eval_extractions/ridge/univariate/CPHL/15T/long/run_0 launch_id=selena_adaptime_3241621 slurm_job_id=3241621 launched_at=2026-09-09T10:52:53.829532+00:00
/fslarge/scratch/users/h61084/codes/adaptime/outputs/adaptime/eval_extractions/ridge/univariate/CPHL/15T/long/run_0/extraction/manifest.json
TIME run allocation action=new run=/fslarge/scratch/users/h61084/codes/adaptime/outputs/adaptime/eval_extractions/ridge/univariate/CPHL/30T/short/run_0 launch_id=selena_adaptime_3241621 slurm_job_id=3241621 launched_at=2026-09-09T10:52:53.865935+00:00
/fslarge/scratch/users/h61084/codes/adaptime/outputs/adaptime/eval_extractions/ridge/univariate/CPHL/30T/short/run_0/extraction/manifest.json
TIME run allocation action=new run=/fslarge/scratch/users/h61084/codes/adaptime/outputs/adaptime/eval_extractions/ridge/univariate/CPHL/30T/medium/run_0 launch_id=selena_adaptime_3241621 slurm_job_id=3241621 launched_at=2026-09-09T10:52:53.902110+00:00
/fslarge/scratch/users/h61084/codes/adaptime/outputs/adaptime/eval_extractions/ridge/univariate/CPHL/30T/medium/run_0/extraction/manifest.json
TIME run allocation action=new run=/fslarge/scratch/users/h61084/codes/adaptime/outputs/adaptime/eval_extractions/ridge/univariate/CPHL/30T/long/run_0 launch_id=selena_adaptime_3241621 slurm_job_id=3241621 launched_at=2026-09-09T10:52:53.941606+00:00
/fslarge/scratch/users/h61084/codes/adaptime/outputs/adaptime/eval_extractions/ridge/univariate/CPHL/30T/long/run_0/extraction/manifest.json
TIME run allocation action=new run=/fslarge/scratch/users/h61084/codes/adaptime/outputs/adaptime/eval_extractions/ridge/univariate/CPHL/H/short/run_0 launch_id=selena_adaptime_3241621 slurm_job_id=3241621 launched_at=2026-09-09T10:52:53.977355+00:00
/fslarge/scratch/users/h61084/codes/adaptime/outputs/adaptime/eval_extractions/ridge/univariate/CPHL/H/short/run_0/extraction/manifest.json
TIME run allocation action=new run=/fslarge/scratch/users/h61084/codes/adaptime/outputs/adaptime/eval_extractions/ridge/univariate/CPHL/H/medium/run_0 launch_id=selena_adaptime_3241621 slurm_job_id=3241621 launched_at=2026-09-09T10:52:54.013296+00:00
/fslarge/scratch/users/h61084/codes/adaptime/outputs/adaptime/eval_extractions/ridge/univariate/CPHL/H/medium/run_0/extraction/manifest.json
TIME run allocation action=new run=/fslarge/scratch/users/h61084/codes/adaptime/outputs/adaptime/eval_extractions/ridge/univariate/CPHL/H/long/run_0 launch_id=selena_adaptime_3241621 slurm_job_id=3241621 launched_at=2026-09-09T10:52:54.049004+00:00
/fslarge/scratch/users/h61084/codes/adaptime/outputs/adaptime/eval_extractions/ridge/univariate/CPHL/H/long/run_0/extraction/manifest.json
TIME run allocation action=new run=/fslarge/scratch/users/h61084/codes/adaptime/outputs/adaptime/eval_extractions/ridge/univariate/Coastal_T_S/5T/short/run_0 launch_id=selena_adaptime_3241621 slurm_job_id=3241621 launched_at=2026-09-09T10:52:54.087039+00:00
/fslarge/scratch/users/h61084/codes/adaptime/outputs/adaptime/eval_extractions/ridge/univariate/Coastal_T_S/5T/short/run_0/extraction/manifest.json
TIME run allocation action=new run=/fslarge/scratch/users/h61084/codes/adaptime/outputs/adaptime/eval_extractions/ridge/univariate/Coastal_T_S/5T/medium/run_0 launch_id=selena_adaptime_3241621 slurm_job_id=3241621 launched_at=2026-09-09T11:10:59.807437+00:00
/fslarge/scratch/users/h61084/codes/adaptime/outputs/adaptime/eval_extractions/ridge/univariate/Coastal_T_S/5T/medium/run_0/extraction/manifest.json
TIME run allocation action=new run=/fslarge/scratch/users/h61084/codes/adaptime/outputs/adaptime/eval_extractions/ridge/univariate/Coastal_T_S/5T/long/run_0 launch_id=selena_adaptime_3241621 slurm_job_id=3241621 launched_at=2026-09-09T11:24:18.896936+00:00
/fslarge/scratch/users/h61084/codes/adaptime/outputs/adaptime/eval_extractions/ridge/univariate/Coastal_T_S/5T/long/run_0/extraction/manifest.json
TIME run allocation action=new run=/fslarge/scratch/users/h61084/codes/adaptime/outputs/adaptime/eval_extractions/ridge/univariate/Coastal_T_S/15T/short/run_0 launch_id=selena_adaptime_3241621 slurm_job_id=3241621 launched_at=2026-09-09T11:30:05.061157+00:00
/fslarge/scratch/users/h61084/codes/adaptime/outputs/adaptime/eval_extractions/ridge/univariate/Coastal_T_S/15T/short/run_0/extraction/manifest.json
TIME run allocation action=new run=/fslarge/scratch/users/h61084/codes/adaptime/outputs/adaptime/eval_extractions/ridge/univariate/Coastal_T_S/15T/medium/run_0 launch_id=selena_adaptime_3241621 slurm_job_id=3241621 launched_at=2026-09-09T11:30:05.143171+00:00
/fslarge/scratch/users/h61084/codes/adaptime/outputs/adaptime/eval_extractions/ridge/univariate/Coastal_T_S/15T/medium/run_0/extraction/manifest.json
TIME run allocation action=new run=/fslarge/scratch/users/h61084/codes/adaptime/outputs/adaptime/eval_extractions/ridge/univariate/Coastal_T_S/15T/long/run_0 launch_id=selena_adaptime_3241621 slurm_job_id=3241621 launched_at=2026-09-09T11:30:36.418389+00:00
/fslarge/scratch/users/h61084/codes/adaptime/outputs/adaptime/eval_extractions/ridge/univariate/Coastal_T_S/15T/long/run_0/extraction/manifest.json
TIME run allocation action=new run=/fslarge/scratch/users/h61084/codes/adaptime/outputs/adaptime/eval_extractions/ridge/univariate/Coastal_T_S/20T/short/run_0 launch_id=selena_adaptime_3241621 slurm_job_id=3241621 launched_at=2026-09-09T11:30:52.796874+00:00
/fslarge/scratch/users/h61084/codes/adaptime/outputs/adaptime/eval_extractions/ridge/univariate/Coastal_T_S/20T/short/run_0/extraction/manifest.json
TIME run allocation action=new run=/fslarge/scratch/users/h61084/codes/adaptime/outputs/adaptime/eval_extractions/ridge/univariate/Coastal_T_S/20T/medium/run_0 launch_id=selena_adaptime_3241621 slurm_job_id=3241621 launched_at=2026-09-09T11:30:52.856650+00:00
/fslarge/scratch/users/h61084/codes/adaptime/outputs/adaptime/eval_extractions/ridge/univariate/Coastal_T_S/20T/medium/run_0/extraction/manifest.json
TIME run allocation action=new run=/fslarge/scratch/users/h61084/codes/adaptime/outputs/adaptime/eval_extractions/ridge/univariate/Coastal_T_S/20T/long/run_0 launch_id=selena_adaptime_3241621 slurm_job_id=3241621 launched_at=2026-09-09T11:30:52.905091+00:00
/fslarge/scratch/users/h61084/codes/adaptime/outputs/adaptime/eval_extractions/ridge/univariate/Coastal_T_S/20T/long/run_0/extraction/manifest.json
TIME run allocation action=new run=/fslarge/scratch/users/h61084/codes/adaptime/outputs/adaptime/eval_extractions/ridge/univariate/Coastal_T_S/H/short/run_0 launch_id=selena_adaptime_3241621 slurm_job_id=3241621 launched_at=2026-09-09T11:30:52.951477+00:00
/fslarge/scratch/users/h61084/codes/adaptime/outputs/adaptime/eval_extractions/ridge/univariate/Coastal_T_S/H/short/run_0/extraction/manifest.json
TIME run allocation action=new run=/fslarge/scratch/users/h61084/codes/adaptime/outputs/adaptime/eval_extractions/ridge/univariate/Coastal_T_S/H/medium/run_0 launch_id=selena_adaptime_3241621 slurm_job_id=3241621 launched_at=2026-09-09T11:30:52.998622+00:00
/fslarge/scratch/users/h61084/codes/adaptime/outputs/adaptime/eval_extractions/ridge/univariate/Coastal_T_S/H/medium/run_0/extraction/manifest.json
TIME run allocation action=new run=/fslarge/scratch/users/h61084/codes/adaptime/outputs/adaptime/eval_extractions/ridge/univariate/Coastal_T_S/H/long/run_0 launch_id=selena_adaptime_3241621 slurm_job_id=3241621 launched_at=2026-09-09T11:30:53.046037+00:00
/fslarge/scratch/users/h61084/codes/adaptime/outputs/adaptime/eval_extractions/ridge/univariate/Coastal_T_S/H/long/run_0/extraction/manifest.json
TIME run allocation action=new run=/fslarge/scratch/users/h61084/codes/adaptime/outputs/adaptime/eval_extractions/ridge/univariate/SG_Weather/D/short/run_0 launch_id=selena_adaptime_3241621 slurm_job_id=3241621 launched_at=2026-09-09T11:30:53.093408+00:00
/fslarge/scratch/users/h61084/codes/adaptime/outputs/adaptime/eval_extractions/ridge/univariate/SG_Weather/D/short/run_0/extraction/manifest.json
TIME run allocation action=new run=/fslarge/scratch/users/h61084/codes/adaptime/outputs/adaptime/eval_extractions/ridge/univariate/SG_Weather/D/medium/run_0 launch_id=selena_adaptime_3241621 slurm_job_id=3241621 launched_at=2026-09-09T11:30:53.138720+00:00
/fslarge/scratch/users/h61084/codes/adaptime/outputs/adaptime/eval_extractions/ridge/univariate/SG_Weather/D/medium/run_0/extraction/manifest.json
TIME run allocation action=new run=/fslarge/scratch/users/h61084/codes/adaptime/outputs/adaptime/eval_extractions/ridge/univariate/SG_Weather/D/long/run_0 launch_id=selena_adaptime_3241621 slurm_job_id=3241621 launched_at=2026-09-09T11:30:53.183438+00:00
/fslarge/scratch/users/h61084/codes/adaptime/outputs/adaptime/eval_extractions/ridge/univariate/SG_Weather/D/long/run_0/extraction/manifest.json
TIME run allocation action=new run=/fslarge/scratch/users/h61084/codes/adaptime/outputs/adaptime/eval_extractions/ridge/univariate/SG_PM25/H/short/run_0 launch_id=selena_adaptime_3241621 slurm_job_id=3241621 launched_at=2026-09-09T11:30:53.228782+00:00
/fslarge/scratch/users/h61084/codes/adaptime/outputs/adaptime/eval_extractions/ridge/univariate/SG_PM25/H/short/run_0/extraction/manifest.json
TIME run allocation action=new run=/fslarge/scratch/users/h61084/codes/adaptime/outputs/adaptime/eval_extractions/ridge/univariate/SG_PM25/H/medium/run_0 launch_id=selena_adaptime_3241621 slurm_job_id=3241621 launched_at=2026-09-09T11:30:53.274739+00:00
/fslarge/scratch/users/h61084/codes/adaptime/outputs/adaptime/eval_extractions/ridge/univariate/SG_PM25/H/medium/run_0/extraction/manifest.json
TIME run allocation action=new run=/fslarge/scratch/users/h61084/codes/adaptime/outputs/adaptime/eval_extractions/ridge/univariate/SG_PM25/H/long/run_0 launch_id=selena_adaptime_3241621 slurm_job_id=3241621 launched_at=2026-09-09T11:31:15.267719+00:00
/fslarge/scratch/users/h61084/codes/adaptime/outputs/adaptime/eval_extractions/ridge/univariate/SG_PM25/H/long/run_0/extraction/manifest.json
TIME run allocation action=new run=/fslarge/scratch/users/h61084/codes/adaptime/outputs/adaptime/eval_extractions/ridge/univariate/NE_China_Wind/H/short/run_0 launch_id=selena_adaptime_3241621 slurm_job_id=3241621 launched_at=2026-09-09T11:31:27.174994+00:00
/fslarge/scratch/users/h61084/codes/adaptime/outputs/adaptime/eval_extractions/ridge/univariate/NE_China_Wind/H/short/run_0/extraction/manifest.json
TIME run allocation action=new run=/fslarge/scratch/users/h61084/codes/adaptime/outputs/adaptime/eval_extractions/ridge/univariate/NE_China_Wind/H/medium/run_0 launch_id=selena_adaptime_3241621 slurm_job_id=3241621 launched_at=2026-09-09T11:31:27.238702+00:00
/fslarge/scratch/users/h61084/codes/adaptime/outputs/adaptime/eval_extractions/ridge/univariate/NE_China_Wind/H/medium/run_0/extraction/manifest.json
TIME run allocation action=new run=/fslarge/scratch/users/h61084/codes/adaptime/outputs/adaptime/eval_extractions/ridge/univariate/NE_China_Wind/H/long/run_0 launch_id=selena_adaptime_3241621 slurm_job_id=3241621 launched_at=2026-09-09T11:31:27.285566+00:00
/fslarge/scratch/users/h61084/codes/adaptime/outputs/adaptime/eval_extractions/ridge/univariate/NE_China_Wind/H/long/run_0/extraction/manifest.json
TIME run allocation action=new run=/fslarge/scratch/users/h61084/codes/adaptime/outputs/adaptime/eval_extractions/ridge/univariate/Australia_Solar/H/short/run_0 launch_id=selena_adaptime_3241621 slurm_job_id=3241621 launched_at=2026-09-09T11:31:27.332574+00:00
/fslarge/scratch/users/h61084/codes/adaptime/outputs/adaptime/eval_extractions/ridge/univariate/Australia_Solar/H/short/run_0/extraction/manifest.json
TIME run allocation action=new run=/fslarge/scratch/users/h61084/codes/adaptime/outputs/adaptime/eval_extractions/ridge/univariate/Australia_Solar/H/medium/run_0 launch_id=selena_adaptime_3241621 slurm_job_id=3241621 launched_at=2026-09-09T11:31:27.377112+00:00
/fslarge/scratch/users/h61084/codes/adaptime/outputs/adaptime/eval_extractions/ridge/univariate/Australia_Solar/H/medium/run_0/extraction/manifest.json
TIME run allocation action=new run=/fslarge/scratch/users/h61084/codes/adaptime/outputs/adaptime/eval_extractions/ridge/univariate/Australia_Solar/H/long/run_0 launch_id=selena_adaptime_3241621 slurm_job_id=3241621 launched_at=2026-09-09T11:31:27.423778+00:00
/fslarge/scratch/users/h61084/codes/adaptime/outputs/adaptime/eval_extractions/ridge/univariate/Australia_Solar/H/long/run_0/extraction/manifest.json
TIME run allocation action=new run=/fslarge/scratch/users/h61084/codes/adaptime/outputs/adaptime/eval_extractions/ridge/univariate/epf_electricity_price/H/short/run_0 launch_id=selena_adaptime_3241621 slurm_job_id=3241621 launched_at=2026-09-09T11:31:27.471430+00:00
/fslarge/scratch/users/h61084/codes/adaptime/outputs/adaptime/eval_extractions/ridge/univariate/epf_electricity_price/H/short/run_0/extraction/manifest.json
TIME run allocation action=new run=/fslarge/scratch/users/h61084/codes/adaptime/outputs/adaptime/eval_extractions/ridge/univariate/epf_electricity_price/H/medium/run_0 launch_id=selena_adaptime_3241621 slurm_job_id=3241621 launched_at=2026-09-09T11:31:34.756226+00:00
/fslarge/scratch/users/h61084/codes/adaptime/outputs/adaptime/eval_extractions/ridge/univariate/epf_electricity_price/H/medium/run_0/extraction/manifest.json
TIME run allocation action=new run=/fslarge/scratch/users/h61084/codes/adaptime/outputs/adaptime/eval_extractions/ridge/univariate/epf_electricity_price/H/long/run_0 launch_id=selena_adaptime_3241621 slurm_job_id=3241621 launched_at=2026-09-09T11:31:47.385758+00:00
/fslarge/scratch/users/h61084/codes/adaptime/outputs/adaptime/eval_extractions/ridge/univariate/epf_electricity_price/H/long/run_0/extraction/manifest.json
TIME run allocation action=new run=/fslarge/scratch/users/h61084/codes/adaptime/outputs/adaptime/eval_extractions/ridge/univariate/OpenElectricity_NEM/5T/short/run_0 launch_id=selena_adaptime_3241621 slurm_job_id=3241621 launched_at=2026-09-09T11:31:58.872627+00:00
/fslarge/scratch/users/h61084/codes/adaptime/outputs/adaptime/eval_extractions/ridge/univariate/OpenElectricity_NEM/5T/short/run_0/extraction/manifest.json
TIME run allocation action=new run=/fslarge/scratch/users/h61084/codes/adaptime/outputs/adaptime/eval_extractions/ridge/univariate/OpenElectricity_NEM/5T/medium/run_0 launch_id=selena_adaptime_3241621 slurm_job_id=3241621 launched_at=2026-09-09T11:31:58.925836+00:00
/fslarge/scratch/users/h61084/codes/adaptime/outputs/adaptime/eval_extractions/ridge/univariate/OpenElectricity_NEM/5T/medium/run_0/extraction/manifest.json
TIME run allocation action=new run=/fslarge/scratch/users/h61084/codes/adaptime/outputs/adaptime/eval_extractions/ridge/univariate/OpenElectricity_NEM/5T/long/run_0 launch_id=selena_adaptime_3241621 slurm_job_id=3241621 launched_at=2026-09-09T11:32:33.569997+00:00
/fslarge/scratch/users/h61084/codes/adaptime/outputs/adaptime/eval_extractions/ridge/univariate/OpenElectricity_NEM/5T/long/run_0/extraction/manifest.json
TIME run allocation action=new run=/fslarge/scratch/users/h61084/codes/adaptime/outputs/adaptime/eval_extractions/ridge/univariate/EWELD_Load/15T/short/run_0 launch_id=selena_adaptime_3241621 slurm_job_id=3241621 launched_at=2026-09-09T11:32:49.625484+00:00
/fslarge/scratch/users/h61084/codes/adaptime/outputs/adaptime/eval_extractions/ridge/univariate/EWELD_Load/15T/short/run_0/extraction/manifest.json
TIME run allocation action=new run=/fslarge/scratch/users/h61084/codes/adaptime/outputs/adaptime/eval_extractions/ridge/univariate/EWELD_Load/15T/medium/run_0 launch_id=selena_adaptime_3241621 slurm_job_id=3241621 launched_at=2026-09-09T11:32:49.677641+00:00
/fslarge/scratch/users/h61084/codes/adaptime/outputs/adaptime/eval_extractions/ridge/univariate/EWELD_Load/15T/medium/run_0/extraction/manifest.json
TIME run allocation action=new run=/fslarge/scratch/users/h61084/codes/adaptime/outputs/adaptime/eval_extractions/ridge/univariate/EWELD_Load/15T/long/run_0 launch_id=selena_adaptime_3241621 slurm_job_id=3241621 launched_at=2026-09-09T11:32:53.394824+00:00
/fslarge/scratch/users/h61084/codes/adaptime/outputs/adaptime/eval_extractions/ridge/univariate/EWELD_Load/15T/long/run_0/extraction/manifest.json
TIME run allocation action=new run=/fslarge/scratch/users/h61084/codes/adaptime/outputs/adaptime/eval_extractions/ridge/univariate/SG_Carpark/15T/short/run_0 launch_id=selena_adaptime_3241621 slurm_job_id=3241621 launched_at=2026-09-09T11:32:54.579995+00:00
/fslarge/scratch/users/h61084/codes/adaptime/outputs/adaptime/eval_extractions/ridge/univariate/SG_Carpark/15T/short/run_0/extraction/manifest.json
TIME run allocation action=new run=/fslarge/scratch/users/h61084/codes/adaptime/outputs/adaptime/eval_extractions/ridge/univariate/SG_Carpark/15T/medium/run_0 launch_id=selena_adaptime_3241621 slurm_job_id=3241621 launched_at=2026-09-09T11:32:54.629381+00:00
/fslarge/scratch/users/h61084/codes/adaptime/outputs/adaptime/eval_extractions/ridge/univariate/SG_Carpark/15T/medium/run_0/extraction/manifest.json
TIME run allocation action=new run=/fslarge/scratch/users/h61084/codes/adaptime/outputs/adaptime/eval_extractions/ridge/univariate/SG_Carpark/15T/long/run_0 launch_id=selena_adaptime_3241621 slurm_job_id=3241621 launched_at=2026-09-09T11:32:54.675115+00:00
/fslarge/scratch/users/h61084/codes/adaptime/outputs/adaptime/eval_extractions/ridge/univariate/SG_Carpark/15T/long/run_0/extraction/manifest.json
TIME run allocation action=new run=/fslarge/scratch/users/h61084/codes/adaptime/outputs/adaptime/eval_extractions/ridge/univariate/Finland_Traffic/15T/short/run_0 launch_id=selena_adaptime_3241621 slurm_job_id=3241621 launched_at=2026-09-09T11:32:54.722154+00:00
/fslarge/scratch/users/h61084/codes/adaptime/outputs/adaptime/eval_extractions/ridge/univariate/Finland_Traffic/15T/short/run_0/extraction/manifest.json
TIME run allocation action=new run=/fslarge/scratch/users/h61084/codes/adaptime/outputs/adaptime/eval_extractions/ridge/univariate/Finland_Traffic/15T/medium/run_0 launch_id=selena_adaptime_3241621 slurm_job_id=3241621 launched_at=2026-09-09T11:32:54.767560+00:00
/fslarge/scratch/users/h61084/codes/adaptime/outputs/adaptime/eval_extractions/ridge/univariate/Finland_Traffic/15T/medium/run_0/extraction/manifest.json
TIME run allocation action=new run=/fslarge/scratch/users/h61084/codes/adaptime/outputs/adaptime/eval_extractions/ridge/univariate/Finland_Traffic/15T/long/run_0 launch_id=selena_adaptime_3241621 slurm_job_id=3241621 launched_at=2026-09-09T11:32:56.778675+00:00
/fslarge/scratch/users/h61084/codes/adaptime/outputs/adaptime/eval_extractions/ridge/univariate/Finland_Traffic/15T/long/run_0/extraction/manifest.json
TIME run allocation action=new run=/fslarge/scratch/users/h61084/codes/adaptime/outputs/adaptime/eval_extractions/ridge/univariate/Port_Activity/D/short/run_0 launch_id=selena_adaptime_3241621 slurm_job_id=3241621 launched_at=2026-09-09T11:32:57.502543+00:00
/fslarge/scratch/users/h61084/codes/adaptime/outputs/adaptime/eval_extractions/ridge/univariate/Port_Activity/D/short/run_0/extraction/manifest.json
TIME run allocation action=new run=/fslarge/scratch/users/h61084/codes/adaptime/outputs/adaptime/eval_extractions/ridge/univariate/Port_Activity/W/short/run_0 launch_id=selena_adaptime_3241621 slurm_job_id=3241621 launched_at=2026-09-09T11:32:57.548417+00:00
/fslarge/scratch/users/h61084/codes/adaptime/outputs/adaptime/eval_extractions/ridge/univariate/Port_Activity/W/short/run_0/extraction/manifest.json
TIME run allocation action=new run=/fslarge/scratch/users/h61084/codes/adaptime/outputs/adaptime/eval_extractions/ridge/univariate/ECDC_COVID/D/short/run_0 launch_id=selena_adaptime_3241621 slurm_job_id=3241621 launched_at=2026-09-09T11:32:57.595126+00:00
/fslarge/scratch/users/h61084/codes/adaptime/outputs/adaptime/eval_extractions/ridge/univariate/ECDC_COVID/D/short/run_0/extraction/manifest.json
TIME run allocation action=new run=/fslarge/scratch/users/h61084/codes/adaptime/outputs/adaptime/eval_extractions/ridge/univariate/ECDC_COVID/W/short/run_0 launch_id=selena_adaptime_3241621 slurm_job_id=3241621 launched_at=2026-09-09T11:32:57.641249+00:00
/fslarge/scratch/users/h61084/codes/adaptime/outputs/adaptime/eval_extractions/ridge/univariate/ECDC_COVID/W/short/run_0/extraction/manifest.json
TIME run allocation action=new run=/fslarge/scratch/users/h61084/codes/adaptime/outputs/adaptime/eval_extractions/ridge/univariate/Global_Influenza/W/short/run_0 launch_id=selena_adaptime_3241621 slurm_job_id=3241621 launched_at=2026-09-09T11:32:57.689713+00:00
/fslarge/scratch/users/h61084/codes/adaptime/outputs/adaptime/eval_extractions/ridge/univariate/Global_Influenza/W/short/run_0/extraction/manifest.json
TIME run allocation action=new run=/fslarge/scratch/users/h61084/codes/adaptime/outputs/adaptime/eval_extractions/ridge/univariate/Crypto/D/short/run_0 launch_id=selena_adaptime_3241621 slurm_job_id=3241621 launched_at=2026-09-09T11:32:57.737983+00:00
/fslarge/scratch/users/h61084/codes/adaptime/outputs/adaptime/eval_extractions/ridge/univariate/Crypto/D/short/run_0/extraction/manifest.json
TIME run allocation action=new run=/fslarge/scratch/users/h61084/codes/adaptime/outputs/adaptime/eval_extractions/ridge/univariate/US_Term_Structure/B/short/run_0 launch_id=selena_adaptime_3241621 slurm_job_id=3241621 launched_at=2026-09-09T11:32:57.784660+00:00
/fslarge/scratch/users/h61084/codes/adaptime/outputs/adaptime/eval_extractions/ridge/univariate/US_Term_Structure/B/short/run_0/extraction/manifest.json
TIME run allocation action=new run=/fslarge/scratch/users/h61084/codes/adaptime/outputs/adaptime/eval_extractions/ridge/univariate/Oil_Price/B/short/run_0 launch_id=selena_adaptime_3241621 slurm_job_id=3241621 launched_at=2026-09-09T11:32:57.831054+00:00
/fslarge/scratch/users/h61084/codes/adaptime/outputs/adaptime/eval_extractions/ridge/univariate/Oil_Price/B/short/run_0/extraction/manifest.json
TIME run allocation action=new run=/fslarge/scratch/users/h61084/codes/adaptime/outputs/adaptime/eval_extractions/ridge/univariate/Job_Claims/W/short/run_0 launch_id=selena_adaptime_3241621 slurm_job_id=3241621 launched_at=2026-09-09T11:32:57.878680+00:00
/fslarge/scratch/users/h61084/codes/adaptime/outputs/adaptime/eval_extractions/ridge/univariate/Job_Claims/W/short/run_0/extraction/manifest.json
TIME run allocation action=new run=/fslarge/scratch/users/h61084/codes/adaptime/outputs/adaptime/eval_extractions/ridge/univariate/Uncertainty_1M/M/short/run_0 launch_id=selena_adaptime_3241621 slurm_job_id=3241621 launched_at=2026-09-09T11:32:57.924964+00:00
/fslarge/scratch/users/h61084/codes/adaptime/outputs/adaptime/eval_extractions/ridge/univariate/Uncertainty_1M/M/short/run_0/extraction/manifest.json
TIME run allocation action=new run=/fslarge/scratch/users/h61084/codes/adaptime/outputs/adaptime/eval_extractions/ridge/univariate/Housing_Inventory/M/short/run_0 launch_id=selena_adaptime_3241621 slurm_job_id=3241621 launched_at=2026-09-09T11:32:57.971836+00:00
/fslarge/scratch/users/h61084/codes/adaptime/outputs/adaptime/eval_extractions/ridge/univariate/Housing_Inventory/M/short/run_0/extraction/manifest.json
TIME run allocation action=new run=/fslarge/scratch/users/h61084/codes/adaptime/outputs/adaptime/eval_extractions/ridge/univariate/JOLTS/M/short/run_0 launch_id=selena_adaptime_3241621 slurm_job_id=3241621 launched_at=2026-09-09T11:32:58.018391+00:00
/fslarge/scratch/users/h61084/codes/adaptime/outputs/adaptime/eval_extractions/ridge/univariate/JOLTS/M/short/run_0/extraction/manifest.json
TIME run allocation action=new run=/fslarge/scratch/users/h61084/codes/adaptime/outputs/adaptime/eval_extractions/ridge/univariate/US_Labor/M/short/run_0 launch_id=selena_adaptime_3241621 slurm_job_id=3241621 launched_at=2026-09-09T11:32:58.064087+00:00
/fslarge/scratch/users/h61084/codes/adaptime/outputs/adaptime/eval_extractions/ridge/univariate/US_Labor/M/short/run_0/extraction/manifest.json
TIME run allocation action=new run=/fslarge/scratch/users/h61084/codes/adaptime/outputs/adaptime/eval_extractions/ridge/univariate/Vehicle_Supply/M/short/run_0 launch_id=selena_adaptime_3241621 slurm_job_id=3241621 launched_at=2026-09-09T11:32:58.110831+00:00
/fslarge/scratch/users/h61084/codes/adaptime/outputs/adaptime/eval_extractions/ridge/univariate/Vehicle_Supply/M/short/run_0/extraction/manifest.json
TIME run allocation action=new run=/fslarge/scratch/users/h61084/codes/adaptime/outputs/adaptime/eval_extractions/ridge/univariate/Auto_Production_SF/M/short/run_0 launch_id=selena_adaptime_3241621 slurm_job_id=3241621 launched_at=2026-09-09T11:32:58.157771+00:00
/fslarge/scratch/users/h61084/codes/adaptime/outputs/adaptime/eval_extractions/ridge/univariate/Auto_Production_SF/M/short/run_0/extraction/manifest.json
TIME run allocation action=new run=/fslarge/scratch/users/h61084/codes/adaptime/outputs/adaptime/eval_extractions/ridge/univariate/Commodity_Production/M/short/run_0 launch_id=selena_adaptime_3241621 slurm_job_id=3241621 launched_at=2026-09-09T11:32:58.204754+00:00
/fslarge/scratch/users/h61084/codes/adaptime/outputs/adaptime/eval_extractions/ridge/univariate/Commodity_Production/M/short/run_0/extraction/manifest.json
TIME run allocation action=new run=/fslarge/scratch/users/h61084/codes/adaptime/outputs/adaptime/eval_extractions/ridge/univariate/Commodity_Import/M/short/run_0 launch_id=selena_adaptime_3241621 slurm_job_id=3241621 launched_at=2026-09-09T11:32:58.250906+00:00
/fslarge/scratch/users/h61084/codes/adaptime/outputs/adaptime/eval_extractions/ridge/univariate/Commodity_Import/M/short/run_0/extraction/manifest.json
TIME run allocation action=new run=/fslarge/scratch/users/h61084/codes/adaptime/outputs/adaptime/eval_extractions/ridge/univariate/WUI_Global/Q/short/run_0 launch_id=selena_adaptime_3241621 slurm_job_id=3241621 launched_at=2026-09-09T11:32:58.296510+00:00
/fslarge/scratch/users/h61084/codes/adaptime/outputs/adaptime/eval_extractions/ridge/univariate/WUI_Global/Q/short/run_0/extraction/manifest.json
TIME run allocation action=new run=/fslarge/scratch/users/h61084/codes/adaptime/outputs/adaptime/eval_extractions/ridge/univariate/Global_Price/Q/short/run_0 launch_id=selena_adaptime_3241621 slurm_job_id=3241621 launched_at=2026-09-09T11:32:58.344250+00:00
/fslarge/scratch/users/h61084/codes/adaptime/outputs/adaptime/eval_extractions/ridge/univariate/Global_Price/Q/short/run_0/extraction/manifest.json
TIME run allocation action=new run=/fslarge/scratch/users/h61084/codes/adaptime/outputs/adaptime/eval_extractions/ridge/univariate/Vehicle_Sales/M/short/run_0 launch_id=selena_adaptime_3241621 slurm_job_id=3241621 launched_at=2026-09-09T11:32:58.392836+00:00
/fslarge/scratch/users/h61084/codes/adaptime/outputs/adaptime/eval_extractions/ridge/univariate/Vehicle_Sales/M/short/run_0/extraction/manifest.json
TIME run allocation action=new run=/fslarge/scratch/users/h61084/codes/adaptime/outputs/adaptime/eval_extractions/ridge/univariate/Online_Retail_2_UCI/D/short/run_0 launch_id=selena_adaptime_3241621 slurm_job_id=3241621 launched_at=2026-09-09T11:32:58.440134+00:00
/fslarge/scratch/users/h61084/codes/adaptime/outputs/adaptime/eval_extractions/ridge/univariate/Online_Retail_2_UCI/D/short/run_0/extraction/manifest.json
TIME run allocation action=new run=/fslarge/scratch/users/h61084/codes/adaptime/outputs/adaptime/eval_extractions/ridge/univariate/Supply_Chain_Customer/D/short/run_0 launch_id=selena_adaptime_3241621 slurm_job_id=3241621 launched_at=2026-09-09T11:32:58.487621+00:00
/fslarge/scratch/users/h61084/codes/adaptime/outputs/adaptime/eval_extractions/ridge/univariate/Supply_Chain_Customer/D/short/run_0/extraction/manifest.json
TIME run allocation action=new run=/fslarge/scratch/users/h61084/codes/adaptime/outputs/adaptime/eval_extractions/ridge/univariate/Supply_Chain_Location/D/short/run_0 launch_id=selena_adaptime_3241621 slurm_job_id=3241621 launched_at=2026-09-09T11:32:58.534835+00:00
/fslarge/scratch/users/h61084/codes/adaptime/outputs/adaptime/eval_extractions/ridge/univariate/Supply_Chain_Location/D/short/run_0/extraction/manifest.json
TIME run allocation action=new run=/fslarge/scratch/users/h61084/codes/adaptime/outputs/adaptime/eval_extractions/ridge/univariate/azure2019_D/5T/short/run_0 launch_id=selena_adaptime_3241621 slurm_job_id=3241621 launched_at=2026-09-09T11:32:58.582059+00:00
/fslarge/scratch/users/h61084/codes/adaptime/outputs/adaptime/eval_extractions/ridge/univariate/azure2019_D/5T/short/run_0/extraction/manifest.json
TIME run allocation action=new run=/fslarge/scratch/users/h61084/codes/adaptime/outputs/adaptime/eval_extractions/ridge/univariate/azure2019_I/5T/short/run_0 launch_id=selena_adaptime_3241621 slurm_job_id=3241621 launched_at=2026-09-09T11:32:58.630959+00:00
/fslarge/scratch/users/h61084/codes/adaptime/outputs/adaptime/eval_extractions/ridge/univariate/azure2019_I/5T/short/run_0/extraction/manifest.json
TIME run allocation action=new run=/fslarge/scratch/users/h61084/codes/adaptime/outputs/adaptime/eval_extractions/ridge/univariate/azure2019_U/5T/short/run_0 launch_id=selena_adaptime_3241621 slurm_job_id=3241621 launched_at=2026-09-09T11:32:58.680355+00:00
/fslarge/scratch/users/h61084/codes/adaptime/outputs/adaptime/eval_extractions/ridge/univariate/azure2019_U/5T/short/run_0/extraction/manifest.json
TIME run allocation action=new run=/fslarge/scratch/users/h61084/codes/adaptime/outputs/adaptime/eval_extractions/ridge/univariate/Smart_Manufacturing/H/short/run_0 launch_id=selena_adaptime_3241621 slurm_job_id=3241621 launched_at=2026-09-09T11:32:58.728667+00:00
/fslarge/scratch/users/h61084/codes/adaptime/outputs/adaptime/eval_extractions/ridge/univariate/Smart_Manufacturing/H/short/run_0/extraction/manifest.json
TIME run allocation action=new run=/fslarge/scratch/users/h61084/codes/adaptime/outputs/adaptime/eval_extractions/ridge/univariate/Smart_Manufacturing/H/medium/run_0 launch_id=selena_adaptime_3241621 slurm_job_id=3241621 launched_at=2026-09-09T11:32:58.774136+00:00
/fslarge/scratch/users/h61084/codes/adaptime/outputs/adaptime/eval_extractions/ridge/univariate/Smart_Manufacturing/H/medium/run_0/extraction/manifest.json
TIME run allocation action=new run=/fslarge/scratch/users/h61084/codes/adaptime/outputs/adaptime/eval_extractions/ridge/univariate/Smart_Manufacturing/H/long/run_0 launch_id=selena_adaptime_3241621 slurm_job_id=3241621 launched_at=2026-09-09T11:32:58.818205+00:00
/fslarge/scratch/users/h61084/codes/adaptime/outputs/adaptime/eval_extractions/ridge/univariate/Smart_Manufacturing/H/long/run_0/extraction/manifest.json
TIME run allocation action=new run=/fslarge/scratch/users/h61084/codes/adaptime/outputs/adaptime/eval_extractions/ridge/univariate/MetroPT-3/5T/short/run_0 launch_id=selena_adaptime_3241621 slurm_job_id=3241621 launched_at=2026-09-09T11:32:58.864920+00:00
/fslarge/scratch/users/h61084/codes/adaptime/outputs/adaptime/eval_extractions/ridge/univariate/MetroPT-3/5T/short/run_0/extraction/manifest.json
TIME run allocation action=new run=/fslarge/scratch/users/h61084/codes/adaptime/outputs/adaptime/eval_extractions/ridge/univariate/MetroPT-3/5T/medium/run_0 launch_id=selena_adaptime_3241621 slurm_job_id=3241621 launched_at=2026-09-09T11:32:58.909228+00:00
/fslarge/scratch/users/h61084/codes/adaptime/outputs/adaptime/eval_extractions/ridge/univariate/MetroPT-3/5T/medium/run_0/extraction/manifest.json
TIME run allocation action=new run=/fslarge/scratch/users/h61084/codes/adaptime/outputs/adaptime/eval_extractions/ridge/univariate/MetroPT-3/5T/long/run_0 launch_id=selena_adaptime_3241621 slurm_job_id=3241621 launched_at=2026-09-09T11:32:58.955177+00:00
/fslarge/scratch/users/h61084/codes/adaptime/outputs/adaptime/eval_extractions/ridge/univariate/MetroPT-3/5T/long/run_0/extraction/manifest.json
TIME run allocation action=new run=/fslarge/scratch/users/h61084/codes/adaptime/outputs/adaptime/predictions/ridge/univariate/Water_Quality_Darwin/15T/short/run_0 launch_id=selena_adaptime_3241621 slurm_job_id=3241621 launched_at=2026-09-09T11:32:59.016643+00:00
/fslarge/scratch/users/h61084/codes/adaptime/outputs/adaptime/predictions/ridge/univariate/Water_Quality_Darwin/15T/short/run_0/prediction/prediction_manifest.json
TIME run allocation action=new run=/fslarge/scratch/users/h61084/codes/adaptime/outputs/adaptime/predictions/ridge/univariate/Water_Quality_Darwin/15T/medium/run_0 launch_id=selena_adaptime_3241621 slurm_job_id=3241621 launched_at=2026-09-09T11:32:59.095105+00:00
/fslarge/scratch/users/h61084/codes/adaptime/outputs/adaptime/predictions/ridge/univariate/Water_Quality_Darwin/15T/medium/run_0/prediction/prediction_manifest.json
TIME run allocation action=new run=/fslarge/scratch/users/h61084/codes/adaptime/outputs/adaptime/predictions/ridge/univariate/Water_Quality_Darwin/15T/long/run_0 launch_id=selena_adaptime_3241621 slurm_job_id=3241621 launched_at=2026-09-09T11:32:59.704212+00:00
/fslarge/scratch/users/h61084/codes/adaptime/outputs/adaptime/predictions/ridge/univariate/Water_Quality_Darwin/15T/long/run_0/prediction/prediction_manifest.json
TIME run allocation action=new run=/fslarge/scratch/users/h61084/codes/adaptime/outputs/adaptime/predictions/ridge/univariate/current_velocity/5T/short/run_0 launch_id=selena_adaptime_3241621 slurm_job_id=3241621 launched_at=2026-09-09T11:33:00.156660+00:00
/fslarge/scratch/users/h61084/codes/adaptime/outputs/adaptime/predictions/ridge/univariate/current_velocity/5T/short/run_0/prediction/prediction_manifest.json
TIME run allocation action=new run=/fslarge/scratch/users/h61084/codes/adaptime/outputs/adaptime/predictions/ridge/univariate/current_velocity/5T/medium/run_0 launch_id=selena_adaptime_3241621 slurm_job_id=3241621 launched_at=2026-09-09T11:33:00.233360+00:00
/fslarge/scratch/users/h61084/codes/adaptime/outputs/adaptime/predictions/ridge/univariate/current_velocity/5T/medium/run_0/prediction/prediction_manifest.json
TIME run allocation action=new run=/fslarge/scratch/users/h61084/codes/adaptime/outputs/adaptime/predictions/ridge/univariate/current_velocity/5T/long/run_0 launch_id=selena_adaptime_3241621 slurm_job_id=3241621 launched_at=2026-09-09T11:33:00.382469+00:00
/fslarge/scratch/users/h61084/codes/adaptime/outputs/adaptime/predictions/ridge/univariate/current_velocity/5T/long/run_0/prediction/prediction_manifest.json
TIME run allocation action=new run=/fslarge/scratch/users/h61084/codes/adaptime/outputs/adaptime/predictions/ridge/univariate/current_velocity/10T/short/run_0 launch_id=selena_adaptime_3241621 slurm_job_id=3241621 launched_at=2026-09-09T11:33:00.501949+00:00
/fslarge/scratch/users/h61084/codes/adaptime/outputs/adaptime/predictions/ridge/univariate/current_velocity/10T/short/run_0/prediction/prediction_manifest.json
TIME run allocation action=new run=/fslarge/scratch/users/h61084/codes/adaptime/outputs/adaptime/predictions/ridge/univariate/current_velocity/10T/medium/run_0 launch_id=selena_adaptime_3241621 slurm_job_id=3241621 launched_at=2026-09-09T11:33:00.589157+00:00
/fslarge/scratch/users/h61084/codes/adaptime/outputs/adaptime/predictions/ridge/univariate/current_velocity/10T/medium/run_0/prediction/prediction_manifest.json
TIME run allocation action=new run=/fslarge/scratch/users/h61084/codes/adaptime/outputs/adaptime/predictions/ridge/univariate/current_velocity/10T/long/run_0 launch_id=selena_adaptime_3241621 slurm_job_id=3241621 launched_at=2026-09-09T11:33:01.149697+00:00
/fslarge/scratch/users/h61084/codes/adaptime/outputs/adaptime/predictions/ridge/univariate/current_velocity/10T/long/run_0/prediction/prediction_manifest.json
TIME run allocation action=new run=/fslarge/scratch/users/h61084/codes/adaptime/outputs/adaptime/predictions/ridge/univariate/current_velocity/15T/short/run_0 launch_id=selena_adaptime_3241621 slurm_job_id=3241621 launched_at=2026-09-09T11:33:02.032116+00:00
/fslarge/scratch/users/h61084/codes/adaptime/outputs/adaptime/predictions/ridge/univariate/current_velocity/15T/short/run_0/prediction/prediction_manifest.json
TIME run allocation action=new run=/fslarge/scratch/users/h61084/codes/adaptime/outputs/adaptime/predictions/ridge/univariate/current_velocity/15T/medium/run_0 launch_id=selena_adaptime_3241621 slurm_job_id=3241621 launched_at=2026-09-09T11:33:02.108112+00:00
/fslarge/scratch/users/h61084/codes/adaptime/outputs/adaptime/predictions/ridge/univariate/current_velocity/15T/medium/run_0/prediction/prediction_manifest.json
TIME run allocation action=new run=/fslarge/scratch/users/h61084/codes/adaptime/outputs/adaptime/predictions/ridge/univariate/current_velocity/15T/long/run_0 launch_id=selena_adaptime_3241621 slurm_job_id=3241621 launched_at=2026-09-09T11:33:02.302093+00:00
/fslarge/scratch/users/h61084/codes/adaptime/outputs/adaptime/predictions/ridge/univariate/current_velocity/15T/long/run_0/prediction/prediction_manifest.json
TIME run allocation action=new run=/fslarge/scratch/users/h61084/codes/adaptime/outputs/adaptime/predictions/ridge/univariate/current_velocity/20T/short/run_0 launch_id=selena_adaptime_3241621 slurm_job_id=3241621 launched_at=2026-09-09T11:33:02.451689+00:00
/fslarge/scratch/users/h61084/codes/adaptime/outputs/adaptime/predictions/ridge/univariate/current_velocity/20T/short/run_0/prediction/prediction_manifest.json
TIME run allocation action=new run=/fslarge/scratch/users/h61084/codes/adaptime/outputs/adaptime/predictions/ridge/univariate/current_velocity/20T/medium/run_0 launch_id=selena_adaptime_3241621 slurm_job_id=3241621 launched_at=2026-09-09T11:33:02.592532+00:00
/fslarge/scratch/users/h61084/codes/adaptime/outputs/adaptime/predictions/ridge/univariate/current_velocity/20T/medium/run_0/prediction/prediction_manifest.json
TIME run allocation action=new run=/fslarge/scratch/users/h61084/codes/adaptime/outputs/adaptime/predictions/ridge/univariate/current_velocity/20T/long/run_0 launch_id=selena_adaptime_3241621 slurm_job_id=3241621 launched_at=2026-09-09T11:33:02.782035+00:00
/fslarge/scratch/users/h61084/codes/adaptime/outputs/adaptime/predictions/ridge/univariate/current_velocity/20T/long/run_0/prediction/prediction_manifest.json
TIME run allocation action=new run=/fslarge/scratch/users/h61084/codes/adaptime/outputs/adaptime/predictions/ridge/univariate/current_velocity/H/short/run_0 launch_id=selena_adaptime_3241621 slurm_job_id=3241621 launched_at=2026-09-09T11:33:03.066012+00:00
/fslarge/scratch/users/h61084/codes/adaptime/outputs/adaptime/predictions/ridge/univariate/current_velocity/H/short/run_0/prediction/prediction_manifest.json
TIME run allocation action=new run=/fslarge/scratch/users/h61084/codes/adaptime/outputs/adaptime/predictions/ridge/univariate/current_velocity/H/medium/run_0 launch_id=selena_adaptime_3241621 slurm_job_id=3241621 launched_at=2026-09-09T11:33:03.149026+00:00
/fslarge/scratch/users/h61084/codes/adaptime/outputs/adaptime/predictions/ridge/univariate/current_velocity/H/medium/run_0/prediction/prediction_manifest.json
TIME run allocation action=new run=/fslarge/scratch/users/h61084/codes/adaptime/outputs/adaptime/predictions/ridge/univariate/current_velocity/H/long/run_0 launch_id=selena_adaptime_3241621 slurm_job_id=3241621 launched_at=2026-09-09T11:33:03.227318+00:00
/fslarge/scratch/users/h61084/codes/adaptime/outputs/adaptime/predictions/ridge/univariate/current_velocity/H/long/run_0/prediction/prediction_manifest.json
TIME run allocation action=new run=/fslarge/scratch/users/h61084/codes/adaptime/outputs/adaptime/predictions/ridge/univariate/CPHL/15T/short/run_0 launch_id=selena_adaptime_3241621 slurm_job_id=3241621 launched_at=2026-09-09T11:33:03.307094+00:00
/fslarge/scratch/users/h61084/codes/adaptime/outputs/adaptime/predictions/ridge/univariate/CPHL/15T/short/run_0/prediction/prediction_manifest.json
TIME run allocation action=new run=/fslarge/scratch/users/h61084/codes/adaptime/outputs/adaptime/predictions/ridge/univariate/CPHL/15T/medium/run_0 launch_id=selena_adaptime_3241621 slurm_job_id=3241621 launched_at=2026-09-09T11:33:03.378591+00:00
/fslarge/scratch/users/h61084/codes/adaptime/outputs/adaptime/predictions/ridge/univariate/CPHL/15T/medium/run_0/prediction/prediction_manifest.json
TIME run allocation action=new run=/fslarge/scratch/users/h61084/codes/adaptime/outputs/adaptime/predictions/ridge/univariate/CPHL/15T/long/run_0 launch_id=selena_adaptime_3241621 slurm_job_id=3241621 launched_at=2026-09-09T11:33:03.451602+00:00
/fslarge/scratch/users/h61084/codes/adaptime/outputs/adaptime/predictions/ridge/univariate/CPHL/15T/long/run_0/prediction/prediction_manifest.json
TIME run allocation action=new run=/fslarge/scratch/users/h61084/codes/adaptime/outputs/adaptime/predictions/ridge/univariate/CPHL/30T/short/run_0 launch_id=selena_adaptime_3241621 slurm_job_id=3241621 launched_at=2026-09-09T11:33:03.519303+00:00
/fslarge/scratch/users/h61084/codes/adaptime/outputs/adaptime/predictions/ridge/univariate/CPHL/30T/short/run_0/prediction/prediction_manifest.json
TIME run allocation action=new run=/fslarge/scratch/users/h61084/codes/adaptime/outputs/adaptime/predictions/ridge/univariate/CPHL/30T/medium/run_0 launch_id=selena_adaptime_3241621 slurm_job_id=3241621 launched_at=2026-09-09T11:33:03.586415+00:00
/fslarge/scratch/users/h61084/codes/adaptime/outputs/adaptime/predictions/ridge/univariate/CPHL/30T/medium/run_0/prediction/prediction_manifest.json
TIME run allocation action=new run=/fslarge/scratch/users/h61084/codes/adaptime/outputs/adaptime/predictions/ridge/univariate/CPHL/30T/long/run_0 launch_id=selena_adaptime_3241621 slurm_job_id=3241621 launched_at=2026-09-09T11:33:03.656726+00:00
/fslarge/scratch/users/h61084/codes/adaptime/outputs/adaptime/predictions/ridge/univariate/CPHL/30T/long/run_0/prediction/prediction_manifest.json
TIME run allocation action=new run=/fslarge/scratch/users/h61084/codes/adaptime/outputs/adaptime/predictions/ridge/univariate/CPHL/H/short/run_0 launch_id=selena_adaptime_3241621 slurm_job_id=3241621 launched_at=2026-09-09T11:33:03.755082+00:00
/fslarge/scratch/users/h61084/codes/adaptime/outputs/adaptime/predictions/ridge/univariate/CPHL/H/short/run_0/prediction/prediction_manifest.json
TIME run allocation action=new run=/fslarge/scratch/users/h61084/codes/adaptime/outputs/adaptime/predictions/ridge/univariate/CPHL/H/medium/run_0 launch_id=selena_adaptime_3241621 slurm_job_id=3241621 launched_at=2026-09-09T11:33:03.821516+00:00
/fslarge/scratch/users/h61084/codes/adaptime/outputs/adaptime/predictions/ridge/univariate/CPHL/H/medium/run_0/prediction/prediction_manifest.json
TIME run allocation action=new run=/fslarge/scratch/users/h61084/codes/adaptime/outputs/adaptime/predictions/ridge/univariate/CPHL/H/long/run_0 launch_id=selena_adaptime_3241621 slurm_job_id=3241621 launched_at=2026-09-09T11:33:03.889595+00:00
/fslarge/scratch/users/h61084/codes/adaptime/outputs/adaptime/predictions/ridge/univariate/CPHL/H/long/run_0/prediction/prediction_manifest.json
TIME run allocation action=new run=/fslarge/scratch/users/h61084/codes/adaptime/outputs/adaptime/predictions/ridge/univariate/Coastal_T_S/5T/short/run_0 launch_id=selena_adaptime_3241621 slurm_job_id=3241621 launched_at=2026-09-09T11:33:03.956774+00:00
/fslarge/scratch/users/h61084/codes/adaptime/outputs/adaptime/predictions/ridge/univariate/Coastal_T_S/5T/short/run_0/prediction/prediction_manifest.json
TIME run allocation action=new run=/fslarge/scratch/users/h61084/codes/adaptime/outputs/adaptime/predictions/ridge/univariate/Coastal_T_S/5T/medium/run_0 launch_id=selena_adaptime_3241621 slurm_job_id=3241621 launched_at=2026-09-09T11:33:04.591337+00:00
/fslarge/scratch/users/h61084/codes/adaptime/outputs/adaptime/predictions/ridge/univariate/Coastal_T_S/5T/medium/run_0/prediction/prediction_manifest.json
TIME run allocation action=new run=/fslarge/scratch/users/h61084/codes/adaptime/outputs/adaptime/predictions/ridge/univariate/Coastal_T_S/5T/long/run_0 launch_id=selena_adaptime_3241621 slurm_job_id=3241621 launched_at=2026-09-09T11:33:05.694487+00:00
/fslarge/scratch/users/h61084/codes/adaptime/outputs/adaptime/predictions/ridge/univariate/Coastal_T_S/5T/long/run_0/prediction/prediction_manifest.json
TIME run allocation action=new run=/fslarge/scratch/users/h61084/codes/adaptime/outputs/adaptime/predictions/ridge/univariate/Coastal_T_S/15T/short/run_0 launch_id=selena_adaptime_3241621 slurm_job_id=3241621 launched_at=2026-09-09T11:33:05.978192+00:00
/fslarge/scratch/users/h61084/codes/adaptime/outputs/adaptime/predictions/ridge/univariate/Coastal_T_S/15T/short/run_0/prediction/prediction_manifest.json
TIME run allocation action=new run=/fslarge/scratch/users/h61084/codes/adaptime/outputs/adaptime/predictions/ridge/univariate/Coastal_T_S/15T/medium/run_0 launch_id=selena_adaptime_3241621 slurm_job_id=3241621 launched_at=2026-09-09T11:33:06.036088+00:00
/fslarge/scratch/users/h61084/codes/adaptime/outputs/adaptime/predictions/ridge/univariate/Coastal_T_S/15T/medium/run_0/prediction/prediction_manifest.json
TIME run allocation action=new run=/fslarge/scratch/users/h61084/codes/adaptime/outputs/adaptime/predictions/ridge/univariate/Coastal_T_S/15T/long/run_0 launch_id=selena_adaptime_3241621 slurm_job_id=3241621 launched_at=2026-09-09T11:33:06.137312+00:00
/fslarge/scratch/users/h61084/codes/adaptime/outputs/adaptime/predictions/ridge/univariate/Coastal_T_S/15T/long/run_0/prediction/prediction_manifest.json
TIME run allocation action=new run=/fslarge/scratch/users/h61084/codes/adaptime/outputs/adaptime/predictions/ridge/univariate/Coastal_T_S/20T/short/run_0 launch_id=selena_adaptime_3241621 slurm_job_id=3241621 launched_at=2026-09-09T11:33:06.226973+00:00
/fslarge/scratch/users/h61084/codes/adaptime/outputs/adaptime/predictions/ridge/univariate/Coastal_T_S/20T/short/run_0/prediction/prediction_manifest.json
TIME run allocation action=new run=/fslarge/scratch/users/h61084/codes/adaptime/outputs/adaptime/predictions/ridge/univariate/Coastal_T_S/20T/medium/run_0 launch_id=selena_adaptime_3241621 slurm_job_id=3241621 launched_at=2026-09-09T11:33:06.281113+00:00
/fslarge/scratch/users/h61084/codes/adaptime/outputs/adaptime/predictions/ridge/univariate/Coastal_T_S/20T/medium/run_0/prediction/prediction_manifest.json
TIME run allocation action=new run=/fslarge/scratch/users/h61084/codes/adaptime/outputs/adaptime/predictions/ridge/univariate/Coastal_T_S/20T/long/run_0 launch_id=selena_adaptime_3241621 slurm_job_id=3241621 launched_at=2026-09-09T11:33:06.333761+00:00
/fslarge/scratch/users/h61084/codes/adaptime/outputs/adaptime/predictions/ridge/univariate/Coastal_T_S/20T/long/run_0/prediction/prediction_manifest.json
TIME run allocation action=new run=/fslarge/scratch/users/h61084/codes/adaptime/outputs/adaptime/predictions/ridge/univariate/Coastal_T_S/H/short/run_0 launch_id=selena_adaptime_3241621 slurm_job_id=3241621 launched_at=2026-09-09T11:33:06.385008+00:00
/fslarge/scratch/users/h61084/codes/adaptime/outputs/adaptime/predictions/ridge/univariate/Coastal_T_S/H/short/run_0/prediction/prediction_manifest.json
TIME run allocation action=new run=/fslarge/scratch/users/h61084/codes/adaptime/outputs/adaptime/predictions/ridge/univariate/Coastal_T_S/H/medium/run_0 launch_id=selena_adaptime_3241621 slurm_job_id=3241621 launched_at=2026-09-09T11:33:06.444478+00:00
/fslarge/scratch/users/h61084/codes/adaptime/outputs/adaptime/predictions/ridge/univariate/Coastal_T_S/H/medium/run_0/prediction/prediction_manifest.json
TIME run allocation action=new run=/fslarge/scratch/users/h61084/codes/adaptime/outputs/adaptime/predictions/ridge/univariate/Coastal_T_S/H/long/run_0 launch_id=selena_adaptime_3241621 slurm_job_id=3241621 launched_at=2026-09-09T11:33:06.505108+00:00
/fslarge/scratch/users/h61084/codes/adaptime/outputs/adaptime/predictions/ridge/univariate/Coastal_T_S/H/long/run_0/prediction/prediction_manifest.json
TIME run allocation action=new run=/fslarge/scratch/users/h61084/codes/adaptime/outputs/adaptime/predictions/ridge/univariate/SG_Weather/D/short/run_0 launch_id=selena_adaptime_3241621 slurm_job_id=3241621 launched_at=2026-09-09T11:33:06.565838+00:00
/fslarge/scratch/users/h61084/codes/adaptime/outputs/adaptime/predictions/ridge/univariate/SG_Weather/D/short/run_0/prediction/prediction_manifest.json
TIME run allocation action=new run=/fslarge/scratch/users/h61084/codes/adaptime/outputs/adaptime/predictions/ridge/univariate/SG_Weather/D/medium/run_0 launch_id=selena_adaptime_3241621 slurm_job_id=3241621 launched_at=2026-09-09T11:33:06.617659+00:00
/fslarge/scratch/users/h61084/codes/adaptime/outputs/adaptime/predictions/ridge/univariate/SG_Weather/D/medium/run_0/prediction/prediction_manifest.json
TIME run allocation action=new run=/fslarge/scratch/users/h61084/codes/adaptime/outputs/adaptime/predictions/ridge/univariate/SG_Weather/D/long/run_0 launch_id=selena_adaptime_3241621 slurm_job_id=3241621 launched_at=2026-09-09T11:33:06.674575+00:00
/fslarge/scratch/users/h61084/codes/adaptime/outputs/adaptime/predictions/ridge/univariate/SG_Weather/D/long/run_0/prediction/prediction_manifest.json
TIME run allocation action=new run=/fslarge/scratch/users/h61084/codes/adaptime/outputs/adaptime/predictions/ridge/univariate/SG_PM25/H/short/run_0 launch_id=selena_adaptime_3241621 slurm_job_id=3241621 launched_at=2026-09-09T11:33:06.729733+00:00
/fslarge/scratch/users/h61084/codes/adaptime/outputs/adaptime/predictions/ridge/univariate/SG_PM25/H/short/run_0/prediction/prediction_manifest.json
TIME run allocation action=new run=/fslarge/scratch/users/h61084/codes/adaptime/outputs/adaptime/predictions/ridge/univariate/SG_PM25/H/medium/run_0 launch_id=selena_adaptime_3241621 slurm_job_id=3241621 launched_at=2026-09-09T11:33:06.786362+00:00
/fslarge/scratch/users/h61084/codes/adaptime/outputs/adaptime/predictions/ridge/univariate/SG_PM25/H/medium/run_0/prediction/prediction_manifest.json
TIME run allocation action=new run=/fslarge/scratch/users/h61084/codes/adaptime/outputs/adaptime/predictions/ridge/univariate/SG_PM25/H/long/run_0 launch_id=selena_adaptime_3241621 slurm_job_id=3241621 launched_at=2026-09-09T11:33:06.871484+00:00
/fslarge/scratch/users/h61084/codes/adaptime/outputs/adaptime/predictions/ridge/univariate/SG_PM25/H/long/run_0/prediction/prediction_manifest.json
TIME run allocation action=new run=/fslarge/scratch/users/h61084/codes/adaptime/outputs/adaptime/predictions/ridge/univariate/NE_China_Wind/H/short/run_0 launch_id=selena_adaptime_3241621 slurm_job_id=3241621 launched_at=2026-09-09T11:33:06.935624+00:00
/fslarge/scratch/users/h61084/codes/adaptime/outputs/adaptime/predictions/ridge/univariate/NE_China_Wind/H/short/run_0/prediction/prediction_manifest.json
TIME run allocation action=new run=/fslarge/scratch/users/h61084/codes/adaptime/outputs/adaptime/predictions/ridge/univariate/NE_China_Wind/H/medium/run_0 launch_id=selena_adaptime_3241621 slurm_job_id=3241621 launched_at=2026-09-09T11:33:06.986876+00:00
/fslarge/scratch/users/h61084/codes/adaptime/outputs/adaptime/predictions/ridge/univariate/NE_China_Wind/H/medium/run_0/prediction/prediction_manifest.json
TIME run allocation action=new run=/fslarge/scratch/users/h61084/codes/adaptime/outputs/adaptime/predictions/ridge/univariate/NE_China_Wind/H/long/run_0 launch_id=selena_adaptime_3241621 slurm_job_id=3241621 launched_at=2026-09-09T11:33:07.042703+00:00
/fslarge/scratch/users/h61084/codes/adaptime/outputs/adaptime/predictions/ridge/univariate/NE_China_Wind/H/long/run_0/prediction/prediction_manifest.json
TIME run allocation action=new run=/fslarge/scratch/users/h61084/codes/adaptime/outputs/adaptime/predictions/ridge/univariate/Australia_Solar/H/short/run_0 launch_id=selena_adaptime_3241621 slurm_job_id=3241621 launched_at=2026-09-09T11:33:07.094616+00:00
/fslarge/scratch/users/h61084/codes/adaptime/outputs/adaptime/predictions/ridge/univariate/Australia_Solar/H/short/run_0/prediction/prediction_manifest.json
TIME run allocation action=new run=/fslarge/scratch/users/h61084/codes/adaptime/outputs/adaptime/predictions/ridge/univariate/Australia_Solar/H/medium/run_0 launch_id=selena_adaptime_3241621 slurm_job_id=3241621 launched_at=2026-09-09T11:33:07.153914+00:00
/fslarge/scratch/users/h61084/codes/adaptime/outputs/adaptime/predictions/ridge/univariate/Australia_Solar/H/medium/run_0/prediction/prediction_manifest.json
TIME run allocation action=new run=/fslarge/scratch/users/h61084/codes/adaptime/outputs/adaptime/predictions/ridge/univariate/Australia_Solar/H/long/run_0 launch_id=selena_adaptime_3241621 slurm_job_id=3241621 launched_at=2026-09-09T11:33:07.232401+00:00
/fslarge/scratch/users/h61084/codes/adaptime/outputs/adaptime/predictions/ridge/univariate/Australia_Solar/H/long/run_0/prediction/prediction_manifest.json
TIME run allocation action=new run=/fslarge/scratch/users/h61084/codes/adaptime/outputs/adaptime/predictions/ridge/univariate/epf_electricity_price/H/short/run_0 launch_id=selena_adaptime_3241621 slurm_job_id=3241621 launched_at=2026-09-09T11:33:07.309773+00:00
/fslarge/scratch/users/h61084/codes/adaptime/outputs/adaptime/predictions/ridge/univariate/epf_electricity_price/H/short/run_0/prediction/prediction_manifest.json
TIME run allocation action=new run=/fslarge/scratch/users/h61084/codes/adaptime/outputs/adaptime/predictions/ridge/univariate/epf_electricity_price/H/medium/run_0 launch_id=selena_adaptime_3241621 slurm_job_id=3241621 launched_at=2026-09-09T11:33:07.378679+00:00
/fslarge/scratch/users/h61084/codes/adaptime/outputs/adaptime/predictions/ridge/univariate/epf_electricity_price/H/medium/run_0/prediction/prediction_manifest.json
TIME run allocation action=new run=/fslarge/scratch/users/h61084/codes/adaptime/outputs/adaptime/predictions/ridge/univariate/epf_electricity_price/H/long/run_0 launch_id=selena_adaptime_3241621 slurm_job_id=3241621 launched_at=2026-09-09T11:33:07.449927+00:00
/fslarge/scratch/users/h61084/codes/adaptime/outputs/adaptime/predictions/ridge/univariate/epf_electricity_price/H/long/run_0/prediction/prediction_manifest.json
TIME run allocation action=new run=/fslarge/scratch/users/h61084/codes/adaptime/outputs/adaptime/predictions/ridge/univariate/OpenElectricity_NEM/5T/short/run_0 launch_id=selena_adaptime_3241621 slurm_job_id=3241621 launched_at=2026-09-09T11:33:07.527670+00:00
/fslarge/scratch/users/h61084/codes/adaptime/outputs/adaptime/predictions/ridge/univariate/OpenElectricity_NEM/5T/short/run_0/prediction/prediction_manifest.json
TIME run allocation action=new run=/fslarge/scratch/users/h61084/codes/adaptime/outputs/adaptime/predictions/ridge/univariate/OpenElectricity_NEM/5T/medium/run_0 launch_id=selena_adaptime_3241621 slurm_job_id=3241621 launched_at=2026-09-09T11:33:07.585494+00:00
/fslarge/scratch/users/h61084/codes/adaptime/outputs/adaptime/predictions/ridge/univariate/OpenElectricity_NEM/5T/medium/run_0/prediction/prediction_manifest.json
TIME run allocation action=new run=/fslarge/scratch/users/h61084/codes/adaptime/outputs/adaptime/predictions/ridge/univariate/OpenElectricity_NEM/5T/long/run_0 launch_id=selena_adaptime_3241621 slurm_job_id=3241621 launched_at=2026-09-09T11:33:07.669777+00:00
/fslarge/scratch/users/h61084/codes/adaptime/outputs/adaptime/predictions/ridge/univariate/OpenElectricity_NEM/5T/long/run_0/prediction/prediction_manifest.json
TIME run allocation action=new run=/fslarge/scratch/users/h61084/codes/adaptime/outputs/adaptime/predictions/ridge/univariate/EWELD_Load/15T/short/run_0 launch_id=selena_adaptime_3241621 slurm_job_id=3241621 launched_at=2026-09-09T11:33:07.759492+00:00
/fslarge/scratch/users/h61084/codes/adaptime/outputs/adaptime/predictions/ridge/univariate/EWELD_Load/15T/short/run_0/prediction/prediction_manifest.json
TIME run allocation action=new run=/fslarge/scratch/users/h61084/codes/adaptime/outputs/adaptime/predictions/ridge/univariate/EWELD_Load/15T/medium/run_0 launch_id=selena_adaptime_3241621 slurm_job_id=3241621 launched_at=2026-09-09T11:33:07.812243+00:00
/fslarge/scratch/users/h61084/codes/adaptime/outputs/adaptime/predictions/ridge/univariate/EWELD_Load/15T/medium/run_0/prediction/prediction_manifest.json
TIME run allocation action=new run=/fslarge/scratch/users/h61084/codes/adaptime/outputs/adaptime/predictions/ridge/univariate/EWELD_Load/15T/long/run_0 launch_id=selena_adaptime_3241621 slurm_job_id=3241621 launched_at=2026-09-09T11:33:07.940215+00:00
/fslarge/scratch/users/h61084/codes/adaptime/outputs/adaptime/predictions/ridge/univariate/EWELD_Load/15T/long/run_0/prediction/prediction_manifest.json
TIME run allocation action=new run=/fslarge/scratch/users/h61084/codes/adaptime/outputs/adaptime/predictions/ridge/univariate/SG_Carpark/15T/short/run_0 launch_id=selena_adaptime_3241621 slurm_job_id=3241621 launched_at=2026-09-09T11:33:08.002289+00:00
/fslarge/scratch/users/h61084/codes/adaptime/outputs/adaptime/predictions/ridge/univariate/SG_Carpark/15T/short/run_0/prediction/prediction_manifest.json
TIME run allocation action=new run=/fslarge/scratch/users/h61084/codes/adaptime/outputs/adaptime/predictions/ridge/univariate/SG_Carpark/15T/medium/run_0 launch_id=selena_adaptime_3241621 slurm_job_id=3241621 launched_at=2026-09-09T11:33:08.136842+00:00
/fslarge/scratch/users/h61084/codes/adaptime/outputs/adaptime/predictions/ridge/univariate/SG_Carpark/15T/medium/run_0/prediction/prediction_manifest.json
TIME run allocation action=new run=/fslarge/scratch/users/h61084/codes/adaptime/outputs/adaptime/predictions/ridge/univariate/SG_Carpark/15T/long/run_0 launch_id=selena_adaptime_3241621 slurm_job_id=3241621 launched_at=2026-09-09T11:33:08.260632+00:00
/fslarge/scratch/users/h61084/codes/adaptime/outputs/adaptime/predictions/ridge/univariate/SG_Carpark/15T/long/run_0/prediction/prediction_manifest.json
TIME run allocation action=new run=/fslarge/scratch/users/h61084/codes/adaptime/outputs/adaptime/predictions/ridge/univariate/Finland_Traffic/15T/short/run_0 launch_id=selena_adaptime_3241621 slurm_job_id=3241621 launched_at=2026-09-09T11:33:08.411994+00:00
/fslarge/scratch/users/h61084/codes/adaptime/outputs/adaptime/predictions/ridge/univariate/Finland_Traffic/15T/short/run_0/prediction/prediction_manifest.json
TIME run allocation action=new run=/fslarge/scratch/users/h61084/codes/adaptime/outputs/adaptime/predictions/ridge/univariate/Finland_Traffic/15T/medium/run_0 launch_id=selena_adaptime_3241621 slurm_job_id=3241621 launched_at=2026-09-09T11:33:08.464830+00:00
/fslarge/scratch/users/h61084/codes/adaptime/outputs/adaptime/predictions/ridge/univariate/Finland_Traffic/15T/medium/run_0/prediction/prediction_manifest.json
TIME run allocation action=new run=/fslarge/scratch/users/h61084/codes/adaptime/outputs/adaptime/predictions/ridge/univariate/Finland_Traffic/15T/long/run_0 launch_id=selena_adaptime_3241621 slurm_job_id=3241621 launched_at=2026-09-09T11:33:08.529248+00:00
/fslarge/scratch/users/h61084/codes/adaptime/outputs/adaptime/predictions/ridge/univariate/Finland_Traffic/15T/long/run_0/prediction/prediction_manifest.json
TIME run allocation action=new run=/fslarge/scratch/users/h61084/codes/adaptime/outputs/adaptime/predictions/ridge/univariate/Port_Activity/D/short/run_0 launch_id=selena_adaptime_3241621 slurm_job_id=3241621 launched_at=2026-09-09T11:33:08.589694+00:00
/fslarge/scratch/users/h61084/codes/adaptime/outputs/adaptime/predictions/ridge/univariate/Port_Activity/D/short/run_0/prediction/prediction_manifest.json
TIME run allocation action=new run=/fslarge/scratch/users/h61084/codes/adaptime/outputs/adaptime/predictions/ridge/univariate/Port_Activity/W/short/run_0 launch_id=selena_adaptime_3241621 slurm_job_id=3241621 launched_at=2026-09-09T11:33:08.651966+00:00
/fslarge/scratch/users/h61084/codes/adaptime/outputs/adaptime/predictions/ridge/univariate/Port_Activity/W/short/run_0/prediction/prediction_manifest.json
TIME run allocation action=new run=/fslarge/scratch/users/h61084/codes/adaptime/outputs/adaptime/predictions/ridge/univariate/ECDC_COVID/D/short/run_0 launch_id=selena_adaptime_3241621 slurm_job_id=3241621 launched_at=2026-09-09T11:33:08.706673+00:00
/fslarge/scratch/users/h61084/codes/adaptime/outputs/adaptime/predictions/ridge/univariate/ECDC_COVID/D/short/run_0/prediction/prediction_manifest.json
TIME run allocation action=new run=/fslarge/scratch/users/h61084/codes/adaptime/outputs/adaptime/predictions/ridge/univariate/ECDC_COVID/W/short/run_0 launch_id=selena_adaptime_3241621 slurm_job_id=3241621 launched_at=2026-09-09T11:33:08.756029+00:00
/fslarge/scratch/users/h61084/codes/adaptime/outputs/adaptime/predictions/ridge/univariate/ECDC_COVID/W/short/run_0/prediction/prediction_manifest.json
TIME run allocation action=new run=/fslarge/scratch/users/h61084/codes/adaptime/outputs/adaptime/predictions/ridge/univariate/Global_Influenza/W/short/run_0 launch_id=selena_adaptime_3241621 slurm_job_id=3241621 launched_at=2026-09-09T11:33:08.806231+00:00
/fslarge/scratch/users/h61084/codes/adaptime/outputs/adaptime/predictions/ridge/univariate/Global_Influenza/W/short/run_0/prediction/prediction_manifest.json
TIME run allocation action=new run=/fslarge/scratch/users/h61084/codes/adaptime/outputs/adaptime/predictions/ridge/univariate/Crypto/D/short/run_0 launch_id=selena_adaptime_3241621 slurm_job_id=3241621 launched_at=2026-09-09T11:33:08.857714+00:00
/fslarge/scratch/users/h61084/codes/adaptime/outputs/adaptime/predictions/ridge/univariate/Crypto/D/short/run_0/prediction/prediction_manifest.json
TIME run allocation action=new run=/fslarge/scratch/users/h61084/codes/adaptime/outputs/adaptime/predictions/ridge/univariate/US_Term_Structure/B/short/run_0 launch_id=selena_adaptime_3241621 slurm_job_id=3241621 launched_at=2026-09-09T11:33:08.909655+00:00
/fslarge/scratch/users/h61084/codes/adaptime/outputs/adaptime/predictions/ridge/univariate/US_Term_Structure/B/short/run_0/prediction/prediction_manifest.json
TIME run allocation action=new run=/fslarge/scratch/users/h61084/codes/adaptime/outputs/adaptime/predictions/ridge/univariate/Oil_Price/B/short/run_0 launch_id=selena_adaptime_3241621 slurm_job_id=3241621 launched_at=2026-09-09T11:33:08.966664+00:00
/fslarge/scratch/users/h61084/codes/adaptime/outputs/adaptime/predictions/ridge/univariate/Oil_Price/B/short/run_0/prediction/prediction_manifest.json
TIME run allocation action=new run=/fslarge/scratch/users/h61084/codes/adaptime/outputs/adaptime/predictions/ridge/univariate/Job_Claims/W/short/run_0 launch_id=selena_adaptime_3241621 slurm_job_id=3241621 launched_at=2026-09-09T11:33:09.018447+00:00
/fslarge/scratch/users/h61084/codes/adaptime/outputs/adaptime/predictions/ridge/univariate/Job_Claims/W/short/run_0/prediction/prediction_manifest.json
TIME run allocation action=new run=/fslarge/scratch/users/h61084/codes/adaptime/outputs/adaptime/predictions/ridge/univariate/Uncertainty_1M/M/short/run_0 launch_id=selena_adaptime_3241621 slurm_job_id=3241621 launched_at=2026-09-09T11:33:09.078146+00:00
/fslarge/scratch/users/h61084/codes/adaptime/outputs/adaptime/predictions/ridge/univariate/Uncertainty_1M/M/short/run_0/prediction/prediction_manifest.json
TIME run allocation action=new run=/fslarge/scratch/users/h61084/codes/adaptime/outputs/adaptime/predictions/ridge/univariate/Housing_Inventory/M/short/run_0 launch_id=selena_adaptime_3241621 slurm_job_id=3241621 launched_at=2026-09-09T11:33:09.127607+00:00
/fslarge/scratch/users/h61084/codes/adaptime/outputs/adaptime/predictions/ridge/univariate/Housing_Inventory/M/short/run_0/prediction/prediction_manifest.json
TIME run allocation action=new run=/fslarge/scratch/users/h61084/codes/adaptime/outputs/adaptime/predictions/ridge/univariate/JOLTS/M/short/run_0 launch_id=selena_adaptime_3241621 slurm_job_id=3241621 launched_at=2026-09-09T11:33:09.185650+00:00
/fslarge/scratch/users/h61084/codes/adaptime/outputs/adaptime/predictions/ridge/univariate/JOLTS/M/short/run_0/prediction/prediction_manifest.json
TIME run allocation action=new run=/fslarge/scratch/users/h61084/codes/adaptime/outputs/adaptime/predictions/ridge/univariate/US_Labor/M/short/run_0 launch_id=selena_adaptime_3241621 slurm_job_id=3241621 launched_at=2026-09-09T11:33:09.235268+00:00
/fslarge/scratch/users/h61084/codes/adaptime/outputs/adaptime/predictions/ridge/univariate/US_Labor/M/short/run_0/prediction/prediction_manifest.json
TIME run allocation action=new run=/fslarge/scratch/users/h61084/codes/adaptime/outputs/adaptime/predictions/ridge/univariate/Vehicle_Supply/M/short/run_0 launch_id=selena_adaptime_3241621 slurm_job_id=3241621 launched_at=2026-09-09T11:33:09.285205+00:00
/fslarge/scratch/users/h61084/codes/adaptime/outputs/adaptime/predictions/ridge/univariate/Vehicle_Supply/M/short/run_0/prediction/prediction_manifest.json
TIME run allocation action=new run=/fslarge/scratch/users/h61084/codes/adaptime/outputs/adaptime/predictions/ridge/univariate/Auto_Production_SF/M/short/run_0 launch_id=selena_adaptime_3241621 slurm_job_id=3241621 launched_at=2026-09-09T11:33:09.335917+00:00
/fslarge/scratch/users/h61084/codes/adaptime/outputs/adaptime/predictions/ridge/univariate/Auto_Production_SF/M/short/run_0/prediction/prediction_manifest.json
TIME run allocation action=new run=/fslarge/scratch/users/h61084/codes/adaptime/outputs/adaptime/predictions/ridge/univariate/Commodity_Production/M/short/run_0 launch_id=selena_adaptime_3241621 slurm_job_id=3241621 launched_at=2026-09-09T11:33:09.385102+00:00
/fslarge/scratch/users/h61084/codes/adaptime/outputs/adaptime/predictions/ridge/univariate/Commodity_Production/M/short/run_0/prediction/prediction_manifest.json
TIME run allocation action=new run=/fslarge/scratch/users/h61084/codes/adaptime/outputs/adaptime/predictions/ridge/univariate/Commodity_Import/M/short/run_0 launch_id=selena_adaptime_3241621 slurm_job_id=3241621 launched_at=2026-09-09T11:33:09.435606+00:00
/fslarge/scratch/users/h61084/codes/adaptime/outputs/adaptime/predictions/ridge/univariate/Commodity_Import/M/short/run_0/prediction/prediction_manifest.json
TIME run allocation action=new run=/fslarge/scratch/users/h61084/codes/adaptime/outputs/adaptime/predictions/ridge/univariate/WUI_Global/Q/short/run_0 launch_id=selena_adaptime_3241621 slurm_job_id=3241621 launched_at=2026-09-09T11:33:09.487486+00:00
/fslarge/scratch/users/h61084/codes/adaptime/outputs/adaptime/predictions/ridge/univariate/WUI_Global/Q/short/run_0/prediction/prediction_manifest.json
TIME run allocation action=new run=/fslarge/scratch/users/h61084/codes/adaptime/outputs/adaptime/predictions/ridge/univariate/Global_Price/Q/short/run_0 launch_id=selena_adaptime_3241621 slurm_job_id=3241621 launched_at=2026-09-09T11:33:09.537045+00:00
/fslarge/scratch/users/h61084/codes/adaptime/outputs/adaptime/predictions/ridge/univariate/Global_Price/Q/short/run_0/prediction/prediction_manifest.json
TIME run allocation action=new run=/fslarge/scratch/users/h61084/codes/adaptime/outputs/adaptime/predictions/ridge/univariate/Vehicle_Sales/M/short/run_0 launch_id=selena_adaptime_3241621 slurm_job_id=3241621 launched_at=2026-09-09T11:33:09.585956+00:00
/fslarge/scratch/users/h61084/codes/adaptime/outputs/adaptime/predictions/ridge/univariate/Vehicle_Sales/M/short/run_0/prediction/prediction_manifest.json
TIME run allocation action=new run=/fslarge/scratch/users/h61084/codes/adaptime/outputs/adaptime/predictions/ridge/univariate/Online_Retail_2_UCI/D/short/run_0 launch_id=selena_adaptime_3241621 slurm_job_id=3241621 launched_at=2026-09-09T11:33:09.635647+00:00
/fslarge/scratch/users/h61084/codes/adaptime/outputs/adaptime/predictions/ridge/univariate/Online_Retail_2_UCI/D/short/run_0/prediction/prediction_manifest.json
TIME run allocation action=new run=/fslarge/scratch/users/h61084/codes/adaptime/outputs/adaptime/predictions/ridge/univariate/Supply_Chain_Customer/D/short/run_0 launch_id=selena_adaptime_3241621 slurm_job_id=3241621 launched_at=2026-09-09T11:33:09.683539+00:00
/fslarge/scratch/users/h61084/codes/adaptime/outputs/adaptime/predictions/ridge/univariate/Supply_Chain_Customer/D/short/run_0/prediction/prediction_manifest.json
TIME run allocation action=new run=/fslarge/scratch/users/h61084/codes/adaptime/outputs/adaptime/predictions/ridge/univariate/Supply_Chain_Location/D/short/run_0 launch_id=selena_adaptime_3241621 slurm_job_id=3241621 launched_at=2026-09-09T11:33:09.735963+00:00
/fslarge/scratch/users/h61084/codes/adaptime/outputs/adaptime/predictions/ridge/univariate/Supply_Chain_Location/D/short/run_0/prediction/prediction_manifest.json
TIME run allocation action=new run=/fslarge/scratch/users/h61084/codes/adaptime/outputs/adaptime/predictions/ridge/univariate/azure2019_D/5T/short/run_0 launch_id=selena_adaptime_3241621 slurm_job_id=3241621 launched_at=2026-09-09T11:33:09.788657+00:00
/fslarge/scratch/users/h61084/codes/adaptime/outputs/adaptime/predictions/ridge/univariate/azure2019_D/5T/short/run_0/prediction/prediction_manifest.json
TIME run allocation action=new run=/fslarge/scratch/users/h61084/codes/adaptime/outputs/adaptime/predictions/ridge/univariate/azure2019_I/5T/short/run_0 launch_id=selena_adaptime_3241621 slurm_job_id=3241621 launched_at=2026-09-09T11:33:10.648373+00:00
/fslarge/scratch/users/h61084/codes/adaptime/outputs/adaptime/predictions/ridge/univariate/azure2019_I/5T/short/run_0/prediction/prediction_manifest.json
TIME run allocation action=new run=/fslarge/scratch/users/h61084/codes/adaptime/outputs/adaptime/predictions/ridge/univariate/azure2019_U/5T/short/run_0 launch_id=selena_adaptime_3241621 slurm_job_id=3241621 launched_at=2026-09-09T11:33:11.147225+00:00
/fslarge/scratch/users/h61084/codes/adaptime/outputs/adaptime/predictions/ridge/univariate/azure2019_U/5T/short/run_0/prediction/prediction_manifest.json
TIME run allocation action=new run=/fslarge/scratch/users/h61084/codes/adaptime/outputs/adaptime/predictions/ridge/univariate/Smart_Manufacturing/H/short/run_0 launch_id=selena_adaptime_3241621 slurm_job_id=3241621 launched_at=2026-09-09T11:33:11.214064+00:00
/fslarge/scratch/users/h61084/codes/adaptime/outputs/adaptime/predictions/ridge/univariate/Smart_Manufacturing/H/short/run_0/prediction/prediction_manifest.json
TIME run allocation action=new run=/fslarge/scratch/users/h61084/codes/adaptime/outputs/adaptime/predictions/ridge/univariate/Smart_Manufacturing/H/medium/run_0 launch_id=selena_adaptime_3241621 slurm_job_id=3241621 launched_at=2026-09-09T11:33:11.273485+00:00
/fslarge/scratch/users/h61084/codes/adaptime/outputs/adaptime/predictions/ridge/univariate/Smart_Manufacturing/H/medium/run_0/prediction/prediction_manifest.json
TIME run allocation action=new run=/fslarge/scratch/users/h61084/codes/adaptime/outputs/adaptime/predictions/ridge/univariate/Smart_Manufacturing/H/long/run_0 launch_id=selena_adaptime_3241621 slurm_job_id=3241621 launched_at=2026-09-09T11:33:11.331529+00:00
/fslarge/scratch/users/h61084/codes/adaptime/outputs/adaptime/predictions/ridge/univariate/Smart_Manufacturing/H/long/run_0/prediction/prediction_manifest.json
TIME run allocation action=new run=/fslarge/scratch/users/h61084/codes/adaptime/outputs/adaptime/predictions/ridge/univariate/MetroPT-3/5T/short/run_0 launch_id=selena_adaptime_3241621 slurm_job_id=3241621 launched_at=2026-09-09T11:33:11.393605+00:00
/fslarge/scratch/users/h61084/codes/adaptime/outputs/adaptime/predictions/ridge/univariate/MetroPT-3/5T/short/run_0/prediction/prediction_manifest.json
TIME run allocation action=new run=/fslarge/scratch/users/h61084/codes/adaptime/outputs/adaptime/predictions/ridge/univariate/MetroPT-3/5T/medium/run_0 launch_id=selena_adaptime_3241621 slurm_job_id=3241621 launched_at=2026-09-09T11:33:11.445840+00:00
/fslarge/scratch/users/h61084/codes/adaptime/outputs/adaptime/predictions/ridge/univariate/MetroPT-3/5T/medium/run_0/prediction/prediction_manifest.json
TIME run allocation action=new run=/fslarge/scratch/users/h61084/codes/adaptime/outputs/adaptime/predictions/ridge/univariate/MetroPT-3/5T/long/run_0 launch_id=selena_adaptime_3241621 slurm_job_id=3241621 launched_at=2026-09-09T11:33:11.518831+00:00
/fslarge/scratch/users/h61084/codes/adaptime/outputs/adaptime/predictions/ridge/univariate/MetroPT-3/5T/long/run_0/prediction/prediction_manifest.json
TIME run allocation action=new run=/fslarge/scratch/users/h61084/codes/adaptime/outputs/adaptime/evaluations/vanilla/univariate/Water_Quality_Darwin/15T/short/run_0 launch_id=selena_adaptime_3241621 slurm_job_id=3241621 launched_at=2026-09-09T11:33:11.576336+00:00
    Total instances: 3780, Series during experiment: 42, Windows: 90
    Collecting ground truth and context...
    Detected to_univariate case: 42 flat series -> 7 series x 6 variates
    Organizing data into arrays...
    Saved predictions (quantiles) to /fslarge/scratch/users/h61084/codes/adaptime/outputs/adaptime/evaluations/vanilla/univariate/Water_Quality_Darwin/15T/short/run_0/predictions.npz
    Computing per-window metrics...
    Saved metrics to /fslarge/scratch/users/h61084/codes/adaptime/outputs/adaptime/evaluations/vanilla/univariate/Water_Quality_Darwin/15T/short/run_0/metrics.npz
    Saved config to /fslarge/scratch/users/h61084/codes/adaptime/outputs/adaptime/evaluations/vanilla/univariate/Water_Quality_Darwin/15T/short/run_0/config.json
    Saved aggregate metrics to /fslarge/scratch/users/h61084/codes/adaptime/outputs/adaptime/evaluations/vanilla/univariate/Water_Quality_Darwin/15T/short/run_0/metrics_summary.json
    Metrics summary (averaged over all series/windows/variates):
      MSE: 2.0430
      MAE: 0.4199
      RMSE: 0.5028
      MAPE: 0.0527
      sMAPE: 0.0497
      MASE: 0.6095
      ND: 0.0506
      CRPS: 0.0506
/fslarge/scratch/users/h61084/codes/adaptime/outputs/adaptime/evaluations/vanilla/univariate/Water_Quality_Darwin/15T/short/run_0/metrics_summary.json
TIME run allocation action=new run=/fslarge/scratch/users/h61084/codes/adaptime/outputs/adaptime/evaluations/covariate_prediction/univariate/Water_Quality_Darwin/15T/short/run_0 launch_id=selena_adaptime_3241621 slurm_job_id=3241621 launched_at=2026-09-09T11:33:12.160848+00:00
    Total instances: 3780, Series during experiment: 42, Windows: 90
    Collecting ground truth and context...
    Detected to_univariate case: 42 flat series -> 7 series x 6 variates
    Organizing data into arrays...
    Saved predictions (quantiles) to /fslarge/scratch/users/h61084/codes/adaptime/outputs/adaptime/evaluations/covariate_prediction/univariate/Water_Quality_Darwin/15T/short/run_0/predictions.npz
    Computing per-window metrics...
    Saved metrics to /fslarge/scratch/users/h61084/codes/adaptime/outputs/adaptime/evaluations/covariate_prediction/univariate/Water_Quality_Darwin/15T/short/run_0/metrics.npz
    Saved config to /fslarge/scratch/users/h61084/codes/adaptime/outputs/adaptime/evaluations/covariate_prediction/univariate/Water_Quality_Darwin/15T/short/run_0/config.json
    Saved aggregate metrics to /fslarge/scratch/users/h61084/codes/adaptime/outputs/adaptime/evaluations/covariate_prediction/univariate/Water_Quality_Darwin/15T/short/run_0/metrics_summary.json
    Metrics summary (averaged over all series/windows/variates):
      MSE: 2.0430
      MAE: 0.4199
      RMSE: 0.5028
      MAPE: 0.0527
      sMAPE: 0.0497
      MASE: 0.6095
      ND: 0.0506
      CRPS: 0.0506
/fslarge/scratch/users/h61084/codes/adaptime/outputs/adaptime/evaluations/covariate_prediction/univariate/Water_Quality_Darwin/15T/short/run_0/metrics_summary.json
TIME run allocation action=new run=/fslarge/scratch/users/h61084/codes/adaptime/outputs/adaptime/evaluations/bayes_covariate_prediction/univariate/Water_Quality_Darwin/15T/short/run_0 launch_id=selena_adaptime_3241621 slurm_job_id=3241621 launched_at=2026-09-09T11:33:12.687186+00:00
    Total instances: 3780, Series during experiment: 42, Windows: 90
    Collecting ground truth and context...
    Detected to_univariate case: 42 flat series -> 7 series x 6 variates
    Organizing data into arrays...
    Saved predictions (quantiles) to /fslarge/scratch/users/h61084/codes/adaptime/outputs/adaptime/evaluations/bayes_covariate_prediction/univariate/Water_Quality_Darwin/15T/short/run_0/predictions.npz
    Computing per-window metrics...
    Saved metrics to /fslarge/scratch/users/h61084/codes/adaptime/outputs/adaptime/evaluations/bayes_covariate_prediction/univariate/Water_Quality_Darwin/15T/short/run_0/metrics.npz
    Saved config to /fslarge/scratch/users/h61084/codes/adaptime/outputs/adaptime/evaluations/bayes_covariate_prediction/univariate/Water_Quality_Darwin/15T/short/run_0/config.json
    Saved aggregate metrics to /fslarge/scratch/users/h61084/codes/adaptime/outputs/adaptime/evaluations/bayes_covariate_prediction/univariate/Water_Quality_Darwin/15T/short/run_0/metrics_summary.json
    Metrics summary (averaged over all series/windows/variates):
      MSE: 2.0430
      MAE: 0.4199
      RMSE: 0.5028
      MAPE: 0.0527
      sMAPE: 0.0497
      MASE: 0.6095
      ND: 0.0506
      CRPS: 0.0506
/fslarge/scratch/users/h61084/codes/adaptime/outputs/adaptime/evaluations/bayes_covariate_prediction/univariate/Water_Quality_Darwin/15T/short/run_0/metrics_summary.json
TIME run allocation action=new run=/fslarge/scratch/users/h61084/codes/adaptime/outputs/adaptime/evaluations/full_ridge_shared/univariate/Water_Quality_Darwin/15T/short/run_0 launch_id=selena_adaptime_3241621 slurm_job_id=3241621 launched_at=2026-09-09T11:33:13.211163+00:00
    Total instances: 3780, Series during experiment: 42, Windows: 90
    Collecting ground truth and context...
    Detected to_univariate case: 42 flat series -> 7 series x 6 variates
    Organizing data into arrays...
    Saved predictions (quantiles) to /fslarge/scratch/users/h61084/codes/adaptime/outputs/adaptime/evaluations/full_ridge_shared/univariate/Water_Quality_Darwin/15T/short/run_0/predictions.npz
    Computing per-window metrics...
    Saved metrics to /fslarge/scratch/users/h61084/codes/adaptime/outputs/adaptime/evaluations/full_ridge_shared/univariate/Water_Quality_Darwin/15T/short/run_0/metrics.npz
    Saved config to /fslarge/scratch/users/h61084/codes/adaptime/outputs/adaptime/evaluations/full_ridge_shared/univariate/Water_Quality_Darwin/15T/short/run_0/config.json
    Saved aggregate metrics to /fslarge/scratch/users/h61084/codes/adaptime/outputs/adaptime/evaluations/full_ridge_shared/univariate/Water_Quality_Darwin/15T/short/run_0/metrics_summary.json
    Metrics summary (averaged over all series/windows/variates):
      MSE: 2.0430
      MAE: 0.4199
      RMSE: 0.5028
      MAPE: 0.0527
      sMAPE: 0.0497
      MASE: 0.6095
      ND: 0.0506
      CRPS: 0.0506
/fslarge/scratch/users/h61084/codes/adaptime/outputs/adaptime/evaluations/full_ridge_shared/univariate/Water_Quality_Darwin/15T/short/run_0/metrics_summary.json
TIME run allocation action=new run=/fslarge/scratch/users/h61084/codes/adaptime/outputs/adaptime/evaluations/vanilla/univariate/Water_Quality_Darwin/15T/medium/run_0 launch_id=selena_adaptime_3241621 slurm_job_id=3241621 launched_at=2026-09-09T11:33:13.736633+00:00
    Total instances: 630, Series during experiment: 42, Windows: 15
    Collecting ground truth and context...
    Detected to_univariate case: 42 flat series -> 7 series x 6 variates
    Organizing data into arrays...
    Saved predictions (quantiles) to /fslarge/scratch/users/h61084/codes/adaptime/outputs/adaptime/evaluations/vanilla/univariate/Water_Quality_Darwin/15T/medium/run_0/predictions.npz
    Computing per-window metrics...
    Saved metrics to /fslarge/scratch/users/h61084/codes/adaptime/outputs/adaptime/evaluations/vanilla/univariate/Water_Quality_Darwin/15T/medium/run_0/metrics.npz
    Saved config to /fslarge/scratch/users/h61084/codes/adaptime/outputs/adaptime/evaluations/vanilla/univariate/Water_Quality_Darwin/15T/medium/run_0/config.json
    Saved aggregate metrics to /fslarge/scratch/users/h61084/codes/adaptime/outputs/adaptime/evaluations/vanilla/univariate/Water_Quality_Darwin/15T/medium/run_0/metrics_summary.json
    Metrics summary (averaged over all series/windows/variates):
      MSE: 3.3565
      MAE: 0.5678
      RMSE: 0.7336
      MAPE: 0.0685
      sMAPE: 0.0642
      MASE: 0.8815
      ND: 0.0632
      CRPS: 0.0632
/fslarge/scratch/users/h61084/codes/adaptime/outputs/adaptime/evaluations/vanilla/univariate/Water_Quality_Darwin/15T/medium/run_0/metrics_summary.json
TIME run allocation action=new run=/fslarge/scratch/users/h61084/codes/adaptime/outputs/adaptime/evaluations/covariate_prediction/univariate/Water_Quality_Darwin/15T/medium/run_0 launch_id=selena_adaptime_3241621 slurm_job_id=3241621 launched_at=2026-09-09T11:33:13.883591+00:00
    Total instances: 630, Series during experiment: 42, Windows: 15
    Collecting ground truth and context...
    Detected to_univariate case: 42 flat series -> 7 series x 6 variates
    Organizing data into arrays...
    Saved predictions (quantiles) to /fslarge/scratch/users/h61084/codes/adaptime/outputs/adaptime/evaluations/covariate_prediction/univariate/Water_Quality_Darwin/15T/medium/run_0/predictions.npz
    Computing per-window metrics...
    Saved metrics to /fslarge/scratch/users/h61084/codes/adaptime/outputs/adaptime/evaluations/covariate_prediction/univariate/Water_Quality_Darwin/15T/medium/run_0/metrics.npz
    Saved config to /fslarge/scratch/users/h61084/codes/adaptime/outputs/adaptime/evaluations/covariate_prediction/univariate/Water_Quality_Darwin/15T/medium/run_0/config.json
    Saved aggregate metrics to /fslarge/scratch/users/h61084/codes/adaptime/outputs/adaptime/evaluations/covariate_prediction/univariate/Water_Quality_Darwin/15T/medium/run_0/metrics_summary.json
    Metrics summary (averaged over all series/windows/variates):
      MSE: 3.7845
      MAE: 0.6049
      RMSE: 0.7700
      MAPE: 0.0736
      sMAPE: 0.0672
      MASE: 0.8880
      ND: 0.0668
      CRPS: 0.0668
/fslarge/scratch/users/h61084/codes/adaptime/outputs/adaptime/evaluations/covariate_prediction/univariate/Water_Quality_Darwin/15T/medium/run_0/metrics_summary.json
TIME run allocation action=new run=/fslarge/scratch/users/h61084/codes/adaptime/outputs/adaptime/evaluations/bayes_covariate_prediction/univariate/Water_Quality_Darwin/15T/medium/run_0 launch_id=selena_adaptime_3241621 slurm_job_id=3241621 launched_at=2026-09-09T11:33:14.030331+00:00
    Total instances: 630, Series during experiment: 42, Windows: 15
    Collecting ground truth and context...
    Detected to_univariate case: 42 flat series -> 7 series x 6 variates
    Organizing data into arrays...
    Saved predictions (quantiles) to /fslarge/scratch/users/h61084/codes/adaptime/outputs/adaptime/evaluations/bayes_covariate_prediction/univariate/Water_Quality_Darwin/15T/medium/run_0/predictions.npz
    Computing per-window metrics...
    Saved metrics to /fslarge/scratch/users/h61084/codes/adaptime/outputs/adaptime/evaluations/bayes_covariate_prediction/univariate/Water_Quality_Darwin/15T/medium/run_0/metrics.npz
    Saved config to /fslarge/scratch/users/h61084/codes/adaptime/outputs/adaptime/evaluations/bayes_covariate_prediction/univariate/Water_Quality_Darwin/15T/medium/run_0/config.json
    Saved aggregate metrics to /fslarge/scratch/users/h61084/codes/adaptime/outputs/adaptime/evaluations/bayes_covariate_prediction/univariate/Water_Quality_Darwin/15T/medium/run_0/metrics_summary.json
    Metrics summary (averaged over all series/windows/variates):
      MSE: 3.4621
      MAE: 0.5730
      RMSE: 0.7363
      MAPE: 0.0691
      sMAPE: 0.0638
      MASE: 0.8659
      ND: 0.0632
      CRPS: 0.0632
/fslarge/scratch/users/h61084/codes/adaptime/outputs/adaptime/evaluations/bayes_covariate_prediction/univariate/Water_Quality_Darwin/15T/medium/run_0/metrics_summary.json
TIME run allocation action=new run=/fslarge/scratch/users/h61084/codes/adaptime/outputs/adaptime/evaluations/full_ridge_shared/univariate/Water_Quality_Darwin/15T/medium/run_0 launch_id=selena_adaptime_3241621 slurm_job_id=3241621 launched_at=2026-09-09T11:33:14.177253+00:00
    Total instances: 630, Series during experiment: 42, Windows: 15
    Collecting ground truth and context...
    Detected to_univariate case: 42 flat series -> 7 series x 6 variates
    Organizing data into arrays...
    Saved predictions (quantiles) to /fslarge/scratch/users/h61084/codes/adaptime/outputs/adaptime/evaluations/full_ridge_shared/univariate/Water_Quality_Darwin/15T/medium/run_0/predictions.npz
    Computing per-window metrics...
    Saved metrics to /fslarge/scratch/users/h61084/codes/adaptime/outputs/adaptime/evaluations/full_ridge_shared/univariate/Water_Quality_Darwin/15T/medium/run_0/metrics.npz
    Saved config to /fslarge/scratch/users/h61084/codes/adaptime/outputs/adaptime/evaluations/full_ridge_shared/univariate/Water_Quality_Darwin/15T/medium/run_0/config.json
    Saved aggregate metrics to /fslarge/scratch/users/h61084/codes/adaptime/outputs/adaptime/evaluations/full_ridge_shared/univariate/Water_Quality_Darwin/15T/medium/run_0/metrics_summary.json
    Metrics summary (averaged over all series/windows/variates):
      MSE: 3.3571
      MAE: 0.5677
      RMSE: 0.7336
      MAPE: 0.0686
      sMAPE: 0.0642
      MASE: 0.8803
      ND: 0.0633
      CRPS: 0.0633
/fslarge/scratch/users/h61084/codes/adaptime/outputs/adaptime/evaluations/full_ridge_shared/univariate/Water_Quality_Darwin/15T/medium/run_0/metrics_summary.json
TIME run allocation action=new run=/fslarge/scratch/users/h61084/codes/adaptime/outputs/adaptime/evaluations/vanilla/univariate/Water_Quality_Darwin/15T/long/run_0 launch_id=selena_adaptime_3241621 slurm_job_id=3241621 launched_at=2026-09-09T11:33:14.325707+00:00
    Total instances: 210, Series during experiment: 42, Windows: 5
    Collecting ground truth and context...
    Detected to_univariate case: 42 flat series -> 7 series x 6 variates
    Organizing data into arrays...
    Saved predictions (quantiles) to /fslarge/scratch/users/h61084/codes/adaptime/outputs/adaptime/evaluations/vanilla/univariate/Water_Quality_Darwin/15T/long/run_0/predictions.npz
    Computing per-window metrics...
    Saved metrics to /fslarge/scratch/users/h61084/codes/adaptime/outputs/adaptime/evaluations/vanilla/univariate/Water_Quality_Darwin/15T/long/run_0/metrics.npz
    Saved config to /fslarge/scratch/users/h61084/codes/adaptime/outputs/adaptime/evaluations/vanilla/univariate/Water_Quality_Darwin/15T/long/run_0/config.json
    Saved aggregate metrics to /fslarge/scratch/users/h61084/codes/adaptime/outputs/adaptime/evaluations/vanilla/univariate/Water_Quality_Darwin/15T/long/run_0/metrics_summary.json
    Metrics summary (averaged over all series/windows/variates):
      MSE: 9.0305
      MAE: 0.9201
      RMSE: 1.1709
      MAPE: 0.0962
      sMAPE: 0.0940
      MASE: 1.3526
      ND: 0.0888
      CRPS: 0.0888
/fslarge/scratch/users/h61084/codes/adaptime/outputs/adaptime/evaluations/vanilla/univariate/Water_Quality_Darwin/15T/long/run_0/metrics_summary.json
TIME run allocation action=new run=/fslarge/scratch/users/h61084/codes/adaptime/outputs/adaptime/evaluations/covariate_prediction/univariate/Water_Quality_Darwin/15T/long/run_0 launch_id=selena_adaptime_3241621 slurm_job_id=3241621 launched_at=2026-09-09T11:33:14.421039+00:00
    Total instances: 210, Series during experiment: 42, Windows: 5
    Collecting ground truth and context...
    Detected to_univariate case: 42 flat series -> 7 series x 6 variates
    Organizing data into arrays...
    Saved predictions (quantiles) to /fslarge/scratch/users/h61084/codes/adaptime/outputs/adaptime/evaluations/covariate_prediction/univariate/Water_Quality_Darwin/15T/long/run_0/predictions.npz
    Computing per-window metrics...
    Saved metrics to /fslarge/scratch/users/h61084/codes/adaptime/outputs/adaptime/evaluations/covariate_prediction/univariate/Water_Quality_Darwin/15T/long/run_0/metrics.npz
    Saved config to /fslarge/scratch/users/h61084/codes/adaptime/outputs/adaptime/evaluations/covariate_prediction/univariate/Water_Quality_Darwin/15T/long/run_0/config.json
    Saved aggregate metrics to /fslarge/scratch/users/h61084/codes/adaptime/outputs/adaptime/evaluations/covariate_prediction/univariate/Water_Quality_Darwin/15T/long/run_0/metrics_summary.json
    Metrics summary (averaged over all series/windows/variates):
      MSE: 17.3052
      MAE: 1.1004
      RMSE: 1.3812
      MAPE: 0.1014
      sMAPE: 0.0944
      MASE: 1.5255
      ND: 0.0914
      CRPS: 0.0914
/fslarge/scratch/users/h61084/codes/adaptime/outputs/adaptime/evaluations/covariate_prediction/univariate/Water_Quality_Darwin/15T/long/run_0/metrics_summary.json
TIME run allocation action=new run=/fslarge/scratch/users/h61084/codes/adaptime/outputs/adaptime/evaluations/bayes_covariate_prediction/univariate/Water_Quality_Darwin/15T/long/run_0 launch_id=selena_adaptime_3241621 slurm_job_id=3241621 launched_at=2026-09-09T11:33:14.514507+00:00
    Total instances: 210, Series during experiment: 42, Windows: 5
    Collecting ground truth and context...
    Detected to_univariate case: 42 flat series -> 7 series x 6 variates
    Organizing data into arrays...
    Saved predictions (quantiles) to /fslarge/scratch/users/h61084/codes/adaptime/outputs/adaptime/evaluations/bayes_covariate_prediction/univariate/Water_Quality_Darwin/15T/long/run_0/predictions.npz
    Computing per-window metrics...
    Saved metrics to /fslarge/scratch/users/h61084/codes/adaptime/outputs/adaptime/evaluations/bayes_covariate_prediction/univariate/Water_Quality_Darwin/15T/long/run_0/metrics.npz
    Saved config to /fslarge/scratch/users/h61084/codes/adaptime/outputs/adaptime/evaluations/bayes_covariate_prediction/univariate/Water_Quality_Darwin/15T/long/run_0/config.json
    Saved aggregate metrics to /fslarge/scratch/users/h61084/codes/adaptime/outputs/adaptime/evaluations/bayes_covariate_prediction/univariate/Water_Quality_Darwin/15T/long/run_0/metrics_summary.json
    Metrics summary (averaged over all series/windows/variates):
      MSE: 11.9673
      MAE: 0.9910
      RMSE: 1.2523
      MAPE: 0.0951
      sMAPE: 0.0899
      MASE: 1.4174
      ND: 0.0862
      CRPS: 0.0862
/fslarge/scratch/users/h61084/codes/adaptime/outputs/adaptime/evaluations/bayes_covariate_prediction/univariate/Water_Quality_Darwin/15T/long/run_0/metrics_summary.json
TIME run allocation action=new run=/fslarge/scratch/users/h61084/codes/adaptime/outputs/adaptime/evaluations/full_ridge_shared/univariate/Water_Quality_Darwin/15T/long/run_0 launch_id=selena_adaptime_3241621 slurm_job_id=3241621 launched_at=2026-09-09T11:33:14.607685+00:00
    Total instances: 210, Series during experiment: 42, Windows: 5
    Collecting ground truth and context...
    Detected to_univariate case: 42 flat series -> 7 series x 6 variates
    Organizing data into arrays...
    Saved predictions (quantiles) to /fslarge/scratch/users/h61084/codes/adaptime/outputs/adaptime/evaluations/full_ridge_shared/univariate/Water_Quality_Darwin/15T/long/run_0/predictions.npz
    Computing per-window metrics...
    Saved metrics to /fslarge/scratch/users/h61084/codes/adaptime/outputs/adaptime/evaluations/full_ridge_shared/univariate/Water_Quality_Darwin/15T/long/run_0/metrics.npz
    Saved config to /fslarge/scratch/users/h61084/codes/adaptime/outputs/adaptime/evaluations/full_ridge_shared/univariate/Water_Quality_Darwin/15T/long/run_0/config.json
    Saved aggregate metrics to /fslarge/scratch/users/h61084/codes/adaptime/outputs/adaptime/evaluations/full_ridge_shared/univariate/Water_Quality_Darwin/15T/long/run_0/metrics_summary.json
    Metrics summary (averaged over all series/windows/variates):
      MSE: 9.0309
      MAE: 0.9182
      RMSE: 1.1690
      MAPE: 0.0962
      sMAPE: 0.0940
      MASE: 1.3365
      ND: 0.0888
      CRPS: 0.0888
/fslarge/scratch/users/h61084/codes/adaptime/outputs/adaptime/evaluations/full_ridge_shared/univariate/Water_Quality_Darwin/15T/long/run_0/metrics_summary.json
TIME run allocation action=new run=/fslarge/scratch/users/h61084/codes/adaptime/outputs/adaptime/evaluations/vanilla/univariate/current_velocity/5T/short/run_0 launch_id=selena_adaptime_3241621 slurm_job_id=3241621 launched_at=2026-09-09T11:33:14.703317+00:00
    Total instances: 720, Series during experiment: 6, Windows: 120
    Collecting ground truth and context...
    Detected to_univariate case: 6 flat series -> 1 series x 6 variates
    Organizing data into arrays...
    Saved predictions (quantiles) to /fslarge/scratch/users/h61084/codes/adaptime/outputs/adaptime/evaluations/vanilla/univariate/current_velocity/5T/short/run_0/predictions.npz
    Computing per-window metrics...
    Saved metrics to /fslarge/scratch/users/h61084/codes/adaptime/outputs/adaptime/evaluations/vanilla/univariate/current_velocity/5T/short/run_0/metrics.npz
    Saved config to /fslarge/scratch/users/h61084/codes/adaptime/outputs/adaptime/evaluations/vanilla/univariate/current_velocity/5T/short/run_0/config.json
    Saved aggregate metrics to /fslarge/scratch/users/h61084/codes/adaptime/outputs/adaptime/evaluations/vanilla/univariate/current_velocity/5T/short/run_0/metrics_summary.json
    Metrics summary (averaged over all series/windows/variates):
      MSE: 2.9136
      MAE: 0.5493
      RMSE: 0.6554
      MAPE: 0.4360
      sMAPE: 0.3435
      MASE: 0.3677
      ND: 0.2955
      CRPS: 0.2955
/fslarge/scratch/users/h61084/codes/adaptime/outputs/adaptime/evaluations/vanilla/univariate/current_velocity/5T/short/run_0/metrics_summary.json
TIME run allocation action=new run=/fslarge/scratch/users/h61084/codes/adaptime/outputs/adaptime/evaluations/covariate_prediction/univariate/current_velocity/5T/short/run_0 launch_id=selena_adaptime_3241621 slurm_job_id=3241621 launched_at=2026-09-09T11:33:14.871339+00:00
    Total instances: 720, Series during experiment: 6, Windows: 120
    Collecting ground truth and context...
    Detected to_univariate case: 6 flat series -> 1 series x 6 variates
    Organizing data into arrays...
    Saved predictions (quantiles) to /fslarge/scratch/users/h61084/codes/adaptime/outputs/adaptime/evaluations/covariate_prediction/univariate/current_velocity/5T/short/run_0/predictions.npz
    Computing per-window metrics...
    Saved metrics to /fslarge/scratch/users/h61084/codes/adaptime/outputs/adaptime/evaluations/covariate_prediction/univariate/current_velocity/5T/short/run_0/metrics.npz
    Saved config to /fslarge/scratch/users/h61084/codes/adaptime/outputs/adaptime/evaluations/covariate_prediction/univariate/current_velocity/5T/short/run_0/config.json
    Saved aggregate metrics to /fslarge/scratch/users/h61084/codes/adaptime/outputs/adaptime/evaluations/covariate_prediction/univariate/current_velocity/5T/short/run_0/metrics_summary.json
    Metrics summary (averaged over all series/windows/variates):
      MSE: 2.9136
      MAE: 0.5493
      RMSE: 0.6554
      MAPE: 0.4360
      sMAPE: 0.3435
      MASE: 0.3677
      ND: 0.2955
      CRPS: 0.2955
/fslarge/scratch/users/h61084/codes/adaptime/outputs/adaptime/evaluations/covariate_prediction/univariate/current_velocity/5T/short/run_0/metrics_summary.json
TIME run allocation action=new run=/fslarge/scratch/users/h61084/codes/adaptime/outputs/adaptime/evaluations/bayes_covariate_prediction/univariate/current_velocity/5T/short/run_0 launch_id=selena_adaptime_3241621 slurm_job_id=3241621 launched_at=2026-09-09T11:33:15.027889+00:00
    Total instances: 720, Series during experiment: 6, Windows: 120
    Collecting ground truth and context...
    Detected to_univariate case: 6 flat series -> 1 series x 6 variates
    Organizing data into arrays...
    Saved predictions (quantiles) to /fslarge/scratch/users/h61084/codes/adaptime/outputs/adaptime/evaluations/bayes_covariate_prediction/univariate/current_velocity/5T/short/run_0/predictions.npz
    Computing per-window metrics...
    Saved metrics to /fslarge/scratch/users/h61084/codes/adaptime/outputs/adaptime/evaluations/bayes_covariate_prediction/univariate/current_velocity/5T/short/run_0/metrics.npz
    Saved config to /fslarge/scratch/users/h61084/codes/adaptime/outputs/adaptime/evaluations/bayes_covariate_prediction/univariate/current_velocity/5T/short/run_0/config.json
    Saved aggregate metrics to /fslarge/scratch/users/h61084/codes/adaptime/outputs/adaptime/evaluations/bayes_covariate_prediction/univariate/current_velocity/5T/short/run_0/metrics_summary.json
    Metrics summary (averaged over all series/windows/variates):
      MSE: 2.9136
      MAE: 0.5493
      RMSE: 0.6554
      MAPE: 0.4360
      sMAPE: 0.3435
      MASE: 0.3677
      ND: 0.2955
      CRPS: 0.2955
/fslarge/scratch/users/h61084/codes/adaptime/outputs/adaptime/evaluations/bayes_covariate_prediction/univariate/current_velocity/5T/short/run_0/metrics_summary.json
TIME run allocation action=new run=/fslarge/scratch/users/h61084/codes/adaptime/outputs/adaptime/evaluations/full_ridge_shared/univariate/current_velocity/5T/short/run_0 launch_id=selena_adaptime_3241621 slurm_job_id=3241621 launched_at=2026-09-09T11:33:15.183729+00:00
    Total instances: 720, Series during experiment: 6, Windows: 120
    Collecting ground truth and context...
    Detected to_univariate case: 6 flat series -> 1 series x 6 variates
    Organizing data into arrays...
    Saved predictions (quantiles) to /fslarge/scratch/users/h61084/codes/adaptime/outputs/adaptime/evaluations/full_ridge_shared/univariate/current_velocity/5T/short/run_0/predictions.npz
    Computing per-window metrics...
    Saved metrics to /fslarge/scratch/users/h61084/codes/adaptime/outputs/adaptime/evaluations/full_ridge_shared/univariate/current_velocity/5T/short/run_0/metrics.npz
    Saved config to /fslarge/scratch/users/h61084/codes/adaptime/outputs/adaptime/evaluations/full_ridge_shared/univariate/current_velocity/5T/short/run_0/config.json
    Saved aggregate metrics to /fslarge/scratch/users/h61084/codes/adaptime/outputs/adaptime/evaluations/full_ridge_shared/univariate/current_velocity/5T/short/run_0/metrics_summary.json
    Metrics summary (averaged over all series/windows/variates):
      MSE: 2.9136
      MAE: 0.5493
      RMSE: 0.6554
      MAPE: 0.4360
      sMAPE: 0.3435
      MASE: 0.3677
      ND: 0.2955
      CRPS: 0.2955
/fslarge/scratch/users/h61084/codes/adaptime/outputs/adaptime/evaluations/full_ridge_shared/univariate/current_velocity/5T/short/run_0/metrics_summary.json
TIME run allocation action=new run=/fslarge/scratch/users/h61084/codes/adaptime/outputs/adaptime/evaluations/vanilla/univariate/current_velocity/5T/medium/run_0 launch_id=selena_adaptime_3241621 slurm_job_id=3241621 launched_at=2026-09-09T11:33:15.341225+00:00
    Total instances: 90, Series during experiment: 6, Windows: 15
    Collecting ground truth and context...
    Detected to_univariate case: 6 flat series -> 1 series x 6 variates
    Organizing data into arrays...
    Saved predictions (quantiles) to /fslarge/scratch/users/h61084/codes/adaptime/outputs/adaptime/evaluations/vanilla/univariate/current_velocity/5T/medium/run_0/predictions.npz
    Computing per-window metrics...
    Saved metrics to /fslarge/scratch/users/h61084/codes/adaptime/outputs/adaptime/evaluations/vanilla/univariate/current_velocity/5T/medium/run_0/metrics.npz
    Saved config to /fslarge/scratch/users/h61084/codes/adaptime/outputs/adaptime/evaluations/vanilla/univariate/current_velocity/5T/medium/run_0/config.json
    Saved aggregate metrics to /fslarge/scratch/users/h61084/codes/adaptime/outputs/adaptime/evaluations/vanilla/univariate/current_velocity/5T/medium/run_0/metrics_summary.json
    Metrics summary (averaged over all series/windows/variates):
      MSE: 5.0089
      MAE: 0.7779
      RMSE: 0.9558
      MAPE: 0.6799
      sMAPE: 0.4154
      MASE: 0.5819
      ND: 0.3629
      CRPS: 0.3629
/fslarge/scratch/users/h61084/codes/adaptime/outputs/adaptime/evaluations/vanilla/univariate/current_velocity/5T/medium/run_0/metrics_summary.json
TIME run allocation action=new run=/fslarge/scratch/users/h61084/codes/adaptime/outputs/adaptime/evaluations/covariate_prediction/univariate/current_velocity/5T/medium/run_0 launch_id=selena_adaptime_3241621 slurm_job_id=3241621 launched_at=2026-09-09T11:33:15.405672+00:00
    Total instances: 90, Series during experiment: 6, Windows: 15
    Collecting ground truth and context...
    Detected to_univariate case: 6 flat series -> 1 series x 6 variates
    Organizing data into arrays...
    Saved predictions (quantiles) to /fslarge/scratch/users/h61084/codes/adaptime/outputs/adaptime/evaluations/covariate_prediction/univariate/current_velocity/5T/medium/run_0/predictions.npz
    Computing per-window metrics...
    Saved metrics to /fslarge/scratch/users/h61084/codes/adaptime/outputs/adaptime/evaluations/covariate_prediction/univariate/current_velocity/5T/medium/run_0/metrics.npz
    Saved config to /fslarge/scratch/users/h61084/codes/adaptime/outputs/adaptime/evaluations/covariate_prediction/univariate/current_velocity/5T/medium/run_0/config.json
    Saved aggregate metrics to /fslarge/scratch/users/h61084/codes/adaptime/outputs/adaptime/evaluations/covariate_prediction/univariate/current_velocity/5T/medium/run_0/metrics_summary.json
    Metrics summary (averaged over all series/windows/variates):
      MSE: 6.7583
      MAE: 0.9002
      RMSE: 1.1037
      MAPE: 0.6756
      sMAPE: 0.4094
      MASE: 0.5897
      ND: 0.3600
      CRPS: 0.3600
/fslarge/scratch/users/h61084/codes/adaptime/outputs/adaptime/evaluations/covariate_prediction/univariate/current_velocity/5T/medium/run_0/metrics_summary.json
TIME run allocation action=new run=/fslarge/scratch/users/h61084/codes/adaptime/outputs/adaptime/evaluations/bayes_covariate_prediction/univariate/current_velocity/5T/medium/run_0 launch_id=selena_adaptime_3241621 slurm_job_id=3241621 launched_at=2026-09-09T11:33:15.468247+00:00
    Total instances: 90, Series during experiment: 6, Windows: 15
    Collecting ground truth and context...
    Detected to_univariate case: 6 flat series -> 1 series x 6 variates
    Organizing data into arrays...
    Saved predictions (quantiles) to /fslarge/scratch/users/h61084/codes/adaptime/outputs/adaptime/evaluations/bayes_covariate_prediction/univariate/current_velocity/5T/medium/run_0/predictions.npz
    Computing per-window metrics...
    Saved metrics to /fslarge/scratch/users/h61084/codes/adaptime/outputs/adaptime/evaluations/bayes_covariate_prediction/univariate/current_velocity/5T/medium/run_0/metrics.npz
    Saved config to /fslarge/scratch/users/h61084/codes/adaptime/outputs/adaptime/evaluations/bayes_covariate_prediction/univariate/current_velocity/5T/medium/run_0/config.json
    Saved aggregate metrics to /fslarge/scratch/users/h61084/codes/adaptime/outputs/adaptime/evaluations/bayes_covariate_prediction/univariate/current_velocity/5T/medium/run_0/metrics_summary.json
    Metrics summary (averaged over all series/windows/variates):
      MSE: 5.6106
      MAE: 0.8239
      RMSE: 1.0110
      MAPE: 0.6722
      sMAPE: 0.4070
      MASE: 0.5761
      ND: 0.3578
      CRPS: 0.3578
/fslarge/scratch/users/h61084/codes/adaptime/outputs/adaptime/evaluations/bayes_covariate_prediction/univariate/current_velocity/5T/medium/run_0/metrics_summary.json
TIME run allocation action=new run=/fslarge/scratch/users/h61084/codes/adaptime/outputs/adaptime/evaluations/full_ridge_shared/univariate/current_velocity/5T/medium/run_0 launch_id=selena_adaptime_3241621 slurm_job_id=3241621 launched_at=2026-09-09T11:33:15.530786+00:00
    Total instances: 90, Series during experiment: 6, Windows: 15
    Collecting ground truth and context...
    Detected to_univariate case: 6 flat series -> 1 series x 6 variates
    Organizing data into arrays...
    Saved predictions (quantiles) to /fslarge/scratch/users/h61084/codes/adaptime/outputs/adaptime/evaluations/full_ridge_shared/univariate/current_velocity/5T/medium/run_0/predictions.npz
    Computing per-window metrics...
    Saved metrics to /fslarge/scratch/users/h61084/codes/adaptime/outputs/adaptime/evaluations/full_ridge_shared/univariate/current_velocity/5T/medium/run_0/metrics.npz
    Saved config to /fslarge/scratch/users/h61084/codes/adaptime/outputs/adaptime/evaluations/full_ridge_shared/univariate/current_velocity/5T/medium/run_0/config.json
    Saved aggregate metrics to /fslarge/scratch/users/h61084/codes/adaptime/outputs/adaptime/evaluations/full_ridge_shared/univariate/current_velocity/5T/medium/run_0/metrics_summary.json
    Metrics summary (averaged over all series/windows/variates):
      MSE: 4.9947
      MAE: 0.7781
      RMSE: 0.9559
      MAPE: 1.1498
      sMAPE: 0.4324
      MASE: 0.7394
      ND: 0.5828
      CRPS: 0.5828
/fslarge/scratch/users/h61084/codes/adaptime/outputs/adaptime/evaluations/full_ridge_shared/univariate/current_velocity/5T/medium/run_0/metrics_summary.json
TIME run allocation action=new run=/fslarge/scratch/users/h61084/codes/adaptime/outputs/adaptime/evaluations/vanilla/univariate/current_velocity/5T/long/run_0 launch_id=selena_adaptime_3241621 slurm_job_id=3241621 launched_at=2026-09-09T11:33:15.594826+00:00
    Total instances: 30, Series during experiment: 6, Windows: 5
    Collecting ground truth and context...
    Detected to_univariate case: 6 flat series -> 1 series x 6 variates
    Organizing data into arrays...
    Saved predictions (quantiles) to /fslarge/scratch/users/h61084/codes/adaptime/outputs/adaptime/evaluations/vanilla/univariate/current_velocity/5T/long/run_0/predictions.npz
    Computing per-window metrics...
    Saved metrics to /fslarge/scratch/users/h61084/codes/adaptime/outputs/adaptime/evaluations/vanilla/univariate/current_velocity/5T/long/run_0/metrics.npz
    Saved config to /fslarge/scratch/users/h61084/codes/adaptime/outputs/adaptime/evaluations/vanilla/univariate/current_velocity/5T/long/run_0/config.json
    Saved aggregate metrics to /fslarge/scratch/users/h61084/codes/adaptime/outputs/adaptime/evaluations/vanilla/univariate/current_velocity/5T/long/run_0/metrics_summary.json
    Metrics summary (averaged over all series/windows/variates):
      MSE: 5.4947
      MAE: 0.8914
      RMSE: 1.0733
      MAPE: 0.8593
      sMAPE: 0.4829
      MASE: 0.8300
      ND: 0.4495
      CRPS: 0.4495
/fslarge/scratch/users/h61084/codes/adaptime/outputs/adaptime/evaluations/vanilla/univariate/current_velocity/5T/long/run_0/metrics_summary.json
TIME run allocation action=new run=/fslarge/scratch/users/h61084/codes/adaptime/outputs/adaptime/evaluations/covariate_prediction/univariate/current_velocity/5T/long/run_0 launch_id=selena_adaptime_3241621 slurm_job_id=3241621 launched_at=2026-09-09T11:33:15.650080+00:00
    Total instances: 30, Series during experiment: 6, Windows: 5
    Collecting ground truth and context...
    Detected to_univariate case: 6 flat series -> 1 series x 6 variates
    Organizing data into arrays...
    Saved predictions (quantiles) to /fslarge/scratch/users/h61084/codes/adaptime/outputs/adaptime/evaluations/covariate_prediction/univariate/current_velocity/5T/long/run_0/predictions.npz
    Computing per-window metrics...
    Saved metrics to /fslarge/scratch/users/h61084/codes/adaptime/outputs/adaptime/evaluations/covariate_prediction/univariate/current_velocity/5T/long/run_0/metrics.npz
    Saved config to /fslarge/scratch/users/h61084/codes/adaptime/outputs/adaptime/evaluations/covariate_prediction/univariate/current_velocity/5T/long/run_0/config.json
    Saved aggregate metrics to /fslarge/scratch/users/h61084/codes/adaptime/outputs/adaptime/evaluations/covariate_prediction/univariate/current_velocity/5T/long/run_0/metrics_summary.json
    Metrics summary (averaged over all series/windows/variates):
      MSE: 6.7551
      MAE: 0.9611
      RMSE: 1.1685
      MAPE: 0.8238
      sMAPE: 0.4784
      MASE: 0.8013
      ND: 0.4205
      CRPS: 0.4205
/fslarge/scratch/users/h61084/codes/adaptime/outputs/adaptime/evaluations/covariate_prediction/univariate/current_velocity/5T/long/run_0/metrics_summary.json
TIME run allocation action=new run=/fslarge/scratch/users/h61084/codes/adaptime/outputs/adaptime/evaluations/bayes_covariate_prediction/univariate/current_velocity/5T/long/run_0 launch_id=selena_adaptime_3241621 slurm_job_id=3241621 launched_at=2026-09-09T11:33:15.703780+00:00
    Total instances: 30, Series during experiment: 6, Windows: 5
    Collecting ground truth and context...
    Detected to_univariate case: 6 flat series -> 1 series x 6 variates
    Organizing data into arrays...
    Saved predictions (quantiles) to /fslarge/scratch/users/h61084/codes/adaptime/outputs/adaptime/evaluations/bayes_covariate_prediction/univariate/current_velocity/5T/long/run_0/predictions.npz
    Computing per-window metrics...
    Saved metrics to /fslarge/scratch/users/h61084/codes/adaptime/outputs/adaptime/evaluations/bayes_covariate_prediction/univariate/current_velocity/5T/long/run_0/metrics.npz
    Saved config to /fslarge/scratch/users/h61084/codes/adaptime/outputs/adaptime/evaluations/bayes_covariate_prediction/univariate/current_velocity/5T/long/run_0/config.json
    Saved aggregate metrics to /fslarge/scratch/users/h61084/codes/adaptime/outputs/adaptime/evaluations/bayes_covariate_prediction/univariate/current_velocity/5T/long/run_0/metrics_summary.json
    Metrics summary (averaged over all series/windows/variates):
      MSE: 5.7860
      MAE: 0.9071
      RMSE: 1.0934
      MAPE: 0.8436
      sMAPE: 0.4803
      MASE: 0.8083
      ND: 0.4370
      CRPS: 0.4370
/fslarge/scratch/users/h61084/codes/adaptime/outputs/adaptime/evaluations/bayes_covariate_prediction/univariate/current_velocity/5T/long/run_0/metrics_summary.json
TIME run allocation action=new run=/fslarge/scratch/users/h61084/codes/adaptime/outputs/adaptime/evaluations/full_ridge_shared/univariate/current_velocity/5T/long/run_0 launch_id=selena_adaptime_3241621 slurm_job_id=3241621 launched_at=2026-09-09T11:33:15.758328+00:00
    Total instances: 30, Series during experiment: 6, Windows: 5
    Collecting ground truth and context...
    Detected to_univariate case: 6 flat series -> 1 series x 6 variates
    Organizing data into arrays...
    Saved predictions (quantiles) to /fslarge/scratch/users/h61084/codes/adaptime/outputs/adaptime/evaluations/full_ridge_shared/univariate/current_velocity/5T/long/run_0/predictions.npz
    Computing per-window metrics...
    Saved metrics to /fslarge/scratch/users/h61084/codes/adaptime/outputs/adaptime/evaluations/full_ridge_shared/univariate/current_velocity/5T/long/run_0/metrics.npz
    Saved config to /fslarge/scratch/users/h61084/codes/adaptime/outputs/adaptime/evaluations/full_ridge_shared/univariate/current_velocity/5T/long/run_0/config.json
    Saved aggregate metrics to /fslarge/scratch/users/h61084/codes/adaptime/outputs/adaptime/evaluations/full_ridge_shared/univariate/current_velocity/5T/long/run_0/metrics_summary.json
    Metrics summary (averaged over all series/windows/variates):
      MSE: 5.5010
      MAE: 0.8948
      RMSE: 1.0754
      MAPE: 0.8620
      sMAPE: 0.5629
      MASE: 0.8655
      ND: 0.4689
      CRPS: 0.4689
/fslarge/scratch/users/h61084/codes/adaptime/outputs/adaptime/evaluations/full_ridge_shared/univariate/current_velocity/5T/long/run_0/metrics_summary.json
TIME run allocation action=new run=/fslarge/scratch/users/h61084/codes/adaptime/outputs/adaptime/evaluations/vanilla/univariate/current_velocity/10T/short/run_0 launch_id=selena_adaptime_3241621 slurm_job_id=3241621 launched_at=2026-09-09T11:33:15.814063+00:00
    Total instances: 7200, Series during experiment: 60, Windows: 120
    Collecting ground truth and context...
    Detected to_univariate case: 60 flat series -> 10 series x 6 variates
    Organizing data into arrays...
    Saved predictions (quantiles) to /fslarge/scratch/users/h61084/codes/adaptime/outputs/adaptime/evaluations/vanilla/univariate/current_velocity/10T/short/run_0/predictions.npz
    Computing per-window metrics...
    Saved metrics to /fslarge/scratch/users/h61084/codes/adaptime/outputs/adaptime/evaluations/vanilla/univariate/current_velocity/10T/short/run_0/metrics.npz
    Saved config to /fslarge/scratch/users/h61084/codes/adaptime/outputs/adaptime/evaluations/vanilla/univariate/current_velocity/10T/short/run_0/config.json
    Saved aggregate metrics to /fslarge/scratch/users/h61084/codes/adaptime/outputs/adaptime/evaluations/vanilla/univariate/current_velocity/10T/short/run_0/metrics_summary.json
    Metrics summary (averaged over all series/windows/variates):
      MSE: 7.0144
      MAE: 0.7190
      RMSE: 0.9037
      MAPE: 3150.0567
      sMAPE: 0.4371
      MASE: 0.5283
      ND: 0.3258
      CRPS: 0.3258
/fslarge/scratch/users/h61084/codes/adaptime/outputs/adaptime/evaluations/vanilla/univariate/current_velocity/10T/short/run_0/metrics_summary.json
TIME run allocation action=new run=/fslarge/scratch/users/h61084/codes/adaptime/outputs/adaptime/evaluations/covariate_prediction/univariate/current_velocity/10T/short/run_0 launch_id=selena_adaptime_3241621 slurm_job_id=3241621 launched_at=2026-09-09T11:33:17.091841+00:00
    Total instances: 7200, Series during experiment: 60, Windows: 120
    Collecting ground truth and context...
    Detected to_univariate case: 60 flat series -> 10 series x 6 variates
    Organizing data into arrays...
    Saved predictions (quantiles) to /fslarge/scratch/users/h61084/codes/adaptime/outputs/adaptime/evaluations/covariate_prediction/univariate/current_velocity/10T/short/run_0/predictions.npz
    Computing per-window metrics...
    Saved metrics to /fslarge/scratch/users/h61084/codes/adaptime/outputs/adaptime/evaluations/covariate_prediction/univariate/current_velocity/10T/short/run_0/metrics.npz
    Saved config to /fslarge/scratch/users/h61084/codes/adaptime/outputs/adaptime/evaluations/covariate_prediction/univariate/current_velocity/10T/short/run_0/config.json
    Saved aggregate metrics to /fslarge/scratch/users/h61084/codes/adaptime/outputs/adaptime/evaluations/covariate_prediction/univariate/current_velocity/10T/short/run_0/metrics_summary.json
    Metrics summary (averaged over all series/windows/variates):
      MSE: 7.0144
      MAE: 0.7190
      RMSE: 0.9037
      MAPE: 3150.0567
      sMAPE: 0.4371
      MASE: 0.5283
      ND: 0.3258
      CRPS: 0.3258
/fslarge/scratch/users/h61084/codes/adaptime/outputs/adaptime/evaluations/covariate_prediction/univariate/current_velocity/10T/short/run_0/metrics_summary.json
TIME run allocation action=new run=/fslarge/scratch/users/h61084/codes/adaptime/outputs/adaptime/evaluations/bayes_covariate_prediction/univariate/current_velocity/10T/short/run_0 launch_id=selena_adaptime_3241621 slurm_job_id=3241621 launched_at=2026-09-09T11:33:18.355376+00:00
    Total instances: 7200, Series during experiment: 60, Windows: 120
    Collecting ground truth and context...
    Detected to_univariate case: 60 flat series -> 10 series x 6 variates
    Organizing data into arrays...
    Saved predictions (quantiles) to /fslarge/scratch/users/h61084/codes/adaptime/outputs/adaptime/evaluations/bayes_covariate_prediction/univariate/current_velocity/10T/short/run_0/predictions.npz
    Computing per-window metrics...
    Saved metrics to /fslarge/scratch/users/h61084/codes/adaptime/outputs/adaptime/evaluations/bayes_covariate_prediction/univariate/current_velocity/10T/short/run_0/metrics.npz
    Saved config to /fslarge/scratch/users/h61084/codes/adaptime/outputs/adaptime/evaluations/bayes_covariate_prediction/univariate/current_velocity/10T/short/run_0/config.json
    Saved aggregate metrics to /fslarge/scratch/users/h61084/codes/adaptime/outputs/adaptime/evaluations/bayes_covariate_prediction/univariate/current_velocity/10T/short/run_0/metrics_summary.json
    Metrics summary (averaged over all series/windows/variates):
      MSE: 7.0144
      MAE: 0.7190
      RMSE: 0.9037
      MAPE: 3150.0567
      sMAPE: 0.4371
      MASE: 0.5283
      ND: 0.3258
      CRPS: 0.3258
/fslarge/scratch/users/h61084/codes/adaptime/outputs/adaptime/evaluations/bayes_covariate_prediction/univariate/current_velocity/10T/short/run_0/metrics_summary.json
TIME run allocation action=new run=/fslarge/scratch/users/h61084/codes/adaptime/outputs/adaptime/evaluations/full_ridge_shared/univariate/current_velocity/10T/short/run_0 launch_id=selena_adaptime_3241621 slurm_job_id=3241621 launched_at=2026-09-09T11:33:19.616498+00:00
    Total instances: 7200, Series during experiment: 60, Windows: 120
    Collecting ground truth and context...
    Detected to_univariate case: 60 flat series -> 10 series x 6 variates
    Organizing data into arrays...
    Saved predictions (quantiles) to /fslarge/scratch/users/h61084/codes/adaptime/outputs/adaptime/evaluations/full_ridge_shared/univariate/current_velocity/10T/short/run_0/predictions.npz
    Computing per-window metrics...
    Saved metrics to /fslarge/scratch/users/h61084/codes/adaptime/outputs/adaptime/evaluations/full_ridge_shared/univariate/current_velocity/10T/short/run_0/metrics.npz
    Saved config to /fslarge/scratch/users/h61084/codes/adaptime/outputs/adaptime/evaluations/full_ridge_shared/univariate/current_velocity/10T/short/run_0/config.json
    Saved aggregate metrics to /fslarge/scratch/users/h61084/codes/adaptime/outputs/adaptime/evaluations/full_ridge_shared/univariate/current_velocity/10T/short/run_0/metrics_summary.json
    Metrics summary (averaged over all series/windows/variates):
      MSE: 7.0144
      MAE: 0.7190
      RMSE: 0.9037
      MAPE: 3150.0567
      sMAPE: 0.4371
      MASE: 0.5283
      ND: 0.3258
      CRPS: 0.3258
/fslarge/scratch/users/h61084/codes/adaptime/outputs/adaptime/evaluations/full_ridge_shared/univariate/current_velocity/10T/short/run_0/metrics_summary.json
TIME run allocation action=new run=/fslarge/scratch/users/h61084/codes/adaptime/outputs/adaptime/evaluations/vanilla/univariate/current_velocity/10T/medium/run_0 launch_id=selena_adaptime_3241621 slurm_job_id=3241621 launched_at=2026-09-09T11:33:20.877981+00:00
    Total instances: 900, Series during experiment: 60, Windows: 15
    Collecting ground truth and context...
    Detected to_univariate case: 60 flat series -> 10 series x 6 variates
    Organizing data into arrays...
    Saved predictions (quantiles) to /fslarge/scratch/users/h61084/codes/adaptime/outputs/adaptime/evaluations/vanilla/univariate/current_velocity/10T/medium/run_0/predictions.npz
    Computing per-window metrics...
    Saved metrics to /fslarge/scratch/users/h61084/codes/adaptime/outputs/adaptime/evaluations/vanilla/univariate/current_velocity/10T/medium/run_0/metrics.npz
    Saved config to /fslarge/scratch/users/h61084/codes/adaptime/outputs/adaptime/evaluations/vanilla/univariate/current_velocity/10T/medium/run_0/config.json
    Saved aggregate metrics to /fslarge/scratch/users/h61084/codes/adaptime/outputs/adaptime/evaluations/vanilla/univariate/current_velocity/10T/medium/run_0/metrics_summary.json
    Metrics summary (averaged over all series/windows/variates):
      MSE: 9.5572
      MAE: 0.8879
      RMSE: 1.1819
      MAPE: 3372.1383
      sMAPE: 0.4860
      MASE: 0.6911
      ND: 0.3363
      CRPS: 0.3363
/fslarge/scratch/users/h61084/codes/adaptime/outputs/adaptime/evaluations/vanilla/univariate/current_velocity/10T/medium/run_0/metrics_summary.json
TIME run allocation action=new run=/fslarge/scratch/users/h61084/codes/adaptime/outputs/adaptime/evaluations/covariate_prediction/univariate/current_velocity/10T/medium/run_0 launch_id=selena_adaptime_3241621 slurm_job_id=3241621 launched_at=2026-09-09T11:33:21.137288+00:00
    Total instances: 900, Series during experiment: 60, Windows: 15
    Collecting ground truth and context...
    Detected to_univariate case: 60 flat series -> 10 series x 6 variates
    Organizing data into arrays...
    Saved predictions (quantiles) to /fslarge/scratch/users/h61084/codes/adaptime/outputs/adaptime/evaluations/covariate_prediction/univariate/current_velocity/10T/medium/run_0/predictions.npz
    Computing per-window metrics...
    Saved metrics to /fslarge/scratch/users/h61084/codes/adaptime/outputs/adaptime/evaluations/covariate_prediction/univariate/current_velocity/10T/medium/run_0/metrics.npz
    Saved config to /fslarge/scratch/users/h61084/codes/adaptime/outputs/adaptime/evaluations/covariate_prediction/univariate/current_velocity/10T/medium/run_0/config.json
    Saved aggregate metrics to /fslarge/scratch/users/h61084/codes/adaptime/outputs/adaptime/evaluations/covariate_prediction/univariate/current_velocity/10T/medium/run_0/metrics_summary.json
    Metrics summary (averaged over all series/windows/variates):
      MSE: 9.8226
      MAE: 0.8956
      RMSE: 1.1958
      MAPE: 3372.1569
      sMAPE: 0.4847
      MASE: 0.6948
      ND: 0.3386
      CRPS: 0.3386
/fslarge/scratch/users/h61084/codes/adaptime/outputs/adaptime/evaluations/covariate_prediction/univariate/current_velocity/10T/medium/run_0/metrics_summary.json
TIME run allocation action=new run=/fslarge/scratch/users/h61084/codes/adaptime/outputs/adaptime/evaluations/bayes_covariate_prediction/univariate/current_velocity/10T/medium/run_0 launch_id=selena_adaptime_3241621 slurm_job_id=3241621 launched_at=2026-09-09T11:33:21.396538+00:00
    Total instances: 900, Series during experiment: 60, Windows: 15
    Collecting ground truth and context...
    Detected to_univariate case: 60 flat series -> 10 series x 6 variates
    Organizing data into arrays...
    Saved predictions (quantiles) to /fslarge/scratch/users/h61084/codes/adaptime/outputs/adaptime/evaluations/bayes_covariate_prediction/univariate/current_velocity/10T/medium/run_0/predictions.npz
    Computing per-window metrics...
    Saved metrics to /fslarge/scratch/users/h61084/codes/adaptime/outputs/adaptime/evaluations/bayes_covariate_prediction/univariate/current_velocity/10T/medium/run_0/metrics.npz
    Saved config to /fslarge/scratch/users/h61084/codes/adaptime/outputs/adaptime/evaluations/bayes_covariate_prediction/univariate/current_velocity/10T/medium/run_0/config.json
    Saved aggregate metrics to /fslarge/scratch/users/h61084/codes/adaptime/outputs/adaptime/evaluations/bayes_covariate_prediction/univariate/current_velocity/10T/medium/run_0/metrics_summary.json
    Metrics summary (averaged over all series/windows/variates):
      MSE: 9.5394
      MAE: 0.8833
      RMSE: 1.1790
      MAPE: 3372.1398
      sMAPE: 0.4836
      MASE: 0.6861
      ND: 0.3346
      CRPS: 0.3346
/fslarge/scratch/users/h61084/codes/adaptime/outputs/adaptime/evaluations/bayes_covariate_prediction/univariate/current_velocity/10T/medium/run_0/metrics_summary.json
TIME run allocation action=new run=/fslarge/scratch/users/h61084/codes/adaptime/outputs/adaptime/evaluations/full_ridge_shared/univariate/current_velocity/10T/medium/run_0 launch_id=selena_adaptime_3241621 slurm_job_id=3241621 launched_at=2026-09-09T11:33:21.656338+00:00
    Total instances: 900, Series during experiment: 60, Windows: 15
    Collecting ground truth and context...
    Detected to_univariate case: 60 flat series -> 10 series x 6 variates
    Organizing data into arrays...
    Saved predictions (quantiles) to /fslarge/scratch/users/h61084/codes/adaptime/outputs/adaptime/evaluations/full_ridge_shared/univariate/current_velocity/10T/medium/run_0/predictions.npz
    Computing per-window metrics...
    Saved metrics to /fslarge/scratch/users/h61084/codes/adaptime/outputs/adaptime/evaluations/full_ridge_shared/univariate/current_velocity/10T/medium/run_0/metrics.npz
    Saved config to /fslarge/scratch/users/h61084/codes/adaptime/outputs/adaptime/evaluations/full_ridge_shared/univariate/current_velocity/10T/medium/run_0/config.json
    Saved aggregate metrics to /fslarge/scratch/users/h61084/codes/adaptime/outputs/adaptime/evaluations/full_ridge_shared/univariate/current_velocity/10T/medium/run_0/metrics_summary.json
    Metrics summary (averaged over all series/windows/variates):
      MSE: 9.5569
      MAE: 0.8879
      RMSE: 1.1819
      MAPE: 3372.1382
      sMAPE: 0.4863
      MASE: 0.6911
      ND: 0.3363
      CRPS: 0.3363
/fslarge/scratch/users/h61084/codes/adaptime/outputs/adaptime/evaluations/full_ridge_shared/univariate/current_velocity/10T/medium/run_0/metrics_summary.json
TIME run allocation action=new run=/fslarge/scratch/users/h61084/codes/adaptime/outputs/adaptime/evaluations/vanilla/univariate/current_velocity/10T/long/run_0 launch_id=selena_adaptime_3241621 slurm_job_id=3241621 launched_at=2026-09-09T11:33:21.916867+00:00
    Total instances: 300, Series during experiment: 60, Windows: 5
    Collecting ground truth and context...
    Detected to_univariate case: 60 flat series -> 10 series x 6 variates
    Organizing data into arrays...
    Saved predictions (quantiles) to /fslarge/scratch/users/h61084/codes/adaptime/outputs/adaptime/evaluations/vanilla/univariate/current_velocity/10T/long/run_0/predictions.npz
    Computing per-window metrics...
    Saved metrics to /fslarge/scratch/users/h61084/codes/adaptime/outputs/adaptime/evaluations/vanilla/univariate/current_velocity/10T/long/run_0/metrics.npz
    Saved config to /fslarge/scratch/users/h61084/codes/adaptime/outputs/adaptime/evaluations/vanilla/univariate/current_velocity/10T/long/run_0/config.json
    Saved aggregate metrics to /fslarge/scratch/users/h61084/codes/adaptime/outputs/adaptime/evaluations/vanilla/univariate/current_velocity/10T/long/run_0/metrics_summary.json
    Metrics summary (averaged over all series/windows/variates):
      MSE: 11.6768
      MAE: 1.0309
      RMSE: 1.3565
      MAPE: 3330.7745
      sMAPE: 0.5385
      MASE: 0.9351
      ND: 0.3834
      CRPS: 0.3834
/fslarge/scratch/users/h61084/codes/adaptime/outputs/adaptime/evaluations/vanilla/univariate/current_velocity/10T/long/run_0/metrics_summary.json
TIME run allocation action=new run=/fslarge/scratch/users/h61084/codes/adaptime/outputs/adaptime/evaluations/covariate_prediction/univariate/current_velocity/10T/long/run_0 launch_id=selena_adaptime_3241621 slurm_job_id=3241621 launched_at=2026-09-09T11:33:22.080214+00:00
    Total instances: 300, Series during experiment: 60, Windows: 5
    Collecting ground truth and context...
    Detected to_univariate case: 60 flat series -> 10 series x 6 variates
    Organizing data into arrays...
    Saved predictions (quantiles) to /fslarge/scratch/users/h61084/codes/adaptime/outputs/adaptime/evaluations/covariate_prediction/univariate/current_velocity/10T/long/run_0/predictions.npz
    Computing per-window metrics...
    Saved metrics to /fslarge/scratch/users/h61084/codes/adaptime/outputs/adaptime/evaluations/covariate_prediction/univariate/current_velocity/10T/long/run_0/metrics.npz
    Saved config to /fslarge/scratch/users/h61084/codes/adaptime/outputs/adaptime/evaluations/covariate_prediction/univariate/current_velocity/10T/long/run_0/config.json
    Saved aggregate metrics to /fslarge/scratch/users/h61084/codes/adaptime/outputs/adaptime/evaluations/covariate_prediction/univariate/current_velocity/10T/long/run_0/metrics_summary.json
    Metrics summary (averaged over all series/windows/variates):
      MSE: 13.4132
      MAE: 1.0679
      RMSE: 1.4036
      MAPE: 3330.8019
      sMAPE: 0.5353
      MASE: 0.9259
      ND: 0.3887
      CRPS: 0.3887
/fslarge/scratch/users/h61084/codes/adaptime/outputs/adaptime/evaluations/covariate_prediction/univariate/current_velocity/10T/long/run_0/metrics_summary.json
TIME run allocation action=new run=/fslarge/scratch/users/h61084/codes/adaptime/outputs/adaptime/evaluations/bayes_covariate_prediction/univariate/current_velocity/10T/long/run_0 launch_id=selena_adaptime_3241621 slurm_job_id=3241621 launched_at=2026-09-09T11:33:22.242418+00:00
    Total instances: 300, Series during experiment: 60, Windows: 5
    Collecting ground truth and context...
    Detected to_univariate case: 60 flat series -> 10 series x 6 variates
    Organizing data into arrays...
    Saved predictions (quantiles) to /fslarge/scratch/users/h61084/codes/adaptime/outputs/adaptime/evaluations/bayes_covariate_prediction/univariate/current_velocity/10T/long/run_0/predictions.npz
    Computing per-window metrics...
    Saved metrics to /fslarge/scratch/users/h61084/codes/adaptime/outputs/adaptime/evaluations/bayes_covariate_prediction/univariate/current_velocity/10T/long/run_0/metrics.npz
    Saved config to /fslarge/scratch/users/h61084/codes/adaptime/outputs/adaptime/evaluations/bayes_covariate_prediction/univariate/current_velocity/10T/long/run_0/config.json
    Saved aggregate metrics to /fslarge/scratch/users/h61084/codes/adaptime/outputs/adaptime/evaluations/bayes_covariate_prediction/univariate/current_velocity/10T/long/run_0/metrics_summary.json
    Metrics summary (averaged over all series/windows/variates):
      MSE: 12.0987
      MAE: 1.0328
      RMSE: 1.3610
      MAPE: 3330.7553
      sMAPE: 0.5331
      MASE: 0.9099
      ND: 0.3781
      CRPS: 0.3781
/fslarge/scratch/users/h61084/codes/adaptime/outputs/adaptime/evaluations/bayes_covariate_prediction/univariate/current_velocity/10T/long/run_0/metrics_summary.json
TIME run allocation action=new run=/fslarge/scratch/users/h61084/codes/adaptime/outputs/adaptime/evaluations/full_ridge_shared/univariate/current_velocity/10T/long/run_0 launch_id=selena_adaptime_3241621 slurm_job_id=3241621 launched_at=2026-09-09T11:33:22.404783+00:00
    Total instances: 300, Series during experiment: 60, Windows: 5
    Collecting ground truth and context...
    Detected to_univariate case: 60 flat series -> 10 series x 6 variates
    Organizing data into arrays...
    Saved predictions (quantiles) to /fslarge/scratch/users/h61084/codes/adaptime/outputs/adaptime/evaluations/full_ridge_shared/univariate/current_velocity/10T/long/run_0/predictions.npz
    Computing per-window metrics...
    Saved metrics to /fslarge/scratch/users/h61084/codes/adaptime/outputs/adaptime/evaluations/full_ridge_shared/univariate/current_velocity/10T/long/run_0/metrics.npz
    Saved config to /fslarge/scratch/users/h61084/codes/adaptime/outputs/adaptime/evaluations/full_ridge_shared/univariate/current_velocity/10T/long/run_0/config.json
    Saved aggregate metrics to /fslarge/scratch/users/h61084/codes/adaptime/outputs/adaptime/evaluations/full_ridge_shared/univariate/current_velocity/10T/long/run_0/metrics_summary.json
    Metrics summary (averaged over all series/windows/variates):
      MSE: 11.6725
      MAE: 1.0305
      RMSE: 1.3562
      MAPE: 3330.7813
      sMAPE: 0.5344
      MASE: 0.9359
      ND: 0.3846
      CRPS: 0.3846
/fslarge/scratch/users/h61084/codes/adaptime/outputs/adaptime/evaluations/full_ridge_shared/univariate/current_velocity/10T/long/run_0/metrics_summary.json
TIME run allocation action=new run=/fslarge/scratch/users/h61084/codes/adaptime/outputs/adaptime/evaluations/vanilla/univariate/current_velocity/15T/short/run_0 launch_id=selena_adaptime_3241621 slurm_job_id=3241621 launched_at=2026-09-09T11:33:22.568965+00:00
    Total instances: 3600, Series during experiment: 30, Windows: 120
    Collecting ground truth and context...
    Detected to_univariate case: 30 flat series -> 5 series x 6 variates
    Organizing data into arrays...
    Saved predictions (quantiles) to /fslarge/scratch/users/h61084/codes/adaptime/outputs/adaptime/evaluations/vanilla/univariate/current_velocity/15T/short/run_0/predictions.npz
    Computing per-window metrics...
    Saved metrics to /fslarge/scratch/users/h61084/codes/adaptime/outputs/adaptime/evaluations/vanilla/univariate/current_velocity/15T/short/run_0/metrics.npz
    Saved config to /fslarge/scratch/users/h61084/codes/adaptime/outputs/adaptime/evaluations/vanilla/univariate/current_velocity/15T/short/run_0/config.json
    Saved aggregate metrics to /fslarge/scratch/users/h61084/codes/adaptime/outputs/adaptime/evaluations/vanilla/univariate/current_velocity/15T/short/run_0/metrics_summary.json
    Metrics summary (averaged over all series/windows/variates):
      MSE: 6.0552
      MAE: 0.7411
      RMSE: 0.9016
      MAPE: 108212.7994
      sMAPE: 0.4683
      MASE: 0.5023
      ND: 0.3838
      CRPS: 0.3838
/fslarge/scratch/users/h61084/codes/adaptime/outputs/adaptime/evaluations/vanilla/univariate/current_velocity/15T/short/run_0/metrics_summary.json
TIME run allocation action=new run=/fslarge/scratch/users/h61084/codes/adaptime/outputs/adaptime/evaluations/covariate_prediction/univariate/current_velocity/15T/short/run_0 launch_id=selena_adaptime_3241621 slurm_job_id=3241621 launched_at=2026-09-09T11:33:23.054554+00:00
    Total instances: 3600, Series during experiment: 30, Windows: 120
    Collecting ground truth and context...
    Detected to_univariate case: 30 flat series -> 5 series x 6 variates
    Organizing data into arrays...
    Saved predictions (quantiles) to /fslarge/scratch/users/h61084/codes/adaptime/outputs/adaptime/evaluations/covariate_prediction/univariate/current_velocity/15T/short/run_0/predictions.npz
    Computing per-window metrics...
    Saved metrics to /fslarge/scratch/users/h61084/codes/adaptime/outputs/adaptime/evaluations/covariate_prediction/univariate/current_velocity/15T/short/run_0/metrics.npz
    Saved config to /fslarge/scratch/users/h61084/codes/adaptime/outputs/adaptime/evaluations/covariate_prediction/univariate/current_velocity/15T/short/run_0/config.json
    Saved aggregate metrics to /fslarge/scratch/users/h61084/codes/adaptime/outputs/adaptime/evaluations/covariate_prediction/univariate/current_velocity/15T/short/run_0/metrics_summary.json
    Metrics summary (averaged over all series/windows/variates):
      MSE: 6.0552
      MAE: 0.7411
      RMSE: 0.9016
      MAPE: 108212.7994
      sMAPE: 0.4683
      MASE: 0.5023
      ND: 0.3838
      CRPS: 0.3838
/fslarge/scratch/users/h61084/codes/adaptime/outputs/adaptime/evaluations/covariate_prediction/univariate/current_velocity/15T/short/run_0/metrics_summary.json
TIME run allocation action=new run=/fslarge/scratch/users/h61084/codes/adaptime/outputs/adaptime/evaluations/bayes_covariate_prediction/univariate/current_velocity/15T/short/run_0 launch_id=selena_adaptime_3241621 slurm_job_id=3241621 launched_at=2026-09-09T11:33:23.529606+00:00
    Total instances: 3600, Series during experiment: 30, Windows: 120
    Collecting ground truth and context...
    Detected to_univariate case: 30 flat series -> 5 series x 6 variates
    Organizing data into arrays...
    Saved predictions (quantiles) to /fslarge/scratch/users/h61084/codes/adaptime/outputs/adaptime/evaluations/bayes_covariate_prediction/univariate/current_velocity/15T/short/run_0/predictions.npz
    Computing per-window metrics...
    Saved metrics to /fslarge/scratch/users/h61084/codes/adaptime/outputs/adaptime/evaluations/bayes_covariate_prediction/univariate/current_velocity/15T/short/run_0/metrics.npz
    Saved config to /fslarge/scratch/users/h61084/codes/adaptime/outputs/adaptime/evaluations/bayes_covariate_prediction/univariate/current_velocity/15T/short/run_0/config.json
    Saved aggregate metrics to /fslarge/scratch/users/h61084/codes/adaptime/outputs/adaptime/evaluations/bayes_covariate_prediction/univariate/current_velocity/15T/short/run_0/metrics_summary.json
    Metrics summary (averaged over all series/windows/variates):
      MSE: 6.0552
      MAE: 0.7411
      RMSE: 0.9016
      MAPE: 108212.7994
      sMAPE: 0.4683
      MASE: 0.5023
      ND: 0.3838
      CRPS: 0.3838
/fslarge/scratch/users/h61084/codes/adaptime/outputs/adaptime/evaluations/bayes_covariate_prediction/univariate/current_velocity/15T/short/run_0/metrics_summary.json
TIME run allocation action=new run=/fslarge/scratch/users/h61084/codes/adaptime/outputs/adaptime/evaluations/full_ridge_shared/univariate/current_velocity/15T/short/run_0 launch_id=selena_adaptime_3241621 slurm_job_id=3241621 launched_at=2026-09-09T11:33:24.003217+00:00
    Total instances: 3600, Series during experiment: 30, Windows: 120
    Collecting ground truth and context...
    Detected to_univariate case: 30 flat series -> 5 series x 6 variates
    Organizing data into arrays...
    Saved predictions (quantiles) to /fslarge/scratch/users/h61084/codes/adaptime/outputs/adaptime/evaluations/full_ridge_shared/univariate/current_velocity/15T/short/run_0/predictions.npz
    Computing per-window metrics...
    Saved metrics to /fslarge/scratch/users/h61084/codes/adaptime/outputs/adaptime/evaluations/full_ridge_shared/univariate/current_velocity/15T/short/run_0/metrics.npz
    Saved config to /fslarge/scratch/users/h61084/codes/adaptime/outputs/adaptime/evaluations/full_ridge_shared/univariate/current_velocity/15T/short/run_0/config.json
    Saved aggregate metrics to /fslarge/scratch/users/h61084/codes/adaptime/outputs/adaptime/evaluations/full_ridge_shared/univariate/current_velocity/15T/short/run_0/metrics_summary.json
    Metrics summary (averaged over all series/windows/variates):
      MSE: 6.0552
      MAE: 0.7411
      RMSE: 0.9016
      MAPE: 108212.7994
      sMAPE: 0.4683
      MASE: 0.5023
      ND: 0.3838
      CRPS: 0.3838
/fslarge/scratch/users/h61084/codes/adaptime/outputs/adaptime/evaluations/full_ridge_shared/univariate/current_velocity/15T/short/run_0/metrics_summary.json
TIME run allocation action=new run=/fslarge/scratch/users/h61084/codes/adaptime/outputs/adaptime/evaluations/vanilla/univariate/current_velocity/15T/medium/run_0 launch_id=selena_adaptime_3241621 slurm_job_id=3241621 launched_at=2026-09-09T11:33:24.475997+00:00
    Total instances: 450, Series during experiment: 30, Windows: 15
    Collecting ground truth and context...
    Detected to_univariate case: 30 flat series -> 5 series x 6 variates
    Organizing data into arrays...
    Saved predictions (quantiles) to /fslarge/scratch/users/h61084/codes/adaptime/outputs/adaptime/evaluations/vanilla/univariate/current_velocity/15T/medium/run_0/predictions.npz
    Computing per-window metrics...
    Saved metrics to /fslarge/scratch/users/h61084/codes/adaptime/outputs/adaptime/evaluations/vanilla/univariate/current_velocity/15T/medium/run_0/metrics.npz
    Saved config to /fslarge/scratch/users/h61084/codes/adaptime/outputs/adaptime/evaluations/vanilla/univariate/current_velocity/15T/medium/run_0/config.json
    Saved aggregate metrics to /fslarge/scratch/users/h61084/codes/adaptime/outputs/adaptime/evaluations/vanilla/univariate/current_velocity/15T/medium/run_0/metrics_summary.json
    Metrics summary (averaged over all series/windows/variates):
      MSE: 8.9162
      MAE: 0.9588
      RMSE: 1.2072
      MAPE: 122394.5203
      sMAPE: 0.5727
      MASE: 0.7292
      ND: 0.4318
      CRPS: 0.4318
/fslarge/scratch/users/h61084/codes/adaptime/outputs/adaptime/evaluations/vanilla/univariate/current_velocity/15T/medium/run_0/metrics_summary.json
TIME run allocation action=new run=/fslarge/scratch/users/h61084/codes/adaptime/outputs/adaptime/evaluations/covariate_prediction/univariate/current_velocity/15T/medium/run_0 launch_id=selena_adaptime_3241621 slurm_job_id=3241621 launched_at=2026-09-09T11:33:24.581788+00:00
    Total instances: 450, Series during experiment: 30, Windows: 15
    Collecting ground truth and context...
    Detected to_univariate case: 30 flat series -> 5 series x 6 variates
    Organizing data into arrays...
    Saved predictions (quantiles) to /fslarge/scratch/users/h61084/codes/adaptime/outputs/adaptime/evaluations/covariate_prediction/univariate/current_velocity/15T/medium/run_0/predictions.npz
    Computing per-window metrics...
    Saved metrics to /fslarge/scratch/users/h61084/codes/adaptime/outputs/adaptime/evaluations/covariate_prediction/univariate/current_velocity/15T/medium/run_0/metrics.npz
    Saved config to /fslarge/scratch/users/h61084/codes/adaptime/outputs/adaptime/evaluations/covariate_prediction/univariate/current_velocity/15T/medium/run_0/config.json
    Saved aggregate metrics to /fslarge/scratch/users/h61084/codes/adaptime/outputs/adaptime/evaluations/covariate_prediction/univariate/current_velocity/15T/medium/run_0/metrics_summary.json
    Metrics summary (averaged over all series/windows/variates):
      MSE: 8.9162
      MAE: 0.9588
      RMSE: 1.2072
      MAPE: 122394.5203
      sMAPE: 0.5727
      MASE: 0.7292
      ND: 0.4318
      CRPS: 0.4318
/fslarge/scratch/users/h61084/codes/adaptime/outputs/adaptime/evaluations/covariate_prediction/univariate/current_velocity/15T/medium/run_0/metrics_summary.json
TIME run allocation action=new run=/fslarge/scratch/users/h61084/codes/adaptime/outputs/adaptime/evaluations/bayes_covariate_prediction/univariate/current_velocity/15T/medium/run_0 launch_id=selena_adaptime_3241621 slurm_job_id=3241621 launched_at=2026-09-09T11:33:24.686846+00:00
    Total instances: 450, Series during experiment: 30, Windows: 15
    Collecting ground truth and context...
    Detected to_univariate case: 30 flat series -> 5 series x 6 variates
    Organizing data into arrays...
    Saved predictions (quantiles) to /fslarge/scratch/users/h61084/codes/adaptime/outputs/adaptime/evaluations/bayes_covariate_prediction/univariate/current_velocity/15T/medium/run_0/predictions.npz
    Computing per-window metrics...
    Saved metrics to /fslarge/scratch/users/h61084/codes/adaptime/outputs/adaptime/evaluations/bayes_covariate_prediction/univariate/current_velocity/15T/medium/run_0/metrics.npz
    Saved config to /fslarge/scratch/users/h61084/codes/adaptime/outputs/adaptime/evaluations/bayes_covariate_prediction/univariate/current_velocity/15T/medium/run_0/config.json
    Saved aggregate metrics to /fslarge/scratch/users/h61084/codes/adaptime/outputs/adaptime/evaluations/bayes_covariate_prediction/univariate/current_velocity/15T/medium/run_0/metrics_summary.json
    Metrics summary (averaged over all series/windows/variates):
      MSE: 8.9162
      MAE: 0.9588
      RMSE: 1.2072
      MAPE: 122394.5203
      sMAPE: 0.5727
      MASE: 0.7292
      ND: 0.4318
      CRPS: 0.4318
/fslarge/scratch/users/h61084/codes/adaptime/outputs/adaptime/evaluations/bayes_covariate_prediction/univariate/current_velocity/15T/medium/run_0/metrics_summary.json
TIME run allocation action=new run=/fslarge/scratch/users/h61084/codes/adaptime/outputs/adaptime/evaluations/full_ridge_shared/univariate/current_velocity/15T/medium/run_0 launch_id=selena_adaptime_3241621 slurm_job_id=3241621 launched_at=2026-09-09T11:33:24.792328+00:00
    Total instances: 450, Series during experiment: 30, Windows: 15
    Collecting ground truth and context...
    Detected to_univariate case: 30 flat series -> 5 series x 6 variates
    Organizing data into arrays...
    Saved predictions (quantiles) to /fslarge/scratch/users/h61084/codes/adaptime/outputs/adaptime/evaluations/full_ridge_shared/univariate/current_velocity/15T/medium/run_0/predictions.npz
    Computing per-window metrics...
    Saved metrics to /fslarge/scratch/users/h61084/codes/adaptime/outputs/adaptime/evaluations/full_ridge_shared/univariate/current_velocity/15T/medium/run_0/metrics.npz
    Saved config to /fslarge/scratch/users/h61084/codes/adaptime/outputs/adaptime/evaluations/full_ridge_shared/univariate/current_velocity/15T/medium/run_0/config.json
    Saved aggregate metrics to /fslarge/scratch/users/h61084/codes/adaptime/outputs/adaptime/evaluations/full_ridge_shared/univariate/current_velocity/15T/medium/run_0/metrics_summary.json
    Metrics summary (averaged over all series/windows/variates):
      MSE: 8.9162
      MAE: 0.9588
      RMSE: 1.2072
      MAPE: 122394.5203
      sMAPE: 0.5727
      MASE: 0.7292
      ND: 0.4318
      CRPS: 0.4318
/fslarge/scratch/users/h61084/codes/adaptime/outputs/adaptime/evaluations/full_ridge_shared/univariate/current_velocity/15T/medium/run_0/metrics_summary.json
TIME run allocation action=new run=/fslarge/scratch/users/h61084/codes/adaptime/outputs/adaptime/evaluations/vanilla/univariate/current_velocity/15T/long/run_0 launch_id=selena_adaptime_3241621 slurm_job_id=3241621 launched_at=2026-09-09T11:33:24.898599+00:00
    Total instances: 150, Series during experiment: 30, Windows: 5
    Collecting ground truth and context...
    Detected to_univariate case: 30 flat series -> 5 series x 6 variates
    Organizing data into arrays...
    Saved predictions (quantiles) to /fslarge/scratch/users/h61084/codes/adaptime/outputs/adaptime/evaluations/vanilla/univariate/current_velocity/15T/long/run_0/predictions.npz
    Computing per-window metrics...
    Saved metrics to /fslarge/scratch/users/h61084/codes/adaptime/outputs/adaptime/evaluations/vanilla/univariate/current_velocity/15T/long/run_0/metrics.npz
    Saved config to /fslarge/scratch/users/h61084/codes/adaptime/outputs/adaptime/evaluations/vanilla/univariate/current_velocity/15T/long/run_0/config.json
    Saved aggregate metrics to /fslarge/scratch/users/h61084/codes/adaptime/outputs/adaptime/evaluations/vanilla/univariate/current_velocity/15T/long/run_0/metrics_summary.json
    Metrics summary (averaged over all series/windows/variates):
      MSE: 10.5457
      MAE: 1.0611
      RMSE: 1.3414
      MAPE: 119975.5289
      sMAPE: 0.5962
      MASE: 0.8344
      ND: 0.4490
      CRPS: 0.4490
/fslarge/scratch/users/h61084/codes/adaptime/outputs/adaptime/evaluations/vanilla/univariate/current_velocity/15T/long/run_0/metrics_summary.json
TIME run allocation action=new run=/fslarge/scratch/users/h61084/codes/adaptime/outputs/adaptime/evaluations/covariate_prediction/univariate/current_velocity/15T/long/run_0 launch_id=selena_adaptime_3241621 slurm_job_id=3241621 launched_at=2026-09-09T11:33:24.967700+00:00
    Total instances: 150, Series during experiment: 30, Windows: 5
    Collecting ground truth and context...
    Detected to_univariate case: 30 flat series -> 5 series x 6 variates
    Organizing data into arrays...
    Saved predictions (quantiles) to /fslarge/scratch/users/h61084/codes/adaptime/outputs/adaptime/evaluations/covariate_prediction/univariate/current_velocity/15T/long/run_0/predictions.npz
    Computing per-window metrics...
    Saved metrics to /fslarge/scratch/users/h61084/codes/adaptime/outputs/adaptime/evaluations/covariate_prediction/univariate/current_velocity/15T/long/run_0/metrics.npz
    Saved config to /fslarge/scratch/users/h61084/codes/adaptime/outputs/adaptime/evaluations/covariate_prediction/univariate/current_velocity/15T/long/run_0/config.json
    Saved aggregate metrics to /fslarge/scratch/users/h61084/codes/adaptime/outputs/adaptime/evaluations/covariate_prediction/univariate/current_velocity/15T/long/run_0/metrics_summary.json
    Metrics summary (averaged over all series/windows/variates):
      MSE: 10.5457
      MAE: 1.0611
      RMSE: 1.3414
      MAPE: 119975.5289
      sMAPE: 0.5962
      MASE: 0.8344
      ND: 0.4490
      CRPS: 0.4490
/fslarge/scratch/users/h61084/codes/adaptime/outputs/adaptime/evaluations/covariate_prediction/univariate/current_velocity/15T/long/run_0/metrics_summary.json
TIME run allocation action=new run=/fslarge/scratch/users/h61084/codes/adaptime/outputs/adaptime/evaluations/bayes_covariate_prediction/univariate/current_velocity/15T/long/run_0 launch_id=selena_adaptime_3241621 slurm_job_id=3241621 launched_at=2026-09-09T11:33:25.035539+00:00
    Total instances: 150, Series during experiment: 30, Windows: 5
    Collecting ground truth and context...
    Detected to_univariate case: 30 flat series -> 5 series x 6 variates
    Organizing data into arrays...
    Saved predictions (quantiles) to /fslarge/scratch/users/h61084/codes/adaptime/outputs/adaptime/evaluations/bayes_covariate_prediction/univariate/current_velocity/15T/long/run_0/predictions.npz
    Computing per-window metrics...
    Saved metrics to /fslarge/scratch/users/h61084/codes/adaptime/outputs/adaptime/evaluations/bayes_covariate_prediction/univariate/current_velocity/15T/long/run_0/metrics.npz
    Saved config to /fslarge/scratch/users/h61084/codes/adaptime/outputs/adaptime/evaluations/bayes_covariate_prediction/univariate/current_velocity/15T/long/run_0/config.json
    Saved aggregate metrics to /fslarge/scratch/users/h61084/codes/adaptime/outputs/adaptime/evaluations/bayes_covariate_prediction/univariate/current_velocity/15T/long/run_0/metrics_summary.json
    Metrics summary (averaged over all series/windows/variates):
      MSE: 10.5457
      MAE: 1.0611
      RMSE: 1.3414
      MAPE: 119975.5289
      sMAPE: 0.5962
      MASE: 0.8344
      ND: 0.4490
      CRPS: 0.4490
/fslarge/scratch/users/h61084/codes/adaptime/outputs/adaptime/evaluations/bayes_covariate_prediction/univariate/current_velocity/15T/long/run_0/metrics_summary.json
TIME run allocation action=new run=/fslarge/scratch/users/h61084/codes/adaptime/outputs/adaptime/evaluations/full_ridge_shared/univariate/current_velocity/15T/long/run_0 launch_id=selena_adaptime_3241621 slurm_job_id=3241621 launched_at=2026-09-09T11:33:25.103201+00:00
    Total instances: 150, Series during experiment: 30, Windows: 5
    Collecting ground truth and context...
    Detected to_univariate case: 30 flat series -> 5 series x 6 variates
    Organizing data into arrays...
    Saved predictions (quantiles) to /fslarge/scratch/users/h61084/codes/adaptime/outputs/adaptime/evaluations/full_ridge_shared/univariate/current_velocity/15T/long/run_0/predictions.npz
    Computing per-window metrics...
    Saved metrics to /fslarge/scratch/users/h61084/codes/adaptime/outputs/adaptime/evaluations/full_ridge_shared/univariate/current_velocity/15T/long/run_0/metrics.npz
    Saved config to /fslarge/scratch/users/h61084/codes/adaptime/outputs/adaptime/evaluations/full_ridge_shared/univariate/current_velocity/15T/long/run_0/config.json
    Saved aggregate metrics to /fslarge/scratch/users/h61084/codes/adaptime/outputs/adaptime/evaluations/full_ridge_shared/univariate/current_velocity/15T/long/run_0/metrics_summary.json
    Metrics summary (averaged over all series/windows/variates):
      MSE: 10.5457
      MAE: 1.0611
      RMSE: 1.3414
      MAPE: 119975.5289
      sMAPE: 0.5962
      MASE: 0.8344
      ND: 0.4490
      CRPS: 0.4490
/fslarge/scratch/users/h61084/codes/adaptime/outputs/adaptime/evaluations/full_ridge_shared/univariate/current_velocity/15T/long/run_0/metrics_summary.json
TIME run allocation action=new run=/fslarge/scratch/users/h61084/codes/adaptime/outputs/adaptime/evaluations/vanilla/univariate/current_velocity/20T/short/run_0 launch_id=selena_adaptime_3241621 slurm_job_id=3241621 launched_at=2026-09-09T11:33:25.172588+00:00
    Total instances: 19440, Series during experiment: 162, Windows: 120
    Collecting ground truth and context...
    Detected to_univariate case: 162 flat series -> 27 series x 6 variates
    Organizing data into arrays...
    Saved predictions (quantiles) to /fslarge/scratch/users/h61084/codes/adaptime/outputs/adaptime/evaluations/vanilla/univariate/current_velocity/20T/short/run_0/predictions.npz
    Computing per-window metrics...
    Saved metrics to /fslarge/scratch/users/h61084/codes/adaptime/outputs/adaptime/evaluations/vanilla/univariate/current_velocity/20T/short/run_0/metrics.npz
    Saved config to /fslarge/scratch/users/h61084/codes/adaptime/outputs/adaptime/evaluations/vanilla/univariate/current_velocity/20T/short/run_0/config.json
    Saved aggregate metrics to /fslarge/scratch/users/h61084/codes/adaptime/outputs/adaptime/evaluations/vanilla/univariate/current_velocity/20T/short/run_0/metrics_summary.json
    Metrics summary (averaged over all series/windows/variates):
      MSE: 4.1752
      MAE: 0.6052
      RMSE: 0.7125
      MAPE: 0.9216
      sMAPE: 0.4226
      MASE: 0.4791
      ND: 0.3410
      CRPS: 0.3410
/fslarge/scratch/users/h61084/codes/adaptime/outputs/adaptime/evaluations/vanilla/univariate/current_velocity/20T/short/run_0/metrics_summary.json
TIME run allocation action=new run=/fslarge/scratch/users/h61084/codes/adaptime/outputs/adaptime/evaluations/covariate_prediction/univariate/current_velocity/20T/short/run_0 launch_id=selena_adaptime_3241621 slurm_job_id=3241621 launched_at=2026-09-09T11:33:27.470096+00:00
    Total instances: 19440, Series during experiment: 162, Windows: 120
    Collecting ground truth and context...
    Detected to_univariate case: 162 flat series -> 27 series x 6 variates
    Organizing data into arrays...
    Saved predictions (quantiles) to /fslarge/scratch/users/h61084/codes/adaptime/outputs/adaptime/evaluations/covariate_prediction/univariate/current_velocity/20T/short/run_0/predictions.npz
    Computing per-window metrics...
    Saved metrics to /fslarge/scratch/users/h61084/codes/adaptime/outputs/adaptime/evaluations/covariate_prediction/univariate/current_velocity/20T/short/run_0/metrics.npz
    Saved config to /fslarge/scratch/users/h61084/codes/adaptime/outputs/adaptime/evaluations/covariate_prediction/univariate/current_velocity/20T/short/run_0/config.json
    Saved aggregate metrics to /fslarge/scratch/users/h61084/codes/adaptime/outputs/adaptime/evaluations/covariate_prediction/univariate/current_velocity/20T/short/run_0/metrics_summary.json
    Metrics summary (averaged over all series/windows/variates):
      MSE: 4.1752
      MAE: 0.6052
      RMSE: 0.7125
      MAPE: 0.9216
      sMAPE: 0.4226
      MASE: 0.4791
      ND: 0.3410
      CRPS: 0.3410
/fslarge/scratch/users/h61084/codes/adaptime/outputs/adaptime/evaluations/covariate_prediction/univariate/current_velocity/20T/short/run_0/metrics_summary.json
TIME run allocation action=new run=/fslarge/scratch/users/h61084/codes/adaptime/outputs/adaptime/evaluations/bayes_covariate_prediction/univariate/current_velocity/20T/short/run_0 launch_id=selena_adaptime_3241621 slurm_job_id=3241621 launched_at=2026-09-09T11:33:29.730069+00:00
    Total instances: 19440, Series during experiment: 162, Windows: 120
    Collecting ground truth and context...
    Detected to_univariate case: 162 flat series -> 27 series x 6 variates
    Organizing data into arrays...
    Saved predictions (quantiles) to /fslarge/scratch/users/h61084/codes/adaptime/outputs/adaptime/evaluations/bayes_covariate_prediction/univariate/current_velocity/20T/short/run_0/predictions.npz
    Computing per-window metrics...
    Saved metrics to /fslarge/scratch/users/h61084/codes/adaptime/outputs/adaptime/evaluations/bayes_covariate_prediction/univariate/current_velocity/20T/short/run_0/metrics.npz
    Saved config to /fslarge/scratch/users/h61084/codes/adaptime/outputs/adaptime/evaluations/bayes_covariate_prediction/univariate/current_velocity/20T/short/run_0/config.json
    Saved aggregate metrics to /fslarge/scratch/users/h61084/codes/adaptime/outputs/adaptime/evaluations/bayes_covariate_prediction/univariate/current_velocity/20T/short/run_0/metrics_summary.json
    Metrics summary (averaged over all series/windows/variates):
      MSE: 4.1752
      MAE: 0.6052
      RMSE: 0.7125
      MAPE: 0.9216
      sMAPE: 0.4226
      MASE: 0.4791
      ND: 0.3410
      CRPS: 0.3410
/fslarge/scratch/users/h61084/codes/adaptime/outputs/adaptime/evaluations/bayes_covariate_prediction/univariate/current_velocity/20T/short/run_0/metrics_summary.json
TIME run allocation action=new run=/fslarge/scratch/users/h61084/codes/adaptime/outputs/adaptime/evaluations/full_ridge_shared/univariate/current_velocity/20T/short/run_0 launch_id=selena_adaptime_3241621 slurm_job_id=3241621 launched_at=2026-09-09T11:33:31.994214+00:00
    Total instances: 19440, Series during experiment: 162, Windows: 120
    Collecting ground truth and context...
    Detected to_univariate case: 162 flat series -> 27 series x 6 variates
    Organizing data into arrays...
    Saved predictions (quantiles) to /fslarge/scratch/users/h61084/codes/adaptime/outputs/adaptime/evaluations/full_ridge_shared/univariate/current_velocity/20T/short/run_0/predictions.npz
    Computing per-window metrics...
    Saved metrics to /fslarge/scratch/users/h61084/codes/adaptime/outputs/adaptime/evaluations/full_ridge_shared/univariate/current_velocity/20T/short/run_0/metrics.npz
    Saved config to /fslarge/scratch/users/h61084/codes/adaptime/outputs/adaptime/evaluations/full_ridge_shared/univariate/current_velocity/20T/short/run_0/config.json
    Saved aggregate metrics to /fslarge/scratch/users/h61084/codes/adaptime/outputs/adaptime/evaluations/full_ridge_shared/univariate/current_velocity/20T/short/run_0/metrics_summary.json
    Metrics summary (averaged over all series/windows/variates):
      MSE: 4.1752
      MAE: 0.6052
      RMSE: 0.7125
      MAPE: 0.9216
      sMAPE: 0.4226
      MASE: 0.4791
      ND: 0.3410
      CRPS: 0.3410
/fslarge/scratch/users/h61084/codes/adaptime/outputs/adaptime/evaluations/full_ridge_shared/univariate/current_velocity/20T/short/run_0/metrics_summary.json
TIME run allocation action=new run=/fslarge/scratch/users/h61084/codes/adaptime/outputs/adaptime/evaluations/vanilla/univariate/current_velocity/20T/medium/run_0 launch_id=selena_adaptime_3241621 slurm_job_id=3241621 launched_at=2026-09-09T11:33:34.258237+00:00
    Total instances: 2430, Series during experiment: 162, Windows: 15
    Collecting ground truth and context...
    Detected to_univariate case: 162 flat series -> 27 series x 6 variates
    Organizing data into arrays...
    Saved predictions (quantiles) to /fslarge/scratch/users/h61084/codes/adaptime/outputs/adaptime/evaluations/vanilla/univariate/current_velocity/20T/medium/run_0/predictions.npz
    Computing per-window metrics...
    Saved metrics to /fslarge/scratch/users/h61084/codes/adaptime/outputs/adaptime/evaluations/vanilla/univariate/current_velocity/20T/medium/run_0/metrics.npz
    Saved config to /fslarge/scratch/users/h61084/codes/adaptime/outputs/adaptime/evaluations/vanilla/univariate/current_velocity/20T/medium/run_0/config.json
    Saved aggregate metrics to /fslarge/scratch/users/h61084/codes/adaptime/outputs/adaptime/evaluations/vanilla/univariate/current_velocity/20T/medium/run_0/metrics_summary.json
    Metrics summary (averaged over all series/windows/variates):
      MSE: 7.8027
      MAE: 0.8831
      RMSE: 1.0873
      MAPE: 1.1919
      sMAPE: 0.5212
      MASE: 0.7585
      ND: 0.3903
      CRPS: 0.3903
/fslarge/scratch/users/h61084/codes/adaptime/outputs/adaptime/evaluations/vanilla/univariate/current_velocity/20T/medium/run_0/metrics_summary.json
TIME run allocation action=new run=/fslarge/scratch/users/h61084/codes/adaptime/outputs/adaptime/evaluations/covariate_prediction/univariate/current_velocity/20T/medium/run_0 launch_id=selena_adaptime_3241621 slurm_job_id=3241621 launched_at=2026-09-09T11:33:34.622368+00:00
    Total instances: 2430, Series during experiment: 162, Windows: 15
    Collecting ground truth and context...
    Detected to_univariate case: 162 flat series -> 27 series x 6 variates
    Organizing data into arrays...
    Saved predictions (quantiles) to /fslarge/scratch/users/h61084/codes/adaptime/outputs/adaptime/evaluations/covariate_prediction/univariate/current_velocity/20T/medium/run_0/predictions.npz
    Computing per-window metrics...
    Saved metrics to /fslarge/scratch/users/h61084/codes/adaptime/outputs/adaptime/evaluations/covariate_prediction/univariate/current_velocity/20T/medium/run_0/metrics.npz
    Saved config to /fslarge/scratch/users/h61084/codes/adaptime/outputs/adaptime/evaluations/covariate_prediction/univariate/current_velocity/20T/medium/run_0/config.json
    Saved aggregate metrics to /fslarge/scratch/users/h61084/codes/adaptime/outputs/adaptime/evaluations/covariate_prediction/univariate/current_velocity/20T/medium/run_0/metrics_summary.json
    Metrics summary (averaged over all series/windows/variates):
      MSE: 7.8027
      MAE: 0.8831
      RMSE: 1.0873
      MAPE: 1.1919
      sMAPE: 0.5212
      MASE: 0.7585
      ND: 0.3903
      CRPS: 0.3903
/fslarge/scratch/users/h61084/codes/adaptime/outputs/adaptime/evaluations/covariate_prediction/univariate/current_velocity/20T/medium/run_0/metrics_summary.json
TIME run allocation action=new run=/fslarge/scratch/users/h61084/codes/adaptime/outputs/adaptime/evaluations/bayes_covariate_prediction/univariate/current_velocity/20T/medium/run_0 launch_id=selena_adaptime_3241621 slurm_job_id=3241621 launched_at=2026-09-09T11:33:34.984988+00:00
    Total instances: 2430, Series during experiment: 162, Windows: 15
    Collecting ground truth and context...
    Detected to_univariate case: 162 flat series -> 27 series x 6 variates
    Organizing data into arrays...
    Saved predictions (quantiles) to /fslarge/scratch/users/h61084/codes/adaptime/outputs/adaptime/evaluations/bayes_covariate_prediction/univariate/current_velocity/20T/medium/run_0/predictions.npz
    Computing per-window metrics...
    Saved metrics to /fslarge/scratch/users/h61084/codes/adaptime/outputs/adaptime/evaluations/bayes_covariate_prediction/univariate/current_velocity/20T/medium/run_0/metrics.npz
    Saved config to /fslarge/scratch/users/h61084/codes/adaptime/outputs/adaptime/evaluations/bayes_covariate_prediction/univariate/current_velocity/20T/medium/run_0/config.json
    Saved aggregate metrics to /fslarge/scratch/users/h61084/codes/adaptime/outputs/adaptime/evaluations/bayes_covariate_prediction/univariate/current_velocity/20T/medium/run_0/metrics_summary.json
    Metrics summary (averaged over all series/windows/variates):
      MSE: 7.8027
      MAE: 0.8831
      RMSE: 1.0873
      MAPE: 1.1919
      sMAPE: 0.5212
      MASE: 0.7585
      ND: 0.3903
      CRPS: 0.3903
/fslarge/scratch/users/h61084/codes/adaptime/outputs/adaptime/evaluations/bayes_covariate_prediction/univariate/current_velocity/20T/medium/run_0/metrics_summary.json
TIME run allocation action=new run=/fslarge/scratch/users/h61084/codes/adaptime/outputs/adaptime/evaluations/full_ridge_shared/univariate/current_velocity/20T/medium/run_0 launch_id=selena_adaptime_3241621 slurm_job_id=3241621 launched_at=2026-09-09T11:33:35.347908+00:00
    Total instances: 2430, Series during experiment: 162, Windows: 15
    Collecting ground truth and context...
    Detected to_univariate case: 162 flat series -> 27 series x 6 variates
    Organizing data into arrays...
    Saved predictions (quantiles) to /fslarge/scratch/users/h61084/codes/adaptime/outputs/adaptime/evaluations/full_ridge_shared/univariate/current_velocity/20T/medium/run_0/predictions.npz
    Computing per-window metrics...
    Saved metrics to /fslarge/scratch/users/h61084/codes/adaptime/outputs/adaptime/evaluations/full_ridge_shared/univariate/current_velocity/20T/medium/run_0/metrics.npz
    Saved config to /fslarge/scratch/users/h61084/codes/adaptime/outputs/adaptime/evaluations/full_ridge_shared/univariate/current_velocity/20T/medium/run_0/config.json
    Saved aggregate metrics to /fslarge/scratch/users/h61084/codes/adaptime/outputs/adaptime/evaluations/full_ridge_shared/univariate/current_velocity/20T/medium/run_0/metrics_summary.json
    Metrics summary (averaged over all series/windows/variates):
      MSE: 7.8027
      MAE: 0.8831
      RMSE: 1.0873
      MAPE: 1.1919
      sMAPE: 0.5212
      MASE: 0.7585
      ND: 0.3903
      CRPS: 0.3903
/fslarge/scratch/users/h61084/codes/adaptime/outputs/adaptime/evaluations/full_ridge_shared/univariate/current_velocity/20T/medium/run_0/metrics_summary.json
TIME run allocation action=new run=/fslarge/scratch/users/h61084/codes/adaptime/outputs/adaptime/evaluations/vanilla/univariate/current_velocity/20T/long/run_0 launch_id=selena_adaptime_3241621 slurm_job_id=3241621 launched_at=2026-09-09T11:33:35.711685+00:00
    Total instances: 810, Series during experiment: 162, Windows: 5
    Collecting ground truth and context...
    Detected to_univariate case: 162 flat series -> 27 series x 6 variates
    Organizing data into arrays...
    Saved predictions (quantiles) to /fslarge/scratch/users/h61084/codes/adaptime/outputs/adaptime/evaluations/vanilla/univariate/current_velocity/20T/long/run_0/predictions.npz
    Computing per-window metrics...
    Saved metrics to /fslarge/scratch/users/h61084/codes/adaptime/outputs/adaptime/evaluations/vanilla/univariate/current_velocity/20T/long/run_0/metrics.npz
    Saved config to /fslarge/scratch/users/h61084/codes/adaptime/outputs/adaptime/evaluations/vanilla/univariate/current_velocity/20T/long/run_0/config.json
    Saved aggregate metrics to /fslarge/scratch/users/h61084/codes/adaptime/outputs/adaptime/evaluations/vanilla/univariate/current_velocity/20T/long/run_0/metrics_summary.json
    Metrics summary (averaged over all series/windows/variates):
      MSE: 9.8930
      MAE: 1.0359
      RMSE: 1.3006
      MAPE: 1.5364
      sMAPE: 0.6062
      MASE: 1.0475
      ND: 0.4633
      CRPS: 0.4633
/fslarge/scratch/users/h61084/codes/adaptime/outputs/adaptime/evaluations/vanilla/univariate/current_velocity/20T/long/run_0/metrics_summary.json
TIME run allocation action=new run=/fslarge/scratch/users/h61084/codes/adaptime/outputs/adaptime/evaluations/covariate_prediction/univariate/current_velocity/20T/long/run_0 launch_id=selena_adaptime_3241621 slurm_job_id=3241621 launched_at=2026-09-09T11:33:35.894445+00:00
    Total instances: 810, Series during experiment: 162, Windows: 5
    Collecting ground truth and context...
    Detected to_univariate case: 162 flat series -> 27 series x 6 variates
    Organizing data into arrays...
    Saved predictions (quantiles) to /fslarge/scratch/users/h61084/codes/adaptime/outputs/adaptime/evaluations/covariate_prediction/univariate/current_velocity/20T/long/run_0/predictions.npz
    Computing per-window metrics...
    Saved metrics to /fslarge/scratch/users/h61084/codes/adaptime/outputs/adaptime/evaluations/covariate_prediction/univariate/current_velocity/20T/long/run_0/metrics.npz
    Saved config to /fslarge/scratch/users/h61084/codes/adaptime/outputs/adaptime/evaluations/covariate_prediction/univariate/current_velocity/20T/long/run_0/config.json
    Saved aggregate metrics to /fslarge/scratch/users/h61084/codes/adaptime/outputs/adaptime/evaluations/covariate_prediction/univariate/current_velocity/20T/long/run_0/metrics_summary.json
    Metrics summary (averaged over all series/windows/variates):
      MSE: 9.8930
      MAE: 1.0359
      RMSE: 1.3006
      MAPE: 1.5364
      sMAPE: 0.6062
      MASE: 1.0475
      ND: 0.4633
      CRPS: 0.4633
/fslarge/scratch/users/h61084/codes/adaptime/outputs/adaptime/evaluations/covariate_prediction/univariate/current_velocity/20T/long/run_0/metrics_summary.json
TIME run allocation action=new run=/fslarge/scratch/users/h61084/codes/adaptime/outputs/adaptime/evaluations/bayes_covariate_prediction/univariate/current_velocity/20T/long/run_0 launch_id=selena_adaptime_3241621 slurm_job_id=3241621 launched_at=2026-09-09T11:33:36.076599+00:00
    Total instances: 810, Series during experiment: 162, Windows: 5
    Collecting ground truth and context...
    Detected to_univariate case: 162 flat series -> 27 series x 6 variates
    Organizing data into arrays...
    Saved predictions (quantiles) to /fslarge/scratch/users/h61084/codes/adaptime/outputs/adaptime/evaluations/bayes_covariate_prediction/univariate/current_velocity/20T/long/run_0/predictions.npz
    Computing per-window metrics...
    Saved metrics to /fslarge/scratch/users/h61084/codes/adaptime/outputs/adaptime/evaluations/bayes_covariate_prediction/univariate/current_velocity/20T/long/run_0/metrics.npz
    Saved config to /fslarge/scratch/users/h61084/codes/adaptime/outputs/adaptime/evaluations/bayes_covariate_prediction/univariate/current_velocity/20T/long/run_0/config.json
    Saved aggregate metrics to /fslarge/scratch/users/h61084/codes/adaptime/outputs/adaptime/evaluations/bayes_covariate_prediction/univariate/current_velocity/20T/long/run_0/metrics_summary.json
    Metrics summary (averaged over all series/windows/variates):
      MSE: 9.8930
      MAE: 1.0359
      RMSE: 1.3006
      MAPE: 1.5364
      sMAPE: 0.6062
      MASE: 1.0475
      ND: 0.4633
      CRPS: 0.4633
/fslarge/scratch/users/h61084/codes/adaptime/outputs/adaptime/evaluations/bayes_covariate_prediction/univariate/current_velocity/20T/long/run_0/metrics_summary.json
TIME run allocation action=new run=/fslarge/scratch/users/h61084/codes/adaptime/outputs/adaptime/evaluations/full_ridge_shared/univariate/current_velocity/20T/long/run_0 launch_id=selena_adaptime_3241621 slurm_job_id=3241621 launched_at=2026-09-09T11:33:36.259862+00:00
    Total instances: 810, Series during experiment: 162, Windows: 5
    Collecting ground truth and context...
    Detected to_univariate case: 162 flat series -> 27 series x 6 variates
    Organizing data into arrays...
    Saved predictions (quantiles) to /fslarge/scratch/users/h61084/codes/adaptime/outputs/adaptime/evaluations/full_ridge_shared/univariate/current_velocity/20T/long/run_0/predictions.npz
    Computing per-window metrics...
    Saved metrics to /fslarge/scratch/users/h61084/codes/adaptime/outputs/adaptime/evaluations/full_ridge_shared/univariate/current_velocity/20T/long/run_0/metrics.npz
    Saved config to /fslarge/scratch/users/h61084/codes/adaptime/outputs/adaptime/evaluations/full_ridge_shared/univariate/current_velocity/20T/long/run_0/config.json
    Saved aggregate metrics to /fslarge/scratch/users/h61084/codes/adaptime/outputs/adaptime/evaluations/full_ridge_shared/univariate/current_velocity/20T/long/run_0/metrics_summary.json
    Metrics summary (averaged over all series/windows/variates):
      MSE: 9.8930
      MAE: 1.0359
      RMSE: 1.3006
      MAPE: 1.5364
      sMAPE: 0.6062
      MASE: 1.0475
      ND: 0.4633
      CRPS: 0.4633
/fslarge/scratch/users/h61084/codes/adaptime/outputs/adaptime/evaluations/full_ridge_shared/univariate/current_velocity/20T/long/run_0/metrics_summary.json
TIME run allocation action=new run=/fslarge/scratch/users/h61084/codes/adaptime/outputs/adaptime/evaluations/vanilla/univariate/current_velocity/H/short/run_0 launch_id=selena_adaptime_3241621 slurm_job_id=3241621 launched_at=2026-09-09T11:33:36.444714+00:00
    Total instances: 3528, Series during experiment: 126, Windows: 28
    Collecting ground truth and context...
    Detected to_univariate case: 126 flat series -> 21 series x 6 variates
    Organizing data into arrays...
    Saved predictions (quantiles) to /fslarge/scratch/users/h61084/codes/adaptime/outputs/adaptime/evaluations/vanilla/univariate/current_velocity/H/short/run_0/predictions.npz
    Computing per-window metrics...
    Saved metrics to /fslarge/scratch/users/h61084/codes/adaptime/outputs/adaptime/evaluations/vanilla/univariate/current_velocity/H/short/run_0/metrics.npz
    Saved config to /fslarge/scratch/users/h61084/codes/adaptime/outputs/adaptime/evaluations/vanilla/univariate/current_velocity/H/short/run_0/config.json
    Saved aggregate metrics to /fslarge/scratch/users/h61084/codes/adaptime/outputs/adaptime/evaluations/vanilla/univariate/current_velocity/H/short/run_0/metrics_summary.json
    Metrics summary (averaged over all series/windows/variates):
      MSE: 6.5846
      MAE: 0.7995
      RMSE: 0.9959
      MAPE: 1990655322254.2659
      sMAPE: 0.4414
      MASE: 0.7026
      ND: 0.3334
      CRPS: 0.3334
/fslarge/scratch/users/h61084/codes/adaptime/outputs/adaptime/evaluations/vanilla/univariate/current_velocity/H/short/run_0/metrics_summary.json
TIME run allocation action=new run=/fslarge/scratch/users/h61084/codes/adaptime/outputs/adaptime/evaluations/covariate_prediction/univariate/current_velocity/H/short/run_0 launch_id=selena_adaptime_3241621 slurm_job_id=3241621 launched_at=2026-09-09T11:33:36.791197+00:00
    Total instances: 3528, Series during experiment: 126, Windows: 28
    Collecting ground truth and context...
    Detected to_univariate case: 126 flat series -> 21 series x 6 variates
    Organizing data into arrays...
    Saved predictions (quantiles) to /fslarge/scratch/users/h61084/codes/adaptime/outputs/adaptime/evaluations/covariate_prediction/univariate/current_velocity/H/short/run_0/predictions.npz
    Computing per-window metrics...
    Saved metrics to /fslarge/scratch/users/h61084/codes/adaptime/outputs/adaptime/evaluations/covariate_prediction/univariate/current_velocity/H/short/run_0/metrics.npz
    Saved config to /fslarge/scratch/users/h61084/codes/adaptime/outputs/adaptime/evaluations/covariate_prediction/univariate/current_velocity/H/short/run_0/config.json
    Saved aggregate metrics to /fslarge/scratch/users/h61084/codes/adaptime/outputs/adaptime/evaluations/covariate_prediction/univariate/current_velocity/H/short/run_0/metrics_summary.json
    Metrics summary (averaged over all series/windows/variates):
      MSE: 6.5846
      MAE: 0.7995
      RMSE: 0.9959
      MAPE: 1990655322254.2659
      sMAPE: 0.4414
      MASE: 0.7026
      ND: 0.3334
      CRPS: 0.3334
/fslarge/scratch/users/h61084/codes/adaptime/outputs/adaptime/evaluations/covariate_prediction/univariate/current_velocity/H/short/run_0/metrics_summary.json
TIME run allocation action=new run=/fslarge/scratch/users/h61084/codes/adaptime/outputs/adaptime/evaluations/bayes_covariate_prediction/univariate/current_velocity/H/short/run_0 launch_id=selena_adaptime_3241621 slurm_job_id=3241621 launched_at=2026-09-09T11:33:37.124343+00:00
    Total instances: 3528, Series during experiment: 126, Windows: 28
    Collecting ground truth and context...
    Detected to_univariate case: 126 flat series -> 21 series x 6 variates
    Organizing data into arrays...
    Saved predictions (quantiles) to /fslarge/scratch/users/h61084/codes/adaptime/outputs/adaptime/evaluations/bayes_covariate_prediction/univariate/current_velocity/H/short/run_0/predictions.npz
    Computing per-window metrics...
    Saved metrics to /fslarge/scratch/users/h61084/codes/adaptime/outputs/adaptime/evaluations/bayes_covariate_prediction/univariate/current_velocity/H/short/run_0/metrics.npz
    Saved config to /fslarge/scratch/users/h61084/codes/adaptime/outputs/adaptime/evaluations/bayes_covariate_prediction/univariate/current_velocity/H/short/run_0/config.json
    Saved aggregate metrics to /fslarge/scratch/users/h61084/codes/adaptime/outputs/adaptime/evaluations/bayes_covariate_prediction/univariate/current_velocity/H/short/run_0/metrics_summary.json
    Metrics summary (averaged over all series/windows/variates):
      MSE: 6.5846
      MAE: 0.7995
      RMSE: 0.9959
      MAPE: 1990655322254.2659
      sMAPE: 0.4414
      MASE: 0.7026
      ND: 0.3334
      CRPS: 0.3334
/fslarge/scratch/users/h61084/codes/adaptime/outputs/adaptime/evaluations/bayes_covariate_prediction/univariate/current_velocity/H/short/run_0/metrics_summary.json
TIME run allocation action=new run=/fslarge/scratch/users/h61084/codes/adaptime/outputs/adaptime/evaluations/full_ridge_shared/univariate/current_velocity/H/short/run_0 launch_id=selena_adaptime_3241621 slurm_job_id=3241621 launched_at=2026-09-09T11:33:37.456331+00:00
    Total instances: 3528, Series during experiment: 126, Windows: 28
    Collecting ground truth and context...
    Detected to_univariate case: 126 flat series -> 21 series x 6 variates
    Organizing data into arrays...
    Saved predictions (quantiles) to /fslarge/scratch/users/h61084/codes/adaptime/outputs/adaptime/evaluations/full_ridge_shared/univariate/current_velocity/H/short/run_0/predictions.npz
    Computing per-window metrics...
    Saved metrics to /fslarge/scratch/users/h61084/codes/adaptime/outputs/adaptime/evaluations/full_ridge_shared/univariate/current_velocity/H/short/run_0/metrics.npz
    Saved config to /fslarge/scratch/users/h61084/codes/adaptime/outputs/adaptime/evaluations/full_ridge_shared/univariate/current_velocity/H/short/run_0/config.json
    Saved aggregate metrics to /fslarge/scratch/users/h61084/codes/adaptime/outputs/adaptime/evaluations/full_ridge_shared/univariate/current_velocity/H/short/run_0/metrics_summary.json
    Metrics summary (averaged over all series/windows/variates):
      MSE: 6.5846
      MAE: 0.7995
      RMSE: 0.9959
      MAPE: 1990655322254.2659
      sMAPE: 0.4414
      MASE: 0.7026
      ND: 0.3334
      CRPS: 0.3334
/fslarge/scratch/users/h61084/codes/adaptime/outputs/adaptime/evaluations/full_ridge_shared/univariate/current_velocity/H/short/run_0/metrics_summary.json
TIME run allocation action=new run=/fslarge/scratch/users/h61084/codes/adaptime/outputs/adaptime/evaluations/vanilla/univariate/current_velocity/H/medium/run_0 launch_id=selena_adaptime_3241621 slurm_job_id=3241621 launched_at=2026-09-09T11:33:37.790969+00:00
    Total instances: 504, Series during experiment: 126, Windows: 4
    Collecting ground truth and context...
    Detected to_univariate case: 126 flat series -> 21 series x 6 variates
    Organizing data into arrays...
    Saved predictions (quantiles) to /fslarge/scratch/users/h61084/codes/adaptime/outputs/adaptime/evaluations/vanilla/univariate/current_velocity/H/medium/run_0/predictions.npz
    Computing per-window metrics...
    Saved metrics to /fslarge/scratch/users/h61084/codes/adaptime/outputs/adaptime/evaluations/vanilla/univariate/current_velocity/H/medium/run_0/metrics.npz
    Saved config to /fslarge/scratch/users/h61084/codes/adaptime/outputs/adaptime/evaluations/vanilla/univariate/current_velocity/H/medium/run_0/config.json
    Saved aggregate metrics to /fslarge/scratch/users/h61084/codes/adaptime/outputs/adaptime/evaluations/vanilla/univariate/current_velocity/H/medium/run_0/metrics_summary.json
    Metrics summary (averaged over all series/windows/variates):
      MSE: 10.9568
      MAE: 1.1122
      RMSE: 1.3904
      MAPE: 2525141588144.6694
      sMAPE: 0.5615
      MASE: 1.1527
      ND: 0.4016
      CRPS: 0.4016
/fslarge/scratch/users/h61084/codes/adaptime/outputs/adaptime/evaluations/vanilla/univariate/current_velocity/H/medium/run_0/metrics_summary.json
TIME run allocation action=new run=/fslarge/scratch/users/h61084/codes/adaptime/outputs/adaptime/evaluations/covariate_prediction/univariate/current_velocity/H/medium/run_0 launch_id=selena_adaptime_3241621 slurm_job_id=3241621 launched_at=2026-09-09T11:33:37.887921+00:00
    Total instances: 504, Series during experiment: 126, Windows: 4
    Collecting ground truth and context...
    Detected to_univariate case: 126 flat series -> 21 series x 6 variates
    Organizing data into arrays...
    Saved predictions (quantiles) to /fslarge/scratch/users/h61084/codes/adaptime/outputs/adaptime/evaluations/covariate_prediction/univariate/current_velocity/H/medium/run_0/predictions.npz
    Computing per-window metrics...
    Saved metrics to /fslarge/scratch/users/h61084/codes/adaptime/outputs/adaptime/evaluations/covariate_prediction/univariate/current_velocity/H/medium/run_0/metrics.npz
    Saved config to /fslarge/scratch/users/h61084/codes/adaptime/outputs/adaptime/evaluations/covariate_prediction/univariate/current_velocity/H/medium/run_0/config.json
    Saved aggregate metrics to /fslarge/scratch/users/h61084/codes/adaptime/outputs/adaptime/evaluations/covariate_prediction/univariate/current_velocity/H/medium/run_0/metrics_summary.json
    Metrics summary (averaged over all series/windows/variates):
      MSE: 10.9568
      MAE: 1.1122
      RMSE: 1.3904
      MAPE: 2525141588144.6694
      sMAPE: 0.5615
      MASE: 1.1527
      ND: 0.4016
      CRPS: 0.4016
/fslarge/scratch/users/h61084/codes/adaptime/outputs/adaptime/evaluations/covariate_prediction/univariate/current_velocity/H/medium/run_0/metrics_summary.json
TIME run allocation action=new run=/fslarge/scratch/users/h61084/codes/adaptime/outputs/adaptime/evaluations/bayes_covariate_prediction/univariate/current_velocity/H/medium/run_0 launch_id=selena_adaptime_3241621 slurm_job_id=3241621 launched_at=2026-09-09T11:33:37.983571+00:00
    Total instances: 504, Series during experiment: 126, Windows: 4
    Collecting ground truth and context...
    Detected to_univariate case: 126 flat series -> 21 series x 6 variates
    Organizing data into arrays...
    Saved predictions (quantiles) to /fslarge/scratch/users/h61084/codes/adaptime/outputs/adaptime/evaluations/bayes_covariate_prediction/univariate/current_velocity/H/medium/run_0/predictions.npz
    Computing per-window metrics...
    Saved metrics to /fslarge/scratch/users/h61084/codes/adaptime/outputs/adaptime/evaluations/bayes_covariate_prediction/univariate/current_velocity/H/medium/run_0/metrics.npz
    Saved config to /fslarge/scratch/users/h61084/codes/adaptime/outputs/adaptime/evaluations/bayes_covariate_prediction/univariate/current_velocity/H/medium/run_0/config.json
    Saved aggregate metrics to /fslarge/scratch/users/h61084/codes/adaptime/outputs/adaptime/evaluations/bayes_covariate_prediction/univariate/current_velocity/H/medium/run_0/metrics_summary.json
    Metrics summary (averaged over all series/windows/variates):
      MSE: 10.9568
      MAE: 1.1122
      RMSE: 1.3904
      MAPE: 2525141588144.6694
      sMAPE: 0.5615
      MASE: 1.1527
      ND: 0.4016
      CRPS: 0.4016
/fslarge/scratch/users/h61084/codes/adaptime/outputs/adaptime/evaluations/bayes_covariate_prediction/univariate/current_velocity/H/medium/run_0/metrics_summary.json
TIME run allocation action=new run=/fslarge/scratch/users/h61084/codes/adaptime/outputs/adaptime/evaluations/full_ridge_shared/univariate/current_velocity/H/medium/run_0 launch_id=selena_adaptime_3241621 slurm_job_id=3241621 launched_at=2026-09-09T11:33:38.079120+00:00
    Total instances: 504, Series during experiment: 126, Windows: 4
    Collecting ground truth and context...
    Detected to_univariate case: 126 flat series -> 21 series x 6 variates
    Organizing data into arrays...
    Saved predictions (quantiles) to /fslarge/scratch/users/h61084/codes/adaptime/outputs/adaptime/evaluations/full_ridge_shared/univariate/current_velocity/H/medium/run_0/predictions.npz
    Computing per-window metrics...
    Saved metrics to /fslarge/scratch/users/h61084/codes/adaptime/outputs/adaptime/evaluations/full_ridge_shared/univariate/current_velocity/H/medium/run_0/metrics.npz
    Saved config to /fslarge/scratch/users/h61084/codes/adaptime/outputs/adaptime/evaluations/full_ridge_shared/univariate/current_velocity/H/medium/run_0/config.json
    Saved aggregate metrics to /fslarge/scratch/users/h61084/codes/adaptime/outputs/adaptime/evaluations/full_ridge_shared/univariate/current_velocity/H/medium/run_0/metrics_summary.json
    Metrics summary (averaged over all series/windows/variates):
      MSE: 10.9568
      MAE: 1.1122
      RMSE: 1.3904
      MAPE: 2525141588144.6694
      sMAPE: 0.5615
      MASE: 1.1527
      ND: 0.4016
      CRPS: 0.4016
/fslarge/scratch/users/h61084/codes/adaptime/outputs/adaptime/evaluations/full_ridge_shared/univariate/current_velocity/H/medium/run_0/metrics_summary.json
TIME run allocation action=new run=/fslarge/scratch/users/h61084/codes/adaptime/outputs/adaptime/evaluations/vanilla/univariate/current_velocity/H/long/run_0 launch_id=selena_adaptime_3241621 slurm_job_id=3241621 launched_at=2026-09-09T11:33:38.177779+00:00
    Total instances: 252, Series during experiment: 126, Windows: 2
    Collecting ground truth and context...
    Detected to_univariate case: 126 flat series -> 21 series x 6 variates
    Organizing data into arrays...
    Saved predictions (quantiles) to /fslarge/scratch/users/h61084/codes/adaptime/outputs/adaptime/evaluations/vanilla/univariate/current_velocity/H/long/run_0/predictions.npz
    Computing per-window metrics...
    Saved metrics to /fslarge/scratch/users/h61084/codes/adaptime/outputs/adaptime/evaluations/vanilla/univariate/current_velocity/H/long/run_0/metrics.npz
    Saved config to /fslarge/scratch/users/h61084/codes/adaptime/outputs/adaptime/evaluations/vanilla/univariate/current_velocity/H/long/run_0/config.json
    Saved aggregate metrics to /fslarge/scratch/users/h61084/codes/adaptime/outputs/adaptime/evaluations/vanilla/univariate/current_velocity/H/long/run_0/metrics_summary.json
    Metrics summary (averaged over all series/windows/variates):
      MSE: 11.7062
      MAE: 1.1858
      RMSE: 1.4933
      MAPE: 2265187340389.5234
      sMAPE: 0.6041
      MASE: 1.3406
      ND: 0.4294
      CRPS: 0.4294
/fslarge/scratch/users/h61084/codes/adaptime/outputs/adaptime/evaluations/vanilla/univariate/current_velocity/H/long/run_0/metrics_summary.json
TIME run allocation action=new run=/fslarge/scratch/users/h61084/codes/adaptime/outputs/adaptime/evaluations/covariate_prediction/univariate/current_velocity/H/long/run_0 launch_id=selena_adaptime_3241621 slurm_job_id=3241621 launched_at=2026-09-09T11:33:38.253884+00:00
    Total instances: 252, Series during experiment: 126, Windows: 2
    Collecting ground truth and context...
    Detected to_univariate case: 126 flat series -> 21 series x 6 variates
    Organizing data into arrays...
    Saved predictions (quantiles) to /fslarge/scratch/users/h61084/codes/adaptime/outputs/adaptime/evaluations/covariate_prediction/univariate/current_velocity/H/long/run_0/predictions.npz
    Computing per-window metrics...
    Saved metrics to /fslarge/scratch/users/h61084/codes/adaptime/outputs/adaptime/evaluations/covariate_prediction/univariate/current_velocity/H/long/run_0/metrics.npz
    Saved config to /fslarge/scratch/users/h61084/codes/adaptime/outputs/adaptime/evaluations/covariate_prediction/univariate/current_velocity/H/long/run_0/config.json
    Saved aggregate metrics to /fslarge/scratch/users/h61084/codes/adaptime/outputs/adaptime/evaluations/covariate_prediction/univariate/current_velocity/H/long/run_0/metrics_summary.json
    Metrics summary (averaged over all series/windows/variates):
      MSE: 11.7062
      MAE: 1.1858
      RMSE: 1.4933
      MAPE: 2265187340389.5234
      sMAPE: 0.6041
      MASE: 1.3406
      ND: 0.4294
      CRPS: 0.4294
/fslarge/scratch/users/h61084/codes/adaptime/outputs/adaptime/evaluations/covariate_prediction/univariate/current_velocity/H/long/run_0/metrics_summary.json
TIME run allocation action=new run=/fslarge/scratch/users/h61084/codes/adaptime/outputs/adaptime/evaluations/bayes_covariate_prediction/univariate/current_velocity/H/long/run_0 launch_id=selena_adaptime_3241621 slurm_job_id=3241621 launched_at=2026-09-09T11:33:38.328549+00:00
    Total instances: 252, Series during experiment: 126, Windows: 2
    Collecting ground truth and context...
    Detected to_univariate case: 126 flat series -> 21 series x 6 variates
    Organizing data into arrays...
    Saved predictions (quantiles) to /fslarge/scratch/users/h61084/codes/adaptime/outputs/adaptime/evaluations/bayes_covariate_prediction/univariate/current_velocity/H/long/run_0/predictions.npz
    Computing per-window metrics...
    Saved metrics to /fslarge/scratch/users/h61084/codes/adaptime/outputs/adaptime/evaluations/bayes_covariate_prediction/univariate/current_velocity/H/long/run_0/metrics.npz
    Saved config to /fslarge/scratch/users/h61084/codes/adaptime/outputs/adaptime/evaluations/bayes_covariate_prediction/univariate/current_velocity/H/long/run_0/config.json
    Saved aggregate metrics to /fslarge/scratch/users/h61084/codes/adaptime/outputs/adaptime/evaluations/bayes_covariate_prediction/univariate/current_velocity/H/long/run_0/metrics_summary.json
    Metrics summary (averaged over all series/windows/variates):
      MSE: 11.7062
      MAE: 1.1858
      RMSE: 1.4933
      MAPE: 2265187340389.5234
      sMAPE: 0.6041
      MASE: 1.3406
      ND: 0.4294
      CRPS: 0.4294
/fslarge/scratch/users/h61084/codes/adaptime/outputs/adaptime/evaluations/bayes_covariate_prediction/univariate/current_velocity/H/long/run_0/metrics_summary.json
TIME run allocation action=new run=/fslarge/scratch/users/h61084/codes/adaptime/outputs/adaptime/evaluations/full_ridge_shared/univariate/current_velocity/H/long/run_0 launch_id=selena_adaptime_3241621 slurm_job_id=3241621 launched_at=2026-09-09T11:33:38.403565+00:00
    Total instances: 252, Series during experiment: 126, Windows: 2
    Collecting ground truth and context...
    Detected to_univariate case: 126 flat series -> 21 series x 6 variates
    Organizing data into arrays...
    Saved predictions (quantiles) to /fslarge/scratch/users/h61084/codes/adaptime/outputs/adaptime/evaluations/full_ridge_shared/univariate/current_velocity/H/long/run_0/predictions.npz
    Computing per-window metrics...
    Saved metrics to /fslarge/scratch/users/h61084/codes/adaptime/outputs/adaptime/evaluations/full_ridge_shared/univariate/current_velocity/H/long/run_0/metrics.npz
    Saved config to /fslarge/scratch/users/h61084/codes/adaptime/outputs/adaptime/evaluations/full_ridge_shared/univariate/current_velocity/H/long/run_0/config.json
    Saved aggregate metrics to /fslarge/scratch/users/h61084/codes/adaptime/outputs/adaptime/evaluations/full_ridge_shared/univariate/current_velocity/H/long/run_0/metrics_summary.json
    Metrics summary (averaged over all series/windows/variates):
      MSE: 11.7062
      MAE: 1.1858
      RMSE: 1.4933
      MAPE: 2265187340389.5234
      sMAPE: 0.6041
      MASE: 1.3406
      ND: 0.4294
      CRPS: 0.4294
/fslarge/scratch/users/h61084/codes/adaptime/outputs/adaptime/evaluations/full_ridge_shared/univariate/current_velocity/H/long/run_0/metrics_summary.json
TIME run allocation action=new run=/fslarge/scratch/users/h61084/codes/adaptime/outputs/adaptime/evaluations/vanilla/univariate/CPHL/15T/short/run_0 launch_id=selena_adaptime_3241621 slurm_job_id=3241621 launched_at=2026-09-09T11:33:38.481186+00:00
    Total instances: 240, Series during experiment: 2, Windows: 120
    Collecting ground truth and context...
