2026-09-15 17:34:39 | workflow adaptime started launch_id=selena_adaptime_unified_20260915T153415Z_57382_tsrag task=tsrag_pipeline slurm_job_id=3437180 slurm_array_job_id=none slurm_array_task_id=none
2026-09-15 17:34:40 | stage pipeline started
2026-09-15 17:34:40 | task TIME-wide Adaptime method=tsrag stage=pipeline started
TIME run allocation action=skip run=/fslarge/scratch/users/h61084/codes/adaptime/outputs/adaptime/extractions/tsrag/univariate/Water_Quality_Darwin/15T/short/run_0 source_launch=selena_adaptime_unified_20260914T204328Z_25264_tsrag launch_id=selena_adaptime_unified_20260915T153415Z_57382_tsrag slurm_job_id=3437180 launched_at=2026-09-15T15:35:08.939100+00:00
/fslarge/scratch/users/h61084/codes/adaptime/outputs/adaptime/extractions/tsrag/univariate/Water_Quality_Darwin/15T/short/run_0/extraction/manifest.json
TIME run allocation action=skip run=/fslarge/scratch/users/h61084/codes/adaptime/outputs/adaptime/extractions/tsrag/univariate/Water_Quality_Darwin/15T/medium/run_0 source_launch=selena_adaptime_unified_20260914T204328Z_25264_tsrag launch_id=selena_adaptime_unified_20260915T153415Z_57382_tsrag slurm_job_id=3437180 launched_at=2026-09-15T15:35:08.948123+00:00
/fslarge/scratch/users/h61084/codes/adaptime/outputs/adaptime/extractions/tsrag/univariate/Water_Quality_Darwin/15T/medium/run_0/extraction/manifest.json
TIME run allocation action=skip run=/fslarge/scratch/users/h61084/codes/adaptime/outputs/adaptime/extractions/tsrag/univariate/Water_Quality_Darwin/15T/long/run_0 source_launch=selena_adaptime_unified_20260914T204328Z_25264_tsrag launch_id=selena_adaptime_unified_20260915T153415Z_57382_tsrag slurm_job_id=3437180 launched_at=2026-09-15T15:35:08.956506+00:00
/fslarge/scratch/users/h61084/codes/adaptime/outputs/adaptime/extractions/tsrag/univariate/Water_Quality_Darwin/15T/long/run_0/extraction/manifest.json
TIME run allocation action=skip run=/fslarge/scratch/users/h61084/codes/adaptime/outputs/adaptime/extractions/tsrag/univariate/current_velocity/5T/short/run_0 source_launch=selena_adaptime_unified_20260914T204328Z_25264_tsrag launch_id=selena_adaptime_unified_20260915T153415Z_57382_tsrag slurm_job_id=3437180 launched_at=2026-09-15T15:35:08.965804+00:00
/fslarge/scratch/users/h61084/codes/adaptime/outputs/adaptime/extractions/tsrag/univariate/current_velocity/5T/short/run_0/extraction/manifest.json
TIME run allocation action=skip run=/fslarge/scratch/users/h61084/codes/adaptime/outputs/adaptime/extractions/tsrag/univariate/current_velocity/5T/medium/run_0 source_launch=selena_adaptime_unified_20260914T204328Z_25264_tsrag launch_id=selena_adaptime_unified_20260915T153415Z_57382_tsrag slurm_job_id=3437180 launched_at=2026-09-15T15:35:08.974229+00:00
/fslarge/scratch/users/h61084/codes/adaptime/outputs/adaptime/extractions/tsrag/univariate/current_velocity/5T/medium/run_0/extraction/manifest.json
TIME run allocation action=skip run=/fslarge/scratch/users/h61084/codes/adaptime/outputs/adaptime/extractions/tsrag/univariate/current_velocity/5T/long/run_0 source_launch=selena_adaptime_unified_20260914T204328Z_25264_tsrag launch_id=selena_adaptime_unified_20260915T153415Z_57382_tsrag slurm_job_id=3437180 launched_at=2026-09-15T15:35:08.982592+00:00
/fslarge/scratch/users/h61084/codes/adaptime/outputs/adaptime/extractions/tsrag/univariate/current_velocity/5T/long/run_0/extraction/manifest.json
TIME run allocation action=skip run=/fslarge/scratch/users/h61084/codes/adaptime/outputs/adaptime/extractions/tsrag/univariate/current_velocity/10T/short/run_0 source_launch=selena_adaptime_unified_20260914T204328Z_25264_tsrag launch_id=selena_adaptime_unified_20260915T153415Z_57382_tsrag slurm_job_id=3437180 launched_at=2026-09-15T15:35:08.991096+00:00
/fslarge/scratch/users/h61084/codes/adaptime/outputs/adaptime/extractions/tsrag/univariate/current_velocity/10T/short/run_0/extraction/manifest.json
TIME run allocation action=skip run=/fslarge/scratch/users/h61084/codes/adaptime/outputs/adaptime/extractions/tsrag/univariate/current_velocity/10T/medium/run_0 source_launch=selena_adaptime_unified_20260914T204328Z_25264_tsrag launch_id=selena_adaptime_unified_20260915T153415Z_57382_tsrag slurm_job_id=3437180 launched_at=2026-09-15T15:35:08.999343+00:00
/fslarge/scratch/users/h61084/codes/adaptime/outputs/adaptime/extractions/tsrag/univariate/current_velocity/10T/medium/run_0/extraction/manifest.json
TIME run allocation action=skip run=/fslarge/scratch/users/h61084/codes/adaptime/outputs/adaptime/extractions/tsrag/univariate/current_velocity/10T/long/run_0 source_launch=selena_adaptime_unified_20260914T204328Z_25264_tsrag launch_id=selena_adaptime_unified_20260915T153415Z_57382_tsrag slurm_job_id=3437180 launched_at=2026-09-15T15:35:09.007408+00:00
/fslarge/scratch/users/h61084/codes/adaptime/outputs/adaptime/extractions/tsrag/univariate/current_velocity/10T/long/run_0/extraction/manifest.json
TIME run allocation action=skip run=/fslarge/scratch/users/h61084/codes/adaptime/outputs/adaptime/extractions/tsrag/univariate/current_velocity/15T/short/run_0 source_launch=selena_adaptime_unified_20260914T204328Z_25264_tsrag launch_id=selena_adaptime_unified_20260915T153415Z_57382_tsrag slurm_job_id=3437180 launched_at=2026-09-15T15:35:09.015600+00:00
/fslarge/scratch/users/h61084/codes/adaptime/outputs/adaptime/extractions/tsrag/univariate/current_velocity/15T/short/run_0/extraction/manifest.json
TIME run allocation action=skip run=/fslarge/scratch/users/h61084/codes/adaptime/outputs/adaptime/extractions/tsrag/univariate/current_velocity/15T/medium/run_0 source_launch=selena_adaptime_unified_20260914T204328Z_25264_tsrag launch_id=selena_adaptime_unified_20260915T153415Z_57382_tsrag slurm_job_id=3437180 launched_at=2026-09-15T15:35:09.023747+00:00
/fslarge/scratch/users/h61084/codes/adaptime/outputs/adaptime/extractions/tsrag/univariate/current_velocity/15T/medium/run_0/extraction/manifest.json
TIME run allocation action=skip run=/fslarge/scratch/users/h61084/codes/adaptime/outputs/adaptime/extractions/tsrag/univariate/current_velocity/15T/long/run_0 source_launch=selena_adaptime_unified_20260914T204328Z_25264_tsrag launch_id=selena_adaptime_unified_20260915T153415Z_57382_tsrag slurm_job_id=3437180 launched_at=2026-09-15T15:35:09.031982+00:00
/fslarge/scratch/users/h61084/codes/adaptime/outputs/adaptime/extractions/tsrag/univariate/current_velocity/15T/long/run_0/extraction/manifest.json
TIME run allocation action=skip run=/fslarge/scratch/users/h61084/codes/adaptime/outputs/adaptime/extractions/tsrag/univariate/current_velocity/H/short/run_0 source_launch=selena_adaptime_unified_20260914T204328Z_25264_tsrag launch_id=selena_adaptime_unified_20260915T153415Z_57382_tsrag slurm_job_id=3437180 launched_at=2026-09-15T15:35:09.040261+00:00
/fslarge/scratch/users/h61084/codes/adaptime/outputs/adaptime/extractions/tsrag/univariate/current_velocity/H/short/run_0/extraction/manifest.json
TIME run allocation action=skip run=/fslarge/scratch/users/h61084/codes/adaptime/outputs/adaptime/extractions/tsrag/univariate/current_velocity/H/medium/run_0 source_launch=selena_adaptime_unified_20260914T204328Z_25264_tsrag launch_id=selena_adaptime_unified_20260915T153415Z_57382_tsrag slurm_job_id=3437180 launched_at=2026-09-15T15:35:09.048577+00:00
/fslarge/scratch/users/h61084/codes/adaptime/outputs/adaptime/extractions/tsrag/univariate/current_velocity/H/medium/run_0/extraction/manifest.json
TIME run allocation action=skip run=/fslarge/scratch/users/h61084/codes/adaptime/outputs/adaptime/extractions/tsrag/univariate/current_velocity/H/long/run_0 source_launch=selena_adaptime_unified_20260914T204328Z_25264_tsrag launch_id=selena_adaptime_unified_20260915T153415Z_57382_tsrag slurm_job_id=3437180 launched_at=2026-09-15T15:35:09.056912+00:00
/fslarge/scratch/users/h61084/codes/adaptime/outputs/adaptime/extractions/tsrag/univariate/current_velocity/H/long/run_0/extraction/manifest.json
TIME run allocation action=skip run=/fslarge/scratch/users/h61084/codes/adaptime/outputs/adaptime/extractions/tsrag/univariate/CPHL/15T/short/run_0 source_launch=selena_adaptime_unified_20260914T204328Z_25264_tsrag launch_id=selena_adaptime_unified_20260915T153415Z_57382_tsrag slurm_job_id=3437180 launched_at=2026-09-15T15:35:09.065447+00:00
/fslarge/scratch/users/h61084/codes/adaptime/outputs/adaptime/extractions/tsrag/univariate/CPHL/15T/short/run_0/extraction/manifest.json
TIME run allocation action=skip run=/fslarge/scratch/users/h61084/codes/adaptime/outputs/adaptime/extractions/tsrag/univariate/CPHL/15T/medium/run_0 source_launch=selena_adaptime_unified_20260914T204328Z_25264_tsrag launch_id=selena_adaptime_unified_20260915T153415Z_57382_tsrag slurm_job_id=3437180 launched_at=2026-09-15T15:35:09.073710+00:00
/fslarge/scratch/users/h61084/codes/adaptime/outputs/adaptime/extractions/tsrag/univariate/CPHL/15T/medium/run_0/extraction/manifest.json
TIME run allocation action=skip run=/fslarge/scratch/users/h61084/codes/adaptime/outputs/adaptime/extractions/tsrag/univariate/CPHL/15T/long/run_0 source_launch=selena_adaptime_unified_20260914T204328Z_25264_tsrag launch_id=selena_adaptime_unified_20260915T153415Z_57382_tsrag slurm_job_id=3437180 launched_at=2026-09-15T15:35:09.081930+00:00
/fslarge/scratch/users/h61084/codes/adaptime/outputs/adaptime/extractions/tsrag/univariate/CPHL/15T/long/run_0/extraction/manifest.json
TIME run allocation action=skip run=/fslarge/scratch/users/h61084/codes/adaptime/outputs/adaptime/extractions/tsrag/univariate/CPHL/30T/short/run_0 source_launch=selena_adaptime_unified_20260914T204328Z_25264_tsrag launch_id=selena_adaptime_unified_20260915T153415Z_57382_tsrag slurm_job_id=3437180 launched_at=2026-09-15T15:35:09.090272+00:00
/fslarge/scratch/users/h61084/codes/adaptime/outputs/adaptime/extractions/tsrag/univariate/CPHL/30T/short/run_0/extraction/manifest.json
TIME run allocation action=skip run=/fslarge/scratch/users/h61084/codes/adaptime/outputs/adaptime/extractions/tsrag/univariate/CPHL/30T/medium/run_0 source_launch=selena_adaptime_unified_20260914T204328Z_25264_tsrag launch_id=selena_adaptime_unified_20260915T153415Z_57382_tsrag slurm_job_id=3437180 launched_at=2026-09-15T15:35:09.098737+00:00
/fslarge/scratch/users/h61084/codes/adaptime/outputs/adaptime/extractions/tsrag/univariate/CPHL/30T/medium/run_0/extraction/manifest.json
TIME run allocation action=skip run=/fslarge/scratch/users/h61084/codes/adaptime/outputs/adaptime/extractions/tsrag/univariate/CPHL/30T/long/run_0 source_launch=selena_adaptime_unified_20260914T204328Z_25264_tsrag launch_id=selena_adaptime_unified_20260915T153415Z_57382_tsrag slurm_job_id=3437180 launched_at=2026-09-15T15:35:09.106940+00:00
/fslarge/scratch/users/h61084/codes/adaptime/outputs/adaptime/extractions/tsrag/univariate/CPHL/30T/long/run_0/extraction/manifest.json
TIME run allocation action=skip run=/fslarge/scratch/users/h61084/codes/adaptime/outputs/adaptime/extractions/tsrag/univariate/CPHL/H/short/run_0 source_launch=selena_adaptime_unified_20260914T204328Z_25264_tsrag launch_id=selena_adaptime_unified_20260915T153415Z_57382_tsrag slurm_job_id=3437180 launched_at=2026-09-15T15:35:09.115308+00:00
/fslarge/scratch/users/h61084/codes/adaptime/outputs/adaptime/extractions/tsrag/univariate/CPHL/H/short/run_0/extraction/manifest.json
TIME run allocation action=skip run=/fslarge/scratch/users/h61084/codes/adaptime/outputs/adaptime/extractions/tsrag/univariate/CPHL/H/medium/run_0 source_launch=selena_adaptime_unified_20260914T204328Z_25264_tsrag launch_id=selena_adaptime_unified_20260915T153415Z_57382_tsrag slurm_job_id=3437180 launched_at=2026-09-15T15:35:09.123733+00:00
/fslarge/scratch/users/h61084/codes/adaptime/outputs/adaptime/extractions/tsrag/univariate/CPHL/H/medium/run_0/extraction/manifest.json
TIME run allocation action=skip run=/fslarge/scratch/users/h61084/codes/adaptime/outputs/adaptime/extractions/tsrag/univariate/CPHL/H/long/run_0 source_launch=selena_adaptime_unified_20260914T204328Z_25264_tsrag launch_id=selena_adaptime_unified_20260915T153415Z_57382_tsrag slurm_job_id=3437180 launched_at=2026-09-15T15:35:09.131842+00:00
/fslarge/scratch/users/h61084/codes/adaptime/outputs/adaptime/extractions/tsrag/univariate/CPHL/H/long/run_0/extraction/manifest.json
TIME run allocation action=skip run=/fslarge/scratch/users/h61084/codes/adaptime/outputs/adaptime/extractions/tsrag/univariate/Coastal_T_S/15T/short/run_0 source_launch=selena_adaptime_unified_20260914T204328Z_25264_tsrag launch_id=selena_adaptime_unified_20260915T153415Z_57382_tsrag slurm_job_id=3437180 launched_at=2026-09-15T15:35:09.140287+00:00
/fslarge/scratch/users/h61084/codes/adaptime/outputs/adaptime/extractions/tsrag/univariate/Coastal_T_S/15T/short/run_0/extraction/manifest.json
TIME run allocation action=skip run=/fslarge/scratch/users/h61084/codes/adaptime/outputs/adaptime/extractions/tsrag/univariate/Coastal_T_S/15T/medium/run_0 source_launch=selena_adaptime_unified_20260914T204328Z_25264_tsrag launch_id=selena_adaptime_unified_20260915T153415Z_57382_tsrag slurm_job_id=3437180 launched_at=2026-09-15T15:35:09.148332+00:00
/fslarge/scratch/users/h61084/codes/adaptime/outputs/adaptime/extractions/tsrag/univariate/Coastal_T_S/15T/medium/run_0/extraction/manifest.json
TIME run allocation action=skip run=/fslarge/scratch/users/h61084/codes/adaptime/outputs/adaptime/extractions/tsrag/univariate/Coastal_T_S/15T/long/run_0 source_launch=selena_adaptime_unified_20260914T204328Z_25264_tsrag launch_id=selena_adaptime_unified_20260915T153415Z_57382_tsrag slurm_job_id=3437180 launched_at=2026-09-15T15:35:09.156515+00:00
/fslarge/scratch/users/h61084/codes/adaptime/outputs/adaptime/extractions/tsrag/univariate/Coastal_T_S/15T/long/run_0/extraction/manifest.json
TIME run allocation action=skip run=/fslarge/scratch/users/h61084/codes/adaptime/outputs/adaptime/extractions/tsrag/univariate/Coastal_T_S/20T/short/run_0 source_launch=selena_adaptime_unified_20260914T204328Z_25264_tsrag launch_id=selena_adaptime_unified_20260915T153415Z_57382_tsrag slurm_job_id=3437180 launched_at=2026-09-15T15:35:09.164979+00:00
/fslarge/scratch/users/h61084/codes/adaptime/outputs/adaptime/extractions/tsrag/univariate/Coastal_T_S/20T/short/run_0/extraction/manifest.json
TIME run allocation action=skip run=/fslarge/scratch/users/h61084/codes/adaptime/outputs/adaptime/extractions/tsrag/univariate/Coastal_T_S/20T/medium/run_0 source_launch=selena_adaptime_unified_20260914T204328Z_25264_tsrag launch_id=selena_adaptime_unified_20260915T153415Z_57382_tsrag slurm_job_id=3437180 launched_at=2026-09-15T15:35:09.173277+00:00
/fslarge/scratch/users/h61084/codes/adaptime/outputs/adaptime/extractions/tsrag/univariate/Coastal_T_S/20T/medium/run_0/extraction/manifest.json
TIME run allocation action=skip run=/fslarge/scratch/users/h61084/codes/adaptime/outputs/adaptime/extractions/tsrag/univariate/Coastal_T_S/20T/long/run_0 source_launch=selena_adaptime_unified_20260914T204328Z_25264_tsrag launch_id=selena_adaptime_unified_20260915T153415Z_57382_tsrag slurm_job_id=3437180 launched_at=2026-09-15T15:35:09.181621+00:00
/fslarge/scratch/users/h61084/codes/adaptime/outputs/adaptime/extractions/tsrag/univariate/Coastal_T_S/20T/long/run_0/extraction/manifest.json
TIME run allocation action=skip run=/fslarge/scratch/users/h61084/codes/adaptime/outputs/adaptime/extractions/tsrag/univariate/Coastal_T_S/H/short/run_0 source_launch=selena_adaptime_unified_20260914T204328Z_25264_tsrag launch_id=selena_adaptime_unified_20260915T153415Z_57382_tsrag slurm_job_id=3437180 launched_at=2026-09-15T15:35:09.189821+00:00
/fslarge/scratch/users/h61084/codes/adaptime/outputs/adaptime/extractions/tsrag/univariate/Coastal_T_S/H/short/run_0/extraction/manifest.json
TIME run allocation action=skip run=/fslarge/scratch/users/h61084/codes/adaptime/outputs/adaptime/extractions/tsrag/univariate/Coastal_T_S/H/medium/run_0 source_launch=selena_adaptime_unified_20260914T204328Z_25264_tsrag launch_id=selena_adaptime_unified_20260915T153415Z_57382_tsrag slurm_job_id=3437180 launched_at=2026-09-15T15:35:09.198236+00:00
/fslarge/scratch/users/h61084/codes/adaptime/outputs/adaptime/extractions/tsrag/univariate/Coastal_T_S/H/medium/run_0/extraction/manifest.json
TIME run allocation action=skip run=/fslarge/scratch/users/h61084/codes/adaptime/outputs/adaptime/extractions/tsrag/univariate/Coastal_T_S/H/long/run_0 source_launch=selena_adaptime_unified_20260914T204328Z_25264_tsrag launch_id=selena_adaptime_unified_20260915T153415Z_57382_tsrag slurm_job_id=3437180 launched_at=2026-09-15T15:35:09.206386+00:00
/fslarge/scratch/users/h61084/codes/adaptime/outputs/adaptime/extractions/tsrag/univariate/Coastal_T_S/H/long/run_0/extraction/manifest.json
TIME run allocation action=skip run=/fslarge/scratch/users/h61084/codes/adaptime/outputs/adaptime/extractions/tsrag/univariate/SG_Weather/D/short/run_0 source_launch=selena_adaptime_unified_20260914T204328Z_25264_tsrag launch_id=selena_adaptime_unified_20260915T153415Z_57382_tsrag slurm_job_id=3437180 launched_at=2026-09-15T15:35:09.214955+00:00
/fslarge/scratch/users/h61084/codes/adaptime/outputs/adaptime/extractions/tsrag/univariate/SG_Weather/D/short/run_0/extraction/manifest.json
TIME run allocation action=skip run=/fslarge/scratch/users/h61084/codes/adaptime/outputs/adaptime/extractions/tsrag/univariate/SG_Weather/D/medium/run_0 source_launch=selena_adaptime_unified_20260914T204328Z_25264_tsrag launch_id=selena_adaptime_unified_20260915T153415Z_57382_tsrag slurm_job_id=3437180 launched_at=2026-09-15T15:35:09.223321+00:00
/fslarge/scratch/users/h61084/codes/adaptime/outputs/adaptime/extractions/tsrag/univariate/SG_Weather/D/medium/run_0/extraction/manifest.json
TIME run allocation action=skip run=/fslarge/scratch/users/h61084/codes/adaptime/outputs/adaptime/extractions/tsrag/univariate/SG_Weather/D/long/run_0 source_launch=selena_adaptime_unified_20260914T204328Z_25264_tsrag launch_id=selena_adaptime_unified_20260915T153415Z_57382_tsrag slurm_job_id=3437180 launched_at=2026-09-15T15:35:09.231607+00:00
/fslarge/scratch/users/h61084/codes/adaptime/outputs/adaptime/extractions/tsrag/univariate/SG_Weather/D/long/run_0/extraction/manifest.json
TIME run allocation action=skip run=/fslarge/scratch/users/h61084/codes/adaptime/outputs/adaptime/extractions/tsrag/univariate/SG_PM25/H/short/run_0 source_launch=selena_adaptime_unified_20260914T204328Z_25264_tsrag launch_id=selena_adaptime_unified_20260915T153415Z_57382_tsrag slurm_job_id=3437180 launched_at=2026-09-15T15:35:09.240304+00:00
/fslarge/scratch/users/h61084/codes/adaptime/outputs/adaptime/extractions/tsrag/univariate/SG_PM25/H/short/run_0/extraction/manifest.json
TIME run allocation action=skip run=/fslarge/scratch/users/h61084/codes/adaptime/outputs/adaptime/extractions/tsrag/univariate/SG_PM25/H/medium/run_0 source_launch=selena_adaptime_unified_20260914T204328Z_25264_tsrag launch_id=selena_adaptime_unified_20260915T153415Z_57382_tsrag slurm_job_id=3437180 launched_at=2026-09-15T15:35:09.248688+00:00
/fslarge/scratch/users/h61084/codes/adaptime/outputs/adaptime/extractions/tsrag/univariate/SG_PM25/H/medium/run_0/extraction/manifest.json
TIME run allocation action=skip run=/fslarge/scratch/users/h61084/codes/adaptime/outputs/adaptime/extractions/tsrag/univariate/SG_PM25/H/long/run_0 source_launch=selena_adaptime_unified_20260914T204328Z_25264_tsrag launch_id=selena_adaptime_unified_20260915T153415Z_57382_tsrag slurm_job_id=3437180 launched_at=2026-09-15T15:35:09.256811+00:00
/fslarge/scratch/users/h61084/codes/adaptime/outputs/adaptime/extractions/tsrag/univariate/SG_PM25/H/long/run_0/extraction/manifest.json
TIME run allocation action=skip run=/fslarge/scratch/users/h61084/codes/adaptime/outputs/adaptime/extractions/tsrag/univariate/NE_China_Wind/H/short/run_0 source_launch=selena_adaptime_unified_20260914T204328Z_25264_tsrag launch_id=selena_adaptime_unified_20260915T153415Z_57382_tsrag slurm_job_id=3437180 launched_at=2026-09-15T15:35:09.265294+00:00
/fslarge/scratch/users/h61084/codes/adaptime/outputs/adaptime/extractions/tsrag/univariate/NE_China_Wind/H/short/run_0/extraction/manifest.json
TIME run allocation action=skip run=/fslarge/scratch/users/h61084/codes/adaptime/outputs/adaptime/extractions/tsrag/univariate/NE_China_Wind/H/medium/run_0 source_launch=selena_adaptime_unified_20260914T204328Z_25264_tsrag launch_id=selena_adaptime_unified_20260915T153415Z_57382_tsrag slurm_job_id=3437180 launched_at=2026-09-15T15:35:09.273689+00:00
/fslarge/scratch/users/h61084/codes/adaptime/outputs/adaptime/extractions/tsrag/univariate/NE_China_Wind/H/medium/run_0/extraction/manifest.json
TIME run allocation action=skip run=/fslarge/scratch/users/h61084/codes/adaptime/outputs/adaptime/extractions/tsrag/univariate/NE_China_Wind/H/long/run_0 source_launch=selena_adaptime_unified_20260914T204328Z_25264_tsrag launch_id=selena_adaptime_unified_20260915T153415Z_57382_tsrag slurm_job_id=3437180 launched_at=2026-09-15T15:35:09.282004+00:00
/fslarge/scratch/users/h61084/codes/adaptime/outputs/adaptime/extractions/tsrag/univariate/NE_China_Wind/H/long/run_0/extraction/manifest.json
TIME run allocation action=skip run=/fslarge/scratch/users/h61084/codes/adaptime/outputs/adaptime/extractions/tsrag/univariate/Australia_Solar/H/short/run_0 source_launch=selena_adaptime_unified_20260914T204328Z_25264_tsrag launch_id=selena_adaptime_unified_20260915T153415Z_57382_tsrag slurm_job_id=3437180 launched_at=2026-09-15T15:35:09.290769+00:00
/fslarge/scratch/users/h61084/codes/adaptime/outputs/adaptime/extractions/tsrag/univariate/Australia_Solar/H/short/run_0/extraction/manifest.json
TIME run allocation action=skip run=/fslarge/scratch/users/h61084/codes/adaptime/outputs/adaptime/extractions/tsrag/univariate/Australia_Solar/H/medium/run_0 source_launch=selena_adaptime_unified_20260914T204328Z_25264_tsrag launch_id=selena_adaptime_unified_20260915T153415Z_57382_tsrag slurm_job_id=3437180 launched_at=2026-09-15T15:35:09.298957+00:00
/fslarge/scratch/users/h61084/codes/adaptime/outputs/adaptime/extractions/tsrag/univariate/Australia_Solar/H/medium/run_0/extraction/manifest.json
TIME run allocation action=skip run=/fslarge/scratch/users/h61084/codes/adaptime/outputs/adaptime/extractions/tsrag/univariate/Australia_Solar/H/long/run_0 source_launch=selena_adaptime_unified_20260914T204328Z_25264_tsrag launch_id=selena_adaptime_unified_20260915T153415Z_57382_tsrag slurm_job_id=3437180 launched_at=2026-09-15T15:35:09.307282+00:00
/fslarge/scratch/users/h61084/codes/adaptime/outputs/adaptime/extractions/tsrag/univariate/Australia_Solar/H/long/run_0/extraction/manifest.json
TIME run allocation action=skip run=/fslarge/scratch/users/h61084/codes/adaptime/outputs/adaptime/extractions/tsrag/univariate/epf_electricity_price/H/short/run_0 source_launch=selena_adaptime_unified_20260914T204328Z_25264_tsrag launch_id=selena_adaptime_unified_20260915T153415Z_57382_tsrag slurm_job_id=3437180 launched_at=2026-09-15T15:35:09.315770+00:00
/fslarge/scratch/users/h61084/codes/adaptime/outputs/adaptime/extractions/tsrag/univariate/epf_electricity_price/H/short/run_0/extraction/manifest.json
TIME run allocation action=skip run=/fslarge/scratch/users/h61084/codes/adaptime/outputs/adaptime/extractions/tsrag/univariate/epf_electricity_price/H/medium/run_0 source_launch=selena_adaptime_unified_20260914T204328Z_25264_tsrag launch_id=selena_adaptime_unified_20260915T153415Z_57382_tsrag slurm_job_id=3437180 launched_at=2026-09-15T15:35:09.323975+00:00
/fslarge/scratch/users/h61084/codes/adaptime/outputs/adaptime/extractions/tsrag/univariate/epf_electricity_price/H/medium/run_0/extraction/manifest.json
TIME run allocation action=skip run=/fslarge/scratch/users/h61084/codes/adaptime/outputs/adaptime/extractions/tsrag/univariate/epf_electricity_price/H/long/run_0 source_launch=selena_adaptime_unified_20260914T204328Z_25264_tsrag launch_id=selena_adaptime_unified_20260915T153415Z_57382_tsrag slurm_job_id=3437180 launched_at=2026-09-15T15:35:09.332629+00:00
/fslarge/scratch/users/h61084/codes/adaptime/outputs/adaptime/extractions/tsrag/univariate/epf_electricity_price/H/long/run_0/extraction/manifest.json
TIME run allocation action=skip run=/fslarge/scratch/users/h61084/codes/adaptime/outputs/adaptime/extractions/tsrag/univariate/OpenElectricity_NEM/5T/short/run_0 source_launch=selena_adaptime_unified_20260914T204328Z_25264_tsrag launch_id=selena_adaptime_unified_20260915T153415Z_57382_tsrag slurm_job_id=3437180 launched_at=2026-09-15T15:35:09.340949+00:00
/fslarge/scratch/users/h61084/codes/adaptime/outputs/adaptime/extractions/tsrag/univariate/OpenElectricity_NEM/5T/short/run_0/extraction/manifest.json
TIME run allocation action=skip run=/fslarge/scratch/users/h61084/codes/adaptime/outputs/adaptime/extractions/tsrag/univariate/OpenElectricity_NEM/5T/medium/run_0 source_launch=selena_adaptime_unified_20260914T204328Z_25264_tsrag launch_id=selena_adaptime_unified_20260915T153415Z_57382_tsrag slurm_job_id=3437180 launched_at=2026-09-15T15:35:09.349185+00:00
/fslarge/scratch/users/h61084/codes/adaptime/outputs/adaptime/extractions/tsrag/univariate/OpenElectricity_NEM/5T/medium/run_0/extraction/manifest.json
TIME run allocation action=skip run=/fslarge/scratch/users/h61084/codes/adaptime/outputs/adaptime/extractions/tsrag/univariate/OpenElectricity_NEM/5T/long/run_0 source_launch=selena_adaptime_unified_20260914T204328Z_25264_tsrag launch_id=selena_adaptime_unified_20260915T153415Z_57382_tsrag slurm_job_id=3437180 launched_at=2026-09-15T15:35:09.357511+00:00
/fslarge/scratch/users/h61084/codes/adaptime/outputs/adaptime/extractions/tsrag/univariate/OpenElectricity_NEM/5T/long/run_0/extraction/manifest.json
TIME run allocation action=skip run=/fslarge/scratch/users/h61084/codes/adaptime/outputs/adaptime/extractions/tsrag/univariate/EWELD_Load/15T/short/run_0 source_launch=selena_adaptime_unified_20260914T204328Z_25264_tsrag launch_id=selena_adaptime_unified_20260915T153415Z_57382_tsrag slurm_job_id=3437180 launched_at=2026-09-15T15:35:09.366118+00:00
/fslarge/scratch/users/h61084/codes/adaptime/outputs/adaptime/extractions/tsrag/univariate/EWELD_Load/15T/short/run_0/extraction/manifest.json
TIME run allocation action=skip run=/fslarge/scratch/users/h61084/codes/adaptime/outputs/adaptime/extractions/tsrag/univariate/EWELD_Load/15T/medium/run_0 source_launch=selena_adaptime_unified_20260914T204328Z_25264_tsrag launch_id=selena_adaptime_unified_20260915T153415Z_57382_tsrag slurm_job_id=3437180 launched_at=2026-09-15T15:35:09.374325+00:00
/fslarge/scratch/users/h61084/codes/adaptime/outputs/adaptime/extractions/tsrag/univariate/EWELD_Load/15T/medium/run_0/extraction/manifest.json
TIME run allocation action=skip run=/fslarge/scratch/users/h61084/codes/adaptime/outputs/adaptime/extractions/tsrag/univariate/EWELD_Load/15T/long/run_0 source_launch=selena_adaptime_unified_20260914T204328Z_25264_tsrag launch_id=selena_adaptime_unified_20260915T153415Z_57382_tsrag slurm_job_id=3437180 launched_at=2026-09-15T15:35:09.382619+00:00
/fslarge/scratch/users/h61084/codes/adaptime/outputs/adaptime/extractions/tsrag/univariate/EWELD_Load/15T/long/run_0/extraction/manifest.json
TIME run allocation action=skip run=/fslarge/scratch/users/h61084/codes/adaptime/outputs/adaptime/extractions/tsrag/univariate/SG_Carpark/15T/short/run_0 source_launch=selena_adaptime_unified_20260914T204328Z_25264_tsrag launch_id=selena_adaptime_unified_20260915T153415Z_57382_tsrag slurm_job_id=3437180 launched_at=2026-09-15T15:35:09.391148+00:00
/fslarge/scratch/users/h61084/codes/adaptime/outputs/adaptime/extractions/tsrag/univariate/SG_Carpark/15T/short/run_0/extraction/manifest.json
TIME run allocation action=skip run=/fslarge/scratch/users/h61084/codes/adaptime/outputs/adaptime/extractions/tsrag/univariate/SG_Carpark/15T/medium/run_0 source_launch=selena_adaptime_unified_20260914T204328Z_25264_tsrag launch_id=selena_adaptime_unified_20260915T153415Z_57382_tsrag slurm_job_id=3437180 launched_at=2026-09-15T15:35:09.399371+00:00
/fslarge/scratch/users/h61084/codes/adaptime/outputs/adaptime/extractions/tsrag/univariate/SG_Carpark/15T/medium/run_0/extraction/manifest.json
TIME run allocation action=skip run=/fslarge/scratch/users/h61084/codes/adaptime/outputs/adaptime/extractions/tsrag/univariate/SG_Carpark/15T/long/run_0 source_launch=selena_adaptime_unified_20260914T204328Z_25264_tsrag launch_id=selena_adaptime_unified_20260915T153415Z_57382_tsrag slurm_job_id=3437180 launched_at=2026-09-15T15:35:09.407561+00:00
/fslarge/scratch/users/h61084/codes/adaptime/outputs/adaptime/extractions/tsrag/univariate/SG_Carpark/15T/long/run_0/extraction/manifest.json
TIME run allocation action=skip run=/fslarge/scratch/users/h61084/codes/adaptime/outputs/adaptime/extractions/tsrag/univariate/Finland_Traffic/15T/short/run_0 source_launch=selena_adaptime_unified_20260914T204328Z_25264_tsrag launch_id=selena_adaptime_unified_20260915T153415Z_57382_tsrag slurm_job_id=3437180 launched_at=2026-09-15T15:35:09.415979+00:00
/fslarge/scratch/users/h61084/codes/adaptime/outputs/adaptime/extractions/tsrag/univariate/Finland_Traffic/15T/short/run_0/extraction/manifest.json
TIME run allocation action=skip run=/fslarge/scratch/users/h61084/codes/adaptime/outputs/adaptime/extractions/tsrag/univariate/Finland_Traffic/15T/medium/run_0 source_launch=selena_adaptime_unified_20260914T204328Z_25264_tsrag launch_id=selena_adaptime_unified_20260915T153415Z_57382_tsrag slurm_job_id=3437180 launched_at=2026-09-15T15:35:09.424122+00:00
/fslarge/scratch/users/h61084/codes/adaptime/outputs/adaptime/extractions/tsrag/univariate/Finland_Traffic/15T/medium/run_0/extraction/manifest.json
TIME run allocation action=skip run=/fslarge/scratch/users/h61084/codes/adaptime/outputs/adaptime/extractions/tsrag/univariate/Finland_Traffic/15T/long/run_0 source_launch=selena_adaptime_unified_20260914T204328Z_25264_tsrag launch_id=selena_adaptime_unified_20260915T153415Z_57382_tsrag slurm_job_id=3437180 launched_at=2026-09-15T15:35:09.432120+00:00
/fslarge/scratch/users/h61084/codes/adaptime/outputs/adaptime/extractions/tsrag/univariate/Finland_Traffic/15T/long/run_0/extraction/manifest.json
TIME run allocation action=skip run=/fslarge/scratch/users/h61084/codes/adaptime/outputs/adaptime/extractions/tsrag/univariate/Port_Activity/D/short/run_0 source_launch=selena_adaptime_unified_20260914T204328Z_25264_tsrag launch_id=selena_adaptime_unified_20260915T153415Z_57382_tsrag slurm_job_id=3437180 launched_at=2026-09-15T15:35:09.440583+00:00
/fslarge/scratch/users/h61084/codes/adaptime/outputs/adaptime/extractions/tsrag/univariate/Port_Activity/D/short/run_0/extraction/manifest.json
TIME run allocation action=skip run=/fslarge/scratch/users/h61084/codes/adaptime/outputs/adaptime/extractions/tsrag/univariate/Port_Activity/W/short/run_0 source_launch=selena_adaptime_unified_20260914T204328Z_25264_tsrag launch_id=selena_adaptime_unified_20260915T153415Z_57382_tsrag slurm_job_id=3437180 launched_at=2026-09-15T15:35:09.449054+00:00
/fslarge/scratch/users/h61084/codes/adaptime/outputs/adaptime/extractions/tsrag/univariate/Port_Activity/W/short/run_0/extraction/manifest.json
TIME run allocation action=skip run=/fslarge/scratch/users/h61084/codes/adaptime/outputs/adaptime/extractions/tsrag/univariate/ECDC_COVID/D/short/run_0 source_launch=selena_adaptime_unified_20260914T204328Z_25264_tsrag launch_id=selena_adaptime_unified_20260915T153415Z_57382_tsrag slurm_job_id=3437180 launched_at=2026-09-15T15:35:09.458042+00:00
/fslarge/scratch/users/h61084/codes/adaptime/outputs/adaptime/extractions/tsrag/univariate/ECDC_COVID/D/short/run_0/extraction/manifest.json
TIME run allocation action=skip run=/fslarge/scratch/users/h61084/codes/adaptime/outputs/adaptime/extractions/tsrag/univariate/ECDC_COVID/W/short/run_0 source_launch=selena_adaptime_unified_20260914T204328Z_25264_tsrag launch_id=selena_adaptime_unified_20260915T153415Z_57382_tsrag slurm_job_id=3437180 launched_at=2026-09-15T15:35:09.466509+00:00
/fslarge/scratch/users/h61084/codes/adaptime/outputs/adaptime/extractions/tsrag/univariate/ECDC_COVID/W/short/run_0/extraction/manifest.json
TIME run allocation action=skip run=/fslarge/scratch/users/h61084/codes/adaptime/outputs/adaptime/extractions/tsrag/univariate/Global_Influenza/W/short/run_0 source_launch=selena_adaptime_unified_20260914T204328Z_25264_tsrag launch_id=selena_adaptime_unified_20260915T153415Z_57382_tsrag slurm_job_id=3437180 launched_at=2026-09-15T15:35:09.475270+00:00
/fslarge/scratch/users/h61084/codes/adaptime/outputs/adaptime/extractions/tsrag/univariate/Global_Influenza/W/short/run_0/extraction/manifest.json
TIME run allocation action=skip run=/fslarge/scratch/users/h61084/codes/adaptime/outputs/adaptime/extractions/tsrag/univariate/Crypto/D/short/run_0 source_launch=selena_adaptime_unified_20260914T204328Z_25264_tsrag launch_id=selena_adaptime_unified_20260915T153415Z_57382_tsrag slurm_job_id=3437180 launched_at=2026-09-15T15:35:09.483585+00:00
/fslarge/scratch/users/h61084/codes/adaptime/outputs/adaptime/extractions/tsrag/univariate/Crypto/D/short/run_0/extraction/manifest.json
TIME run allocation action=skip run=/fslarge/scratch/users/h61084/codes/adaptime/outputs/adaptime/extractions/tsrag/univariate/US_Term_Structure/B/short/run_0 source_launch=selena_adaptime_unified_20260914T204328Z_25264_tsrag launch_id=selena_adaptime_unified_20260915T153415Z_57382_tsrag slurm_job_id=3437180 launched_at=2026-09-15T15:35:09.492003+00:00
/fslarge/scratch/users/h61084/codes/adaptime/outputs/adaptime/extractions/tsrag/univariate/US_Term_Structure/B/short/run_0/extraction/manifest.json
TIME run allocation action=skip run=/fslarge/scratch/users/h61084/codes/adaptime/outputs/adaptime/extractions/tsrag/univariate/Oil_Price/B/short/run_0 source_launch=selena_adaptime_unified_20260914T204328Z_25264_tsrag launch_id=selena_adaptime_unified_20260915T153415Z_57382_tsrag slurm_job_id=3437180 launched_at=2026-09-15T15:35:09.500558+00:00
/fslarge/scratch/users/h61084/codes/adaptime/outputs/adaptime/extractions/tsrag/univariate/Oil_Price/B/short/run_0/extraction/manifest.json
TIME run allocation action=skip run=/fslarge/scratch/users/h61084/codes/adaptime/outputs/adaptime/extractions/tsrag/univariate/Job_Claims/W/short/run_0 source_launch=selena_adaptime_unified_20260914T204328Z_25264_tsrag launch_id=selena_adaptime_unified_20260915T153415Z_57382_tsrag slurm_job_id=3437180 launched_at=2026-09-15T15:35:09.508980+00:00
/fslarge/scratch/users/h61084/codes/adaptime/outputs/adaptime/extractions/tsrag/univariate/Job_Claims/W/short/run_0/extraction/manifest.json
TIME run allocation action=skip run=/fslarge/scratch/users/h61084/codes/adaptime/outputs/adaptime/extractions/tsrag/univariate/Uncertainty_1M/M/short/run_0 source_launch=selena_adaptime_unified_20260914T204328Z_25264_tsrag launch_id=selena_adaptime_unified_20260915T153415Z_57382_tsrag slurm_job_id=3437180 launched_at=2026-09-15T15:35:09.517465+00:00
/fslarge/scratch/users/h61084/codes/adaptime/outputs/adaptime/extractions/tsrag/univariate/Uncertainty_1M/M/short/run_0/extraction/manifest.json
TIME run allocation action=skip run=/fslarge/scratch/users/h61084/codes/adaptime/outputs/adaptime/extractions/tsrag/univariate/Housing_Inventory/M/short/run_0 source_launch=selena_adaptime_unified_20260914T204328Z_25264_tsrag launch_id=selena_adaptime_unified_20260915T153415Z_57382_tsrag slurm_job_id=3437180 launched_at=2026-09-15T15:35:09.525877+00:00
/fslarge/scratch/users/h61084/codes/adaptime/outputs/adaptime/extractions/tsrag/univariate/Housing_Inventory/M/short/run_0/extraction/manifest.json
TIME run allocation action=skip run=/fslarge/scratch/users/h61084/codes/adaptime/outputs/adaptime/extractions/tsrag/univariate/JOLTS/M/short/run_0 source_launch=selena_adaptime_unified_20260914T204328Z_25264_tsrag launch_id=selena_adaptime_unified_20260915T153415Z_57382_tsrag slurm_job_id=3437180 launched_at=2026-09-15T15:35:09.534177+00:00
/fslarge/scratch/users/h61084/codes/adaptime/outputs/adaptime/extractions/tsrag/univariate/JOLTS/M/short/run_0/extraction/manifest.json
TIME run allocation action=skip run=/fslarge/scratch/users/h61084/codes/adaptime/outputs/adaptime/extractions/tsrag/univariate/US_Labor/M/short/run_0 source_launch=selena_adaptime_unified_20260914T204328Z_25264_tsrag launch_id=selena_adaptime_unified_20260915T153415Z_57382_tsrag slurm_job_id=3437180 launched_at=2026-09-15T15:35:09.542610+00:00
/fslarge/scratch/users/h61084/codes/adaptime/outputs/adaptime/extractions/tsrag/univariate/US_Labor/M/short/run_0/extraction/manifest.json
TIME run allocation action=skip run=/fslarge/scratch/users/h61084/codes/adaptime/outputs/adaptime/extractions/tsrag/univariate/Vehicle_Supply/M/short/run_0 source_launch=selena_adaptime_unified_20260914T204328Z_25264_tsrag launch_id=selena_adaptime_unified_20260915T153415Z_57382_tsrag slurm_job_id=3437180 launched_at=2026-09-15T15:35:09.550998+00:00
/fslarge/scratch/users/h61084/codes/adaptime/outputs/adaptime/extractions/tsrag/univariate/Vehicle_Supply/M/short/run_0/extraction/manifest.json
TIME run allocation action=skip run=/fslarge/scratch/users/h61084/codes/adaptime/outputs/adaptime/extractions/tsrag/univariate/Auto_Production_SF/M/short/run_0 source_launch=selena_adaptime_unified_20260914T204328Z_25264_tsrag launch_id=selena_adaptime_unified_20260915T153415Z_57382_tsrag slurm_job_id=3437180 launched_at=2026-09-15T15:35:09.559574+00:00
/fslarge/scratch/users/h61084/codes/adaptime/outputs/adaptime/extractions/tsrag/univariate/Auto_Production_SF/M/short/run_0/extraction/manifest.json
TIME run allocation action=skip run=/fslarge/scratch/users/h61084/codes/adaptime/outputs/adaptime/extractions/tsrag/univariate/Commodity_Production/M/short/run_0 source_launch=selena_adaptime_unified_20260914T204328Z_25264_tsrag launch_id=selena_adaptime_unified_20260915T153415Z_57382_tsrag slurm_job_id=3437180 launched_at=2026-09-15T15:35:09.568167+00:00
/fslarge/scratch/users/h61084/codes/adaptime/outputs/adaptime/extractions/tsrag/univariate/Commodity_Production/M/short/run_0/extraction/manifest.json
TIME run allocation action=skip run=/fslarge/scratch/users/h61084/codes/adaptime/outputs/adaptime/extractions/tsrag/univariate/Commodity_Import/M/short/run_0 source_launch=selena_adaptime_unified_20260914T204328Z_25264_tsrag launch_id=selena_adaptime_unified_20260915T153415Z_57382_tsrag slurm_job_id=3437180 launched_at=2026-09-15T15:35:09.576445+00:00
/fslarge/scratch/users/h61084/codes/adaptime/outputs/adaptime/extractions/tsrag/univariate/Commodity_Import/M/short/run_0/extraction/manifest.json
TIME run allocation action=skip run=/fslarge/scratch/users/h61084/codes/adaptime/outputs/adaptime/extractions/tsrag/univariate/WUI_Global/Q/short/run_0 source_launch=selena_adaptime_unified_20260914T204328Z_25264_tsrag launch_id=selena_adaptime_unified_20260915T153415Z_57382_tsrag slurm_job_id=3437180 launched_at=2026-09-15T15:35:09.585056+00:00
/fslarge/scratch/users/h61084/codes/adaptime/outputs/adaptime/extractions/tsrag/univariate/WUI_Global/Q/short/run_0/extraction/manifest.json
TIME run allocation action=skip run=/fslarge/scratch/users/h61084/codes/adaptime/outputs/adaptime/extractions/tsrag/univariate/Global_Price/Q/short/run_0 source_launch=selena_adaptime_unified_20260914T204328Z_25264_tsrag launch_id=selena_adaptime_unified_20260915T153415Z_57382_tsrag slurm_job_id=3437180 launched_at=2026-09-15T15:35:09.593644+00:00
/fslarge/scratch/users/h61084/codes/adaptime/outputs/adaptime/extractions/tsrag/univariate/Global_Price/Q/short/run_0/extraction/manifest.json
TIME run allocation action=skip run=/fslarge/scratch/users/h61084/codes/adaptime/outputs/adaptime/extractions/tsrag/univariate/Vehicle_Sales/M/short/run_0 source_launch=selena_adaptime_unified_20260914T204328Z_25264_tsrag launch_id=selena_adaptime_unified_20260915T153415Z_57382_tsrag slurm_job_id=3437180 launched_at=2026-09-15T15:35:09.602280+00:00
/fslarge/scratch/users/h61084/codes/adaptime/outputs/adaptime/extractions/tsrag/univariate/Vehicle_Sales/M/short/run_0/extraction/manifest.json
TIME run allocation action=skip run=/fslarge/scratch/users/h61084/codes/adaptime/outputs/adaptime/extractions/tsrag/univariate/Online_Retail_2_UCI/D/short/run_0 source_launch=selena_adaptime_unified_20260914T204328Z_25264_tsrag launch_id=selena_adaptime_unified_20260915T153415Z_57382_tsrag slurm_job_id=3437180 launched_at=2026-09-15T15:35:09.611134+00:00
/fslarge/scratch/users/h61084/codes/adaptime/outputs/adaptime/extractions/tsrag/univariate/Online_Retail_2_UCI/D/short/run_0/extraction/manifest.json
TIME run allocation action=skip run=/fslarge/scratch/users/h61084/codes/adaptime/outputs/adaptime/extractions/tsrag/univariate/Supply_Chain_Customer/D/short/run_0 source_launch=selena_adaptime_unified_20260914T204328Z_25264_tsrag launch_id=selena_adaptime_unified_20260915T153415Z_57382_tsrag slurm_job_id=3437180 launched_at=2026-09-15T15:35:09.619834+00:00
/fslarge/scratch/users/h61084/codes/adaptime/outputs/adaptime/extractions/tsrag/univariate/Supply_Chain_Customer/D/short/run_0/extraction/manifest.json
TIME run allocation action=skip run=/fslarge/scratch/users/h61084/codes/adaptime/outputs/adaptime/extractions/tsrag/univariate/Supply_Chain_Location/D/short/run_0 source_launch=selena_adaptime_unified_20260914T204328Z_25264_tsrag launch_id=selena_adaptime_unified_20260915T153415Z_57382_tsrag slurm_job_id=3437180 launched_at=2026-09-15T15:35:09.628551+00:00
/fslarge/scratch/users/h61084/codes/adaptime/outputs/adaptime/extractions/tsrag/univariate/Supply_Chain_Location/D/short/run_0/extraction/manifest.json
TIME run allocation action=skip run=/fslarge/scratch/users/h61084/codes/adaptime/outputs/adaptime/extractions/tsrag/univariate/azure2019_U/5T/short/run_0 source_launch=selena_adaptime_unified_20260914T204328Z_25264_tsrag launch_id=selena_adaptime_unified_20260915T153415Z_57382_tsrag slurm_job_id=3437180 launched_at=2026-09-15T15:35:09.637129+00:00
/fslarge/scratch/users/h61084/codes/adaptime/outputs/adaptime/extractions/tsrag/univariate/azure2019_U/5T/short/run_0/extraction/manifest.json
TIME run allocation action=skip run=/fslarge/scratch/users/h61084/codes/adaptime/outputs/adaptime/extractions/tsrag/univariate/Smart_Manufacturing/H/short/run_0 source_launch=selena_adaptime_unified_20260914T204328Z_25264_tsrag launch_id=selena_adaptime_unified_20260915T153415Z_57382_tsrag slurm_job_id=3437180 launched_at=2026-09-15T15:35:09.645614+00:00
/fslarge/scratch/users/h61084/codes/adaptime/outputs/adaptime/extractions/tsrag/univariate/Smart_Manufacturing/H/short/run_0/extraction/manifest.json
TIME run allocation action=skip run=/fslarge/scratch/users/h61084/codes/adaptime/outputs/adaptime/extractions/tsrag/univariate/Smart_Manufacturing/H/medium/run_0 source_launch=selena_adaptime_unified_20260914T204328Z_25264_tsrag launch_id=selena_adaptime_unified_20260915T153415Z_57382_tsrag slurm_job_id=3437180 launched_at=2026-09-15T15:35:09.653683+00:00
/fslarge/scratch/users/h61084/codes/adaptime/outputs/adaptime/extractions/tsrag/univariate/Smart_Manufacturing/H/medium/run_0/extraction/manifest.json
TIME run allocation action=skip run=/fslarge/scratch/users/h61084/codes/adaptime/outputs/adaptime/extractions/tsrag/univariate/Smart_Manufacturing/H/long/run_0 source_launch=selena_adaptime_unified_20260914T204328Z_25264_tsrag launch_id=selena_adaptime_unified_20260915T153415Z_57382_tsrag slurm_job_id=3437180 launched_at=2026-09-15T15:35:09.661984+00:00
/fslarge/scratch/users/h61084/codes/adaptime/outputs/adaptime/extractions/tsrag/univariate/Smart_Manufacturing/H/long/run_0/extraction/manifest.json
TIME run allocation action=skip run=/fslarge/scratch/users/h61084/codes/adaptime/outputs/adaptime/extractions/tsrag/univariate/MetroPT-3/5T/short/run_0 source_launch=selena_adaptime_unified_20260914T204328Z_25264_tsrag launch_id=selena_adaptime_unified_20260915T153415Z_57382_tsrag slurm_job_id=3437180 launched_at=2026-09-15T15:35:09.670454+00:00
/fslarge/scratch/users/h61084/codes/adaptime/outputs/adaptime/extractions/tsrag/univariate/MetroPT-3/5T/short/run_0/extraction/manifest.json
TIME run allocation action=skip run=/fslarge/scratch/users/h61084/codes/adaptime/outputs/adaptime/extractions/tsrag/univariate/MetroPT-3/5T/medium/run_0 source_launch=selena_adaptime_unified_20260914T204328Z_25264_tsrag launch_id=selena_adaptime_unified_20260915T153415Z_57382_tsrag slurm_job_id=3437180 launched_at=2026-09-15T15:35:09.678602+00:00
/fslarge/scratch/users/h61084/codes/adaptime/outputs/adaptime/extractions/tsrag/univariate/MetroPT-3/5T/medium/run_0/extraction/manifest.json
TIME run allocation action=skip run=/fslarge/scratch/users/h61084/codes/adaptime/outputs/adaptime/extractions/tsrag/univariate/MetroPT-3/5T/long/run_0 source_launch=selena_adaptime_unified_20260914T204328Z_25264_tsrag launch_id=selena_adaptime_unified_20260915T153415Z_57382_tsrag slurm_job_id=3437180 launched_at=2026-09-15T15:35:09.686909+00:00
/fslarge/scratch/users/h61084/codes/adaptime/outputs/adaptime/extractions/tsrag/univariate/MetroPT-3/5T/long/run_0/extraction/manifest.json
TIME run allocation action=skip run=/fslarge/scratch/users/h61084/codes/adaptime/outputs/adaptime/predictions/tsrag/univariate/Water_Quality_Darwin/15T/short/run_1 source_launch=selena_adaptime_unified_20260915T093500Z_51105_tsrag launch_id=selena_adaptime_unified_20260915T153415Z_57382_tsrag slurm_job_id=3437180 launched_at=2026-09-15T15:35:09.709263+00:00
/fslarge/scratch/users/h61084/codes/adaptime/outputs/adaptime/predictions/tsrag/univariate/Water_Quality_Darwin/15T/short/run_1/prediction/prediction_manifest.json
TIME run allocation action=skip run=/fslarge/scratch/users/h61084/codes/adaptime/outputs/adaptime/predictions/tsrag/univariate/Water_Quality_Darwin/15T/medium/run_1 source_launch=selena_adaptime_unified_20260915T093500Z_51105_tsrag launch_id=selena_adaptime_unified_20260915T153415Z_57382_tsrag slurm_job_id=3437180 launched_at=2026-09-15T15:35:09.737730+00:00
/fslarge/scratch/users/h61084/codes/adaptime/outputs/adaptime/predictions/tsrag/univariate/Water_Quality_Darwin/15T/medium/run_1/prediction/prediction_manifest.json
TIME run allocation action=skip run=/fslarge/scratch/users/h61084/codes/adaptime/outputs/adaptime/predictions/tsrag/univariate/Water_Quality_Darwin/15T/long/run_1 source_launch=selena_adaptime_unified_20260915T093500Z_51105_tsrag launch_id=selena_adaptime_unified_20260915T153415Z_57382_tsrag slurm_job_id=3437180 launched_at=2026-09-15T15:35:09.763357+00:00
/fslarge/scratch/users/h61084/codes/adaptime/outputs/adaptime/predictions/tsrag/univariate/Water_Quality_Darwin/15T/long/run_1/prediction/prediction_manifest.json
TIME run allocation action=skip run=/fslarge/scratch/users/h61084/codes/adaptime/outputs/adaptime/predictions/tsrag/univariate/current_velocity/5T/short/run_1 source_launch=selena_adaptime_unified_20260915T093500Z_51105_tsrag launch_id=selena_adaptime_unified_20260915T153415Z_57382_tsrag slurm_job_id=3437180 launched_at=2026-09-15T15:35:09.784887+00:00
/fslarge/scratch/users/h61084/codes/adaptime/outputs/adaptime/predictions/tsrag/univariate/current_velocity/5T/short/run_1/prediction/prediction_manifest.json
TIME run allocation action=skip run=/fslarge/scratch/users/h61084/codes/adaptime/outputs/adaptime/predictions/tsrag/univariate/current_velocity/5T/medium/run_1 source_launch=selena_adaptime_unified_20260915T093500Z_51105_tsrag launch_id=selena_adaptime_unified_20260915T153415Z_57382_tsrag slurm_job_id=3437180 launched_at=2026-09-15T15:35:09.811002+00:00
/fslarge/scratch/users/h61084/codes/adaptime/outputs/adaptime/predictions/tsrag/univariate/current_velocity/5T/medium/run_1/prediction/prediction_manifest.json
TIME run allocation action=skip run=/fslarge/scratch/users/h61084/codes/adaptime/outputs/adaptime/predictions/tsrag/univariate/current_velocity/5T/long/run_1 source_launch=selena_adaptime_unified_20260915T093500Z_51105_tsrag launch_id=selena_adaptime_unified_20260915T153415Z_57382_tsrag slurm_job_id=3437180 launched_at=2026-09-15T15:35:09.838641+00:00
/fslarge/scratch/users/h61084/codes/adaptime/outputs/adaptime/predictions/tsrag/univariate/current_velocity/5T/long/run_1/prediction/prediction_manifest.json
TIME run allocation action=skip run=/fslarge/scratch/users/h61084/codes/adaptime/outputs/adaptime/predictions/tsrag/univariate/current_velocity/10T/short/run_1 source_launch=selena_adaptime_unified_20260915T093500Z_51105_tsrag launch_id=selena_adaptime_unified_20260915T153415Z_57382_tsrag slurm_job_id=3437180 launched_at=2026-09-15T15:35:09.859546+00:00
/fslarge/scratch/users/h61084/codes/adaptime/outputs/adaptime/predictions/tsrag/univariate/current_velocity/10T/short/run_1/prediction/prediction_manifest.json
TIME run allocation action=skip run=/fslarge/scratch/users/h61084/codes/adaptime/outputs/adaptime/predictions/tsrag/univariate/current_velocity/10T/medium/run_1 source_launch=selena_adaptime_unified_20260915T093500Z_51105_tsrag launch_id=selena_adaptime_unified_20260915T153415Z_57382_tsrag slurm_job_id=3437180 launched_at=2026-09-15T15:35:09.880874+00:00
/fslarge/scratch/users/h61084/codes/adaptime/outputs/adaptime/predictions/tsrag/univariate/current_velocity/10T/medium/run_1/prediction/prediction_manifest.json
TIME run allocation action=skip run=/fslarge/scratch/users/h61084/codes/adaptime/outputs/adaptime/predictions/tsrag/univariate/current_velocity/10T/long/run_1 source_launch=selena_adaptime_unified_20260915T093500Z_51105_tsrag launch_id=selena_adaptime_unified_20260915T153415Z_57382_tsrag slurm_job_id=3437180 launched_at=2026-09-15T15:35:09.906711+00:00
/fslarge/scratch/users/h61084/codes/adaptime/outputs/adaptime/predictions/tsrag/univariate/current_velocity/10T/long/run_1/prediction/prediction_manifest.json
TIME run allocation action=skip run=/fslarge/scratch/users/h61084/codes/adaptime/outputs/adaptime/predictions/tsrag/univariate/current_velocity/15T/short/run_1 source_launch=selena_adaptime_unified_20260915T093500Z_51105_tsrag launch_id=selena_adaptime_unified_20260915T153415Z_57382_tsrag slurm_job_id=3437180 launched_at=2026-09-15T15:35:09.928060+00:00
/fslarge/scratch/users/h61084/codes/adaptime/outputs/adaptime/predictions/tsrag/univariate/current_velocity/15T/short/run_1/prediction/prediction_manifest.json
TIME run allocation action=skip run=/fslarge/scratch/users/h61084/codes/adaptime/outputs/adaptime/predictions/tsrag/univariate/current_velocity/15T/medium/run_1 source_launch=selena_adaptime_unified_20260915T093500Z_51105_tsrag launch_id=selena_adaptime_unified_20260915T153415Z_57382_tsrag slurm_job_id=3437180 launched_at=2026-09-15T15:35:09.949817+00:00
/fslarge/scratch/users/h61084/codes/adaptime/outputs/adaptime/predictions/tsrag/univariate/current_velocity/15T/medium/run_1/prediction/prediction_manifest.json
TIME run allocation action=skip run=/fslarge/scratch/users/h61084/codes/adaptime/outputs/adaptime/predictions/tsrag/univariate/current_velocity/15T/long/run_1 source_launch=selena_adaptime_unified_20260915T093500Z_51105_tsrag launch_id=selena_adaptime_unified_20260915T153415Z_57382_tsrag slurm_job_id=3437180 launched_at=2026-09-15T15:35:09.970350+00:00
/fslarge/scratch/users/h61084/codes/adaptime/outputs/adaptime/predictions/tsrag/univariate/current_velocity/15T/long/run_1/prediction/prediction_manifest.json
TIME run allocation action=skip run=/fslarge/scratch/users/h61084/codes/adaptime/outputs/adaptime/predictions/tsrag/univariate/current_velocity/H/short/run_1 source_launch=selena_adaptime_unified_20260915T093500Z_51105_tsrag launch_id=selena_adaptime_unified_20260915T153415Z_57382_tsrag slurm_job_id=3437180 launched_at=2026-09-15T15:35:09.991812+00:00
/fslarge/scratch/users/h61084/codes/adaptime/outputs/adaptime/predictions/tsrag/univariate/current_velocity/H/short/run_1/prediction/prediction_manifest.json
TIME run allocation action=skip run=/fslarge/scratch/users/h61084/codes/adaptime/outputs/adaptime/predictions/tsrag/univariate/current_velocity/H/medium/run_1 source_launch=selena_adaptime_unified_20260915T093500Z_51105_tsrag launch_id=selena_adaptime_unified_20260915T153415Z_57382_tsrag slurm_job_id=3437180 launched_at=2026-09-15T15:35:10.013006+00:00
/fslarge/scratch/users/h61084/codes/adaptime/outputs/adaptime/predictions/tsrag/univariate/current_velocity/H/medium/run_1/prediction/prediction_manifest.json
TIME run allocation action=skip run=/fslarge/scratch/users/h61084/codes/adaptime/outputs/adaptime/predictions/tsrag/univariate/current_velocity/H/long/run_1 source_launch=selena_adaptime_unified_20260915T093500Z_51105_tsrag launch_id=selena_adaptime_unified_20260915T153415Z_57382_tsrag slurm_job_id=3437180 launched_at=2026-09-15T15:35:10.033799+00:00
/fslarge/scratch/users/h61084/codes/adaptime/outputs/adaptime/predictions/tsrag/univariate/current_velocity/H/long/run_1/prediction/prediction_manifest.json
TIME run allocation action=skip run=/fslarge/scratch/users/h61084/codes/adaptime/outputs/adaptime/predictions/tsrag/univariate/CPHL/15T/short/run_1 source_launch=selena_adaptime_unified_20260915T093500Z_51105_tsrag launch_id=selena_adaptime_unified_20260915T153415Z_57382_tsrag slurm_job_id=3437180 launched_at=2026-09-15T15:35:10.055661+00:00
/fslarge/scratch/users/h61084/codes/adaptime/outputs/adaptime/predictions/tsrag/univariate/CPHL/15T/short/run_1/prediction/prediction_manifest.json
TIME run allocation action=skip run=/fslarge/scratch/users/h61084/codes/adaptime/outputs/adaptime/predictions/tsrag/univariate/CPHL/15T/medium/run_1 source_launch=selena_adaptime_unified_20260915T093500Z_51105_tsrag launch_id=selena_adaptime_unified_20260915T153415Z_57382_tsrag slurm_job_id=3437180 launched_at=2026-09-15T15:35:10.081822+00:00
/fslarge/scratch/users/h61084/codes/adaptime/outputs/adaptime/predictions/tsrag/univariate/CPHL/15T/medium/run_1/prediction/prediction_manifest.json
TIME run allocation action=skip run=/fslarge/scratch/users/h61084/codes/adaptime/outputs/adaptime/predictions/tsrag/univariate/CPHL/15T/long/run_1 source_launch=selena_adaptime_unified_20260915T093500Z_51105_tsrag launch_id=selena_adaptime_unified_20260915T153415Z_57382_tsrag slurm_job_id=3437180 launched_at=2026-09-15T15:35:10.107873+00:00
/fslarge/scratch/users/h61084/codes/adaptime/outputs/adaptime/predictions/tsrag/univariate/CPHL/15T/long/run_1/prediction/prediction_manifest.json
TIME run allocation action=skip run=/fslarge/scratch/users/h61084/codes/adaptime/outputs/adaptime/predictions/tsrag/univariate/CPHL/30T/short/run_1 source_launch=selena_adaptime_unified_20260915T093500Z_51105_tsrag launch_id=selena_adaptime_unified_20260915T153415Z_57382_tsrag slurm_job_id=3437180 launched_at=2026-09-15T15:35:10.129043+00:00
/fslarge/scratch/users/h61084/codes/adaptime/outputs/adaptime/predictions/tsrag/univariate/CPHL/30T/short/run_1/prediction/prediction_manifest.json
TIME run allocation action=skip run=/fslarge/scratch/users/h61084/codes/adaptime/outputs/adaptime/predictions/tsrag/univariate/CPHL/30T/medium/run_1 source_launch=selena_adaptime_unified_20260915T093500Z_51105_tsrag launch_id=selena_adaptime_unified_20260915T153415Z_57382_tsrag slurm_job_id=3437180 launched_at=2026-09-15T15:35:10.149863+00:00
/fslarge/scratch/users/h61084/codes/adaptime/outputs/adaptime/predictions/tsrag/univariate/CPHL/30T/medium/run_1/prediction/prediction_manifest.json
TIME run allocation action=skip run=/fslarge/scratch/users/h61084/codes/adaptime/outputs/adaptime/predictions/tsrag/univariate/CPHL/30T/long/run_1 source_launch=selena_adaptime_unified_20260915T093500Z_51105_tsrag launch_id=selena_adaptime_unified_20260915T153415Z_57382_tsrag slurm_job_id=3437180 launched_at=2026-09-15T15:35:10.175941+00:00
/fslarge/scratch/users/h61084/codes/adaptime/outputs/adaptime/predictions/tsrag/univariate/CPHL/30T/long/run_1/prediction/prediction_manifest.json
TIME run allocation action=skip run=/fslarge/scratch/users/h61084/codes/adaptime/outputs/adaptime/predictions/tsrag/univariate/CPHL/H/short/run_1 source_launch=selena_adaptime_unified_20260915T093500Z_51105_tsrag launch_id=selena_adaptime_unified_20260915T153415Z_57382_tsrag slurm_job_id=3437180 launched_at=2026-09-15T15:35:10.197565+00:00
/fslarge/scratch/users/h61084/codes/adaptime/outputs/adaptime/predictions/tsrag/univariate/CPHL/H/short/run_1/prediction/prediction_manifest.json
TIME run allocation action=skip run=/fslarge/scratch/users/h61084/codes/adaptime/outputs/adaptime/predictions/tsrag/univariate/CPHL/H/medium/run_1 source_launch=selena_adaptime_unified_20260915T093500Z_51105_tsrag launch_id=selena_adaptime_unified_20260915T153415Z_57382_tsrag slurm_job_id=3437180 launched_at=2026-09-15T15:35:10.218870+00:00
/fslarge/scratch/users/h61084/codes/adaptime/outputs/adaptime/predictions/tsrag/univariate/CPHL/H/medium/run_1/prediction/prediction_manifest.json
TIME run allocation action=skip run=/fslarge/scratch/users/h61084/codes/adaptime/outputs/adaptime/predictions/tsrag/univariate/CPHL/H/long/run_1 source_launch=selena_adaptime_unified_20260915T093500Z_51105_tsrag launch_id=selena_adaptime_unified_20260915T153415Z_57382_tsrag slurm_job_id=3437180 launched_at=2026-09-15T15:35:10.240102+00:00
/fslarge/scratch/users/h61084/codes/adaptime/outputs/adaptime/predictions/tsrag/univariate/CPHL/H/long/run_1/prediction/prediction_manifest.json
TIME run allocation action=skip run=/fslarge/scratch/users/h61084/codes/adaptime/outputs/adaptime/predictions/tsrag/univariate/Coastal_T_S/15T/short/run_1 source_launch=selena_adaptime_unified_20260915T093500Z_51105_tsrag launch_id=selena_adaptime_unified_20260915T153415Z_57382_tsrag slurm_job_id=3437180 launched_at=2026-09-15T15:35:10.261458+00:00
/fslarge/scratch/users/h61084/codes/adaptime/outputs/adaptime/predictions/tsrag/univariate/Coastal_T_S/15T/short/run_1/prediction/prediction_manifest.json
TIME run allocation action=skip run=/fslarge/scratch/users/h61084/codes/adaptime/outputs/adaptime/predictions/tsrag/univariate/Coastal_T_S/15T/medium/run_1 source_launch=selena_adaptime_unified_20260915T093500Z_51105_tsrag launch_id=selena_adaptime_unified_20260915T153415Z_57382_tsrag slurm_job_id=3437180 launched_at=2026-09-15T15:35:10.287921+00:00
/fslarge/scratch/users/h61084/codes/adaptime/outputs/adaptime/predictions/tsrag/univariate/Coastal_T_S/15T/medium/run_1/prediction/prediction_manifest.json
TIME run allocation action=skip run=/fslarge/scratch/users/h61084/codes/adaptime/outputs/adaptime/predictions/tsrag/univariate/Coastal_T_S/15T/long/run_1 source_launch=selena_adaptime_unified_20260915T093500Z_51105_tsrag launch_id=selena_adaptime_unified_20260915T153415Z_57382_tsrag slurm_job_id=3437180 launched_at=2026-09-15T15:35:10.314116+00:00
/fslarge/scratch/users/h61084/codes/adaptime/outputs/adaptime/predictions/tsrag/univariate/Coastal_T_S/15T/long/run_1/prediction/prediction_manifest.json
TIME run allocation action=skip run=/fslarge/scratch/users/h61084/codes/adaptime/outputs/adaptime/predictions/tsrag/univariate/Coastal_T_S/20T/short/run_1 source_launch=selena_adaptime_unified_20260915T093500Z_51105_tsrag launch_id=selena_adaptime_unified_20260915T153415Z_57382_tsrag slurm_job_id=3437180 launched_at=2026-09-15T15:35:10.335341+00:00
/fslarge/scratch/users/h61084/codes/adaptime/outputs/adaptime/predictions/tsrag/univariate/Coastal_T_S/20T/short/run_1/prediction/prediction_manifest.json
TIME run allocation action=skip run=/fslarge/scratch/users/h61084/codes/adaptime/outputs/adaptime/predictions/tsrag/univariate/Coastal_T_S/20T/medium/run_1 source_launch=selena_adaptime_unified_20260915T093500Z_51105_tsrag launch_id=selena_adaptime_unified_20260915T153415Z_57382_tsrag slurm_job_id=3437180 launched_at=2026-09-15T15:35:10.361911+00:00
/fslarge/scratch/users/h61084/codes/adaptime/outputs/adaptime/predictions/tsrag/univariate/Coastal_T_S/20T/medium/run_1/prediction/prediction_manifest.json
TIME run allocation action=skip run=/fslarge/scratch/users/h61084/codes/adaptime/outputs/adaptime/predictions/tsrag/univariate/Coastal_T_S/20T/long/run_1 source_launch=selena_adaptime_unified_20260915T093500Z_51105_tsrag launch_id=selena_adaptime_unified_20260915T153415Z_57382_tsrag slurm_job_id=3437180 launched_at=2026-09-15T15:35:10.387616+00:00
/fslarge/scratch/users/h61084/codes/adaptime/outputs/adaptime/predictions/tsrag/univariate/Coastal_T_S/20T/long/run_1/prediction/prediction_manifest.json
TIME run allocation action=skip run=/fslarge/scratch/users/h61084/codes/adaptime/outputs/adaptime/predictions/tsrag/univariate/Coastal_T_S/H/short/run_1 source_launch=selena_adaptime_unified_20260915T093500Z_51105_tsrag launch_id=selena_adaptime_unified_20260915T153415Z_57382_tsrag slurm_job_id=3437180 launched_at=2026-09-15T15:35:10.409174+00:00
/fslarge/scratch/users/h61084/codes/adaptime/outputs/adaptime/predictions/tsrag/univariate/Coastal_T_S/H/short/run_1/prediction/prediction_manifest.json
TIME run allocation action=skip run=/fslarge/scratch/users/h61084/codes/adaptime/outputs/adaptime/predictions/tsrag/univariate/Coastal_T_S/H/medium/run_1 source_launch=selena_adaptime_unified_20260915T093500Z_51105_tsrag launch_id=selena_adaptime_unified_20260915T153415Z_57382_tsrag slurm_job_id=3437180 launched_at=2026-09-15T15:35:10.430335+00:00
/fslarge/scratch/users/h61084/codes/adaptime/outputs/adaptime/predictions/tsrag/univariate/Coastal_T_S/H/medium/run_1/prediction/prediction_manifest.json
TIME run allocation action=skip run=/fslarge/scratch/users/h61084/codes/adaptime/outputs/adaptime/predictions/tsrag/univariate/Coastal_T_S/H/long/run_1 source_launch=selena_adaptime_unified_20260915T093500Z_51105_tsrag launch_id=selena_adaptime_unified_20260915T153415Z_57382_tsrag slurm_job_id=3437180 launched_at=2026-09-15T15:35:10.456203+00:00
/fslarge/scratch/users/h61084/codes/adaptime/outputs/adaptime/predictions/tsrag/univariate/Coastal_T_S/H/long/run_1/prediction/prediction_manifest.json
TIME run allocation action=skip run=/fslarge/scratch/users/h61084/codes/adaptime/outputs/adaptime/predictions/tsrag/univariate/SG_Weather/D/short/run_1 source_launch=selena_adaptime_unified_20260915T093500Z_51105_tsrag launch_id=selena_adaptime_unified_20260915T153415Z_57382_tsrag slurm_job_id=3437180 launched_at=2026-09-15T15:35:10.477972+00:00
/fslarge/scratch/users/h61084/codes/adaptime/outputs/adaptime/predictions/tsrag/univariate/SG_Weather/D/short/run_1/prediction/prediction_manifest.json
TIME run allocation action=skip run=/fslarge/scratch/users/h61084/codes/adaptime/outputs/adaptime/predictions/tsrag/univariate/SG_Weather/D/medium/run_1 source_launch=selena_adaptime_unified_20260915T093500Z_51105_tsrag launch_id=selena_adaptime_unified_20260915T153415Z_57382_tsrag slurm_job_id=3437180 launched_at=2026-09-15T15:35:10.498596+00:00
/fslarge/scratch/users/h61084/codes/adaptime/outputs/adaptime/predictions/tsrag/univariate/SG_Weather/D/medium/run_1/prediction/prediction_manifest.json
TIME run allocation action=skip run=/fslarge/scratch/users/h61084/codes/adaptime/outputs/adaptime/predictions/tsrag/univariate/SG_Weather/D/long/run_1 source_launch=selena_adaptime_unified_20260915T093500Z_51105_tsrag launch_id=selena_adaptime_unified_20260915T153415Z_57382_tsrag slurm_job_id=3437180 launched_at=2026-09-15T15:35:10.519310+00:00
/fslarge/scratch/users/h61084/codes/adaptime/outputs/adaptime/predictions/tsrag/univariate/SG_Weather/D/long/run_1/prediction/prediction_manifest.json
TIME run allocation action=skip run=/fslarge/scratch/users/h61084/codes/adaptime/outputs/adaptime/predictions/tsrag/univariate/SG_PM25/H/short/run_1 source_launch=selena_adaptime_unified_20260915T093500Z_51105_tsrag launch_id=selena_adaptime_unified_20260915T153415Z_57382_tsrag slurm_job_id=3437180 launched_at=2026-09-15T15:35:10.546308+00:00
/fslarge/scratch/users/h61084/codes/adaptime/outputs/adaptime/predictions/tsrag/univariate/SG_PM25/H/short/run_1/prediction/prediction_manifest.json
TIME run allocation action=skip run=/fslarge/scratch/users/h61084/codes/adaptime/outputs/adaptime/predictions/tsrag/univariate/SG_PM25/H/medium/run_1 source_launch=selena_adaptime_unified_20260915T093500Z_51105_tsrag launch_id=selena_adaptime_unified_20260915T153415Z_57382_tsrag slurm_job_id=3437180 launched_at=2026-09-15T15:35:10.572788+00:00
/fslarge/scratch/users/h61084/codes/adaptime/outputs/adaptime/predictions/tsrag/univariate/SG_PM25/H/medium/run_1/prediction/prediction_manifest.json
TIME run allocation action=skip run=/fslarge/scratch/users/h61084/codes/adaptime/outputs/adaptime/predictions/tsrag/univariate/SG_PM25/H/long/run_1 source_launch=selena_adaptime_unified_20260915T093500Z_51105_tsrag launch_id=selena_adaptime_unified_20260915T153415Z_57382_tsrag slurm_job_id=3437180 launched_at=2026-09-15T15:35:10.598353+00:00
/fslarge/scratch/users/h61084/codes/adaptime/outputs/adaptime/predictions/tsrag/univariate/SG_PM25/H/long/run_1/prediction/prediction_manifest.json
TIME run allocation action=skip run=/fslarge/scratch/users/h61084/codes/adaptime/outputs/adaptime/predictions/tsrag/univariate/NE_China_Wind/H/short/run_1 source_launch=selena_adaptime_unified_20260915T093500Z_51105_tsrag launch_id=selena_adaptime_unified_20260915T153415Z_57382_tsrag slurm_job_id=3437180 launched_at=2026-09-15T15:35:10.619739+00:00
/fslarge/scratch/users/h61084/codes/adaptime/outputs/adaptime/predictions/tsrag/univariate/NE_China_Wind/H/short/run_1/prediction/prediction_manifest.json
TIME run allocation action=skip run=/fslarge/scratch/users/h61084/codes/adaptime/outputs/adaptime/predictions/tsrag/univariate/NE_China_Wind/H/medium/run_1 source_launch=selena_adaptime_unified_20260915T093500Z_51105_tsrag launch_id=selena_adaptime_unified_20260915T153415Z_57382_tsrag slurm_job_id=3437180 launched_at=2026-09-15T15:35:10.645500+00:00
/fslarge/scratch/users/h61084/codes/adaptime/outputs/adaptime/predictions/tsrag/univariate/NE_China_Wind/H/medium/run_1/prediction/prediction_manifest.json
TIME run allocation action=skip run=/fslarge/scratch/users/h61084/codes/adaptime/outputs/adaptime/predictions/tsrag/univariate/NE_China_Wind/H/long/run_1 source_launch=selena_adaptime_unified_20260915T093500Z_51105_tsrag launch_id=selena_adaptime_unified_20260915T153415Z_57382_tsrag slurm_job_id=3437180 launched_at=2026-09-15T15:35:10.671074+00:00
/fslarge/scratch/users/h61084/codes/adaptime/outputs/adaptime/predictions/tsrag/univariate/NE_China_Wind/H/long/run_1/prediction/prediction_manifest.json
TIME run allocation action=skip run=/fslarge/scratch/users/h61084/codes/adaptime/outputs/adaptime/predictions/tsrag/univariate/Australia_Solar/H/short/run_1 source_launch=selena_adaptime_unified_20260915T093500Z_51105_tsrag launch_id=selena_adaptime_unified_20260915T153415Z_57382_tsrag slurm_job_id=3437180 launched_at=2026-09-15T15:35:10.695694+00:00
/fslarge/scratch/users/h61084/codes/adaptime/outputs/adaptime/predictions/tsrag/univariate/Australia_Solar/H/short/run_1/prediction/prediction_manifest.json
TIME run allocation action=skip run=/fslarge/scratch/users/h61084/codes/adaptime/outputs/adaptime/predictions/tsrag/univariate/Australia_Solar/H/medium/run_1 source_launch=selena_adaptime_unified_20260915T093500Z_51105_tsrag launch_id=selena_adaptime_unified_20260915T153415Z_57382_tsrag slurm_job_id=3437180 launched_at=2026-09-15T15:35:10.722139+00:00
/fslarge/scratch/users/h61084/codes/adaptime/outputs/adaptime/predictions/tsrag/univariate/Australia_Solar/H/medium/run_1/prediction/prediction_manifest.json
TIME run allocation action=skip run=/fslarge/scratch/users/h61084/codes/adaptime/outputs/adaptime/predictions/tsrag/univariate/Australia_Solar/H/long/run_1 source_launch=selena_adaptime_unified_20260915T093500Z_51105_tsrag launch_id=selena_adaptime_unified_20260915T153415Z_57382_tsrag slurm_job_id=3437180 launched_at=2026-09-15T15:35:10.747834+00:00
/fslarge/scratch/users/h61084/codes/adaptime/outputs/adaptime/predictions/tsrag/univariate/Australia_Solar/H/long/run_1/prediction/prediction_manifest.json
TIME run allocation action=skip run=/fslarge/scratch/users/h61084/codes/adaptime/outputs/adaptime/predictions/tsrag/univariate/epf_electricity_price/H/short/run_1 source_launch=selena_adaptime_unified_20260915T093500Z_51105_tsrag launch_id=selena_adaptime_unified_20260915T153415Z_57382_tsrag slurm_job_id=3437180 launched_at=2026-09-15T15:35:10.775143+00:00
/fslarge/scratch/users/h61084/codes/adaptime/outputs/adaptime/predictions/tsrag/univariate/epf_electricity_price/H/short/run_1/prediction/prediction_manifest.json
TIME run allocation action=skip run=/fslarge/scratch/users/h61084/codes/adaptime/outputs/adaptime/predictions/tsrag/univariate/epf_electricity_price/H/medium/run_1 source_launch=selena_adaptime_unified_20260915T093500Z_51105_tsrag launch_id=selena_adaptime_unified_20260915T153415Z_57382_tsrag slurm_job_id=3437180 launched_at=2026-09-15T15:35:10.801983+00:00
/fslarge/scratch/users/h61084/codes/adaptime/outputs/adaptime/predictions/tsrag/univariate/epf_electricity_price/H/medium/run_1/prediction/prediction_manifest.json
TIME run allocation action=skip run=/fslarge/scratch/users/h61084/codes/adaptime/outputs/adaptime/predictions/tsrag/univariate/epf_electricity_price/H/long/run_1 source_launch=selena_adaptime_unified_20260915T093500Z_51105_tsrag launch_id=selena_adaptime_unified_20260915T153415Z_57382_tsrag slurm_job_id=3437180 launched_at=2026-09-15T15:35:10.828454+00:00
/fslarge/scratch/users/h61084/codes/adaptime/outputs/adaptime/predictions/tsrag/univariate/epf_electricity_price/H/long/run_1/prediction/prediction_manifest.json
TIME run allocation action=skip run=/fslarge/scratch/users/h61084/codes/adaptime/outputs/adaptime/predictions/tsrag/univariate/OpenElectricity_NEM/5T/short/run_1 source_launch=selena_adaptime_unified_20260915T093500Z_51105_tsrag launch_id=selena_adaptime_unified_20260915T153415Z_57382_tsrag slurm_job_id=3437180 launched_at=2026-09-15T15:35:10.850069+00:00
/fslarge/scratch/users/h61084/codes/adaptime/outputs/adaptime/predictions/tsrag/univariate/OpenElectricity_NEM/5T/short/run_1/prediction/prediction_manifest.json
TIME run allocation action=skip run=/fslarge/scratch/users/h61084/codes/adaptime/outputs/adaptime/predictions/tsrag/univariate/OpenElectricity_NEM/5T/medium/run_1 source_launch=selena_adaptime_unified_20260915T093500Z_51105_tsrag launch_id=selena_adaptime_unified_20260915T153415Z_57382_tsrag slurm_job_id=3437180 launched_at=2026-09-15T15:35:10.876180+00:00
/fslarge/scratch/users/h61084/codes/adaptime/outputs/adaptime/predictions/tsrag/univariate/OpenElectricity_NEM/5T/medium/run_1/prediction/prediction_manifest.json
TIME run allocation action=skip run=/fslarge/scratch/users/h61084/codes/adaptime/outputs/adaptime/predictions/tsrag/univariate/OpenElectricity_NEM/5T/long/run_1 source_launch=selena_adaptime_unified_20260915T093500Z_51105_tsrag launch_id=selena_adaptime_unified_20260915T153415Z_57382_tsrag slurm_job_id=3437180 launched_at=2026-09-15T15:35:10.902160+00:00
/fslarge/scratch/users/h61084/codes/adaptime/outputs/adaptime/predictions/tsrag/univariate/OpenElectricity_NEM/5T/long/run_1/prediction/prediction_manifest.json
TIME run allocation action=skip run=/fslarge/scratch/users/h61084/codes/adaptime/outputs/adaptime/predictions/tsrag/univariate/EWELD_Load/15T/short/run_1 source_launch=selena_adaptime_unified_20260915T093500Z_51105_tsrag launch_id=selena_adaptime_unified_20260915T153415Z_57382_tsrag slurm_job_id=3437180 launched_at=2026-09-15T15:35:10.923656+00:00
/fslarge/scratch/users/h61084/codes/adaptime/outputs/adaptime/predictions/tsrag/univariate/EWELD_Load/15T/short/run_1/prediction/prediction_manifest.json
TIME run allocation action=skip run=/fslarge/scratch/users/h61084/codes/adaptime/outputs/adaptime/predictions/tsrag/univariate/EWELD_Load/15T/medium/run_1 source_launch=selena_adaptime_unified_20260915T093500Z_51105_tsrag launch_id=selena_adaptime_unified_20260915T153415Z_57382_tsrag slurm_job_id=3437180 launched_at=2026-09-15T15:35:10.953577+00:00
/fslarge/scratch/users/h61084/codes/adaptime/outputs/adaptime/predictions/tsrag/univariate/EWELD_Load/15T/medium/run_1/prediction/prediction_manifest.json
TIME run allocation action=skip run=/fslarge/scratch/users/h61084/codes/adaptime/outputs/adaptime/predictions/tsrag/univariate/EWELD_Load/15T/long/run_1 source_launch=selena_adaptime_unified_20260915T093500Z_51105_tsrag launch_id=selena_adaptime_unified_20260915T153415Z_57382_tsrag slurm_job_id=3437180 launched_at=2026-09-15T15:35:10.981853+00:00
/fslarge/scratch/users/h61084/codes/adaptime/outputs/adaptime/predictions/tsrag/univariate/EWELD_Load/15T/long/run_1/prediction/prediction_manifest.json
TIME run allocation action=skip run=/fslarge/scratch/users/h61084/codes/adaptime/outputs/adaptime/predictions/tsrag/univariate/SG_Carpark/15T/short/run_1 source_launch=selena_adaptime_unified_20260915T093500Z_51105_tsrag launch_id=selena_adaptime_unified_20260915T153415Z_57382_tsrag slurm_job_id=3437180 launched_at=2026-09-15T15:35:11.003413+00:00
/fslarge/scratch/users/h61084/codes/adaptime/outputs/adaptime/predictions/tsrag/univariate/SG_Carpark/15T/short/run_1/prediction/prediction_manifest.json
TIME run allocation action=skip run=/fslarge/scratch/users/h61084/codes/adaptime/outputs/adaptime/predictions/tsrag/univariate/SG_Carpark/15T/medium/run_1 source_launch=selena_adaptime_unified_20260915T093500Z_51105_tsrag launch_id=selena_adaptime_unified_20260915T153415Z_57382_tsrag slurm_job_id=3437180 launched_at=2026-09-15T15:35:11.028893+00:00
/fslarge/scratch/users/h61084/codes/adaptime/outputs/adaptime/predictions/tsrag/univariate/SG_Carpark/15T/medium/run_1/prediction/prediction_manifest.json
TIME run allocation action=skip run=/fslarge/scratch/users/h61084/codes/adaptime/outputs/adaptime/predictions/tsrag/univariate/SG_Carpark/15T/long/run_1 source_launch=selena_adaptime_unified_20260915T093500Z_51105_tsrag launch_id=selena_adaptime_unified_20260915T153415Z_57382_tsrag slurm_job_id=3437180 launched_at=2026-09-15T15:35:11.055103+00:00
/fslarge/scratch/users/h61084/codes/adaptime/outputs/adaptime/predictions/tsrag/univariate/SG_Carpark/15T/long/run_1/prediction/prediction_manifest.json
TIME run allocation action=skip run=/fslarge/scratch/users/h61084/codes/adaptime/outputs/adaptime/predictions/tsrag/univariate/Finland_Traffic/15T/short/run_1 source_launch=selena_adaptime_unified_20260915T093500Z_51105_tsrag launch_id=selena_adaptime_unified_20260915T153415Z_57382_tsrag slurm_job_id=3437180 launched_at=2026-09-15T15:35:11.076076+00:00
/fslarge/scratch/users/h61084/codes/adaptime/outputs/adaptime/predictions/tsrag/univariate/Finland_Traffic/15T/short/run_1/prediction/prediction_manifest.json
TIME run allocation action=skip run=/fslarge/scratch/users/h61084/codes/adaptime/outputs/adaptime/predictions/tsrag/univariate/Finland_Traffic/15T/medium/run_1 source_launch=selena_adaptime_unified_20260915T093500Z_51105_tsrag launch_id=selena_adaptime_unified_20260915T153415Z_57382_tsrag slurm_job_id=3437180 launched_at=2026-09-15T15:35:11.103406+00:00
/fslarge/scratch/users/h61084/codes/adaptime/outputs/adaptime/predictions/tsrag/univariate/Finland_Traffic/15T/medium/run_1/prediction/prediction_manifest.json
TIME run allocation action=skip run=/fslarge/scratch/users/h61084/codes/adaptime/outputs/adaptime/predictions/tsrag/univariate/Finland_Traffic/15T/long/run_1 source_launch=selena_adaptime_unified_20260915T093500Z_51105_tsrag launch_id=selena_adaptime_unified_20260915T153415Z_57382_tsrag slurm_job_id=3437180 launched_at=2026-09-15T15:35:11.130061+00:00
/fslarge/scratch/users/h61084/codes/adaptime/outputs/adaptime/predictions/tsrag/univariate/Finland_Traffic/15T/long/run_1/prediction/prediction_manifest.json
TIME run allocation action=skip run=/fslarge/scratch/users/h61084/codes/adaptime/outputs/adaptime/predictions/tsrag/univariate/Port_Activity/D/short/run_1 source_launch=selena_adaptime_unified_20260915T093500Z_51105_tsrag launch_id=selena_adaptime_unified_20260915T153415Z_57382_tsrag slurm_job_id=3437180 launched_at=2026-09-15T15:35:11.159332+00:00
/fslarge/scratch/users/h61084/codes/adaptime/outputs/adaptime/predictions/tsrag/univariate/Port_Activity/D/short/run_1/prediction/prediction_manifest.json
TIME run allocation action=skip run=/fslarge/scratch/users/h61084/codes/adaptime/outputs/adaptime/predictions/tsrag/univariate/Port_Activity/W/short/run_1 source_launch=selena_adaptime_unified_20260915T093500Z_51105_tsrag launch_id=selena_adaptime_unified_20260915T153415Z_57382_tsrag slurm_job_id=3437180 launched_at=2026-09-15T15:35:11.180733+00:00
/fslarge/scratch/users/h61084/codes/adaptime/outputs/adaptime/predictions/tsrag/univariate/Port_Activity/W/short/run_1/prediction/prediction_manifest.json
TIME run allocation action=skip run=/fslarge/scratch/users/h61084/codes/adaptime/outputs/adaptime/predictions/tsrag/univariate/ECDC_COVID/D/short/run_1 source_launch=selena_adaptime_unified_20260915T093500Z_51105_tsrag launch_id=selena_adaptime_unified_20260915T153415Z_57382_tsrag slurm_job_id=3437180 launched_at=2026-09-15T15:35:11.202447+00:00
/fslarge/scratch/users/h61084/codes/adaptime/outputs/adaptime/predictions/tsrag/univariate/ECDC_COVID/D/short/run_1/prediction/prediction_manifest.json
TIME run allocation action=skip run=/fslarge/scratch/users/h61084/codes/adaptime/outputs/adaptime/predictions/tsrag/univariate/ECDC_COVID/W/short/run_1 source_launch=selena_adaptime_unified_20260915T093500Z_51105_tsrag launch_id=selena_adaptime_unified_20260915T153415Z_57382_tsrag slurm_job_id=3437180 launched_at=2026-09-15T15:35:11.223881+00:00
/fslarge/scratch/users/h61084/codes/adaptime/outputs/adaptime/predictions/tsrag/univariate/ECDC_COVID/W/short/run_1/prediction/prediction_manifest.json
TIME run allocation action=skip run=/fslarge/scratch/users/h61084/codes/adaptime/outputs/adaptime/predictions/tsrag/univariate/Global_Influenza/W/short/run_1 source_launch=selena_adaptime_unified_20260915T093500Z_51105_tsrag launch_id=selena_adaptime_unified_20260915T153415Z_57382_tsrag slurm_job_id=3437180 launched_at=2026-09-15T15:35:11.245162+00:00
/fslarge/scratch/users/h61084/codes/adaptime/outputs/adaptime/predictions/tsrag/univariate/Global_Influenza/W/short/run_1/prediction/prediction_manifest.json
TIME run allocation action=skip run=/fslarge/scratch/users/h61084/codes/adaptime/outputs/adaptime/predictions/tsrag/univariate/Crypto/D/short/run_1 source_launch=selena_adaptime_unified_20260915T093500Z_51105_tsrag launch_id=selena_adaptime_unified_20260915T153415Z_57382_tsrag slurm_job_id=3437180 launched_at=2026-09-15T15:35:11.276101+00:00
/fslarge/scratch/users/h61084/codes/adaptime/outputs/adaptime/predictions/tsrag/univariate/Crypto/D/short/run_1/prediction/prediction_manifest.json
TIME run allocation action=skip run=/fslarge/scratch/users/h61084/codes/adaptime/outputs/adaptime/predictions/tsrag/univariate/US_Term_Structure/B/short/run_1 source_launch=selena_adaptime_unified_20260915T093500Z_51105_tsrag launch_id=selena_adaptime_unified_20260915T153415Z_57382_tsrag slurm_job_id=3437180 launched_at=2026-09-15T15:35:11.303279+00:00
/fslarge/scratch/users/h61084/codes/adaptime/outputs/adaptime/predictions/tsrag/univariate/US_Term_Structure/B/short/run_1/prediction/prediction_manifest.json
TIME run allocation action=skip run=/fslarge/scratch/users/h61084/codes/adaptime/outputs/adaptime/predictions/tsrag/univariate/Oil_Price/B/short/run_1 source_launch=selena_adaptime_unified_20260915T093500Z_51105_tsrag launch_id=selena_adaptime_unified_20260915T153415Z_57382_tsrag slurm_job_id=3437180 launched_at=2026-09-15T15:35:11.330756+00:00
/fslarge/scratch/users/h61084/codes/adaptime/outputs/adaptime/predictions/tsrag/univariate/Oil_Price/B/short/run_1/prediction/prediction_manifest.json
TIME run allocation action=skip run=/fslarge/scratch/users/h61084/codes/adaptime/outputs/adaptime/predictions/tsrag/univariate/Job_Claims/W/short/run_1 source_launch=selena_adaptime_unified_20260915T093500Z_51105_tsrag launch_id=selena_adaptime_unified_20260915T153415Z_57382_tsrag slurm_job_id=3437180 launched_at=2026-09-15T15:35:11.352111+00:00
/fslarge/scratch/users/h61084/codes/adaptime/outputs/adaptime/predictions/tsrag/univariate/Job_Claims/W/short/run_1/prediction/prediction_manifest.json
TIME run allocation action=skip run=/fslarge/scratch/users/h61084/codes/adaptime/outputs/adaptime/predictions/tsrag/univariate/Uncertainty_1M/M/short/run_1 source_launch=selena_adaptime_unified_20260915T093500Z_51105_tsrag launch_id=selena_adaptime_unified_20260915T153415Z_57382_tsrag slurm_job_id=3437180 launched_at=2026-09-15T15:35:11.378652+00:00
/fslarge/scratch/users/h61084/codes/adaptime/outputs/adaptime/predictions/tsrag/univariate/Uncertainty_1M/M/short/run_1/prediction/prediction_manifest.json
TIME run allocation action=skip run=/fslarge/scratch/users/h61084/codes/adaptime/outputs/adaptime/predictions/tsrag/univariate/Housing_Inventory/M/short/run_1 source_launch=selena_adaptime_unified_20260915T093500Z_51105_tsrag launch_id=selena_adaptime_unified_20260915T153415Z_57382_tsrag slurm_job_id=3437180 launched_at=2026-09-15T15:35:11.400409+00:00
/fslarge/scratch/users/h61084/codes/adaptime/outputs/adaptime/predictions/tsrag/univariate/Housing_Inventory/M/short/run_1/prediction/prediction_manifest.json
TIME run allocation action=skip run=/fslarge/scratch/users/h61084/codes/adaptime/outputs/adaptime/predictions/tsrag/univariate/JOLTS/M/short/run_1 source_launch=selena_adaptime_unified_20260915T093500Z_51105_tsrag launch_id=selena_adaptime_unified_20260915T153415Z_57382_tsrag slurm_job_id=3437180 launched_at=2026-09-15T15:35:11.421670+00:00
/fslarge/scratch/users/h61084/codes/adaptime/outputs/adaptime/predictions/tsrag/univariate/JOLTS/M/short/run_1/prediction/prediction_manifest.json
TIME run allocation action=skip run=/fslarge/scratch/users/h61084/codes/adaptime/outputs/adaptime/predictions/tsrag/univariate/US_Labor/M/short/run_1 source_launch=selena_adaptime_unified_20260915T093500Z_51105_tsrag launch_id=selena_adaptime_unified_20260915T153415Z_57382_tsrag slurm_job_id=3437180 launched_at=2026-09-15T15:35:11.443240+00:00
/fslarge/scratch/users/h61084/codes/adaptime/outputs/adaptime/predictions/tsrag/univariate/US_Labor/M/short/run_1/prediction/prediction_manifest.json
TIME run allocation action=skip run=/fslarge/scratch/users/h61084/codes/adaptime/outputs/adaptime/predictions/tsrag/univariate/Vehicle_Supply/M/short/run_1 source_launch=selena_adaptime_unified_20260915T093500Z_51105_tsrag launch_id=selena_adaptime_unified_20260915T153415Z_57382_tsrag slurm_job_id=3437180 launched_at=2026-09-15T15:35:11.465145+00:00
/fslarge/scratch/users/h61084/codes/adaptime/outputs/adaptime/predictions/tsrag/univariate/Vehicle_Supply/M/short/run_1/prediction/prediction_manifest.json
TIME run allocation action=skip run=/fslarge/scratch/users/h61084/codes/adaptime/outputs/adaptime/predictions/tsrag/univariate/Auto_Production_SF/M/short/run_1 source_launch=selena_adaptime_unified_20260915T093500Z_51105_tsrag launch_id=selena_adaptime_unified_20260915T153415Z_57382_tsrag slurm_job_id=3437180 launched_at=2026-09-15T15:35:11.487081+00:00
/fslarge/scratch/users/h61084/codes/adaptime/outputs/adaptime/predictions/tsrag/univariate/Auto_Production_SF/M/short/run_1/prediction/prediction_manifest.json
TIME run allocation action=skip run=/fslarge/scratch/users/h61084/codes/adaptime/outputs/adaptime/predictions/tsrag/univariate/Commodity_Production/M/short/run_1 source_launch=selena_adaptime_unified_20260915T093500Z_51105_tsrag launch_id=selena_adaptime_unified_20260915T153415Z_57382_tsrag slurm_job_id=3437180 launched_at=2026-09-15T15:35:11.508024+00:00
/fslarge/scratch/users/h61084/codes/adaptime/outputs/adaptime/predictions/tsrag/univariate/Commodity_Production/M/short/run_1/prediction/prediction_manifest.json
TIME run allocation action=skip run=/fslarge/scratch/users/h61084/codes/adaptime/outputs/adaptime/predictions/tsrag/univariate/Commodity_Import/M/short/run_1 source_launch=selena_adaptime_unified_20260915T093500Z_51105_tsrag launch_id=selena_adaptime_unified_20260915T153415Z_57382_tsrag slurm_job_id=3437180 launched_at=2026-09-15T15:35:11.529389+00:00
/fslarge/scratch/users/h61084/codes/adaptime/outputs/adaptime/predictions/tsrag/univariate/Commodity_Import/M/short/run_1/prediction/prediction_manifest.json
TIME run allocation action=skip run=/fslarge/scratch/users/h61084/codes/adaptime/outputs/adaptime/predictions/tsrag/univariate/WUI_Global/Q/short/run_1 source_launch=selena_adaptime_unified_20260915T093500Z_51105_tsrag launch_id=selena_adaptime_unified_20260915T153415Z_57382_tsrag slurm_job_id=3437180 launched_at=2026-09-15T15:35:11.551036+00:00
/fslarge/scratch/users/h61084/codes/adaptime/outputs/adaptime/predictions/tsrag/univariate/WUI_Global/Q/short/run_1/prediction/prediction_manifest.json
TIME run allocation action=skip run=/fslarge/scratch/users/h61084/codes/adaptime/outputs/adaptime/predictions/tsrag/univariate/Global_Price/Q/short/run_1 source_launch=selena_adaptime_unified_20260915T093500Z_51105_tsrag launch_id=selena_adaptime_unified_20260915T153415Z_57382_tsrag slurm_job_id=3437180 launched_at=2026-09-15T15:35:11.573348+00:00
/fslarge/scratch/users/h61084/codes/adaptime/outputs/adaptime/predictions/tsrag/univariate/Global_Price/Q/short/run_1/prediction/prediction_manifest.json
TIME run allocation action=skip run=/fslarge/scratch/users/h61084/codes/adaptime/outputs/adaptime/predictions/tsrag/univariate/Vehicle_Sales/M/short/run_1 source_launch=selena_adaptime_unified_20260915T093500Z_51105_tsrag launch_id=selena_adaptime_unified_20260915T153415Z_57382_tsrag slurm_job_id=3437180 launched_at=2026-09-15T15:35:11.595114+00:00
/fslarge/scratch/users/h61084/codes/adaptime/outputs/adaptime/predictions/tsrag/univariate/Vehicle_Sales/M/short/run_1/prediction/prediction_manifest.json
TIME run allocation action=skip run=/fslarge/scratch/users/h61084/codes/adaptime/outputs/adaptime/predictions/tsrag/univariate/Online_Retail_2_UCI/D/short/run_1 source_launch=selena_adaptime_unified_20260915T093500Z_51105_tsrag launch_id=selena_adaptime_unified_20260915T153415Z_57382_tsrag slurm_job_id=3437180 launched_at=2026-09-15T15:35:11.616352+00:00
/fslarge/scratch/users/h61084/codes/adaptime/outputs/adaptime/predictions/tsrag/univariate/Online_Retail_2_UCI/D/short/run_1/prediction/prediction_manifest.json
TIME run allocation action=skip run=/fslarge/scratch/users/h61084/codes/adaptime/outputs/adaptime/predictions/tsrag/univariate/Supply_Chain_Customer/D/short/run_1 source_launch=selena_adaptime_unified_20260915T093500Z_51105_tsrag launch_id=selena_adaptime_unified_20260915T153415Z_57382_tsrag slurm_job_id=3437180 launched_at=2026-09-15T15:35:11.642998+00:00
/fslarge/scratch/users/h61084/codes/adaptime/outputs/adaptime/predictions/tsrag/univariate/Supply_Chain_Customer/D/short/run_1/prediction/prediction_manifest.json
TIME run allocation action=skip run=/fslarge/scratch/users/h61084/codes/adaptime/outputs/adaptime/predictions/tsrag/univariate/Supply_Chain_Location/D/short/run_1 source_launch=selena_adaptime_unified_20260915T093500Z_51105_tsrag launch_id=selena_adaptime_unified_20260915T153415Z_57382_tsrag slurm_job_id=3437180 launched_at=2026-09-15T15:35:11.669959+00:00
/fslarge/scratch/users/h61084/codes/adaptime/outputs/adaptime/predictions/tsrag/univariate/Supply_Chain_Location/D/short/run_1/prediction/prediction_manifest.json
TIME run allocation action=skip run=/fslarge/scratch/users/h61084/codes/adaptime/outputs/adaptime/predictions/tsrag/univariate/azure2019_U/5T/short/run_1 source_launch=selena_adaptime_unified_20260915T093500Z_51105_tsrag launch_id=selena_adaptime_unified_20260915T153415Z_57382_tsrag slurm_job_id=3437180 launched_at=2026-09-15T15:35:11.691683+00:00
/fslarge/scratch/users/h61084/codes/adaptime/outputs/adaptime/predictions/tsrag/univariate/azure2019_U/5T/short/run_1/prediction/prediction_manifest.json
TIME run allocation action=skip run=/fslarge/scratch/users/h61084/codes/adaptime/outputs/adaptime/predictions/tsrag/univariate/Smart_Manufacturing/H/short/run_1 source_launch=selena_adaptime_unified_20260915T093500Z_51105_tsrag launch_id=selena_adaptime_unified_20260915T153415Z_57382_tsrag slurm_job_id=3437180 launched_at=2026-09-15T15:35:11.713518+00:00
/fslarge/scratch/users/h61084/codes/adaptime/outputs/adaptime/predictions/tsrag/univariate/Smart_Manufacturing/H/short/run_1/prediction/prediction_manifest.json
TIME run allocation action=skip run=/fslarge/scratch/users/h61084/codes/adaptime/outputs/adaptime/predictions/tsrag/univariate/Smart_Manufacturing/H/medium/run_1 source_launch=selena_adaptime_unified_20260915T093500Z_51105_tsrag launch_id=selena_adaptime_unified_20260915T153415Z_57382_tsrag slurm_job_id=3437180 launched_at=2026-09-15T15:35:11.734897+00:00
/fslarge/scratch/users/h61084/codes/adaptime/outputs/adaptime/predictions/tsrag/univariate/Smart_Manufacturing/H/medium/run_1/prediction/prediction_manifest.json
TIME run allocation action=skip run=/fslarge/scratch/users/h61084/codes/adaptime/outputs/adaptime/predictions/tsrag/univariate/Smart_Manufacturing/H/long/run_1 source_launch=selena_adaptime_unified_20260915T093500Z_51105_tsrag launch_id=selena_adaptime_unified_20260915T153415Z_57382_tsrag slurm_job_id=3437180 launched_at=2026-09-15T15:35:11.756220+00:00
/fslarge/scratch/users/h61084/codes/adaptime/outputs/adaptime/predictions/tsrag/univariate/Smart_Manufacturing/H/long/run_1/prediction/prediction_manifest.json
TIME run allocation action=skip run=/fslarge/scratch/users/h61084/codes/adaptime/outputs/adaptime/predictions/tsrag/univariate/MetroPT-3/5T/short/run_1 source_launch=selena_adaptime_unified_20260915T093500Z_51105_tsrag launch_id=selena_adaptime_unified_20260915T153415Z_57382_tsrag slurm_job_id=3437180 launched_at=2026-09-15T15:35:11.783624+00:00
/fslarge/scratch/users/h61084/codes/adaptime/outputs/adaptime/predictions/tsrag/univariate/MetroPT-3/5T/short/run_1/prediction/prediction_manifest.json
TIME run allocation action=skip run=/fslarge/scratch/users/h61084/codes/adaptime/outputs/adaptime/predictions/tsrag/univariate/MetroPT-3/5T/medium/run_1 source_launch=selena_adaptime_unified_20260915T093500Z_51105_tsrag launch_id=selena_adaptime_unified_20260915T153415Z_57382_tsrag slurm_job_id=3437180 launched_at=2026-09-15T15:35:11.809542+00:00
/fslarge/scratch/users/h61084/codes/adaptime/outputs/adaptime/predictions/tsrag/univariate/MetroPT-3/5T/medium/run_1/prediction/prediction_manifest.json
TIME run allocation action=skip run=/fslarge/scratch/users/h61084/codes/adaptime/outputs/adaptime/predictions/tsrag/univariate/MetroPT-3/5T/long/run_1 source_launch=selena_adaptime_unified_20260915T093500Z_51105_tsrag launch_id=selena_adaptime_unified_20260915T153415Z_57382_tsrag slurm_job_id=3437180 launched_at=2026-09-15T15:35:11.836348+00:00
/fslarge/scratch/users/h61084/codes/adaptime/outputs/adaptime/predictions/tsrag/univariate/MetroPT-3/5T/long/run_1/prediction/prediction_manifest.json
TIME run allocation action=skip run=/fslarge/scratch/users/h61084/codes/adaptime/outputs/adaptime/evaluations/tsrag/univariate/Water_Quality_Darwin/15T/short/run_1 source_launch=selena_adaptime_unified_20260915T093500Z_51105_tsrag launch_id=selena_adaptime_unified_20260915T153415Z_57382_tsrag slurm_job_id=3437180 launched_at=2026-09-15T15:35:11.854333+00:00
/fslarge/scratch/users/h61084/codes/adaptime/outputs/adaptime/evaluations/tsrag/univariate/Water_Quality_Darwin/15T/short/run_1/metrics_summary.json
TIME run allocation action=skip run=/fslarge/scratch/users/h61084/codes/adaptime/outputs/adaptime/evaluations/tsrag/univariate/Water_Quality_Darwin/15T/medium/run_1 source_launch=selena_adaptime_unified_20260915T093500Z_51105_tsrag launch_id=selena_adaptime_unified_20260915T153415Z_57382_tsrag slurm_job_id=3437180 launched_at=2026-09-15T15:35:11.871509+00:00
/fslarge/scratch/users/h61084/codes/adaptime/outputs/adaptime/evaluations/tsrag/univariate/Water_Quality_Darwin/15T/medium/run_1/metrics_summary.json
TIME run allocation action=skip run=/fslarge/scratch/users/h61084/codes/adaptime/outputs/adaptime/evaluations/tsrag/univariate/Water_Quality_Darwin/15T/long/run_1 source_launch=selena_adaptime_unified_20260915T093500Z_51105_tsrag launch_id=selena_adaptime_unified_20260915T153415Z_57382_tsrag slurm_job_id=3437180 launched_at=2026-09-15T15:35:11.888723+00:00
/fslarge/scratch/users/h61084/codes/adaptime/outputs/adaptime/evaluations/tsrag/univariate/Water_Quality_Darwin/15T/long/run_1/metrics_summary.json
TIME run allocation action=skip run=/fslarge/scratch/users/h61084/codes/adaptime/outputs/adaptime/evaluations/tsrag/univariate/current_velocity/5T/short/run_1 source_launch=selena_adaptime_unified_20260915T093500Z_51105_tsrag launch_id=selena_adaptime_unified_20260915T153415Z_57382_tsrag slurm_job_id=3437180 launched_at=2026-09-15T15:35:11.906250+00:00
/fslarge/scratch/users/h61084/codes/adaptime/outputs/adaptime/evaluations/tsrag/univariate/current_velocity/5T/short/run_1/metrics_summary.json
TIME run allocation action=skip run=/fslarge/scratch/users/h61084/codes/adaptime/outputs/adaptime/evaluations/tsrag/univariate/current_velocity/5T/medium/run_1 source_launch=selena_adaptime_unified_20260915T093500Z_51105_tsrag launch_id=selena_adaptime_unified_20260915T153415Z_57382_tsrag slurm_job_id=3437180 launched_at=2026-09-15T15:35:11.923812+00:00
/fslarge/scratch/users/h61084/codes/adaptime/outputs/adaptime/evaluations/tsrag/univariate/current_velocity/5T/medium/run_1/metrics_summary.json
TIME run allocation action=skip run=/fslarge/scratch/users/h61084/codes/adaptime/outputs/adaptime/evaluations/tsrag/univariate/current_velocity/5T/long/run_1 source_launch=selena_adaptime_unified_20260915T093500Z_51105_tsrag launch_id=selena_adaptime_unified_20260915T153415Z_57382_tsrag slurm_job_id=3437180 launched_at=2026-09-15T15:35:11.940825+00:00
/fslarge/scratch/users/h61084/codes/adaptime/outputs/adaptime/evaluations/tsrag/univariate/current_velocity/5T/long/run_1/metrics_summary.json
TIME run allocation action=skip run=/fslarge/scratch/users/h61084/codes/adaptime/outputs/adaptime/evaluations/tsrag/univariate/current_velocity/10T/short/run_1 source_launch=selena_adaptime_unified_20260915T093500Z_51105_tsrag launch_id=selena_adaptime_unified_20260915T153415Z_57382_tsrag slurm_job_id=3437180 launched_at=2026-09-15T15:35:11.958342+00:00
/fslarge/scratch/users/h61084/codes/adaptime/outputs/adaptime/evaluations/tsrag/univariate/current_velocity/10T/short/run_1/metrics_summary.json
TIME run allocation action=skip run=/fslarge/scratch/users/h61084/codes/adaptime/outputs/adaptime/evaluations/tsrag/univariate/current_velocity/10T/medium/run_1 source_launch=selena_adaptime_unified_20260915T093500Z_51105_tsrag launch_id=selena_adaptime_unified_20260915T153415Z_57382_tsrag slurm_job_id=3437180 launched_at=2026-09-15T15:35:11.975703+00:00
/fslarge/scratch/users/h61084/codes/adaptime/outputs/adaptime/evaluations/tsrag/univariate/current_velocity/10T/medium/run_1/metrics_summary.json
TIME run allocation action=skip run=/fslarge/scratch/users/h61084/codes/adaptime/outputs/adaptime/evaluations/tsrag/univariate/current_velocity/10T/long/run_1 source_launch=selena_adaptime_unified_20260915T093500Z_51105_tsrag launch_id=selena_adaptime_unified_20260915T153415Z_57382_tsrag slurm_job_id=3437180 launched_at=2026-09-15T15:35:11.993172+00:00
/fslarge/scratch/users/h61084/codes/adaptime/outputs/adaptime/evaluations/tsrag/univariate/current_velocity/10T/long/run_1/metrics_summary.json
TIME run allocation action=skip run=/fslarge/scratch/users/h61084/codes/adaptime/outputs/adaptime/evaluations/tsrag/univariate/current_velocity/15T/short/run_1 source_launch=selena_adaptime_unified_20260915T093500Z_51105_tsrag launch_id=selena_adaptime_unified_20260915T153415Z_57382_tsrag slurm_job_id=3437180 launched_at=2026-09-15T15:35:12.010500+00:00
/fslarge/scratch/users/h61084/codes/adaptime/outputs/adaptime/evaluations/tsrag/univariate/current_velocity/15T/short/run_1/metrics_summary.json
TIME run allocation action=skip run=/fslarge/scratch/users/h61084/codes/adaptime/outputs/adaptime/evaluations/tsrag/univariate/current_velocity/15T/medium/run_1 source_launch=selena_adaptime_unified_20260915T093500Z_51105_tsrag launch_id=selena_adaptime_unified_20260915T153415Z_57382_tsrag slurm_job_id=3437180 launched_at=2026-09-15T15:35:12.027919+00:00
/fslarge/scratch/users/h61084/codes/adaptime/outputs/adaptime/evaluations/tsrag/univariate/current_velocity/15T/medium/run_1/metrics_summary.json
TIME run allocation action=skip run=/fslarge/scratch/users/h61084/codes/adaptime/outputs/adaptime/evaluations/tsrag/univariate/current_velocity/15T/long/run_1 source_launch=selena_adaptime_unified_20260915T093500Z_51105_tsrag launch_id=selena_adaptime_unified_20260915T153415Z_57382_tsrag slurm_job_id=3437180 launched_at=2026-09-15T15:35:12.045374+00:00
/fslarge/scratch/users/h61084/codes/adaptime/outputs/adaptime/evaluations/tsrag/univariate/current_velocity/15T/long/run_1/metrics_summary.json
TIME run allocation action=skip run=/fslarge/scratch/users/h61084/codes/adaptime/outputs/adaptime/evaluations/tsrag/univariate/current_velocity/H/short/run_1 source_launch=selena_adaptime_unified_20260915T093500Z_51105_tsrag launch_id=selena_adaptime_unified_20260915T153415Z_57382_tsrag slurm_job_id=3437180 launched_at=2026-09-15T15:35:12.062879+00:00
/fslarge/scratch/users/h61084/codes/adaptime/outputs/adaptime/evaluations/tsrag/univariate/current_velocity/H/short/run_1/metrics_summary.json
TIME run allocation action=skip run=/fslarge/scratch/users/h61084/codes/adaptime/outputs/adaptime/evaluations/tsrag/univariate/current_velocity/H/medium/run_1 source_launch=selena_adaptime_unified_20260915T093500Z_51105_tsrag launch_id=selena_adaptime_unified_20260915T153415Z_57382_tsrag slurm_job_id=3437180 launched_at=2026-09-15T15:35:12.080165+00:00
/fslarge/scratch/users/h61084/codes/adaptime/outputs/adaptime/evaluations/tsrag/univariate/current_velocity/H/medium/run_1/metrics_summary.json
TIME run allocation action=skip run=/fslarge/scratch/users/h61084/codes/adaptime/outputs/adaptime/evaluations/tsrag/univariate/current_velocity/H/long/run_1 source_launch=selena_adaptime_unified_20260915T093500Z_51105_tsrag launch_id=selena_adaptime_unified_20260915T153415Z_57382_tsrag slurm_job_id=3437180 launched_at=2026-09-15T15:35:12.097492+00:00
/fslarge/scratch/users/h61084/codes/adaptime/outputs/adaptime/evaluations/tsrag/univariate/current_velocity/H/long/run_1/metrics_summary.json
TIME run allocation action=skip run=/fslarge/scratch/users/h61084/codes/adaptime/outputs/adaptime/evaluations/tsrag/univariate/CPHL/15T/short/run_1 source_launch=selena_adaptime_unified_20260915T093500Z_51105_tsrag launch_id=selena_adaptime_unified_20260915T153415Z_57382_tsrag slurm_job_id=3437180 launched_at=2026-09-15T15:35:12.115126+00:00
/fslarge/scratch/users/h61084/codes/adaptime/outputs/adaptime/evaluations/tsrag/univariate/CPHL/15T/short/run_1/metrics_summary.json
TIME run allocation action=skip run=/fslarge/scratch/users/h61084/codes/adaptime/outputs/adaptime/evaluations/tsrag/univariate/CPHL/15T/medium/run_1 source_launch=selena_adaptime_unified_20260915T093500Z_51105_tsrag launch_id=selena_adaptime_unified_20260915T153415Z_57382_tsrag slurm_job_id=3437180 launched_at=2026-09-15T15:35:12.132596+00:00
/fslarge/scratch/users/h61084/codes/adaptime/outputs/adaptime/evaluations/tsrag/univariate/CPHL/15T/medium/run_1/metrics_summary.json
TIME run allocation action=skip run=/fslarge/scratch/users/h61084/codes/adaptime/outputs/adaptime/evaluations/tsrag/univariate/CPHL/15T/long/run_1 source_launch=selena_adaptime_unified_20260915T093500Z_51105_tsrag launch_id=selena_adaptime_unified_20260915T153415Z_57382_tsrag slurm_job_id=3437180 launched_at=2026-09-15T15:35:12.149971+00:00
/fslarge/scratch/users/h61084/codes/adaptime/outputs/adaptime/evaluations/tsrag/univariate/CPHL/15T/long/run_1/metrics_summary.json
TIME run allocation action=skip run=/fslarge/scratch/users/h61084/codes/adaptime/outputs/adaptime/evaluations/tsrag/univariate/CPHL/30T/short/run_1 source_launch=selena_adaptime_unified_20260915T093500Z_51105_tsrag launch_id=selena_adaptime_unified_20260915T153415Z_57382_tsrag slurm_job_id=3437180 launched_at=2026-09-15T15:35:12.167330+00:00
/fslarge/scratch/users/h61084/codes/adaptime/outputs/adaptime/evaluations/tsrag/univariate/CPHL/30T/short/run_1/metrics_summary.json
TIME run allocation action=skip run=/fslarge/scratch/users/h61084/codes/adaptime/outputs/adaptime/evaluations/tsrag/univariate/CPHL/30T/medium/run_1 source_launch=selena_adaptime_unified_20260915T093500Z_51105_tsrag launch_id=selena_adaptime_unified_20260915T153415Z_57382_tsrag slurm_job_id=3437180 launched_at=2026-09-15T15:35:12.184340+00:00
/fslarge/scratch/users/h61084/codes/adaptime/outputs/adaptime/evaluations/tsrag/univariate/CPHL/30T/medium/run_1/metrics_summary.json
TIME run allocation action=skip run=/fslarge/scratch/users/h61084/codes/adaptime/outputs/adaptime/evaluations/tsrag/univariate/CPHL/30T/long/run_1 source_launch=selena_adaptime_unified_20260915T093500Z_51105_tsrag launch_id=selena_adaptime_unified_20260915T153415Z_57382_tsrag slurm_job_id=3437180 launched_at=2026-09-15T15:35:12.201905+00:00
/fslarge/scratch/users/h61084/codes/adaptime/outputs/adaptime/evaluations/tsrag/univariate/CPHL/30T/long/run_1/metrics_summary.json
TIME run allocation action=skip run=/fslarge/scratch/users/h61084/codes/adaptime/outputs/adaptime/evaluations/tsrag/univariate/CPHL/H/short/run_1 source_launch=selena_adaptime_unified_20260915T093500Z_51105_tsrag launch_id=selena_adaptime_unified_20260915T153415Z_57382_tsrag slurm_job_id=3437180 launched_at=2026-09-15T15:35:12.218842+00:00
/fslarge/scratch/users/h61084/codes/adaptime/outputs/adaptime/evaluations/tsrag/univariate/CPHL/H/short/run_1/metrics_summary.json
TIME run allocation action=skip run=/fslarge/scratch/users/h61084/codes/adaptime/outputs/adaptime/evaluations/tsrag/univariate/CPHL/H/medium/run_1 source_launch=selena_adaptime_unified_20260915T093500Z_51105_tsrag launch_id=selena_adaptime_unified_20260915T153415Z_57382_tsrag slurm_job_id=3437180 launched_at=2026-09-15T15:35:12.236086+00:00
/fslarge/scratch/users/h61084/codes/adaptime/outputs/adaptime/evaluations/tsrag/univariate/CPHL/H/medium/run_1/metrics_summary.json
TIME run allocation action=skip run=/fslarge/scratch/users/h61084/codes/adaptime/outputs/adaptime/evaluations/tsrag/univariate/CPHL/H/long/run_1 source_launch=selena_adaptime_unified_20260915T093500Z_51105_tsrag launch_id=selena_adaptime_unified_20260915T153415Z_57382_tsrag slurm_job_id=3437180 launched_at=2026-09-15T15:35:12.253100+00:00
/fslarge/scratch/users/h61084/codes/adaptime/outputs/adaptime/evaluations/tsrag/univariate/CPHL/H/long/run_1/metrics_summary.json
TIME run allocation action=skip run=/fslarge/scratch/users/h61084/codes/adaptime/outputs/adaptime/evaluations/tsrag/univariate/Coastal_T_S/15T/short/run_1 source_launch=selena_adaptime_unified_20260915T093500Z_51105_tsrag launch_id=selena_adaptime_unified_20260915T153415Z_57382_tsrag slurm_job_id=3437180 launched_at=2026-09-15T15:35:12.271910+00:00
/fslarge/scratch/users/h61084/codes/adaptime/outputs/adaptime/evaluations/tsrag/univariate/Coastal_T_S/15T/short/run_1/metrics_summary.json
TIME run allocation action=skip run=/fslarge/scratch/users/h61084/codes/adaptime/outputs/adaptime/evaluations/tsrag/univariate/Coastal_T_S/15T/medium/run_1 source_launch=selena_adaptime_unified_20260915T093500Z_51105_tsrag launch_id=selena_adaptime_unified_20260915T153415Z_57382_tsrag slurm_job_id=3437180 launched_at=2026-09-15T15:35:12.289318+00:00
/fslarge/scratch/users/h61084/codes/adaptime/outputs/adaptime/evaluations/tsrag/univariate/Coastal_T_S/15T/medium/run_1/metrics_summary.json
TIME run allocation action=skip run=/fslarge/scratch/users/h61084/codes/adaptime/outputs/adaptime/evaluations/tsrag/univariate/Coastal_T_S/15T/long/run_1 source_launch=selena_adaptime_unified_20260915T093500Z_51105_tsrag launch_id=selena_adaptime_unified_20260915T153415Z_57382_tsrag slurm_job_id=3437180 launched_at=2026-09-15T15:35:12.306627+00:00
/fslarge/scratch/users/h61084/codes/adaptime/outputs/adaptime/evaluations/tsrag/univariate/Coastal_T_S/15T/long/run_1/metrics_summary.json
TIME run allocation action=skip run=/fslarge/scratch/users/h61084/codes/adaptime/outputs/adaptime/evaluations/tsrag/univariate/Coastal_T_S/20T/short/run_1 source_launch=selena_adaptime_unified_20260915T093500Z_51105_tsrag launch_id=selena_adaptime_unified_20260915T153415Z_57382_tsrag slurm_job_id=3437180 launched_at=2026-09-15T15:35:12.323858+00:00
/fslarge/scratch/users/h61084/codes/adaptime/outputs/adaptime/evaluations/tsrag/univariate/Coastal_T_S/20T/short/run_1/metrics_summary.json
TIME run allocation action=skip run=/fslarge/scratch/users/h61084/codes/adaptime/outputs/adaptime/evaluations/tsrag/univariate/Coastal_T_S/20T/medium/run_1 source_launch=selena_adaptime_unified_20260915T093500Z_51105_tsrag launch_id=selena_adaptime_unified_20260915T153415Z_57382_tsrag slurm_job_id=3437180 launched_at=2026-09-15T15:35:12.341347+00:00
/fslarge/scratch/users/h61084/codes/adaptime/outputs/adaptime/evaluations/tsrag/univariate/Coastal_T_S/20T/medium/run_1/metrics_summary.json
TIME run allocation action=skip run=/fslarge/scratch/users/h61084/codes/adaptime/outputs/adaptime/evaluations/tsrag/univariate/Coastal_T_S/20T/long/run_1 source_launch=selena_adaptime_unified_20260915T093500Z_51105_tsrag launch_id=selena_adaptime_unified_20260915T153415Z_57382_tsrag slurm_job_id=3437180 launched_at=2026-09-15T15:35:12.358406+00:00
/fslarge/scratch/users/h61084/codes/adaptime/outputs/adaptime/evaluations/tsrag/univariate/Coastal_T_S/20T/long/run_1/metrics_summary.json
TIME run allocation action=skip run=/fslarge/scratch/users/h61084/codes/adaptime/outputs/adaptime/evaluations/tsrag/univariate/Coastal_T_S/H/short/run_1 source_launch=selena_adaptime_unified_20260915T093500Z_51105_tsrag launch_id=selena_adaptime_unified_20260915T153415Z_57382_tsrag slurm_job_id=3437180 launched_at=2026-09-15T15:35:12.376216+00:00
/fslarge/scratch/users/h61084/codes/adaptime/outputs/adaptime/evaluations/tsrag/univariate/Coastal_T_S/H/short/run_1/metrics_summary.json
TIME run allocation action=skip run=/fslarge/scratch/users/h61084/codes/adaptime/outputs/adaptime/evaluations/tsrag/univariate/Coastal_T_S/H/medium/run_1 source_launch=selena_adaptime_unified_20260915T093500Z_51105_tsrag launch_id=selena_adaptime_unified_20260915T153415Z_57382_tsrag slurm_job_id=3437180 launched_at=2026-09-15T15:35:12.393443+00:00
/fslarge/scratch/users/h61084/codes/adaptime/outputs/adaptime/evaluations/tsrag/univariate/Coastal_T_S/H/medium/run_1/metrics_summary.json
TIME run allocation action=skip run=/fslarge/scratch/users/h61084/codes/adaptime/outputs/adaptime/evaluations/tsrag/univariate/Coastal_T_S/H/long/run_1 source_launch=selena_adaptime_unified_20260915T093500Z_51105_tsrag launch_id=selena_adaptime_unified_20260915T153415Z_57382_tsrag slurm_job_id=3437180 launched_at=2026-09-15T15:35:12.410796+00:00
/fslarge/scratch/users/h61084/codes/adaptime/outputs/adaptime/evaluations/tsrag/univariate/Coastal_T_S/H/long/run_1/metrics_summary.json
TIME run allocation action=skip run=/fslarge/scratch/users/h61084/codes/adaptime/outputs/adaptime/evaluations/tsrag/univariate/SG_Weather/D/short/run_1 source_launch=selena_adaptime_unified_20260915T093500Z_51105_tsrag launch_id=selena_adaptime_unified_20260915T153415Z_57382_tsrag slurm_job_id=3437180 launched_at=2026-09-15T15:35:12.428298+00:00
/fslarge/scratch/users/h61084/codes/adaptime/outputs/adaptime/evaluations/tsrag/univariate/SG_Weather/D/short/run_1/metrics_summary.json
TIME run allocation action=skip run=/fslarge/scratch/users/h61084/codes/adaptime/outputs/adaptime/evaluations/tsrag/univariate/SG_Weather/D/medium/run_1 source_launch=selena_adaptime_unified_20260915T093500Z_51105_tsrag launch_id=selena_adaptime_unified_20260915T153415Z_57382_tsrag slurm_job_id=3437180 launched_at=2026-09-15T15:35:12.445641+00:00
/fslarge/scratch/users/h61084/codes/adaptime/outputs/adaptime/evaluations/tsrag/univariate/SG_Weather/D/medium/run_1/metrics_summary.json
TIME run allocation action=skip run=/fslarge/scratch/users/h61084/codes/adaptime/outputs/adaptime/evaluations/tsrag/univariate/SG_Weather/D/long/run_1 source_launch=selena_adaptime_unified_20260915T093500Z_51105_tsrag launch_id=selena_adaptime_unified_20260915T153415Z_57382_tsrag slurm_job_id=3437180 launched_at=2026-09-15T15:35:12.463019+00:00
/fslarge/scratch/users/h61084/codes/adaptime/outputs/adaptime/evaluations/tsrag/univariate/SG_Weather/D/long/run_1/metrics_summary.json
TIME run allocation action=skip run=/fslarge/scratch/users/h61084/codes/adaptime/outputs/adaptime/evaluations/tsrag/univariate/SG_PM25/H/short/run_1 source_launch=selena_adaptime_unified_20260915T093500Z_51105_tsrag launch_id=selena_adaptime_unified_20260915T153415Z_57382_tsrag slurm_job_id=3437180 launched_at=2026-09-15T15:35:12.480726+00:00
/fslarge/scratch/users/h61084/codes/adaptime/outputs/adaptime/evaluations/tsrag/univariate/SG_PM25/H/short/run_1/metrics_summary.json
TIME run allocation action=skip run=/fslarge/scratch/users/h61084/codes/adaptime/outputs/adaptime/evaluations/tsrag/univariate/SG_PM25/H/medium/run_1 source_launch=selena_adaptime_unified_20260915T093500Z_51105_tsrag launch_id=selena_adaptime_unified_20260915T153415Z_57382_tsrag slurm_job_id=3437180 launched_at=2026-09-15T15:35:12.498144+00:00
/fslarge/scratch/users/h61084/codes/adaptime/outputs/adaptime/evaluations/tsrag/univariate/SG_PM25/H/medium/run_1/metrics_summary.json
TIME run allocation action=skip run=/fslarge/scratch/users/h61084/codes/adaptime/outputs/adaptime/evaluations/tsrag/univariate/SG_PM25/H/long/run_1 source_launch=selena_adaptime_unified_20260915T093500Z_51105_tsrag launch_id=selena_adaptime_unified_20260915T153415Z_57382_tsrag slurm_job_id=3437180 launched_at=2026-09-15T15:35:12.515436+00:00
/fslarge/scratch/users/h61084/codes/adaptime/outputs/adaptime/evaluations/tsrag/univariate/SG_PM25/H/long/run_1/metrics_summary.json
TIME run allocation action=skip run=/fslarge/scratch/users/h61084/codes/adaptime/outputs/adaptime/evaluations/tsrag/univariate/NE_China_Wind/H/short/run_1 source_launch=selena_adaptime_unified_20260915T093500Z_51105_tsrag launch_id=selena_adaptime_unified_20260915T153415Z_57382_tsrag slurm_job_id=3437180 launched_at=2026-09-15T15:35:12.533028+00:00
/fslarge/scratch/users/h61084/codes/adaptime/outputs/adaptime/evaluations/tsrag/univariate/NE_China_Wind/H/short/run_1/metrics_summary.json
TIME run allocation action=skip run=/fslarge/scratch/users/h61084/codes/adaptime/outputs/adaptime/evaluations/tsrag/univariate/NE_China_Wind/H/medium/run_1 source_launch=selena_adaptime_unified_20260915T093500Z_51105_tsrag launch_id=selena_adaptime_unified_20260915T153415Z_57382_tsrag slurm_job_id=3437180 launched_at=2026-09-15T15:35:12.550301+00:00
/fslarge/scratch/users/h61084/codes/adaptime/outputs/adaptime/evaluations/tsrag/univariate/NE_China_Wind/H/medium/run_1/metrics_summary.json
TIME run allocation action=skip run=/fslarge/scratch/users/h61084/codes/adaptime/outputs/adaptime/evaluations/tsrag/univariate/NE_China_Wind/H/long/run_1 source_launch=selena_adaptime_unified_20260915T093500Z_51105_tsrag launch_id=selena_adaptime_unified_20260915T153415Z_57382_tsrag slurm_job_id=3437180 launched_at=2026-09-15T15:35:12.568188+00:00
/fslarge/scratch/users/h61084/codes/adaptime/outputs/adaptime/evaluations/tsrag/univariate/NE_China_Wind/H/long/run_1/metrics_summary.json
TIME run allocation action=skip run=/fslarge/scratch/users/h61084/codes/adaptime/outputs/adaptime/evaluations/tsrag/univariate/Australia_Solar/H/short/run_1 source_launch=selena_adaptime_unified_20260915T093500Z_51105_tsrag launch_id=selena_adaptime_unified_20260915T153415Z_57382_tsrag slurm_job_id=3437180 launched_at=2026-09-15T15:35:12.585563+00:00
/fslarge/scratch/users/h61084/codes/adaptime/outputs/adaptime/evaluations/tsrag/univariate/Australia_Solar/H/short/run_1/metrics_summary.json
TIME run allocation action=skip run=/fslarge/scratch/users/h61084/codes/adaptime/outputs/adaptime/evaluations/tsrag/univariate/Australia_Solar/H/medium/run_1 source_launch=selena_adaptime_unified_20260915T093500Z_51105_tsrag launch_id=selena_adaptime_unified_20260915T153415Z_57382_tsrag slurm_job_id=3437180 launched_at=2026-09-15T15:35:12.602820+00:00
/fslarge/scratch/users/h61084/codes/adaptime/outputs/adaptime/evaluations/tsrag/univariate/Australia_Solar/H/medium/run_1/metrics_summary.json
TIME run allocation action=skip run=/fslarge/scratch/users/h61084/codes/adaptime/outputs/adaptime/evaluations/tsrag/univariate/Australia_Solar/H/long/run_1 source_launch=selena_adaptime_unified_20260915T093500Z_51105_tsrag launch_id=selena_adaptime_unified_20260915T153415Z_57382_tsrag slurm_job_id=3437180 launched_at=2026-09-15T15:35:12.620163+00:00
/fslarge/scratch/users/h61084/codes/adaptime/outputs/adaptime/evaluations/tsrag/univariate/Australia_Solar/H/long/run_1/metrics_summary.json
TIME run allocation action=skip run=/fslarge/scratch/users/h61084/codes/adaptime/outputs/adaptime/evaluations/tsrag/univariate/epf_electricity_price/H/short/run_1 source_launch=selena_adaptime_unified_20260915T093500Z_51105_tsrag launch_id=selena_adaptime_unified_20260915T153415Z_57382_tsrag slurm_job_id=3437180 launched_at=2026-09-15T15:35:12.642613+00:00
/fslarge/scratch/users/h61084/codes/adaptime/outputs/adaptime/evaluations/tsrag/univariate/epf_electricity_price/H/short/run_1/metrics_summary.json
TIME run allocation action=skip run=/fslarge/scratch/users/h61084/codes/adaptime/outputs/adaptime/evaluations/tsrag/univariate/epf_electricity_price/H/medium/run_1 source_launch=selena_adaptime_unified_20260915T093500Z_51105_tsrag launch_id=selena_adaptime_unified_20260915T153415Z_57382_tsrag slurm_job_id=3437180 launched_at=2026-09-15T15:35:12.662933+00:00
/fslarge/scratch/users/h61084/codes/adaptime/outputs/adaptime/evaluations/tsrag/univariate/epf_electricity_price/H/medium/run_1/metrics_summary.json
TIME run allocation action=skip run=/fslarge/scratch/users/h61084/codes/adaptime/outputs/adaptime/evaluations/tsrag/univariate/epf_electricity_price/H/long/run_1 source_launch=selena_adaptime_unified_20260915T093500Z_51105_tsrag launch_id=selena_adaptime_unified_20260915T153415Z_57382_tsrag slurm_job_id=3437180 launched_at=2026-09-15T15:35:12.680045+00:00
/fslarge/scratch/users/h61084/codes/adaptime/outputs/adaptime/evaluations/tsrag/univariate/epf_electricity_price/H/long/run_1/metrics_summary.json
TIME run allocation action=skip run=/fslarge/scratch/users/h61084/codes/adaptime/outputs/adaptime/evaluations/tsrag/univariate/OpenElectricity_NEM/5T/short/run_1 source_launch=selena_adaptime_unified_20260915T093500Z_51105_tsrag launch_id=selena_adaptime_unified_20260915T153415Z_57382_tsrag slurm_job_id=3437180 launched_at=2026-09-15T15:35:12.697218+00:00
/fslarge/scratch/users/h61084/codes/adaptime/outputs/adaptime/evaluations/tsrag/univariate/OpenElectricity_NEM/5T/short/run_1/metrics_summary.json
TIME run allocation action=skip run=/fslarge/scratch/users/h61084/codes/adaptime/outputs/adaptime/evaluations/tsrag/univariate/OpenElectricity_NEM/5T/medium/run_1 source_launch=selena_adaptime_unified_20260915T093500Z_51105_tsrag launch_id=selena_adaptime_unified_20260915T153415Z_57382_tsrag slurm_job_id=3437180 launched_at=2026-09-15T15:35:12.714516+00:00
/fslarge/scratch/users/h61084/codes/adaptime/outputs/adaptime/evaluations/tsrag/univariate/OpenElectricity_NEM/5T/medium/run_1/metrics_summary.json
TIME run allocation action=skip run=/fslarge/scratch/users/h61084/codes/adaptime/outputs/adaptime/evaluations/tsrag/univariate/OpenElectricity_NEM/5T/long/run_1 source_launch=selena_adaptime_unified_20260915T093500Z_51105_tsrag launch_id=selena_adaptime_unified_20260915T153415Z_57382_tsrag slurm_job_id=3437180 launched_at=2026-09-15T15:35:12.731873+00:00
/fslarge/scratch/users/h61084/codes/adaptime/outputs/adaptime/evaluations/tsrag/univariate/OpenElectricity_NEM/5T/long/run_1/metrics_summary.json
TIME run allocation action=skip run=/fslarge/scratch/users/h61084/codes/adaptime/outputs/adaptime/evaluations/tsrag/univariate/EWELD_Load/15T/short/run_1 source_launch=selena_adaptime_unified_20260915T093500Z_51105_tsrag launch_id=selena_adaptime_unified_20260915T153415Z_57382_tsrag slurm_job_id=3437180 launched_at=2026-09-15T15:35:12.749051+00:00
/fslarge/scratch/users/h61084/codes/adaptime/outputs/adaptime/evaluations/tsrag/univariate/EWELD_Load/15T/short/run_1/metrics_summary.json
TIME run allocation action=skip run=/fslarge/scratch/users/h61084/codes/adaptime/outputs/adaptime/evaluations/tsrag/univariate/EWELD_Load/15T/medium/run_1 source_launch=selena_adaptime_unified_20260915T093500Z_51105_tsrag launch_id=selena_adaptime_unified_20260915T153415Z_57382_tsrag slurm_job_id=3437180 launched_at=2026-09-15T15:35:12.765806+00:00
/fslarge/scratch/users/h61084/codes/adaptime/outputs/adaptime/evaluations/tsrag/univariate/EWELD_Load/15T/medium/run_1/metrics_summary.json
TIME run allocation action=skip run=/fslarge/scratch/users/h61084/codes/adaptime/outputs/adaptime/evaluations/tsrag/univariate/EWELD_Load/15T/long/run_1 source_launch=selena_adaptime_unified_20260915T093500Z_51105_tsrag launch_id=selena_adaptime_unified_20260915T153415Z_57382_tsrag slurm_job_id=3437180 launched_at=2026-09-15T15:35:12.782879+00:00
/fslarge/scratch/users/h61084/codes/adaptime/outputs/adaptime/evaluations/tsrag/univariate/EWELD_Load/15T/long/run_1/metrics_summary.json
TIME run allocation action=skip run=/fslarge/scratch/users/h61084/codes/adaptime/outputs/adaptime/evaluations/tsrag/univariate/SG_Carpark/15T/short/run_1 source_launch=selena_adaptime_unified_20260915T093500Z_51105_tsrag launch_id=selena_adaptime_unified_20260915T153415Z_57382_tsrag slurm_job_id=3437180 launched_at=2026-09-15T15:35:12.800307+00:00
/fslarge/scratch/users/h61084/codes/adaptime/outputs/adaptime/evaluations/tsrag/univariate/SG_Carpark/15T/short/run_1/metrics_summary.json
TIME run allocation action=skip run=/fslarge/scratch/users/h61084/codes/adaptime/outputs/adaptime/evaluations/tsrag/univariate/SG_Carpark/15T/medium/run_1 source_launch=selena_adaptime_unified_20260915T093500Z_51105_tsrag launch_id=selena_adaptime_unified_20260915T153415Z_57382_tsrag slurm_job_id=3437180 launched_at=2026-09-15T15:35:12.817363+00:00
/fslarge/scratch/users/h61084/codes/adaptime/outputs/adaptime/evaluations/tsrag/univariate/SG_Carpark/15T/medium/run_1/metrics_summary.json
TIME run allocation action=skip run=/fslarge/scratch/users/h61084/codes/adaptime/outputs/adaptime/evaluations/tsrag/univariate/SG_Carpark/15T/long/run_1 source_launch=selena_adaptime_unified_20260915T093500Z_51105_tsrag launch_id=selena_adaptime_unified_20260915T153415Z_57382_tsrag slurm_job_id=3437180 launched_at=2026-09-15T15:35:12.834067+00:00
/fslarge/scratch/users/h61084/codes/adaptime/outputs/adaptime/evaluations/tsrag/univariate/SG_Carpark/15T/long/run_1/metrics_summary.json
TIME run allocation action=skip run=/fslarge/scratch/users/h61084/codes/adaptime/outputs/adaptime/evaluations/tsrag/univariate/Finland_Traffic/15T/short/run_1 source_launch=selena_adaptime_unified_20260915T093500Z_51105_tsrag launch_id=selena_adaptime_unified_20260915T153415Z_57382_tsrag slurm_job_id=3437180 launched_at=2026-09-15T15:35:12.850962+00:00
/fslarge/scratch/users/h61084/codes/adaptime/outputs/adaptime/evaluations/tsrag/univariate/Finland_Traffic/15T/short/run_1/metrics_summary.json
TIME run allocation action=skip run=/fslarge/scratch/users/h61084/codes/adaptime/outputs/adaptime/evaluations/tsrag/univariate/Finland_Traffic/15T/medium/run_1 source_launch=selena_adaptime_unified_20260915T093500Z_51105_tsrag launch_id=selena_adaptime_unified_20260915T153415Z_57382_tsrag slurm_job_id=3437180 launched_at=2026-09-15T15:35:12.868021+00:00
/fslarge/scratch/users/h61084/codes/adaptime/outputs/adaptime/evaluations/tsrag/univariate/Finland_Traffic/15T/medium/run_1/metrics_summary.json
TIME run allocation action=skip run=/fslarge/scratch/users/h61084/codes/adaptime/outputs/adaptime/evaluations/tsrag/univariate/Finland_Traffic/15T/long/run_1 source_launch=selena_adaptime_unified_20260915T093500Z_51105_tsrag launch_id=selena_adaptime_unified_20260915T153415Z_57382_tsrag slurm_job_id=3437180 launched_at=2026-09-15T15:35:12.885183+00:00
/fslarge/scratch/users/h61084/codes/adaptime/outputs/adaptime/evaluations/tsrag/univariate/Finland_Traffic/15T/long/run_1/metrics_summary.json
TIME run allocation action=skip run=/fslarge/scratch/users/h61084/codes/adaptime/outputs/adaptime/evaluations/tsrag/univariate/Port_Activity/D/short/run_1 source_launch=selena_adaptime_unified_20260915T093500Z_51105_tsrag launch_id=selena_adaptime_unified_20260915T153415Z_57382_tsrag slurm_job_id=3437180 launched_at=2026-09-15T15:35:12.902790+00:00
/fslarge/scratch/users/h61084/codes/adaptime/outputs/adaptime/evaluations/tsrag/univariate/Port_Activity/D/short/run_1/metrics_summary.json
TIME run allocation action=skip run=/fslarge/scratch/users/h61084/codes/adaptime/outputs/adaptime/evaluations/tsrag/univariate/Port_Activity/W/short/run_1 source_launch=selena_adaptime_unified_20260915T093500Z_51105_tsrag launch_id=selena_adaptime_unified_20260915T153415Z_57382_tsrag slurm_job_id=3437180 launched_at=2026-09-15T15:35:12.920446+00:00
/fslarge/scratch/users/h61084/codes/adaptime/outputs/adaptime/evaluations/tsrag/univariate/Port_Activity/W/short/run_1/metrics_summary.json
TIME run allocation action=skip run=/fslarge/scratch/users/h61084/codes/adaptime/outputs/adaptime/evaluations/tsrag/univariate/ECDC_COVID/D/short/run_1 source_launch=selena_adaptime_unified_20260915T093500Z_51105_tsrag launch_id=selena_adaptime_unified_20260915T153415Z_57382_tsrag slurm_job_id=3437180 launched_at=2026-09-15T15:35:12.938036+00:00
/fslarge/scratch/users/h61084/codes/adaptime/outputs/adaptime/evaluations/tsrag/univariate/ECDC_COVID/D/short/run_1/metrics_summary.json
TIME run allocation action=skip run=/fslarge/scratch/users/h61084/codes/adaptime/outputs/adaptime/evaluations/tsrag/univariate/ECDC_COVID/W/short/run_1 source_launch=selena_adaptime_unified_20260915T093500Z_51105_tsrag launch_id=selena_adaptime_unified_20260915T153415Z_57382_tsrag slurm_job_id=3437180 launched_at=2026-09-15T15:35:12.955398+00:00
/fslarge/scratch/users/h61084/codes/adaptime/outputs/adaptime/evaluations/tsrag/univariate/ECDC_COVID/W/short/run_1/metrics_summary.json
TIME run allocation action=skip run=/fslarge/scratch/users/h61084/codes/adaptime/outputs/adaptime/evaluations/tsrag/univariate/Global_Influenza/W/short/run_1 source_launch=selena_adaptime_unified_20260915T093500Z_51105_tsrag launch_id=selena_adaptime_unified_20260915T153415Z_57382_tsrag slurm_job_id=3437180 launched_at=2026-09-15T15:35:12.973232+00:00
/fslarge/scratch/users/h61084/codes/adaptime/outputs/adaptime/evaluations/tsrag/univariate/Global_Influenza/W/short/run_1/metrics_summary.json
TIME run allocation action=skip run=/fslarge/scratch/users/h61084/codes/adaptime/outputs/adaptime/evaluations/tsrag/univariate/Crypto/D/short/run_1 source_launch=selena_adaptime_unified_20260915T093500Z_51105_tsrag launch_id=selena_adaptime_unified_20260915T153415Z_57382_tsrag slurm_job_id=3437180 launched_at=2026-09-15T15:35:12.991144+00:00
/fslarge/scratch/users/h61084/codes/adaptime/outputs/adaptime/evaluations/tsrag/univariate/Crypto/D/short/run_1/metrics_summary.json
TIME run allocation action=skip run=/fslarge/scratch/users/h61084/codes/adaptime/outputs/adaptime/evaluations/tsrag/univariate/US_Term_Structure/B/short/run_1 source_launch=selena_adaptime_unified_20260915T093500Z_51105_tsrag launch_id=selena_adaptime_unified_20260915T153415Z_57382_tsrag slurm_job_id=3437180 launched_at=2026-09-15T15:35:13.008548+00:00
/fslarge/scratch/users/h61084/codes/adaptime/outputs/adaptime/evaluations/tsrag/univariate/US_Term_Structure/B/short/run_1/metrics_summary.json
TIME run allocation action=skip run=/fslarge/scratch/users/h61084/codes/adaptime/outputs/adaptime/evaluations/tsrag/univariate/Oil_Price/B/short/run_1 source_launch=selena_adaptime_unified_20260915T093500Z_51105_tsrag launch_id=selena_adaptime_unified_20260915T153415Z_57382_tsrag slurm_job_id=3437180 launched_at=2026-09-15T15:35:13.025800+00:00
/fslarge/scratch/users/h61084/codes/adaptime/outputs/adaptime/evaluations/tsrag/univariate/Oil_Price/B/short/run_1/metrics_summary.json
TIME run allocation action=skip run=/fslarge/scratch/users/h61084/codes/adaptime/outputs/adaptime/evaluations/tsrag/univariate/Job_Claims/W/short/run_1 source_launch=selena_adaptime_unified_20260915T093500Z_51105_tsrag launch_id=selena_adaptime_unified_20260915T153415Z_57382_tsrag slurm_job_id=3437180 launched_at=2026-09-15T15:35:13.042917+00:00
/fslarge/scratch/users/h61084/codes/adaptime/outputs/adaptime/evaluations/tsrag/univariate/Job_Claims/W/short/run_1/metrics_summary.json
TIME run allocation action=skip run=/fslarge/scratch/users/h61084/codes/adaptime/outputs/adaptime/evaluations/tsrag/univariate/Uncertainty_1M/M/short/run_1 source_launch=selena_adaptime_unified_20260915T093500Z_51105_tsrag launch_id=selena_adaptime_unified_20260915T153415Z_57382_tsrag slurm_job_id=3437180 launched_at=2026-09-15T15:35:13.060105+00:00
/fslarge/scratch/users/h61084/codes/adaptime/outputs/adaptime/evaluations/tsrag/univariate/Uncertainty_1M/M/short/run_1/metrics_summary.json
TIME run allocation action=skip run=/fslarge/scratch/users/h61084/codes/adaptime/outputs/adaptime/evaluations/tsrag/univariate/Housing_Inventory/M/short/run_1 source_launch=selena_adaptime_unified_20260915T093500Z_51105_tsrag launch_id=selena_adaptime_unified_20260915T153415Z_57382_tsrag slurm_job_id=3437180 launched_at=2026-09-15T15:35:13.077144+00:00
/fslarge/scratch/users/h61084/codes/adaptime/outputs/adaptime/evaluations/tsrag/univariate/Housing_Inventory/M/short/run_1/metrics_summary.json
TIME run allocation action=skip run=/fslarge/scratch/users/h61084/codes/adaptime/outputs/adaptime/evaluations/tsrag/univariate/JOLTS/M/short/run_1 source_launch=selena_adaptime_unified_20260915T093500Z_51105_tsrag launch_id=selena_adaptime_unified_20260915T153415Z_57382_tsrag slurm_job_id=3437180 launched_at=2026-09-15T15:35:13.094811+00:00
/fslarge/scratch/users/h61084/codes/adaptime/outputs/adaptime/evaluations/tsrag/univariate/JOLTS/M/short/run_1/metrics_summary.json
TIME run allocation action=skip run=/fslarge/scratch/users/h61084/codes/adaptime/outputs/adaptime/evaluations/tsrag/univariate/US_Labor/M/short/run_1 source_launch=selena_adaptime_unified_20260915T093500Z_51105_tsrag launch_id=selena_adaptime_unified_20260915T153415Z_57382_tsrag slurm_job_id=3437180 launched_at=2026-09-15T15:35:13.112787+00:00
/fslarge/scratch/users/h61084/codes/adaptime/outputs/adaptime/evaluations/tsrag/univariate/US_Labor/M/short/run_1/metrics_summary.json
TIME run allocation action=skip run=/fslarge/scratch/users/h61084/codes/adaptime/outputs/adaptime/evaluations/tsrag/univariate/Vehicle_Supply/M/short/run_1 source_launch=selena_adaptime_unified_20260915T093500Z_51105_tsrag launch_id=selena_adaptime_unified_20260915T153415Z_57382_tsrag slurm_job_id=3437180 launched_at=2026-09-15T15:35:13.130483+00:00
/fslarge/scratch/users/h61084/codes/adaptime/outputs/adaptime/evaluations/tsrag/univariate/Vehicle_Supply/M/short/run_1/metrics_summary.json
TIME run allocation action=skip run=/fslarge/scratch/users/h61084/codes/adaptime/outputs/adaptime/evaluations/tsrag/univariate/Auto_Production_SF/M/short/run_1 source_launch=selena_adaptime_unified_20260915T093500Z_51105_tsrag launch_id=selena_adaptime_unified_20260915T153415Z_57382_tsrag slurm_job_id=3437180 launched_at=2026-09-15T15:35:13.147849+00:00
/fslarge/scratch/users/h61084/codes/adaptime/outputs/adaptime/evaluations/tsrag/univariate/Auto_Production_SF/M/short/run_1/metrics_summary.json
TIME run allocation action=skip run=/fslarge/scratch/users/h61084/codes/adaptime/outputs/adaptime/evaluations/tsrag/univariate/Commodity_Production/M/short/run_1 source_launch=selena_adaptime_unified_20260915T093500Z_51105_tsrag launch_id=selena_adaptime_unified_20260915T153415Z_57382_tsrag slurm_job_id=3437180 launched_at=2026-09-15T15:35:13.164787+00:00
/fslarge/scratch/users/h61084/codes/adaptime/outputs/adaptime/evaluations/tsrag/univariate/Commodity_Production/M/short/run_1/metrics_summary.json
TIME run allocation action=skip run=/fslarge/scratch/users/h61084/codes/adaptime/outputs/adaptime/evaluations/tsrag/univariate/Commodity_Import/M/short/run_1 source_launch=selena_adaptime_unified_20260915T093500Z_51105_tsrag launch_id=selena_adaptime_unified_20260915T153415Z_57382_tsrag slurm_job_id=3437180 launched_at=2026-09-15T15:35:13.181747+00:00
/fslarge/scratch/users/h61084/codes/adaptime/outputs/adaptime/evaluations/tsrag/univariate/Commodity_Import/M/short/run_1/metrics_summary.json
TIME run allocation action=skip run=/fslarge/scratch/users/h61084/codes/adaptime/outputs/adaptime/evaluations/tsrag/univariate/WUI_Global/Q/short/run_1 source_launch=selena_adaptime_unified_20260915T093500Z_51105_tsrag launch_id=selena_adaptime_unified_20260915T153415Z_57382_tsrag slurm_job_id=3437180 launched_at=2026-09-15T15:35:13.198259+00:00
/fslarge/scratch/users/h61084/codes/adaptime/outputs/adaptime/evaluations/tsrag/univariate/WUI_Global/Q/short/run_1/metrics_summary.json
TIME run allocation action=skip run=/fslarge/scratch/users/h61084/codes/adaptime/outputs/adaptime/evaluations/tsrag/univariate/Global_Price/Q/short/run_1 source_launch=selena_adaptime_unified_20260915T093500Z_51105_tsrag launch_id=selena_adaptime_unified_20260915T153415Z_57382_tsrag slurm_job_id=3437180 launched_at=2026-09-15T15:35:13.222641+00:00
/fslarge/scratch/users/h61084/codes/adaptime/outputs/adaptime/evaluations/tsrag/univariate/Global_Price/Q/short/run_1/metrics_summary.json
TIME run allocation action=skip run=/fslarge/scratch/users/h61084/codes/adaptime/outputs/adaptime/evaluations/tsrag/univariate/Vehicle_Sales/M/short/run_1 source_launch=selena_adaptime_unified_20260915T093500Z_51105_tsrag launch_id=selena_adaptime_unified_20260915T153415Z_57382_tsrag slurm_job_id=3437180 launched_at=2026-09-15T15:35:13.243956+00:00
/fslarge/scratch/users/h61084/codes/adaptime/outputs/adaptime/evaluations/tsrag/univariate/Vehicle_Sales/M/short/run_1/metrics_summary.json
TIME run allocation action=skip run=/fslarge/scratch/users/h61084/codes/adaptime/outputs/adaptime/evaluations/tsrag/univariate/Online_Retail_2_UCI/D/short/run_1 source_launch=selena_adaptime_unified_20260915T093500Z_51105_tsrag launch_id=selena_adaptime_unified_20260915T153415Z_57382_tsrag slurm_job_id=3437180 launched_at=2026-09-15T15:35:13.261468+00:00
/fslarge/scratch/users/h61084/codes/adaptime/outputs/adaptime/evaluations/tsrag/univariate/Online_Retail_2_UCI/D/short/run_1/metrics_summary.json
TIME run allocation action=skip run=/fslarge/scratch/users/h61084/codes/adaptime/outputs/adaptime/evaluations/tsrag/univariate/Supply_Chain_Customer/D/short/run_1 source_launch=selena_adaptime_unified_20260915T093500Z_51105_tsrag launch_id=selena_adaptime_unified_20260915T153415Z_57382_tsrag slurm_job_id=3437180 launched_at=2026-09-15T15:35:13.279045+00:00
/fslarge/scratch/users/h61084/codes/adaptime/outputs/adaptime/evaluations/tsrag/univariate/Supply_Chain_Customer/D/short/run_1/metrics_summary.json
TIME run allocation action=skip run=/fslarge/scratch/users/h61084/codes/adaptime/outputs/adaptime/evaluations/tsrag/univariate/Supply_Chain_Location/D/short/run_1 source_launch=selena_adaptime_unified_20260915T093500Z_51105_tsrag launch_id=selena_adaptime_unified_20260915T153415Z_57382_tsrag slurm_job_id=3437180 launched_at=2026-09-15T15:35:13.296336+00:00
/fslarge/scratch/users/h61084/codes/adaptime/outputs/adaptime/evaluations/tsrag/univariate/Supply_Chain_Location/D/short/run_1/metrics_summary.json
TIME run allocation action=skip run=/fslarge/scratch/users/h61084/codes/adaptime/outputs/adaptime/evaluations/tsrag/univariate/azure2019_U/5T/short/run_1 source_launch=selena_adaptime_unified_20260915T093500Z_51105_tsrag launch_id=selena_adaptime_unified_20260915T153415Z_57382_tsrag slurm_job_id=3437180 launched_at=2026-09-15T15:35:13.313788+00:00
/fslarge/scratch/users/h61084/codes/adaptime/outputs/adaptime/evaluations/tsrag/univariate/azure2019_U/5T/short/run_1/metrics_summary.json
TIME run allocation action=skip run=/fslarge/scratch/users/h61084/codes/adaptime/outputs/adaptime/evaluations/tsrag/univariate/Smart_Manufacturing/H/short/run_1 source_launch=selena_adaptime_unified_20260915T093500Z_51105_tsrag launch_id=selena_adaptime_unified_20260915T153415Z_57382_tsrag slurm_job_id=3437180 launched_at=2026-09-15T15:35:13.331246+00:00
/fslarge/scratch/users/h61084/codes/adaptime/outputs/adaptime/evaluations/tsrag/univariate/Smart_Manufacturing/H/short/run_1/metrics_summary.json
TIME run allocation action=skip run=/fslarge/scratch/users/h61084/codes/adaptime/outputs/adaptime/evaluations/tsrag/univariate/Smart_Manufacturing/H/medium/run_1 source_launch=selena_adaptime_unified_20260915T093500Z_51105_tsrag launch_id=selena_adaptime_unified_20260915T153415Z_57382_tsrag slurm_job_id=3437180 launched_at=2026-09-15T15:35:13.348368+00:00
/fslarge/scratch/users/h61084/codes/adaptime/outputs/adaptime/evaluations/tsrag/univariate/Smart_Manufacturing/H/medium/run_1/metrics_summary.json
TIME run allocation action=skip run=/fslarge/scratch/users/h61084/codes/adaptime/outputs/adaptime/evaluations/tsrag/univariate/Smart_Manufacturing/H/long/run_1 source_launch=selena_adaptime_unified_20260915T093500Z_51105_tsrag launch_id=selena_adaptime_unified_20260915T153415Z_57382_tsrag slurm_job_id=3437180 launched_at=2026-09-15T15:35:13.365546+00:00
/fslarge/scratch/users/h61084/codes/adaptime/outputs/adaptime/evaluations/tsrag/univariate/Smart_Manufacturing/H/long/run_1/metrics_summary.json
TIME run allocation action=skip run=/fslarge/scratch/users/h61084/codes/adaptime/outputs/adaptime/evaluations/tsrag/univariate/MetroPT-3/5T/short/run_1 source_launch=selena_adaptime_unified_20260915T093500Z_51105_tsrag launch_id=selena_adaptime_unified_20260915T153415Z_57382_tsrag slurm_job_id=3437180 launched_at=2026-09-15T15:35:13.382618+00:00
/fslarge/scratch/users/h61084/codes/adaptime/outputs/adaptime/evaluations/tsrag/univariate/MetroPT-3/5T/short/run_1/metrics_summary.json
TIME run allocation action=skip run=/fslarge/scratch/users/h61084/codes/adaptime/outputs/adaptime/evaluations/tsrag/univariate/MetroPT-3/5T/medium/run_1 source_launch=selena_adaptime_unified_20260915T093500Z_51105_tsrag launch_id=selena_adaptime_unified_20260915T153415Z_57382_tsrag slurm_job_id=3437180 launched_at=2026-09-15T15:35:13.399846+00:00
/fslarge/scratch/users/h61084/codes/adaptime/outputs/adaptime/evaluations/tsrag/univariate/MetroPT-3/5T/medium/run_1/metrics_summary.json
TIME run allocation action=skip run=/fslarge/scratch/users/h61084/codes/adaptime/outputs/adaptime/evaluations/tsrag/univariate/MetroPT-3/5T/long/run_1 source_launch=selena_adaptime_unified_20260915T093500Z_51105_tsrag launch_id=selena_adaptime_unified_20260915T153415Z_57382_tsrag slurm_job_id=3437180 launched_at=2026-09-15T15:35:13.416974+00:00
/fslarge/scratch/users/h61084/codes/adaptime/outputs/adaptime/evaluations/tsrag/univariate/MetroPT-3/5T/long/run_1/metrics_summary.json
2026-09-15 17:35:14 | task TIME-wide Adaptime method=tsrag stage=pipeline completed status=success
2026-09-15 17:35:14 | stage pipeline completed status=success
2026-09-15 17:35:14 | workflow adaptime completed status=success exit_code=0
