2026-09-14 22:53:10 | workflow adaptime started launch_id=selena_adaptime_unified_20260914T204328Z_25264_tsrag task=tsrag_pipeline slurm_job_id=3427124 slurm_array_job_id=none slurm_array_task_id=none
2026-09-14 22:53:10 | stage pipeline started
2026-09-14 22:53:10 | task TIME-wide Adaptime method=tsrag stage=pipeline started
TIME run allocation action=new run=/fslarge/scratch/users/h61084/codes/adaptime/outputs/adaptime/extractions/tsrag/univariate/Water_Quality_Darwin/15T/short/run_0 launch_id=selena_adaptime_unified_20260914T204328Z_25264_tsrag slurm_job_id=3427124 launched_at=2026-09-14T20:54:02.148640+00:00
/fslarge/scratch/users/h61084/codes/adaptime/outputs/adaptime/extractions/tsrag/univariate/Water_Quality_Darwin/15T/short/run_0/extraction/manifest.json
TIME run allocation action=new run=/fslarge/scratch/users/h61084/codes/adaptime/outputs/adaptime/extractions/tsrag/univariate/Water_Quality_Darwin/15T/medium/run_0 launch_id=selena_adaptime_unified_20260914T204328Z_25264_tsrag slurm_job_id=3427124 launched_at=2026-09-14T20:54:02.165422+00:00
/fslarge/scratch/users/h61084/codes/adaptime/outputs/adaptime/extractions/tsrag/univariate/Water_Quality_Darwin/15T/medium/run_0/extraction/manifest.json
TIME run allocation action=new run=/fslarge/scratch/users/h61084/codes/adaptime/outputs/adaptime/extractions/tsrag/univariate/Water_Quality_Darwin/15T/long/run_0 launch_id=selena_adaptime_unified_20260914T204328Z_25264_tsrag slurm_job_id=3427124 launched_at=2026-09-14T21:03:02.185666+00:00
/fslarge/scratch/users/h61084/codes/adaptime/outputs/adaptime/extractions/tsrag/univariate/Water_Quality_Darwin/15T/long/run_0/extraction/manifest.json
TIME run allocation action=new run=/fslarge/scratch/users/h61084/codes/adaptime/outputs/adaptime/extractions/tsrag/univariate/current_velocity/5T/short/run_0 launch_id=selena_adaptime_unified_20260914T204328Z_25264_tsrag slurm_job_id=3427124 launched_at=2026-09-14T21:12:41.850215+00:00
/fslarge/scratch/users/h61084/codes/adaptime/outputs/adaptime/extractions/tsrag/univariate/current_velocity/5T/short/run_0/extraction/manifest.json
TIME run allocation action=new run=/fslarge/scratch/users/h61084/codes/adaptime/outputs/adaptime/extractions/tsrag/univariate/current_velocity/5T/medium/run_0 launch_id=selena_adaptime_unified_20260914T204328Z_25264_tsrag slurm_job_id=3427124 launched_at=2026-09-14T21:12:41.876447+00:00
/fslarge/scratch/users/h61084/codes/adaptime/outputs/adaptime/extractions/tsrag/univariate/current_velocity/5T/medium/run_0/extraction/manifest.json
TIME run allocation action=new run=/fslarge/scratch/users/h61084/codes/adaptime/outputs/adaptime/extractions/tsrag/univariate/current_velocity/5T/long/run_0 launch_id=selena_adaptime_unified_20260914T204328Z_25264_tsrag slurm_job_id=3427124 launched_at=2026-09-14T21:13:04.197449+00:00
/fslarge/scratch/users/h61084/codes/adaptime/outputs/adaptime/extractions/tsrag/univariate/current_velocity/5T/long/run_0/extraction/manifest.json
TIME run allocation action=new run=/fslarge/scratch/users/h61084/codes/adaptime/outputs/adaptime/extractions/tsrag/univariate/current_velocity/10T/short/run_0 launch_id=selena_adaptime_unified_20260914T204328Z_25264_tsrag slurm_job_id=3427124 launched_at=2026-09-14T21:13:12.359707+00:00
/fslarge/scratch/users/h61084/codes/adaptime/outputs/adaptime/extractions/tsrag/univariate/current_velocity/10T/short/run_0/extraction/manifest.json
TIME run allocation action=new run=/fslarge/scratch/users/h61084/codes/adaptime/outputs/adaptime/extractions/tsrag/univariate/current_velocity/10T/medium/run_0 launch_id=selena_adaptime_unified_20260914T204328Z_25264_tsrag slurm_job_id=3427124 launched_at=2026-09-14T21:13:12.380565+00:00
/fslarge/scratch/users/h61084/codes/adaptime/outputs/adaptime/extractions/tsrag/univariate/current_velocity/10T/medium/run_0/extraction/manifest.json
TIME run allocation action=new run=/fslarge/scratch/users/h61084/codes/adaptime/outputs/adaptime/extractions/tsrag/univariate/current_velocity/10T/long/run_0 launch_id=selena_adaptime_unified_20260914T204328Z_25264_tsrag slurm_job_id=3427124 launched_at=2026-09-14T21:13:12.429715+00:00
/fslarge/scratch/users/h61084/codes/adaptime/outputs/adaptime/extractions/tsrag/univariate/current_velocity/10T/long/run_0/extraction/manifest.json
TIME run allocation action=new run=/fslarge/scratch/users/h61084/codes/adaptime/outputs/adaptime/extractions/tsrag/univariate/current_velocity/15T/short/run_0 launch_id=selena_adaptime_unified_20260914T204328Z_25264_tsrag slurm_job_id=3427124 launched_at=2026-09-14T21:29:48.631426+00:00
/fslarge/scratch/users/h61084/codes/adaptime/outputs/adaptime/extractions/tsrag/univariate/current_velocity/15T/short/run_0/extraction/manifest.json
TIME run allocation action=new run=/fslarge/scratch/users/h61084/codes/adaptime/outputs/adaptime/extractions/tsrag/univariate/current_velocity/15T/medium/run_0 launch_id=selena_adaptime_unified_20260914T204328Z_25264_tsrag slurm_job_id=3427124 launched_at=2026-09-14T21:29:48.658382+00:00
/fslarge/scratch/users/h61084/codes/adaptime/outputs/adaptime/extractions/tsrag/univariate/current_velocity/15T/medium/run_0/extraction/manifest.json
TIME run allocation action=new run=/fslarge/scratch/users/h61084/codes/adaptime/outputs/adaptime/extractions/tsrag/univariate/current_velocity/15T/long/run_0 launch_id=selena_adaptime_unified_20260914T204328Z_25264_tsrag slurm_job_id=3427124 launched_at=2026-09-14T21:29:48.680785+00:00
/fslarge/scratch/users/h61084/codes/adaptime/outputs/adaptime/extractions/tsrag/univariate/current_velocity/15T/long/run_0/extraction/manifest.json
TIME run allocation action=new run=/fslarge/scratch/users/h61084/codes/adaptime/outputs/adaptime/extractions/tsrag/univariate/current_velocity/20T/short/run_0 launch_id=selena_adaptime_unified_20260914T204328Z_25264_tsrag slurm_job_id=3427124 launched_at=2026-09-14T21:29:48.702064+00:00
/fslarge/scratch/users/h61084/codes/adaptime/outputs/adaptime/extractions/tsrag/univariate/current_velocity/20T/short/run_0/extraction/manifest.json
TIME run allocation action=new run=/fslarge/scratch/users/h61084/codes/adaptime/outputs/adaptime/extractions/tsrag/univariate/current_velocity/20T/medium/run_0 launch_id=selena_adaptime_unified_20260914T204328Z_25264_tsrag slurm_job_id=3427124 launched_at=2026-09-14T21:29:48.722345+00:00
/fslarge/scratch/users/h61084/codes/adaptime/outputs/adaptime/extractions/tsrag/univariate/current_velocity/20T/medium/run_0/extraction/manifest.json
TIME run allocation action=new run=/fslarge/scratch/users/h61084/codes/adaptime/outputs/adaptime/extractions/tsrag/univariate/current_velocity/20T/long/run_0 launch_id=selena_adaptime_unified_20260914T204328Z_25264_tsrag slurm_job_id=3427124 launched_at=2026-09-14T21:29:48.745425+00:00
/fslarge/scratch/users/h61084/codes/adaptime/outputs/adaptime/extractions/tsrag/univariate/current_velocity/20T/long/run_0/extraction/manifest.json
TIME run allocation action=new run=/fslarge/scratch/users/h61084/codes/adaptime/outputs/adaptime/extractions/tsrag/univariate/current_velocity/H/short/run_0 launch_id=selena_adaptime_unified_20260914T204328Z_25264_tsrag slurm_job_id=3427124 launched_at=2026-09-14T21:29:48.789355+00:00
/fslarge/scratch/users/h61084/codes/adaptime/outputs/adaptime/extractions/tsrag/univariate/current_velocity/H/short/run_0/extraction/manifest.json
TIME run allocation action=new run=/fslarge/scratch/users/h61084/codes/adaptime/outputs/adaptime/extractions/tsrag/univariate/current_velocity/H/medium/run_0 launch_id=selena_adaptime_unified_20260914T204328Z_25264_tsrag slurm_job_id=3427124 launched_at=2026-09-14T21:29:48.809179+00:00
/fslarge/scratch/users/h61084/codes/adaptime/outputs/adaptime/extractions/tsrag/univariate/current_velocity/H/medium/run_0/extraction/manifest.json
TIME run allocation action=new run=/fslarge/scratch/users/h61084/codes/adaptime/outputs/adaptime/extractions/tsrag/univariate/current_velocity/H/long/run_0 launch_id=selena_adaptime_unified_20260914T204328Z_25264_tsrag slurm_job_id=3427124 launched_at=2026-09-14T21:29:48.830272+00:00
/fslarge/scratch/users/h61084/codes/adaptime/outputs/adaptime/extractions/tsrag/univariate/current_velocity/H/long/run_0/extraction/manifest.json
TIME run allocation action=new run=/fslarge/scratch/users/h61084/codes/adaptime/outputs/adaptime/extractions/tsrag/univariate/CPHL/15T/short/run_0 launch_id=selena_adaptime_unified_20260914T204328Z_25264_tsrag slurm_job_id=3427124 launched_at=2026-09-14T21:29:48.852695+00:00
/fslarge/scratch/users/h61084/codes/adaptime/outputs/adaptime/extractions/tsrag/univariate/CPHL/15T/short/run_0/extraction/manifest.json
TIME run allocation action=new run=/fslarge/scratch/users/h61084/codes/adaptime/outputs/adaptime/extractions/tsrag/univariate/CPHL/15T/medium/run_0 launch_id=selena_adaptime_unified_20260914T204328Z_25264_tsrag slurm_job_id=3427124 launched_at=2026-09-14T21:29:48.876042+00:00
/fslarge/scratch/users/h61084/codes/adaptime/outputs/adaptime/extractions/tsrag/univariate/CPHL/15T/medium/run_0/extraction/manifest.json
TIME run allocation action=new run=/fslarge/scratch/users/h61084/codes/adaptime/outputs/adaptime/extractions/tsrag/univariate/CPHL/15T/long/run_0 launch_id=selena_adaptime_unified_20260914T204328Z_25264_tsrag slurm_job_id=3427124 launched_at=2026-09-14T21:29:56.228820+00:00
/fslarge/scratch/users/h61084/codes/adaptime/outputs/adaptime/extractions/tsrag/univariate/CPHL/15T/long/run_0/extraction/manifest.json
TIME run allocation action=new run=/fslarge/scratch/users/h61084/codes/adaptime/outputs/adaptime/extractions/tsrag/univariate/CPHL/30T/short/run_0 launch_id=selena_adaptime_unified_20260914T204328Z_25264_tsrag slurm_job_id=3427124 launched_at=2026-09-14T21:30:02.604775+00:00
/fslarge/scratch/users/h61084/codes/adaptime/outputs/adaptime/extractions/tsrag/univariate/CPHL/30T/short/run_0/extraction/manifest.json
TIME run allocation action=new run=/fslarge/scratch/users/h61084/codes/adaptime/outputs/adaptime/extractions/tsrag/univariate/CPHL/30T/medium/run_0 launch_id=selena_adaptime_unified_20260914T204328Z_25264_tsrag slurm_job_id=3427124 launched_at=2026-09-14T21:30:02.623772+00:00
/fslarge/scratch/users/h61084/codes/adaptime/outputs/adaptime/extractions/tsrag/univariate/CPHL/30T/medium/run_0/extraction/manifest.json
TIME run allocation action=new run=/fslarge/scratch/users/h61084/codes/adaptime/outputs/adaptime/extractions/tsrag/univariate/CPHL/30T/long/run_0 launch_id=selena_adaptime_unified_20260914T204328Z_25264_tsrag slurm_job_id=3427124 launched_at=2026-09-14T21:30:02.643144+00:00
/fslarge/scratch/users/h61084/codes/adaptime/outputs/adaptime/extractions/tsrag/univariate/CPHL/30T/long/run_0/extraction/manifest.json
TIME run allocation action=new run=/fslarge/scratch/users/h61084/codes/adaptime/outputs/adaptime/extractions/tsrag/univariate/CPHL/H/short/run_0 launch_id=selena_adaptime_unified_20260914T204328Z_25264_tsrag slurm_job_id=3427124 launched_at=2026-09-14T21:30:32.179567+00:00
/fslarge/scratch/users/h61084/codes/adaptime/outputs/adaptime/extractions/tsrag/univariate/CPHL/H/short/run_0/extraction/manifest.json
TIME run allocation action=new run=/fslarge/scratch/users/h61084/codes/adaptime/outputs/adaptime/extractions/tsrag/univariate/CPHL/H/medium/run_0 launch_id=selena_adaptime_unified_20260914T204328Z_25264_tsrag slurm_job_id=3427124 launched_at=2026-09-14T21:30:32.198962+00:00
/fslarge/scratch/users/h61084/codes/adaptime/outputs/adaptime/extractions/tsrag/univariate/CPHL/H/medium/run_0/extraction/manifest.json
TIME run allocation action=new run=/fslarge/scratch/users/h61084/codes/adaptime/outputs/adaptime/extractions/tsrag/univariate/CPHL/H/long/run_0 launch_id=selena_adaptime_unified_20260914T204328Z_25264_tsrag slurm_job_id=3427124 launched_at=2026-09-14T21:30:32.218753+00:00
/fslarge/scratch/users/h61084/codes/adaptime/outputs/adaptime/extractions/tsrag/univariate/CPHL/H/long/run_0/extraction/manifest.json
TIME run allocation action=new run=/fslarge/scratch/users/h61084/codes/adaptime/outputs/adaptime/extractions/tsrag/univariate/Coastal_T_S/5T/short/run_0 launch_id=selena_adaptime_unified_20260914T204328Z_25264_tsrag slurm_job_id=3427124 launched_at=2026-09-14T21:30:32.239288+00:00
/fslarge/scratch/users/h61084/codes/adaptime/outputs/adaptime/extractions/tsrag/univariate/Coastal_T_S/5T/short/run_0/extraction/manifest.json
TIME run allocation action=new run=/fslarge/scratch/users/h61084/codes/adaptime/outputs/adaptime/extractions/tsrag/univariate/Coastal_T_S/5T/medium/run_0 launch_id=selena_adaptime_unified_20260914T204328Z_25264_tsrag slurm_job_id=3427124 launched_at=2026-09-14T21:30:32.293439+00:00
/fslarge/scratch/users/h61084/codes/adaptime/outputs/adaptime/extractions/tsrag/univariate/Coastal_T_S/5T/medium/run_0/extraction/manifest.json
TIME run allocation action=new run=/fslarge/scratch/users/h61084/codes/adaptime/outputs/adaptime/extractions/tsrag/univariate/Coastal_T_S/5T/long/run_0 launch_id=selena_adaptime_unified_20260914T204328Z_25264_tsrag slurm_job_id=3427124 launched_at=2026-09-14T22:50:22.884036+00:00
/fslarge/scratch/users/h61084/codes/adaptime/outputs/adaptime/extractions/tsrag/univariate/Coastal_T_S/5T/long/run_0/extraction/manifest.json
TIME run allocation action=new run=/fslarge/scratch/users/h61084/codes/adaptime/outputs/adaptime/extractions/tsrag/univariate/Coastal_T_S/15T/short/run_0 launch_id=selena_adaptime_unified_20260914T204328Z_25264_tsrag slurm_job_id=3427124 launched_at=2026-09-14T23:41:35.066534+00:00
/fslarge/scratch/users/h61084/codes/adaptime/outputs/adaptime/extractions/tsrag/univariate/Coastal_T_S/15T/short/run_0/extraction/manifest.json
TIME run allocation action=new run=/fslarge/scratch/users/h61084/codes/adaptime/outputs/adaptime/extractions/tsrag/univariate/Coastal_T_S/15T/medium/run_0 launch_id=selena_adaptime_unified_20260914T204328Z_25264_tsrag slurm_job_id=3427124 launched_at=2026-09-14T23:41:35.093187+00:00
/fslarge/scratch/users/h61084/codes/adaptime/outputs/adaptime/extractions/tsrag/univariate/Coastal_T_S/15T/medium/run_0/extraction/manifest.json
TIME run allocation action=new run=/fslarge/scratch/users/h61084/codes/adaptime/outputs/adaptime/extractions/tsrag/univariate/Coastal_T_S/15T/long/run_0 launch_id=selena_adaptime_unified_20260914T204328Z_25264_tsrag slurm_job_id=3427124 launched_at=2026-09-14T23:47:06.459517+00:00
/fslarge/scratch/users/h61084/codes/adaptime/outputs/adaptime/extractions/tsrag/univariate/Coastal_T_S/15T/long/run_0/extraction/manifest.json
TIME run allocation action=new run=/fslarge/scratch/users/h61084/codes/adaptime/outputs/adaptime/extractions/tsrag/univariate/Coastal_T_S/20T/short/run_0 launch_id=selena_adaptime_unified_20260914T204328Z_25264_tsrag slurm_job_id=3427124 launched_at=2026-09-14T23:50:55.644623+00:00
/fslarge/scratch/users/h61084/codes/adaptime/outputs/adaptime/extractions/tsrag/univariate/Coastal_T_S/20T/short/run_0/extraction/manifest.json
TIME run allocation action=new run=/fslarge/scratch/users/h61084/codes/adaptime/outputs/adaptime/extractions/tsrag/univariate/Coastal_T_S/20T/medium/run_0 launch_id=selena_adaptime_unified_20260914T204328Z_25264_tsrag slurm_job_id=3427124 launched_at=2026-09-14T23:50:55.670845+00:00
/fslarge/scratch/users/h61084/codes/adaptime/outputs/adaptime/extractions/tsrag/univariate/Coastal_T_S/20T/medium/run_0/extraction/manifest.json
TIME run allocation action=new run=/fslarge/scratch/users/h61084/codes/adaptime/outputs/adaptime/extractions/tsrag/univariate/Coastal_T_S/20T/long/run_0 launch_id=selena_adaptime_unified_20260914T204328Z_25264_tsrag slurm_job_id=3427124 launched_at=2026-09-14T23:50:58.802108+00:00
/fslarge/scratch/users/h61084/codes/adaptime/outputs/adaptime/extractions/tsrag/univariate/Coastal_T_S/20T/long/run_0/extraction/manifest.json
TIME run allocation action=new run=/fslarge/scratch/users/h61084/codes/adaptime/outputs/adaptime/extractions/tsrag/univariate/Coastal_T_S/H/short/run_0 launch_id=selena_adaptime_unified_20260914T204328Z_25264_tsrag slurm_job_id=3427124 launched_at=2026-09-14T23:51:03.259455+00:00
/fslarge/scratch/users/h61084/codes/adaptime/outputs/adaptime/extractions/tsrag/univariate/Coastal_T_S/H/short/run_0/extraction/manifest.json
TIME run allocation action=new run=/fslarge/scratch/users/h61084/codes/adaptime/outputs/adaptime/extractions/tsrag/univariate/Coastal_T_S/H/medium/run_0 launch_id=selena_adaptime_unified_20260914T204328Z_25264_tsrag slurm_job_id=3427124 launched_at=2026-09-14T23:51:03.281320+00:00
/fslarge/scratch/users/h61084/codes/adaptime/outputs/adaptime/extractions/tsrag/univariate/Coastal_T_S/H/medium/run_0/extraction/manifest.json
TIME run allocation action=new run=/fslarge/scratch/users/h61084/codes/adaptime/outputs/adaptime/extractions/tsrag/univariate/Coastal_T_S/H/long/run_0 launch_id=selena_adaptime_unified_20260914T204328Z_25264_tsrag slurm_job_id=3427124 launched_at=2026-09-14T23:51:03.305681+00:00
/fslarge/scratch/users/h61084/codes/adaptime/outputs/adaptime/extractions/tsrag/univariate/Coastal_T_S/H/long/run_0/extraction/manifest.json
TIME run allocation action=new run=/fslarge/scratch/users/h61084/codes/adaptime/outputs/adaptime/extractions/tsrag/univariate/SG_Weather/D/short/run_0 launch_id=selena_adaptime_unified_20260914T204328Z_25264_tsrag slurm_job_id=3427124 launched_at=2026-09-14T23:56:36.951915+00:00
/fslarge/scratch/users/h61084/codes/adaptime/outputs/adaptime/extractions/tsrag/univariate/SG_Weather/D/short/run_0/extraction/manifest.json
TIME run allocation action=new run=/fslarge/scratch/users/h61084/codes/adaptime/outputs/adaptime/extractions/tsrag/univariate/SG_Weather/D/medium/run_0 launch_id=selena_adaptime_unified_20260914T204328Z_25264_tsrag slurm_job_id=3427124 launched_at=2026-09-14T23:56:36.972480+00:00
/fslarge/scratch/users/h61084/codes/adaptime/outputs/adaptime/extractions/tsrag/univariate/SG_Weather/D/medium/run_0/extraction/manifest.json
TIME run allocation action=new run=/fslarge/scratch/users/h61084/codes/adaptime/outputs/adaptime/extractions/tsrag/univariate/SG_Weather/D/long/run_0 launch_id=selena_adaptime_unified_20260914T204328Z_25264_tsrag slurm_job_id=3427124 launched_at=2026-09-14T23:56:36.992382+00:00
/fslarge/scratch/users/h61084/codes/adaptime/outputs/adaptime/extractions/tsrag/univariate/SG_Weather/D/long/run_0/extraction/manifest.json
TIME run allocation action=new run=/fslarge/scratch/users/h61084/codes/adaptime/outputs/adaptime/extractions/tsrag/univariate/SG_PM25/H/short/run_0 launch_id=selena_adaptime_unified_20260914T204328Z_25264_tsrag slurm_job_id=3427124 launched_at=2026-09-14T23:56:37.012231+00:00
/fslarge/scratch/users/h61084/codes/adaptime/outputs/adaptime/extractions/tsrag/univariate/SG_PM25/H/short/run_0/extraction/manifest.json
TIME run allocation action=new run=/fslarge/scratch/users/h61084/codes/adaptime/outputs/adaptime/extractions/tsrag/univariate/SG_PM25/H/medium/run_0 launch_id=selena_adaptime_unified_20260914T204328Z_25264_tsrag slurm_job_id=3427124 launched_at=2026-09-14T23:56:47.822249+00:00
/fslarge/scratch/users/h61084/codes/adaptime/outputs/adaptime/extractions/tsrag/univariate/SG_PM25/H/medium/run_0/extraction/manifest.json
TIME run allocation action=new run=/fslarge/scratch/users/h61084/codes/adaptime/outputs/adaptime/extractions/tsrag/univariate/SG_PM25/H/long/run_0 launch_id=selena_adaptime_unified_20260914T204328Z_25264_tsrag slurm_job_id=3427124 launched_at=2026-09-15T00:00:37.562707+00:00
/fslarge/scratch/users/h61084/codes/adaptime/outputs/adaptime/extractions/tsrag/univariate/SG_PM25/H/long/run_0/extraction/manifest.json
TIME run allocation action=new run=/fslarge/scratch/users/h61084/codes/adaptime/outputs/adaptime/extractions/tsrag/univariate/NE_China_Wind/H/short/run_0 launch_id=selena_adaptime_unified_20260914T204328Z_25264_tsrag slurm_job_id=3427124 launched_at=2026-09-15T00:05:24.771352+00:00
/fslarge/scratch/users/h61084/codes/adaptime/outputs/adaptime/extractions/tsrag/univariate/NE_China_Wind/H/short/run_0/extraction/manifest.json
TIME run allocation action=new run=/fslarge/scratch/users/h61084/codes/adaptime/outputs/adaptime/extractions/tsrag/univariate/NE_China_Wind/H/medium/run_0 launch_id=selena_adaptime_unified_20260914T204328Z_25264_tsrag slurm_job_id=3427124 launched_at=2026-09-15T00:05:24.791333+00:00
/fslarge/scratch/users/h61084/codes/adaptime/outputs/adaptime/extractions/tsrag/univariate/NE_China_Wind/H/medium/run_0/extraction/manifest.json
TIME run allocation action=new run=/fslarge/scratch/users/h61084/codes/adaptime/outputs/adaptime/extractions/tsrag/univariate/NE_China_Wind/H/long/run_0 launch_id=selena_adaptime_unified_20260914T204328Z_25264_tsrag slurm_job_id=3427124 launched_at=2026-09-15T00:05:51.071349+00:00
/fslarge/scratch/users/h61084/codes/adaptime/outputs/adaptime/extractions/tsrag/univariate/NE_China_Wind/H/long/run_0/extraction/manifest.json
TIME run allocation action=new run=/fslarge/scratch/users/h61084/codes/adaptime/outputs/adaptime/extractions/tsrag/univariate/Australia_Solar/H/short/run_0 launch_id=selena_adaptime_unified_20260914T204328Z_25264_tsrag slurm_job_id=3427124 launched_at=2026-09-15T00:06:09.509529+00:00
/fslarge/scratch/users/h61084/codes/adaptime/outputs/adaptime/extractions/tsrag/univariate/Australia_Solar/H/short/run_0/extraction/manifest.json
TIME run allocation action=new run=/fslarge/scratch/users/h61084/codes/adaptime/outputs/adaptime/extractions/tsrag/univariate/Australia_Solar/H/medium/run_0 launch_id=selena_adaptime_unified_20260914T204328Z_25264_tsrag slurm_job_id=3427124 launched_at=2026-09-15T00:06:09.529529+00:00
/fslarge/scratch/users/h61084/codes/adaptime/outputs/adaptime/extractions/tsrag/univariate/Australia_Solar/H/medium/run_0/extraction/manifest.json
TIME run allocation action=new run=/fslarge/scratch/users/h61084/codes/adaptime/outputs/adaptime/extractions/tsrag/univariate/Australia_Solar/H/long/run_0 launch_id=selena_adaptime_unified_20260914T204328Z_25264_tsrag slurm_job_id=3427124 launched_at=2026-09-15T00:07:54.184831+00:00
/fslarge/scratch/users/h61084/codes/adaptime/outputs/adaptime/extractions/tsrag/univariate/Australia_Solar/H/long/run_0/extraction/manifest.json
TIME run allocation action=new run=/fslarge/scratch/users/h61084/codes/adaptime/outputs/adaptime/extractions/tsrag/univariate/epf_electricity_price/H/short/run_0 launch_id=selena_adaptime_unified_20260914T204328Z_25264_tsrag slurm_job_id=3427124 launched_at=2026-09-15T00:10:19.246353+00:00
/fslarge/scratch/users/h61084/codes/adaptime/outputs/adaptime/extractions/tsrag/univariate/epf_electricity_price/H/short/run_0/extraction/manifest.json
TIME run allocation action=new run=/fslarge/scratch/users/h61084/codes/adaptime/outputs/adaptime/extractions/tsrag/univariate/epf_electricity_price/H/medium/run_0 launch_id=selena_adaptime_unified_20260914T204328Z_25264_tsrag slurm_job_id=3427124 launched_at=2026-09-15T00:11:43.093090+00:00
/fslarge/scratch/users/h61084/codes/adaptime/outputs/adaptime/extractions/tsrag/univariate/epf_electricity_price/H/medium/run_0/extraction/manifest.json
TIME run allocation action=new run=/fslarge/scratch/users/h61084/codes/adaptime/outputs/adaptime/extractions/tsrag/univariate/epf_electricity_price/H/long/run_0 launch_id=selena_adaptime_unified_20260914T204328Z_25264_tsrag slurm_job_id=3427124 launched_at=2026-09-15T00:16:16.325157+00:00
/fslarge/scratch/users/h61084/codes/adaptime/outputs/adaptime/extractions/tsrag/univariate/epf_electricity_price/H/long/run_0/extraction/manifest.json
TIME run allocation action=new run=/fslarge/scratch/users/h61084/codes/adaptime/outputs/adaptime/extractions/tsrag/univariate/OpenElectricity_NEM/5T/short/run_0 launch_id=selena_adaptime_unified_20260914T204328Z_25264_tsrag slurm_job_id=3427124 launched_at=2026-09-15T00:19:43.530097+00:00
/fslarge/scratch/users/h61084/codes/adaptime/outputs/adaptime/extractions/tsrag/univariate/OpenElectricity_NEM/5T/short/run_0/extraction/manifest.json
TIME run allocation action=new run=/fslarge/scratch/users/h61084/codes/adaptime/outputs/adaptime/extractions/tsrag/univariate/OpenElectricity_NEM/5T/medium/run_0 launch_id=selena_adaptime_unified_20260914T204328Z_25264_tsrag slurm_job_id=3427124 launched_at=2026-09-15T00:19:43.550756+00:00
/fslarge/scratch/users/h61084/codes/adaptime/outputs/adaptime/extractions/tsrag/univariate/OpenElectricity_NEM/5T/medium/run_0/extraction/manifest.json
TIME run allocation action=new run=/fslarge/scratch/users/h61084/codes/adaptime/outputs/adaptime/extractions/tsrag/univariate/OpenElectricity_NEM/5T/long/run_0 launch_id=selena_adaptime_unified_20260914T204328Z_25264_tsrag slurm_job_id=3427124 launched_at=2026-09-15T00:20:11.152575+00:00
/fslarge/scratch/users/h61084/codes/adaptime/outputs/adaptime/extractions/tsrag/univariate/OpenElectricity_NEM/5T/long/run_0/extraction/manifest.json
TIME run allocation action=new run=/fslarge/scratch/users/h61084/codes/adaptime/outputs/adaptime/extractions/tsrag/univariate/EWELD_Load/15T/short/run_0 launch_id=selena_adaptime_unified_20260914T204328Z_25264_tsrag slurm_job_id=3427124 launched_at=2026-09-15T00:20:24.535925+00:00
/fslarge/scratch/users/h61084/codes/adaptime/outputs/adaptime/extractions/tsrag/univariate/EWELD_Load/15T/short/run_0/extraction/manifest.json
TIME run allocation action=new run=/fslarge/scratch/users/h61084/codes/adaptime/outputs/adaptime/extractions/tsrag/univariate/EWELD_Load/15T/medium/run_0 launch_id=selena_adaptime_unified_20260914T204328Z_25264_tsrag slurm_job_id=3427124 launched_at=2026-09-15T00:20:24.555758+00:00
/fslarge/scratch/users/h61084/codes/adaptime/outputs/adaptime/extractions/tsrag/univariate/EWELD_Load/15T/medium/run_0/extraction/manifest.json
TIME run allocation action=new run=/fslarge/scratch/users/h61084/codes/adaptime/outputs/adaptime/extractions/tsrag/univariate/EWELD_Load/15T/long/run_0 launch_id=selena_adaptime_unified_20260914T204328Z_25264_tsrag slurm_job_id=3427124 launched_at=2026-09-15T00:20:41.254921+00:00
/fslarge/scratch/users/h61084/codes/adaptime/outputs/adaptime/extractions/tsrag/univariate/EWELD_Load/15T/long/run_0/extraction/manifest.json
TIME run allocation action=new run=/fslarge/scratch/users/h61084/codes/adaptime/outputs/adaptime/extractions/tsrag/univariate/SG_Carpark/15T/short/run_0 launch_id=selena_adaptime_unified_20260914T204328Z_25264_tsrag slurm_job_id=3427124 launched_at=2026-09-15T00:20:43.442358+00:00
/fslarge/scratch/users/h61084/codes/adaptime/outputs/adaptime/extractions/tsrag/univariate/SG_Carpark/15T/short/run_0/extraction/manifest.json
TIME run allocation action=new run=/fslarge/scratch/users/h61084/codes/adaptime/outputs/adaptime/extractions/tsrag/univariate/SG_Carpark/15T/medium/run_0 launch_id=selena_adaptime_unified_20260914T204328Z_25264_tsrag slurm_job_id=3427124 launched_at=2026-09-15T00:20:43.463551+00:00
/fslarge/scratch/users/h61084/codes/adaptime/outputs/adaptime/extractions/tsrag/univariate/SG_Carpark/15T/medium/run_0/extraction/manifest.json
TIME run allocation action=new run=/fslarge/scratch/users/h61084/codes/adaptime/outputs/adaptime/extractions/tsrag/univariate/SG_Carpark/15T/long/run_0 launch_id=selena_adaptime_unified_20260914T204328Z_25264_tsrag slurm_job_id=3427124 launched_at=2026-09-15T00:25:27.862625+00:00
/fslarge/scratch/users/h61084/codes/adaptime/outputs/adaptime/extractions/tsrag/univariate/SG_Carpark/15T/long/run_0/extraction/manifest.json
TIME run allocation action=new run=/fslarge/scratch/users/h61084/codes/adaptime/outputs/adaptime/extractions/tsrag/univariate/Finland_Traffic/15T/short/run_0 launch_id=selena_adaptime_unified_20260914T204328Z_25264_tsrag slurm_job_id=3427124 launched_at=2026-09-15T00:25:51.034865+00:00
/fslarge/scratch/users/h61084/codes/adaptime/outputs/adaptime/extractions/tsrag/univariate/Finland_Traffic/15T/short/run_0/extraction/manifest.json
TIME run allocation action=new run=/fslarge/scratch/users/h61084/codes/adaptime/outputs/adaptime/extractions/tsrag/univariate/Finland_Traffic/15T/medium/run_0 launch_id=selena_adaptime_unified_20260914T204328Z_25264_tsrag slurm_job_id=3427124 launched_at=2026-09-15T00:25:51.053568+00:00
/fslarge/scratch/users/h61084/codes/adaptime/outputs/adaptime/extractions/tsrag/univariate/Finland_Traffic/15T/medium/run_0/extraction/manifest.json
TIME run allocation action=new run=/fslarge/scratch/users/h61084/codes/adaptime/outputs/adaptime/extractions/tsrag/univariate/Finland_Traffic/15T/long/run_0 launch_id=selena_adaptime_unified_20260914T204328Z_25264_tsrag slurm_job_id=3427124 launched_at=2026-09-15T00:25:56.210727+00:00
/fslarge/scratch/users/h61084/codes/adaptime/outputs/adaptime/extractions/tsrag/univariate/Finland_Traffic/15T/long/run_0/extraction/manifest.json
TIME run allocation action=new run=/fslarge/scratch/users/h61084/codes/adaptime/outputs/adaptime/extractions/tsrag/univariate/Port_Activity/D/short/run_0 launch_id=selena_adaptime_unified_20260914T204328Z_25264_tsrag slurm_job_id=3427124 launched_at=2026-09-15T00:25:57.085059+00:00
/fslarge/scratch/users/h61084/codes/adaptime/outputs/adaptime/extractions/tsrag/univariate/Port_Activity/D/short/run_0/extraction/manifest.json
TIME run allocation action=new run=/fslarge/scratch/users/h61084/codes/adaptime/outputs/adaptime/extractions/tsrag/univariate/Port_Activity/W/short/run_0 launch_id=selena_adaptime_unified_20260914T204328Z_25264_tsrag slurm_job_id=3427124 launched_at=2026-09-15T00:27:13.571885+00:00
/fslarge/scratch/users/h61084/codes/adaptime/outputs/adaptime/extractions/tsrag/univariate/Port_Activity/W/short/run_0/extraction/manifest.json
TIME run allocation action=new run=/fslarge/scratch/users/h61084/codes/adaptime/outputs/adaptime/extractions/tsrag/univariate/ECDC_COVID/D/short/run_0 launch_id=selena_adaptime_unified_20260914T204328Z_25264_tsrag slurm_job_id=3427124 launched_at=2026-09-15T00:27:13.593176+00:00
/fslarge/scratch/users/h61084/codes/adaptime/outputs/adaptime/extractions/tsrag/univariate/ECDC_COVID/D/short/run_0/extraction/manifest.json
TIME run allocation action=new run=/fslarge/scratch/users/h61084/codes/adaptime/outputs/adaptime/extractions/tsrag/univariate/ECDC_COVID/W/short/run_0 launch_id=selena_adaptime_unified_20260914T204328Z_25264_tsrag slurm_job_id=3427124 launched_at=2026-09-15T00:27:13.613350+00:00
/fslarge/scratch/users/h61084/codes/adaptime/outputs/adaptime/extractions/tsrag/univariate/ECDC_COVID/W/short/run_0/extraction/manifest.json
TIME run allocation action=new run=/fslarge/scratch/users/h61084/codes/adaptime/outputs/adaptime/extractions/tsrag/univariate/Global_Influenza/W/short/run_0 launch_id=selena_adaptime_unified_20260914T204328Z_25264_tsrag slurm_job_id=3427124 launched_at=2026-09-15T00:27:13.635326+00:00
/fslarge/scratch/users/h61084/codes/adaptime/outputs/adaptime/extractions/tsrag/univariate/Global_Influenza/W/short/run_0/extraction/manifest.json
TIME run allocation action=new run=/fslarge/scratch/users/h61084/codes/adaptime/outputs/adaptime/extractions/tsrag/univariate/Crypto/D/short/run_0 launch_id=selena_adaptime_unified_20260914T204328Z_25264_tsrag slurm_job_id=3427124 launched_at=2026-09-15T00:27:13.655641+00:00
/fslarge/scratch/users/h61084/codes/adaptime/outputs/adaptime/extractions/tsrag/univariate/Crypto/D/short/run_0/extraction/manifest.json
TIME run allocation action=new run=/fslarge/scratch/users/h61084/codes/adaptime/outputs/adaptime/extractions/tsrag/univariate/US_Term_Structure/B/short/run_0 launch_id=selena_adaptime_unified_20260914T204328Z_25264_tsrag slurm_job_id=3427124 launched_at=2026-09-15T00:27:22.557331+00:00
/fslarge/scratch/users/h61084/codes/adaptime/outputs/adaptime/extractions/tsrag/univariate/US_Term_Structure/B/short/run_0/extraction/manifest.json
TIME run allocation action=new run=/fslarge/scratch/users/h61084/codes/adaptime/outputs/adaptime/extractions/tsrag/univariate/Oil_Price/B/short/run_0 launch_id=selena_adaptime_unified_20260914T204328Z_25264_tsrag slurm_job_id=3427124 launched_at=2026-09-15T00:34:03.677108+00:00
/fslarge/scratch/users/h61084/codes/adaptime/outputs/adaptime/extractions/tsrag/univariate/Oil_Price/B/short/run_0/extraction/manifest.json
TIME run allocation action=new run=/fslarge/scratch/users/h61084/codes/adaptime/outputs/adaptime/extractions/tsrag/univariate/Job_Claims/W/short/run_0 launch_id=selena_adaptime_unified_20260914T204328Z_25264_tsrag slurm_job_id=3427124 launched_at=2026-09-15T00:34:25.678257+00:00
/fslarge/scratch/users/h61084/codes/adaptime/outputs/adaptime/extractions/tsrag/univariate/Job_Claims/W/short/run_0/extraction/manifest.json
TIME run allocation action=new run=/fslarge/scratch/users/h61084/codes/adaptime/outputs/adaptime/extractions/tsrag/univariate/Uncertainty_1M/M/short/run_0 launch_id=selena_adaptime_unified_20260914T204328Z_25264_tsrag slurm_job_id=3427124 launched_at=2026-09-15T00:34:25.698719+00:00
/fslarge/scratch/users/h61084/codes/adaptime/outputs/adaptime/extractions/tsrag/univariate/Uncertainty_1M/M/short/run_0/extraction/manifest.json
TIME run allocation action=new run=/fslarge/scratch/users/h61084/codes/adaptime/outputs/adaptime/extractions/tsrag/univariate/Housing_Inventory/M/short/run_0 launch_id=selena_adaptime_unified_20260914T204328Z_25264_tsrag slurm_job_id=3427124 launched_at=2026-09-15T00:34:26.066363+00:00
/fslarge/scratch/users/h61084/codes/adaptime/outputs/adaptime/extractions/tsrag/univariate/Housing_Inventory/M/short/run_0/extraction/manifest.json
TIME run allocation action=new run=/fslarge/scratch/users/h61084/codes/adaptime/outputs/adaptime/extractions/tsrag/univariate/JOLTS/M/short/run_0 launch_id=selena_adaptime_unified_20260914T204328Z_25264_tsrag slurm_job_id=3427124 launched_at=2026-09-15T00:34:26.086353+00:00
/fslarge/scratch/users/h61084/codes/adaptime/outputs/adaptime/extractions/tsrag/univariate/JOLTS/M/short/run_0/extraction/manifest.json
TIME run allocation action=new run=/fslarge/scratch/users/h61084/codes/adaptime/outputs/adaptime/extractions/tsrag/univariate/US_Labor/M/short/run_0 launch_id=selena_adaptime_unified_20260914T204328Z_25264_tsrag slurm_job_id=3427124 launched_at=2026-09-15T00:34:26.106813+00:00
/fslarge/scratch/users/h61084/codes/adaptime/outputs/adaptime/extractions/tsrag/univariate/US_Labor/M/short/run_0/extraction/manifest.json
TIME run allocation action=new run=/fslarge/scratch/users/h61084/codes/adaptime/outputs/adaptime/extractions/tsrag/univariate/Vehicle_Supply/M/short/run_0 launch_id=selena_adaptime_unified_20260914T204328Z_25264_tsrag slurm_job_id=3427124 launched_at=2026-09-15T00:34:26.126468+00:00
/fslarge/scratch/users/h61084/codes/adaptime/outputs/adaptime/extractions/tsrag/univariate/Vehicle_Supply/M/short/run_0/extraction/manifest.json
TIME run allocation action=new run=/fslarge/scratch/users/h61084/codes/adaptime/outputs/adaptime/extractions/tsrag/univariate/Auto_Production_SF/M/short/run_0 launch_id=selena_adaptime_unified_20260914T204328Z_25264_tsrag slurm_job_id=3427124 launched_at=2026-09-15T00:34:26.146848+00:00
/fslarge/scratch/users/h61084/codes/adaptime/outputs/adaptime/extractions/tsrag/univariate/Auto_Production_SF/M/short/run_0/extraction/manifest.json
TIME run allocation action=new run=/fslarge/scratch/users/h61084/codes/adaptime/outputs/adaptime/extractions/tsrag/univariate/Commodity_Production/M/short/run_0 launch_id=selena_adaptime_unified_20260914T204328Z_25264_tsrag slurm_job_id=3427124 launched_at=2026-09-15T00:34:26.166656+00:00
/fslarge/scratch/users/h61084/codes/adaptime/outputs/adaptime/extractions/tsrag/univariate/Commodity_Production/M/short/run_0/extraction/manifest.json
TIME run allocation action=new run=/fslarge/scratch/users/h61084/codes/adaptime/outputs/adaptime/extractions/tsrag/univariate/Commodity_Import/M/short/run_0 launch_id=selena_adaptime_unified_20260914T204328Z_25264_tsrag slurm_job_id=3427124 launched_at=2026-09-15T00:34:26.186280+00:00
/fslarge/scratch/users/h61084/codes/adaptime/outputs/adaptime/extractions/tsrag/univariate/Commodity_Import/M/short/run_0/extraction/manifest.json
TIME run allocation action=new run=/fslarge/scratch/users/h61084/codes/adaptime/outputs/adaptime/extractions/tsrag/univariate/WUI_Global/Q/short/run_0 launch_id=selena_adaptime_unified_20260914T204328Z_25264_tsrag slurm_job_id=3427124 launched_at=2026-09-15T00:34:26.209830+00:00
/fslarge/scratch/users/h61084/codes/adaptime/outputs/adaptime/extractions/tsrag/univariate/WUI_Global/Q/short/run_0/extraction/manifest.json
TIME run allocation action=new run=/fslarge/scratch/users/h61084/codes/adaptime/outputs/adaptime/extractions/tsrag/univariate/Global_Price/Q/short/run_0 launch_id=selena_adaptime_unified_20260914T204328Z_25264_tsrag slurm_job_id=3427124 launched_at=2026-09-15T00:34:26.229448+00:00
/fslarge/scratch/users/h61084/codes/adaptime/outputs/adaptime/extractions/tsrag/univariate/Global_Price/Q/short/run_0/extraction/manifest.json
TIME run allocation action=new run=/fslarge/scratch/users/h61084/codes/adaptime/outputs/adaptime/extractions/tsrag/univariate/Vehicle_Sales/M/short/run_0 launch_id=selena_adaptime_unified_20260914T204328Z_25264_tsrag slurm_job_id=3427124 launched_at=2026-09-15T00:34:26.249100+00:00
/fslarge/scratch/users/h61084/codes/adaptime/outputs/adaptime/extractions/tsrag/univariate/Vehicle_Sales/M/short/run_0/extraction/manifest.json
TIME run allocation action=new run=/fslarge/scratch/users/h61084/codes/adaptime/outputs/adaptime/extractions/tsrag/univariate/Online_Retail_2_UCI/D/short/run_0 launch_id=selena_adaptime_unified_20260914T204328Z_25264_tsrag slurm_job_id=3427124 launched_at=2026-09-15T00:34:26.268118+00:00
/fslarge/scratch/users/h61084/codes/adaptime/outputs/adaptime/extractions/tsrag/univariate/Online_Retail_2_UCI/D/short/run_0/extraction/manifest.json
TIME run allocation action=new run=/fslarge/scratch/users/h61084/codes/adaptime/outputs/adaptime/extractions/tsrag/univariate/Supply_Chain_Customer/D/short/run_0 launch_id=selena_adaptime_unified_20260914T204328Z_25264_tsrag slurm_job_id=3427124 launched_at=2026-09-15T00:34:26.287439+00:00
/fslarge/scratch/users/h61084/codes/adaptime/outputs/adaptime/extractions/tsrag/univariate/Supply_Chain_Customer/D/short/run_0/extraction/manifest.json
TIME run allocation action=new run=/fslarge/scratch/users/h61084/codes/adaptime/outputs/adaptime/extractions/tsrag/univariate/Supply_Chain_Location/D/short/run_0 launch_id=selena_adaptime_unified_20260914T204328Z_25264_tsrag slurm_job_id=3427124 launched_at=2026-09-15T00:34:32.708617+00:00
/fslarge/scratch/users/h61084/codes/adaptime/outputs/adaptime/extractions/tsrag/univariate/Supply_Chain_Location/D/short/run_0/extraction/manifest.json
TIME run allocation action=new run=/fslarge/scratch/users/h61084/codes/adaptime/outputs/adaptime/extractions/tsrag/univariate/azure2019_D/5T/short/run_0 launch_id=selena_adaptime_unified_20260914T204328Z_25264_tsrag slurm_job_id=3427124 launched_at=2026-09-15T00:34:41.759603+00:00
/fslarge/scratch/users/h61084/codes/adaptime/outputs/adaptime/extractions/tsrag/univariate/azure2019_D/5T/short/run_0/extraction/manifest.json
TIME run allocation action=new run=/fslarge/scratch/users/h61084/codes/adaptime/outputs/adaptime/extractions/tsrag/univariate/azure2019_I/5T/short/run_0 launch_id=selena_adaptime_unified_20260914T204328Z_25264_tsrag slurm_job_id=3427124 launched_at=2026-09-15T03:08:28.249846+00:00
/fslarge/scratch/users/h61084/codes/adaptime/outputs/adaptime/extractions/tsrag/univariate/azure2019_I/5T/short/run_0/extraction/manifest.json
TIME run allocation action=new run=/fslarge/scratch/users/h61084/codes/adaptime/outputs/adaptime/extractions/tsrag/univariate/azure2019_U/5T/short/run_0 launch_id=selena_adaptime_unified_20260914T204328Z_25264_tsrag slurm_job_id=3427124 launched_at=2026-09-15T03:38:58.282580+00:00
/fslarge/scratch/users/h61084/codes/adaptime/outputs/adaptime/extractions/tsrag/univariate/azure2019_U/5T/short/run_0/extraction/manifest.json
TIME run allocation action=new run=/fslarge/scratch/users/h61084/codes/adaptime/outputs/adaptime/extractions/tsrag/univariate/Smart_Manufacturing/H/short/run_0 launch_id=selena_adaptime_unified_20260914T204328Z_25264_tsrag slurm_job_id=3427124 launched_at=2026-09-15T03:38:58.309750+00:00
/fslarge/scratch/users/h61084/codes/adaptime/outputs/adaptime/extractions/tsrag/univariate/Smart_Manufacturing/H/short/run_0/extraction/manifest.json
TIME run allocation action=new run=/fslarge/scratch/users/h61084/codes/adaptime/outputs/adaptime/extractions/tsrag/univariate/Smart_Manufacturing/H/medium/run_0 launch_id=selena_adaptime_unified_20260914T204328Z_25264_tsrag slurm_job_id=3427124 launched_at=2026-09-15T03:38:58.329944+00:00
/fslarge/scratch/users/h61084/codes/adaptime/outputs/adaptime/extractions/tsrag/univariate/Smart_Manufacturing/H/medium/run_0/extraction/manifest.json
TIME run allocation action=new run=/fslarge/scratch/users/h61084/codes/adaptime/outputs/adaptime/extractions/tsrag/univariate/Smart_Manufacturing/H/long/run_0 launch_id=selena_adaptime_unified_20260914T204328Z_25264_tsrag slurm_job_id=3427124 launched_at=2026-09-15T03:38:58.348742+00:00
/fslarge/scratch/users/h61084/codes/adaptime/outputs/adaptime/extractions/tsrag/univariate/Smart_Manufacturing/H/long/run_0/extraction/manifest.json
TIME run allocation action=new run=/fslarge/scratch/users/h61084/codes/adaptime/outputs/adaptime/extractions/tsrag/univariate/MetroPT-3/5T/short/run_0 launch_id=selena_adaptime_unified_20260914T204328Z_25264_tsrag slurm_job_id=3427124 launched_at=2026-09-15T03:38:58.368035+00:00
/fslarge/scratch/users/h61084/codes/adaptime/outputs/adaptime/extractions/tsrag/univariate/MetroPT-3/5T/short/run_0/extraction/manifest.json
TIME run allocation action=new run=/fslarge/scratch/users/h61084/codes/adaptime/outputs/adaptime/extractions/tsrag/univariate/MetroPT-3/5T/medium/run_0 launch_id=selena_adaptime_unified_20260914T204328Z_25264_tsrag slurm_job_id=3427124 launched_at=2026-09-15T03:39:00.768200+00:00
/fslarge/scratch/users/h61084/codes/adaptime/outputs/adaptime/extractions/tsrag/univariate/MetroPT-3/5T/medium/run_0/extraction/manifest.json
TIME run allocation action=new run=/fslarge/scratch/users/h61084/codes/adaptime/outputs/adaptime/extractions/tsrag/univariate/MetroPT-3/5T/long/run_0 launch_id=selena_adaptime_unified_20260914T204328Z_25264_tsrag slurm_job_id=3427124 launched_at=2026-09-15T03:39:08.296737+00:00
/fslarge/scratch/users/h61084/codes/adaptime/outputs/adaptime/extractions/tsrag/univariate/MetroPT-3/5T/long/run_0/extraction/manifest.json
TIME run allocation action=new run=/fslarge/scratch/users/h61084/codes/adaptime/outputs/adaptime/predictions/tsrag/univariate/Water_Quality_Darwin/15T/short/run_0 launch_id=selena_adaptime_unified_20260914T204328Z_25264_tsrag slurm_job_id=3427124 launched_at=2026-09-15T03:39:11.968395+00:00
/fslarge/scratch/users/h61084/codes/adaptime/outputs/adaptime/predictions/tsrag/univariate/Water_Quality_Darwin/15T/short/run_0/prediction/prediction_manifest.json
TIME run allocation action=new run=/fslarge/scratch/users/h61084/codes/adaptime/outputs/adaptime/predictions/tsrag/univariate/Water_Quality_Darwin/15T/medium/run_0 launch_id=selena_adaptime_unified_20260914T204328Z_25264_tsrag slurm_job_id=3427124 launched_at=2026-09-15T03:39:12.003789+00:00
/fslarge/scratch/users/h61084/codes/adaptime/outputs/adaptime/predictions/tsrag/univariate/Water_Quality_Darwin/15T/medium/run_0/prediction/prediction_manifest.json
TIME run allocation action=new run=/fslarge/scratch/users/h61084/codes/adaptime/outputs/adaptime/predictions/tsrag/univariate/Water_Quality_Darwin/15T/long/run_0 launch_id=selena_adaptime_unified_20260914T204328Z_25264_tsrag slurm_job_id=3427124 launched_at=2026-09-15T03:39:15.600489+00:00
/fslarge/scratch/users/h61084/codes/adaptime/outputs/adaptime/predictions/tsrag/univariate/Water_Quality_Darwin/15T/long/run_0/prediction/prediction_manifest.json
TIME run allocation action=new run=/fslarge/scratch/users/h61084/codes/adaptime/outputs/adaptime/predictions/tsrag/univariate/current_velocity/5T/short/run_0 launch_id=selena_adaptime_unified_20260914T204328Z_25264_tsrag slurm_job_id=3427124 launched_at=2026-09-15T03:39:19.199892+00:00
/fslarge/scratch/users/h61084/codes/adaptime/outputs/adaptime/predictions/tsrag/univariate/current_velocity/5T/short/run_0/prediction/prediction_manifest.json
TIME run allocation action=new run=/fslarge/scratch/users/h61084/codes/adaptime/outputs/adaptime/predictions/tsrag/univariate/current_velocity/5T/medium/run_0 launch_id=selena_adaptime_unified_20260914T204328Z_25264_tsrag slurm_job_id=3427124 launched_at=2026-09-15T03:39:19.233885+00:00
/fslarge/scratch/users/h61084/codes/adaptime/outputs/adaptime/predictions/tsrag/univariate/current_velocity/5T/medium/run_0/prediction/prediction_manifest.json
TIME run allocation action=new run=/fslarge/scratch/users/h61084/codes/adaptime/outputs/adaptime/predictions/tsrag/univariate/current_velocity/5T/long/run_0 launch_id=selena_adaptime_unified_20260914T204328Z_25264_tsrag slurm_job_id=3427124 launched_at=2026-09-15T03:39:20.477877+00:00
/fslarge/scratch/users/h61084/codes/adaptime/outputs/adaptime/predictions/tsrag/univariate/current_velocity/5T/long/run_0/prediction/prediction_manifest.json
TIME run allocation action=new run=/fslarge/scratch/users/h61084/codes/adaptime/outputs/adaptime/predictions/tsrag/univariate/current_velocity/10T/short/run_0 launch_id=selena_adaptime_unified_20260914T204328Z_25264_tsrag slurm_job_id=3427124 launched_at=2026-09-15T03:39:21.687110+00:00
/fslarge/scratch/users/h61084/codes/adaptime/outputs/adaptime/predictions/tsrag/univariate/current_velocity/10T/short/run_0/prediction/prediction_manifest.json
TIME run allocation action=new run=/fslarge/scratch/users/h61084/codes/adaptime/outputs/adaptime/predictions/tsrag/univariate/current_velocity/10T/medium/run_0 launch_id=selena_adaptime_unified_20260914T204328Z_25264_tsrag slurm_job_id=3427124 launched_at=2026-09-15T03:39:21.728793+00:00
/fslarge/scratch/users/h61084/codes/adaptime/outputs/adaptime/predictions/tsrag/univariate/current_velocity/10T/medium/run_0/prediction/prediction_manifest.json
TIME run allocation action=new run=/fslarge/scratch/users/h61084/codes/adaptime/outputs/adaptime/predictions/tsrag/univariate/current_velocity/10T/long/run_0 launch_id=selena_adaptime_unified_20260914T204328Z_25264_tsrag slurm_job_id=3427124 launched_at=2026-09-15T03:39:21.765604+00:00
/fslarge/scratch/users/h61084/codes/adaptime/outputs/adaptime/predictions/tsrag/univariate/current_velocity/10T/long/run_0/prediction/prediction_manifest.json
TIME run allocation action=new run=/fslarge/scratch/users/h61084/codes/adaptime/outputs/adaptime/predictions/tsrag/univariate/current_velocity/15T/short/run_0 launch_id=selena_adaptime_unified_20260914T204328Z_25264_tsrag slurm_job_id=3427124 launched_at=2026-09-15T03:39:28.547699+00:00
/fslarge/scratch/users/h61084/codes/adaptime/outputs/adaptime/predictions/tsrag/univariate/current_velocity/15T/short/run_0/prediction/prediction_manifest.json
TIME run allocation action=new run=/fslarge/scratch/users/h61084/codes/adaptime/outputs/adaptime/predictions/tsrag/univariate/current_velocity/15T/medium/run_0 launch_id=selena_adaptime_unified_20260914T204328Z_25264_tsrag slurm_job_id=3427124 launched_at=2026-09-15T03:39:28.587901+00:00
/fslarge/scratch/users/h61084/codes/adaptime/outputs/adaptime/predictions/tsrag/univariate/current_velocity/15T/medium/run_0/prediction/prediction_manifest.json
TIME run allocation action=new run=/fslarge/scratch/users/h61084/codes/adaptime/outputs/adaptime/predictions/tsrag/univariate/current_velocity/15T/long/run_0 launch_id=selena_adaptime_unified_20260914T204328Z_25264_tsrag slurm_job_id=3427124 launched_at=2026-09-15T03:39:28.626591+00:00
/fslarge/scratch/users/h61084/codes/adaptime/outputs/adaptime/predictions/tsrag/univariate/current_velocity/15T/long/run_0/prediction/prediction_manifest.json
TIME run allocation action=new run=/fslarge/scratch/users/h61084/codes/adaptime/outputs/adaptime/predictions/tsrag/univariate/current_velocity/20T/short/run_0 launch_id=selena_adaptime_unified_20260914T204328Z_25264_tsrag slurm_job_id=3427124 launched_at=2026-09-15T03:39:28.665024+00:00
/fslarge/scratch/users/h61084/codes/adaptime/outputs/adaptime/predictions/tsrag/univariate/current_velocity/20T/short/run_0/prediction/prediction_manifest.json
TIME run allocation action=new run=/fslarge/scratch/users/h61084/codes/adaptime/outputs/adaptime/predictions/tsrag/univariate/current_velocity/20T/medium/run_0 launch_id=selena_adaptime_unified_20260914T204328Z_25264_tsrag slurm_job_id=3427124 launched_at=2026-09-15T03:39:28.708672+00:00
/fslarge/scratch/users/h61084/codes/adaptime/outputs/adaptime/predictions/tsrag/univariate/current_velocity/20T/medium/run_0/prediction/prediction_manifest.json
TIME run allocation action=new run=/fslarge/scratch/users/h61084/codes/adaptime/outputs/adaptime/predictions/tsrag/univariate/current_velocity/20T/long/run_0 launch_id=selena_adaptime_unified_20260914T204328Z_25264_tsrag slurm_job_id=3427124 launched_at=2026-09-15T03:39:28.752114+00:00
/fslarge/scratch/users/h61084/codes/adaptime/outputs/adaptime/predictions/tsrag/univariate/current_velocity/20T/long/run_0/prediction/prediction_manifest.json
TIME run allocation action=new run=/fslarge/scratch/users/h61084/codes/adaptime/outputs/adaptime/predictions/tsrag/univariate/current_velocity/H/short/run_0 launch_id=selena_adaptime_unified_20260914T204328Z_25264_tsrag slurm_job_id=3427124 launched_at=2026-09-15T03:39:28.800985+00:00
/fslarge/scratch/users/h61084/codes/adaptime/outputs/adaptime/predictions/tsrag/univariate/current_velocity/H/short/run_0/prediction/prediction_manifest.json
TIME run allocation action=new run=/fslarge/scratch/users/h61084/codes/adaptime/outputs/adaptime/predictions/tsrag/univariate/current_velocity/H/medium/run_0 launch_id=selena_adaptime_unified_20260914T204328Z_25264_tsrag slurm_job_id=3427124 launched_at=2026-09-15T03:39:28.838766+00:00
/fslarge/scratch/users/h61084/codes/adaptime/outputs/adaptime/predictions/tsrag/univariate/current_velocity/H/medium/run_0/prediction/prediction_manifest.json
TIME run allocation action=new run=/fslarge/scratch/users/h61084/codes/adaptime/outputs/adaptime/predictions/tsrag/univariate/current_velocity/H/long/run_0 launch_id=selena_adaptime_unified_20260914T204328Z_25264_tsrag slurm_job_id=3427124 launched_at=2026-09-15T03:39:28.876767+00:00
/fslarge/scratch/users/h61084/codes/adaptime/outputs/adaptime/predictions/tsrag/univariate/current_velocity/H/long/run_0/prediction/prediction_manifest.json
TIME run allocation action=new run=/fslarge/scratch/users/h61084/codes/adaptime/outputs/adaptime/predictions/tsrag/univariate/CPHL/15T/short/run_0 launch_id=selena_adaptime_unified_20260914T204328Z_25264_tsrag slurm_job_id=3427124 launched_at=2026-09-15T03:39:28.915891+00:00
/fslarge/scratch/users/h61084/codes/adaptime/outputs/adaptime/predictions/tsrag/univariate/CPHL/15T/short/run_0/prediction/prediction_manifest.json
TIME run allocation action=new run=/fslarge/scratch/users/h61084/codes/adaptime/outputs/adaptime/predictions/tsrag/univariate/CPHL/15T/medium/run_0 launch_id=selena_adaptime_unified_20260914T204328Z_25264_tsrag slurm_job_id=3427124 launched_at=2026-09-15T03:39:28.945965+00:00
/fslarge/scratch/users/h61084/codes/adaptime/outputs/adaptime/predictions/tsrag/univariate/CPHL/15T/medium/run_0/prediction/prediction_manifest.json
TIME run allocation action=new run=/fslarge/scratch/users/h61084/codes/adaptime/outputs/adaptime/predictions/tsrag/univariate/CPHL/15T/long/run_0 launch_id=selena_adaptime_unified_20260914T204328Z_25264_tsrag slurm_job_id=3427124 launched_at=2026-09-15T03:39:29.413842+00:00
/fslarge/scratch/users/h61084/codes/adaptime/outputs/adaptime/predictions/tsrag/univariate/CPHL/15T/long/run_0/prediction/prediction_manifest.json
TIME run allocation action=new run=/fslarge/scratch/users/h61084/codes/adaptime/outputs/adaptime/predictions/tsrag/univariate/CPHL/30T/short/run_0 launch_id=selena_adaptime_unified_20260914T204328Z_25264_tsrag slurm_job_id=3427124 launched_at=2026-09-15T03:39:29.876148+00:00
/fslarge/scratch/users/h61084/codes/adaptime/outputs/adaptime/predictions/tsrag/univariate/CPHL/30T/short/run_0/prediction/prediction_manifest.json
TIME run allocation action=new run=/fslarge/scratch/users/h61084/codes/adaptime/outputs/adaptime/predictions/tsrag/univariate/CPHL/30T/medium/run_0 launch_id=selena_adaptime_unified_20260914T204328Z_25264_tsrag slurm_job_id=3427124 launched_at=2026-09-15T03:39:29.911085+00:00
/fslarge/scratch/users/h61084/codes/adaptime/outputs/adaptime/predictions/tsrag/univariate/CPHL/30T/medium/run_0/prediction/prediction_manifest.json
TIME run allocation action=new run=/fslarge/scratch/users/h61084/codes/adaptime/outputs/adaptime/predictions/tsrag/univariate/CPHL/30T/long/run_0 launch_id=selena_adaptime_unified_20260914T204328Z_25264_tsrag slurm_job_id=3427124 launched_at=2026-09-15T03:39:29.942573+00:00
/fslarge/scratch/users/h61084/codes/adaptime/outputs/adaptime/predictions/tsrag/univariate/CPHL/30T/long/run_0/prediction/prediction_manifest.json
TIME run allocation action=new run=/fslarge/scratch/users/h61084/codes/adaptime/outputs/adaptime/predictions/tsrag/univariate/CPHL/H/short/run_0 launch_id=selena_adaptime_unified_20260914T204328Z_25264_tsrag slurm_job_id=3427124 launched_at=2026-09-15T03:39:30.284309+00:00
/fslarge/scratch/users/h61084/codes/adaptime/outputs/adaptime/predictions/tsrag/univariate/CPHL/H/short/run_0/prediction/prediction_manifest.json
TIME run allocation action=new run=/fslarge/scratch/users/h61084/codes/adaptime/outputs/adaptime/predictions/tsrag/univariate/CPHL/H/medium/run_0 launch_id=selena_adaptime_unified_20260914T204328Z_25264_tsrag slurm_job_id=3427124 launched_at=2026-09-15T03:39:30.318513+00:00
/fslarge/scratch/users/h61084/codes/adaptime/outputs/adaptime/predictions/tsrag/univariate/CPHL/H/medium/run_0/prediction/prediction_manifest.json
TIME run allocation action=new run=/fslarge/scratch/users/h61084/codes/adaptime/outputs/adaptime/predictions/tsrag/univariate/CPHL/H/long/run_0 launch_id=selena_adaptime_unified_20260914T204328Z_25264_tsrag slurm_job_id=3427124 launched_at=2026-09-15T03:39:30.353602+00:00
/fslarge/scratch/users/h61084/codes/adaptime/outputs/adaptime/predictions/tsrag/univariate/CPHL/H/long/run_0/prediction/prediction_manifest.json
TIME run allocation action=new run=/fslarge/scratch/users/h61084/codes/adaptime/outputs/adaptime/predictions/tsrag/univariate/Coastal_T_S/5T/short/run_0 launch_id=selena_adaptime_unified_20260914T204328Z_25264_tsrag slurm_job_id=3427124 launched_at=2026-09-15T03:39:30.389109+00:00
/fslarge/scratch/users/h61084/codes/adaptime/outputs/adaptime/predictions/tsrag/univariate/Coastal_T_S/5T/short/run_0/prediction/prediction_manifest.json
TIME run allocation action=new run=/fslarge/scratch/users/h61084/codes/adaptime/outputs/adaptime/predictions/tsrag/univariate/Coastal_T_S/5T/medium/run_0 launch_id=selena_adaptime_unified_20260914T204328Z_25264_tsrag slurm_job_id=3427124 launched_at=2026-09-15T03:39:30.441990+00:00
/fslarge/scratch/users/h61084/codes/adaptime/outputs/adaptime/predictions/tsrag/univariate/Coastal_T_S/5T/medium/run_0/prediction/prediction_manifest.json
TIME run allocation action=new run=/fslarge/scratch/users/h61084/codes/adaptime/outputs/adaptime/predictions/tsrag/univariate/Coastal_T_S/5T/long/run_0 launch_id=selena_adaptime_unified_20260914T204328Z_25264_tsrag slurm_job_id=3427124 launched_at=2026-09-15T03:39:50.639290+00:00
/fslarge/scratch/users/h61084/codes/adaptime/outputs/adaptime/predictions/tsrag/univariate/Coastal_T_S/5T/long/run_0/prediction/prediction_manifest.json
TIME run allocation action=new run=/fslarge/scratch/users/h61084/codes/adaptime/outputs/adaptime/predictions/tsrag/univariate/Coastal_T_S/15T/short/run_0 launch_id=selena_adaptime_unified_20260914T204328Z_25264_tsrag slurm_job_id=3427124 launched_at=2026-09-15T03:40:08.548908+00:00
/fslarge/scratch/users/h61084/codes/adaptime/outputs/adaptime/predictions/tsrag/univariate/Coastal_T_S/15T/short/run_0/prediction/prediction_manifest.json
TIME run allocation action=new run=/fslarge/scratch/users/h61084/codes/adaptime/outputs/adaptime/predictions/tsrag/univariate/Coastal_T_S/15T/medium/run_0 launch_id=selena_adaptime_unified_20260914T204328Z_25264_tsrag slurm_job_id=3427124 launched_at=2026-09-15T03:40:08.591901+00:00
/fslarge/scratch/users/h61084/codes/adaptime/outputs/adaptime/predictions/tsrag/univariate/Coastal_T_S/15T/medium/run_0/prediction/prediction_manifest.json
TIME run allocation action=new run=/fslarge/scratch/users/h61084/codes/adaptime/outputs/adaptime/predictions/tsrag/univariate/Coastal_T_S/15T/long/run_0 launch_id=selena_adaptime_unified_20260914T204328Z_25264_tsrag slurm_job_id=3427124 launched_at=2026-09-15T03:40:10.192762+00:00
/fslarge/scratch/users/h61084/codes/adaptime/outputs/adaptime/predictions/tsrag/univariate/Coastal_T_S/15T/long/run_0/prediction/prediction_manifest.json
TIME run allocation action=new run=/fslarge/scratch/users/h61084/codes/adaptime/outputs/adaptime/predictions/tsrag/univariate/Coastal_T_S/20T/short/run_0 launch_id=selena_adaptime_unified_20260914T204328Z_25264_tsrag slurm_job_id=3427124 launched_at=2026-09-15T03:40:11.735174+00:00
/fslarge/scratch/users/h61084/codes/adaptime/outputs/adaptime/predictions/tsrag/univariate/Coastal_T_S/20T/short/run_0/prediction/prediction_manifest.json
TIME run allocation action=new run=/fslarge/scratch/users/h61084/codes/adaptime/outputs/adaptime/predictions/tsrag/univariate/Coastal_T_S/20T/medium/run_0 launch_id=selena_adaptime_unified_20260914T204328Z_25264_tsrag slurm_job_id=3427124 launched_at=2026-09-15T03:40:11.767921+00:00
/fslarge/scratch/users/h61084/codes/adaptime/outputs/adaptime/predictions/tsrag/univariate/Coastal_T_S/20T/medium/run_0/prediction/prediction_manifest.json
TIME run allocation action=new run=/fslarge/scratch/users/h61084/codes/adaptime/outputs/adaptime/predictions/tsrag/univariate/Coastal_T_S/20T/long/run_0 launch_id=selena_adaptime_unified_20260914T204328Z_25264_tsrag slurm_job_id=3427124 launched_at=2026-09-15T03:40:11.966936+00:00
/fslarge/scratch/users/h61084/codes/adaptime/outputs/adaptime/predictions/tsrag/univariate/Coastal_T_S/20T/long/run_0/prediction/prediction_manifest.json
TIME run allocation action=new run=/fslarge/scratch/users/h61084/codes/adaptime/outputs/adaptime/predictions/tsrag/univariate/Coastal_T_S/H/short/run_0 launch_id=selena_adaptime_unified_20260914T204328Z_25264_tsrag slurm_job_id=3427124 launched_at=2026-09-15T03:40:12.185777+00:00
/fslarge/scratch/users/h61084/codes/adaptime/outputs/adaptime/predictions/tsrag/univariate/Coastal_T_S/H/short/run_0/prediction/prediction_manifest.json
TIME run allocation action=new run=/fslarge/scratch/users/h61084/codes/adaptime/outputs/adaptime/predictions/tsrag/univariate/Coastal_T_S/H/medium/run_0 launch_id=selena_adaptime_unified_20260914T204328Z_25264_tsrag slurm_job_id=3427124 launched_at=2026-09-15T03:40:12.224483+00:00
/fslarge/scratch/users/h61084/codes/adaptime/outputs/adaptime/predictions/tsrag/univariate/Coastal_T_S/H/medium/run_0/prediction/prediction_manifest.json
TIME run allocation action=new run=/fslarge/scratch/users/h61084/codes/adaptime/outputs/adaptime/predictions/tsrag/univariate/Coastal_T_S/H/long/run_0 launch_id=selena_adaptime_unified_20260914T204328Z_25264_tsrag slurm_job_id=3427124 launched_at=2026-09-15T03:40:12.260192+00:00
/fslarge/scratch/users/h61084/codes/adaptime/outputs/adaptime/predictions/tsrag/univariate/Coastal_T_S/H/long/run_0/prediction/prediction_manifest.json
TIME run allocation action=new run=/fslarge/scratch/users/h61084/codes/adaptime/outputs/adaptime/predictions/tsrag/univariate/SG_Weather/D/short/run_0 launch_id=selena_adaptime_unified_20260914T204328Z_25264_tsrag slurm_job_id=3427124 launched_at=2026-09-15T03:40:15.004606+00:00
/fslarge/scratch/users/h61084/codes/adaptime/outputs/adaptime/predictions/tsrag/univariate/SG_Weather/D/short/run_0/prediction/prediction_manifest.json
TIME run allocation action=new run=/fslarge/scratch/users/h61084/codes/adaptime/outputs/adaptime/predictions/tsrag/univariate/SG_Weather/D/medium/run_0 launch_id=selena_adaptime_unified_20260914T204328Z_25264_tsrag slurm_job_id=3427124 launched_at=2026-09-15T03:40:15.043545+00:00
/fslarge/scratch/users/h61084/codes/adaptime/outputs/adaptime/predictions/tsrag/univariate/SG_Weather/D/medium/run_0/prediction/prediction_manifest.json
TIME run allocation action=new run=/fslarge/scratch/users/h61084/codes/adaptime/outputs/adaptime/predictions/tsrag/univariate/SG_Weather/D/long/run_0 launch_id=selena_adaptime_unified_20260914T204328Z_25264_tsrag slurm_job_id=3427124 launched_at=2026-09-15T03:40:15.079635+00:00
/fslarge/scratch/users/h61084/codes/adaptime/outputs/adaptime/predictions/tsrag/univariate/SG_Weather/D/long/run_0/prediction/prediction_manifest.json
TIME run allocation action=new run=/fslarge/scratch/users/h61084/codes/adaptime/outputs/adaptime/predictions/tsrag/univariate/SG_PM25/H/short/run_0 launch_id=selena_adaptime_unified_20260914T204328Z_25264_tsrag slurm_job_id=3427124 launched_at=2026-09-15T03:40:15.115105+00:00
/fslarge/scratch/users/h61084/codes/adaptime/outputs/adaptime/predictions/tsrag/univariate/SG_PM25/H/short/run_0/prediction/prediction_manifest.json
TIME run allocation action=new run=/fslarge/scratch/users/h61084/codes/adaptime/outputs/adaptime/predictions/tsrag/univariate/SG_PM25/H/medium/run_0 launch_id=selena_adaptime_unified_20260914T204328Z_25264_tsrag slurm_job_id=3427124 launched_at=2026-09-15T03:40:15.705526+00:00
/fslarge/scratch/users/h61084/codes/adaptime/outputs/adaptime/predictions/tsrag/univariate/SG_PM25/H/medium/run_0/prediction/prediction_manifest.json
TIME run allocation action=new run=/fslarge/scratch/users/h61084/codes/adaptime/outputs/adaptime/predictions/tsrag/univariate/SG_PM25/H/long/run_0 launch_id=selena_adaptime_unified_20260914T204328Z_25264_tsrag slurm_job_id=3427124 launched_at=2026-09-15T03:40:16.906921+00:00
/fslarge/scratch/users/h61084/codes/adaptime/outputs/adaptime/predictions/tsrag/univariate/SG_PM25/H/long/run_0/prediction/prediction_manifest.json
TIME run allocation action=new run=/fslarge/scratch/users/h61084/codes/adaptime/outputs/adaptime/predictions/tsrag/univariate/NE_China_Wind/H/short/run_0 launch_id=selena_adaptime_unified_20260914T204328Z_25264_tsrag slurm_job_id=3427124 launched_at=2026-09-15T03:40:18.169774+00:00
/fslarge/scratch/users/h61084/codes/adaptime/outputs/adaptime/predictions/tsrag/univariate/NE_China_Wind/H/short/run_0/prediction/prediction_manifest.json
TIME run allocation action=new run=/fslarge/scratch/users/h61084/codes/adaptime/outputs/adaptime/predictions/tsrag/univariate/NE_China_Wind/H/medium/run_0 launch_id=selena_adaptime_unified_20260914T204328Z_25264_tsrag slurm_job_id=3427124 launched_at=2026-09-15T03:40:18.203583+00:00
/fslarge/scratch/users/h61084/codes/adaptime/outputs/adaptime/predictions/tsrag/univariate/NE_China_Wind/H/medium/run_0/prediction/prediction_manifest.json
TIME run allocation action=new run=/fslarge/scratch/users/h61084/codes/adaptime/outputs/adaptime/predictions/tsrag/univariate/NE_China_Wind/H/long/run_0 launch_id=selena_adaptime_unified_20260914T204328Z_25264_tsrag slurm_job_id=3427124 launched_at=2026-09-15T03:40:18.777847+00:00
/fslarge/scratch/users/h61084/codes/adaptime/outputs/adaptime/predictions/tsrag/univariate/NE_China_Wind/H/long/run_0/prediction/prediction_manifest.json
TIME run allocation action=new run=/fslarge/scratch/users/h61084/codes/adaptime/outputs/adaptime/predictions/tsrag/univariate/Australia_Solar/H/short/run_0 launch_id=selena_adaptime_unified_20260914T204328Z_25264_tsrag slurm_job_id=3427124 launched_at=2026-09-15T03:40:19.280165+00:00
/fslarge/scratch/users/h61084/codes/adaptime/outputs/adaptime/predictions/tsrag/univariate/Australia_Solar/H/short/run_0/prediction/prediction_manifest.json
TIME run allocation action=new run=/fslarge/scratch/users/h61084/codes/adaptime/outputs/adaptime/predictions/tsrag/univariate/Australia_Solar/H/medium/run_0 launch_id=selena_adaptime_unified_20260914T204328Z_25264_tsrag slurm_job_id=3427124 launched_at=2026-09-15T03:40:19.313625+00:00
/fslarge/scratch/users/h61084/codes/adaptime/outputs/adaptime/predictions/tsrag/univariate/Australia_Solar/H/medium/run_0/prediction/prediction_manifest.json
TIME run allocation action=new run=/fslarge/scratch/users/h61084/codes/adaptime/outputs/adaptime/predictions/tsrag/univariate/Australia_Solar/H/long/run_0 launch_id=selena_adaptime_unified_20260914T204328Z_25264_tsrag slurm_job_id=3427124 launched_at=2026-09-15T03:40:20.198994+00:00
/fslarge/scratch/users/h61084/codes/adaptime/outputs/adaptime/predictions/tsrag/univariate/Australia_Solar/H/long/run_0/prediction/prediction_manifest.json
TIME run allocation action=new run=/fslarge/scratch/users/h61084/codes/adaptime/outputs/adaptime/predictions/tsrag/univariate/epf_electricity_price/H/short/run_0 launch_id=selena_adaptime_unified_20260914T204328Z_25264_tsrag slurm_job_id=3427124 launched_at=2026-09-15T03:40:21.074745+00:00
/fslarge/scratch/users/h61084/codes/adaptime/outputs/adaptime/predictions/tsrag/univariate/epf_electricity_price/H/short/run_0/prediction/prediction_manifest.json
TIME run allocation action=new run=/fslarge/scratch/users/h61084/codes/adaptime/outputs/adaptime/predictions/tsrag/univariate/epf_electricity_price/H/medium/run_0 launch_id=selena_adaptime_unified_20260914T204328Z_25264_tsrag slurm_job_id=3427124 launched_at=2026-09-15T03:40:21.952127+00:00
/fslarge/scratch/users/h61084/codes/adaptime/outputs/adaptime/predictions/tsrag/univariate/epf_electricity_price/H/medium/run_0/prediction/prediction_manifest.json
TIME run allocation action=new run=/fslarge/scratch/users/h61084/codes/adaptime/outputs/adaptime/predictions/tsrag/univariate/epf_electricity_price/H/long/run_0 launch_id=selena_adaptime_unified_20260914T204328Z_25264_tsrag slurm_job_id=3427124 launched_at=2026-09-15T03:40:23.363192+00:00
/fslarge/scratch/users/h61084/codes/adaptime/outputs/adaptime/predictions/tsrag/univariate/epf_electricity_price/H/long/run_0/prediction/prediction_manifest.json
TIME run allocation action=new run=/fslarge/scratch/users/h61084/codes/adaptime/outputs/adaptime/predictions/tsrag/univariate/OpenElectricity_NEM/5T/short/run_0 launch_id=selena_adaptime_unified_20260914T204328Z_25264_tsrag slurm_job_id=3427124 launched_at=2026-09-15T03:40:24.610567+00:00
/fslarge/scratch/users/h61084/codes/adaptime/outputs/adaptime/predictions/tsrag/univariate/OpenElectricity_NEM/5T/short/run_0/prediction/prediction_manifest.json
TIME run allocation action=new run=/fslarge/scratch/users/h61084/codes/adaptime/outputs/adaptime/predictions/tsrag/univariate/OpenElectricity_NEM/5T/medium/run_0 launch_id=selena_adaptime_unified_20260914T204328Z_25264_tsrag slurm_job_id=3427124 launched_at=2026-09-15T03:40:24.646307+00:00
/fslarge/scratch/users/h61084/codes/adaptime/outputs/adaptime/predictions/tsrag/univariate/OpenElectricity_NEM/5T/medium/run_0/prediction/prediction_manifest.json
TIME run allocation action=new run=/fslarge/scratch/users/h61084/codes/adaptime/outputs/adaptime/predictions/tsrag/univariate/OpenElectricity_NEM/5T/long/run_0 launch_id=selena_adaptime_unified_20260914T204328Z_25264_tsrag slurm_job_id=3427124 launched_at=2026-09-15T03:40:26.036566+00:00
/fslarge/scratch/users/h61084/codes/adaptime/outputs/adaptime/predictions/tsrag/univariate/OpenElectricity_NEM/5T/long/run_0/prediction/prediction_manifest.json
TIME run allocation action=new run=/fslarge/scratch/users/h61084/codes/adaptime/outputs/adaptime/predictions/tsrag/univariate/EWELD_Load/15T/short/run_0 launch_id=selena_adaptime_unified_20260914T204328Z_25264_tsrag slurm_job_id=3427124 launched_at=2026-09-15T03:40:27.594092+00:00
/fslarge/scratch/users/h61084/codes/adaptime/outputs/adaptime/predictions/tsrag/univariate/EWELD_Load/15T/short/run_0/prediction/prediction_manifest.json
TIME run allocation action=new run=/fslarge/scratch/users/h61084/codes/adaptime/outputs/adaptime/predictions/tsrag/univariate/EWELD_Load/15T/medium/run_0 launch_id=selena_adaptime_unified_20260914T204328Z_25264_tsrag slurm_job_id=3427124 launched_at=2026-09-15T03:40:27.628211+00:00
/fslarge/scratch/users/h61084/codes/adaptime/outputs/adaptime/predictions/tsrag/univariate/EWELD_Load/15T/medium/run_0/prediction/prediction_manifest.json
TIME run allocation action=new run=/fslarge/scratch/users/h61084/codes/adaptime/outputs/adaptime/predictions/tsrag/univariate/EWELD_Load/15T/long/run_0 launch_id=selena_adaptime_unified_20260914T204328Z_25264_tsrag slurm_job_id=3427124 launched_at=2026-09-15T03:40:28.393509+00:00
/fslarge/scratch/users/h61084/codes/adaptime/outputs/adaptime/predictions/tsrag/univariate/EWELD_Load/15T/long/run_0/prediction/prediction_manifest.json
TIME run allocation action=new run=/fslarge/scratch/users/h61084/codes/adaptime/outputs/adaptime/predictions/tsrag/univariate/SG_Carpark/15T/short/run_0 launch_id=selena_adaptime_unified_20260914T204328Z_25264_tsrag slurm_job_id=3427124 launched_at=2026-09-15T03:40:29.004455+00:00
/fslarge/scratch/users/h61084/codes/adaptime/outputs/adaptime/predictions/tsrag/univariate/SG_Carpark/15T/short/run_0/prediction/prediction_manifest.json
TIME run allocation action=new run=/fslarge/scratch/users/h61084/codes/adaptime/outputs/adaptime/predictions/tsrag/univariate/SG_Carpark/15T/medium/run_0 launch_id=selena_adaptime_unified_20260914T204328Z_25264_tsrag slurm_job_id=3427124 launched_at=2026-09-15T03:40:29.047575+00:00
/fslarge/scratch/users/h61084/codes/adaptime/outputs/adaptime/predictions/tsrag/univariate/SG_Carpark/15T/medium/run_0/prediction/prediction_manifest.json
TIME run allocation action=new run=/fslarge/scratch/users/h61084/codes/adaptime/outputs/adaptime/predictions/tsrag/univariate/SG_Carpark/15T/long/run_0 launch_id=selena_adaptime_unified_20260914T204328Z_25264_tsrag slurm_job_id=3427124 launched_at=2026-09-15T03:40:36.505766+00:00
/fslarge/scratch/users/h61084/codes/adaptime/outputs/adaptime/predictions/tsrag/univariate/SG_Carpark/15T/long/run_0/prediction/prediction_manifest.json
TIME run allocation action=new run=/fslarge/scratch/users/h61084/codes/adaptime/outputs/adaptime/predictions/tsrag/univariate/Finland_Traffic/15T/short/run_0 launch_id=selena_adaptime_unified_20260914T204328Z_25264_tsrag slurm_job_id=3427124 launched_at=2026-09-15T03:40:46.991338+00:00
/fslarge/scratch/users/h61084/codes/adaptime/outputs/adaptime/predictions/tsrag/univariate/Finland_Traffic/15T/short/run_0/prediction/prediction_manifest.json
TIME run allocation action=new run=/fslarge/scratch/users/h61084/codes/adaptime/outputs/adaptime/predictions/tsrag/univariate/Finland_Traffic/15T/medium/run_0 launch_id=selena_adaptime_unified_20260914T204328Z_25264_tsrag slurm_job_id=3427124 launched_at=2026-09-15T03:40:47.031437+00:00
/fslarge/scratch/users/h61084/codes/adaptime/outputs/adaptime/predictions/tsrag/univariate/Finland_Traffic/15T/medium/run_0/prediction/prediction_manifest.json
TIME run allocation action=new run=/fslarge/scratch/users/h61084/codes/adaptime/outputs/adaptime/predictions/tsrag/univariate/Finland_Traffic/15T/long/run_0 launch_id=selena_adaptime_unified_20260914T204328Z_25264_tsrag slurm_job_id=3427124 launched_at=2026-09-15T03:40:47.198046+00:00
/fslarge/scratch/users/h61084/codes/adaptime/outputs/adaptime/predictions/tsrag/univariate/Finland_Traffic/15T/long/run_0/prediction/prediction_manifest.json
TIME run allocation action=new run=/fslarge/scratch/users/h61084/codes/adaptime/outputs/adaptime/predictions/tsrag/univariate/Port_Activity/D/short/run_0 launch_id=selena_adaptime_unified_20260914T204328Z_25264_tsrag slurm_job_id=3427124 launched_at=2026-09-15T03:40:47.534380+00:00
/fslarge/scratch/users/h61084/codes/adaptime/outputs/adaptime/predictions/tsrag/univariate/Port_Activity/D/short/run_0/prediction/prediction_manifest.json
TIME run allocation action=new run=/fslarge/scratch/users/h61084/codes/adaptime/outputs/adaptime/predictions/tsrag/univariate/Port_Activity/W/short/run_0 launch_id=selena_adaptime_unified_20260914T204328Z_25264_tsrag slurm_job_id=3427124 launched_at=2026-09-15T03:40:48.785777+00:00
/fslarge/scratch/users/h61084/codes/adaptime/outputs/adaptime/predictions/tsrag/univariate/Port_Activity/W/short/run_0/prediction/prediction_manifest.json
TIME run allocation action=new run=/fslarge/scratch/users/h61084/codes/adaptime/outputs/adaptime/predictions/tsrag/univariate/ECDC_COVID/D/short/run_0 launch_id=selena_adaptime_unified_20260914T204328Z_25264_tsrag slurm_job_id=3427124 launched_at=2026-09-15T03:40:48.825515+00:00
/fslarge/scratch/users/h61084/codes/adaptime/outputs/adaptime/predictions/tsrag/univariate/ECDC_COVID/D/short/run_0/prediction/prediction_manifest.json
TIME run allocation action=new run=/fslarge/scratch/users/h61084/codes/adaptime/outputs/adaptime/predictions/tsrag/univariate/ECDC_COVID/W/short/run_0 launch_id=selena_adaptime_unified_20260914T204328Z_25264_tsrag slurm_job_id=3427124 launched_at=2026-09-15T03:40:48.863764+00:00
/fslarge/scratch/users/h61084/codes/adaptime/outputs/adaptime/predictions/tsrag/univariate/ECDC_COVID/W/short/run_0/prediction/prediction_manifest.json
TIME run allocation action=new run=/fslarge/scratch/users/h61084/codes/adaptime/outputs/adaptime/predictions/tsrag/univariate/Global_Influenza/W/short/run_0 launch_id=selena_adaptime_unified_20260914T204328Z_25264_tsrag slurm_job_id=3427124 launched_at=2026-09-15T03:40:48.901169+00:00
/fslarge/scratch/users/h61084/codes/adaptime/outputs/adaptime/predictions/tsrag/univariate/Global_Influenza/W/short/run_0/prediction/prediction_manifest.json
TIME run allocation action=new run=/fslarge/scratch/users/h61084/codes/adaptime/outputs/adaptime/predictions/tsrag/univariate/Crypto/D/short/run_0 launch_id=selena_adaptime_unified_20260914T204328Z_25264_tsrag slurm_job_id=3427124 launched_at=2026-09-15T03:40:48.936833+00:00
/fslarge/scratch/users/h61084/codes/adaptime/outputs/adaptime/predictions/tsrag/univariate/Crypto/D/short/run_0/prediction/prediction_manifest.json
TIME run allocation action=new run=/fslarge/scratch/users/h61084/codes/adaptime/outputs/adaptime/predictions/tsrag/univariate/US_Term_Structure/B/short/run_0 launch_id=selena_adaptime_unified_20260914T204328Z_25264_tsrag slurm_job_id=3427124 launched_at=2026-09-15T03:40:49.364899+00:00
/fslarge/scratch/users/h61084/codes/adaptime/outputs/adaptime/predictions/tsrag/univariate/US_Term_Structure/B/short/run_0/prediction/prediction_manifest.json
TIME run allocation action=new run=/fslarge/scratch/users/h61084/codes/adaptime/outputs/adaptime/predictions/tsrag/univariate/Oil_Price/B/short/run_0 launch_id=selena_adaptime_unified_20260914T204328Z_25264_tsrag slurm_job_id=3427124 launched_at=2026-09-15T03:40:50.512626+00:00
/fslarge/scratch/users/h61084/codes/adaptime/outputs/adaptime/predictions/tsrag/univariate/Oil_Price/B/short/run_0/prediction/prediction_manifest.json
TIME run allocation action=new run=/fslarge/scratch/users/h61084/codes/adaptime/outputs/adaptime/predictions/tsrag/univariate/Job_Claims/W/short/run_0 launch_id=selena_adaptime_unified_20260914T204328Z_25264_tsrag slurm_job_id=3427124 launched_at=2026-09-15T03:40:51.099768+00:00
/fslarge/scratch/users/h61084/codes/adaptime/outputs/adaptime/predictions/tsrag/univariate/Job_Claims/W/short/run_0/prediction/prediction_manifest.json
TIME run allocation action=new run=/fslarge/scratch/users/h61084/codes/adaptime/outputs/adaptime/predictions/tsrag/univariate/Uncertainty_1M/M/short/run_0 launch_id=selena_adaptime_unified_20260914T204328Z_25264_tsrag slurm_job_id=3427124 launched_at=2026-09-15T03:40:51.131360+00:00
/fslarge/scratch/users/h61084/codes/adaptime/outputs/adaptime/predictions/tsrag/univariate/Uncertainty_1M/M/short/run_0/prediction/prediction_manifest.json
TIME run allocation action=new run=/fslarge/scratch/users/h61084/codes/adaptime/outputs/adaptime/predictions/tsrag/univariate/Housing_Inventory/M/short/run_0 launch_id=selena_adaptime_unified_20260914T204328Z_25264_tsrag slurm_job_id=3427124 launched_at=2026-09-15T03:40:51.200770+00:00
/fslarge/scratch/users/h61084/codes/adaptime/outputs/adaptime/predictions/tsrag/univariate/Housing_Inventory/M/short/run_0/prediction/prediction_manifest.json
TIME run allocation action=new run=/fslarge/scratch/users/h61084/codes/adaptime/outputs/adaptime/predictions/tsrag/univariate/JOLTS/M/short/run_0 launch_id=selena_adaptime_unified_20260914T204328Z_25264_tsrag slurm_job_id=3427124 launched_at=2026-09-15T03:40:51.238082+00:00
/fslarge/scratch/users/h61084/codes/adaptime/outputs/adaptime/predictions/tsrag/univariate/JOLTS/M/short/run_0/prediction/prediction_manifest.json
TIME run allocation action=new run=/fslarge/scratch/users/h61084/codes/adaptime/outputs/adaptime/predictions/tsrag/univariate/US_Labor/M/short/run_0 launch_id=selena_adaptime_unified_20260914T204328Z_25264_tsrag slurm_job_id=3427124 launched_at=2026-09-15T03:40:51.274591+00:00
/fslarge/scratch/users/h61084/codes/adaptime/outputs/adaptime/predictions/tsrag/univariate/US_Labor/M/short/run_0/prediction/prediction_manifest.json
TIME run allocation action=new run=/fslarge/scratch/users/h61084/codes/adaptime/outputs/adaptime/predictions/tsrag/univariate/Vehicle_Supply/M/short/run_0 launch_id=selena_adaptime_unified_20260914T204328Z_25264_tsrag slurm_job_id=3427124 launched_at=2026-09-15T03:40:51.309888+00:00
/fslarge/scratch/users/h61084/codes/adaptime/outputs/adaptime/predictions/tsrag/univariate/Vehicle_Supply/M/short/run_0/prediction/prediction_manifest.json
TIME run allocation action=new run=/fslarge/scratch/users/h61084/codes/adaptime/outputs/adaptime/predictions/tsrag/univariate/Auto_Production_SF/M/short/run_0 launch_id=selena_adaptime_unified_20260914T204328Z_25264_tsrag slurm_job_id=3427124 launched_at=2026-09-15T03:40:51.345760+00:00
/fslarge/scratch/users/h61084/codes/adaptime/outputs/adaptime/predictions/tsrag/univariate/Auto_Production_SF/M/short/run_0/prediction/prediction_manifest.json
TIME run allocation action=new run=/fslarge/scratch/users/h61084/codes/adaptime/outputs/adaptime/predictions/tsrag/univariate/Commodity_Production/M/short/run_0 launch_id=selena_adaptime_unified_20260914T204328Z_25264_tsrag slurm_job_id=3427124 launched_at=2026-09-15T03:40:51.381165+00:00
/fslarge/scratch/users/h61084/codes/adaptime/outputs/adaptime/predictions/tsrag/univariate/Commodity_Production/M/short/run_0/prediction/prediction_manifest.json
TIME run allocation action=new run=/fslarge/scratch/users/h61084/codes/adaptime/outputs/adaptime/predictions/tsrag/univariate/Commodity_Import/M/short/run_0 launch_id=selena_adaptime_unified_20260914T204328Z_25264_tsrag slurm_job_id=3427124 launched_at=2026-09-15T03:40:51.415695+00:00
/fslarge/scratch/users/h61084/codes/adaptime/outputs/adaptime/predictions/tsrag/univariate/Commodity_Import/M/short/run_0/prediction/prediction_manifest.json
TIME run allocation action=new run=/fslarge/scratch/users/h61084/codes/adaptime/outputs/adaptime/predictions/tsrag/univariate/WUI_Global/Q/short/run_0 launch_id=selena_adaptime_unified_20260914T204328Z_25264_tsrag slurm_job_id=3427124 launched_at=2026-09-15T03:40:51.449997+00:00
/fslarge/scratch/users/h61084/codes/adaptime/outputs/adaptime/predictions/tsrag/univariate/WUI_Global/Q/short/run_0/prediction/prediction_manifest.json
TIME run allocation action=new run=/fslarge/scratch/users/h61084/codes/adaptime/outputs/adaptime/predictions/tsrag/univariate/Global_Price/Q/short/run_0 launch_id=selena_adaptime_unified_20260914T204328Z_25264_tsrag slurm_job_id=3427124 launched_at=2026-09-15T03:40:51.486061+00:00
/fslarge/scratch/users/h61084/codes/adaptime/outputs/adaptime/predictions/tsrag/univariate/Global_Price/Q/short/run_0/prediction/prediction_manifest.json
TIME run allocation action=new run=/fslarge/scratch/users/h61084/codes/adaptime/outputs/adaptime/predictions/tsrag/univariate/Vehicle_Sales/M/short/run_0 launch_id=selena_adaptime_unified_20260914T204328Z_25264_tsrag slurm_job_id=3427124 launched_at=2026-09-15T03:40:51.523783+00:00
/fslarge/scratch/users/h61084/codes/adaptime/outputs/adaptime/predictions/tsrag/univariate/Vehicle_Sales/M/short/run_0/prediction/prediction_manifest.json
TIME run allocation action=new run=/fslarge/scratch/users/h61084/codes/adaptime/outputs/adaptime/predictions/tsrag/univariate/Online_Retail_2_UCI/D/short/run_0 launch_id=selena_adaptime_unified_20260914T204328Z_25264_tsrag slurm_job_id=3427124 launched_at=2026-09-15T03:40:51.558538+00:00
/fslarge/scratch/users/h61084/codes/adaptime/outputs/adaptime/predictions/tsrag/univariate/Online_Retail_2_UCI/D/short/run_0/prediction/prediction_manifest.json
TIME run allocation action=new run=/fslarge/scratch/users/h61084/codes/adaptime/outputs/adaptime/predictions/tsrag/univariate/Supply_Chain_Customer/D/short/run_0 launch_id=selena_adaptime_unified_20260914T204328Z_25264_tsrag slurm_job_id=3427124 launched_at=2026-09-15T03:40:51.590339+00:00
/fslarge/scratch/users/h61084/codes/adaptime/outputs/adaptime/predictions/tsrag/univariate/Supply_Chain_Customer/D/short/run_0/prediction/prediction_manifest.json
TIME run allocation action=new run=/fslarge/scratch/users/h61084/codes/adaptime/outputs/adaptime/predictions/tsrag/univariate/Supply_Chain_Location/D/short/run_0 launch_id=selena_adaptime_unified_20260914T204328Z_25264_tsrag slurm_job_id=3427124 launched_at=2026-09-15T03:40:52.050163+00:00
/fslarge/scratch/users/h61084/codes/adaptime/outputs/adaptime/predictions/tsrag/univariate/Supply_Chain_Location/D/short/run_0/prediction/prediction_manifest.json
TIME run allocation action=new run=/fslarge/scratch/users/h61084/codes/adaptime/outputs/adaptime/predictions/tsrag/univariate/azure2019_D/5T/short/run_0 launch_id=selena_adaptime_unified_20260914T204328Z_25264_tsrag slurm_job_id=3427124 launched_at=2026-09-15T03:40:52.475125+00:00
/fslarge/scratch/users/h61084/codes/adaptime/outputs/adaptime/predictions/tsrag/univariate/azure2019_D/5T/short/run_0/prediction/prediction_manifest.json
TIME run allocation action=new run=/fslarge/scratch/users/h61084/codes/adaptime/outputs/adaptime/predictions/tsrag/univariate/azure2019_I/5T/short/run_0 launch_id=selena_adaptime_unified_20260914T204328Z_25264_tsrag slurm_job_id=3427124 launched_at=2026-09-15T03:42:40.644974+00:00
/fslarge/scratch/users/h61084/codes/adaptime/outputs/adaptime/predictions/tsrag/univariate/azure2019_I/5T/short/run_0/prediction/prediction_manifest.json
TIME run allocation action=new run=/fslarge/scratch/users/h61084/codes/adaptime/outputs/adaptime/predictions/tsrag/univariate/azure2019_U/5T/short/run_0 launch_id=selena_adaptime_unified_20260914T204328Z_25264_tsrag slurm_job_id=3427124 launched_at=2026-09-15T03:43:25.849213+00:00
/fslarge/scratch/users/h61084/codes/adaptime/outputs/adaptime/predictions/tsrag/univariate/azure2019_U/5T/short/run_0/prediction/prediction_manifest.json
TIME run allocation action=new run=/fslarge/scratch/users/h61084/codes/adaptime/outputs/adaptime/predictions/tsrag/univariate/Smart_Manufacturing/H/short/run_0 launch_id=selena_adaptime_unified_20260914T204328Z_25264_tsrag slurm_job_id=3427124 launched_at=2026-09-15T03:43:25.889774+00:00
/fslarge/scratch/users/h61084/codes/adaptime/outputs/adaptime/predictions/tsrag/univariate/Smart_Manufacturing/H/short/run_0/prediction/prediction_manifest.json
TIME run allocation action=new run=/fslarge/scratch/users/h61084/codes/adaptime/outputs/adaptime/predictions/tsrag/univariate/Smart_Manufacturing/H/medium/run_0 launch_id=selena_adaptime_unified_20260914T204328Z_25264_tsrag slurm_job_id=3427124 launched_at=2026-09-15T03:43:25.924727+00:00
/fslarge/scratch/users/h61084/codes/adaptime/outputs/adaptime/predictions/tsrag/univariate/Smart_Manufacturing/H/medium/run_0/prediction/prediction_manifest.json
TIME run allocation action=new run=/fslarge/scratch/users/h61084/codes/adaptime/outputs/adaptime/predictions/tsrag/univariate/Smart_Manufacturing/H/long/run_0 launch_id=selena_adaptime_unified_20260914T204328Z_25264_tsrag slurm_job_id=3427124 launched_at=2026-09-15T03:43:25.958454+00:00
/fslarge/scratch/users/h61084/codes/adaptime/outputs/adaptime/predictions/tsrag/univariate/Smart_Manufacturing/H/long/run_0/prediction/prediction_manifest.json
TIME run allocation action=new run=/fslarge/scratch/users/h61084/codes/adaptime/outputs/adaptime/predictions/tsrag/univariate/MetroPT-3/5T/short/run_0 launch_id=selena_adaptime_unified_20260914T204328Z_25264_tsrag slurm_job_id=3427124 launched_at=2026-09-15T03:43:25.989364+00:00
/fslarge/scratch/users/h61084/codes/adaptime/outputs/adaptime/predictions/tsrag/univariate/MetroPT-3/5T/short/run_0/prediction/prediction_manifest.json
TIME run allocation action=new run=/fslarge/scratch/users/h61084/codes/adaptime/outputs/adaptime/predictions/tsrag/univariate/MetroPT-3/5T/medium/run_0 launch_id=selena_adaptime_unified_20260914T204328Z_25264_tsrag slurm_job_id=3427124 launched_at=2026-09-15T03:43:26.115480+00:00
/fslarge/scratch/users/h61084/codes/adaptime/outputs/adaptime/predictions/tsrag/univariate/MetroPT-3/5T/medium/run_0/prediction/prediction_manifest.json
TIME run allocation action=new run=/fslarge/scratch/users/h61084/codes/adaptime/outputs/adaptime/predictions/tsrag/univariate/MetroPT-3/5T/long/run_0 launch_id=selena_adaptime_unified_20260914T204328Z_25264_tsrag slurm_job_id=3427124 launched_at=2026-09-15T03:43:26.573677+00:00
/fslarge/scratch/users/h61084/codes/adaptime/outputs/adaptime/predictions/tsrag/univariate/MetroPT-3/5T/long/run_0/prediction/prediction_manifest.json
TIME run allocation action=new run=/fslarge/scratch/users/h61084/codes/adaptime/outputs/adaptime/evaluations/tsrag/univariate/Water_Quality_Darwin/15T/short/run_0 launch_id=selena_adaptime_unified_20260914T204328Z_25264_tsrag slurm_job_id=3427124 launched_at=2026-09-15T03:43:27.069232+00:00
    Total instances: 3780, Series during experiment: 42, Windows: 90
    Collecting ground truth and context...
    Detected to_univariate case: 42 flat series -> 7 series x 6 variates
    Organizing data into arrays...
    Saved predictions (quantiles) to /fslarge/scratch/users/h61084/codes/adaptime/outputs/adaptime/evaluations/tsrag/univariate/Water_Quality_Darwin/15T/short/run_0/predictions.npz
    Computing per-window metrics...
    Saved metrics to /fslarge/scratch/users/h61084/codes/adaptime/outputs/adaptime/evaluations/tsrag/univariate/Water_Quality_Darwin/15T/short/run_0/metrics.npz
    Saved config to /fslarge/scratch/users/h61084/codes/adaptime/outputs/adaptime/evaluations/tsrag/univariate/Water_Quality_Darwin/15T/short/run_0/config.json
    Saved aggregate metrics to /fslarge/scratch/users/h61084/codes/adaptime/outputs/adaptime/evaluations/tsrag/univariate/Water_Quality_Darwin/15T/short/run_0/metrics_summary.json
    Metrics summary (averaged over all series/windows/variates):
      MSE: 2.0430
      MAE: 0.4199
      RMSE: 0.5028
      MAPE: 0.0527
      sMAPE: 0.0497
      MASE: 0.6095
      ND: 0.0506
      CRPS: 0.0506
/fslarge/scratch/users/h61084/codes/adaptime/outputs/adaptime/evaluations/tsrag/univariate/Water_Quality_Darwin/15T/short/run_0/metrics_summary.json
TIME run allocation action=new run=/fslarge/scratch/users/h61084/codes/adaptime/outputs/adaptime/evaluations/tsrag/univariate/Water_Quality_Darwin/15T/medium/run_0 launch_id=selena_adaptime_unified_20260914T204328Z_25264_tsrag slurm_job_id=3427124 launched_at=2026-09-15T03:43:27.685410+00:00
    Total instances: 630, Series during experiment: 42, Windows: 15
    Collecting ground truth and context...
    Detected to_univariate case: 42 flat series -> 7 series x 6 variates
    Organizing data into arrays...
    Saved predictions (quantiles) to /fslarge/scratch/users/h61084/codes/adaptime/outputs/adaptime/evaluations/tsrag/univariate/Water_Quality_Darwin/15T/medium/run_0/predictions.npz
    Computing per-window metrics...
    Saved metrics to /fslarge/scratch/users/h61084/codes/adaptime/outputs/adaptime/evaluations/tsrag/univariate/Water_Quality_Darwin/15T/medium/run_0/metrics.npz
    Saved config to /fslarge/scratch/users/h61084/codes/adaptime/outputs/adaptime/evaluations/tsrag/univariate/Water_Quality_Darwin/15T/medium/run_0/config.json
    Saved aggregate metrics to /fslarge/scratch/users/h61084/codes/adaptime/outputs/adaptime/evaluations/tsrag/univariate/Water_Quality_Darwin/15T/medium/run_0/metrics_summary.json
    Metrics summary (averaged over all series/windows/variates):
      MSE: 4.0992
      MAE: 0.7073
      RMSE: 0.8937
      MAPE: 0.0978
      sMAPE: 0.0849
      MASE: 1.0693
      ND: 0.0875
      CRPS: 0.0875
/fslarge/scratch/users/h61084/codes/adaptime/outputs/adaptime/evaluations/tsrag/univariate/Water_Quality_Darwin/15T/medium/run_0/metrics_summary.json
TIME run allocation action=new run=/fslarge/scratch/users/h61084/codes/adaptime/outputs/adaptime/evaluations/tsrag/univariate/Water_Quality_Darwin/15T/long/run_0 launch_id=selena_adaptime_unified_20260914T204328Z_25264_tsrag slurm_job_id=3427124 launched_at=2026-09-15T03:43:27.841988+00:00
    Total instances: 210, Series during experiment: 42, Windows: 5
    Collecting ground truth and context...
    Detected to_univariate case: 42 flat series -> 7 series x 6 variates
    Organizing data into arrays...
    Saved predictions (quantiles) to /fslarge/scratch/users/h61084/codes/adaptime/outputs/adaptime/evaluations/tsrag/univariate/Water_Quality_Darwin/15T/long/run_0/predictions.npz
    Computing per-window metrics...
    Saved metrics to /fslarge/scratch/users/h61084/codes/adaptime/outputs/adaptime/evaluations/tsrag/univariate/Water_Quality_Darwin/15T/long/run_0/metrics.npz
    Saved config to /fslarge/scratch/users/h61084/codes/adaptime/outputs/adaptime/evaluations/tsrag/univariate/Water_Quality_Darwin/15T/long/run_0/config.json
    Saved aggregate metrics to /fslarge/scratch/users/h61084/codes/adaptime/outputs/adaptime/evaluations/tsrag/univariate/Water_Quality_Darwin/15T/long/run_0/metrics_summary.json
    Metrics summary (averaged over all series/windows/variates):
      MSE: 7.4841
      MAE: 0.9919
      RMSE: 1.2550
      MAPE: 0.1456
      sMAPE: 0.1183
      MASE: 1.5297
      ND: 0.1240
      CRPS: 0.1240
/fslarge/scratch/users/h61084/codes/adaptime/outputs/adaptime/evaluations/tsrag/univariate/Water_Quality_Darwin/15T/long/run_0/metrics_summary.json
TIME run allocation action=new run=/fslarge/scratch/users/h61084/codes/adaptime/outputs/adaptime/evaluations/tsrag/univariate/current_velocity/5T/short/run_0 launch_id=selena_adaptime_unified_20260914T204328Z_25264_tsrag slurm_job_id=3427124 launched_at=2026-09-15T03:43:27.951067+00:00
    Total instances: 720, Series during experiment: 6, Windows: 120
    Collecting ground truth and context...
    Detected to_univariate case: 6 flat series -> 1 series x 6 variates
    Organizing data into arrays...
    Saved predictions (quantiles) to /fslarge/scratch/users/h61084/codes/adaptime/outputs/adaptime/evaluations/tsrag/univariate/current_velocity/5T/short/run_0/predictions.npz
    Computing per-window metrics...
    Saved metrics to /fslarge/scratch/users/h61084/codes/adaptime/outputs/adaptime/evaluations/tsrag/univariate/current_velocity/5T/short/run_0/metrics.npz
    Saved config to /fslarge/scratch/users/h61084/codes/adaptime/outputs/adaptime/evaluations/tsrag/univariate/current_velocity/5T/short/run_0/config.json
    Saved aggregate metrics to /fslarge/scratch/users/h61084/codes/adaptime/outputs/adaptime/evaluations/tsrag/univariate/current_velocity/5T/short/run_0/metrics_summary.json
    Metrics summary (averaged over all series/windows/variates):
      MSE: 2.9136
      MAE: 0.5493
      RMSE: 0.6554
      MAPE: 0.4360
      sMAPE: 0.3435
      MASE: 0.3677
      ND: 0.2955
      CRPS: 0.2955
/fslarge/scratch/users/h61084/codes/adaptime/outputs/adaptime/evaluations/tsrag/univariate/current_velocity/5T/short/run_0/metrics_summary.json
TIME run allocation action=new run=/fslarge/scratch/users/h61084/codes/adaptime/outputs/adaptime/evaluations/tsrag/univariate/current_velocity/5T/medium/run_0 launch_id=selena_adaptime_unified_20260914T204328Z_25264_tsrag slurm_job_id=3427124 launched_at=2026-09-15T03:43:28.122004+00:00
    Total instances: 90, Series during experiment: 6, Windows: 15
    Collecting ground truth and context...
    Detected to_univariate case: 6 flat series -> 1 series x 6 variates
    Organizing data into arrays...
    Saved predictions (quantiles) to /fslarge/scratch/users/h61084/codes/adaptime/outputs/adaptime/evaluations/tsrag/univariate/current_velocity/5T/medium/run_0/predictions.npz
    Computing per-window metrics...
    Saved metrics to /fslarge/scratch/users/h61084/codes/adaptime/outputs/adaptime/evaluations/tsrag/univariate/current_velocity/5T/medium/run_0/metrics.npz
    Saved config to /fslarge/scratch/users/h61084/codes/adaptime/outputs/adaptime/evaluations/tsrag/univariate/current_velocity/5T/medium/run_0/config.json
    Saved aggregate metrics to /fslarge/scratch/users/h61084/codes/adaptime/outputs/adaptime/evaluations/tsrag/univariate/current_velocity/5T/medium/run_0/metrics_summary.json
    Metrics summary (averaged over all series/windows/variates):
      MSE: 6.2005
      MAE: 0.8640
      RMSE: 1.0905
      MAPE: 0.6829
      sMAPE: 0.4001
      MASE: 0.7977
      ND: 0.3611
      CRPS: 0.3611
/fslarge/scratch/users/h61084/codes/adaptime/outputs/adaptime/evaluations/tsrag/univariate/current_velocity/5T/medium/run_0/metrics_summary.json
TIME run allocation action=new run=/fslarge/scratch/users/h61084/codes/adaptime/outputs/adaptime/evaluations/tsrag/univariate/current_velocity/5T/long/run_0 launch_id=selena_adaptime_unified_20260914T204328Z_25264_tsrag slurm_job_id=3427124 launched_at=2026-09-15T03:43:28.199477+00:00
    Total instances: 30, Series during experiment: 6, Windows: 5
    Collecting ground truth and context...
    Detected to_univariate case: 6 flat series -> 1 series x 6 variates
    Organizing data into arrays...
    Saved predictions (quantiles) to /fslarge/scratch/users/h61084/codes/adaptime/outputs/adaptime/evaluations/tsrag/univariate/current_velocity/5T/long/run_0/predictions.npz
    Computing per-window metrics...
    Saved metrics to /fslarge/scratch/users/h61084/codes/adaptime/outputs/adaptime/evaluations/tsrag/univariate/current_velocity/5T/long/run_0/metrics.npz
    Saved config to /fslarge/scratch/users/h61084/codes/adaptime/outputs/adaptime/evaluations/tsrag/univariate/current_velocity/5T/long/run_0/config.json
    Saved aggregate metrics to /fslarge/scratch/users/h61084/codes/adaptime/outputs/adaptime/evaluations/tsrag/univariate/current_velocity/5T/long/run_0/metrics_summary.json
    Metrics summary (averaged over all series/windows/variates):
      MSE: 6.6818
      MAE: 1.0083
      RMSE: 1.2312
      MAPE: 1.0411
      sMAPE: 0.4396
      MASE: 1.2729
      ND: 0.4587
      CRPS: 0.4587
/fslarge/scratch/users/h61084/codes/adaptime/outputs/adaptime/evaluations/tsrag/univariate/current_velocity/5T/long/run_0/metrics_summary.json
TIME run allocation action=new run=/fslarge/scratch/users/h61084/codes/adaptime/outputs/adaptime/evaluations/tsrag/univariate/current_velocity/10T/short/run_0 launch_id=selena_adaptime_unified_20260914T204328Z_25264_tsrag slurm_job_id=3427124 launched_at=2026-09-15T03:43:28.268722+00:00
    Total instances: 7200, Series during experiment: 60, Windows: 120
    Collecting ground truth and context...
    Detected to_univariate case: 60 flat series -> 10 series x 6 variates
    Organizing data into arrays...
    Saved predictions (quantiles) to /fslarge/scratch/users/h61084/codes/adaptime/outputs/adaptime/evaluations/tsrag/univariate/current_velocity/10T/short/run_0/predictions.npz
    Computing per-window metrics...
    Saved metrics to /fslarge/scratch/users/h61084/codes/adaptime/outputs/adaptime/evaluations/tsrag/univariate/current_velocity/10T/short/run_0/metrics.npz
    Saved config to /fslarge/scratch/users/h61084/codes/adaptime/outputs/adaptime/evaluations/tsrag/univariate/current_velocity/10T/short/run_0/config.json
    Saved aggregate metrics to /fslarge/scratch/users/h61084/codes/adaptime/outputs/adaptime/evaluations/tsrag/univariate/current_velocity/10T/short/run_0/metrics_summary.json
    Metrics summary (averaged over all series/windows/variates):
      MSE: 7.0144
      MAE: 0.7190
      RMSE: 0.9037
      MAPE: 3150.0567
      sMAPE: 0.4371
      MASE: 0.5283
      ND: 0.3258
      CRPS: 0.3258
/fslarge/scratch/users/h61084/codes/adaptime/outputs/adaptime/evaluations/tsrag/univariate/current_velocity/10T/short/run_0/metrics_summary.json
TIME run allocation action=new run=/fslarge/scratch/users/h61084/codes/adaptime/outputs/adaptime/evaluations/tsrag/univariate/current_velocity/10T/medium/run_0 launch_id=selena_adaptime_unified_20260914T204328Z_25264_tsrag slurm_job_id=3427124 launched_at=2026-09-15T03:43:29.567049+00:00
    Total instances: 900, Series during experiment: 60, Windows: 15
    Collecting ground truth and context...
    Detected to_univariate case: 60 flat series -> 10 series x 6 variates
    Organizing data into arrays...
    Saved predictions (quantiles) to /fslarge/scratch/users/h61084/codes/adaptime/outputs/adaptime/evaluations/tsrag/univariate/current_velocity/10T/medium/run_0/predictions.npz
    Computing per-window metrics...
    Saved metrics to /fslarge/scratch/users/h61084/codes/adaptime/outputs/adaptime/evaluations/tsrag/univariate/current_velocity/10T/medium/run_0/metrics.npz
    Saved config to /fslarge/scratch/users/h61084/codes/adaptime/outputs/adaptime/evaluations/tsrag/univariate/current_velocity/10T/medium/run_0/config.json
    Saved aggregate metrics to /fslarge/scratch/users/h61084/codes/adaptime/outputs/adaptime/evaluations/tsrag/univariate/current_velocity/10T/medium/run_0/metrics_summary.json
    Metrics summary (averaged over all series/windows/variates):
      MSE: 9.5572
      MAE: 0.8879
      RMSE: 1.1819
      MAPE: 3372.1383
      sMAPE: 0.4860
      MASE: 0.6911
      ND: 0.3363
      CRPS: 0.3363
/fslarge/scratch/users/h61084/codes/adaptime/outputs/adaptime/evaluations/tsrag/univariate/current_velocity/10T/medium/run_0/metrics_summary.json
TIME run allocation action=new run=/fslarge/scratch/users/h61084/codes/adaptime/outputs/adaptime/evaluations/tsrag/univariate/current_velocity/10T/long/run_0 launch_id=selena_adaptime_unified_20260914T204328Z_25264_tsrag slurm_job_id=3427124 launched_at=2026-09-15T03:43:29.846193+00:00
    Total instances: 300, Series during experiment: 60, Windows: 5
    Collecting ground truth and context...
    Detected to_univariate case: 60 flat series -> 10 series x 6 variates
    Organizing data into arrays...
    Saved predictions (quantiles) to /fslarge/scratch/users/h61084/codes/adaptime/outputs/adaptime/evaluations/tsrag/univariate/current_velocity/10T/long/run_0/predictions.npz
    Computing per-window metrics...
    Saved metrics to /fslarge/scratch/users/h61084/codes/adaptime/outputs/adaptime/evaluations/tsrag/univariate/current_velocity/10T/long/run_0/metrics.npz
    Saved config to /fslarge/scratch/users/h61084/codes/adaptime/outputs/adaptime/evaluations/tsrag/univariate/current_velocity/10T/long/run_0/config.json
    Saved aggregate metrics to /fslarge/scratch/users/h61084/codes/adaptime/outputs/adaptime/evaluations/tsrag/univariate/current_velocity/10T/long/run_0/metrics_summary.json
    Metrics summary (averaged over all series/windows/variates):
      MSE: 17.0823
      MAE: 1.3706
      RMSE: 1.7415
      MAPE: 3162.6937
      sMAPE: 0.6877
      MASE: 1.4388
      ND: 0.4592
      CRPS: 0.4592
/fslarge/scratch/users/h61084/codes/adaptime/outputs/adaptime/evaluations/tsrag/univariate/current_velocity/10T/long/run_0/metrics_summary.json
TIME run allocation action=new run=/fslarge/scratch/users/h61084/codes/adaptime/outputs/adaptime/evaluations/tsrag/univariate/current_velocity/15T/short/run_0 launch_id=selena_adaptime_unified_20260914T204328Z_25264_tsrag slurm_job_id=3427124 launched_at=2026-09-15T03:43:30.024196+00:00
    Total instances: 3600, Series during experiment: 30, Windows: 120
    Collecting ground truth and context...
    Detected to_univariate case: 30 flat series -> 5 series x 6 variates
    Organizing data into arrays...
    Saved predictions (quantiles) to /fslarge/scratch/users/h61084/codes/adaptime/outputs/adaptime/evaluations/tsrag/univariate/current_velocity/15T/short/run_0/predictions.npz
    Computing per-window metrics...
    Saved metrics to /fslarge/scratch/users/h61084/codes/adaptime/outputs/adaptime/evaluations/tsrag/univariate/current_velocity/15T/short/run_0/metrics.npz
    Saved config to /fslarge/scratch/users/h61084/codes/adaptime/outputs/adaptime/evaluations/tsrag/univariate/current_velocity/15T/short/run_0/config.json
    Saved aggregate metrics to /fslarge/scratch/users/h61084/codes/adaptime/outputs/adaptime/evaluations/tsrag/univariate/current_velocity/15T/short/run_0/metrics_summary.json
    Metrics summary (averaged over all series/windows/variates):
      MSE: 6.0552
      MAE: 0.7411
      RMSE: 0.9016
      MAPE: 108212.7994
      sMAPE: 0.4683
      MASE: 0.5023
      ND: 0.3838
      CRPS: 0.3838
/fslarge/scratch/users/h61084/codes/adaptime/outputs/adaptime/evaluations/tsrag/univariate/current_velocity/15T/short/run_0/metrics_summary.json
TIME run allocation action=new run=/fslarge/scratch/users/h61084/codes/adaptime/outputs/adaptime/evaluations/tsrag/univariate/current_velocity/15T/medium/run_0 launch_id=selena_adaptime_unified_20260914T204328Z_25264_tsrag slurm_job_id=3427124 launched_at=2026-09-15T03:43:30.525775+00:00
    Total instances: 450, Series during experiment: 30, Windows: 15
    Collecting ground truth and context...
    Detected to_univariate case: 30 flat series -> 5 series x 6 variates
    Organizing data into arrays...
    Saved predictions (quantiles) to /fslarge/scratch/users/h61084/codes/adaptime/outputs/adaptime/evaluations/tsrag/univariate/current_velocity/15T/medium/run_0/predictions.npz
    Computing per-window metrics...
    Saved metrics to /fslarge/scratch/users/h61084/codes/adaptime/outputs/adaptime/evaluations/tsrag/univariate/current_velocity/15T/medium/run_0/metrics.npz
    Saved config to /fslarge/scratch/users/h61084/codes/adaptime/outputs/adaptime/evaluations/tsrag/univariate/current_velocity/15T/medium/run_0/config.json
    Saved aggregate metrics to /fslarge/scratch/users/h61084/codes/adaptime/outputs/adaptime/evaluations/tsrag/univariate/current_velocity/15T/medium/run_0/metrics_summary.json
    Metrics summary (averaged over all series/windows/variates):
      MSE: 8.9162
      MAE: 0.9588
      RMSE: 1.2072
      MAPE: 122394.5203
      sMAPE: 0.5727
      MASE: 0.7292
      ND: 0.4318
      CRPS: 0.4318
/fslarge/scratch/users/h61084/codes/adaptime/outputs/adaptime/evaluations/tsrag/univariate/current_velocity/15T/medium/run_0/metrics_summary.json
TIME run allocation action=new run=/fslarge/scratch/users/h61084/codes/adaptime/outputs/adaptime/evaluations/tsrag/univariate/current_velocity/15T/long/run_0 launch_id=selena_adaptime_unified_20260914T204328Z_25264_tsrag slurm_job_id=3427124 launched_at=2026-09-15T03:43:30.639882+00:00
    Total instances: 150, Series during experiment: 30, Windows: 5
    Collecting ground truth and context...
    Detected to_univariate case: 30 flat series -> 5 series x 6 variates
    Organizing data into arrays...
    Saved predictions (quantiles) to /fslarge/scratch/users/h61084/codes/adaptime/outputs/adaptime/evaluations/tsrag/univariate/current_velocity/15T/long/run_0/predictions.npz
    Computing per-window metrics...
    Saved metrics to /fslarge/scratch/users/h61084/codes/adaptime/outputs/adaptime/evaluations/tsrag/univariate/current_velocity/15T/long/run_0/metrics.npz
    Saved config to /fslarge/scratch/users/h61084/codes/adaptime/outputs/adaptime/evaluations/tsrag/univariate/current_velocity/15T/long/run_0/config.json
    Saved aggregate metrics to /fslarge/scratch/users/h61084/codes/adaptime/outputs/adaptime/evaluations/tsrag/univariate/current_velocity/15T/long/run_0/metrics_summary.json
    Metrics summary (averaged over all series/windows/variates):
      MSE: 10.5457
      MAE: 1.0611
      RMSE: 1.3414
      MAPE: 119975.5289
      sMAPE: 0.5962
      MASE: 0.8344
      ND: 0.4490
      CRPS: 0.4490
/fslarge/scratch/users/h61084/codes/adaptime/outputs/adaptime/evaluations/tsrag/univariate/current_velocity/15T/long/run_0/metrics_summary.json
TIME run allocation action=new run=/fslarge/scratch/users/h61084/codes/adaptime/outputs/adaptime/evaluations/tsrag/univariate/current_velocity/20T/short/run_0 launch_id=selena_adaptime_unified_20260914T204328Z_25264_tsrag slurm_job_id=3427124 launched_at=2026-09-15T03:43:30.721161+00:00
    Total instances: 19440, Series during experiment: 162, Windows: 120
    Collecting ground truth and context...
    Detected to_univariate case: 162 flat series -> 27 series x 6 variates
    Organizing data into arrays...
    Saved predictions (quantiles) to /fslarge/scratch/users/h61084/codes/adaptime/outputs/adaptime/evaluations/tsrag/univariate/current_velocity/20T/short/run_0/predictions.npz
    Computing per-window metrics...
    Saved metrics to /fslarge/scratch/users/h61084/codes/adaptime/outputs/adaptime/evaluations/tsrag/univariate/current_velocity/20T/short/run_0/metrics.npz
    Saved config to /fslarge/scratch/users/h61084/codes/adaptime/outputs/adaptime/evaluations/tsrag/univariate/current_velocity/20T/short/run_0/config.json
    Saved aggregate metrics to /fslarge/scratch/users/h61084/codes/adaptime/outputs/adaptime/evaluations/tsrag/univariate/current_velocity/20T/short/run_0/metrics_summary.json
    Metrics summary (averaged over all series/windows/variates):
      MSE: 4.1752
      MAE: 0.6052
      RMSE: 0.7125
      MAPE: 0.9216
      sMAPE: 0.4226
      MASE: 0.4791
      ND: 0.3410
      CRPS: 0.3410
/fslarge/scratch/users/h61084/codes/adaptime/outputs/adaptime/evaluations/tsrag/univariate/current_velocity/20T/short/run_0/metrics_summary.json
TIME run allocation action=new run=/fslarge/scratch/users/h61084/codes/adaptime/outputs/adaptime/evaluations/tsrag/univariate/current_velocity/20T/medium/run_0 launch_id=selena_adaptime_unified_20260914T204328Z_25264_tsrag slurm_job_id=3427124 launched_at=2026-09-15T03:43:33.032567+00:00
    Total instances: 2430, Series during experiment: 162, Windows: 15
    Collecting ground truth and context...
    Detected to_univariate case: 162 flat series -> 27 series x 6 variates
    Organizing data into arrays...
    Saved predictions (quantiles) to /fslarge/scratch/users/h61084/codes/adaptime/outputs/adaptime/evaluations/tsrag/univariate/current_velocity/20T/medium/run_0/predictions.npz
    Computing per-window metrics...
    Saved metrics to /fslarge/scratch/users/h61084/codes/adaptime/outputs/adaptime/evaluations/tsrag/univariate/current_velocity/20T/medium/run_0/metrics.npz
    Saved config to /fslarge/scratch/users/h61084/codes/adaptime/outputs/adaptime/evaluations/tsrag/univariate/current_velocity/20T/medium/run_0/config.json
    Saved aggregate metrics to /fslarge/scratch/users/h61084/codes/adaptime/outputs/adaptime/evaluations/tsrag/univariate/current_velocity/20T/medium/run_0/metrics_summary.json
    Metrics summary (averaged over all series/windows/variates):
      MSE: 7.8027
      MAE: 0.8831
      RMSE: 1.0873
      MAPE: 1.1919
      sMAPE: 0.5212
      MASE: 0.7585
      ND: 0.3903
      CRPS: 0.3903
/fslarge/scratch/users/h61084/codes/adaptime/outputs/adaptime/evaluations/tsrag/univariate/current_velocity/20T/medium/run_0/metrics_summary.json
TIME run allocation action=new run=/fslarge/scratch/users/h61084/codes/adaptime/outputs/adaptime/evaluations/tsrag/univariate/current_velocity/20T/long/run_0 launch_id=selena_adaptime_unified_20260914T204328Z_25264_tsrag slurm_job_id=3427124 launched_at=2026-09-15T03:43:33.417321+00:00
    Total instances: 810, Series during experiment: 162, Windows: 5
    Collecting ground truth and context...
    Detected to_univariate case: 162 flat series -> 27 series x 6 variates
    Organizing data into arrays...
    Saved predictions (quantiles) to /fslarge/scratch/users/h61084/codes/adaptime/outputs/adaptime/evaluations/tsrag/univariate/current_velocity/20T/long/run_0/predictions.npz
    Computing per-window metrics...
    Saved metrics to /fslarge/scratch/users/h61084/codes/adaptime/outputs/adaptime/evaluations/tsrag/univariate/current_velocity/20T/long/run_0/metrics.npz
    Saved config to /fslarge/scratch/users/h61084/codes/adaptime/outputs/adaptime/evaluations/tsrag/univariate/current_velocity/20T/long/run_0/config.json
    Saved aggregate metrics to /fslarge/scratch/users/h61084/codes/adaptime/outputs/adaptime/evaluations/tsrag/univariate/current_velocity/20T/long/run_0/metrics_summary.json
    Metrics summary (averaged over all series/windows/variates):
      MSE: 9.8930
      MAE: 1.0359
      RMSE: 1.3006
      MAPE: 1.5364
      sMAPE: 0.6062
      MASE: 1.0475
      ND: 0.4633
      CRPS: 0.4633
/fslarge/scratch/users/h61084/codes/adaptime/outputs/adaptime/evaluations/tsrag/univariate/current_velocity/20T/long/run_0/metrics_summary.json
TIME run allocation action=new run=/fslarge/scratch/users/h61084/codes/adaptime/outputs/adaptime/evaluations/tsrag/univariate/current_velocity/H/short/run_0 launch_id=selena_adaptime_unified_20260914T204328Z_25264_tsrag slurm_job_id=3427124 launched_at=2026-09-15T03:43:33.608470+00:00
    Total instances: 3528, Series during experiment: 126, Windows: 28
    Collecting ground truth and context...
    Detected to_univariate case: 126 flat series -> 21 series x 6 variates
    Organizing data into arrays...
    Saved predictions (quantiles) to /fslarge/scratch/users/h61084/codes/adaptime/outputs/adaptime/evaluations/tsrag/univariate/current_velocity/H/short/run_0/predictions.npz
    Computing per-window metrics...
    Saved metrics to /fslarge/scratch/users/h61084/codes/adaptime/outputs/adaptime/evaluations/tsrag/univariate/current_velocity/H/short/run_0/metrics.npz
    Saved config to /fslarge/scratch/users/h61084/codes/adaptime/outputs/adaptime/evaluations/tsrag/univariate/current_velocity/H/short/run_0/config.json
    Saved aggregate metrics to /fslarge/scratch/users/h61084/codes/adaptime/outputs/adaptime/evaluations/tsrag/univariate/current_velocity/H/short/run_0/metrics_summary.json
    Metrics summary (averaged over all series/windows/variates):
      MSE: 6.5846
      MAE: 0.7995
      RMSE: 0.9959
      MAPE: 1990655322254.2659
      sMAPE: 0.4414
      MASE: 0.7026
      ND: 0.3334
      CRPS: 0.3334
/fslarge/scratch/users/h61084/codes/adaptime/outputs/adaptime/evaluations/tsrag/univariate/current_velocity/H/short/run_0/metrics_summary.json
TIME run allocation action=new run=/fslarge/scratch/users/h61084/codes/adaptime/outputs/adaptime/evaluations/tsrag/univariate/current_velocity/H/medium/run_0 launch_id=selena_adaptime_unified_20260914T204328Z_25264_tsrag slurm_job_id=3427124 launched_at=2026-09-15T03:43:33.955689+00:00
    Total instances: 504, Series during experiment: 126, Windows: 4
    Collecting ground truth and context...
    Detected to_univariate case: 126 flat series -> 21 series x 6 variates
    Organizing data into arrays...
    Saved predictions (quantiles) to /fslarge/scratch/users/h61084/codes/adaptime/outputs/adaptime/evaluations/tsrag/univariate/current_velocity/H/medium/run_0/predictions.npz
    Computing per-window metrics...
    Saved metrics to /fslarge/scratch/users/h61084/codes/adaptime/outputs/adaptime/evaluations/tsrag/univariate/current_velocity/H/medium/run_0/metrics.npz
    Saved config to /fslarge/scratch/users/h61084/codes/adaptime/outputs/adaptime/evaluations/tsrag/univariate/current_velocity/H/medium/run_0/config.json
    Saved aggregate metrics to /fslarge/scratch/users/h61084/codes/adaptime/outputs/adaptime/evaluations/tsrag/univariate/current_velocity/H/medium/run_0/metrics_summary.json
    Metrics summary (averaged over all series/windows/variates):
      MSE: 10.9568
      MAE: 1.1122
      RMSE: 1.3904
      MAPE: 2525141588144.6694
      sMAPE: 0.5615
      MASE: 1.1527
      ND: 0.4016
      CRPS: 0.4016
/fslarge/scratch/users/h61084/codes/adaptime/outputs/adaptime/evaluations/tsrag/univariate/current_velocity/H/medium/run_0/metrics_summary.json
TIME run allocation action=new run=/fslarge/scratch/users/h61084/codes/adaptime/outputs/adaptime/evaluations/tsrag/univariate/current_velocity/H/long/run_0 launch_id=selena_adaptime_unified_20260914T204328Z_25264_tsrag slurm_job_id=3427124 launched_at=2026-09-15T03:43:34.060671+00:00
    Total instances: 252, Series during experiment: 126, Windows: 2
    Collecting ground truth and context...
    Detected to_univariate case: 126 flat series -> 21 series x 6 variates
    Organizing data into arrays...
    Saved predictions (quantiles) to /fslarge/scratch/users/h61084/codes/adaptime/outputs/adaptime/evaluations/tsrag/univariate/current_velocity/H/long/run_0/predictions.npz
    Computing per-window metrics...
    Saved metrics to /fslarge/scratch/users/h61084/codes/adaptime/outputs/adaptime/evaluations/tsrag/univariate/current_velocity/H/long/run_0/metrics.npz
    Saved config to /fslarge/scratch/users/h61084/codes/adaptime/outputs/adaptime/evaluations/tsrag/univariate/current_velocity/H/long/run_0/config.json
    Saved aggregate metrics to /fslarge/scratch/users/h61084/codes/adaptime/outputs/adaptime/evaluations/tsrag/univariate/current_velocity/H/long/run_0/metrics_summary.json
    Metrics summary (averaged over all series/windows/variates):
      MSE: 11.7062
      MAE: 1.1858
      RMSE: 1.4933
      MAPE: 2265187340389.5234
      sMAPE: 0.6041
      MASE: 1.3406
      ND: 0.4294
      CRPS: 0.4294
/fslarge/scratch/users/h61084/codes/adaptime/outputs/adaptime/evaluations/tsrag/univariate/current_velocity/H/long/run_0/metrics_summary.json
TIME run allocation action=new run=/fslarge/scratch/users/h61084/codes/adaptime/outputs/adaptime/evaluations/tsrag/univariate/CPHL/15T/short/run_0 launch_id=selena_adaptime_unified_20260914T204328Z_25264_tsrag slurm_job_id=3427124 launched_at=2026-09-15T03:43:34.146593+00:00
    Total instances: 240, Series during experiment: 2, Windows: 120
    Collecting ground truth and context...
    Organizing data into arrays...
    Saved predictions (quantiles) to /fslarge/scratch/users/h61084/codes/adaptime/outputs/adaptime/evaluations/tsrag/univariate/CPHL/15T/short/run_0/predictions.npz
    Computing per-window metrics...
    Saved metrics to /fslarge/scratch/users/h61084/codes/adaptime/outputs/adaptime/evaluations/tsrag/univariate/CPHL/15T/short/run_0/metrics.npz
    Saved config to /fslarge/scratch/users/h61084/codes/adaptime/outputs/adaptime/evaluations/tsrag/univariate/CPHL/15T/short/run_0/config.json
    Saved aggregate metrics to /fslarge/scratch/users/h61084/codes/adaptime/outputs/adaptime/evaluations/tsrag/univariate/CPHL/15T/short/run_0/metrics_summary.json
    Metrics summary (averaged over all series/windows/variates):
      MSE: 0.0638
      MAE: 0.1378
      RMSE: 0.1612
      MAPE: 0.1945
      sMAPE: 0.1776
      MASE: 0.6512
      ND: 0.1859
      CRPS: 0.1859
/fslarge/scratch/users/h61084/codes/adaptime/outputs/adaptime/evaluations/tsrag/univariate/CPHL/15T/short/run_0/metrics_summary.json
TIME run allocation action=new run=/fslarge/scratch/users/h61084/codes/adaptime/outputs/adaptime/evaluations/tsrag/univariate/CPHL/15T/medium/run_0 launch_id=selena_adaptime_unified_20260914T204328Z_25264_tsrag slurm_job_id=3427124 launched_at=2026-09-15T03:43:34.204861+00:00
    Total instances: 30, Series during experiment: 2, Windows: 15
    Collecting ground truth and context...
    Organizing data into arrays...
    Saved predictions (quantiles) to /fslarge/scratch/users/h61084/codes/adaptime/outputs/adaptime/evaluations/tsrag/univariate/CPHL/15T/medium/run_0/predictions.npz
    Computing per-window metrics...
    Saved metrics to /fslarge/scratch/users/h61084/codes/adaptime/outputs/adaptime/evaluations/tsrag/univariate/CPHL/15T/medium/run_0/metrics.npz
    Saved config to /fslarge/scratch/users/h61084/codes/adaptime/outputs/adaptime/evaluations/tsrag/univariate/CPHL/15T/medium/run_0/config.json
    Saved aggregate metrics to /fslarge/scratch/users/h61084/codes/adaptime/outputs/adaptime/evaluations/tsrag/univariate/CPHL/15T/medium/run_0/metrics_summary.json
    Metrics summary (averaged over all series/windows/variates):
      MSE: 0.1265
      MAE: 0.1975
      RMSE: 0.2670
      MAPE: 0.2929
      sMAPE: 0.3076
      MASE: 0.9825
      ND: 0.2748
      CRPS: 0.2748
/fslarge/scratch/users/h61084/codes/adaptime/outputs/adaptime/evaluations/tsrag/univariate/CPHL/15T/medium/run_0/metrics_summary.json
TIME run allocation action=new run=/fslarge/scratch/users/h61084/codes/adaptime/outputs/adaptime/evaluations/tsrag/univariate/CPHL/15T/long/run_0 launch_id=selena_adaptime_unified_20260914T204328Z_25264_tsrag slurm_job_id=3427124 launched_at=2026-09-15T03:43:34.240485+00:00
    Total instances: 10, Series during experiment: 2, Windows: 5
    Collecting ground truth and context...
    Organizing data into arrays...
    Saved predictions (quantiles) to /fslarge/scratch/users/h61084/codes/adaptime/outputs/adaptime/evaluations/tsrag/univariate/CPHL/15T/long/run_0/predictions.npz
    Computing per-window metrics...
    Saved metrics to /fslarge/scratch/users/h61084/codes/adaptime/outputs/adaptime/evaluations/tsrag/univariate/CPHL/15T/long/run_0/metrics.npz
    Saved config to /fslarge/scratch/users/h61084/codes/adaptime/outputs/adaptime/evaluations/tsrag/univariate/CPHL/15T/long/run_0/config.json
    Saved aggregate metrics to /fslarge/scratch/users/h61084/codes/adaptime/outputs/adaptime/evaluations/tsrag/univariate/CPHL/15T/long/run_0/metrics_summary.json
    Metrics summary (averaged over all series/windows/variates):
      MSE: undefined
      MAE: undefined
      RMSE: undefined
      MAPE: 0.3637
      sMAPE: 0.3548
      MASE: undefined
      ND: undefined
      CRPS: undefined
/fslarge/scratch/users/h61084/codes/adaptime/outputs/adaptime/evaluations/tsrag/univariate/CPHL/15T/long/run_0/metrics_summary.json
TIME run allocation action=new run=/fslarge/scratch/users/h61084/codes/adaptime/outputs/adaptime/evaluations/tsrag/univariate/CPHL/30T/short/run_0 launch_id=selena_adaptime_unified_20260914T204328Z_25264_tsrag slurm_job_id=3427124 launched_at=2026-09-15T03:43:34.277279+00:00
    Total instances: 240, Series during experiment: 2, Windows: 120
    Collecting ground truth and context...
    Organizing data into arrays...
    Saved predictions (quantiles) to /fslarge/scratch/users/h61084/codes/adaptime/outputs/adaptime/evaluations/tsrag/univariate/CPHL/30T/short/run_0/predictions.npz
    Computing per-window metrics...
    Saved metrics to /fslarge/scratch/users/h61084/codes/adaptime/outputs/adaptime/evaluations/tsrag/univariate/CPHL/30T/short/run_0/metrics.npz
    Saved config to /fslarge/scratch/users/h61084/codes/adaptime/outputs/adaptime/evaluations/tsrag/univariate/CPHL/30T/short/run_0/config.json
    Saved aggregate metrics to /fslarge/scratch/users/h61084/codes/adaptime/outputs/adaptime/evaluations/tsrag/univariate/CPHL/30T/short/run_0/metrics_summary.json
    Metrics summary (averaged over all series/windows/variates):
      MSE: 0.6417
      MAE: 0.4646
      RMSE: 0.5627
      MAPE: 0.3677
      sMAPE: 0.2924
      MASE: 1.3695
      ND: 0.2852
      CRPS: 0.2852
/fslarge/scratch/users/h61084/codes/adaptime/outputs/adaptime/evaluations/tsrag/univariate/CPHL/30T/short/run_0/metrics_summary.json
TIME run allocation action=new run=/fslarge/scratch/users/h61084/codes/adaptime/outputs/adaptime/evaluations/tsrag/univariate/CPHL/30T/medium/run_0 launch_id=selena_adaptime_unified_20260914T204328Z_25264_tsrag slurm_job_id=3427124 launched_at=2026-09-15T03:43:34.340847+00:00
    Total instances: 60, Series during experiment: 2, Windows: 30
    Collecting ground truth and context...
    Organizing data into arrays...
    Saved predictions (quantiles) to /fslarge/scratch/users/h61084/codes/adaptime/outputs/adaptime/evaluations/tsrag/univariate/CPHL/30T/medium/run_0/predictions.npz
    Computing per-window metrics...
    Saved metrics to /fslarge/scratch/users/h61084/codes/adaptime/outputs/adaptime/evaluations/tsrag/univariate/CPHL/30T/medium/run_0/metrics.npz
    Saved config to /fslarge/scratch/users/h61084/codes/adaptime/outputs/adaptime/evaluations/tsrag/univariate/CPHL/30T/medium/run_0/config.json
    Saved aggregate metrics to /fslarge/scratch/users/h61084/codes/adaptime/outputs/adaptime/evaluations/tsrag/univariate/CPHL/30T/medium/run_0/metrics_summary.json
    Metrics summary (averaged over all series/windows/variates):
      MSE: 0.7479
      MAE: 0.5134
      RMSE: 0.6303
      MAPE: 0.4312
      sMAPE: 0.3324
      MASE: 1.5182
      ND: 0.3229
      CRPS: 0.3229
/fslarge/scratch/users/h61084/codes/adaptime/outputs/adaptime/evaluations/tsrag/univariate/CPHL/30T/medium/run_0/metrics_summary.json
TIME run allocation action=new run=/fslarge/scratch/users/h61084/codes/adaptime/outputs/adaptime/evaluations/tsrag/univariate/CPHL/30T/long/run_0 launch_id=selena_adaptime_unified_20260914T204328Z_25264_tsrag slurm_job_id=3427124 launched_at=2026-09-15T03:43:34.381443+00:00
    Total instances: 20, Series during experiment: 2, Windows: 10
    Collecting ground truth and context...
    Organizing data into arrays...
    Saved predictions (quantiles) to /fslarge/scratch/users/h61084/codes/adaptime/outputs/adaptime/evaluations/tsrag/univariate/CPHL/30T/long/run_0/predictions.npz
    Computing per-window metrics...
    Saved metrics to /fslarge/scratch/users/h61084/codes/adaptime/outputs/adaptime/evaluations/tsrag/univariate/CPHL/30T/long/run_0/metrics.npz
    Saved config to /fslarge/scratch/users/h61084/codes/adaptime/outputs/adaptime/evaluations/tsrag/univariate/CPHL/30T/long/run_0/config.json
    Saved aggregate metrics to /fslarge/scratch/users/h61084/codes/adaptime/outputs/adaptime/evaluations/tsrag/univariate/CPHL/30T/long/run_0/metrics_summary.json
    Metrics summary (averaged over all series/windows/variates):
      MSE: 0.0211
      MAE: 0.1084
      RMSE: 0.1328
      MAPE: 0.3576
      sMAPE: 0.3275
      MASE: 1.2285
      ND: 0.3374
      CRPS: 0.3374
/fslarge/scratch/users/h61084/codes/adaptime/outputs/adaptime/evaluations/tsrag/univariate/CPHL/30T/long/run_0/metrics_summary.json
TIME run allocation action=new run=/fslarge/scratch/users/h61084/codes/adaptime/outputs/adaptime/evaluations/tsrag/univariate/CPHL/H/short/run_0 launch_id=selena_adaptime_unified_20260914T204328Z_25264_tsrag slurm_job_id=3427124 launched_at=2026-09-15T03:43:34.416454+00:00
    Total instances: 112, Series during experiment: 4, Windows: 28
    Collecting ground truth and context...
    Organizing data into arrays...
    Saved predictions (quantiles) to /fslarge/scratch/users/h61084/codes/adaptime/outputs/adaptime/evaluations/tsrag/univariate/CPHL/H/short/run_0/predictions.npz
    Computing per-window metrics...
    Saved metrics to /fslarge/scratch/users/h61084/codes/adaptime/outputs/adaptime/evaluations/tsrag/univariate/CPHL/H/short/run_0/metrics.npz
    Saved config to /fslarge/scratch/users/h61084/codes/adaptime/outputs/adaptime/evaluations/tsrag/univariate/CPHL/H/short/run_0/config.json
    Saved aggregate metrics to /fslarge/scratch/users/h61084/codes/adaptime/outputs/adaptime/evaluations/tsrag/univariate/CPHL/H/short/run_0/metrics_summary.json
    Metrics summary (averaged over all series/windows/variates):
      MSE: 0.3634
      MAE: 0.3390
      RMSE: 0.4102
      MAPE: 0.3331
      sMAPE: 0.2884
      MASE: 1.2422
      ND: 0.2836
      CRPS: 0.2836
/fslarge/scratch/users/h61084/codes/adaptime/outputs/adaptime/evaluations/tsrag/univariate/CPHL/H/short/run_0/metrics_summary.json
TIME run allocation action=new run=/fslarge/scratch/users/h61084/codes/adaptime/outputs/adaptime/evaluations/tsrag/univariate/CPHL/H/medium/run_0 launch_id=selena_adaptime_unified_20260914T204328Z_25264_tsrag slurm_job_id=3427124 launched_at=2026-09-15T03:43:34.461780+00:00
    Total instances: 16, Series during experiment: 4, Windows: 4
    Collecting ground truth and context...
    Organizing data into arrays...
    Saved predictions (quantiles) to /fslarge/scratch/users/h61084/codes/adaptime/outputs/adaptime/evaluations/tsrag/univariate/CPHL/H/medium/run_0/predictions.npz
    Computing per-window metrics...
    Saved metrics to /fslarge/scratch/users/h61084/codes/adaptime/outputs/adaptime/evaluations/tsrag/univariate/CPHL/H/medium/run_0/metrics.npz
    Saved config to /fslarge/scratch/users/h61084/codes/adaptime/outputs/adaptime/evaluations/tsrag/univariate/CPHL/H/medium/run_0/config.json
    Saved aggregate metrics to /fslarge/scratch/users/h61084/codes/adaptime/outputs/adaptime/evaluations/tsrag/univariate/CPHL/H/medium/run_0/metrics_summary.json
    Metrics summary (averaged over all series/windows/variates):
      MSE: 0.4790
      MAE: 0.4370
      RMSE: 0.5400
      MAPE: 0.4630
      sMAPE: 0.4131
      MASE: 1.8357
      ND: 0.3947
      CRPS: 0.3947
/fslarge/scratch/users/h61084/codes/adaptime/outputs/adaptime/evaluations/tsrag/univariate/CPHL/H/medium/run_0/metrics_summary.json
TIME run allocation action=new run=/fslarge/scratch/users/h61084/codes/adaptime/outputs/adaptime/evaluations/tsrag/univariate/CPHL/H/long/run_0 launch_id=selena_adaptime_unified_20260914T204328Z_25264_tsrag slurm_job_id=3427124 launched_at=2026-09-15T03:43:34.494006+00:00
    Total instances: 8, Series during experiment: 4, Windows: 2
    Collecting ground truth and context...
    Organizing data into arrays...
    Saved predictions (quantiles) to /fslarge/scratch/users/h61084/codes/adaptime/outputs/adaptime/evaluations/tsrag/univariate/CPHL/H/long/run_0/predictions.npz
    Computing per-window metrics...
    Saved metrics to /fslarge/scratch/users/h61084/codes/adaptime/outputs/adaptime/evaluations/tsrag/univariate/CPHL/H/long/run_0/metrics.npz
    Saved config to /fslarge/scratch/users/h61084/codes/adaptime/outputs/adaptime/evaluations/tsrag/univariate/CPHL/H/long/run_0/config.json
    Saved aggregate metrics to /fslarge/scratch/users/h61084/codes/adaptime/outputs/adaptime/evaluations/tsrag/univariate/CPHL/H/long/run_0/metrics_summary.json
    Metrics summary (averaged over all series/windows/variates):
      MSE: 0.5239
      MAE: 0.4664
      RMSE: 0.5840
      MAPE: 0.5131
      sMAPE: 0.4727
      MASE: 2.1391
      ND: 0.4464
      CRPS: 0.4464
/fslarge/scratch/users/h61084/codes/adaptime/outputs/adaptime/evaluations/tsrag/univariate/CPHL/H/long/run_0/metrics_summary.json
TIME run allocation action=new run=/fslarge/scratch/users/h61084/codes/adaptime/outputs/adaptime/evaluations/tsrag/univariate/Coastal_T_S/5T/short/run_0 launch_id=selena_adaptime_unified_20260914T204328Z_25264_tsrag slurm_job_id=3427124 launched_at=2026-09-15T03:43:34.526266+00:00
    Total instances: 6480, Series during experiment: 54, Windows: 120
    Collecting ground truth and context...
    Detected to_univariate case: 54 flat series -> 18 series x 3 variates
    Organizing data into arrays...
    Saved predictions (quantiles) to /fslarge/scratch/users/h61084/codes/adaptime/outputs/adaptime/evaluations/tsrag/univariate/Coastal_T_S/5T/short/run_0/predictions.npz
    Computing per-window metrics...
    Saved metrics to /fslarge/scratch/users/h61084/codes/adaptime/outputs/adaptime/evaluations/tsrag/univariate/Coastal_T_S/5T/short/run_0/metrics.npz
    Saved config to /fslarge/scratch/users/h61084/codes/adaptime/outputs/adaptime/evaluations/tsrag/univariate/Coastal_T_S/5T/short/run_0/config.json
    Saved aggregate metrics to /fslarge/scratch/users/h61084/codes/adaptime/outputs/adaptime/evaluations/tsrag/univariate/Coastal_T_S/5T/short/run_0/metrics_summary.json
    Metrics summary (averaged over all series/windows/variates):
      MSE: 120.9069
      MAE: 2.8447
      RMSE: 3.0168
      MAPE: 0.0864
      sMAPE: 0.0665
      MASE: 0.7891
      ND: 0.0617
      CRPS: 0.0617
/fslarge/scratch/users/h61084/codes/adaptime/outputs/adaptime/evaluations/tsrag/univariate/Coastal_T_S/5T/short/run_0/metrics_summary.json
TIME run allocation action=new run=/fslarge/scratch/users/h61084/codes/adaptime/outputs/adaptime/evaluations/tsrag/univariate/Coastal_T_S/5T/medium/run_0 launch_id=selena_adaptime_unified_20260914T204328Z_25264_tsrag slurm_job_id=3427124 launched_at=2026-09-15T03:43:37.299893+00:00
    Total instances: 810, Series during experiment: 54, Windows: 15
    Collecting ground truth and context...
    Detected to_univariate case: 54 flat series -> 18 series x 3 variates
    Organizing data into arrays...
    Saved predictions (quantiles) to /fslarge/scratch/users/h61084/codes/adaptime/outputs/adaptime/evaluations/tsrag/univariate/Coastal_T_S/5T/medium/run_0/predictions.npz
    Computing per-window metrics...
    Saved metrics to /fslarge/scratch/users/h61084/codes/adaptime/outputs/adaptime/evaluations/tsrag/univariate/Coastal_T_S/5T/medium/run_0/metrics.npz
    Saved config to /fslarge/scratch/users/h61084/codes/adaptime/outputs/adaptime/evaluations/tsrag/univariate/Coastal_T_S/5T/medium/run_0/config.json
    Saved aggregate metrics to /fslarge/scratch/users/h61084/codes/adaptime/outputs/adaptime/evaluations/tsrag/univariate/Coastal_T_S/5T/medium/run_0/metrics_summary.json
    Metrics summary (averaged over all series/windows/variates):
      MSE: 117.9387
      MAE: 3.0205
      RMSE: 3.2189
      MAPE: 0.0917
      sMAPE: 0.0722
      MASE: 1.1189
      ND: 0.0674
      CRPS: 0.0674
/fslarge/scratch/users/h61084/codes/adaptime/outputs/adaptime/evaluations/tsrag/univariate/Coastal_T_S/5T/medium/run_0/metrics_summary.json
TIME run allocation action=new run=/fslarge/scratch/users/h61084/codes/adaptime/outputs/adaptime/evaluations/tsrag/univariate/Coastal_T_S/5T/long/run_0 launch_id=selena_adaptime_unified_20260914T204328Z_25264_tsrag slurm_job_id=3427124 launched_at=2026-09-15T03:43:37.893841+00:00
    Total instances: 270, Series during experiment: 54, Windows: 5
    Collecting ground truth and context...
    Detected to_univariate case: 54 flat series -> 18 series x 3 variates
    Organizing data into arrays...
    Saved predictions (quantiles) to /fslarge/scratch/users/h61084/codes/adaptime/outputs/adaptime/evaluations/tsrag/univariate/Coastal_T_S/5T/long/run_0/predictions.npz
    Computing per-window metrics...
    Saved metrics to /fslarge/scratch/users/h61084/codes/adaptime/outputs/adaptime/evaluations/tsrag/univariate/Coastal_T_S/5T/long/run_0/metrics.npz
    Saved config to /fslarge/scratch/users/h61084/codes/adaptime/outputs/adaptime/evaluations/tsrag/univariate/Coastal_T_S/5T/long/run_0/config.json
    Saved aggregate metrics to /fslarge/scratch/users/h61084/codes/adaptime/outputs/adaptime/evaluations/tsrag/univariate/Coastal_T_S/5T/long/run_0/metrics_summary.json
    Metrics summary (averaged over all series/windows/variates):
      MSE: 123.8996
      MAE: 3.1304
      RMSE: 3.4189
      MAPE: 0.0912
      sMAPE: 0.0776
      MASE: 1.5552
      ND: 0.0718
      CRPS: 0.0718
/fslarge/scratch/users/h61084/codes/adaptime/outputs/adaptime/evaluations/tsrag/univariate/Coastal_T_S/5T/long/run_0/metrics_summary.json
TIME run allocation action=new run=/fslarge/scratch/users/h61084/codes/adaptime/outputs/adaptime/evaluations/tsrag/univariate/Coastal_T_S/15T/short/run_0 launch_id=selena_adaptime_unified_20260914T204328Z_25264_tsrag slurm_job_id=3427124 launched_at=2026-09-15T03:43:38.282644+00:00
    Total instances: 1800, Series during experiment: 15, Windows: 120
    Collecting ground truth and context...
    Detected to_univariate case: 15 flat series -> 5 series x 3 variates
    Organizing data into arrays...
    Saved predictions (quantiles) to /fslarge/scratch/users/h61084/codes/adaptime/outputs/adaptime/evaluations/tsrag/univariate/Coastal_T_S/15T/short/run_0/predictions.npz
    Computing per-window metrics...
    Saved metrics to /fslarge/scratch/users/h61084/codes/adaptime/outputs/adaptime/evaluations/tsrag/univariate/Coastal_T_S/15T/short/run_0/metrics.npz
    Saved config to /fslarge/scratch/users/h61084/codes/adaptime/outputs/adaptime/evaluations/tsrag/univariate/Coastal_T_S/15T/short/run_0/config.json
    Saved aggregate metrics to /fslarge/scratch/users/h61084/codes/adaptime/outputs/adaptime/evaluations/tsrag/univariate/Coastal_T_S/15T/short/run_0/metrics_summary.json
    Metrics summary (averaged over all series/windows/variates):
      MSE: 111.0752
      MAE: 4.6570
      RMSE: 4.8515
      MAPE: 0.1344
      sMAPE: 0.1194
      MASE: 1.1296
      ND: 0.1149
      CRPS: 0.1149
/fslarge/scratch/users/h61084/codes/adaptime/outputs/adaptime/evaluations/tsrag/univariate/Coastal_T_S/15T/short/run_0/metrics_summary.json
TIME run allocation action=new run=/fslarge/scratch/users/h61084/codes/adaptime/outputs/adaptime/evaluations/tsrag/univariate/Coastal_T_S/15T/medium/run_0 launch_id=selena_adaptime_unified_20260914T204328Z_25264_tsrag slurm_job_id=3427124 launched_at=2026-09-15T03:43:38.600163+00:00
    Total instances: 225, Series during experiment: 15, Windows: 15
    Collecting ground truth and context...
    Detected to_univariate case: 15 flat series -> 5 series x 3 variates
    Organizing data into arrays...
    Saved predictions (quantiles) to /fslarge/scratch/users/h61084/codes/adaptime/outputs/adaptime/evaluations/tsrag/univariate/Coastal_T_S/15T/medium/run_0/predictions.npz
    Computing per-window metrics...
    Saved metrics to /fslarge/scratch/users/h61084/codes/adaptime/outputs/adaptime/evaluations/tsrag/univariate/Coastal_T_S/15T/medium/run_0/metrics.npz
    Saved config to /fslarge/scratch/users/h61084/codes/adaptime/outputs/adaptime/evaluations/tsrag/univariate/Coastal_T_S/15T/medium/run_0/config.json
    Saved aggregate metrics to /fslarge/scratch/users/h61084/codes/adaptime/outputs/adaptime/evaluations/tsrag/univariate/Coastal_T_S/15T/medium/run_0/metrics_summary.json
    Metrics summary (averaged over all series/windows/variates):
      MSE: 112.3075
      MAE: 4.7241
      RMSE: 4.9157
      MAPE: 0.1392
      sMAPE: 0.1215
      MASE: 1.2859
      ND: 0.1155
      CRPS: 0.1155
/fslarge/scratch/users/h61084/codes/adaptime/outputs/adaptime/evaluations/tsrag/univariate/Coastal_T_S/15T/medium/run_0/metrics_summary.json
TIME run allocation action=new run=/fslarge/scratch/users/h61084/codes/adaptime/outputs/adaptime/evaluations/tsrag/univariate/Coastal_T_S/15T/long/run_0 launch_id=selena_adaptime_unified_20260914T204328Z_25264_tsrag slurm_job_id=3427124 launched_at=2026-09-15T03:43:38.688686+00:00
    Total instances: 75, Series during experiment: 15, Windows: 5
    Collecting ground truth and context...
    Detected to_univariate case: 15 flat series -> 5 series x 3 variates
    Organizing data into arrays...
    Saved predictions (quantiles) to /fslarge/scratch/users/h61084/codes/adaptime/outputs/adaptime/evaluations/tsrag/univariate/Coastal_T_S/15T/long/run_0/predictions.npz
    Computing per-window metrics...
    Saved metrics to /fslarge/scratch/users/h61084/codes/adaptime/outputs/adaptime/evaluations/tsrag/univariate/Coastal_T_S/15T/long/run_0/metrics.npz
    Saved config to /fslarge/scratch/users/h61084/codes/adaptime/outputs/adaptime/evaluations/tsrag/univariate/Coastal_T_S/15T/long/run_0/config.json
    Saved aggregate metrics to /fslarge/scratch/users/h61084/codes/adaptime/outputs/adaptime/evaluations/tsrag/univariate/Coastal_T_S/15T/long/run_0/metrics_summary.json
    Metrics summary (averaged over all series/windows/variates):
      MSE: 109.4436
      MAE: 4.7475
      RMSE: 4.8964
      MAPE: 0.1429
      sMAPE: 0.1227
      MASE: 1.4183
      ND: 0.1165
      CRPS: 0.1165
/fslarge/scratch/users/h61084/codes/adaptime/outputs/adaptime/evaluations/tsrag/univariate/Coastal_T_S/15T/long/run_0/metrics_summary.json
TIME run allocation action=new run=/fslarge/scratch/users/h61084/codes/adaptime/outputs/adaptime/evaluations/tsrag/univariate/Coastal_T_S/20T/short/run_0 launch_id=selena_adaptime_unified_20260914T204328Z_25264_tsrag slurm_job_id=3427124 launched_at=2026-09-15T03:43:38.757011+00:00
    Total instances: 360, Series during experiment: 3, Windows: 120
    Collecting ground truth and context...
    Detected to_univariate case: 3 flat series -> 1 series x 3 variates
    Organizing data into arrays...
    Saved predictions (quantiles) to /fslarge/scratch/users/h61084/codes/adaptime/outputs/adaptime/evaluations/tsrag/univariate/Coastal_T_S/20T/short/run_0/predictions.npz
    Computing per-window metrics...
    Saved metrics to /fslarge/scratch/users/h61084/codes/adaptime/outputs/adaptime/evaluations/tsrag/univariate/Coastal_T_S/20T/short/run_0/metrics.npz
    Saved config to /fslarge/scratch/users/h61084/codes/adaptime/outputs/adaptime/evaluations/tsrag/univariate/Coastal_T_S/20T/short/run_0/config.json
    Saved aggregate metrics to /fslarge/scratch/users/h61084/codes/adaptime/outputs/adaptime/evaluations/tsrag/univariate/Coastal_T_S/20T/short/run_0/metrics_summary.json
    Metrics summary (averaged over all series/windows/variates):
      MSE: 0.0064
      MAE: 0.0558
      RMSE: 0.0638
      MAPE: 0.0023
      sMAPE: 0.0023
      MASE: 0.4510
      ND: 0.0023
      CRPS: 0.0023
/fslarge/scratch/users/h61084/codes/adaptime/outputs/adaptime/evaluations/tsrag/univariate/Coastal_T_S/20T/short/run_0/metrics_summary.json
TIME run allocation action=new run=/fslarge/scratch/users/h61084/codes/adaptime/outputs/adaptime/evaluations/tsrag/univariate/Coastal_T_S/20T/medium/run_0 launch_id=selena_adaptime_unified_20260914T204328Z_25264_tsrag slurm_job_id=3427124 launched_at=2026-09-15T03:43:38.825847+00:00
    Total instances: 45, Series during experiment: 3, Windows: 15
    Collecting ground truth and context...
    Detected to_univariate case: 3 flat series -> 1 series x 3 variates
    Organizing data into arrays...
    Saved predictions (quantiles) to /fslarge/scratch/users/h61084/codes/adaptime/outputs/adaptime/evaluations/tsrag/univariate/Coastal_T_S/20T/medium/run_0/predictions.npz
    Computing per-window metrics...
    Saved metrics to /fslarge/scratch/users/h61084/codes/adaptime/outputs/adaptime/evaluations/tsrag/univariate/Coastal_T_S/20T/medium/run_0/metrics.npz
    Saved config to /fslarge/scratch/users/h61084/codes/adaptime/outputs/adaptime/evaluations/tsrag/univariate/Coastal_T_S/20T/medium/run_0/config.json
    Saved aggregate metrics to /fslarge/scratch/users/h61084/codes/adaptime/outputs/adaptime/evaluations/tsrag/univariate/Coastal_T_S/20T/medium/run_0/metrics_summary.json
    Metrics summary (averaged over all series/windows/variates):
      MSE: 0.1474
      MAE: 0.2822
      RMSE: 0.3426
      MAPE: 0.0123
      sMAPE: 0.0123
      MASE: 2.0181
      ND: 0.0123
      CRPS: 0.0123
/fslarge/scratch/users/h61084/codes/adaptime/outputs/adaptime/evaluations/tsrag/univariate/Coastal_T_S/20T/medium/run_0/metrics_summary.json
TIME run allocation action=new run=/fslarge/scratch/users/h61084/codes/adaptime/outputs/adaptime/evaluations/tsrag/univariate/Coastal_T_S/20T/long/run_0 launch_id=selena_adaptime_unified_20260914T204328Z_25264_tsrag slurm_job_id=3427124 launched_at=2026-09-15T03:43:38.864609+00:00
    Total instances: 15, Series during experiment: 3, Windows: 5
    Collecting ground truth and context...
    Detected to_univariate case: 3 flat series -> 1 series x 3 variates
    Organizing data into arrays...
    Saved predictions (quantiles) to /fslarge/scratch/users/h61084/codes/adaptime/outputs/adaptime/evaluations/tsrag/univariate/Coastal_T_S/20T/long/run_0/predictions.npz
    Computing per-window metrics...
    Saved metrics to /fslarge/scratch/users/h61084/codes/adaptime/outputs/adaptime/evaluations/tsrag/univariate/Coastal_T_S/20T/long/run_0/metrics.npz
    Saved config to /fslarge/scratch/users/h61084/codes/adaptime/outputs/adaptime/evaluations/tsrag/univariate/Coastal_T_S/20T/long/run_0/config.json
    Saved aggregate metrics to /fslarge/scratch/users/h61084/codes/adaptime/outputs/adaptime/evaluations/tsrag/univariate/Coastal_T_S/20T/long/run_0/metrics_summary.json
    Metrics summary (averaged over all series/windows/variates):
      MSE: 0.2111
      MAE: 0.3517
      RMSE: 0.4290
      MAPE: 0.0152
      sMAPE: 0.0153
      MASE: 2.5626
      ND: 0.0153
      CRPS: 0.0153
/fslarge/scratch/users/h61084/codes/adaptime/outputs/adaptime/evaluations/tsrag/univariate/Coastal_T_S/20T/long/run_0/metrics_summary.json
TIME run allocation action=new run=/fslarge/scratch/users/h61084/codes/adaptime/outputs/adaptime/evaluations/tsrag/univariate/Coastal_T_S/H/short/run_0 launch_id=selena_adaptime_unified_20260914T204328Z_25264_tsrag slurm_job_id=3427124 launched_at=2026-09-15T03:43:38.900897+00:00
    Total instances: 2016, Series during experiment: 72, Windows: 28
    Collecting ground truth and context...
    Detected to_univariate case: 72 flat series -> 24 series x 3 variates
    Organizing data into arrays...
    Saved predictions (quantiles) to /fslarge/scratch/users/h61084/codes/adaptime/outputs/adaptime/evaluations/tsrag/univariate/Coastal_T_S/H/short/run_0/predictions.npz
    Computing per-window metrics...
    Saved metrics to /fslarge/scratch/users/h61084/codes/adaptime/outputs/adaptime/evaluations/tsrag/univariate/Coastal_T_S/H/short/run_0/metrics.npz
    Saved config to /fslarge/scratch/users/h61084/codes/adaptime/outputs/adaptime/evaluations/tsrag/univariate/Coastal_T_S/H/short/run_0/config.json
    Saved aggregate metrics to /fslarge/scratch/users/h61084/codes/adaptime/outputs/adaptime/evaluations/tsrag/univariate/Coastal_T_S/H/short/run_0/metrics_summary.json
    Metrics summary (averaged over all series/windows/variates):
      MSE: 14.5924
      MAE: 1.0799
      RMSE: 1.3386
      MAPE: 0.0294
      sMAPE: 0.0275
      MASE: 0.9169
      ND: 0.0272
      CRPS: 0.0272
/fslarge/scratch/users/h61084/codes/adaptime/outputs/adaptime/evaluations/tsrag/univariate/Coastal_T_S/H/short/run_0/metrics_summary.json
TIME run allocation action=new run=/fslarge/scratch/users/h61084/codes/adaptime/outputs/adaptime/evaluations/tsrag/univariate/Coastal_T_S/H/medium/run_0 launch_id=selena_adaptime_unified_20260914T204328Z_25264_tsrag slurm_job_id=3427124 launched_at=2026-09-15T03:43:39.140061+00:00
    Total instances: 288, Series during experiment: 72, Windows: 4
    Collecting ground truth and context...
    Detected to_univariate case: 72 flat series -> 24 series x 3 variates
    Organizing data into arrays...
    Saved predictions (quantiles) to /fslarge/scratch/users/h61084/codes/adaptime/outputs/adaptime/evaluations/tsrag/univariate/Coastal_T_S/H/medium/run_0/predictions.npz
    Computing per-window metrics...
    Saved metrics to /fslarge/scratch/users/h61084/codes/adaptime/outputs/adaptime/evaluations/tsrag/univariate/Coastal_T_S/H/medium/run_0/metrics.npz
    Saved config to /fslarge/scratch/users/h61084/codes/adaptime/outputs/adaptime/evaluations/tsrag/univariate/Coastal_T_S/H/medium/run_0/config.json
    Saved aggregate metrics to /fslarge/scratch/users/h61084/codes/adaptime/outputs/adaptime/evaluations/tsrag/univariate/Coastal_T_S/H/medium/run_0/metrics_summary.json
    Metrics summary (averaged over all series/windows/variates):
      MSE: 21.7698
      MAE: 1.3562
      RMSE: 1.6914
      MAPE: 0.0415
      sMAPE: 0.0363
      MASE: 1.6218
      ND: 0.0392
      CRPS: 0.0392
/fslarge/scratch/users/h61084/codes/adaptime/outputs/adaptime/evaluations/tsrag/univariate/Coastal_T_S/H/medium/run_0/metrics_summary.json
TIME run allocation action=new run=/fslarge/scratch/users/h61084/codes/adaptime/outputs/adaptime/evaluations/tsrag/univariate/Coastal_T_S/H/long/run_0 launch_id=selena_adaptime_unified_20260914T204328Z_25264_tsrag slurm_job_id=3427124 launched_at=2026-09-15T03:43:39.223990+00:00
    Total instances: 144, Series during experiment: 72, Windows: 2
    Collecting ground truth and context...
    Detected to_univariate case: 72 flat series -> 24 series x 3 variates
    Organizing data into arrays...
    Saved predictions (quantiles) to /fslarge/scratch/users/h61084/codes/adaptime/outputs/adaptime/evaluations/tsrag/univariate/Coastal_T_S/H/long/run_0/predictions.npz
    Computing per-window metrics...
    Saved metrics to /fslarge/scratch/users/h61084/codes/adaptime/outputs/adaptime/evaluations/tsrag/univariate/Coastal_T_S/H/long/run_0/metrics.npz
    Saved config to /fslarge/scratch/users/h61084/codes/adaptime/outputs/adaptime/evaluations/tsrag/univariate/Coastal_T_S/H/long/run_0/config.json
    Saved aggregate metrics to /fslarge/scratch/users/h61084/codes/adaptime/outputs/adaptime/evaluations/tsrag/univariate/Coastal_T_S/H/long/run_0/metrics_summary.json
    Metrics summary (averaged over all series/windows/variates):
      MSE: 40.4810
      MAE: 1.8561
      RMSE: 2.2712
      MAPE: 0.0541
      sMAPE: 0.0507
      MASE: 2.6037
      ND: 0.0488
      CRPS: 0.0488
/fslarge/scratch/users/h61084/codes/adaptime/outputs/adaptime/evaluations/tsrag/univariate/Coastal_T_S/H/long/run_0/metrics_summary.json
TIME run allocation action=new run=/fslarge/scratch/users/h61084/codes/adaptime/outputs/adaptime/evaluations/tsrag/univariate/SG_Weather/D/short/run_0 launch_id=selena_adaptime_unified_20260914T204328Z_25264_tsrag slurm_job_id=3427124 launched_at=2026-09-15T03:43:39.295111+00:00
    Total instances: 2928, Series during experiment: 24, Windows: 122
    Collecting ground truth and context...
    Detected to_univariate case: 24 flat series -> 6 series x 4 variates
    Organizing data into arrays...
    Saved predictions (quantiles) to /fslarge/scratch/users/h61084/codes/adaptime/outputs/adaptime/evaluations/tsrag/univariate/SG_Weather/D/short/run_0/predictions.npz
    Computing per-window metrics...
    Saved metrics to /fslarge/scratch/users/h61084/codes/adaptime/outputs/adaptime/evaluations/tsrag/univariate/SG_Weather/D/short/run_0/metrics.npz
    Saved config to /fslarge/scratch/users/h61084/codes/adaptime/outputs/adaptime/evaluations/tsrag/univariate/SG_Weather/D/short/run_0/config.json
    Saved aggregate metrics to /fslarge/scratch/users/h61084/codes/adaptime/outputs/adaptime/evaluations/tsrag/univariate/SG_Weather/D/short/run_0/metrics_summary.json
    Metrics summary (averaged over all series/windows/variates):
      MSE: 2268.2581
      MAE: 17.0659
      RMSE: 20.0979
      MAPE: 0.3431
      sMAPE: 0.2193
      MASE: 0.8503
      ND: 0.2265
      CRPS: 0.2265
/fslarge/scratch/users/h61084/codes/adaptime/outputs/adaptime/evaluations/tsrag/univariate/SG_Weather/D/short/run_0/metrics_summary.json
TIME run allocation action=new run=/fslarge/scratch/users/h61084/codes/adaptime/outputs/adaptime/evaluations/tsrag/univariate/SG_Weather/D/medium/run_0 launch_id=selena_adaptime_unified_20260914T204328Z_25264_tsrag slurm_job_id=3427124 launched_at=2026-09-15T03:43:39.539504+00:00
    Total instances: 1248, Series during experiment: 24, Windows: 52
    Collecting ground truth and context...
    Detected to_univariate case: 24 flat series -> 6 series x 4 variates
    Organizing data into arrays...
    Saved predictions (quantiles) to /fslarge/scratch/users/h61084/codes/adaptime/outputs/adaptime/evaluations/tsrag/univariate/SG_Weather/D/medium/run_0/predictions.npz
    Computing per-window metrics...
    Saved metrics to /fslarge/scratch/users/h61084/codes/adaptime/outputs/adaptime/evaluations/tsrag/univariate/SG_Weather/D/medium/run_0/metrics.npz
    Saved config to /fslarge/scratch/users/h61084/codes/adaptime/outputs/adaptime/evaluations/tsrag/univariate/SG_Weather/D/medium/run_0/config.json
    Saved aggregate metrics to /fslarge/scratch/users/h61084/codes/adaptime/outputs/adaptime/evaluations/tsrag/univariate/SG_Weather/D/medium/run_0/metrics_summary.json
    Metrics summary (averaged over all series/windows/variates):
      MSE: 2293.0161
      MAE: 17.4155
      RMSE: 22.1103
      MAPE: 0.3482
      sMAPE: 0.2234
      MASE: 0.8850
      ND: 0.2168
      CRPS: 0.2168
/fslarge/scratch/users/h61084/codes/adaptime/outputs/adaptime/evaluations/tsrag/univariate/SG_Weather/D/medium/run_0/metrics_summary.json
TIME run allocation action=new run=/fslarge/scratch/users/h61084/codes/adaptime/outputs/adaptime/evaluations/tsrag/univariate/SG_Weather/D/long/run_0 launch_id=selena_adaptime_unified_20260914T204328Z_25264_tsrag slurm_job_id=3427124 launched_at=2026-09-15T03:43:39.663881+00:00
    Total instances: 624, Series during experiment: 24, Windows: 26
    Collecting ground truth and context...
    Detected to_univariate case: 24 flat series -> 6 series x 4 variates
    Organizing data into arrays...
    Saved predictions (quantiles) to /fslarge/scratch/users/h61084/codes/adaptime/outputs/adaptime/evaluations/tsrag/univariate/SG_Weather/D/long/run_0/predictions.npz
    Computing per-window metrics...
    Saved metrics to /fslarge/scratch/users/h61084/codes/adaptime/outputs/adaptime/evaluations/tsrag/univariate/SG_Weather/D/long/run_0/metrics.npz
    Saved config to /fslarge/scratch/users/h61084/codes/adaptime/outputs/adaptime/evaluations/tsrag/univariate/SG_Weather/D/long/run_0/config.json
    Saved aggregate metrics to /fslarge/scratch/users/h61084/codes/adaptime/outputs/adaptime/evaluations/tsrag/univariate/SG_Weather/D/long/run_0/metrics_summary.json
    Metrics summary (averaged over all series/windows/variates):
      MSE: 2284.1942
      MAE: 17.4142
      RMSE: 22.9106
      MAPE: 0.3499
      sMAPE: 0.2253
      MASE: 0.8988
      ND: 0.2139
      CRPS: 0.2139
/fslarge/scratch/users/h61084/codes/adaptime/outputs/adaptime/evaluations/tsrag/univariate/SG_Weather/D/long/run_0/metrics_summary.json
TIME run allocation action=new run=/fslarge/scratch/users/h61084/codes/adaptime/outputs/adaptime/evaluations/tsrag/univariate/SG_PM25/H/short/run_0 launch_id=selena_adaptime_unified_20260914T204328Z_25264_tsrag slurm_job_id=3427124 launched_at=2026-09-15T03:43:39.745983+00:00
    Total instances: 460, Series during experiment: 5, Windows: 92
    Collecting ground truth and context...
    Detected to_univariate case: 5 flat series -> 1 series x 5 variates
    Organizing data into arrays...
    Saved predictions (quantiles) to /fslarge/scratch/users/h61084/codes/adaptime/outputs/adaptime/evaluations/tsrag/univariate/SG_PM25/H/short/run_0/predictions.npz
    Computing per-window metrics...
    Saved metrics to /fslarge/scratch/users/h61084/codes/adaptime/outputs/adaptime/evaluations/tsrag/univariate/SG_PM25/H/short/run_0/metrics.npz
    Saved config to /fslarge/scratch/users/h61084/codes/adaptime/outputs/adaptime/evaluations/tsrag/univariate/SG_PM25/H/short/run_0/config.json
    Saved aggregate metrics to /fslarge/scratch/users/h61084/codes/adaptime/outputs/adaptime/evaluations/tsrag/univariate/SG_PM25/H/short/run_0/metrics_summary.json
    Metrics summary (averaged over all series/windows/variates):
      MSE: 37.3527
      MAE: 4.3183
      RMSE: 5.3635
      MAPE: 0.4708
      sMAPE: 0.3880
      MASE: 0.8225
      ND: 0.3930
      CRPS: 0.3930
/fslarge/scratch/users/h61084/codes/adaptime/outputs/adaptime/evaluations/tsrag/univariate/SG_PM25/H/short/run_0/metrics_summary.json
TIME run allocation action=new run=/fslarge/scratch/users/h61084/codes/adaptime/outputs/adaptime/evaluations/tsrag/univariate/SG_PM25/H/medium/run_0 launch_id=selena_adaptime_unified_20260914T204328Z_25264_tsrag slurm_job_id=3427124 launched_at=2026-09-15T03:43:39.905219+00:00
    Total instances: 150, Series during experiment: 5, Windows: 30
    Collecting ground truth and context...
    Detected to_univariate case: 5 flat series -> 1 series x 5 variates
    Organizing data into arrays...
    Saved predictions (quantiles) to /fslarge/scratch/users/h61084/codes/adaptime/outputs/adaptime/evaluations/tsrag/univariate/SG_PM25/H/medium/run_0/predictions.npz
    Computing per-window metrics...
    Saved metrics to /fslarge/scratch/users/h61084/codes/adaptime/outputs/adaptime/evaluations/tsrag/univariate/SG_PM25/H/medium/run_0/metrics.npz
    Saved config to /fslarge/scratch/users/h61084/codes/adaptime/outputs/adaptime/evaluations/tsrag/univariate/SG_PM25/H/medium/run_0/config.json
    Saved aggregate metrics to /fslarge/scratch/users/h61084/codes/adaptime/outputs/adaptime/evaluations/tsrag/univariate/SG_PM25/H/medium/run_0/metrics_summary.json
    Metrics summary (averaged over all series/windows/variates):
      MSE: 53.9004
      MAE: 5.5724
      RMSE: 7.2386
      MAPE: 0.5016
      sMAPE: 0.4547
      MASE: 1.1023
      ND: 0.4173
      CRPS: 0.4173
/fslarge/scratch/users/h61084/codes/adaptime/outputs/adaptime/evaluations/tsrag/univariate/SG_PM25/H/medium/run_0/metrics_summary.json
TIME run allocation action=new run=/fslarge/scratch/users/h61084/codes/adaptime/outputs/adaptime/evaluations/tsrag/univariate/SG_PM25/H/long/run_0 launch_id=selena_adaptime_unified_20260914T204328Z_25264_tsrag slurm_job_id=3427124 launched_at=2026-09-15T03:43:40.004599+00:00
    Total instances: 65, Series during experiment: 5, Windows: 13
    Collecting ground truth and context...
    Detected to_univariate case: 5 flat series -> 1 series x 5 variates
    Organizing data into arrays...
    Saved predictions (quantiles) to /fslarge/scratch/users/h61084/codes/adaptime/outputs/adaptime/evaluations/tsrag/univariate/SG_PM25/H/long/run_0/predictions.npz
    Computing per-window metrics...
    Saved metrics to /fslarge/scratch/users/h61084/codes/adaptime/outputs/adaptime/evaluations/tsrag/univariate/SG_PM25/H/long/run_0/metrics.npz
    Saved config to /fslarge/scratch/users/h61084/codes/adaptime/outputs/adaptime/evaluations/tsrag/univariate/SG_PM25/H/long/run_0/config.json
    Saved aggregate metrics to /fslarge/scratch/users/h61084/codes/adaptime/outputs/adaptime/evaluations/tsrag/univariate/SG_PM25/H/long/run_0/metrics_summary.json
    Metrics summary (averaged over all series/windows/variates):
      MSE: 25.9031
      MAE: 4.0157
      RMSE: 5.0895
      MAPE: 0.5634
      sMAPE: 0.3843
      MASE: 0.8612
      ND: 0.3564
      CRPS: 0.3564
/fslarge/scratch/users/h61084/codes/adaptime/outputs/adaptime/evaluations/tsrag/univariate/SG_PM25/H/long/run_0/metrics_summary.json
TIME run allocation action=new run=/fslarge/scratch/users/h61084/codes/adaptime/outputs/adaptime/evaluations/tsrag/univariate/NE_China_Wind/H/short/run_0 launch_id=selena_adaptime_unified_20260914T204328Z_25264_tsrag slurm_job_id=3427124 launched_at=2026-09-15T03:43:40.086496+00:00
    Total instances: 120, Series during experiment: 4, Windows: 30
    Collecting ground truth and context...
    Detected to_univariate case: 4 flat series -> 1 series x 4 variates
    Organizing data into arrays...
    Saved predictions (quantiles) to /fslarge/scratch/users/h61084/codes/adaptime/outputs/adaptime/evaluations/tsrag/univariate/NE_China_Wind/H/short/run_0/predictions.npz
    Computing per-window metrics...
    Saved metrics to /fslarge/scratch/users/h61084/codes/adaptime/outputs/adaptime/evaluations/tsrag/univariate/NE_China_Wind/H/short/run_0/metrics.npz
    Saved config to /fslarge/scratch/users/h61084/codes/adaptime/outputs/adaptime/evaluations/tsrag/univariate/NE_China_Wind/H/short/run_0/config.json
    Saved aggregate metrics to /fslarge/scratch/users/h61084/codes/adaptime/outputs/adaptime/evaluations/tsrag/univariate/NE_China_Wind/H/short/run_0/metrics_summary.json
    Metrics summary (averaged over all series/windows/variates):
      MSE: 0.0986
      MAE: 0.2133
      RMSE: 0.2496
      MAPE: 0.8395
      sMAPE: 0.4869
      MASE: 0.5042
      ND: 0.4323
      CRPS: 0.4323
/fslarge/scratch/users/h61084/codes/adaptime/outputs/adaptime/evaluations/tsrag/univariate/NE_China_Wind/H/short/run_0/metrics_summary.json
TIME run allocation action=new run=/fslarge/scratch/users/h61084/codes/adaptime/outputs/adaptime/evaluations/tsrag/univariate/NE_China_Wind/H/medium/run_0 launch_id=selena_adaptime_unified_20260914T204328Z_25264_tsrag slurm_job_id=3427124 launched_at=2026-09-15T03:43:40.136954+00:00
    Total instances: 40, Series during experiment: 4, Windows: 10
    Collecting ground truth and context...
    Detected to_univariate case: 4 flat series -> 1 series x 4 variates
    Organizing data into arrays...
    Saved predictions (quantiles) to /fslarge/scratch/users/h61084/codes/adaptime/outputs/adaptime/evaluations/tsrag/univariate/NE_China_Wind/H/medium/run_0/predictions.npz
    Computing per-window metrics...
    Saved metrics to /fslarge/scratch/users/h61084/codes/adaptime/outputs/adaptime/evaluations/tsrag/univariate/NE_China_Wind/H/medium/run_0/metrics.npz
    Saved config to /fslarge/scratch/users/h61084/codes/adaptime/outputs/adaptime/evaluations/tsrag/univariate/NE_China_Wind/H/medium/run_0/config.json
    Saved aggregate metrics to /fslarge/scratch/users/h61084/codes/adaptime/outputs/adaptime/evaluations/tsrag/univariate/NE_China_Wind/H/medium/run_0/metrics_summary.json
    Metrics summary (averaged over all series/windows/variates):
      MSE: 0.2402
      MAE: 0.3527
      RMSE: 0.4148
      MAPE: 1.1385
      sMAPE: 0.7005
      MASE: 0.8704
      ND: 0.5916
      CRPS: 0.5916
/fslarge/scratch/users/h61084/codes/adaptime/outputs/adaptime/evaluations/tsrag/univariate/NE_China_Wind/H/medium/run_0/metrics_summary.json
TIME run allocation action=new run=/fslarge/scratch/users/h61084/codes/adaptime/outputs/adaptime/evaluations/tsrag/univariate/NE_China_Wind/H/long/run_0 launch_id=selena_adaptime_unified_20260914T204328Z_25264_tsrag slurm_job_id=3427124 launched_at=2026-09-15T03:43:40.176548+00:00
    Total instances: 16, Series during experiment: 4, Windows: 4
    Collecting ground truth and context...
    Detected to_univariate case: 4 flat series -> 1 series x 4 variates
    Organizing data into arrays...
    Saved predictions (quantiles) to /fslarge/scratch/users/h61084/codes/adaptime/outputs/adaptime/evaluations/tsrag/univariate/NE_China_Wind/H/long/run_0/predictions.npz
    Computing per-window metrics...
    Saved metrics to /fslarge/scratch/users/h61084/codes/adaptime/outputs/adaptime/evaluations/tsrag/univariate/NE_China_Wind/H/long/run_0/metrics.npz
    Saved config to /fslarge/scratch/users/h61084/codes/adaptime/outputs/adaptime/evaluations/tsrag/univariate/NE_China_Wind/H/long/run_0/config.json
    Saved aggregate metrics to /fslarge/scratch/users/h61084/codes/adaptime/outputs/adaptime/evaluations/tsrag/univariate/NE_China_Wind/H/long/run_0/metrics_summary.json
    Metrics summary (averaged over all series/windows/variates):
      MSE: 0.3046
      MAE: 0.4205
      RMSE: 0.5188
      MAPE: 1.2195
      sMAPE: 0.7798
      MASE: 1.1074
      ND: 0.5942
      CRPS: 0.5942
/fslarge/scratch/users/h61084/codes/adaptime/outputs/adaptime/evaluations/tsrag/univariate/NE_China_Wind/H/long/run_0/metrics_summary.json
TIME run allocation action=new run=/fslarge/scratch/users/h61084/codes/adaptime/outputs/adaptime/evaluations/tsrag/univariate/Australia_Solar/H/short/run_0 launch_id=selena_adaptime_unified_20260914T204328Z_25264_tsrag slurm_job_id=3427124 launched_at=2026-09-15T03:43:40.214951+00:00
    Total instances: 315, Series during experiment: 3, Windows: 105
    Collecting ground truth and context...
    Detected to_univariate case: 3 flat series -> 1 series x 3 variates
    Organizing data into arrays...
    ⚠️  Predictions max value (1848281.62) exceeds float16 safe range.
    ⚠️  Applying scale factor: 100 (values will be divided)
    Saved predictions (quantiles) to /fslarge/scratch/users/h61084/codes/adaptime/outputs/adaptime/evaluations/tsrag/univariate/Australia_Solar/H/short/run_0/predictions.npz
    Computing per-window metrics...
    Saved metrics to /fslarge/scratch/users/h61084/codes/adaptime/outputs/adaptime/evaluations/tsrag/univariate/Australia_Solar/H/short/run_0/metrics.npz
    Saved config to /fslarge/scratch/users/h61084/codes/adaptime/outputs/adaptime/evaluations/tsrag/univariate/Australia_Solar/H/short/run_0/config.json
    Saved aggregate metrics to /fslarge/scratch/users/h61084/codes/adaptime/outputs/adaptime/evaluations/tsrag/univariate/Australia_Solar/H/short/run_0/metrics_summary.json
    Metrics summary (averaged over all series/windows/variates):
      MSE: 25681174568.9489
      MAE: 80595.9907
      RMSE: 105275.9097
      MAPE: 201.8888
      sMAPE: 0.5864
      MASE: 1.0930
      ND: 0.3179
      CRPS: 0.3179
/fslarge/scratch/users/h61084/codes/adaptime/outputs/adaptime/evaluations/tsrag/univariate/Australia_Solar/H/short/run_0/metrics_summary.json
TIME run allocation action=new run=/fslarge/scratch/users/h61084/codes/adaptime/outputs/adaptime/evaluations/tsrag/univariate/Australia_Solar/H/medium/run_0 launch_id=selena_adaptime_unified_20260914T204328Z_25264_tsrag slurm_job_id=3427124 launched_at=2026-09-15T03:43:40.323636+00:00
    Total instances: 105, Series during experiment: 3, Windows: 35
    Collecting ground truth and context...
    Detected to_univariate case: 3 flat series -> 1 series x 3 variates
    Organizing data into arrays...
    Saved predictions (quantiles) to /fslarge/scratch/users/h61084/codes/adaptime/outputs/adaptime/evaluations/tsrag/univariate/Australia_Solar/H/medium/run_0/predictions.npz
    Computing per-window metrics...
    Saved metrics to /fslarge/scratch/users/h61084/codes/adaptime/outputs/adaptime/evaluations/tsrag/univariate/Australia_Solar/H/medium/run_0/metrics.npz
    Saved config to /fslarge/scratch/users/h61084/codes/adaptime/outputs/adaptime/evaluations/tsrag/univariate/Australia_Solar/H/medium/run_0/config.json
    Saved aggregate metrics to /fslarge/scratch/users/h61084/codes/adaptime/outputs/adaptime/evaluations/tsrag/univariate/Australia_Solar/H/medium/run_0/metrics_summary.json
    Metrics summary (averaged over all series/windows/variates):
      MSE: 68518042127.7596
      MAE: 150738.4223
      RMSE: 235354.0641
      MAPE: 61.2250
      sMAPE: 0.8530
      MASE: 1.1807
      ND: 0.2854
      CRPS: 0.2854
/fslarge/scratch/users/h61084/codes/adaptime/outputs/adaptime/evaluations/tsrag/univariate/Australia_Solar/H/medium/run_0/metrics_summary.json
TIME run allocation action=new run=/fslarge/scratch/users/h61084/codes/adaptime/outputs/adaptime/evaluations/tsrag/univariate/Australia_Solar/H/long/run_0 launch_id=selena_adaptime_unified_20260914T204328Z_25264_tsrag slurm_job_id=3427124 launched_at=2026-09-15T03:43:40.393264+00:00
    Total instances: 45, Series during experiment: 3, Windows: 15
    Collecting ground truth and context...
    Detected to_univariate case: 3 flat series -> 1 series x 3 variates
    Organizing data into arrays...
    Saved predictions (quantiles) to /fslarge/scratch/users/h61084/codes/adaptime/outputs/adaptime/evaluations/tsrag/univariate/Australia_Solar/H/long/run_0/predictions.npz
    Computing per-window metrics...
    Saved metrics to /fslarge/scratch/users/h61084/codes/adaptime/outputs/adaptime/evaluations/tsrag/univariate/Australia_Solar/H/long/run_0/metrics.npz
    Saved config to /fslarge/scratch/users/h61084/codes/adaptime/outputs/adaptime/evaluations/tsrag/univariate/Australia_Solar/H/long/run_0/config.json
    Saved aggregate metrics to /fslarge/scratch/users/h61084/codes/adaptime/outputs/adaptime/evaluations/tsrag/univariate/Australia_Solar/H/long/run_0/metrics_summary.json
    Metrics summary (averaged over all series/windows/variates):
      MSE: 65204158377.6320
      MAE: 144674.7915
      RMSE: 245153.0779
      MAPE: 68.7208
      sMAPE: 0.8617
      MASE: 1.1332
      ND: 0.2593
      CRPS: 0.2593
/fslarge/scratch/users/h61084/codes/adaptime/outputs/adaptime/evaluations/tsrag/univariate/Australia_Solar/H/long/run_0/metrics_summary.json
TIME run allocation action=new run=/fslarge/scratch/users/h61084/codes/adaptime/outputs/adaptime/evaluations/tsrag/univariate/epf_electricity_price/H/short/run_0 launch_id=selena_adaptime_unified_20260914T204328Z_25264_tsrag slurm_job_id=3427124 launched_at=2026-09-15T03:43:40.452762+00:00
    Total instances: 525, Series during experiment: 5, Windows: 105
    Collecting ground truth and context...
    Organizing data into arrays...
    Saved predictions (quantiles) to /fslarge/scratch/users/h61084/codes/adaptime/outputs/adaptime/evaluations/tsrag/univariate/epf_electricity_price/H/short/run_0/predictions.npz
    Computing per-window metrics...
    Saved metrics to /fslarge/scratch/users/h61084/codes/adaptime/outputs/adaptime/evaluations/tsrag/univariate/epf_electricity_price/H/short/run_0/metrics.npz
    Saved config to /fslarge/scratch/users/h61084/codes/adaptime/outputs/adaptime/evaluations/tsrag/univariate/epf_electricity_price/H/short/run_0/config.json
    Saved aggregate metrics to /fslarge/scratch/users/h61084/codes/adaptime/outputs/adaptime/evaluations/tsrag/univariate/epf_electricity_price/H/short/run_0/metrics_summary.json
    Metrics summary (averaged over all series/windows/variates):
      MSE: 124.7437
      MAE: 6.1625
      RMSE: 7.7596
      MAPE: 1.1077
      sMAPE: 0.1560
      MASE: 0.9623
      ND: 0.1589
      CRPS: 0.1589
/fslarge/scratch/users/h61084/codes/adaptime/outputs/adaptime/evaluations/tsrag/univariate/epf_electricity_price/H/short/run_0/metrics_summary.json
TIME run allocation action=new run=/fslarge/scratch/users/h61084/codes/adaptime/outputs/adaptime/evaluations/tsrag/univariate/epf_electricity_price/H/medium/run_0 launch_id=selena_adaptime_unified_20260914T204328Z_25264_tsrag slurm_job_id=3427124 launched_at=2026-09-15T03:43:40.634888+00:00
    Total instances: 175, Series during experiment: 5, Windows: 35
    Collecting ground truth and context...
    Organizing data into arrays...
    Saved predictions (quantiles) to /fslarge/scratch/users/h61084/codes/adaptime/outputs/adaptime/evaluations/tsrag/univariate/epf_electricity_price/H/medium/run_0/predictions.npz
    Computing per-window metrics...
    Saved metrics to /fslarge/scratch/users/h61084/codes/adaptime/outputs/adaptime/evaluations/tsrag/univariate/epf_electricity_price/H/medium/run_0/metrics.npz
    Saved config to /fslarge/scratch/users/h61084/codes/adaptime/outputs/adaptime/evaluations/tsrag/univariate/epf_electricity_price/H/medium/run_0/config.json
    Saved aggregate metrics to /fslarge/scratch/users/h61084/codes/adaptime/outputs/adaptime/evaluations/tsrag/univariate/epf_electricity_price/H/medium/run_0/metrics_summary.json
    Metrics summary (averaged over all series/windows/variates):
      MSE: 188.4446
      MAE: 7.6810
      RMSE: 10.1262
      MAPE: 1.6612
      sMAPE: 0.1906
      MASE: 1.2183
      ND: 0.1879
      CRPS: 0.1879
/fslarge/scratch/users/h61084/codes/adaptime/outputs/adaptime/evaluations/tsrag/univariate/epf_electricity_price/H/medium/run_0/metrics_summary.json
TIME run allocation action=new run=/fslarge/scratch/users/h61084/codes/adaptime/outputs/adaptime/evaluations/tsrag/univariate/epf_electricity_price/H/long/run_0 launch_id=selena_adaptime_unified_20260914T204328Z_25264_tsrag slurm_job_id=3427124 launched_at=2026-09-15T03:43:40.721821+00:00
    Total instances: 75, Series during experiment: 5, Windows: 15
    Collecting ground truth and context...
    Organizing data into arrays...
    Saved predictions (quantiles) to /fslarge/scratch/users/h61084/codes/adaptime/outputs/adaptime/evaluations/tsrag/univariate/epf_electricity_price/H/long/run_0/predictions.npz
    Computing per-window metrics...
    Saved metrics to /fslarge/scratch/users/h61084/codes/adaptime/outputs/adaptime/evaluations/tsrag/univariate/epf_electricity_price/H/long/run_0/metrics.npz
    Saved config to /fslarge/scratch/users/h61084/codes/adaptime/outputs/adaptime/evaluations/tsrag/univariate/epf_electricity_price/H/long/run_0/config.json
    Saved aggregate metrics to /fslarge/scratch/users/h61084/codes/adaptime/outputs/adaptime/evaluations/tsrag/univariate/epf_electricity_price/H/long/run_0/metrics_summary.json
    Metrics summary (averaged over all series/windows/variates):
      MSE: 211.7826
      MAE: 8.5054
      RMSE: 11.8612
      MAPE: 1.5736
      sMAPE: 0.2093
      MASE: 1.3996
      ND: 0.1986
      CRPS: 0.1986
/fslarge/scratch/users/h61084/codes/adaptime/outputs/adaptime/evaluations/tsrag/univariate/epf_electricity_price/H/long/run_0/metrics_summary.json
TIME run allocation action=new run=/fslarge/scratch/users/h61084/codes/adaptime/outputs/adaptime/evaluations/tsrag/univariate/OpenElectricity_NEM/5T/short/run_0 launch_id=selena_adaptime_unified_20260914T204328Z_25264_tsrag slurm_job_id=3427124 launched_at=2026-09-15T03:43:40.789172+00:00
    Total instances: 1680, Series during experiment: 10, Windows: 168
    Collecting ground truth and context...
    Detected to_univariate case: 10 flat series -> 1 series x 10 variates
    Organizing data into arrays...
    Saved predictions (quantiles) to /fslarge/scratch/users/h61084/codes/adaptime/outputs/adaptime/evaluations/tsrag/univariate/OpenElectricity_NEM/5T/short/run_0/predictions.npz
    Computing per-window metrics...
    Saved metrics to /fslarge/scratch/users/h61084/codes/adaptime/outputs/adaptime/evaluations/tsrag/univariate/OpenElectricity_NEM/5T/short/run_0/metrics.npz
    Saved config to /fslarge/scratch/users/h61084/codes/adaptime/outputs/adaptime/evaluations/tsrag/univariate/OpenElectricity_NEM/5T/short/run_0/config.json
    Saved aggregate metrics to /fslarge/scratch/users/h61084/codes/adaptime/outputs/adaptime/evaluations/tsrag/univariate/OpenElectricity_NEM/5T/short/run_0/metrics_summary.json
    Metrics summary (averaged over all series/windows/variates):
      MSE: 9329.7484
      MAE: 49.6822
      RMSE: 58.8919
      MAPE: 3.5202
      sMAPE: 0.1567
      MASE: 0.3870
      ND: 0.1487
      CRPS: 0.1487
/fslarge/scratch/users/h61084/codes/adaptime/outputs/adaptime/evaluations/tsrag/univariate/OpenElectricity_NEM/5T/short/run_0/metrics_summary.json
TIME run allocation action=new run=/fslarge/scratch/users/h61084/codes/adaptime/outputs/adaptime/evaluations/tsrag/univariate/OpenElectricity_NEM/5T/medium/run_0 launch_id=selena_adaptime_unified_20260914T204328Z_25264_tsrag slurm_job_id=3427124 launched_at=2026-09-15T03:43:41.270565+00:00
    Total instances: 420, Series during experiment: 10, Windows: 42
    Collecting ground truth and context...
    Detected to_univariate case: 10 flat series -> 1 series x 10 variates
    Organizing data into arrays...
    Saved predictions (quantiles) to /fslarge/scratch/users/h61084/codes/adaptime/outputs/adaptime/evaluations/tsrag/univariate/OpenElectricity_NEM/5T/medium/run_0/predictions.npz
    Computing per-window metrics...
    Saved metrics to /fslarge/scratch/users/h61084/codes/adaptime/outputs/adaptime/evaluations/tsrag/univariate/OpenElectricity_NEM/5T/medium/run_0/metrics.npz
    Saved config to /fslarge/scratch/users/h61084/codes/adaptime/outputs/adaptime/evaluations/tsrag/univariate/OpenElectricity_NEM/5T/medium/run_0/config.json
    Saved aggregate metrics to /fslarge/scratch/users/h61084/codes/adaptime/outputs/adaptime/evaluations/tsrag/univariate/OpenElectricity_NEM/5T/medium/run_0/metrics_summary.json
    Metrics summary (averaged over all series/windows/variates):
      MSE: 191493.4289
      MAE: 202.6557
      RMSE: 258.3281
      MAPE: 7.2517
      sMAPE: 0.2919
      MASE: 1.0319
      ND: 0.2906
      CRPS: 0.2906
/fslarge/scratch/users/h61084/codes/adaptime/outputs/adaptime/evaluations/tsrag/univariate/OpenElectricity_NEM/5T/medium/run_0/metrics_summary.json
TIME run allocation action=new run=/fslarge/scratch/users/h61084/codes/adaptime/outputs/adaptime/evaluations/tsrag/univariate/OpenElectricity_NEM/5T/long/run_0 launch_id=selena_adaptime_unified_20260914T204328Z_25264_tsrag slurm_job_id=3427124 launched_at=2026-09-15T03:43:41.478737+00:00
    Total instances: 140, Series during experiment: 10, Windows: 14
    Collecting ground truth and context...
    Detected to_univariate case: 10 flat series -> 1 series x 10 variates
    Organizing data into arrays...
    Saved predictions (quantiles) to /fslarge/scratch/users/h61084/codes/adaptime/outputs/adaptime/evaluations/tsrag/univariate/OpenElectricity_NEM/5T/long/run_0/predictions.npz
    Computing per-window metrics...
    Saved metrics to /fslarge/scratch/users/h61084/codes/adaptime/outputs/adaptime/evaluations/tsrag/univariate/OpenElectricity_NEM/5T/long/run_0/metrics.npz
    Saved config to /fslarge/scratch/users/h61084/codes/adaptime/outputs/adaptime/evaluations/tsrag/univariate/OpenElectricity_NEM/5T/long/run_0/config.json
    Saved aggregate metrics to /fslarge/scratch/users/h61084/codes/adaptime/outputs/adaptime/evaluations/tsrag/univariate/OpenElectricity_NEM/5T/long/run_0/metrics_summary.json
    Metrics summary (averaged over all series/windows/variates):
      MSE: 330321.0048
      MAE: 291.0465
      RMSE: 368.8572
      MAPE: 7.2809
      sMAPE: 0.4300
      MASE: 1.4860
      ND: 0.3624
      CRPS: 0.3624
/fslarge/scratch/users/h61084/codes/adaptime/outputs/adaptime/evaluations/tsrag/univariate/OpenElectricity_NEM/5T/long/run_0/metrics_summary.json
TIME run allocation action=new run=/fslarge/scratch/users/h61084/codes/adaptime/outputs/adaptime/evaluations/tsrag/univariate/EWELD_Load/15T/short/run_0 launch_id=selena_adaptime_unified_20260914T204328Z_25264_tsrag slurm_job_id=3427124 launched_at=2026-09-15T03:43:41.636183+00:00
    Total instances: 560, Series during experiment: 10, Windows: 56
    Collecting ground truth and context...
    Detected to_univariate case: 10 flat series -> 1 series x 10 variates
    Organizing data into arrays...
    Saved predictions (quantiles) to /fslarge/scratch/users/h61084/codes/adaptime/outputs/adaptime/evaluations/tsrag/univariate/EWELD_Load/15T/short/run_0/predictions.npz
    Computing per-window metrics...
    Saved metrics to /fslarge/scratch/users/h61084/codes/adaptime/outputs/adaptime/evaluations/tsrag/univariate/EWELD_Load/15T/short/run_0/metrics.npz
    Saved config to /fslarge/scratch/users/h61084/codes/adaptime/outputs/adaptime/evaluations/tsrag/univariate/EWELD_Load/15T/short/run_0/config.json
    Saved aggregate metrics to /fslarge/scratch/users/h61084/codes/adaptime/outputs/adaptime/evaluations/tsrag/univariate/EWELD_Load/15T/short/run_0/metrics_summary.json
    Metrics summary (averaged over all series/windows/variates):
      MSE: 1113.6207
      MAE: 12.4983
      RMSE: 16.0054
      MAPE: 0.3238
      sMAPE: 0.2765
      MASE: 0.5334
      ND: 0.3333
      CRPS: 0.3333
/fslarge/scratch/users/h61084/codes/adaptime/outputs/adaptime/evaluations/tsrag/univariate/EWELD_Load/15T/short/run_0/metrics_summary.json
TIME run allocation action=new run=/fslarge/scratch/users/h61084/codes/adaptime/outputs/adaptime/evaluations/tsrag/univariate/EWELD_Load/15T/medium/run_0 launch_id=selena_adaptime_unified_20260914T204328Z_25264_tsrag slurm_job_id=3427124 launched_at=2026-09-15T03:43:41.785296+00:00
    Total instances: 140, Series during experiment: 10, Windows: 14
    Collecting ground truth and context...
    Detected to_univariate case: 10 flat series -> 1 series x 10 variates
    Organizing data into arrays...
    Saved predictions (quantiles) to /fslarge/scratch/users/h61084/codes/adaptime/outputs/adaptime/evaluations/tsrag/univariate/EWELD_Load/15T/medium/run_0/predictions.npz
    Computing per-window metrics...
    Saved metrics to /fslarge/scratch/users/h61084/codes/adaptime/outputs/adaptime/evaluations/tsrag/univariate/EWELD_Load/15T/medium/run_0/metrics.npz
    Saved config to /fslarge/scratch/users/h61084/codes/adaptime/outputs/adaptime/evaluations/tsrag/univariate/EWELD_Load/15T/medium/run_0/config.json
    Saved aggregate metrics to /fslarge/scratch/users/h61084/codes/adaptime/outputs/adaptime/evaluations/tsrag/univariate/EWELD_Load/15T/medium/run_0/metrics_summary.json
    Metrics summary (averaged over all series/windows/variates):
      MSE: 1535.7549
      MAE: 16.2256
      RMSE: 21.2256
      MAPE: 0.4526
      sMAPE: 0.3483
      MASE: 0.7448
      ND: 0.2464
      CRPS: 0.2464
/fslarge/scratch/users/h61084/codes/adaptime/outputs/adaptime/evaluations/tsrag/univariate/EWELD_Load/15T/medium/run_0/metrics_summary.json
TIME run allocation action=new run=/fslarge/scratch/users/h61084/codes/adaptime/outputs/adaptime/evaluations/tsrag/univariate/EWELD_Load/15T/long/run_0 launch_id=selena_adaptime_unified_20260914T204328Z_25264_tsrag slurm_job_id=3427124 launched_at=2026-09-15T03:43:41.877173+00:00
    Total instances: 20, Series during experiment: 10, Windows: 2
    Collecting ground truth and context...
    Detected to_univariate case: 10 flat series -> 1 series x 10 variates
    Organizing data into arrays...
    Saved predictions (quantiles) to /fslarge/scratch/users/h61084/codes/adaptime/outputs/adaptime/evaluations/tsrag/univariate/EWELD_Load/15T/long/run_0/predictions.npz
    Computing per-window metrics...
    Saved metrics to /fslarge/scratch/users/h61084/codes/adaptime/outputs/adaptime/evaluations/tsrag/univariate/EWELD_Load/15T/long/run_0/metrics.npz
    Saved config to /fslarge/scratch/users/h61084/codes/adaptime/outputs/adaptime/evaluations/tsrag/univariate/EWELD_Load/15T/long/run_0/config.json
    Saved aggregate metrics to /fslarge/scratch/users/h61084/codes/adaptime/outputs/adaptime/evaluations/tsrag/univariate/EWELD_Load/15T/long/run_0/metrics_summary.json
    Metrics summary (averaged over all series/windows/variates):
      MSE: 1439.6551
      MAE: 16.6922
      RMSE: 21.9469
      MAPE: 0.5909
      sMAPE: 0.3950
      MASE: 0.8604
      ND: 0.2714
      CRPS: 0.2714
/fslarge/scratch/users/h61084/codes/adaptime/outputs/adaptime/evaluations/tsrag/univariate/EWELD_Load/15T/long/run_0/metrics_summary.json
TIME run allocation action=new run=/fslarge/scratch/users/h61084/codes/adaptime/outputs/adaptime/evaluations/tsrag/univariate/SG_Carpark/15T/short/run_0 launch_id=selena_adaptime_unified_20260914T204328Z_25264_tsrag slurm_job_id=3427124 launched_at=2026-09-15T03:43:41.952637+00:00
    Total instances: 14868, Series during experiment: 354, Windows: 42
    Collecting ground truth and context...
    Organizing data into arrays...
    Saved predictions (quantiles) to /fslarge/scratch/users/h61084/codes/adaptime/outputs/adaptime/evaluations/tsrag/univariate/SG_Carpark/15T/short/run_0/predictions.npz
    Computing per-window metrics...
    Saved metrics to /fslarge/scratch/users/h61084/codes/adaptime/outputs/adaptime/evaluations/tsrag/univariate/SG_Carpark/15T/short/run_0/metrics.npz
    Saved config to /fslarge/scratch/users/h61084/codes/adaptime/outputs/adaptime/evaluations/tsrag/univariate/SG_Carpark/15T/short/run_0/config.json
    Saved aggregate metrics to /fslarge/scratch/users/h61084/codes/adaptime/outputs/adaptime/evaluations/tsrag/univariate/SG_Carpark/15T/short/run_0/metrics_summary.json
    Metrics summary (averaged over all series/windows/variates):
      MSE: 201.9511
      MAE: 5.3187
      RMSE: 6.8017
      MAPE: 0.0333
      sMAPE: 0.0441
      MASE: 0.3701
      ND: 0.0329
      CRPS: 0.0329
/fslarge/scratch/users/h61084/codes/adaptime/outputs/adaptime/evaluations/tsrag/univariate/SG_Carpark/15T/short/run_0/metrics_summary.json
TIME run allocation action=new run=/fslarge/scratch/users/h61084/codes/adaptime/outputs/adaptime/evaluations/tsrag/univariate/SG_Carpark/15T/medium/run_0 launch_id=selena_adaptime_unified_20260914T204328Z_25264_tsrag slurm_job_id=3427124 launched_at=2026-09-15T03:43:43.917678+00:00
    Total instances: 2478, Series during experiment: 354, Windows: 7
    Collecting ground truth and context...
    Organizing data into arrays...
    Saved predictions (quantiles) to /fslarge/scratch/users/h61084/codes/adaptime/outputs/adaptime/evaluations/tsrag/univariate/SG_Carpark/15T/medium/run_0/predictions.npz
    Computing per-window metrics...
    Saved metrics to /fslarge/scratch/users/h61084/codes/adaptime/outputs/adaptime/evaluations/tsrag/univariate/SG_Carpark/15T/medium/run_0/metrics.npz
    Saved config to /fslarge/scratch/users/h61084/codes/adaptime/outputs/adaptime/evaluations/tsrag/univariate/SG_Carpark/15T/medium/run_0/config.json
    Saved aggregate metrics to /fslarge/scratch/users/h61084/codes/adaptime/outputs/adaptime/evaluations/tsrag/univariate/SG_Carpark/15T/medium/run_0/metrics_summary.json
    Metrics summary (averaged over all series/windows/variates):
      MSE: undefined
      MAE: undefined
      RMSE: undefined
      MAPE: 0.1120
      sMAPE: 0.0900
      MASE: undefined
      ND: undefined
      CRPS: undefined
/fslarge/scratch/users/h61084/codes/adaptime/outputs/adaptime/evaluations/tsrag/univariate/SG_Carpark/15T/medium/run_0/metrics_summary.json
TIME run allocation action=new run=/fslarge/scratch/users/h61084/codes/adaptime/outputs/adaptime/evaluations/tsrag/univariate/SG_Carpark/15T/long/run_0 launch_id=selena_adaptime_unified_20260914T204328Z_25264_tsrag slurm_job_id=3427124 launched_at=2026-09-15T03:43:44.448384+00:00
    Total instances: 354, Series during experiment: 354, Windows: 1
    Collecting ground truth and context...
    Organizing data into arrays...
    Saved predictions (quantiles) to /fslarge/scratch/users/h61084/codes/adaptime/outputs/adaptime/evaluations/tsrag/univariate/SG_Carpark/15T/long/run_0/predictions.npz
    Computing per-window metrics...
    Saved metrics to /fslarge/scratch/users/h61084/codes/adaptime/outputs/adaptime/evaluations/tsrag/univariate/SG_Carpark/15T/long/run_0/metrics.npz
    Saved config to /fslarge/scratch/users/h61084/codes/adaptime/outputs/adaptime/evaluations/tsrag/univariate/SG_Carpark/15T/long/run_0/config.json
    Saved aggregate metrics to /fslarge/scratch/users/h61084/codes/adaptime/outputs/adaptime/evaluations/tsrag/univariate/SG_Carpark/15T/long/run_0/metrics_summary.json
    Metrics summary (averaged over all series/windows/variates):
      MSE: undefined
      MAE: undefined
      RMSE: undefined
      MAPE: 1.0000
      sMAPE: 2.0000
      MASE: undefined
      ND: undefined
      CRPS: undefined
/fslarge/scratch/users/h61084/codes/adaptime/outputs/adaptime/evaluations/tsrag/univariate/SG_Carpark/15T/long/run_0/metrics_summary.json
TIME run allocation action=new run=/fslarge/scratch/users/h61084/codes/adaptime/outputs/adaptime/evaluations/tsrag/univariate/Finland_Traffic/15T/short/run_0 launch_id=selena_adaptime_unified_20260914T204328Z_25264_tsrag slurm_job_id=3427124 launched_at=2026-09-15T03:43:44.768871+00:00
    Total instances: 186, Series during experiment: 1, Windows: 186
    Collecting ground truth and context...
    Organizing data into arrays...
    Saved predictions (quantiles) to /fslarge/scratch/users/h61084/codes/adaptime/outputs/adaptime/evaluations/tsrag/univariate/Finland_Traffic/15T/short/run_0/predictions.npz
    Computing per-window metrics...
    Saved metrics to /fslarge/scratch/users/h61084/codes/adaptime/outputs/adaptime/evaluations/tsrag/univariate/Finland_Traffic/15T/short/run_0/metrics.npz
    Saved config to /fslarge/scratch/users/h61084/codes/adaptime/outputs/adaptime/evaluations/tsrag/univariate/Finland_Traffic/15T/short/run_0/config.json
    Saved aggregate metrics to /fslarge/scratch/users/h61084/codes/adaptime/outputs/adaptime/evaluations/tsrag/univariate/Finland_Traffic/15T/short/run_0/metrics_summary.json
    Metrics summary (averaged over all series/windows/variates):
      MSE: 835.9956
      MAE: 16.5352
      RMSE: 20.3036
      MAPE: 0.2612
      sMAPE: 0.1848
      MASE: 0.4022
      ND: 0.2314
      CRPS: 0.2314
/fslarge/scratch/users/h61084/codes/adaptime/outputs/adaptime/evaluations/tsrag/univariate/Finland_Traffic/15T/short/run_0/metrics_summary.json
TIME run allocation action=new run=/fslarge/scratch/users/h61084/codes/adaptime/outputs/adaptime/evaluations/tsrag/univariate/Finland_Traffic/15T/medium/run_0 launch_id=selena_adaptime_unified_20260914T204328Z_25264_tsrag slurm_job_id=3427124 launched_at=2026-09-15T03:43:44.838633+00:00
    Total instances: 31, Series during experiment: 1, Windows: 31
    Collecting ground truth and context...
    Organizing data into arrays...
    Saved predictions (quantiles) to /fslarge/scratch/users/h61084/codes/adaptime/outputs/adaptime/evaluations/tsrag/univariate/Finland_Traffic/15T/medium/run_0/predictions.npz
    Computing per-window metrics...
    Saved metrics to /fslarge/scratch/users/h61084/codes/adaptime/outputs/adaptime/evaluations/tsrag/univariate/Finland_Traffic/15T/medium/run_0/metrics.npz
    Saved config to /fslarge/scratch/users/h61084/codes/adaptime/outputs/adaptime/evaluations/tsrag/univariate/Finland_Traffic/15T/medium/run_0/config.json
    Saved aggregate metrics to /fslarge/scratch/users/h61084/codes/adaptime/outputs/adaptime/evaluations/tsrag/univariate/Finland_Traffic/15T/medium/run_0/metrics_summary.json
    Metrics summary (averaged over all series/windows/variates):
      MSE: 2470.2761
      MAE: 32.1505
      RMSE: 45.1498
      MAPE: 0.3597
      sMAPE: 0.2920
      MASE: 0.7808
      ND: 0.2559
      CRPS: 0.2559
/fslarge/scratch/users/h61084/codes/adaptime/outputs/adaptime/evaluations/tsrag/univariate/Finland_Traffic/15T/medium/run_0/metrics_summary.json
TIME run allocation action=new run=/fslarge/scratch/users/h61084/codes/adaptime/outputs/adaptime/evaluations/tsrag/univariate/Finland_Traffic/15T/long/run_0 launch_id=selena_adaptime_unified_20260914T204328Z_25264_tsrag slurm_job_id=3427124 launched_at=2026-09-15T03:43:44.879631+00:00
    Total instances: 4, Series during experiment: 1, Windows: 4
    Collecting ground truth and context...
    Organizing data into arrays...
    Saved predictions (quantiles) to /fslarge/scratch/users/h61084/codes/adaptime/outputs/adaptime/evaluations/tsrag/univariate/Finland_Traffic/15T/long/run_0/predictions.npz
    Computing per-window metrics...
    Saved metrics to /fslarge/scratch/users/h61084/codes/adaptime/outputs/adaptime/evaluations/tsrag/univariate/Finland_Traffic/15T/long/run_0/metrics.npz
    Saved config to /fslarge/scratch/users/h61084/codes/adaptime/outputs/adaptime/evaluations/tsrag/univariate/Finland_Traffic/15T/long/run_0/config.json
    Saved aggregate metrics to /fslarge/scratch/users/h61084/codes/adaptime/outputs/adaptime/evaluations/tsrag/univariate/Finland_Traffic/15T/long/run_0/metrics_summary.json
    Metrics summary (averaged over all series/windows/variates):
      MSE: 2224.2451
      MAE: 31.8582
      RMSE: 46.9439
      MAPE: 0.4265
      sMAPE: 0.2994
      MASE: 0.7721
      ND: 0.2440
      CRPS: 0.2440
/fslarge/scratch/users/h61084/codes/adaptime/outputs/adaptime/evaluations/tsrag/univariate/Finland_Traffic/15T/long/run_0/metrics_summary.json
TIME run allocation action=new run=/fslarge/scratch/users/h61084/codes/adaptime/outputs/adaptime/evaluations/tsrag/univariate/Port_Activity/D/short/run_0 launch_id=selena_adaptime_unified_20260914T204328Z_25264_tsrag slurm_job_id=3427124 launched_at=2026-09-15T03:43:44.916150+00:00
    Total instances: 2376, Series during experiment: 198, Windows: 12
    Collecting ground truth and context...
    Detected to_univariate case: 198 flat series -> 99 series x 2 variates
    Organizing data into arrays...
    ⚠️  Predictions max value (359757.72) exceeds float16 safe range.
    ⚠️  Applying scale factor: 10 (values will be divided)
    Saved predictions (quantiles) to /fslarge/scratch/users/h61084/codes/adaptime/outputs/adaptime/evaluations/tsrag/univariate/Port_Activity/D/short/run_0/predictions.npz
    Computing per-window metrics...
    Saved metrics to /fslarge/scratch/users/h61084/codes/adaptime/outputs/adaptime/evaluations/tsrag/univariate/Port_Activity/D/short/run_0/metrics.npz
    Saved config to /fslarge/scratch/users/h61084/codes/adaptime/outputs/adaptime/evaluations/tsrag/univariate/Port_Activity/D/short/run_0/config.json
    Saved aggregate metrics to /fslarge/scratch/users/h61084/codes/adaptime/outputs/adaptime/evaluations/tsrag/univariate/Port_Activity/D/short/run_0/metrics_summary.json
    Metrics summary (averaged over all series/windows/variates):
      MSE: 954252567.5941
      MAE: 15481.0455
      RMSE: 21244.1473
      MAPE: 2.7384
      sMAPE: 0.9439
      MASE: 0.6626
      ND: 0.7452
      CRPS: 0.7452
/fslarge/scratch/users/h61084/codes/adaptime/outputs/adaptime/evaluations/tsrag/univariate/Port_Activity/D/short/run_0/metrics_summary.json
TIME run allocation action=new run=/fslarge/scratch/users/h61084/codes/adaptime/outputs/adaptime/evaluations/tsrag/univariate/Port_Activity/W/short/run_0 launch_id=selena_adaptime_unified_20260914T204328Z_25264_tsrag slurm_job_id=3427124 launched_at=2026-09-15T03:43:45.151461+00:00
    Total instances: 792, Series during experiment: 198, Windows: 4
    Collecting ground truth and context...
    Detected to_univariate case: 198 flat series -> 99 series x 2 variates
    Organizing data into arrays...
    ⚠️  Predictions max value (2522195.25) exceeds float16 safe range.
    ⚠️  Applying scale factor: 100 (values will be divided)
    Saved predictions (quantiles) to /fslarge/scratch/users/h61084/codes/adaptime/outputs/adaptime/evaluations/tsrag/univariate/Port_Activity/W/short/run_0/predictions.npz
    Computing per-window metrics...
    Saved metrics to /fslarge/scratch/users/h61084/codes/adaptime/outputs/adaptime/evaluations/tsrag/univariate/Port_Activity/W/short/run_0/metrics.npz
    Saved config to /fslarge/scratch/users/h61084/codes/adaptime/outputs/adaptime/evaluations/tsrag/univariate/Port_Activity/W/short/run_0/config.json
    Saved aggregate metrics to /fslarge/scratch/users/h61084/codes/adaptime/outputs/adaptime/evaluations/tsrag/univariate/Port_Activity/W/short/run_0/metrics_summary.json
    Metrics summary (averaged over all series/windows/variates):
      MSE: 5957653731.7841
      MAE: 43832.3428
      RMSE: 53649.4112
      MAPE: 0.6274
      sMAPE: 0.3413
      MASE: 0.7792
      ND: 0.3371
      CRPS: 0.3371
/fslarge/scratch/users/h61084/codes/adaptime/outputs/adaptime/evaluations/tsrag/univariate/Port_Activity/W/short/run_0/metrics_summary.json
TIME run allocation action=new run=/fslarge/scratch/users/h61084/codes/adaptime/outputs/adaptime/evaluations/tsrag/univariate/ECDC_COVID/D/short/run_0 launch_id=selena_adaptime_unified_20260914T204328Z_25264_tsrag slurm_job_id=3427124 launched_at=2026-09-15T03:43:45.244657+00:00
    Total instances: 45, Series during experiment: 9, Windows: 5
    Collecting ground truth and context...
    Organizing data into arrays...
    Saved predictions (quantiles) to /fslarge/scratch/users/h61084/codes/adaptime/outputs/adaptime/evaluations/tsrag/univariate/ECDC_COVID/D/short/run_0/predictions.npz
    Computing per-window metrics...
    Saved metrics to /fslarge/scratch/users/h61084/codes/adaptime/outputs/adaptime/evaluations/tsrag/univariate/ECDC_COVID/D/short/run_0/metrics.npz
    Saved config to /fslarge/scratch/users/h61084/codes/adaptime/outputs/adaptime/evaluations/tsrag/univariate/ECDC_COVID/D/short/run_0/config.json
    Saved aggregate metrics to /fslarge/scratch/users/h61084/codes/adaptime/outputs/adaptime/evaluations/tsrag/univariate/ECDC_COVID/D/short/run_0/metrics_summary.json
    Metrics summary (averaged over all series/windows/variates):
      MSE: 50053.3006
      MAE: 122.2206
      RMSE: 143.2937
      MAPE: 0.5303
      sMAPE: 0.3391
      MASE: 3.2511
      ND: 0.4029
      CRPS: 0.4029
/fslarge/scratch/users/h61084/codes/adaptime/outputs/adaptime/evaluations/tsrag/univariate/ECDC_COVID/D/short/run_0/metrics_summary.json
TIME run allocation action=new run=/fslarge/scratch/users/h61084/codes/adaptime/outputs/adaptime/evaluations/tsrag/univariate/ECDC_COVID/W/short/run_0 launch_id=selena_adaptime_unified_20260914T204328Z_25264_tsrag slurm_job_id=3427124 launched_at=2026-09-15T03:43:45.282278+00:00
    Total instances: 64, Series during experiment: 16, Windows: 4
    Collecting ground truth and context...
    Organizing data into arrays...
    Saved predictions (quantiles) to /fslarge/scratch/users/h61084/codes/adaptime/outputs/adaptime/evaluations/tsrag/univariate/ECDC_COVID/W/short/run_0/predictions.npz
    Computing per-window metrics...
    Saved metrics to /fslarge/scratch/users/h61084/codes/adaptime/outputs/adaptime/evaluations/tsrag/univariate/ECDC_COVID/W/short/run_0/metrics.npz
    Saved config to /fslarge/scratch/users/h61084/codes/adaptime/outputs/adaptime/evaluations/tsrag/univariate/ECDC_COVID/W/short/run_0/config.json
    Saved aggregate metrics to /fslarge/scratch/users/h61084/codes/adaptime/outputs/adaptime/evaluations/tsrag/univariate/ECDC_COVID/W/short/run_0/metrics_summary.json
    Metrics summary (averaged over all series/windows/variates):
      MSE: 2437815.8545
      MAE: 573.4415
      RMSE: 668.2329
      MAPE: 1.0931
      sMAPE: 0.5419
      MASE: 1.4614
      ND: 0.6585
      CRPS: 0.6585
/fslarge/scratch/users/h61084/codes/adaptime/outputs/adaptime/evaluations/tsrag/univariate/ECDC_COVID/W/short/run_0/metrics_summary.json
TIME run allocation action=new run=/fslarge/scratch/users/h61084/codes/adaptime/outputs/adaptime/evaluations/tsrag/univariate/Global_Influenza/W/short/run_0 launch_id=selena_adaptime_unified_20260914T204328Z_25264_tsrag slurm_job_id=3427124 launched_at=2026-09-15T03:43:45.320093+00:00
    Total instances: 240, Series during experiment: 60, Windows: 4
    Collecting ground truth and context...
    Detected to_univariate case: 60 flat series -> 15 series x 4 variates
    Organizing data into arrays...
    ⚠️  Predictions max value (76647.05) exceeds float16 safe range.
    ⚠️  Applying scale factor: 10 (values will be divided)
    Saved predictions (quantiles) to /fslarge/scratch/users/h61084/codes/adaptime/outputs/adaptime/evaluations/tsrag/univariate/Global_Influenza/W/short/run_0/predictions.npz
    Computing per-window metrics...
    Saved metrics to /fslarge/scratch/users/h61084/codes/adaptime/outputs/adaptime/evaluations/tsrag/univariate/Global_Influenza/W/short/run_0/metrics.npz
    Saved config to /fslarge/scratch/users/h61084/codes/adaptime/outputs/adaptime/evaluations/tsrag/univariate/Global_Influenza/W/short/run_0/config.json
    Saved aggregate metrics to /fslarge/scratch/users/h61084/codes/adaptime/outputs/adaptime/evaluations/tsrag/univariate/Global_Influenza/W/short/run_0/metrics_summary.json
    Metrics summary (averaged over all series/windows/variates):
      MSE: 2518066.9035
      MAE: 440.6013
      RMSE: 557.9441
      MAPE: 0.6219
      sMAPE: 0.4610
      MASE: 2.7027
      ND: 0.4612
      CRPS: 0.4612
/fslarge/scratch/users/h61084/codes/adaptime/outputs/adaptime/evaluations/tsrag/univariate/Global_Influenza/W/short/run_0/metrics_summary.json
TIME run allocation action=new run=/fslarge/scratch/users/h61084/codes/adaptime/outputs/adaptime/evaluations/tsrag/univariate/Crypto/D/short/run_0 launch_id=selena_adaptime_unified_20260914T204328Z_25264_tsrag slurm_job_id=3427124 launched_at=2026-09-15T03:43:45.370022+00:00
    Total instances: 36, Series during experiment: 4, Windows: 9
    Collecting ground truth and context...
    Detected to_univariate case: 4 flat series -> 1 series x 4 variates
    Organizing data into arrays...
    ⚠️  Predictions max value (117895.83) exceeds float16 safe range.
    ⚠️  Applying scale factor: 10 (values will be divided)
    Saved predictions (quantiles) to /fslarge/scratch/users/h61084/codes/adaptime/outputs/adaptime/evaluations/tsrag/univariate/Crypto/D/short/run_0/predictions.npz
    Computing per-window metrics...
    Saved metrics to /fslarge/scratch/users/h61084/codes/adaptime/outputs/adaptime/evaluations/tsrag/univariate/Crypto/D/short/run_0/metrics.npz
    Saved config to /fslarge/scratch/users/h61084/codes/adaptime/outputs/adaptime/evaluations/tsrag/univariate/Crypto/D/short/run_0/config.json
    Saved aggregate metrics to /fslarge/scratch/users/h61084/codes/adaptime/outputs/adaptime/evaluations/tsrag/univariate/Crypto/D/short/run_0/metrics_summary.json
    Metrics summary (averaged over all series/windows/variates):
      MSE: 11432970.4712
      MAE: 1485.6416
      RMSE: 1721.6820
      MAPE: 0.1041
      sMAPE: 0.1065
      MASE: 6.8784
      ND: 0.1057
      CRPS: 0.1057
/fslarge/scratch/users/h61084/codes/adaptime/outputs/adaptime/evaluations/tsrag/univariate/Crypto/D/short/run_0/metrics_summary.json
TIME run allocation action=new run=/fslarge/scratch/users/h61084/codes/adaptime/outputs/adaptime/evaluations/tsrag/univariate/US_Term_Structure/B/short/run_0 launch_id=selena_adaptime_unified_20260914T204328Z_25264_tsrag slurm_job_id=3427124 launched_at=2026-09-15T03:43:45.406849+00:00
    Total instances: 1400, Series during experiment: 40, Windows: 35
    Collecting ground truth and context...
    Detected to_univariate case: 40 flat series -> 1 series x 40 variates
    Organizing data into arrays...
    Saved predictions (quantiles) to /fslarge/scratch/users/h61084/codes/adaptime/outputs/adaptime/evaluations/tsrag/univariate/US_Term_Structure/B/short/run_0/predictions.npz
    Computing per-window metrics...
    Saved metrics to /fslarge/scratch/users/h61084/codes/adaptime/outputs/adaptime/evaluations/tsrag/univariate/US_Term_Structure/B/short/run_0/metrics.npz
    Saved config to /fslarge/scratch/users/h61084/codes/adaptime/outputs/adaptime/evaluations/tsrag/univariate/US_Term_Structure/B/short/run_0/config.json
    Saved aggregate metrics to /fslarge/scratch/users/h61084/codes/adaptime/outputs/adaptime/evaluations/tsrag/univariate/US_Term_Structure/B/short/run_0/metrics_summary.json
    Metrics summary (averaged over all series/windows/variates):
      MSE: undefined
      MAE: undefined
      RMSE: undefined
      MAPE: undefined
      sMAPE: undefined
      MASE: undefined
      ND: undefined
      CRPS: undefined
/fslarge/scratch/users/h61084/codes/adaptime/outputs/adaptime/evaluations/tsrag/univariate/US_Term_Structure/B/short/run_0/metrics_summary.json
TIME run allocation action=new run=/fslarge/scratch/users/h61084/codes/adaptime/outputs/adaptime/evaluations/tsrag/univariate/Oil_Price/B/short/run_0 launch_id=selena_adaptime_unified_20260914T204328Z_25264_tsrag slurm_job_id=3427124 launched_at=2026-09-15T03:43:45.657662+00:00
    Total instances: 420, Series during experiment: 12, Windows: 35
    Collecting ground truth and context...
    Detected to_univariate case: 12 flat series -> 1 series x 12 variates
    Organizing data into arrays...
    Saved predictions (quantiles) to /fslarge/scratch/users/h61084/codes/adaptime/outputs/adaptime/evaluations/tsrag/univariate/Oil_Price/B/short/run_0/predictions.npz
    Computing per-window metrics...
    Saved metrics to /fslarge/scratch/users/h61084/codes/adaptime/outputs/adaptime/evaluations/tsrag/univariate/Oil_Price/B/short/run_0/metrics.npz
    Saved config to /fslarge/scratch/users/h61084/codes/adaptime/outputs/adaptime/evaluations/tsrag/univariate/Oil_Price/B/short/run_0/config.json
    Saved aggregate metrics to /fslarge/scratch/users/h61084/codes/adaptime/outputs/adaptime/evaluations/tsrag/univariate/Oil_Price/B/short/run_0/metrics_summary.json
    Metrics summary (averaged over all series/windows/variates):
      MSE: undefined
      MAE: undefined
      RMSE: undefined
      MAPE: undefined
      sMAPE: undefined
      MASE: undefined
      ND: undefined
      CRPS: undefined
/fslarge/scratch/users/h61084/codes/adaptime/outputs/adaptime/evaluations/tsrag/univariate/Oil_Price/B/short/run_0/metrics_summary.json
TIME run allocation action=new run=/fslarge/scratch/users/h61084/codes/adaptime/outputs/adaptime/evaluations/tsrag/univariate/Job_Claims/W/short/run_0 launch_id=selena_adaptime_unified_20260914T204328Z_25264_tsrag slurm_job_id=3427124 launched_at=2026-09-15T03:43:45.735999+00:00
    Total instances: 8, Series during experiment: 2, Windows: 4
    Collecting ground truth and context...
    Detected to_univariate case: 2 flat series -> 1 series x 2 variates
    Organizing data into arrays...
    ⚠️  Predictions max value (1959527.38) exceeds float16 safe range.
    ⚠️  Applying scale factor: 100 (values will be divided)
    Saved predictions (quantiles) to /fslarge/scratch/users/h61084/codes/adaptime/outputs/adaptime/evaluations/tsrag/univariate/Job_Claims/W/short/run_0/predictions.npz
    Computing per-window metrics...
    Saved metrics to /fslarge/scratch/users/h61084/codes/adaptime/outputs/adaptime/evaluations/tsrag/univariate/Job_Claims/W/short/run_0/metrics.npz
    Saved config to /fslarge/scratch/users/h61084/codes/adaptime/outputs/adaptime/evaluations/tsrag/univariate/Job_Claims/W/short/run_0/config.json
    Saved aggregate metrics to /fslarge/scratch/users/h61084/codes/adaptime/outputs/adaptime/evaluations/tsrag/univariate/Job_Claims/W/short/run_0/metrics_summary.json
    Metrics summary (averaged over all series/windows/variates):
      MSE: 773731298.4361
      MAE: 18364.7165
      RMSE: 21751.8964
      MAPE: 0.0249
      sMAPE: 0.0252
      MASE: 3.1949
      ND: 0.0250
      CRPS: 0.0250
/fslarge/scratch/users/h61084/codes/adaptime/outputs/adaptime/evaluations/tsrag/univariate/Job_Claims/W/short/run_0/metrics_summary.json
TIME run allocation action=new run=/fslarge/scratch/users/h61084/codes/adaptime/outputs/adaptime/evaluations/tsrag/univariate/Uncertainty_1M/M/short/run_0 launch_id=selena_adaptime_unified_20260914T204328Z_25264_tsrag slurm_job_id=3427124 launched_at=2026-09-15T03:43:45.768728+00:00
    Total instances: 21, Series during experiment: 3, Windows: 7
    Collecting ground truth and context...
    Detected to_univariate case: 3 flat series -> 1 series x 3 variates
    Organizing data into arrays...
    Saved predictions (quantiles) to /fslarge/scratch/users/h61084/codes/adaptime/outputs/adaptime/evaluations/tsrag/univariate/Uncertainty_1M/M/short/run_0/predictions.npz
    Computing per-window metrics...
    Saved metrics to /fslarge/scratch/users/h61084/codes/adaptime/outputs/adaptime/evaluations/tsrag/univariate/Uncertainty_1M/M/short/run_0/metrics.npz
    Saved config to /fslarge/scratch/users/h61084/codes/adaptime/outputs/adaptime/evaluations/tsrag/univariate/Uncertainty_1M/M/short/run_0/config.json
    Saved aggregate metrics to /fslarge/scratch/users/h61084/codes/adaptime/outputs/adaptime/evaluations/tsrag/univariate/Uncertainty_1M/M/short/run_0/metrics_summary.json
    Metrics summary (averaged over all series/windows/variates):
      MSE: 0.0017
      MAE: 0.0304
      RMSE: 0.0343
      MAPE: 0.0384
      sMAPE: 0.0374
      MASE: 0.3785
      ND: 0.0381
      CRPS: 0.0381
/fslarge/scratch/users/h61084/codes/adaptime/outputs/adaptime/evaluations/tsrag/univariate/Uncertainty_1M/M/short/run_0/metrics_summary.json
TIME run allocation action=new run=/fslarge/scratch/users/h61084/codes/adaptime/outputs/adaptime/evaluations/tsrag/univariate/Housing_Inventory/M/short/run_0 launch_id=selena_adaptime_unified_20260914T204328Z_25264_tsrag slurm_job_id=3427124 launched_at=2026-09-15T03:43:45.802819+00:00
    Total instances: 12, Series during experiment: 4, Windows: 3
    Collecting ground truth and context...
    Detected to_univariate case: 4 flat series -> 1 series x 4 variates
    Organizing data into arrays...
    ⚠️  Predictions max value (938584.50) exceeds float16 safe range.
    ⚠️  Applying scale factor: 100 (values will be divided)
    Saved predictions (quantiles) to /fslarge/scratch/users/h61084/codes/adaptime/outputs/adaptime/evaluations/tsrag/univariate/Housing_Inventory/M/short/run_0/predictions.npz
    Computing per-window metrics...
    Saved metrics to /fslarge/scratch/users/h61084/codes/adaptime/outputs/adaptime/evaluations/tsrag/univariate/Housing_Inventory/M/short/run_0/metrics.npz
    Saved config to /fslarge/scratch/users/h61084/codes/adaptime/outputs/adaptime/evaluations/tsrag/univariate/Housing_Inventory/M/short/run_0/config.json
    Saved aggregate metrics to /fslarge/scratch/users/h61084/codes/adaptime/outputs/adaptime/evaluations/tsrag/univariate/Housing_Inventory/M/short/run_0/metrics_summary.json
    Metrics summary (averaged over all series/windows/variates):
      MSE: 4419966111.8691
      MAE: 31923.6982
      RMSE: 35589.2656
      MAPE: 0.0681
      sMAPE: 0.0690
      MASE: 0.5630
      ND: 0.0687
      CRPS: 0.0687
/fslarge/scratch/users/h61084/codes/adaptime/outputs/adaptime/evaluations/tsrag/univariate/Housing_Inventory/M/short/run_0/metrics_summary.json
TIME run allocation action=new run=/fslarge/scratch/users/h61084/codes/adaptime/outputs/adaptime/evaluations/tsrag/univariate/JOLTS/M/short/run_0 launch_id=selena_adaptime_unified_20260914T204328Z_25264_tsrag slurm_job_id=3427124 launched_at=2026-09-15T03:43:45.835295+00:00
    Total instances: 30, Series during experiment: 6, Windows: 5
    Collecting ground truth and context...
    Detected to_univariate case: 6 flat series -> 1 series x 6 variates
    Organizing data into arrays...
    Saved predictions (quantiles) to /fslarge/scratch/users/h61084/codes/adaptime/outputs/adaptime/evaluations/tsrag/univariate/JOLTS/M/short/run_0/predictions.npz
    Computing per-window metrics...
    Saved metrics to /fslarge/scratch/users/h61084/codes/adaptime/outputs/adaptime/evaluations/tsrag/univariate/JOLTS/M/short/run_0/metrics.npz
    Saved config to /fslarge/scratch/users/h61084/codes/adaptime/outputs/adaptime/evaluations/tsrag/univariate/JOLTS/M/short/run_0/config.json
    Saved aggregate metrics to /fslarge/scratch/users/h61084/codes/adaptime/outputs/adaptime/evaluations/tsrag/univariate/JOLTS/M/short/run_0/metrics_summary.json
    Metrics summary (averaged over all series/windows/variates):
      MSE: 434621.7960
      MAE: 326.8781
      RMSE: 391.4143
      MAPE: 0.0783
      sMAPE: 0.0788
      MASE: 1.0340
      ND: 0.0784
      CRPS: 0.0784
/fslarge/scratch/users/h61084/codes/adaptime/outputs/adaptime/evaluations/tsrag/univariate/JOLTS/M/short/run_0/metrics_summary.json
TIME run allocation action=new run=/fslarge/scratch/users/h61084/codes/adaptime/outputs/adaptime/evaluations/tsrag/univariate/US_Labor/M/short/run_0 launch_id=selena_adaptime_unified_20260914T204328Z_25264_tsrag slurm_job_id=3427124 launched_at=2026-09-15T03:43:45.869692+00:00
    Total instances: 70, Series during experiment: 14, Windows: 5
    Collecting ground truth and context...
    Detected to_univariate case: 14 flat series -> 1 series x 14 variates
    Organizing data into arrays...
    ⚠️  Predictions max value (170858.69) exceeds float16 safe range.
    ⚠️  Applying scale factor: 10 (values will be divided)
    Saved predictions (quantiles) to /fslarge/scratch/users/h61084/codes/adaptime/outputs/adaptime/evaluations/tsrag/univariate/US_Labor/M/short/run_0/predictions.npz
    Computing per-window metrics...
    Saved metrics to /fslarge/scratch/users/h61084/codes/adaptime/outputs/adaptime/evaluations/tsrag/univariate/US_Labor/M/short/run_0/metrics.npz
    Saved config to /fslarge/scratch/users/h61084/codes/adaptime/outputs/adaptime/evaluations/tsrag/univariate/US_Labor/M/short/run_0/config.json
    Saved aggregate metrics to /fslarge/scratch/users/h61084/codes/adaptime/outputs/adaptime/evaluations/tsrag/univariate/US_Labor/M/short/run_0/metrics_summary.json
    Metrics summary (averaged over all series/windows/variates):
      MSE: 473194.0676
      MAE: 338.2947
      RMSE: 383.6731
      MAPE: 0.0621
      sMAPE: 0.0595
      MASE: 0.8665
      ND: 0.0622
      CRPS: 0.0622
/fslarge/scratch/users/h61084/codes/adaptime/outputs/adaptime/evaluations/tsrag/univariate/US_Labor/M/short/run_0/metrics_summary.json
TIME run allocation action=new run=/fslarge/scratch/users/h61084/codes/adaptime/outputs/adaptime/evaluations/tsrag/univariate/Vehicle_Supply/M/short/run_0 launch_id=selena_adaptime_unified_20260914T204328Z_25264_tsrag slurm_job_id=3427124 launched_at=2026-09-15T03:43:45.907867+00:00
    Total instances: 30, Series during experiment: 6, Windows: 5
    Collecting ground truth and context...
    Detected to_univariate case: 6 flat series -> 1 series x 6 variates
    Organizing data into arrays...
    Saved predictions (quantiles) to /fslarge/scratch/users/h61084/codes/adaptime/outputs/adaptime/evaluations/tsrag/univariate/Vehicle_Supply/M/short/run_0/predictions.npz
    Computing per-window metrics...
    Saved metrics to /fslarge/scratch/users/h61084/codes/adaptime/outputs/adaptime/evaluations/tsrag/univariate/Vehicle_Supply/M/short/run_0/metrics.npz
    Saved config to /fslarge/scratch/users/h61084/codes/adaptime/outputs/adaptime/evaluations/tsrag/univariate/Vehicle_Supply/M/short/run_0/config.json
    Saved aggregate metrics to /fslarge/scratch/users/h61084/codes/adaptime/outputs/adaptime/evaluations/tsrag/univariate/Vehicle_Supply/M/short/run_0/metrics_summary.json
    Metrics summary (averaged over all series/windows/variates):
      MSE: 2704.5870
      MAE: 22.3202
      RMSE: 26.4496
      MAPE: 0.2518
      sMAPE: 0.2109
      MASE: 0.8042
      ND: 0.2309
      CRPS: 0.2309
/fslarge/scratch/users/h61084/codes/adaptime/outputs/adaptime/evaluations/tsrag/univariate/Vehicle_Supply/M/short/run_0/metrics_summary.json
TIME run allocation action=new run=/fslarge/scratch/users/h61084/codes/adaptime/outputs/adaptime/evaluations/tsrag/univariate/Auto_Production_SF/M/short/run_0 launch_id=selena_adaptime_unified_20260914T204328Z_25264_tsrag slurm_job_id=3427124 launched_at=2026-09-15T03:43:45.944966+00:00
    Total instances: 5, Series during experiment: 1, Windows: 5
    Collecting ground truth and context...
    Organizing data into arrays...
    Saved predictions (quantiles) to /fslarge/scratch/users/h61084/codes/adaptime/outputs/adaptime/evaluations/tsrag/univariate/Auto_Production_SF/M/short/run_0/predictions.npz
    Computing per-window metrics...
    Saved metrics to /fslarge/scratch/users/h61084/codes/adaptime/outputs/adaptime/evaluations/tsrag/univariate/Auto_Production_SF/M/short/run_0/metrics.npz
    Saved config to /fslarge/scratch/users/h61084/codes/adaptime/outputs/adaptime/evaluations/tsrag/univariate/Auto_Production_SF/M/short/run_0/config.json
    Saved aggregate metrics to /fslarge/scratch/users/h61084/codes/adaptime/outputs/adaptime/evaluations/tsrag/univariate/Auto_Production_SF/M/short/run_0/metrics_summary.json
    Metrics summary (averaged over all series/windows/variates):
      MSE: 9.2722
      MAE: 2.3963
      RMSE: 2.9463
      MAPE: 0.0248
      sMAPE: 0.0245
      MASE: 0.6044
      ND: 0.0240
      CRPS: 0.0240
/fslarge/scratch/users/h61084/codes/adaptime/outputs/adaptime/evaluations/tsrag/univariate/Auto_Production_SF/M/short/run_0/metrics_summary.json
TIME run allocation action=new run=/fslarge/scratch/users/h61084/codes/adaptime/outputs/adaptime/evaluations/tsrag/univariate/Commodity_Production/M/short/run_0 launch_id=selena_adaptime_unified_20260914T204328Z_25264_tsrag slurm_job_id=3427124 launched_at=2026-09-15T03:43:45.976149+00:00
    Total instances: 160, Series during experiment: 32, Windows: 5
    Collecting ground truth and context...
    Organizing data into arrays...
    Saved predictions (quantiles) to /fslarge/scratch/users/h61084/codes/adaptime/outputs/adaptime/evaluations/tsrag/univariate/Commodity_Production/M/short/run_0/predictions.npz
    Computing per-window metrics...
    Saved metrics to /fslarge/scratch/users/h61084/codes/adaptime/outputs/adaptime/evaluations/tsrag/univariate/Commodity_Production/M/short/run_0/metrics.npz
    Saved config to /fslarge/scratch/users/h61084/codes/adaptime/outputs/adaptime/evaluations/tsrag/univariate/Commodity_Production/M/short/run_0/config.json
    Saved aggregate metrics to /fslarge/scratch/users/h61084/codes/adaptime/outputs/adaptime/evaluations/tsrag/univariate/Commodity_Production/M/short/run_0/metrics_summary.json
    Metrics summary (averaged over all series/windows/variates):
      MSE: 58078.3749
      MAE: 65.7979
      RMSE: 76.8030
      MAPE: 0.2059
      sMAPE: 0.1638
      MASE: 0.9052
      ND: 0.1572
      CRPS: 0.1572
/fslarge/scratch/users/h61084/codes/adaptime/outputs/adaptime/evaluations/tsrag/univariate/Commodity_Production/M/short/run_0/metrics_summary.json
TIME run allocation action=new run=/fslarge/scratch/users/h61084/codes/adaptime/outputs/adaptime/evaluations/tsrag/univariate/Commodity_Import/M/short/run_0 launch_id=selena_adaptime_unified_20260914T204328Z_25264_tsrag slurm_job_id=3427124 launched_at=2026-09-15T03:43:46.021988+00:00
    Total instances: 40, Series during experiment: 8, Windows: 5
    Collecting ground truth and context...
    Organizing data into arrays...
    Saved predictions (quantiles) to /fslarge/scratch/users/h61084/codes/adaptime/outputs/adaptime/evaluations/tsrag/univariate/Commodity_Import/M/short/run_0/predictions.npz
    Computing per-window metrics...
    Saved metrics to /fslarge/scratch/users/h61084/codes/adaptime/outputs/adaptime/evaluations/tsrag/univariate/Commodity_Import/M/short/run_0/metrics.npz
    Saved config to /fslarge/scratch/users/h61084/codes/adaptime/outputs/adaptime/evaluations/tsrag/univariate/Commodity_Import/M/short/run_0/config.json
    Saved aggregate metrics to /fslarge/scratch/users/h61084/codes/adaptime/outputs/adaptime/evaluations/tsrag/univariate/Commodity_Import/M/short/run_0/metrics_summary.json
    Metrics summary (averaged over all series/windows/variates):
      MSE: 1553826.9339
      MAE: 502.5970
      RMSE: 607.3308
      MAPE: 0.3745
      sMAPE: 0.2365
      MASE: 1.4590
      ND: 0.2954
      CRPS: 0.2954
/fslarge/scratch/users/h61084/codes/adaptime/outputs/adaptime/evaluations/tsrag/univariate/Commodity_Import/M/short/run_0/metrics_summary.json
TIME run allocation action=new run=/fslarge/scratch/users/h61084/codes/adaptime/outputs/adaptime/evaluations/tsrag/univariate/WUI_Global/Q/short/run_0 launch_id=selena_adaptime_unified_20260914T204328Z_25264_tsrag slurm_job_id=3427124 launched_at=2026-09-15T03:43:46.057462+00:00
    Total instances: 75, Series during experiment: 15, Windows: 5
    Collecting ground truth and context...
    Detected to_univariate case: 15 flat series -> 1 series x 15 variates
    Organizing data into arrays...
    Saved predictions (quantiles) to /fslarge/scratch/users/h61084/codes/adaptime/outputs/adaptime/evaluations/tsrag/univariate/WUI_Global/Q/short/run_0/predictions.npz
    Computing per-window metrics...
    Saved metrics to /fslarge/scratch/users/h61084/codes/adaptime/outputs/adaptime/evaluations/tsrag/univariate/WUI_Global/Q/short/run_0/metrics.npz
    Saved config to /fslarge/scratch/users/h61084/codes/adaptime/outputs/adaptime/evaluations/tsrag/univariate/WUI_Global/Q/short/run_0/config.json
    Saved aggregate metrics to /fslarge/scratch/users/h61084/codes/adaptime/outputs/adaptime/evaluations/tsrag/univariate/WUI_Global/Q/short/run_0/metrics_summary.json
    Metrics summary (averaged over all series/windows/variates):
      MSE: 0.0486
      MAE: 0.1480
      RMSE: 0.1749
      MAPE: 0.5793
      sMAPE: 0.6437
      MASE: 0.9822
      ND: 0.6727
      CRPS: 0.6727
/fslarge/scratch/users/h61084/codes/adaptime/outputs/adaptime/evaluations/tsrag/univariate/WUI_Global/Q/short/run_0/metrics_summary.json
TIME run allocation action=new run=/fslarge/scratch/users/h61084/codes/adaptime/outputs/adaptime/evaluations/tsrag/univariate/Global_Price/Q/short/run_0 launch_id=selena_adaptime_unified_20260914T204328Z_25264_tsrag slurm_job_id=3427124 launched_at=2026-09-15T03:43:46.098229+00:00
    Total instances: 300, Series during experiment: 60, Windows: 5
    Collecting ground truth and context...
    Detected to_univariate case: 60 flat series -> 1 series x 60 variates
    Organizing data into arrays...
    Saved predictions (quantiles) to /fslarge/scratch/users/h61084/codes/adaptime/outputs/adaptime/evaluations/tsrag/univariate/Global_Price/Q/short/run_0/predictions.npz
    Computing per-window metrics...
    Saved metrics to /fslarge/scratch/users/h61084/codes/adaptime/outputs/adaptime/evaluations/tsrag/univariate/Global_Price/Q/short/run_0/metrics.npz
    Saved config to /fslarge/scratch/users/h61084/codes/adaptime/outputs/adaptime/evaluations/tsrag/univariate/Global_Price/Q/short/run_0/config.json
    Saved aggregate metrics to /fslarge/scratch/users/h61084/codes/adaptime/outputs/adaptime/evaluations/tsrag/univariate/Global_Price/Q/short/run_0/metrics_summary.json
    Metrics summary (averaged over all series/windows/variates):
      MSE: 1781288.0287
      MAE: 313.4901
      RMSE: 353.6570
      MAPE: 0.1798
      sMAPE: 0.1925
      MASE: 1.5801
      ND: 0.1810
      CRPS: 0.1810
/fslarge/scratch/users/h61084/codes/adaptime/outputs/adaptime/evaluations/tsrag/univariate/Global_Price/Q/short/run_0/metrics_summary.json
TIME run allocation action=new run=/fslarge/scratch/users/h61084/codes/adaptime/outputs/adaptime/evaluations/tsrag/univariate/Vehicle_Sales/M/short/run_0 launch_id=selena_adaptime_unified_20260914T204328Z_25264_tsrag slurm_job_id=3427124 launched_at=2026-09-15T03:43:46.151759+00:00
    Total instances: 50, Series during experiment: 10, Windows: 5
    Collecting ground truth and context...
    Detected to_univariate case: 10 flat series -> 1 series x 10 variates
    Organizing data into arrays...
    Saved predictions (quantiles) to /fslarge/scratch/users/h61084/codes/adaptime/outputs/adaptime/evaluations/tsrag/univariate/Vehicle_Sales/M/short/run_0/predictions.npz
    Computing per-window metrics...
    Saved metrics to /fslarge/scratch/users/h61084/codes/adaptime/outputs/adaptime/evaluations/tsrag/univariate/Vehicle_Sales/M/short/run_0/metrics.npz
    Saved config to /fslarge/scratch/users/h61084/codes/adaptime/outputs/adaptime/evaluations/tsrag/univariate/Vehicle_Sales/M/short/run_0/config.json
    Saved aggregate metrics to /fslarge/scratch/users/h61084/codes/adaptime/outputs/adaptime/evaluations/tsrag/univariate/Vehicle_Sales/M/short/run_0/metrics_summary.json
    Metrics summary (averaged over all series/windows/variates):
      MSE: 2666.5882
      MAE: 13.7315
      RMSE: 15.3027
      MAPE: 0.0899
      sMAPE: 0.0885
      MASE: 0.8236
      ND: 0.0900
      CRPS: 0.0900
/fslarge/scratch/users/h61084/codes/adaptime/outputs/adaptime/evaluations/tsrag/univariate/Vehicle_Sales/M/short/run_0/metrics_summary.json
TIME run allocation action=new run=/fslarge/scratch/users/h61084/codes/adaptime/outputs/adaptime/evaluations/tsrag/univariate/Online_Retail_2_UCI/D/short/run_0 launch_id=selena_adaptime_unified_20260914T204328Z_25264_tsrag slurm_job_id=3427124 launched_at=2026-09-15T03:43:46.189141+00:00
    Total instances: 6, Series during experiment: 1, Windows: 6
    Collecting ground truth and context...
    Organizing data into arrays...
    ⚠️  Predictions max value (80600.97) exceeds float16 safe range.
    ⚠️  Applying scale factor: 10 (values will be divided)
    Saved predictions (quantiles) to /fslarge/scratch/users/h61084/codes/adaptime/outputs/adaptime/evaluations/tsrag/univariate/Online_Retail_2_UCI/D/short/run_0/predictions.npz
    Computing per-window metrics...
    Saved metrics to /fslarge/scratch/users/h61084/codes/adaptime/outputs/adaptime/evaluations/tsrag/univariate/Online_Retail_2_UCI/D/short/run_0/metrics.npz
    Saved config to /fslarge/scratch/users/h61084/codes/adaptime/outputs/adaptime/evaluations/tsrag/univariate/Online_Retail_2_UCI/D/short/run_0/config.json
    Saved aggregate metrics to /fslarge/scratch/users/h61084/codes/adaptime/outputs/adaptime/evaluations/tsrag/univariate/Online_Retail_2_UCI/D/short/run_0/metrics_summary.json
    Metrics summary (averaged over all series/windows/variates):
      MSE: 308363463.3661
      MAE: 10064.9795
      RMSE: 16022.4758
      MAPE: 0.3003
      sMAPE: 0.5430
      MASE: 0.6093
      ND: 0.2960
      CRPS: 0.2960
/fslarge/scratch/users/h61084/codes/adaptime/outputs/adaptime/evaluations/tsrag/univariate/Online_Retail_2_UCI/D/short/run_0/metrics_summary.json
TIME run allocation action=new run=/fslarge/scratch/users/h61084/codes/adaptime/outputs/adaptime/evaluations/tsrag/univariate/Supply_Chain_Customer/D/short/run_0 launch_id=selena_adaptime_unified_20260914T204328Z_25264_tsrag slurm_job_id=3427124 launched_at=2026-09-15T03:43:46.220459+00:00
    Total instances: 432, Series during experiment: 36, Windows: 12
    Collecting ground truth and context...
    Detected to_univariate case: 36 flat series -> 1 series x 36 variates
    Organizing data into arrays...
    ⚠️  Predictions max value (190296.09) exceeds float16 safe range.
    ⚠️  Applying scale factor: 10 (values will be divided)
    Saved predictions (quantiles) to /fslarge/scratch/users/h61084/codes/adaptime/outputs/adaptime/evaluations/tsrag/univariate/Supply_Chain_Customer/D/short/run_0/predictions.npz
    Computing per-window metrics...
    Saved metrics to /fslarge/scratch/users/h61084/codes/adaptime/outputs/adaptime/evaluations/tsrag/univariate/Supply_Chain_Customer/D/short/run_0/metrics.npz
    Saved config to /fslarge/scratch/users/h61084/codes/adaptime/outputs/adaptime/evaluations/tsrag/univariate/Supply_Chain_Customer/D/short/run_0/config.json
    Saved aggregate metrics to /fslarge/scratch/users/h61084/codes/adaptime/outputs/adaptime/evaluations/tsrag/univariate/Supply_Chain_Customer/D/short/run_0/metrics_summary.json
    Metrics summary (averaged over all series/windows/variates):
      MSE: 36488180.8704
      MAE: 1794.6162
      RMSE: 2488.1436
      MAPE: 0.4386
      sMAPE: 0.4300
      MASE: 0.6327
      ND: 0.3720
      CRPS: 0.3720
/fslarge/scratch/users/h61084/codes/adaptime/outputs/adaptime/evaluations/tsrag/univariate/Supply_Chain_Customer/D/short/run_0/metrics_summary.json
TIME run allocation action=new run=/fslarge/scratch/users/h61084/codes/adaptime/outputs/adaptime/evaluations/tsrag/univariate/Supply_Chain_Location/D/short/run_0 launch_id=selena_adaptime_unified_20260914T204328Z_25264_tsrag slurm_job_id=3427124 launched_at=2026-09-15T03:43:46.300652+00:00
    Total instances: 612, Series during experiment: 51, Windows: 12
    Collecting ground truth and context...
    Detected to_univariate case: 51 flat series -> 1 series x 51 variates
    Organizing data into arrays...
    ⚠️  Predictions max value (89020.06) exceeds float16 safe range.
    ⚠️  Applying scale factor: 10 (values will be divided)
    Saved predictions (quantiles) to /fslarge/scratch/users/h61084/codes/adaptime/outputs/adaptime/evaluations/tsrag/univariate/Supply_Chain_Location/D/short/run_0/predictions.npz
    Computing per-window metrics...
    Saved metrics to /fslarge/scratch/users/h61084/codes/adaptime/outputs/adaptime/evaluations/tsrag/univariate/Supply_Chain_Location/D/short/run_0/metrics.npz
    Saved config to /fslarge/scratch/users/h61084/codes/adaptime/outputs/adaptime/evaluations/tsrag/univariate/Supply_Chain_Location/D/short/run_0/config.json
    Saved aggregate metrics to /fslarge/scratch/users/h61084/codes/adaptime/outputs/adaptime/evaluations/tsrag/univariate/Supply_Chain_Location/D/short/run_0/metrics_summary.json
    Metrics summary (averaged over all series/windows/variates):
      MSE: 21935462.0682
      MAE: 1805.3296
      RMSE: 2434.7466
      MAPE: 0.5002
      sMAPE: 0.4291
      MASE: 0.6601
      ND: 0.3852
      CRPS: 0.3852
/fslarge/scratch/users/h61084/codes/adaptime/outputs/adaptime/evaluations/tsrag/univariate/Supply_Chain_Location/D/short/run_0/metrics_summary.json
TIME run allocation action=new run=/fslarge/scratch/users/h61084/codes/adaptime/outputs/adaptime/evaluations/tsrag/univariate/azure2019_D/5T/short/run_0 launch_id=selena_adaptime_unified_20260914T204328Z_25264_tsrag slurm_job_id=3427124 launched_at=2026-09-15T03:43:46.401041+00:00
    Total instances: 8901, Series during experiment: 2967, Windows: 3
    Collecting ground truth and context...
    Detected to_univariate case: 2967 flat series -> 989 series x 3 variates
    Organizing data into arrays...
    Saved predictions (quantiles) to /fslarge/scratch/users/h61084/codes/adaptime/outputs/adaptime/evaluations/tsrag/univariate/azure2019_D/5T/short/run_0/predictions.npz
    Computing per-window metrics...
    Saved metrics to /fslarge/scratch/users/h61084/codes/adaptime/outputs/adaptime/evaluations/tsrag/univariate/azure2019_D/5T/short/run_0/metrics.npz
    Saved config to /fslarge/scratch/users/h61084/codes/adaptime/outputs/adaptime/evaluations/tsrag/univariate/azure2019_D/5T/short/run_0/config.json
    Saved aggregate metrics to /fslarge/scratch/users/h61084/codes/adaptime/outputs/adaptime/evaluations/tsrag/univariate/azure2019_D/5T/short/run_0/metrics_summary.json
    Metrics summary (averaged over all series/windows/variates):
      MSE: 62.8584
      MAE: 2.9184
      RMSE: 4.0257
      MAPE: 0.2318
      sMAPE: 0.1910
      MASE: 0.8024
      ND: 0.1967
      CRPS: 0.1967
/fslarge/scratch/users/h61084/codes/adaptime/outputs/adaptime/evaluations/tsrag/univariate/azure2019_D/5T/short/run_0/metrics_summary.json
TIME run allocation action=new run=/fslarge/scratch/users/h61084/codes/adaptime/outputs/adaptime/evaluations/tsrag/univariate/azure2019_I/5T/short/run_0 launch_id=selena_adaptime_unified_20260914T204328Z_25264_tsrag slurm_job_id=3427124 launched_at=2026-09-15T03:43:48.703992+00:00
    Total instances: 4428, Series during experiment: 1476, Windows: 3
    Collecting ground truth and context...
    Detected to_univariate case: 1476 flat series -> 492 series x 3 variates
    Organizing data into arrays...
    Saved predictions (quantiles) to /fslarge/scratch/users/h61084/codes/adaptime/outputs/adaptime/evaluations/tsrag/univariate/azure2019_I/5T/short/run_0/predictions.npz
    Computing per-window metrics...
    Saved metrics to /fslarge/scratch/users/h61084/codes/adaptime/outputs/adaptime/evaluations/tsrag/univariate/azure2019_I/5T/short/run_0/metrics.npz
    Saved config to /fslarge/scratch/users/h61084/codes/adaptime/outputs/adaptime/evaluations/tsrag/univariate/azure2019_I/5T/short/run_0/config.json
    Saved aggregate metrics to /fslarge/scratch/users/h61084/codes/adaptime/outputs/adaptime/evaluations/tsrag/univariate/azure2019_I/5T/short/run_0/metrics_summary.json
    Metrics summary (averaged over all series/windows/variates):
      MSE: 62.4685
      MAE: 2.7288
      RMSE: 3.9317
      MAPE: 0.2289
      sMAPE: 0.1814
      MASE: 0.9106
      ND: 0.1891
      CRPS: 0.1891
/fslarge/scratch/users/h61084/codes/adaptime/outputs/adaptime/evaluations/tsrag/univariate/azure2019_I/5T/short/run_0/metrics_summary.json
TIME run allocation action=new run=/fslarge/scratch/users/h61084/codes/adaptime/outputs/adaptime/evaluations/tsrag/univariate/azure2019_U/5T/short/run_0 launch_id=selena_adaptime_unified_20260914T204328Z_25264_tsrag slurm_job_id=3427124 launched_at=2026-09-15T03:43:49.866524+00:00
    Total instances: 1404, Series during experiment: 234, Windows: 6
    Collecting ground truth and context...
    Detected to_univariate case: 234 flat series -> 78 series x 3 variates
    Organizing data into arrays...
    Saved predictions (quantiles) to /fslarge/scratch/users/h61084/codes/adaptime/outputs/adaptime/evaluations/tsrag/univariate/azure2019_U/5T/short/run_0/predictions.npz
    Computing per-window metrics...
    Saved metrics to /fslarge/scratch/users/h61084/codes/adaptime/outputs/adaptime/evaluations/tsrag/univariate/azure2019_U/5T/short/run_0/metrics.npz
    Saved config to /fslarge/scratch/users/h61084/codes/adaptime/outputs/adaptime/evaluations/tsrag/univariate/azure2019_U/5T/short/run_0/config.json
    Saved aggregate metrics to /fslarge/scratch/users/h61084/codes/adaptime/outputs/adaptime/evaluations/tsrag/univariate/azure2019_U/5T/short/run_0/metrics_summary.json
    Metrics summary (averaged over all series/windows/variates):
      MSE: 69.3260
      MAE: 2.3909
      RMSE: 3.3254
      MAPE: 0.3706
      sMAPE: 0.1648
      MASE: 0.6571
      ND: 0.1773
      CRPS: 0.1773
/fslarge/scratch/users/h61084/codes/adaptime/outputs/adaptime/evaluations/tsrag/univariate/azure2019_U/5T/short/run_0/metrics_summary.json
TIME run allocation action=new run=/fslarge/scratch/users/h61084/codes/adaptime/outputs/adaptime/evaluations/tsrag/univariate/Smart_Manufacturing/H/short/run_0 launch_id=selena_adaptime_unified_20260914T204328Z_25264_tsrag slurm_job_id=3427124 launched_at=2026-09-15T03:43:50.027599+00:00
    Total instances: 2380, Series during experiment: 170, Windows: 14
    Collecting ground truth and context...
    Detected to_univariate case: 170 flat series -> 34 series x 5 variates
    Organizing data into arrays...
    Saved predictions (quantiles) to /fslarge/scratch/users/h61084/codes/adaptime/outputs/adaptime/evaluations/tsrag/univariate/Smart_Manufacturing/H/short/run_0/predictions.npz
    Computing per-window metrics...
    Saved metrics to /fslarge/scratch/users/h61084/codes/adaptime/outputs/adaptime/evaluations/tsrag/univariate/Smart_Manufacturing/H/short/run_0/metrics.npz
    Saved config to /fslarge/scratch/users/h61084/codes/adaptime/outputs/adaptime/evaluations/tsrag/univariate/Smart_Manufacturing/H/short/run_0/config.json
    Saved aggregate metrics to /fslarge/scratch/users/h61084/codes/adaptime/outputs/adaptime/evaluations/tsrag/univariate/Smart_Manufacturing/H/short/run_0/metrics_summary.json
    Metrics summary (averaged over all series/windows/variates):
      MSE: 78.3464
      MAE: 5.7164
      RMSE: 7.0635
      MAPE: 0.3321
      sMAPE: 0.2253
      MASE: 0.7118
      ND: 0.2165
      CRPS: 0.2165
/fslarge/scratch/users/h61084/codes/adaptime/outputs/adaptime/evaluations/tsrag/univariate/Smart_Manufacturing/H/short/run_0/metrics_summary.json
TIME run allocation action=new run=/fslarge/scratch/users/h61084/codes/adaptime/outputs/adaptime/evaluations/tsrag/univariate/Smart_Manufacturing/H/medium/run_0 launch_id=selena_adaptime_unified_20260914T204328Z_25264_tsrag slurm_job_id=3427124 launched_at=2026-09-15T03:43:50.254046+00:00
    Total instances: 340, Series during experiment: 170, Windows: 2
    Collecting ground truth and context...
    Detected to_univariate case: 170 flat series -> 34 series x 5 variates
    Organizing data into arrays...
    Saved predictions (quantiles) to /fslarge/scratch/users/h61084/codes/adaptime/outputs/adaptime/evaluations/tsrag/univariate/Smart_Manufacturing/H/medium/run_0/predictions.npz
    Computing per-window metrics...
    Saved metrics to /fslarge/scratch/users/h61084/codes/adaptime/outputs/adaptime/evaluations/tsrag/univariate/Smart_Manufacturing/H/medium/run_0/metrics.npz
    Saved config to /fslarge/scratch/users/h61084/codes/adaptime/outputs/adaptime/evaluations/tsrag/univariate/Smart_Manufacturing/H/medium/run_0/config.json
    Saved aggregate metrics to /fslarge/scratch/users/h61084/codes/adaptime/outputs/adaptime/evaluations/tsrag/univariate/Smart_Manufacturing/H/medium/run_0/metrics_summary.json
    Metrics summary (averaged over all series/windows/variates):
      MSE: 78.4224
      MAE: 5.7197
      RMSE: 7.1497
      MAPE: 0.3377
      sMAPE: 0.2253
      MASE: 0.7115
      ND: 0.2153
      CRPS: 0.2153
/fslarge/scratch/users/h61084/codes/adaptime/outputs/adaptime/evaluations/tsrag/univariate/Smart_Manufacturing/H/medium/run_0/metrics_summary.json
TIME run allocation action=new run=/fslarge/scratch/users/h61084/codes/adaptime/outputs/adaptime/evaluations/tsrag/univariate/Smart_Manufacturing/H/long/run_0 launch_id=selena_adaptime_unified_20260914T204328Z_25264_tsrag slurm_job_id=3427124 launched_at=2026-09-15T03:43:50.328750+00:00
    Total instances: 170, Series during experiment: 170, Windows: 1
    Collecting ground truth and context...
    Detected to_univariate case: 170 flat series -> 34 series x 5 variates
    Organizing data into arrays...
    Saved predictions (quantiles) to /fslarge/scratch/users/h61084/codes/adaptime/outputs/adaptime/evaluations/tsrag/univariate/Smart_Manufacturing/H/long/run_0/predictions.npz
    Computing per-window metrics...
    Saved metrics to /fslarge/scratch/users/h61084/codes/adaptime/outputs/adaptime/evaluations/tsrag/univariate/Smart_Manufacturing/H/long/run_0/metrics.npz
    Saved config to /fslarge/scratch/users/h61084/codes/adaptime/outputs/adaptime/evaluations/tsrag/univariate/Smart_Manufacturing/H/long/run_0/config.json
    Saved aggregate metrics to /fslarge/scratch/users/h61084/codes/adaptime/outputs/adaptime/evaluations/tsrag/univariate/Smart_Manufacturing/H/long/run_0/metrics_summary.json
    Metrics summary (averaged over all series/windows/variates):
      MSE: 78.4263
      MAE: 5.7196
      RMSE: 7.1591
      MAPE: 0.3402
      sMAPE: 0.2253
      MASE: 0.7110
      ND: 0.2152
      CRPS: 0.2152
/fslarge/scratch/users/h61084/codes/adaptime/outputs/adaptime/evaluations/tsrag/univariate/Smart_Manufacturing/H/long/run_0/metrics_summary.json
TIME run allocation action=new run=/fslarge/scratch/users/h61084/codes/adaptime/outputs/adaptime/evaluations/tsrag/univariate/MetroPT-3/5T/short/run_0 launch_id=selena_adaptime_unified_20260914T204328Z_25264_tsrag slurm_job_id=3427124 launched_at=2026-09-15T03:43:50.391511+00:00
    Total instances: 216, Series during experiment: 6, Windows: 36
    Collecting ground truth and context...
    Detected to_univariate case: 6 flat series -> 1 series x 6 variates
    Organizing data into arrays...
    Saved predictions (quantiles) to /fslarge/scratch/users/h61084/codes/adaptime/outputs/adaptime/evaluations/tsrag/univariate/MetroPT-3/5T/short/run_0/predictions.npz
    Computing per-window metrics...
    Saved metrics to /fslarge/scratch/users/h61084/codes/adaptime/outputs/adaptime/evaluations/tsrag/univariate/MetroPT-3/5T/short/run_0/metrics.npz
    Saved config to /fslarge/scratch/users/h61084/codes/adaptime/outputs/adaptime/evaluations/tsrag/univariate/MetroPT-3/5T/short/run_0/config.json
    Saved aggregate metrics to /fslarge/scratch/users/h61084/codes/adaptime/outputs/adaptime/evaluations/tsrag/univariate/MetroPT-3/5T/short/run_0/metrics_summary.json
    Metrics summary (averaged over all series/windows/variates):
      MSE: 3.2483
      MAE: 1.1564
      RMSE: 1.4823
      MAPE: 4.7445
      sMAPE: 0.4913
      MASE: 0.6447
      ND: 0.3338
      CRPS: 0.3338
/fslarge/scratch/users/h61084/codes/adaptime/outputs/adaptime/evaluations/tsrag/univariate/MetroPT-3/5T/short/run_0/metrics_summary.json
TIME run allocation action=new run=/fslarge/scratch/users/h61084/codes/adaptime/outputs/adaptime/evaluations/tsrag/univariate/MetroPT-3/5T/medium/run_0 launch_id=selena_adaptime_unified_20260914T204328Z_25264_tsrag slurm_job_id=3427124 launched_at=2026-09-15T03:43:50.466030+00:00
    Total instances: 36, Series during experiment: 6, Windows: 6
    Collecting ground truth and context...
    Detected to_univariate case: 6 flat series -> 1 series x 6 variates
    Organizing data into arrays...
    Saved predictions (quantiles) to /fslarge/scratch/users/h61084/codes/adaptime/outputs/adaptime/evaluations/tsrag/univariate/MetroPT-3/5T/medium/run_0/predictions.npz
    Computing per-window metrics...
    Saved metrics to /fslarge/scratch/users/h61084/codes/adaptime/outputs/adaptime/evaluations/tsrag/univariate/MetroPT-3/5T/medium/run_0/metrics.npz
    Saved config to /fslarge/scratch/users/h61084/codes/adaptime/outputs/adaptime/evaluations/tsrag/univariate/MetroPT-3/5T/medium/run_0/config.json
    Saved aggregate metrics to /fslarge/scratch/users/h61084/codes/adaptime/outputs/adaptime/evaluations/tsrag/univariate/MetroPT-3/5T/medium/run_0/metrics_summary.json
    Metrics summary (averaged over all series/windows/variates):
      MSE: undefined
      MAE: undefined
      RMSE: undefined
      MAPE: 7.0586
      sMAPE: 0.3815
      MASE: undefined
      ND: undefined
      CRPS: undefined
/fslarge/scratch/users/h61084/codes/adaptime/outputs/adaptime/evaluations/tsrag/univariate/MetroPT-3/5T/medium/run_0/metrics_summary.json
TIME run allocation action=new run=/fslarge/scratch/users/h61084/codes/adaptime/outputs/adaptime/evaluations/tsrag/univariate/MetroPT-3/5T/long/run_0 launch_id=selena_adaptime_unified_20260914T204328Z_25264_tsrag slurm_job_id=3427124 launched_at=2026-09-15T03:43:50.519601+00:00
    Total instances: 18, Series during experiment: 6, Windows: 3
    Collecting ground truth and context...
    Detected to_univariate case: 6 flat series -> 1 series x 6 variates
    Organizing data into arrays...
    Saved predictions (quantiles) to /fslarge/scratch/users/h61084/codes/adaptime/outputs/adaptime/evaluations/tsrag/univariate/MetroPT-3/5T/long/run_0/predictions.npz
    Computing per-window metrics...
    Saved metrics to /fslarge/scratch/users/h61084/codes/adaptime/outputs/adaptime/evaluations/tsrag/univariate/MetroPT-3/5T/long/run_0/metrics.npz
    Saved config to /fslarge/scratch/users/h61084/codes/adaptime/outputs/adaptime/evaluations/tsrag/univariate/MetroPT-3/5T/long/run_0/config.json
    Saved aggregate metrics to /fslarge/scratch/users/h61084/codes/adaptime/outputs/adaptime/evaluations/tsrag/univariate/MetroPT-3/5T/long/run_0/metrics_summary.json
    Metrics summary (averaged over all series/windows/variates):
      MSE: undefined
      MAE: undefined
      RMSE: undefined
      MAPE: 1.0000
      sMAPE: 2.0000
      MASE: undefined
      ND: undefined
      CRPS: undefined
/fslarge/scratch/users/h61084/codes/adaptime/outputs/adaptime/evaluations/tsrag/univariate/MetroPT-3/5T/long/run_0/metrics_summary.json
2026-09-15 05:43:52 | task TIME-wide Adaptime method=tsrag stage=pipeline completed status=success
2026-09-15 05:43:52 | stage pipeline completed status=success
2026-09-15 05:43:52 | workflow adaptime completed status=success exit_code=0
