2026-09-08 17:16:41 | workflow adaptime started launch_id=selena_adaptime_3227291 task=ridge_pipeline slurm_job_id=3227291 slurm_array_job_id=none slurm_array_task_id=none
2026-09-08 17:16:41 | stage pipeline started
2026-09-08 17:16:41 | task TIME-wide Adaptime method=ridge stage=pipeline started
TIME run allocation action=resume run=/fslarge/scratch/users/h61084/codes/adaptime/outputs/adaptime/vanilla/shared/univariate/Water_Quality_Darwin/15T/short/run_0 launch_id=selena_adaptime_3227291 slurm_job_id=3227291 launched_at=2026-09-08T15:16:49.250490+00:00 resumed_from_launch=selena_adaptime_3227291 resumed_from_job=3227291
/fslarge/scratch/users/h61084/codes/adaptime/outputs/adaptime/vanilla/shared/univariate/Water_Quality_Darwin/15T/short/run_0/vanilla/manifest.json
TIME run allocation action=new run=/fslarge/scratch/users/h61084/codes/adaptime/outputs/adaptime/vanilla/shared/univariate/Water_Quality_Darwin/15T/medium/run_0 launch_id=selena_adaptime_3227291 slurm_job_id=3227291 launched_at=2026-09-08T15:17:17.828878+00:00
/fslarge/scratch/users/h61084/codes/adaptime/outputs/adaptime/vanilla/shared/univariate/Water_Quality_Darwin/15T/medium/run_0/vanilla/manifest.json
TIME run allocation action=new run=/fslarge/scratch/users/h61084/codes/adaptime/outputs/adaptime/vanilla/shared/univariate/Water_Quality_Darwin/15T/long/run_0 launch_id=selena_adaptime_3227291 slurm_job_id=3227291 launched_at=2026-09-08T15:17:20.805139+00:00
/fslarge/scratch/users/h61084/codes/adaptime/outputs/adaptime/vanilla/shared/univariate/Water_Quality_Darwin/15T/long/run_0/vanilla/manifest.json
TIME run allocation action=new run=/fslarge/scratch/users/h61084/codes/adaptime/outputs/adaptime/vanilla/shared/univariate/current_velocity/5T/short/run_0 launch_id=selena_adaptime_3227291 slurm_job_id=3227291 launched_at=2026-09-08T15:17:21.872096+00:00
/fslarge/scratch/users/h61084/codes/adaptime/outputs/adaptime/vanilla/shared/univariate/current_velocity/5T/short/run_0/vanilla/manifest.json
TIME run allocation action=new run=/fslarge/scratch/users/h61084/codes/adaptime/outputs/adaptime/vanilla/shared/univariate/current_velocity/5T/medium/run_0 launch_id=selena_adaptime_3227291 slurm_job_id=3227291 launched_at=2026-09-08T15:17:25.215372+00:00
/fslarge/scratch/users/h61084/codes/adaptime/outputs/adaptime/vanilla/shared/univariate/current_velocity/5T/medium/run_0/vanilla/manifest.json
TIME run allocation action=new run=/fslarge/scratch/users/h61084/codes/adaptime/outputs/adaptime/vanilla/shared/univariate/current_velocity/5T/long/run_0 launch_id=selena_adaptime_3227291 slurm_job_id=3227291 launched_at=2026-09-08T15:17:25.672096+00:00
/fslarge/scratch/users/h61084/codes/adaptime/outputs/adaptime/vanilla/shared/univariate/current_velocity/5T/long/run_0/vanilla/manifest.json
TIME run allocation action=new run=/fslarge/scratch/users/h61084/codes/adaptime/outputs/adaptime/vanilla/shared/univariate/current_velocity/10T/short/run_0 launch_id=selena_adaptime_3227291 slurm_job_id=3227291 launched_at=2026-09-08T15:17:25.869762+00:00
/fslarge/scratch/users/h61084/codes/adaptime/outputs/adaptime/vanilla/shared/univariate/current_velocity/10T/short/run_0/vanilla/manifest.json
TIME run allocation action=new run=/fslarge/scratch/users/h61084/codes/adaptime/outputs/adaptime/vanilla/shared/univariate/current_velocity/10T/medium/run_0 launch_id=selena_adaptime_3227291 slurm_job_id=3227291 launched_at=2026-09-08T15:17:58.473646+00:00
/fslarge/scratch/users/h61084/codes/adaptime/outputs/adaptime/vanilla/shared/univariate/current_velocity/10T/medium/run_0/vanilla/manifest.json
TIME run allocation action=new run=/fslarge/scratch/users/h61084/codes/adaptime/outputs/adaptime/vanilla/shared/univariate/current_velocity/10T/long/run_0 launch_id=selena_adaptime_3227291 slurm_job_id=3227291 launched_at=2026-09-08T15:18:02.653688+00:00
/fslarge/scratch/users/h61084/codes/adaptime/outputs/adaptime/vanilla/shared/univariate/current_velocity/10T/long/run_0/vanilla/manifest.json
TIME run allocation action=new run=/fslarge/scratch/users/h61084/codes/adaptime/outputs/adaptime/vanilla/shared/univariate/current_velocity/15T/short/run_0 launch_id=selena_adaptime_3227291 slurm_job_id=3227291 launched_at=2026-09-08T15:18:04.172082+00:00
/fslarge/scratch/users/h61084/codes/adaptime/outputs/adaptime/vanilla/shared/univariate/current_velocity/15T/short/run_0/vanilla/manifest.json
TIME run allocation action=new run=/fslarge/scratch/users/h61084/codes/adaptime/outputs/adaptime/vanilla/shared/univariate/current_velocity/15T/medium/run_0 launch_id=selena_adaptime_3227291 slurm_job_id=3227291 launched_at=2026-09-08T15:18:16.683223+00:00
/fslarge/scratch/users/h61084/codes/adaptime/outputs/adaptime/vanilla/shared/univariate/current_velocity/15T/medium/run_0/vanilla/manifest.json
TIME run allocation action=new run=/fslarge/scratch/users/h61084/codes/adaptime/outputs/adaptime/vanilla/shared/univariate/current_velocity/15T/long/run_0 launch_id=selena_adaptime_3227291 slurm_job_id=3227291 launched_at=2026-09-08T15:18:18.390068+00:00
/fslarge/scratch/users/h61084/codes/adaptime/outputs/adaptime/vanilla/shared/univariate/current_velocity/15T/long/run_0/vanilla/manifest.json
TIME run allocation action=new run=/fslarge/scratch/users/h61084/codes/adaptime/outputs/adaptime/vanilla/shared/univariate/current_velocity/20T/short/run_0 launch_id=selena_adaptime_3227291 slurm_job_id=3227291 launched_at=2026-09-08T15:18:18.989585+00:00
/fslarge/scratch/users/h61084/codes/adaptime/outputs/adaptime/vanilla/shared/univariate/current_velocity/20T/short/run_0/vanilla/manifest.json
TIME run allocation action=new run=/fslarge/scratch/users/h61084/codes/adaptime/outputs/adaptime/vanilla/shared/univariate/current_velocity/20T/medium/run_0 launch_id=selena_adaptime_3227291 slurm_job_id=3227291 launched_at=2026-09-08T15:19:29.257211+00:00
/fslarge/scratch/users/h61084/codes/adaptime/outputs/adaptime/vanilla/shared/univariate/current_velocity/20T/medium/run_0/vanilla/manifest.json
TIME run allocation action=new run=/fslarge/scratch/users/h61084/codes/adaptime/outputs/adaptime/vanilla/shared/univariate/current_velocity/20T/long/run_0 launch_id=selena_adaptime_3227291 slurm_job_id=3227291 launched_at=2026-09-08T15:19:38.419839+00:00
/fslarge/scratch/users/h61084/codes/adaptime/outputs/adaptime/vanilla/shared/univariate/current_velocity/20T/long/run_0/vanilla/manifest.json
TIME run allocation action=new run=/fslarge/scratch/users/h61084/codes/adaptime/outputs/adaptime/vanilla/shared/univariate/current_velocity/H/short/run_0 launch_id=selena_adaptime_3227291 slurm_job_id=3227291 launched_at=2026-09-08T15:19:41.546047+00:00
/fslarge/scratch/users/h61084/codes/adaptime/outputs/adaptime/vanilla/shared/univariate/current_velocity/H/short/run_0/vanilla/manifest.json
TIME run allocation action=new run=/fslarge/scratch/users/h61084/codes/adaptime/outputs/adaptime/vanilla/shared/univariate/current_velocity/H/medium/run_0 launch_id=selena_adaptime_3227291 slurm_job_id=3227291 launched_at=2026-09-08T15:19:50.849902+00:00
/fslarge/scratch/users/h61084/codes/adaptime/outputs/adaptime/vanilla/shared/univariate/current_velocity/H/medium/run_0/vanilla/manifest.json
TIME run allocation action=new run=/fslarge/scratch/users/h61084/codes/adaptime/outputs/adaptime/vanilla/shared/univariate/current_velocity/H/long/run_0 launch_id=selena_adaptime_3227291 slurm_job_id=3227291 launched_at=2026-09-08T15:19:52.327414+00:00
/fslarge/scratch/users/h61084/codes/adaptime/outputs/adaptime/vanilla/shared/univariate/current_velocity/H/long/run_0/vanilla/manifest.json
TIME run allocation action=new run=/fslarge/scratch/users/h61084/codes/adaptime/outputs/adaptime/vanilla/shared/univariate/CPHL/15T/short/run_0 launch_id=selena_adaptime_3227291 slurm_job_id=3227291 launched_at=2026-09-08T15:19:53.095424+00:00
/fslarge/scratch/users/h61084/codes/adaptime/outputs/adaptime/vanilla/shared/univariate/CPHL/15T/short/run_0/vanilla/manifest.json
TIME run allocation action=new run=/fslarge/scratch/users/h61084/codes/adaptime/outputs/adaptime/vanilla/shared/univariate/CPHL/15T/medium/run_0 launch_id=selena_adaptime_3227291 slurm_job_id=3227291 launched_at=2026-09-08T15:19:54.217788+00:00
/fslarge/scratch/users/h61084/codes/adaptime/outputs/adaptime/vanilla/shared/univariate/CPHL/15T/medium/run_0/vanilla/manifest.json
TIME run allocation action=new run=/fslarge/scratch/users/h61084/codes/adaptime/outputs/adaptime/vanilla/shared/univariate/CPHL/15T/long/run_0 launch_id=selena_adaptime_3227291 slurm_job_id=3227291 launched_at=2026-09-08T15:19:54.377727+00:00
/fslarge/scratch/users/h61084/codes/adaptime/outputs/adaptime/vanilla/shared/univariate/CPHL/15T/long/run_0/vanilla/manifest.json
TIME run allocation action=new run=/fslarge/scratch/users/h61084/codes/adaptime/outputs/adaptime/vanilla/shared/univariate/CPHL/30T/short/run_0 launch_id=selena_adaptime_3227291 slurm_job_id=3227291 launched_at=2026-09-08T15:19:54.456234+00:00
/fslarge/scratch/users/h61084/codes/adaptime/outputs/adaptime/vanilla/shared/univariate/CPHL/30T/short/run_0/vanilla/manifest.json
TIME run allocation action=new run=/fslarge/scratch/users/h61084/codes/adaptime/outputs/adaptime/vanilla/shared/univariate/CPHL/30T/medium/run_0 launch_id=selena_adaptime_3227291 slurm_job_id=3227291 launched_at=2026-09-08T15:19:55.574464+00:00
/fslarge/scratch/users/h61084/codes/adaptime/outputs/adaptime/vanilla/shared/univariate/CPHL/30T/medium/run_0/vanilla/manifest.json
TIME run allocation action=new run=/fslarge/scratch/users/h61084/codes/adaptime/outputs/adaptime/vanilla/shared/univariate/CPHL/30T/long/run_0 launch_id=selena_adaptime_3227291 slurm_job_id=3227291 launched_at=2026-09-08T15:19:55.868071+00:00
/fslarge/scratch/users/h61084/codes/adaptime/outputs/adaptime/vanilla/shared/univariate/CPHL/30T/long/run_0/vanilla/manifest.json
TIME run allocation action=new run=/fslarge/scratch/users/h61084/codes/adaptime/outputs/adaptime/vanilla/shared/univariate/CPHL/H/short/run_0 launch_id=selena_adaptime_3227291 slurm_job_id=3227291 launched_at=2026-09-08T15:19:55.984987+00:00
/fslarge/scratch/users/h61084/codes/adaptime/outputs/adaptime/vanilla/shared/univariate/CPHL/H/short/run_0/vanilla/manifest.json
TIME run allocation action=new run=/fslarge/scratch/users/h61084/codes/adaptime/outputs/adaptime/vanilla/shared/univariate/CPHL/H/medium/run_0 launch_id=selena_adaptime_3227291 slurm_job_id=3227291 launched_at=2026-09-08T15:19:57.577923+00:00
/fslarge/scratch/users/h61084/codes/adaptime/outputs/adaptime/vanilla/shared/univariate/CPHL/H/medium/run_0/vanilla/manifest.json
TIME run allocation action=new run=/fslarge/scratch/users/h61084/codes/adaptime/outputs/adaptime/vanilla/shared/univariate/CPHL/H/long/run_0 launch_id=selena_adaptime_3227291 slurm_job_id=3227291 launched_at=2026-09-08T15:19:57.797777+00:00
/fslarge/scratch/users/h61084/codes/adaptime/outputs/adaptime/vanilla/shared/univariate/CPHL/H/long/run_0/vanilla/manifest.json
TIME run allocation action=new run=/fslarge/scratch/users/h61084/codes/adaptime/outputs/adaptime/vanilla/shared/univariate/Coastal_T_S/5T/short/run_0 launch_id=selena_adaptime_3227291 slurm_job_id=3227291 launched_at=2026-09-08T15:19:57.934019+00:00
/fslarge/scratch/users/h61084/codes/adaptime/outputs/adaptime/vanilla/shared/univariate/Coastal_T_S/5T/short/run_0/vanilla/manifest.json
TIME run allocation action=new run=/fslarge/scratch/users/h61084/codes/adaptime/outputs/adaptime/vanilla/shared/univariate/Coastal_T_S/5T/medium/run_0 launch_id=selena_adaptime_3227291 slurm_job_id=3227291 launched_at=2026-09-08T15:20:27.796217+00:00
/fslarge/scratch/users/h61084/codes/adaptime/outputs/adaptime/vanilla/shared/univariate/Coastal_T_S/5T/medium/run_0/vanilla/manifest.json
TIME run allocation action=new run=/fslarge/scratch/users/h61084/codes/adaptime/outputs/adaptime/vanilla/shared/univariate/Coastal_T_S/5T/long/run_0 launch_id=selena_adaptime_3227291 slurm_job_id=3227291 launched_at=2026-09-08T15:20:31.862780+00:00
/fslarge/scratch/users/h61084/codes/adaptime/outputs/adaptime/vanilla/shared/univariate/Coastal_T_S/5T/long/run_0/vanilla/manifest.json
TIME run allocation action=new run=/fslarge/scratch/users/h61084/codes/adaptime/outputs/adaptime/vanilla/shared/univariate/Coastal_T_S/15T/short/run_0 launch_id=selena_adaptime_3227291 slurm_job_id=3227291 launched_at=2026-09-08T15:20:33.450559+00:00
/fslarge/scratch/users/h61084/codes/adaptime/outputs/adaptime/vanilla/shared/univariate/Coastal_T_S/15T/short/run_0/vanilla/manifest.json
TIME run allocation action=new run=/fslarge/scratch/users/h61084/codes/adaptime/outputs/adaptime/vanilla/shared/univariate/Coastal_T_S/15T/medium/run_0 launch_id=selena_adaptime_3227291 slurm_job_id=3227291 launched_at=2026-09-08T15:20:41.755035+00:00
/fslarge/scratch/users/h61084/codes/adaptime/outputs/adaptime/vanilla/shared/univariate/Coastal_T_S/15T/medium/run_0/vanilla/manifest.json
TIME run allocation action=new run=/fslarge/scratch/users/h61084/codes/adaptime/outputs/adaptime/vanilla/shared/univariate/Coastal_T_S/15T/long/run_0 launch_id=selena_adaptime_3227291 slurm_job_id=3227291 launched_at=2026-09-08T15:20:42.855953+00:00
/fslarge/scratch/users/h61084/codes/adaptime/outputs/adaptime/vanilla/shared/univariate/Coastal_T_S/15T/long/run_0/vanilla/manifest.json
TIME run allocation action=new run=/fslarge/scratch/users/h61084/codes/adaptime/outputs/adaptime/vanilla/shared/univariate/Coastal_T_S/20T/short/run_0 launch_id=selena_adaptime_3227291 slurm_job_id=3227291 launched_at=2026-09-08T15:20:43.272242+00:00
/fslarge/scratch/users/h61084/codes/adaptime/outputs/adaptime/vanilla/shared/univariate/Coastal_T_S/20T/short/run_0/vanilla/manifest.json
TIME run allocation action=new run=/fslarge/scratch/users/h61084/codes/adaptime/outputs/adaptime/vanilla/shared/univariate/Coastal_T_S/20T/medium/run_0 launch_id=selena_adaptime_3227291 slurm_job_id=3227291 launched_at=2026-09-08T15:20:45.478227+00:00
/fslarge/scratch/users/h61084/codes/adaptime/outputs/adaptime/vanilla/shared/univariate/Coastal_T_S/20T/medium/run_0/vanilla/manifest.json
TIME run allocation action=new run=/fslarge/scratch/users/h61084/codes/adaptime/outputs/adaptime/vanilla/shared/univariate/Coastal_T_S/20T/long/run_0 launch_id=selena_adaptime_3227291 slurm_job_id=3227291 launched_at=2026-09-08T15:20:45.783864+00:00
/fslarge/scratch/users/h61084/codes/adaptime/outputs/adaptime/vanilla/shared/univariate/Coastal_T_S/20T/long/run_0/vanilla/manifest.json
TIME run allocation action=new run=/fslarge/scratch/users/h61084/codes/adaptime/outputs/adaptime/vanilla/shared/univariate/Coastal_T_S/H/short/run_0 launch_id=selena_adaptime_3227291 slurm_job_id=3227291 launched_at=2026-09-08T15:20:45.908488+00:00
/fslarge/scratch/users/h61084/codes/adaptime/outputs/adaptime/vanilla/shared/univariate/Coastal_T_S/H/short/run_0/vanilla/manifest.json
TIME run allocation action=new run=/fslarge/scratch/users/h61084/codes/adaptime/outputs/adaptime/vanilla/shared/univariate/Coastal_T_S/H/medium/run_0 launch_id=selena_adaptime_3227291 slurm_job_id=3227291 launched_at=2026-09-08T15:20:56.063611+00:00
/fslarge/scratch/users/h61084/codes/adaptime/outputs/adaptime/vanilla/shared/univariate/Coastal_T_S/H/medium/run_0/vanilla/manifest.json
TIME run allocation action=new run=/fslarge/scratch/users/h61084/codes/adaptime/outputs/adaptime/vanilla/shared/univariate/Coastal_T_S/H/long/run_0 launch_id=selena_adaptime_3227291 slurm_job_id=3227291 launched_at=2026-09-08T15:20:57.548507+00:00
/fslarge/scratch/users/h61084/codes/adaptime/outputs/adaptime/vanilla/shared/univariate/Coastal_T_S/H/long/run_0/vanilla/manifest.json
TIME run allocation action=new run=/fslarge/scratch/users/h61084/codes/adaptime/outputs/adaptime/vanilla/shared/univariate/SG_Weather/D/short/run_0 launch_id=selena_adaptime_3227291 slurm_job_id=3227291 launched_at=2026-09-08T15:20:58.339524+00:00
/fslarge/scratch/users/h61084/codes/adaptime/outputs/adaptime/vanilla/shared/univariate/SG_Weather/D/short/run_0/vanilla/manifest.json
TIME run allocation action=new run=/fslarge/scratch/users/h61084/codes/adaptime/outputs/adaptime/vanilla/shared/univariate/SG_Weather/D/medium/run_0 launch_id=selena_adaptime_3227291 slurm_job_id=3227291 launched_at=2026-09-08T15:21:03.524754+00:00
/fslarge/scratch/users/h61084/codes/adaptime/outputs/adaptime/vanilla/shared/univariate/SG_Weather/D/medium/run_0/vanilla/manifest.json
TIME run allocation action=new run=/fslarge/scratch/users/h61084/codes/adaptime/outputs/adaptime/vanilla/shared/univariate/SG_Weather/D/long/run_0 launch_id=selena_adaptime_3227291 slurm_job_id=3227291 launched_at=2026-09-08T15:21:05.750917+00:00
/fslarge/scratch/users/h61084/codes/adaptime/outputs/adaptime/vanilla/shared/univariate/SG_Weather/D/long/run_0/vanilla/manifest.json
TIME run allocation action=new run=/fslarge/scratch/users/h61084/codes/adaptime/outputs/adaptime/vanilla/shared/univariate/SG_PM25/H/short/run_0 launch_id=selena_adaptime_3227291 slurm_job_id=3227291 launched_at=2026-09-08T15:21:06.877592+00:00
/fslarge/scratch/users/h61084/codes/adaptime/outputs/adaptime/vanilla/shared/univariate/SG_PM25/H/short/run_0/vanilla/manifest.json
TIME run allocation action=new run=/fslarge/scratch/users/h61084/codes/adaptime/outputs/adaptime/vanilla/shared/univariate/SG_PM25/H/medium/run_0 launch_id=selena_adaptime_3227291 slurm_job_id=3227291 launched_at=2026-09-08T15:21:09.033381+00:00
/fslarge/scratch/users/h61084/codes/adaptime/outputs/adaptime/vanilla/shared/univariate/SG_PM25/H/medium/run_0/vanilla/manifest.json
TIME run allocation action=new run=/fslarge/scratch/users/h61084/codes/adaptime/outputs/adaptime/vanilla/shared/univariate/SG_PM25/H/long/run_0 launch_id=selena_adaptime_3227291 slurm_job_id=3227291 launched_at=2026-09-08T15:21:09.741815+00:00
/fslarge/scratch/users/h61084/codes/adaptime/outputs/adaptime/vanilla/shared/univariate/SG_PM25/H/long/run_0/vanilla/manifest.json
TIME run allocation action=new run=/fslarge/scratch/users/h61084/codes/adaptime/outputs/adaptime/vanilla/shared/univariate/NE_China_Wind/H/short/run_0 launch_id=selena_adaptime_3227291 slurm_job_id=3227291 launched_at=2026-09-08T15:21:10.093679+00:00
/fslarge/scratch/users/h61084/codes/adaptime/outputs/adaptime/vanilla/shared/univariate/NE_China_Wind/H/short/run_0/vanilla/manifest.json
TIME run allocation action=new run=/fslarge/scratch/users/h61084/codes/adaptime/outputs/adaptime/vanilla/shared/univariate/NE_China_Wind/H/medium/run_0 launch_id=selena_adaptime_3227291 slurm_job_id=3227291 launched_at=2026-09-08T15:21:10.690438+00:00
/fslarge/scratch/users/h61084/codes/adaptime/outputs/adaptime/vanilla/shared/univariate/NE_China_Wind/H/medium/run_0/vanilla/manifest.json
TIME run allocation action=new run=/fslarge/scratch/users/h61084/codes/adaptime/outputs/adaptime/vanilla/shared/univariate/NE_China_Wind/H/long/run_0 launch_id=selena_adaptime_3227291 slurm_job_id=3227291 launched_at=2026-09-08T15:21:10.919434+00:00
/fslarge/scratch/users/h61084/codes/adaptime/outputs/adaptime/vanilla/shared/univariate/NE_China_Wind/H/long/run_0/vanilla/manifest.json
TIME run allocation action=new run=/fslarge/scratch/users/h61084/codes/adaptime/outputs/adaptime/vanilla/shared/univariate/Australia_Solar/H/short/run_0 launch_id=selena_adaptime_3227291 slurm_job_id=3227291 launched_at=2026-09-08T15:21:11.033738+00:00
/fslarge/scratch/users/h61084/codes/adaptime/outputs/adaptime/vanilla/shared/univariate/Australia_Solar/H/short/run_0/vanilla/manifest.json
TIME run allocation action=new run=/fslarge/scratch/users/h61084/codes/adaptime/outputs/adaptime/vanilla/shared/univariate/Australia_Solar/H/medium/run_0 launch_id=selena_adaptime_3227291 slurm_job_id=3227291 launched_at=2026-09-08T15:21:12.490387+00:00
/fslarge/scratch/users/h61084/codes/adaptime/outputs/adaptime/vanilla/shared/univariate/Australia_Solar/H/medium/run_0/vanilla/manifest.json
TIME run allocation action=new run=/fslarge/scratch/users/h61084/codes/adaptime/outputs/adaptime/vanilla/shared/univariate/Australia_Solar/H/long/run_0 launch_id=selena_adaptime_3227291 slurm_job_id=3227291 launched_at=2026-09-08T15:21:12.996216+00:00
/fslarge/scratch/users/h61084/codes/adaptime/outputs/adaptime/vanilla/shared/univariate/Australia_Solar/H/long/run_0/vanilla/manifest.json
TIME run allocation action=new run=/fslarge/scratch/users/h61084/codes/adaptime/outputs/adaptime/vanilla/shared/univariate/epf_electricity_price/H/short/run_0 launch_id=selena_adaptime_3227291 slurm_job_id=3227291 launched_at=2026-09-08T15:21:13.238528+00:00
/fslarge/scratch/users/h61084/codes/adaptime/outputs/adaptime/vanilla/shared/univariate/epf_electricity_price/H/short/run_0/vanilla/manifest.json
TIME run allocation action=new run=/fslarge/scratch/users/h61084/codes/adaptime/outputs/adaptime/vanilla/shared/univariate/epf_electricity_price/H/medium/run_0 launch_id=selena_adaptime_3227291 slurm_job_id=3227291 launched_at=2026-09-08T15:21:15.682389+00:00
/fslarge/scratch/users/h61084/codes/adaptime/outputs/adaptime/vanilla/shared/univariate/epf_electricity_price/H/medium/run_0/vanilla/manifest.json
TIME run allocation action=new run=/fslarge/scratch/users/h61084/codes/adaptime/outputs/adaptime/vanilla/shared/univariate/epf_electricity_price/H/long/run_0 launch_id=selena_adaptime_3227291 slurm_job_id=3227291 launched_at=2026-09-08T15:21:16.522600+00:00
/fslarge/scratch/users/h61084/codes/adaptime/outputs/adaptime/vanilla/shared/univariate/epf_electricity_price/H/long/run_0/vanilla/manifest.json
TIME run allocation action=new run=/fslarge/scratch/users/h61084/codes/adaptime/outputs/adaptime/vanilla/shared/univariate/OpenElectricity_NEM/5T/short/run_0 launch_id=selena_adaptime_3227291 slurm_job_id=3227291 launched_at=2026-09-08T15:21:16.912820+00:00
/fslarge/scratch/users/h61084/codes/adaptime/outputs/adaptime/vanilla/shared/univariate/OpenElectricity_NEM/5T/short/run_0/vanilla/manifest.json
TIME run allocation action=new run=/fslarge/scratch/users/h61084/codes/adaptime/outputs/adaptime/vanilla/shared/univariate/OpenElectricity_NEM/5T/medium/run_0 launch_id=selena_adaptime_3227291 slurm_job_id=3227291 launched_at=2026-09-08T15:21:24.705587+00:00
/fslarge/scratch/users/h61084/codes/adaptime/outputs/adaptime/vanilla/shared/univariate/OpenElectricity_NEM/5T/medium/run_0/vanilla/manifest.json
TIME run allocation action=new run=/fslarge/scratch/users/h61084/codes/adaptime/outputs/adaptime/vanilla/shared/univariate/OpenElectricity_NEM/5T/long/run_0 launch_id=selena_adaptime_3227291 slurm_job_id=3227291 launched_at=2026-09-08T15:21:26.688301+00:00
/fslarge/scratch/users/h61084/codes/adaptime/outputs/adaptime/vanilla/shared/univariate/OpenElectricity_NEM/5T/long/run_0/vanilla/manifest.json
TIME run allocation action=new run=/fslarge/scratch/users/h61084/codes/adaptime/outputs/adaptime/vanilla/shared/univariate/EWELD_Load/15T/short/run_0 launch_id=selena_adaptime_3227291 slurm_job_id=3227291 launched_at=2026-09-08T15:21:27.404795+00:00
/fslarge/scratch/users/h61084/codes/adaptime/outputs/adaptime/vanilla/shared/univariate/EWELD_Load/15T/short/run_0/vanilla/manifest.json
TIME run allocation action=new run=/fslarge/scratch/users/h61084/codes/adaptime/outputs/adaptime/vanilla/shared/univariate/EWELD_Load/15T/medium/run_0 launch_id=selena_adaptime_3227291 slurm_job_id=3227291 launched_at=2026-09-08T15:21:30.015045+00:00
/fslarge/scratch/users/h61084/codes/adaptime/outputs/adaptime/vanilla/shared/univariate/EWELD_Load/15T/medium/run_0/vanilla/manifest.json
TIME run allocation action=new run=/fslarge/scratch/users/h61084/codes/adaptime/outputs/adaptime/vanilla/shared/univariate/EWELD_Load/15T/long/run_0 launch_id=selena_adaptime_3227291 slurm_job_id=3227291 launched_at=2026-09-08T15:21:30.694208+00:00
/fslarge/scratch/users/h61084/codes/adaptime/outputs/adaptime/vanilla/shared/univariate/EWELD_Load/15T/long/run_0/vanilla/manifest.json
TIME run allocation action=new run=/fslarge/scratch/users/h61084/codes/adaptime/outputs/adaptime/vanilla/shared/univariate/SG_Carpark/15T/short/run_0 launch_id=selena_adaptime_3227291 slurm_job_id=3227291 launched_at=2026-09-08T15:21:30.825408+00:00
/fslarge/scratch/users/h61084/codes/adaptime/outputs/adaptime/vanilla/shared/univariate/SG_Carpark/15T/short/run_0/vanilla/manifest.json
TIME run allocation action=new run=/fslarge/scratch/users/h61084/codes/adaptime/outputs/adaptime/vanilla/shared/univariate/SG_Carpark/15T/medium/run_0 launch_id=selena_adaptime_3227291 slurm_job_id=3227291 launched_at=2026-09-08T15:22:39.519311+00:00
/fslarge/scratch/users/h61084/codes/adaptime/outputs/adaptime/vanilla/shared/univariate/SG_Carpark/15T/medium/run_0/vanilla/manifest.json
TIME run allocation action=new run=/fslarge/scratch/users/h61084/codes/adaptime/outputs/adaptime/vanilla/shared/univariate/SG_Carpark/15T/long/run_0 launch_id=selena_adaptime_3227291 slurm_job_id=3227291 launched_at=2026-09-08T15:22:51.308210+00:00
/fslarge/scratch/users/h61084/codes/adaptime/outputs/adaptime/vanilla/shared/univariate/SG_Carpark/15T/long/run_0/vanilla/manifest.json
TIME run allocation action=new run=/fslarge/scratch/users/h61084/codes/adaptime/outputs/adaptime/vanilla/shared/univariate/Finland_Traffic/15T/short/run_0 launch_id=selena_adaptime_3227291 slurm_job_id=3227291 launched_at=2026-09-08T15:22:53.615759+00:00
/fslarge/scratch/users/h61084/codes/adaptime/outputs/adaptime/vanilla/shared/univariate/Finland_Traffic/15T/short/run_0/vanilla/manifest.json
TIME run allocation action=new run=/fslarge/scratch/users/h61084/codes/adaptime/outputs/adaptime/vanilla/shared/univariate/Finland_Traffic/15T/medium/run_0 launch_id=selena_adaptime_3227291 slurm_job_id=3227291 launched_at=2026-09-08T15:22:54.509246+00:00
/fslarge/scratch/users/h61084/codes/adaptime/outputs/adaptime/vanilla/shared/univariate/Finland_Traffic/15T/medium/run_0/vanilla/manifest.json
TIME run allocation action=new run=/fslarge/scratch/users/h61084/codes/adaptime/outputs/adaptime/vanilla/shared/univariate/Finland_Traffic/15T/long/run_0 launch_id=selena_adaptime_3227291 slurm_job_id=3227291 launched_at=2026-09-08T15:22:54.694479+00:00
/fslarge/scratch/users/h61084/codes/adaptime/outputs/adaptime/vanilla/shared/univariate/Finland_Traffic/15T/long/run_0/vanilla/manifest.json
TIME run allocation action=new run=/fslarge/scratch/users/h61084/codes/adaptime/outputs/adaptime/vanilla/shared/univariate/Port_Activity/D/short/run_0 launch_id=selena_adaptime_3227291 slurm_job_id=3227291 launched_at=2026-09-08T15:22:54.760776+00:00
/fslarge/scratch/users/h61084/codes/adaptime/outputs/adaptime/vanilla/shared/univariate/Port_Activity/D/short/run_0/vanilla/manifest.json
TIME run allocation action=new run=/fslarge/scratch/users/h61084/codes/adaptime/outputs/adaptime/vanilla/shared/univariate/Port_Activity/W/short/run_0 launch_id=selena_adaptime_3227291 slurm_job_id=3227291 launched_at=2026-09-08T15:22:57.777072+00:00
/fslarge/scratch/users/h61084/codes/adaptime/outputs/adaptime/vanilla/shared/univariate/Port_Activity/W/short/run_0/vanilla/manifest.json
TIME run allocation action=new run=/fslarge/scratch/users/h61084/codes/adaptime/outputs/adaptime/vanilla/shared/univariate/ECDC_COVID/D/short/run_0 launch_id=selena_adaptime_3227291 slurm_job_id=3227291 launched_at=2026-09-08T15:22:58.117675+00:00
/fslarge/scratch/users/h61084/codes/adaptime/outputs/adaptime/vanilla/shared/univariate/ECDC_COVID/D/short/run_0/vanilla/manifest.json
TIME run allocation action=new run=/fslarge/scratch/users/h61084/codes/adaptime/outputs/adaptime/vanilla/shared/univariate/ECDC_COVID/W/short/run_0 launch_id=selena_adaptime_3227291 slurm_job_id=3227291 launched_at=2026-09-08T15:22:58.747519+00:00
/fslarge/scratch/users/h61084/codes/adaptime/outputs/adaptime/vanilla/shared/univariate/ECDC_COVID/W/short/run_0/vanilla/manifest.json
TIME run allocation action=new run=/fslarge/scratch/users/h61084/codes/adaptime/outputs/adaptime/vanilla/shared/univariate/Global_Influenza/W/short/run_0 launch_id=selena_adaptime_3227291 slurm_job_id=3227291 launched_at=2026-09-08T15:22:59.719658+00:00
/fslarge/scratch/users/h61084/codes/adaptime/outputs/adaptime/vanilla/shared/univariate/Global_Influenza/W/short/run_0/vanilla/manifest.json
TIME run allocation action=new run=/fslarge/scratch/users/h61084/codes/adaptime/outputs/adaptime/vanilla/shared/univariate/Crypto/D/short/run_0 launch_id=selena_adaptime_3227291 slurm_job_id=3227291 launched_at=2026-09-08T15:23:00.101830+00:00
/fslarge/scratch/users/h61084/codes/adaptime/outputs/adaptime/vanilla/shared/univariate/Crypto/D/short/run_0/vanilla/manifest.json
TIME run allocation action=new run=/fslarge/scratch/users/h61084/codes/adaptime/outputs/adaptime/vanilla/shared/univariate/US_Term_Structure/B/short/run_0 launch_id=selena_adaptime_3227291 slurm_job_id=3227291 launched_at=2026-09-08T15:23:00.263243+00:00
/fslarge/scratch/users/h61084/codes/adaptime/outputs/adaptime/vanilla/shared/univariate/US_Term_Structure/B/short/run_0/vanilla/manifest.json
TIME run allocation action=new run=/fslarge/scratch/users/h61084/codes/adaptime/outputs/adaptime/vanilla/shared/univariate/Oil_Price/B/short/run_0 launch_id=selena_adaptime_3227291 slurm_job_id=3227291 launched_at=2026-09-08T15:23:06.897910+00:00
/fslarge/scratch/users/h61084/codes/adaptime/outputs/adaptime/vanilla/shared/univariate/Oil_Price/B/short/run_0/vanilla/manifest.json
TIME run allocation action=new run=/fslarge/scratch/users/h61084/codes/adaptime/outputs/adaptime/vanilla/shared/univariate/Job_Claims/W/short/run_0 launch_id=selena_adaptime_3227291 slurm_job_id=3227291 launched_at=2026-09-08T15:23:08.120117+00:00
/fslarge/scratch/users/h61084/codes/adaptime/outputs/adaptime/vanilla/shared/univariate/Job_Claims/W/short/run_0/vanilla/manifest.json
TIME run allocation action=new run=/fslarge/scratch/users/h61084/codes/adaptime/outputs/adaptime/vanilla/shared/univariate/Uncertainty_1M/M/short/run_0 launch_id=selena_adaptime_3227291 slurm_job_id=3227291 launched_at=2026-09-08T15:23:08.209197+00:00
/fslarge/scratch/users/h61084/codes/adaptime/outputs/adaptime/vanilla/shared/univariate/Uncertainty_1M/M/short/run_0/vanilla/manifest.json
TIME run allocation action=new run=/fslarge/scratch/users/h61084/codes/adaptime/outputs/adaptime/vanilla/shared/univariate/Housing_Inventory/M/short/run_0 launch_id=selena_adaptime_3227291 slurm_job_id=3227291 launched_at=2026-09-08T15:23:08.339663+00:00
/fslarge/scratch/users/h61084/codes/adaptime/outputs/adaptime/vanilla/shared/univariate/Housing_Inventory/M/short/run_0/vanilla/manifest.json
TIME run allocation action=new run=/fslarge/scratch/users/h61084/codes/adaptime/outputs/adaptime/vanilla/shared/univariate/JOLTS/M/short/run_0 launch_id=selena_adaptime_3227291 slurm_job_id=3227291 launched_at=2026-09-08T15:23:08.412333+00:00
/fslarge/scratch/users/h61084/codes/adaptime/outputs/adaptime/vanilla/shared/univariate/JOLTS/M/short/run_0/vanilla/manifest.json
TIME run allocation action=new run=/fslarge/scratch/users/h61084/codes/adaptime/outputs/adaptime/vanilla/shared/univariate/US_Labor/M/short/run_0 launch_id=selena_adaptime_3227291 slurm_job_id=3227291 launched_at=2026-09-08T15:23:08.513655+00:00
/fslarge/scratch/users/h61084/codes/adaptime/outputs/adaptime/vanilla/shared/univariate/US_Labor/M/short/run_0/vanilla/manifest.json
TIME run allocation action=new run=/fslarge/scratch/users/h61084/codes/adaptime/outputs/adaptime/vanilla/shared/univariate/Vehicle_Supply/M/short/run_0 launch_id=selena_adaptime_3227291 slurm_job_id=3227291 launched_at=2026-09-08T15:23:08.619340+00:00
/fslarge/scratch/users/h61084/codes/adaptime/outputs/adaptime/vanilla/shared/univariate/Vehicle_Supply/M/short/run_0/vanilla/manifest.json
TIME run allocation action=new run=/fslarge/scratch/users/h61084/codes/adaptime/outputs/adaptime/vanilla/shared/univariate/Auto_Production_SF/M/short/run_0 launch_id=selena_adaptime_3227291 slurm_job_id=3227291 launched_at=2026-09-08T15:23:08.723346+00:00
/fslarge/scratch/users/h61084/codes/adaptime/outputs/adaptime/vanilla/shared/univariate/Auto_Production_SF/M/short/run_0/vanilla/manifest.json
TIME run allocation action=new run=/fslarge/scratch/users/h61084/codes/adaptime/outputs/adaptime/vanilla/shared/univariate/Commodity_Production/M/short/run_0 launch_id=selena_adaptime_3227291 slurm_job_id=3227291 launched_at=2026-09-08T15:23:08.820611+00:00
/fslarge/scratch/users/h61084/codes/adaptime/outputs/adaptime/vanilla/shared/univariate/Commodity_Production/M/short/run_0/vanilla/manifest.json
TIME run allocation action=new run=/fslarge/scratch/users/h61084/codes/adaptime/outputs/adaptime/vanilla/shared/univariate/Commodity_Import/M/short/run_0 launch_id=selena_adaptime_3227291 slurm_job_id=3227291 launched_at=2026-09-08T15:23:10.508814+00:00
/fslarge/scratch/users/h61084/codes/adaptime/outputs/adaptime/vanilla/shared/univariate/Commodity_Import/M/short/run_0/vanilla/manifest.json
TIME run allocation action=new run=/fslarge/scratch/users/h61084/codes/adaptime/outputs/adaptime/vanilla/shared/univariate/WUI_Global/Q/short/run_0 launch_id=selena_adaptime_3227291 slurm_job_id=3227291 launched_at=2026-09-08T15:23:10.962563+00:00
/fslarge/scratch/users/h61084/codes/adaptime/outputs/adaptime/vanilla/shared/univariate/WUI_Global/Q/short/run_0/vanilla/manifest.json
TIME run allocation action=new run=/fslarge/scratch/users/h61084/codes/adaptime/outputs/adaptime/vanilla/shared/univariate/Global_Price/Q/short/run_0 launch_id=selena_adaptime_3227291 slurm_job_id=3227291 launched_at=2026-09-08T15:23:11.067893+00:00
/fslarge/scratch/users/h61084/codes/adaptime/outputs/adaptime/vanilla/shared/univariate/Global_Price/Q/short/run_0/vanilla/manifest.json
TIME run allocation action=new run=/fslarge/scratch/users/h61084/codes/adaptime/outputs/adaptime/vanilla/shared/univariate/Vehicle_Sales/M/short/run_0 launch_id=selena_adaptime_3227291 slurm_job_id=3227291 launched_at=2026-09-08T15:23:11.181633+00:00
/fslarge/scratch/users/h61084/codes/adaptime/outputs/adaptime/vanilla/shared/univariate/Vehicle_Sales/M/short/run_0/vanilla/manifest.json
TIME run allocation action=new run=/fslarge/scratch/users/h61084/codes/adaptime/outputs/adaptime/vanilla/shared/univariate/Online_Retail_2_UCI/D/short/run_0 launch_id=selena_adaptime_3227291 slurm_job_id=3227291 launched_at=2026-09-08T15:23:11.287003+00:00
/fslarge/scratch/users/h61084/codes/adaptime/outputs/adaptime/vanilla/shared/univariate/Online_Retail_2_UCI/D/short/run_0/vanilla/manifest.json
TIME run allocation action=new run=/fslarge/scratch/users/h61084/codes/adaptime/outputs/adaptime/vanilla/shared/univariate/Supply_Chain_Customer/D/short/run_0 launch_id=selena_adaptime_3227291 slurm_job_id=3227291 launched_at=2026-09-08T15:23:11.398104+00:00
/fslarge/scratch/users/h61084/codes/adaptime/outputs/adaptime/vanilla/shared/univariate/Supply_Chain_Customer/D/short/run_0/vanilla/manifest.json
TIME run allocation action=new run=/fslarge/scratch/users/h61084/codes/adaptime/outputs/adaptime/vanilla/shared/univariate/Supply_Chain_Location/D/short/run_0 launch_id=selena_adaptime_3227291 slurm_job_id=3227291 launched_at=2026-09-08T15:23:11.904337+00:00
/fslarge/scratch/users/h61084/codes/adaptime/outputs/adaptime/vanilla/shared/univariate/Supply_Chain_Location/D/short/run_0/vanilla/manifest.json
TIME run allocation action=new run=/fslarge/scratch/users/h61084/codes/adaptime/outputs/adaptime/vanilla/shared/univariate/azure2019_D/5T/short/run_0 launch_id=selena_adaptime_3227291 slurm_job_id=3227291 launched_at=2026-09-08T15:23:12.589994+00:00
/fslarge/scratch/users/h61084/codes/adaptime/outputs/adaptime/vanilla/shared/univariate/azure2019_D/5T/short/run_0/vanilla/manifest.json
TIME run allocation action=new run=/fslarge/scratch/users/h61084/codes/adaptime/outputs/adaptime/vanilla/shared/univariate/azure2019_I/5T/short/run_0 launch_id=selena_adaptime_3227291 slurm_job_id=3227291 launched_at=2026-09-08T15:23:57.590505+00:00
/fslarge/scratch/users/h61084/codes/adaptime/outputs/adaptime/vanilla/shared/univariate/azure2019_I/5T/short/run_0/vanilla/manifest.json
TIME run allocation action=new run=/fslarge/scratch/users/h61084/codes/adaptime/outputs/adaptime/vanilla/shared/univariate/azure2019_U/5T/short/run_0 launch_id=selena_adaptime_3227291 slurm_job_id=3227291 launched_at=2026-09-08T15:24:19.873393+00:00
/fslarge/scratch/users/h61084/codes/adaptime/outputs/adaptime/vanilla/shared/univariate/azure2019_U/5T/short/run_0/vanilla/manifest.json
TIME run allocation action=new run=/fslarge/scratch/users/h61084/codes/adaptime/outputs/adaptime/vanilla/shared/univariate/Smart_Manufacturing/H/short/run_0 launch_id=selena_adaptime_3227291 slurm_job_id=3227291 launched_at=2026-09-08T15:24:25.518511+00:00
/fslarge/scratch/users/h61084/codes/adaptime/outputs/adaptime/vanilla/shared/univariate/Smart_Manufacturing/H/short/run_0/vanilla/manifest.json
TIME run allocation action=new run=/fslarge/scratch/users/h61084/codes/adaptime/outputs/adaptime/vanilla/shared/univariate/Smart_Manufacturing/H/medium/run_0 launch_id=selena_adaptime_3227291 slurm_job_id=3227291 launched_at=2026-09-08T15:24:28.333362+00:00
/fslarge/scratch/users/h61084/codes/adaptime/outputs/adaptime/vanilla/shared/univariate/Smart_Manufacturing/H/medium/run_0/vanilla/manifest.json
TIME run allocation action=new run=/fslarge/scratch/users/h61084/codes/adaptime/outputs/adaptime/vanilla/shared/univariate/Smart_Manufacturing/H/long/run_0 launch_id=selena_adaptime_3227291 slurm_job_id=3227291 launched_at=2026-09-08T15:24:28.780322+00:00
/fslarge/scratch/users/h61084/codes/adaptime/outputs/adaptime/vanilla/shared/univariate/Smart_Manufacturing/H/long/run_0/vanilla/manifest.json
TIME run allocation action=new run=/fslarge/scratch/users/h61084/codes/adaptime/outputs/adaptime/vanilla/shared/univariate/MetroPT-3/5T/short/run_0 launch_id=selena_adaptime_3227291 slurm_job_id=3227291 launched_at=2026-09-08T15:24:29.031843+00:00
/fslarge/scratch/users/h61084/codes/adaptime/outputs/adaptime/vanilla/shared/univariate/MetroPT-3/5T/short/run_0/vanilla/manifest.json
TIME run allocation action=new run=/fslarge/scratch/users/h61084/codes/adaptime/outputs/adaptime/vanilla/shared/univariate/MetroPT-3/5T/medium/run_0 launch_id=selena_adaptime_3227291 slurm_job_id=3227291 launched_at=2026-09-08T15:24:30.050881+00:00
/fslarge/scratch/users/h61084/codes/adaptime/outputs/adaptime/vanilla/shared/univariate/MetroPT-3/5T/medium/run_0/vanilla/manifest.json
TIME run allocation action=new run=/fslarge/scratch/users/h61084/codes/adaptime/outputs/adaptime/vanilla/shared/univariate/MetroPT-3/5T/long/run_0 launch_id=selena_adaptime_3227291 slurm_job_id=3227291 launched_at=2026-09-08T15:24:30.258304+00:00
/fslarge/scratch/users/h61084/codes/adaptime/outputs/adaptime/vanilla/shared/univariate/MetroPT-3/5T/long/run_0/vanilla/manifest.json
TIME run allocation action=new run=/fslarge/scratch/users/h61084/codes/adaptime/outputs/adaptime/extractions/ridge/univariate/Water_Quality_Darwin/15T/short/run_0 launch_id=selena_adaptime_3227291 slurm_job_id=3227291 launched_at=2026-09-08T15:24:30.380381+00:00
/fslarge/scratch/users/h61084/codes/adaptime/outputs/adaptime/extractions/ridge/univariate/Water_Quality_Darwin/15T/short/run_0/extraction/manifest.json
TIME run allocation action=new run=/fslarge/scratch/users/h61084/codes/adaptime/outputs/adaptime/extractions/ridge/univariate/Water_Quality_Darwin/15T/medium/run_0 launch_id=selena_adaptime_3227291 slurm_job_id=3227291 launched_at=2026-09-08T15:24:39.630722+00:00
/fslarge/scratch/users/h61084/codes/adaptime/outputs/adaptime/extractions/ridge/univariate/Water_Quality_Darwin/15T/medium/run_0/extraction/manifest.json
TIME run allocation action=new run=/fslarge/scratch/users/h61084/codes/adaptime/outputs/adaptime/extractions/ridge/univariate/Water_Quality_Darwin/15T/long/run_0 launch_id=selena_adaptime_3227291 slurm_job_id=3227291 launched_at=2026-09-08T15:30:24.512898+00:00
/fslarge/scratch/users/h61084/codes/adaptime/outputs/adaptime/extractions/ridge/univariate/Water_Quality_Darwin/15T/long/run_0/extraction/manifest.json
TIME run allocation action=new run=/fslarge/scratch/users/h61084/codes/adaptime/outputs/adaptime/extractions/ridge/univariate/current_velocity/5T/short/run_0 launch_id=selena_adaptime_3227291 slurm_job_id=3227291 launched_at=2026-09-08T15:32:52.608089+00:00
/fslarge/scratch/users/h61084/codes/adaptime/outputs/adaptime/extractions/ridge/univariate/current_velocity/5T/short/run_0/extraction/manifest.json
TIME run allocation action=new run=/fslarge/scratch/users/h61084/codes/adaptime/outputs/adaptime/extractions/ridge/univariate/current_velocity/5T/medium/run_0 launch_id=selena_adaptime_3227291 slurm_job_id=3227291 launched_at=2026-09-08T15:32:55.928260+00:00
/fslarge/scratch/users/h61084/codes/adaptime/outputs/adaptime/extractions/ridge/univariate/current_velocity/5T/medium/run_0/extraction/manifest.json
TIME run allocation action=new run=/fslarge/scratch/users/h61084/codes/adaptime/outputs/adaptime/extractions/ridge/univariate/current_velocity/5T/long/run_0 launch_id=selena_adaptime_3227291 slurm_job_id=3227291 launched_at=2026-09-08T15:34:02.130950+00:00
/fslarge/scratch/users/h61084/codes/adaptime/outputs/adaptime/extractions/ridge/univariate/current_velocity/5T/long/run_0/extraction/manifest.json
TIME run allocation action=new run=/fslarge/scratch/users/h61084/codes/adaptime/outputs/adaptime/extractions/ridge/univariate/current_velocity/10T/short/run_0 launch_id=selena_adaptime_3227291 slurm_job_id=3227291 launched_at=2026-09-08T15:34:25.948606+00:00
/fslarge/scratch/users/h61084/codes/adaptime/outputs/adaptime/extractions/ridge/univariate/current_velocity/10T/short/run_0/extraction/manifest.json
TIME run allocation action=new run=/fslarge/scratch/users/h61084/codes/adaptime/outputs/adaptime/extractions/ridge/univariate/current_velocity/10T/medium/run_0 launch_id=selena_adaptime_3227291 slurm_job_id=3227291 launched_at=2026-09-08T15:34:51.009482+00:00
/fslarge/scratch/users/h61084/codes/adaptime/outputs/adaptime/extractions/ridge/univariate/current_velocity/10T/medium/run_0/extraction/manifest.json
TIME run allocation action=new run=/fslarge/scratch/users/h61084/codes/adaptime/outputs/adaptime/extractions/ridge/univariate/current_velocity/10T/long/run_0 launch_id=selena_adaptime_3227291 slurm_job_id=3227291 launched_at=2026-09-08T15:46:48.000316+00:00
/fslarge/scratch/users/h61084/codes/adaptime/outputs/adaptime/extractions/ridge/univariate/current_velocity/10T/long/run_0/extraction/manifest.json
TIME run allocation action=new run=/fslarge/scratch/users/h61084/codes/adaptime/outputs/adaptime/extractions/ridge/univariate/current_velocity/15T/short/run_0 launch_id=selena_adaptime_3227291 slurm_job_id=3227291 launched_at=2026-09-08T15:51:46.957613+00:00
/fslarge/scratch/users/h61084/codes/adaptime/outputs/adaptime/extractions/ridge/univariate/current_velocity/15T/short/run_0/extraction/manifest.json
TIME run allocation action=new run=/fslarge/scratch/users/h61084/codes/adaptime/outputs/adaptime/extractions/ridge/univariate/current_velocity/15T/medium/run_0 launch_id=selena_adaptime_3227291 slurm_job_id=3227291 launched_at=2026-09-08T15:51:49.212866+00:00
/fslarge/scratch/users/h61084/codes/adaptime/outputs/adaptime/extractions/ridge/univariate/current_velocity/15T/medium/run_0/extraction/manifest.json
TIME run allocation action=new run=/fslarge/scratch/users/h61084/codes/adaptime/outputs/adaptime/extractions/ridge/univariate/current_velocity/15T/long/run_0 launch_id=selena_adaptime_3227291 slurm_job_id=3227291 launched_at=2026-09-08T15:53:03.385809+00:00
/fslarge/scratch/users/h61084/codes/adaptime/outputs/adaptime/extractions/ridge/univariate/current_velocity/15T/long/run_0/extraction/manifest.json
TIME run allocation action=new run=/fslarge/scratch/users/h61084/codes/adaptime/outputs/adaptime/extractions/ridge/univariate/current_velocity/20T/short/run_0 launch_id=selena_adaptime_3227291 slurm_job_id=3227291 launched_at=2026-09-08T15:53:34.188657+00:00
/fslarge/scratch/users/h61084/codes/adaptime/outputs/adaptime/extractions/ridge/univariate/current_velocity/20T/short/run_0/extraction/manifest.json
TIME run allocation action=new run=/fslarge/scratch/users/h61084/codes/adaptime/outputs/adaptime/extractions/ridge/univariate/current_velocity/20T/medium/run_0 launch_id=selena_adaptime_3227291 slurm_job_id=3227291 launched_at=2026-09-08T15:53:37.307306+00:00
/fslarge/scratch/users/h61084/codes/adaptime/outputs/adaptime/extractions/ridge/univariate/current_velocity/20T/medium/run_0/extraction/manifest.json
TIME run allocation action=new run=/fslarge/scratch/users/h61084/codes/adaptime/outputs/adaptime/extractions/ridge/univariate/current_velocity/20T/long/run_0 launch_id=selena_adaptime_3227291 slurm_job_id=3227291 launched_at=2026-09-08T15:55:15.346589+00:00
/fslarge/scratch/users/h61084/codes/adaptime/outputs/adaptime/extractions/ridge/univariate/current_velocity/20T/long/run_0/extraction/manifest.json
TIME run allocation action=new run=/fslarge/scratch/users/h61084/codes/adaptime/outputs/adaptime/extractions/ridge/univariate/current_velocity/H/short/run_0 launch_id=selena_adaptime_3227291 slurm_job_id=3227291 launched_at=2026-09-08T15:56:08.411789+00:00
/fslarge/scratch/users/h61084/codes/adaptime/outputs/adaptime/extractions/ridge/univariate/current_velocity/H/short/run_0/extraction/manifest.json
TIME run allocation action=new run=/fslarge/scratch/users/h61084/codes/adaptime/outputs/adaptime/extractions/ridge/univariate/current_velocity/H/medium/run_0 launch_id=selena_adaptime_3227291 slurm_job_id=3227291 launched_at=2026-09-08T15:56:08.568779+00:00
/fslarge/scratch/users/h61084/codes/adaptime/outputs/adaptime/extractions/ridge/univariate/current_velocity/H/medium/run_0/extraction/manifest.json
TIME run allocation action=new run=/fslarge/scratch/users/h61084/codes/adaptime/outputs/adaptime/extractions/ridge/univariate/current_velocity/H/long/run_0 launch_id=selena_adaptime_3227291 slurm_job_id=3227291 launched_at=2026-09-08T15:56:08.707614+00:00
/fslarge/scratch/users/h61084/codes/adaptime/outputs/adaptime/extractions/ridge/univariate/current_velocity/H/long/run_0/extraction/manifest.json
TIME run allocation action=new run=/fslarge/scratch/users/h61084/codes/adaptime/outputs/adaptime/extractions/ridge/univariate/CPHL/15T/short/run_0 launch_id=selena_adaptime_3227291 slurm_job_id=3227291 launched_at=2026-09-08T15:56:08.852647+00:00
/fslarge/scratch/users/h61084/codes/adaptime/outputs/adaptime/extractions/ridge/univariate/CPHL/15T/short/run_0/extraction/manifest.json
TIME run allocation action=new run=/fslarge/scratch/users/h61084/codes/adaptime/outputs/adaptime/extractions/ridge/univariate/CPHL/15T/medium/run_0 launch_id=selena_adaptime_3227291 slurm_job_id=3227291 launched_at=2026-09-08T15:56:09.101902+00:00
/fslarge/scratch/users/h61084/codes/adaptime/outputs/adaptime/extractions/ridge/univariate/CPHL/15T/medium/run_0/extraction/manifest.json
TIME run allocation action=new run=/fslarge/scratch/users/h61084/codes/adaptime/outputs/adaptime/extractions/ridge/univariate/CPHL/15T/long/run_0 launch_id=selena_adaptime_3227291 slurm_job_id=3227291 launched_at=2026-09-08T15:56:09.317070+00:00
/fslarge/scratch/users/h61084/codes/adaptime/outputs/adaptime/extractions/ridge/univariate/CPHL/15T/long/run_0/extraction/manifest.json
TIME run allocation action=new run=/fslarge/scratch/users/h61084/codes/adaptime/outputs/adaptime/extractions/ridge/univariate/CPHL/30T/short/run_0 launch_id=selena_adaptime_3227291 slurm_job_id=3227291 launched_at=2026-09-08T15:56:09.525904+00:00
/fslarge/scratch/users/h61084/codes/adaptime/outputs/adaptime/extractions/ridge/univariate/CPHL/30T/short/run_0/extraction/manifest.json
TIME run allocation action=new run=/fslarge/scratch/users/h61084/codes/adaptime/outputs/adaptime/extractions/ridge/univariate/CPHL/30T/medium/run_0 launch_id=selena_adaptime_3227291 slurm_job_id=3227291 launched_at=2026-09-08T15:56:10.064242+00:00
/fslarge/scratch/users/h61084/codes/adaptime/outputs/adaptime/extractions/ridge/univariate/CPHL/30T/medium/run_0/extraction/manifest.json
TIME run allocation action=new run=/fslarge/scratch/users/h61084/codes/adaptime/outputs/adaptime/extractions/ridge/univariate/CPHL/30T/long/run_0 launch_id=selena_adaptime_3227291 slurm_job_id=3227291 launched_at=2026-09-08T15:56:10.634269+00:00
/fslarge/scratch/users/h61084/codes/adaptime/outputs/adaptime/extractions/ridge/univariate/CPHL/30T/long/run_0/extraction/manifest.json
TIME run allocation action=new run=/fslarge/scratch/users/h61084/codes/adaptime/outputs/adaptime/extractions/ridge/univariate/CPHL/H/short/run_0 launch_id=selena_adaptime_3227291 slurm_job_id=3227291 launched_at=2026-09-08T15:56:12.069626+00:00
/fslarge/scratch/users/h61084/codes/adaptime/outputs/adaptime/extractions/ridge/univariate/CPHL/H/short/run_0/extraction/manifest.json
TIME run allocation action=new run=/fslarge/scratch/users/h61084/codes/adaptime/outputs/adaptime/extractions/ridge/univariate/CPHL/H/medium/run_0 launch_id=selena_adaptime_3227291 slurm_job_id=3227291 launched_at=2026-09-08T15:56:12.213017+00:00
/fslarge/scratch/users/h61084/codes/adaptime/outputs/adaptime/extractions/ridge/univariate/CPHL/H/medium/run_0/extraction/manifest.json
TIME run allocation action=new run=/fslarge/scratch/users/h61084/codes/adaptime/outputs/adaptime/extractions/ridge/univariate/CPHL/H/long/run_0 launch_id=selena_adaptime_3227291 slurm_job_id=3227291 launched_at=2026-09-08T15:56:12.356608+00:00
/fslarge/scratch/users/h61084/codes/adaptime/outputs/adaptime/extractions/ridge/univariate/CPHL/H/long/run_0/extraction/manifest.json
TIME run allocation action=new run=/fslarge/scratch/users/h61084/codes/adaptime/outputs/adaptime/extractions/ridge/univariate/Coastal_T_S/5T/short/run_0 launch_id=selena_adaptime_3227291 slurm_job_id=3227291 launched_at=2026-09-08T15:56:12.499314+00:00
/fslarge/scratch/users/h61084/codes/adaptime/outputs/adaptime/extractions/ridge/univariate/Coastal_T_S/5T/short/run_0/extraction/manifest.json
TIME run allocation action=new run=/fslarge/scratch/users/h61084/codes/adaptime/outputs/adaptime/extractions/ridge/univariate/Coastal_T_S/5T/medium/run_0 launch_id=selena_adaptime_3227291 slurm_job_id=3227291 launched_at=2026-09-08T17:59:14.466837+00:00
/fslarge/scratch/users/h61084/codes/adaptime/outputs/adaptime/extractions/ridge/univariate/Coastal_T_S/5T/medium/run_0/extraction/manifest.json
TIME run allocation action=new run=/fslarge/scratch/users/h61084/codes/adaptime/outputs/adaptime/extractions/ridge/univariate/Coastal_T_S/5T/long/run_0 launch_id=selena_adaptime_3227291 slurm_job_id=3227291 launched_at=2026-09-08T18:53:31.567268+00:00
/fslarge/scratch/users/h61084/codes/adaptime/outputs/adaptime/extractions/ridge/univariate/Coastal_T_S/5T/long/run_0/extraction/manifest.json
TIME run allocation action=new run=/fslarge/scratch/users/h61084/codes/adaptime/outputs/adaptime/extractions/ridge/univariate/Coastal_T_S/15T/short/run_0 launch_id=selena_adaptime_3227291 slurm_job_id=3227291 launched_at=2026-09-08T19:20:17.154910+00:00
/fslarge/scratch/users/h61084/codes/adaptime/outputs/adaptime/extractions/ridge/univariate/Coastal_T_S/15T/short/run_0/extraction/manifest.json
TIME run allocation action=new run=/fslarge/scratch/users/h61084/codes/adaptime/outputs/adaptime/extractions/ridge/univariate/Coastal_T_S/15T/medium/run_0 launch_id=selena_adaptime_3227291 slurm_job_id=3227291 launched_at=2026-09-08T19:20:23.699227+00:00
/fslarge/scratch/users/h61084/codes/adaptime/outputs/adaptime/extractions/ridge/univariate/Coastal_T_S/15T/medium/run_0/extraction/manifest.json
TIME run allocation action=new run=/fslarge/scratch/users/h61084/codes/adaptime/outputs/adaptime/extractions/ridge/univariate/Coastal_T_S/15T/long/run_0 launch_id=selena_adaptime_3227291 slurm_job_id=3227291 launched_at=2026-09-08T19:23:31.503770+00:00
/fslarge/scratch/users/h61084/codes/adaptime/outputs/adaptime/extractions/ridge/univariate/Coastal_T_S/15T/long/run_0/extraction/manifest.json
TIME run allocation action=new run=/fslarge/scratch/users/h61084/codes/adaptime/outputs/adaptime/extractions/ridge/univariate/Coastal_T_S/20T/short/run_0 launch_id=selena_adaptime_3227291 slurm_job_id=3227291 launched_at=2026-09-08T19:24:45.897773+00:00
/fslarge/scratch/users/h61084/codes/adaptime/outputs/adaptime/extractions/ridge/univariate/Coastal_T_S/20T/short/run_0/extraction/manifest.json
TIME run allocation action=new run=/fslarge/scratch/users/h61084/codes/adaptime/outputs/adaptime/extractions/ridge/univariate/Coastal_T_S/20T/medium/run_0 launch_id=selena_adaptime_3227291 slurm_job_id=3227291 launched_at=2026-09-08T19:24:46.046385+00:00
/fslarge/scratch/users/h61084/codes/adaptime/outputs/adaptime/extractions/ridge/univariate/Coastal_T_S/20T/medium/run_0/extraction/manifest.json
TIME run allocation action=new run=/fslarge/scratch/users/h61084/codes/adaptime/outputs/adaptime/extractions/ridge/univariate/Coastal_T_S/20T/long/run_0 launch_id=selena_adaptime_3227291 slurm_job_id=3227291 launched_at=2026-09-08T19:24:46.183012+00:00
/fslarge/scratch/users/h61084/codes/adaptime/outputs/adaptime/extractions/ridge/univariate/Coastal_T_S/20T/long/run_0/extraction/manifest.json
TIME run allocation action=new run=/fslarge/scratch/users/h61084/codes/adaptime/outputs/adaptime/extractions/ridge/univariate/Coastal_T_S/H/short/run_0 launch_id=selena_adaptime_3227291 slurm_job_id=3227291 launched_at=2026-09-08T19:24:46.324986+00:00
/fslarge/scratch/users/h61084/codes/adaptime/outputs/adaptime/extractions/ridge/univariate/Coastal_T_S/H/short/run_0/extraction/manifest.json
TIME run allocation action=new run=/fslarge/scratch/users/h61084/codes/adaptime/outputs/adaptime/extractions/ridge/univariate/Coastal_T_S/H/medium/run_0 launch_id=selena_adaptime_3227291 slurm_job_id=3227291 launched_at=2026-09-08T19:24:46.466322+00:00
/fslarge/scratch/users/h61084/codes/adaptime/outputs/adaptime/extractions/ridge/univariate/Coastal_T_S/H/medium/run_0/extraction/manifest.json
TIME run allocation action=new run=/fslarge/scratch/users/h61084/codes/adaptime/outputs/adaptime/extractions/ridge/univariate/Coastal_T_S/H/long/run_0 launch_id=selena_adaptime_3227291 slurm_job_id=3227291 launched_at=2026-09-08T19:24:46.603612+00:00
/fslarge/scratch/users/h61084/codes/adaptime/outputs/adaptime/extractions/ridge/univariate/Coastal_T_S/H/long/run_0/extraction/manifest.json
TIME run allocation action=new run=/fslarge/scratch/users/h61084/codes/adaptime/outputs/adaptime/extractions/ridge/univariate/SG_Weather/D/short/run_0 launch_id=selena_adaptime_3227291 slurm_job_id=3227291 launched_at=2026-09-08T19:24:46.743435+00:00
/fslarge/scratch/users/h61084/codes/adaptime/outputs/adaptime/extractions/ridge/univariate/SG_Weather/D/short/run_0/extraction/manifest.json
TIME run allocation action=new run=/fslarge/scratch/users/h61084/codes/adaptime/outputs/adaptime/extractions/ridge/univariate/SG_Weather/D/medium/run_0 launch_id=selena_adaptime_3227291 slurm_job_id=3227291 launched_at=2026-09-08T19:24:46.881935+00:00
/fslarge/scratch/users/h61084/codes/adaptime/outputs/adaptime/extractions/ridge/univariate/SG_Weather/D/medium/run_0/extraction/manifest.json
TIME run allocation action=new run=/fslarge/scratch/users/h61084/codes/adaptime/outputs/adaptime/extractions/ridge/univariate/SG_Weather/D/long/run_0 launch_id=selena_adaptime_3227291 slurm_job_id=3227291 launched_at=2026-09-08T19:24:47.024495+00:00
/fslarge/scratch/users/h61084/codes/adaptime/outputs/adaptime/extractions/ridge/univariate/SG_Weather/D/long/run_0/extraction/manifest.json
TIME run allocation action=new run=/fslarge/scratch/users/h61084/codes/adaptime/outputs/adaptime/extractions/ridge/univariate/SG_PM25/H/short/run_0 launch_id=selena_adaptime_3227291 slurm_job_id=3227291 launched_at=2026-09-08T19:24:47.161604+00:00
/fslarge/scratch/users/h61084/codes/adaptime/outputs/adaptime/extractions/ridge/univariate/SG_PM25/H/short/run_0/extraction/manifest.json
TIME run allocation action=new run=/fslarge/scratch/users/h61084/codes/adaptime/outputs/adaptime/extractions/ridge/univariate/SG_PM25/H/medium/run_0 launch_id=selena_adaptime_3227291 slurm_job_id=3227291 launched_at=2026-09-08T19:24:52.786190+00:00
/fslarge/scratch/users/h61084/codes/adaptime/outputs/adaptime/extractions/ridge/univariate/SG_PM25/H/medium/run_0/extraction/manifest.json
TIME run allocation action=new run=/fslarge/scratch/users/h61084/codes/adaptime/outputs/adaptime/extractions/ridge/univariate/SG_PM25/H/long/run_0 launch_id=selena_adaptime_3227291 slurm_job_id=3227291 launched_at=2026-09-08T19:26:52.855841+00:00
/fslarge/scratch/users/h61084/codes/adaptime/outputs/adaptime/extractions/ridge/univariate/SG_PM25/H/long/run_0/extraction/manifest.json
TIME run allocation action=new run=/fslarge/scratch/users/h61084/codes/adaptime/outputs/adaptime/extractions/ridge/univariate/NE_China_Wind/H/short/run_0 launch_id=selena_adaptime_3227291 slurm_job_id=3227291 launched_at=2026-09-08T19:28:00.271492+00:00
/fslarge/scratch/users/h61084/codes/adaptime/outputs/adaptime/extractions/ridge/univariate/NE_China_Wind/H/short/run_0/extraction/manifest.json
TIME run allocation action=new run=/fslarge/scratch/users/h61084/codes/adaptime/outputs/adaptime/extractions/ridge/univariate/NE_China_Wind/H/medium/run_0 launch_id=selena_adaptime_3227291 slurm_job_id=3227291 launched_at=2026-09-08T19:28:00.425248+00:00
/fslarge/scratch/users/h61084/codes/adaptime/outputs/adaptime/extractions/ridge/univariate/NE_China_Wind/H/medium/run_0/extraction/manifest.json
TIME run allocation action=new run=/fslarge/scratch/users/h61084/codes/adaptime/outputs/adaptime/extractions/ridge/univariate/NE_China_Wind/H/long/run_0 launch_id=selena_adaptime_3227291 slurm_job_id=3227291 launched_at=2026-09-08T19:28:00.562415+00:00
/fslarge/scratch/users/h61084/codes/adaptime/outputs/adaptime/extractions/ridge/univariate/NE_China_Wind/H/long/run_0/extraction/manifest.json
TIME run allocation action=new run=/fslarge/scratch/users/h61084/codes/adaptime/outputs/adaptime/extractions/ridge/univariate/Australia_Solar/H/short/run_0 launch_id=selena_adaptime_3227291 slurm_job_id=3227291 launched_at=2026-09-08T19:28:00.699477+00:00
/fslarge/scratch/users/h61084/codes/adaptime/outputs/adaptime/extractions/ridge/univariate/Australia_Solar/H/short/run_0/extraction/manifest.json
TIME run allocation action=new run=/fslarge/scratch/users/h61084/codes/adaptime/outputs/adaptime/extractions/ridge/univariate/Australia_Solar/H/medium/run_0 launch_id=selena_adaptime_3227291 slurm_job_id=3227291 launched_at=2026-09-08T19:28:03.670731+00:00
/fslarge/scratch/users/h61084/codes/adaptime/outputs/adaptime/extractions/ridge/univariate/Australia_Solar/H/medium/run_0/extraction/manifest.json
TIME run allocation action=new run=/fslarge/scratch/users/h61084/codes/adaptime/outputs/adaptime/extractions/ridge/univariate/Australia_Solar/H/long/run_0 launch_id=selena_adaptime_3227291 slurm_job_id=3227291 launched_at=2026-09-08T19:28:37.242259+00:00
/fslarge/scratch/users/h61084/codes/adaptime/outputs/adaptime/extractions/ridge/univariate/Australia_Solar/H/long/run_0/extraction/manifest.json
TIME run allocation action=new run=/fslarge/scratch/users/h61084/codes/adaptime/outputs/adaptime/extractions/ridge/univariate/epf_electricity_price/H/short/run_0 launch_id=selena_adaptime_3227291 slurm_job_id=3227291 launched_at=2026-09-08T19:28:59.351821+00:00
/fslarge/scratch/users/h61084/codes/adaptime/outputs/adaptime/extractions/ridge/univariate/epf_electricity_price/H/short/run_0/extraction/manifest.json
TIME run allocation action=new run=/fslarge/scratch/users/h61084/codes/adaptime/outputs/adaptime/extractions/ridge/univariate/epf_electricity_price/H/medium/run_0 launch_id=selena_adaptime_3227291 slurm_job_id=3227291 launched_at=2026-09-08T19:34:49.355225+00:00
/fslarge/scratch/users/h61084/codes/adaptime/outputs/adaptime/extractions/ridge/univariate/epf_electricity_price/H/medium/run_0/extraction/manifest.json
TIME run allocation action=new run=/fslarge/scratch/users/h61084/codes/adaptime/outputs/adaptime/extractions/ridge/univariate/epf_electricity_price/H/long/run_0 launch_id=selena_adaptime_3227291 slurm_job_id=3227291 launched_at=2026-09-08T19:37:42.493372+00:00
/fslarge/scratch/users/h61084/codes/adaptime/outputs/adaptime/extractions/ridge/univariate/epf_electricity_price/H/long/run_0/extraction/manifest.json
TIME run allocation action=new run=/fslarge/scratch/users/h61084/codes/adaptime/outputs/adaptime/extractions/ridge/univariate/OpenElectricity_NEM/5T/short/run_0 launch_id=selena_adaptime_3227291 slurm_job_id=3227291 launched_at=2026-09-08T19:39:24.614373+00:00
/fslarge/scratch/users/h61084/codes/adaptime/outputs/adaptime/extractions/ridge/univariate/OpenElectricity_NEM/5T/short/run_0/extraction/manifest.json
TIME run allocation action=new run=/fslarge/scratch/users/h61084/codes/adaptime/outputs/adaptime/extractions/ridge/univariate/OpenElectricity_NEM/5T/medium/run_0 launch_id=selena_adaptime_3227291 slurm_job_id=3227291 launched_at=2026-09-08T19:39:36.618300+00:00
/fslarge/scratch/users/h61084/codes/adaptime/outputs/adaptime/extractions/ridge/univariate/OpenElectricity_NEM/5T/medium/run_0/extraction/manifest.json
TIME run allocation action=new run=/fslarge/scratch/users/h61084/codes/adaptime/outputs/adaptime/extractions/ridge/univariate/OpenElectricity_NEM/5T/long/run_0 launch_id=selena_adaptime_3227291 slurm_job_id=3227291 launched_at=2026-09-08T19:44:41.006622+00:00
/fslarge/scratch/users/h61084/codes/adaptime/outputs/adaptime/extractions/ridge/univariate/OpenElectricity_NEM/5T/long/run_0/extraction/manifest.json
TIME run allocation action=new run=/fslarge/scratch/users/h61084/codes/adaptime/outputs/adaptime/extractions/ridge/univariate/EWELD_Load/15T/short/run_0 launch_id=selena_adaptime_3227291 slurm_job_id=3227291 launched_at=2026-09-08T19:46:25.854936+00:00
/fslarge/scratch/users/h61084/codes/adaptime/outputs/adaptime/extractions/ridge/univariate/EWELD_Load/15T/short/run_0/extraction/manifest.json
TIME run allocation action=new run=/fslarge/scratch/users/h61084/codes/adaptime/outputs/adaptime/extractions/ridge/univariate/EWELD_Load/15T/medium/run_0 launch_id=selena_adaptime_3227291 slurm_job_id=3227291 launched_at=2026-09-08T19:46:30.198182+00:00
/fslarge/scratch/users/h61084/codes/adaptime/outputs/adaptime/extractions/ridge/univariate/EWELD_Load/15T/medium/run_0/extraction/manifest.json
TIME run allocation action=new run=/fslarge/scratch/users/h61084/codes/adaptime/outputs/adaptime/extractions/ridge/univariate/EWELD_Load/15T/long/run_0 launch_id=selena_adaptime_3227291 slurm_job_id=3227291 launched_at=2026-09-08T19:48:15.126013+00:00
/fslarge/scratch/users/h61084/codes/adaptime/outputs/adaptime/extractions/ridge/univariate/EWELD_Load/15T/long/run_0/extraction/manifest.json
TIME run allocation action=new run=/fslarge/scratch/users/h61084/codes/adaptime/outputs/adaptime/extractions/ridge/univariate/SG_Carpark/15T/short/run_0 launch_id=selena_adaptime_3227291 slurm_job_id=3227291 launched_at=2026-09-08T19:48:31.648508+00:00
/fslarge/scratch/users/h61084/codes/adaptime/outputs/adaptime/extractions/ridge/univariate/SG_Carpark/15T/short/run_0/extraction/manifest.json
TIME run allocation action=new run=/fslarge/scratch/users/h61084/codes/adaptime/outputs/adaptime/extractions/ridge/univariate/SG_Carpark/15T/medium/run_0 launch_id=selena_adaptime_3227291 slurm_job_id=3227291 launched_at=2026-09-08T19:49:48.445263+00:00
/fslarge/scratch/users/h61084/codes/adaptime/outputs/adaptime/extractions/ridge/univariate/SG_Carpark/15T/medium/run_0/extraction/manifest.json
TIME run allocation action=new run=/fslarge/scratch/users/h61084/codes/adaptime/outputs/adaptime/extractions/ridge/univariate/SG_Carpark/15T/long/run_0 launch_id=selena_adaptime_3227291 slurm_job_id=3227291 launched_at=2026-09-08T19:51:00.415516+00:00
/fslarge/scratch/users/h61084/codes/adaptime/outputs/adaptime/extractions/ridge/univariate/SG_Carpark/15T/long/run_0/extraction/manifest.json
TIME run allocation action=new run=/fslarge/scratch/users/h61084/codes/adaptime/outputs/adaptime/extractions/ridge/univariate/Finland_Traffic/15T/short/run_0 launch_id=selena_adaptime_3227291 slurm_job_id=3227291 launched_at=2026-09-08T19:51:12.747635+00:00
/fslarge/scratch/users/h61084/codes/adaptime/outputs/adaptime/extractions/ridge/univariate/Finland_Traffic/15T/short/run_0/extraction/manifest.json
TIME run allocation action=new run=/fslarge/scratch/users/h61084/codes/adaptime/outputs/adaptime/extractions/ridge/univariate/Finland_Traffic/15T/medium/run_0 launch_id=selena_adaptime_3227291 slurm_job_id=3227291 launched_at=2026-09-08T19:51:13.802724+00:00
/fslarge/scratch/users/h61084/codes/adaptime/outputs/adaptime/extractions/ridge/univariate/Finland_Traffic/15T/medium/run_0/extraction/manifest.json
TIME run allocation action=new run=/fslarge/scratch/users/h61084/codes/adaptime/outputs/adaptime/extractions/ridge/univariate/Finland_Traffic/15T/long/run_0 launch_id=selena_adaptime_3227291 slurm_job_id=3227291 launched_at=2026-09-08T19:51:40.094668+00:00
/fslarge/scratch/users/h61084/codes/adaptime/outputs/adaptime/extractions/ridge/univariate/Finland_Traffic/15T/long/run_0/extraction/manifest.json
TIME run allocation action=new run=/fslarge/scratch/users/h61084/codes/adaptime/outputs/adaptime/extractions/ridge/univariate/Port_Activity/D/short/run_0 launch_id=selena_adaptime_3227291 slurm_job_id=3227291 launched_at=2026-09-08T19:51:44.132098+00:00
/fslarge/scratch/users/h61084/codes/adaptime/outputs/adaptime/extractions/ridge/univariate/Port_Activity/D/short/run_0/extraction/manifest.json
TIME run allocation action=new run=/fslarge/scratch/users/h61084/codes/adaptime/outputs/adaptime/extractions/ridge/univariate/Port_Activity/W/short/run_0 launch_id=selena_adaptime_3227291 slurm_job_id=3227291 launched_at=2026-09-08T19:51:44.274445+00:00
/fslarge/scratch/users/h61084/codes/adaptime/outputs/adaptime/extractions/ridge/univariate/Port_Activity/W/short/run_0/extraction/manifest.json
TIME run allocation action=new run=/fslarge/scratch/users/h61084/codes/adaptime/outputs/adaptime/extractions/ridge/univariate/ECDC_COVID/D/short/run_0 launch_id=selena_adaptime_3227291 slurm_job_id=3227291 launched_at=2026-09-08T19:51:44.408478+00:00
/fslarge/scratch/users/h61084/codes/adaptime/outputs/adaptime/extractions/ridge/univariate/ECDC_COVID/D/short/run_0/extraction/manifest.json
TIME run allocation action=new run=/fslarge/scratch/users/h61084/codes/adaptime/outputs/adaptime/extractions/ridge/univariate/ECDC_COVID/W/short/run_0 launch_id=selena_adaptime_3227291 slurm_job_id=3227291 launched_at=2026-09-08T19:51:44.541730+00:00
/fslarge/scratch/users/h61084/codes/adaptime/outputs/adaptime/extractions/ridge/univariate/ECDC_COVID/W/short/run_0/extraction/manifest.json
TIME run allocation action=new run=/fslarge/scratch/users/h61084/codes/adaptime/outputs/adaptime/extractions/ridge/univariate/Global_Influenza/W/short/run_0 launch_id=selena_adaptime_3227291 slurm_job_id=3227291 launched_at=2026-09-08T19:51:44.678509+00:00
/fslarge/scratch/users/h61084/codes/adaptime/outputs/adaptime/extractions/ridge/univariate/Global_Influenza/W/short/run_0/extraction/manifest.json
TIME run allocation action=new run=/fslarge/scratch/users/h61084/codes/adaptime/outputs/adaptime/extractions/ridge/univariate/Crypto/D/short/run_0 launch_id=selena_adaptime_3227291 slurm_job_id=3227291 launched_at=2026-09-08T19:51:44.816992+00:00
/fslarge/scratch/users/h61084/codes/adaptime/outputs/adaptime/extractions/ridge/univariate/Crypto/D/short/run_0/extraction/manifest.json
TIME run allocation action=new run=/fslarge/scratch/users/h61084/codes/adaptime/outputs/adaptime/extractions/ridge/univariate/US_Term_Structure/B/short/run_0 launch_id=selena_adaptime_3227291 slurm_job_id=3227291 launched_at=2026-09-08T19:51:44.954360+00:00
/fslarge/scratch/users/h61084/codes/adaptime/outputs/adaptime/extractions/ridge/univariate/US_Term_Structure/B/short/run_0/extraction/manifest.json
TIME run allocation action=new run=/fslarge/scratch/users/h61084/codes/adaptime/outputs/adaptime/extractions/ridge/univariate/Oil_Price/B/short/run_0 launch_id=selena_adaptime_3227291 slurm_job_id=3227291 launched_at=2026-09-08T19:51:48.008487+00:00
/fslarge/scratch/users/h61084/codes/adaptime/outputs/adaptime/extractions/ridge/univariate/Oil_Price/B/short/run_0/extraction/manifest.json
TIME run allocation action=new run=/fslarge/scratch/users/h61084/codes/adaptime/outputs/adaptime/extractions/ridge/univariate/Job_Claims/W/short/run_0 launch_id=selena_adaptime_3227291 slurm_job_id=3227291 launched_at=2026-09-08T19:51:48.144769+00:00
/fslarge/scratch/users/h61084/codes/adaptime/outputs/adaptime/extractions/ridge/univariate/Job_Claims/W/short/run_0/extraction/manifest.json
TIME run allocation action=new run=/fslarge/scratch/users/h61084/codes/adaptime/outputs/adaptime/extractions/ridge/univariate/Uncertainty_1M/M/short/run_0 launch_id=selena_adaptime_3227291 slurm_job_id=3227291 launched_at=2026-09-08T19:51:48.286839+00:00
/fslarge/scratch/users/h61084/codes/adaptime/outputs/adaptime/extractions/ridge/univariate/Uncertainty_1M/M/short/run_0/extraction/manifest.json
TIME run allocation action=new run=/fslarge/scratch/users/h61084/codes/adaptime/outputs/adaptime/extractions/ridge/univariate/Housing_Inventory/M/short/run_0 launch_id=selena_adaptime_3227291 slurm_job_id=3227291 launched_at=2026-09-08T19:51:48.423329+00:00
/fslarge/scratch/users/h61084/codes/adaptime/outputs/adaptime/extractions/ridge/univariate/Housing_Inventory/M/short/run_0/extraction/manifest.json
TIME run allocation action=new run=/fslarge/scratch/users/h61084/codes/adaptime/outputs/adaptime/extractions/ridge/univariate/JOLTS/M/short/run_0 launch_id=selena_adaptime_3227291 slurm_job_id=3227291 launched_at=2026-09-08T19:51:48.560196+00:00
/fslarge/scratch/users/h61084/codes/adaptime/outputs/adaptime/extractions/ridge/univariate/JOLTS/M/short/run_0/extraction/manifest.json
TIME run allocation action=new run=/fslarge/scratch/users/h61084/codes/adaptime/outputs/adaptime/extractions/ridge/univariate/US_Labor/M/short/run_0 launch_id=selena_adaptime_3227291 slurm_job_id=3227291 launched_at=2026-09-08T19:51:48.699228+00:00
/fslarge/scratch/users/h61084/codes/adaptime/outputs/adaptime/extractions/ridge/univariate/US_Labor/M/short/run_0/extraction/manifest.json
TIME run allocation action=new run=/fslarge/scratch/users/h61084/codes/adaptime/outputs/adaptime/extractions/ridge/univariate/Vehicle_Supply/M/short/run_0 launch_id=selena_adaptime_3227291 slurm_job_id=3227291 launched_at=2026-09-08T19:51:48.837491+00:00
/fslarge/scratch/users/h61084/codes/adaptime/outputs/adaptime/extractions/ridge/univariate/Vehicle_Supply/M/short/run_0/extraction/manifest.json
TIME run allocation action=new run=/fslarge/scratch/users/h61084/codes/adaptime/outputs/adaptime/extractions/ridge/univariate/Auto_Production_SF/M/short/run_0 launch_id=selena_adaptime_3227291 slurm_job_id=3227291 launched_at=2026-09-08T19:51:48.975909+00:00
/fslarge/scratch/users/h61084/codes/adaptime/outputs/adaptime/extractions/ridge/univariate/Auto_Production_SF/M/short/run_0/extraction/manifest.json
TIME run allocation action=new run=/fslarge/scratch/users/h61084/codes/adaptime/outputs/adaptime/extractions/ridge/univariate/Commodity_Production/M/short/run_0 launch_id=selena_adaptime_3227291 slurm_job_id=3227291 launched_at=2026-09-08T19:51:49.112478+00:00
/fslarge/scratch/users/h61084/codes/adaptime/outputs/adaptime/extractions/ridge/univariate/Commodity_Production/M/short/run_0/extraction/manifest.json
TIME run allocation action=new run=/fslarge/scratch/users/h61084/codes/adaptime/outputs/adaptime/extractions/ridge/univariate/Commodity_Import/M/short/run_0 launch_id=selena_adaptime_3227291 slurm_job_id=3227291 launched_at=2026-09-08T19:51:49.247154+00:00
/fslarge/scratch/users/h61084/codes/adaptime/outputs/adaptime/extractions/ridge/univariate/Commodity_Import/M/short/run_0/extraction/manifest.json
TIME run allocation action=new run=/fslarge/scratch/users/h61084/codes/adaptime/outputs/adaptime/extractions/ridge/univariate/WUI_Global/Q/short/run_0 launch_id=selena_adaptime_3227291 slurm_job_id=3227291 launched_at=2026-09-08T19:51:49.388264+00:00
/fslarge/scratch/users/h61084/codes/adaptime/outputs/adaptime/extractions/ridge/univariate/WUI_Global/Q/short/run_0/extraction/manifest.json
TIME run allocation action=new run=/fslarge/scratch/users/h61084/codes/adaptime/outputs/adaptime/extractions/ridge/univariate/Global_Price/Q/short/run_0 launch_id=selena_adaptime_3227291 slurm_job_id=3227291 launched_at=2026-09-08T19:51:49.521729+00:00
/fslarge/scratch/users/h61084/codes/adaptime/outputs/adaptime/extractions/ridge/univariate/Global_Price/Q/short/run_0/extraction/manifest.json
TIME run allocation action=new run=/fslarge/scratch/users/h61084/codes/adaptime/outputs/adaptime/extractions/ridge/univariate/Vehicle_Sales/M/short/run_0 launch_id=selena_adaptime_3227291 slurm_job_id=3227291 launched_at=2026-09-08T19:51:49.663420+00:00
/fslarge/scratch/users/h61084/codes/adaptime/outputs/adaptime/extractions/ridge/univariate/Vehicle_Sales/M/short/run_0/extraction/manifest.json
TIME run allocation action=new run=/fslarge/scratch/users/h61084/codes/adaptime/outputs/adaptime/extractions/ridge/univariate/Online_Retail_2_UCI/D/short/run_0 launch_id=selena_adaptime_3227291 slurm_job_id=3227291 launched_at=2026-09-08T19:51:49.801297+00:00
/fslarge/scratch/users/h61084/codes/adaptime/outputs/adaptime/extractions/ridge/univariate/Online_Retail_2_UCI/D/short/run_0/extraction/manifest.json
TIME run allocation action=new run=/fslarge/scratch/users/h61084/codes/adaptime/outputs/adaptime/extractions/ridge/univariate/Supply_Chain_Customer/D/short/run_0 launch_id=selena_adaptime_3227291 slurm_job_id=3227291 launched_at=2026-09-08T19:51:49.940073+00:00
/fslarge/scratch/users/h61084/codes/adaptime/outputs/adaptime/extractions/ridge/univariate/Supply_Chain_Customer/D/short/run_0/extraction/manifest.json
TIME run allocation action=new run=/fslarge/scratch/users/h61084/codes/adaptime/outputs/adaptime/extractions/ridge/univariate/Supply_Chain_Location/D/short/run_0 launch_id=selena_adaptime_3227291 slurm_job_id=3227291 launched_at=2026-09-08T19:51:50.084017+00:00
/fslarge/scratch/users/h61084/codes/adaptime/outputs/adaptime/extractions/ridge/univariate/Supply_Chain_Location/D/short/run_0/extraction/manifest.json
TIME run allocation action=new run=/fslarge/scratch/users/h61084/codes/adaptime/outputs/adaptime/extractions/ridge/univariate/azure2019_D/5T/short/run_0 launch_id=selena_adaptime_3227291 slurm_job_id=3227291 launched_at=2026-09-08T19:51:50.220047+00:00
/fslarge/scratch/users/h61084/codes/adaptime/outputs/adaptime/extractions/ridge/univariate/azure2019_D/5T/short/run_0/extraction/manifest.json
TIME run allocation action=new run=/fslarge/scratch/users/h61084/codes/adaptime/outputs/adaptime/extractions/ridge/univariate/azure2019_I/5T/short/run_0 launch_id=selena_adaptime_3227291 slurm_job_id=3227291 launched_at=2026-09-08T19:51:50.353853+00:00
/fslarge/scratch/users/h61084/codes/adaptime/outputs/adaptime/extractions/ridge/univariate/azure2019_I/5T/short/run_0/extraction/manifest.json
TIME run allocation action=new run=/fslarge/scratch/users/h61084/codes/adaptime/outputs/adaptime/extractions/ridge/univariate/azure2019_U/5T/short/run_0 launch_id=selena_adaptime_3227291 slurm_job_id=3227291 launched_at=2026-09-08T19:51:50.491319+00:00
/fslarge/scratch/users/h61084/codes/adaptime/outputs/adaptime/extractions/ridge/univariate/azure2019_U/5T/short/run_0/extraction/manifest.json
TIME run allocation action=new run=/fslarge/scratch/users/h61084/codes/adaptime/outputs/adaptime/extractions/ridge/univariate/Smart_Manufacturing/H/short/run_0 launch_id=selena_adaptime_3227291 slurm_job_id=3227291 launched_at=2026-09-08T19:51:50.626517+00:00
/fslarge/scratch/users/h61084/codes/adaptime/outputs/adaptime/extractions/ridge/univariate/Smart_Manufacturing/H/short/run_0/extraction/manifest.json
TIME run allocation action=new run=/fslarge/scratch/users/h61084/codes/adaptime/outputs/adaptime/extractions/ridge/univariate/Smart_Manufacturing/H/medium/run_0 launch_id=selena_adaptime_3227291 slurm_job_id=3227291 launched_at=2026-09-08T19:51:50.761558+00:00
/fslarge/scratch/users/h61084/codes/adaptime/outputs/adaptime/extractions/ridge/univariate/Smart_Manufacturing/H/medium/run_0/extraction/manifest.json
TIME run allocation action=new run=/fslarge/scratch/users/h61084/codes/adaptime/outputs/adaptime/extractions/ridge/univariate/Smart_Manufacturing/H/long/run_0 launch_id=selena_adaptime_3227291 slurm_job_id=3227291 launched_at=2026-09-08T19:51:50.897297+00:00
/fslarge/scratch/users/h61084/codes/adaptime/outputs/adaptime/extractions/ridge/univariate/Smart_Manufacturing/H/long/run_0/extraction/manifest.json
TIME run allocation action=new run=/fslarge/scratch/users/h61084/codes/adaptime/outputs/adaptime/extractions/ridge/univariate/MetroPT-3/5T/short/run_0 launch_id=selena_adaptime_3227291 slurm_job_id=3227291 launched_at=2026-09-08T19:51:51.032990+00:00
/fslarge/scratch/users/h61084/codes/adaptime/outputs/adaptime/extractions/ridge/univariate/MetroPT-3/5T/short/run_0/extraction/manifest.json
TIME run allocation action=new run=/fslarge/scratch/users/h61084/codes/adaptime/outputs/adaptime/extractions/ridge/univariate/MetroPT-3/5T/medium/run_0 launch_id=selena_adaptime_3227291 slurm_job_id=3227291 launched_at=2026-09-08T19:51:53.024692+00:00
/fslarge/scratch/users/h61084/codes/adaptime/outputs/adaptime/extractions/ridge/univariate/MetroPT-3/5T/medium/run_0/extraction/manifest.json
TIME run allocation action=new run=/fslarge/scratch/users/h61084/codes/adaptime/outputs/adaptime/extractions/ridge/univariate/MetroPT-3/5T/long/run_0 launch_id=selena_adaptime_3227291 slurm_job_id=3227291 launched_at=2026-09-08T19:51:54.291242+00:00
/fslarge/scratch/users/h61084/codes/adaptime/outputs/adaptime/extractions/ridge/univariate/MetroPT-3/5T/long/run_0/extraction/manifest.json
TIME run allocation action=new run=/fslarge/scratch/users/h61084/codes/adaptime/outputs/adaptime/adaptations/ridge/univariate/Water_Quality_Darwin/15T/short/run_0 launch_id=selena_adaptime_3227291 slurm_job_id=3227291 launched_at=2026-09-08T19:51:55.009452+00:00
/fslarge/scratch/users/h61084/codes/adaptime/outputs/adaptime/adaptations/ridge/univariate/Water_Quality_Darwin/15T/short/run_0/model/model_manifest.json
TIME run allocation action=new run=/fslarge/scratch/users/h61084/codes/adaptime/outputs/adaptime/adaptations/ridge/univariate/Water_Quality_Darwin/15T/medium/run_0 launch_id=selena_adaptime_3227291 slurm_job_id=3227291 launched_at=2026-09-08T19:51:55.255715+00:00
/fslarge/scratch/users/h61084/codes/adaptime/outputs/adaptime/adaptations/ridge/univariate/Water_Quality_Darwin/15T/medium/run_0/model/model_manifest.json
TIME run allocation action=new run=/fslarge/scratch/users/h61084/codes/adaptime/outputs/adaptime/adaptations/ridge/univariate/Water_Quality_Darwin/15T/long/run_0 launch_id=selena_adaptime_3227291 slurm_job_id=3227291 launched_at=2026-09-08T19:51:55.995640+00:00
/fslarge/scratch/users/h61084/codes/adaptime/outputs/adaptime/adaptations/ridge/univariate/Water_Quality_Darwin/15T/long/run_0/model/model_manifest.json
TIME run allocation action=new run=/fslarge/scratch/users/h61084/codes/adaptime/outputs/adaptime/adaptations/ridge/univariate/current_velocity/5T/short/run_0 launch_id=selena_adaptime_3227291 slurm_job_id=3227291 launched_at=2026-09-08T19:51:58.265287+00:00
/fslarge/scratch/users/h61084/codes/adaptime/outputs/adaptime/adaptations/ridge/univariate/current_velocity/5T/short/run_0/model/model_manifest.json
TIME run allocation action=new run=/fslarge/scratch/users/h61084/codes/adaptime/outputs/adaptime/adaptations/ridge/univariate/current_velocity/5T/medium/run_0 launch_id=selena_adaptime_3227291 slurm_job_id=3227291 launched_at=2026-09-08T19:51:58.332501+00:00
/fslarge/scratch/users/h61084/codes/adaptime/outputs/adaptime/adaptations/ridge/univariate/current_velocity/5T/medium/run_0/model/model_manifest.json
TIME run allocation action=new run=/fslarge/scratch/users/h61084/codes/adaptime/outputs/adaptime/adaptations/ridge/univariate/current_velocity/5T/long/run_0 launch_id=selena_adaptime_3227291 slurm_job_id=3227291 launched_at=2026-09-08T19:51:58.927447+00:00
/fslarge/scratch/users/h61084/codes/adaptime/outputs/adaptime/adaptations/ridge/univariate/current_velocity/5T/long/run_0/model/model_manifest.json
TIME run allocation action=new run=/fslarge/scratch/users/h61084/codes/adaptime/outputs/adaptime/adaptations/ridge/univariate/current_velocity/10T/short/run_0 launch_id=selena_adaptime_3227291 slurm_job_id=3227291 launched_at=2026-09-08T19:51:59.976505+00:00
/fslarge/scratch/users/h61084/codes/adaptime/outputs/adaptime/adaptations/ridge/univariate/current_velocity/10T/short/run_0/model/model_manifest.json
TIME run allocation action=new run=/fslarge/scratch/users/h61084/codes/adaptime/outputs/adaptime/adaptations/ridge/univariate/current_velocity/10T/medium/run_0 launch_id=selena_adaptime_3227291 slurm_job_id=3227291 launched_at=2026-09-08T19:52:00.071046+00:00
/fslarge/scratch/users/h61084/codes/adaptime/outputs/adaptime/adaptations/ridge/univariate/current_velocity/10T/medium/run_0/model/model_manifest.json
TIME run allocation action=new run=/fslarge/scratch/users/h61084/codes/adaptime/outputs/adaptime/adaptations/ridge/univariate/current_velocity/10T/long/run_0 launch_id=selena_adaptime_3227291 slurm_job_id=3227291 launched_at=2026-09-08T19:52:01.219576+00:00
/fslarge/scratch/users/h61084/codes/adaptime/outputs/adaptime/adaptations/ridge/univariate/current_velocity/10T/long/run_0/model/model_manifest.json
TIME run allocation action=new run=/fslarge/scratch/users/h61084/codes/adaptime/outputs/adaptime/adaptations/ridge/univariate/current_velocity/15T/short/run_0 launch_id=selena_adaptime_3227291 slurm_job_id=3227291 launched_at=2026-09-08T19:52:05.688661+00:00
/fslarge/scratch/users/h61084/codes/adaptime/outputs/adaptime/adaptations/ridge/univariate/current_velocity/15T/short/run_0/model/model_manifest.json
TIME run allocation action=new run=/fslarge/scratch/users/h61084/codes/adaptime/outputs/adaptime/adaptations/ridge/univariate/current_velocity/15T/medium/run_0 launch_id=selena_adaptime_3227291 slurm_job_id=3227291 launched_at=2026-09-08T19:52:05.751285+00:00
/fslarge/scratch/users/h61084/codes/adaptime/outputs/adaptime/adaptations/ridge/univariate/current_velocity/15T/medium/run_0/model/model_manifest.json
TIME run allocation action=new run=/fslarge/scratch/users/h61084/codes/adaptime/outputs/adaptime/adaptations/ridge/univariate/current_velocity/15T/long/run_0 launch_id=selena_adaptime_3227291 slurm_job_id=3227291 launched_at=2026-09-08T19:52:05.841655+00:00
/fslarge/scratch/users/h61084/codes/adaptime/outputs/adaptime/adaptations/ridge/univariate/current_velocity/15T/long/run_0/model/model_manifest.json
TIME run allocation action=new run=/fslarge/scratch/users/h61084/codes/adaptime/outputs/adaptime/adaptations/ridge/univariate/current_velocity/20T/short/run_0 launch_id=selena_adaptime_3227291 slurm_job_id=3227291 launched_at=2026-09-08T19:52:05.956471+00:00
/fslarge/scratch/users/h61084/codes/adaptime/outputs/adaptime/adaptations/ridge/univariate/current_velocity/20T/short/run_0/model/model_manifest.json
TIME run allocation action=new run=/fslarge/scratch/users/h61084/codes/adaptime/outputs/adaptime/adaptations/ridge/univariate/current_velocity/20T/medium/run_0 launch_id=selena_adaptime_3227291 slurm_job_id=3227291 launched_at=2026-09-08T19:52:06.016011+00:00
/fslarge/scratch/users/h61084/codes/adaptime/outputs/adaptime/adaptations/ridge/univariate/current_velocity/20T/medium/run_0/model/model_manifest.json
TIME run allocation action=new run=/fslarge/scratch/users/h61084/codes/adaptime/outputs/adaptime/adaptations/ridge/univariate/current_velocity/20T/long/run_0 launch_id=selena_adaptime_3227291 slurm_job_id=3227291 launched_at=2026-09-08T19:52:06.129999+00:00
/fslarge/scratch/users/h61084/codes/adaptime/outputs/adaptime/adaptations/ridge/univariate/current_velocity/20T/long/run_0/model/model_manifest.json
TIME run allocation action=new run=/fslarge/scratch/users/h61084/codes/adaptime/outputs/adaptime/adaptations/ridge/univariate/current_velocity/H/short/run_0 launch_id=selena_adaptime_3227291 slurm_job_id=3227291 launched_at=2026-09-08T19:52:06.660896+00:00
/fslarge/scratch/users/h61084/codes/adaptime/outputs/adaptime/adaptations/ridge/univariate/current_velocity/H/short/run_0/model/model_manifest.json
TIME run allocation action=new run=/fslarge/scratch/users/h61084/codes/adaptime/outputs/adaptime/adaptations/ridge/univariate/current_velocity/H/medium/run_0 launch_id=selena_adaptime_3227291 slurm_job_id=3227291 launched_at=2026-09-08T19:52:06.726313+00:00
/fslarge/scratch/users/h61084/codes/adaptime/outputs/adaptime/adaptations/ridge/univariate/current_velocity/H/medium/run_0/model/model_manifest.json
TIME run allocation action=new run=/fslarge/scratch/users/h61084/codes/adaptime/outputs/adaptime/adaptations/ridge/univariate/current_velocity/H/long/run_0 launch_id=selena_adaptime_3227291 slurm_job_id=3227291 launched_at=2026-09-08T19:52:06.783680+00:00
/fslarge/scratch/users/h61084/codes/adaptime/outputs/adaptime/adaptations/ridge/univariate/current_velocity/H/long/run_0/model/model_manifest.json
TIME run allocation action=new run=/fslarge/scratch/users/h61084/codes/adaptime/outputs/adaptime/adaptations/ridge/univariate/CPHL/15T/short/run_0 launch_id=selena_adaptime_3227291 slurm_job_id=3227291 launched_at=2026-09-08T19:52:06.842561+00:00
/fslarge/scratch/users/h61084/codes/adaptime/outputs/adaptime/adaptations/ridge/univariate/CPHL/15T/short/run_0/model/model_manifest.json
TIME run allocation action=new run=/fslarge/scratch/users/h61084/codes/adaptime/outputs/adaptime/adaptations/ridge/univariate/CPHL/15T/medium/run_0 launch_id=selena_adaptime_3227291 slurm_job_id=3227291 launched_at=2026-09-08T19:52:06.901052+00:00
/fslarge/scratch/users/h61084/codes/adaptime/outputs/adaptime/adaptations/ridge/univariate/CPHL/15T/medium/run_0/model/model_manifest.json
TIME run allocation action=new run=/fslarge/scratch/users/h61084/codes/adaptime/outputs/adaptime/adaptations/ridge/univariate/CPHL/15T/long/run_0 launch_id=selena_adaptime_3227291 slurm_job_id=3227291 launched_at=2026-09-08T19:52:06.961155+00:00
/fslarge/scratch/users/h61084/codes/adaptime/outputs/adaptime/adaptations/ridge/univariate/CPHL/15T/long/run_0/model/model_manifest.json
TIME run allocation action=new run=/fslarge/scratch/users/h61084/codes/adaptime/outputs/adaptime/adaptations/ridge/univariate/CPHL/30T/short/run_0 launch_id=selena_adaptime_3227291 slurm_job_id=3227291 launched_at=2026-09-08T19:52:07.019130+00:00
/fslarge/scratch/users/h61084/codes/adaptime/outputs/adaptime/adaptations/ridge/univariate/CPHL/30T/short/run_0/model/model_manifest.json
TIME run allocation action=new run=/fslarge/scratch/users/h61084/codes/adaptime/outputs/adaptime/adaptations/ridge/univariate/CPHL/30T/medium/run_0 launch_id=selena_adaptime_3227291 slurm_job_id=3227291 launched_at=2026-09-08T19:52:07.075251+00:00
/fslarge/scratch/users/h61084/codes/adaptime/outputs/adaptime/adaptations/ridge/univariate/CPHL/30T/medium/run_0/model/model_manifest.json
TIME run allocation action=new run=/fslarge/scratch/users/h61084/codes/adaptime/outputs/adaptime/adaptations/ridge/univariate/CPHL/30T/long/run_0 launch_id=selena_adaptime_3227291 slurm_job_id=3227291 launched_at=2026-09-08T19:52:07.132168+00:00
/fslarge/scratch/users/h61084/codes/adaptime/outputs/adaptime/adaptations/ridge/univariate/CPHL/30T/long/run_0/model/model_manifest.json
TIME run allocation action=new run=/fslarge/scratch/users/h61084/codes/adaptime/outputs/adaptime/adaptations/ridge/univariate/CPHL/H/short/run_0 launch_id=selena_adaptime_3227291 slurm_job_id=3227291 launched_at=2026-09-08T19:52:07.200279+00:00
/fslarge/scratch/users/h61084/codes/adaptime/outputs/adaptime/adaptations/ridge/univariate/CPHL/H/short/run_0/model/model_manifest.json
TIME run allocation action=new run=/fslarge/scratch/users/h61084/codes/adaptime/outputs/adaptime/adaptations/ridge/univariate/CPHL/H/medium/run_0 launch_id=selena_adaptime_3227291 slurm_job_id=3227291 launched_at=2026-09-08T19:52:07.258519+00:00
/fslarge/scratch/users/h61084/codes/adaptime/outputs/adaptime/adaptations/ridge/univariate/CPHL/H/medium/run_0/model/model_manifest.json
TIME run allocation action=new run=/fslarge/scratch/users/h61084/codes/adaptime/outputs/adaptime/adaptations/ridge/univariate/CPHL/H/long/run_0 launch_id=selena_adaptime_3227291 slurm_job_id=3227291 launched_at=2026-09-08T19:52:07.313475+00:00
/fslarge/scratch/users/h61084/codes/adaptime/outputs/adaptime/adaptations/ridge/univariate/CPHL/H/long/run_0/model/model_manifest.json
TIME run allocation action=new run=/fslarge/scratch/users/h61084/codes/adaptime/outputs/adaptime/adaptations/ridge/univariate/Coastal_T_S/5T/short/run_0 launch_id=selena_adaptime_3227291 slurm_job_id=3227291 launched_at=2026-09-08T19:52:07.371365+00:00
/fslarge/scratch/users/h61084/codes/adaptime/outputs/adaptime/adaptations/ridge/univariate/Coastal_T_S/5T/short/run_0/model/model_manifest.json
TIME run allocation action=new run=/fslarge/scratch/users/h61084/codes/adaptime/outputs/adaptime/adaptations/ridge/univariate/Coastal_T_S/5T/medium/run_0 launch_id=selena_adaptime_3227291 slurm_job_id=3227291 launched_at=2026-09-08T19:52:09.042616+00:00
/fslarge/scratch/users/h61084/codes/adaptime/outputs/adaptime/adaptations/ridge/univariate/Coastal_T_S/5T/medium/run_0/model/model_manifest.json
TIME run allocation action=new run=/fslarge/scratch/users/h61084/codes/adaptime/outputs/adaptime/adaptations/ridge/univariate/Coastal_T_S/5T/long/run_0 launch_id=selena_adaptime_3227291 slurm_job_id=3227291 launched_at=2026-09-08T19:52:15.448424+00:00
/fslarge/scratch/users/h61084/codes/adaptime/outputs/adaptime/adaptations/ridge/univariate/Coastal_T_S/5T/long/run_0/model/model_manifest.json
TIME run allocation action=new run=/fslarge/scratch/users/h61084/codes/adaptime/outputs/adaptime/adaptations/ridge/univariate/Coastal_T_S/15T/short/run_0 launch_id=selena_adaptime_3227291 slurm_job_id=3227291 launched_at=2026-09-08T19:52:26.685227+00:00
/fslarge/scratch/users/h61084/codes/adaptime/outputs/adaptime/adaptations/ridge/univariate/Coastal_T_S/15T/short/run_0/model/model_manifest.json
TIME run allocation action=new run=/fslarge/scratch/users/h61084/codes/adaptime/outputs/adaptime/adaptations/ridge/univariate/Coastal_T_S/15T/medium/run_0 launch_id=selena_adaptime_3227291 slurm_job_id=3227291 launched_at=2026-09-08T19:52:26.751369+00:00
/fslarge/scratch/users/h61084/codes/adaptime/outputs/adaptime/adaptations/ridge/univariate/Coastal_T_S/15T/medium/run_0/model/model_manifest.json
TIME run allocation action=new run=/fslarge/scratch/users/h61084/codes/adaptime/outputs/adaptime/adaptations/ridge/univariate/Coastal_T_S/15T/long/run_0 launch_id=selena_adaptime_3227291 slurm_job_id=3227291 launched_at=2026-09-08T19:52:27.824769+00:00
/fslarge/scratch/users/h61084/codes/adaptime/outputs/adaptime/adaptations/ridge/univariate/Coastal_T_S/15T/long/run_0/model/model_manifest.json
TIME run allocation action=new run=/fslarge/scratch/users/h61084/codes/adaptime/outputs/adaptime/adaptations/ridge/univariate/Coastal_T_S/20T/short/run_0 launch_id=selena_adaptime_3227291 slurm_job_id=3227291 launched_at=2026-09-08T19:52:30.507677+00:00
/fslarge/scratch/users/h61084/codes/adaptime/outputs/adaptime/adaptations/ridge/univariate/Coastal_T_S/20T/short/run_0/model/model_manifest.json
TIME run allocation action=new run=/fslarge/scratch/users/h61084/codes/adaptime/outputs/adaptime/adaptations/ridge/univariate/Coastal_T_S/20T/medium/run_0 launch_id=selena_adaptime_3227291 slurm_job_id=3227291 launched_at=2026-09-08T19:52:30.564999+00:00
/fslarge/scratch/users/h61084/codes/adaptime/outputs/adaptime/adaptations/ridge/univariate/Coastal_T_S/20T/medium/run_0/model/model_manifest.json
TIME run allocation action=new run=/fslarge/scratch/users/h61084/codes/adaptime/outputs/adaptime/adaptations/ridge/univariate/Coastal_T_S/20T/long/run_0 launch_id=selena_adaptime_3227291 slurm_job_id=3227291 launched_at=2026-09-08T19:52:30.619574+00:00
/fslarge/scratch/users/h61084/codes/adaptime/outputs/adaptime/adaptations/ridge/univariate/Coastal_T_S/20T/long/run_0/model/model_manifest.json
TIME run allocation action=new run=/fslarge/scratch/users/h61084/codes/adaptime/outputs/adaptime/adaptations/ridge/univariate/Coastal_T_S/H/short/run_0 launch_id=selena_adaptime_3227291 slurm_job_id=3227291 launched_at=2026-09-08T19:52:30.673897+00:00
/fslarge/scratch/users/h61084/codes/adaptime/outputs/adaptime/adaptations/ridge/univariate/Coastal_T_S/H/short/run_0/model/model_manifest.json
TIME run allocation action=new run=/fslarge/scratch/users/h61084/codes/adaptime/outputs/adaptime/adaptations/ridge/univariate/Coastal_T_S/H/medium/run_0 launch_id=selena_adaptime_3227291 slurm_job_id=3227291 launched_at=2026-09-08T19:52:30.728521+00:00
/fslarge/scratch/users/h61084/codes/adaptime/outputs/adaptime/adaptations/ridge/univariate/Coastal_T_S/H/medium/run_0/model/model_manifest.json
TIME run allocation action=new run=/fslarge/scratch/users/h61084/codes/adaptime/outputs/adaptime/adaptations/ridge/univariate/Coastal_T_S/H/long/run_0 launch_id=selena_adaptime_3227291 slurm_job_id=3227291 launched_at=2026-09-08T19:52:30.782958+00:00
/fslarge/scratch/users/h61084/codes/adaptime/outputs/adaptime/adaptations/ridge/univariate/Coastal_T_S/H/long/run_0/model/model_manifest.json
TIME run allocation action=new run=/fslarge/scratch/users/h61084/codes/adaptime/outputs/adaptime/adaptations/ridge/univariate/SG_Weather/D/short/run_0 launch_id=selena_adaptime_3227291 slurm_job_id=3227291 launched_at=2026-09-08T19:52:30.841100+00:00
/fslarge/scratch/users/h61084/codes/adaptime/outputs/adaptime/adaptations/ridge/univariate/SG_Weather/D/short/run_0/model/model_manifest.json
TIME run allocation action=new run=/fslarge/scratch/users/h61084/codes/adaptime/outputs/adaptime/adaptations/ridge/univariate/SG_Weather/D/medium/run_0 launch_id=selena_adaptime_3227291 slurm_job_id=3227291 launched_at=2026-09-08T19:52:30.896957+00:00
/fslarge/scratch/users/h61084/codes/adaptime/outputs/adaptime/adaptations/ridge/univariate/SG_Weather/D/medium/run_0/model/model_manifest.json
TIME run allocation action=new run=/fslarge/scratch/users/h61084/codes/adaptime/outputs/adaptime/adaptations/ridge/univariate/SG_Weather/D/long/run_0 launch_id=selena_adaptime_3227291 slurm_job_id=3227291 launched_at=2026-09-08T19:52:30.952327+00:00
/fslarge/scratch/users/h61084/codes/adaptime/outputs/adaptime/adaptations/ridge/univariate/SG_Weather/D/long/run_0/model/model_manifest.json
TIME run allocation action=new run=/fslarge/scratch/users/h61084/codes/adaptime/outputs/adaptime/adaptations/ridge/univariate/SG_PM25/H/short/run_0 launch_id=selena_adaptime_3227291 slurm_job_id=3227291 launched_at=2026-09-08T19:52:31.007696+00:00
/fslarge/scratch/users/h61084/codes/adaptime/outputs/adaptime/adaptations/ridge/univariate/SG_PM25/H/short/run_0/model/model_manifest.json
TIME run allocation action=new run=/fslarge/scratch/users/h61084/codes/adaptime/outputs/adaptime/adaptations/ridge/univariate/SG_PM25/H/medium/run_0 launch_id=selena_adaptime_3227291 slurm_job_id=3227291 launched_at=2026-09-08T19:52:31.069325+00:00
/fslarge/scratch/users/h61084/codes/adaptime/outputs/adaptime/adaptations/ridge/univariate/SG_PM25/H/medium/run_0/model/model_manifest.json
TIME run allocation action=new run=/fslarge/scratch/users/h61084/codes/adaptime/outputs/adaptime/adaptations/ridge/univariate/SG_PM25/H/long/run_0 launch_id=selena_adaptime_3227291 slurm_job_id=3227291 launched_at=2026-09-08T19:52:32.906310+00:00
/fslarge/scratch/users/h61084/codes/adaptime/outputs/adaptime/adaptations/ridge/univariate/SG_PM25/H/long/run_0/model/model_manifest.json
TIME run allocation action=new run=/fslarge/scratch/users/h61084/codes/adaptime/outputs/adaptime/adaptations/ridge/univariate/NE_China_Wind/H/short/run_0 launch_id=selena_adaptime_3227291 slurm_job_id=3227291 launched_at=2026-09-08T19:52:36.779058+00:00
/fslarge/scratch/users/h61084/codes/adaptime/outputs/adaptime/adaptations/ridge/univariate/NE_China_Wind/H/short/run_0/model/model_manifest.json
TIME run allocation action=new run=/fslarge/scratch/users/h61084/codes/adaptime/outputs/adaptime/adaptations/ridge/univariate/NE_China_Wind/H/medium/run_0 launch_id=selena_adaptime_3227291 slurm_job_id=3227291 launched_at=2026-09-08T19:52:36.837528+00:00
/fslarge/scratch/users/h61084/codes/adaptime/outputs/adaptime/adaptations/ridge/univariate/NE_China_Wind/H/medium/run_0/model/model_manifest.json
TIME run allocation action=new run=/fslarge/scratch/users/h61084/codes/adaptime/outputs/adaptime/adaptations/ridge/univariate/NE_China_Wind/H/long/run_0 launch_id=selena_adaptime_3227291 slurm_job_id=3227291 launched_at=2026-09-08T19:52:36.891490+00:00
/fslarge/scratch/users/h61084/codes/adaptime/outputs/adaptime/adaptations/ridge/univariate/NE_China_Wind/H/long/run_0/model/model_manifest.json
TIME run allocation action=new run=/fslarge/scratch/users/h61084/codes/adaptime/outputs/adaptime/adaptations/ridge/univariate/Australia_Solar/H/short/run_0 launch_id=selena_adaptime_3227291 slurm_job_id=3227291 launched_at=2026-09-08T19:52:36.947726+00:00
/fslarge/scratch/users/h61084/codes/adaptime/outputs/adaptime/adaptations/ridge/univariate/Australia_Solar/H/short/run_0/model/model_manifest.json
TIME run allocation action=new run=/fslarge/scratch/users/h61084/codes/adaptime/outputs/adaptime/adaptations/ridge/univariate/Australia_Solar/H/medium/run_0 launch_id=selena_adaptime_3227291 slurm_job_id=3227291 launched_at=2026-09-08T19:52:37.005987+00:00
/fslarge/scratch/users/h61084/codes/adaptime/outputs/adaptime/adaptations/ridge/univariate/Australia_Solar/H/medium/run_0/model/model_manifest.json
TIME run allocation action=new run=/fslarge/scratch/users/h61084/codes/adaptime/outputs/adaptime/adaptations/ridge/univariate/Australia_Solar/H/long/run_0 launch_id=selena_adaptime_3227291 slurm_job_id=3227291 launched_at=2026-09-08T19:52:37.094150+00:00
/fslarge/scratch/users/h61084/codes/adaptime/outputs/adaptime/adaptations/ridge/univariate/Australia_Solar/H/long/run_0/model/model_manifest.json
TIME run allocation action=new run=/fslarge/scratch/users/h61084/codes/adaptime/outputs/adaptime/adaptations/ridge/univariate/epf_electricity_price/H/short/run_0 launch_id=selena_adaptime_3227291 slurm_job_id=3227291 launched_at=2026-09-08T19:52:37.699072+00:00
/fslarge/scratch/users/h61084/codes/adaptime/outputs/adaptime/adaptations/ridge/univariate/epf_electricity_price/H/short/run_0/model/model_manifest.json
TIME run allocation action=new run=/fslarge/scratch/users/h61084/codes/adaptime/outputs/adaptime/adaptations/ridge/univariate/epf_electricity_price/H/medium/run_0 launch_id=selena_adaptime_3227291 slurm_job_id=3227291 launched_at=2026-09-08T19:52:37.794908+00:00
/fslarge/scratch/users/h61084/codes/adaptime/outputs/adaptime/adaptations/ridge/univariate/epf_electricity_price/H/medium/run_0/model/model_manifest.json
TIME run allocation action=new run=/fslarge/scratch/users/h61084/codes/adaptime/outputs/adaptime/adaptations/ridge/univariate/epf_electricity_price/H/long/run_0 launch_id=selena_adaptime_3227291 slurm_job_id=3227291 launched_at=2026-09-08T19:52:39.275104+00:00
/fslarge/scratch/users/h61084/codes/adaptime/outputs/adaptime/adaptations/ridge/univariate/epf_electricity_price/H/long/run_0/model/model_manifest.json
TIME run allocation action=new run=/fslarge/scratch/users/h61084/codes/adaptime/outputs/adaptime/adaptations/ridge/univariate/OpenElectricity_NEM/5T/short/run_0 launch_id=selena_adaptime_3227291 slurm_job_id=3227291 launched_at=2026-09-08T19:52:41.348881+00:00
/fslarge/scratch/users/h61084/codes/adaptime/outputs/adaptime/adaptations/ridge/univariate/OpenElectricity_NEM/5T/short/run_0/model/model_manifest.json
TIME run allocation action=new run=/fslarge/scratch/users/h61084/codes/adaptime/outputs/adaptime/adaptations/ridge/univariate/OpenElectricity_NEM/5T/medium/run_0 launch_id=selena_adaptime_3227291 slurm_job_id=3227291 launched_at=2026-09-08T19:52:41.420323+00:00
/fslarge/scratch/users/h61084/codes/adaptime/outputs/adaptime/adaptations/ridge/univariate/OpenElectricity_NEM/5T/medium/run_0/model/model_manifest.json
TIME run allocation action=new run=/fslarge/scratch/users/h61084/codes/adaptime/outputs/adaptime/adaptations/ridge/univariate/OpenElectricity_NEM/5T/long/run_0 launch_id=selena_adaptime_3227291 slurm_job_id=3227291 launched_at=2026-09-08T19:52:42.833755+00:00
/fslarge/scratch/users/h61084/codes/adaptime/outputs/adaptime/adaptations/ridge/univariate/OpenElectricity_NEM/5T/long/run_0/model/model_manifest.json
TIME run allocation action=new run=/fslarge/scratch/users/h61084/codes/adaptime/outputs/adaptime/adaptations/ridge/univariate/EWELD_Load/15T/short/run_0 launch_id=selena_adaptime_3227291 slurm_job_id=3227291 launched_at=2026-09-08T19:52:43.629220+00:00
/fslarge/scratch/users/h61084/codes/adaptime/outputs/adaptime/adaptations/ridge/univariate/EWELD_Load/15T/short/run_0/model/model_manifest.json
TIME run allocation action=new run=/fslarge/scratch/users/h61084/codes/adaptime/outputs/adaptime/adaptations/ridge/univariate/EWELD_Load/15T/medium/run_0 launch_id=selena_adaptime_3227291 slurm_job_id=3227291 launched_at=2026-09-08T19:52:43.688460+00:00
/fslarge/scratch/users/h61084/codes/adaptime/outputs/adaptime/adaptations/ridge/univariate/EWELD_Load/15T/medium/run_0/model/model_manifest.json
TIME run allocation action=new run=/fslarge/scratch/users/h61084/codes/adaptime/outputs/adaptime/adaptations/ridge/univariate/EWELD_Load/15T/long/run_0 launch_id=selena_adaptime_3227291 slurm_job_id=3227291 launched_at=2026-09-08T19:52:43.805034+00:00
/fslarge/scratch/users/h61084/codes/adaptime/outputs/adaptime/adaptations/ridge/univariate/EWELD_Load/15T/long/run_0/model/model_manifest.json
TIME run allocation action=new run=/fslarge/scratch/users/h61084/codes/adaptime/outputs/adaptime/adaptations/ridge/univariate/SG_Carpark/15T/short/run_0 launch_id=selena_adaptime_3227291 slurm_job_id=3227291 launched_at=2026-09-08T19:52:43.890069+00:00
/fslarge/scratch/users/h61084/codes/adaptime/outputs/adaptime/adaptations/ridge/univariate/SG_Carpark/15T/short/run_0/model/model_manifest.json
TIME run allocation action=new run=/fslarge/scratch/users/h61084/codes/adaptime/outputs/adaptime/adaptations/ridge/univariate/SG_Carpark/15T/medium/run_0 launch_id=selena_adaptime_3227291 slurm_job_id=3227291 launched_at=2026-09-08T19:52:43.990204+00:00
/fslarge/scratch/users/h61084/codes/adaptime/outputs/adaptime/adaptations/ridge/univariate/SG_Carpark/15T/medium/run_0/model/model_manifest.json
TIME run allocation action=new run=/fslarge/scratch/users/h61084/codes/adaptime/outputs/adaptime/adaptations/ridge/univariate/SG_Carpark/15T/long/run_0 launch_id=selena_adaptime_3227291 slurm_job_id=3227291 launched_at=2026-09-08T19:52:44.048014+00:00
/fslarge/scratch/users/h61084/codes/adaptime/outputs/adaptime/adaptations/ridge/univariate/SG_Carpark/15T/long/run_0/model/model_manifest.json
TIME run allocation action=new run=/fslarge/scratch/users/h61084/codes/adaptime/outputs/adaptime/adaptations/ridge/univariate/Finland_Traffic/15T/short/run_0 launch_id=selena_adaptime_3227291 slurm_job_id=3227291 launched_at=2026-09-08T19:52:44.106936+00:00
/fslarge/scratch/users/h61084/codes/adaptime/outputs/adaptime/adaptations/ridge/univariate/Finland_Traffic/15T/short/run_0/model/model_manifest.json
TIME run allocation action=new run=/fslarge/scratch/users/h61084/codes/adaptime/outputs/adaptime/adaptations/ridge/univariate/Finland_Traffic/15T/medium/run_0 launch_id=selena_adaptime_3227291 slurm_job_id=3227291 launched_at=2026-09-08T19:52:44.149261+00:00
/fslarge/scratch/users/h61084/codes/adaptime/outputs/adaptime/adaptations/ridge/univariate/Finland_Traffic/15T/medium/run_0/model/model_manifest.json
TIME run allocation action=new run=/fslarge/scratch/users/h61084/codes/adaptime/outputs/adaptime/adaptations/ridge/univariate/Finland_Traffic/15T/long/run_0 launch_id=selena_adaptime_3227291 slurm_job_id=3227291 launched_at=2026-09-08T19:52:44.210115+00:00
/fslarge/scratch/users/h61084/codes/adaptime/outputs/adaptime/adaptations/ridge/univariate/Finland_Traffic/15T/long/run_0/model/model_manifest.json
TIME run allocation action=new run=/fslarge/scratch/users/h61084/codes/adaptime/outputs/adaptime/adaptations/ridge/univariate/Port_Activity/D/short/run_0 launch_id=selena_adaptime_3227291 slurm_job_id=3227291 launched_at=2026-09-08T19:52:44.263772+00:00
/fslarge/scratch/users/h61084/codes/adaptime/outputs/adaptime/adaptations/ridge/univariate/Port_Activity/D/short/run_0/model/model_manifest.json
TIME run allocation action=new run=/fslarge/scratch/users/h61084/codes/adaptime/outputs/adaptime/adaptations/ridge/univariate/Port_Activity/W/short/run_0 launch_id=selena_adaptime_3227291 slurm_job_id=3227291 launched_at=2026-09-08T19:52:44.303900+00:00
/fslarge/scratch/users/h61084/codes/adaptime/outputs/adaptime/adaptations/ridge/univariate/Port_Activity/W/short/run_0/model/model_manifest.json
TIME run allocation action=new run=/fslarge/scratch/users/h61084/codes/adaptime/outputs/adaptime/adaptations/ridge/univariate/ECDC_COVID/D/short/run_0 launch_id=selena_adaptime_3227291 slurm_job_id=3227291 launched_at=2026-09-08T19:52:44.344362+00:00
/fslarge/scratch/users/h61084/codes/adaptime/outputs/adaptime/adaptations/ridge/univariate/ECDC_COVID/D/short/run_0/model/model_manifest.json
TIME run allocation action=new run=/fslarge/scratch/users/h61084/codes/adaptime/outputs/adaptime/adaptations/ridge/univariate/ECDC_COVID/W/short/run_0 launch_id=selena_adaptime_3227291 slurm_job_id=3227291 launched_at=2026-09-08T19:52:44.384803+00:00
/fslarge/scratch/users/h61084/codes/adaptime/outputs/adaptime/adaptations/ridge/univariate/ECDC_COVID/W/short/run_0/model/model_manifest.json
TIME run allocation action=new run=/fslarge/scratch/users/h61084/codes/adaptime/outputs/adaptime/adaptations/ridge/univariate/Global_Influenza/W/short/run_0 launch_id=selena_adaptime_3227291 slurm_job_id=3227291 launched_at=2026-09-08T19:52:44.425066+00:00
/fslarge/scratch/users/h61084/codes/adaptime/outputs/adaptime/adaptations/ridge/univariate/Global_Influenza/W/short/run_0/model/model_manifest.json
TIME run allocation action=new run=/fslarge/scratch/users/h61084/codes/adaptime/outputs/adaptime/adaptations/ridge/univariate/Crypto/D/short/run_0 launch_id=selena_adaptime_3227291 slurm_job_id=3227291 launched_at=2026-09-08T19:52:44.465751+00:00
/fslarge/scratch/users/h61084/codes/adaptime/outputs/adaptime/adaptations/ridge/univariate/Crypto/D/short/run_0/model/model_manifest.json
TIME run allocation action=new run=/fslarge/scratch/users/h61084/codes/adaptime/outputs/adaptime/adaptations/ridge/univariate/US_Term_Structure/B/short/run_0 launch_id=selena_adaptime_3227291 slurm_job_id=3227291 launched_at=2026-09-08T19:52:44.506067+00:00
/fslarge/scratch/users/h61084/codes/adaptime/outputs/adaptime/adaptations/ridge/univariate/US_Term_Structure/B/short/run_0/model/model_manifest.json
TIME run allocation action=new run=/fslarge/scratch/users/h61084/codes/adaptime/outputs/adaptime/adaptations/ridge/univariate/Oil_Price/B/short/run_0 launch_id=selena_adaptime_3227291 slurm_job_id=3227291 launched_at=2026-09-08T19:52:44.548510+00:00
/fslarge/scratch/users/h61084/codes/adaptime/outputs/adaptime/adaptations/ridge/univariate/Oil_Price/B/short/run_0/model/model_manifest.json
TIME run allocation action=new run=/fslarge/scratch/users/h61084/codes/adaptime/outputs/adaptime/adaptations/ridge/univariate/Job_Claims/W/short/run_0 launch_id=selena_adaptime_3227291 slurm_job_id=3227291 launched_at=2026-09-08T19:52:44.588916+00:00
/fslarge/scratch/users/h61084/codes/adaptime/outputs/adaptime/adaptations/ridge/univariate/Job_Claims/W/short/run_0/model/model_manifest.json
TIME run allocation action=new run=/fslarge/scratch/users/h61084/codes/adaptime/outputs/adaptime/adaptations/ridge/univariate/Uncertainty_1M/M/short/run_0 launch_id=selena_adaptime_3227291 slurm_job_id=3227291 launched_at=2026-09-08T19:52:44.629226+00:00
/fslarge/scratch/users/h61084/codes/adaptime/outputs/adaptime/adaptations/ridge/univariate/Uncertainty_1M/M/short/run_0/model/model_manifest.json
TIME run allocation action=new run=/fslarge/scratch/users/h61084/codes/adaptime/outputs/adaptime/adaptations/ridge/univariate/Housing_Inventory/M/short/run_0 launch_id=selena_adaptime_3227291 slurm_job_id=3227291 launched_at=2026-09-08T19:52:44.669788+00:00
/fslarge/scratch/users/h61084/codes/adaptime/outputs/adaptime/adaptations/ridge/univariate/Housing_Inventory/M/short/run_0/model/model_manifest.json
TIME run allocation action=new run=/fslarge/scratch/users/h61084/codes/adaptime/outputs/adaptime/adaptations/ridge/univariate/JOLTS/M/short/run_0 launch_id=selena_adaptime_3227291 slurm_job_id=3227291 launched_at=2026-09-08T19:52:44.710097+00:00
/fslarge/scratch/users/h61084/codes/adaptime/outputs/adaptime/adaptations/ridge/univariate/JOLTS/M/short/run_0/model/model_manifest.json
TIME run allocation action=new run=/fslarge/scratch/users/h61084/codes/adaptime/outputs/adaptime/adaptations/ridge/univariate/US_Labor/M/short/run_0 launch_id=selena_adaptime_3227291 slurm_job_id=3227291 launched_at=2026-09-08T19:52:44.750136+00:00
/fslarge/scratch/users/h61084/codes/adaptime/outputs/adaptime/adaptations/ridge/univariate/US_Labor/M/short/run_0/model/model_manifest.json
TIME run allocation action=new run=/fslarge/scratch/users/h61084/codes/adaptime/outputs/adaptime/adaptations/ridge/univariate/Vehicle_Supply/M/short/run_0 launch_id=selena_adaptime_3227291 slurm_job_id=3227291 launched_at=2026-09-08T19:52:44.790507+00:00
/fslarge/scratch/users/h61084/codes/adaptime/outputs/adaptime/adaptations/ridge/univariate/Vehicle_Supply/M/short/run_0/model/model_manifest.json
TIME run allocation action=new run=/fslarge/scratch/users/h61084/codes/adaptime/outputs/adaptime/adaptations/ridge/univariate/Auto_Production_SF/M/short/run_0 launch_id=selena_adaptime_3227291 slurm_job_id=3227291 launched_at=2026-09-08T19:52:44.831143+00:00
/fslarge/scratch/users/h61084/codes/adaptime/outputs/adaptime/adaptations/ridge/univariate/Auto_Production_SF/M/short/run_0/model/model_manifest.json
TIME run allocation action=new run=/fslarge/scratch/users/h61084/codes/adaptime/outputs/adaptime/adaptations/ridge/univariate/Commodity_Production/M/short/run_0 launch_id=selena_adaptime_3227291 slurm_job_id=3227291 launched_at=2026-09-08T19:52:44.871595+00:00
/fslarge/scratch/users/h61084/codes/adaptime/outputs/adaptime/adaptations/ridge/univariate/Commodity_Production/M/short/run_0/model/model_manifest.json
TIME run allocation action=new run=/fslarge/scratch/users/h61084/codes/adaptime/outputs/adaptime/adaptations/ridge/univariate/Commodity_Import/M/short/run_0 launch_id=selena_adaptime_3227291 slurm_job_id=3227291 launched_at=2026-09-08T19:52:44.911983+00:00
/fslarge/scratch/users/h61084/codes/adaptime/outputs/adaptime/adaptations/ridge/univariate/Commodity_Import/M/short/run_0/model/model_manifest.json
TIME run allocation action=new run=/fslarge/scratch/users/h61084/codes/adaptime/outputs/adaptime/adaptations/ridge/univariate/WUI_Global/Q/short/run_0 launch_id=selena_adaptime_3227291 slurm_job_id=3227291 launched_at=2026-09-08T19:52:44.953072+00:00
/fslarge/scratch/users/h61084/codes/adaptime/outputs/adaptime/adaptations/ridge/univariate/WUI_Global/Q/short/run_0/model/model_manifest.json
TIME run allocation action=new run=/fslarge/scratch/users/h61084/codes/adaptime/outputs/adaptime/adaptations/ridge/univariate/Global_Price/Q/short/run_0 launch_id=selena_adaptime_3227291 slurm_job_id=3227291 launched_at=2026-09-08T19:52:44.993675+00:00
/fslarge/scratch/users/h61084/codes/adaptime/outputs/adaptime/adaptations/ridge/univariate/Global_Price/Q/short/run_0/model/model_manifest.json
TIME run allocation action=new run=/fslarge/scratch/users/h61084/codes/adaptime/outputs/adaptime/adaptations/ridge/univariate/Vehicle_Sales/M/short/run_0 launch_id=selena_adaptime_3227291 slurm_job_id=3227291 launched_at=2026-09-08T19:52:45.037580+00:00
/fslarge/scratch/users/h61084/codes/adaptime/outputs/adaptime/adaptations/ridge/univariate/Vehicle_Sales/M/short/run_0/model/model_manifest.json
TIME run allocation action=new run=/fslarge/scratch/users/h61084/codes/adaptime/outputs/adaptime/adaptations/ridge/univariate/Online_Retail_2_UCI/D/short/run_0 launch_id=selena_adaptime_3227291 slurm_job_id=3227291 launched_at=2026-09-08T19:52:45.077454+00:00
/fslarge/scratch/users/h61084/codes/adaptime/outputs/adaptime/adaptations/ridge/univariate/Online_Retail_2_UCI/D/short/run_0/model/model_manifest.json
TIME run allocation action=new run=/fslarge/scratch/users/h61084/codes/adaptime/outputs/adaptime/adaptations/ridge/univariate/Supply_Chain_Customer/D/short/run_0 launch_id=selena_adaptime_3227291 slurm_job_id=3227291 launched_at=2026-09-08T19:52:45.117817+00:00
/fslarge/scratch/users/h61084/codes/adaptime/outputs/adaptime/adaptations/ridge/univariate/Supply_Chain_Customer/D/short/run_0/model/model_manifest.json
TIME run allocation action=new run=/fslarge/scratch/users/h61084/codes/adaptime/outputs/adaptime/adaptations/ridge/univariate/Supply_Chain_Location/D/short/run_0 launch_id=selena_adaptime_3227291 slurm_job_id=3227291 launched_at=2026-09-08T19:52:45.158222+00:00
/fslarge/scratch/users/h61084/codes/adaptime/outputs/adaptime/adaptations/ridge/univariate/Supply_Chain_Location/D/short/run_0/model/model_manifest.json
TIME run allocation action=new run=/fslarge/scratch/users/h61084/codes/adaptime/outputs/adaptime/adaptations/ridge/univariate/azure2019_D/5T/short/run_0 launch_id=selena_adaptime_3227291 slurm_job_id=3227291 launched_at=2026-09-08T19:52:45.198281+00:00
/fslarge/scratch/users/h61084/codes/adaptime/outputs/adaptime/adaptations/ridge/univariate/azure2019_D/5T/short/run_0/model/model_manifest.json
TIME run allocation action=new run=/fslarge/scratch/users/h61084/codes/adaptime/outputs/adaptime/adaptations/ridge/univariate/azure2019_I/5T/short/run_0 launch_id=selena_adaptime_3227291 slurm_job_id=3227291 launched_at=2026-09-08T19:52:45.239538+00:00
/fslarge/scratch/users/h61084/codes/adaptime/outputs/adaptime/adaptations/ridge/univariate/azure2019_I/5T/short/run_0/model/model_manifest.json
TIME run allocation action=new run=/fslarge/scratch/users/h61084/codes/adaptime/outputs/adaptime/adaptations/ridge/univariate/azure2019_U/5T/short/run_0 launch_id=selena_adaptime_3227291 slurm_job_id=3227291 launched_at=2026-09-08T19:52:45.280239+00:00
/fslarge/scratch/users/h61084/codes/adaptime/outputs/adaptime/adaptations/ridge/univariate/azure2019_U/5T/short/run_0/model/model_manifest.json
TIME run allocation action=new run=/fslarge/scratch/users/h61084/codes/adaptime/outputs/adaptime/adaptations/ridge/univariate/Smart_Manufacturing/H/short/run_0 launch_id=selena_adaptime_3227291 slurm_job_id=3227291 launched_at=2026-09-08T19:52:45.320891+00:00
/fslarge/scratch/users/h61084/codes/adaptime/outputs/adaptime/adaptations/ridge/univariate/Smart_Manufacturing/H/short/run_0/model/model_manifest.json
TIME run allocation action=new run=/fslarge/scratch/users/h61084/codes/adaptime/outputs/adaptime/adaptations/ridge/univariate/Smart_Manufacturing/H/medium/run_0 launch_id=selena_adaptime_3227291 slurm_job_id=3227291 launched_at=2026-09-08T19:52:45.361132+00:00
/fslarge/scratch/users/h61084/codes/adaptime/outputs/adaptime/adaptations/ridge/univariate/Smart_Manufacturing/H/medium/run_0/model/model_manifest.json
TIME run allocation action=new run=/fslarge/scratch/users/h61084/codes/adaptime/outputs/adaptime/adaptations/ridge/univariate/Smart_Manufacturing/H/long/run_0 launch_id=selena_adaptime_3227291 slurm_job_id=3227291 launched_at=2026-09-08T19:52:45.401444+00:00
/fslarge/scratch/users/h61084/codes/adaptime/outputs/adaptime/adaptations/ridge/univariate/Smart_Manufacturing/H/long/run_0/model/model_manifest.json
TIME run allocation action=new run=/fslarge/scratch/users/h61084/codes/adaptime/outputs/adaptime/adaptations/ridge/univariate/MetroPT-3/5T/short/run_0 launch_id=selena_adaptime_3227291 slurm_job_id=3227291 launched_at=2026-09-08T19:52:45.442027+00:00
/fslarge/scratch/users/h61084/codes/adaptime/outputs/adaptime/adaptations/ridge/univariate/MetroPT-3/5T/short/run_0/model/model_manifest.json
TIME run allocation action=new run=/fslarge/scratch/users/h61084/codes/adaptime/outputs/adaptime/adaptations/ridge/univariate/MetroPT-3/5T/medium/run_0 launch_id=selena_adaptime_3227291 slurm_job_id=3227291 launched_at=2026-09-08T19:52:45.484822+00:00
/fslarge/scratch/users/h61084/codes/adaptime/outputs/adaptime/adaptations/ridge/univariate/MetroPT-3/5T/medium/run_0/model/model_manifest.json
TIME run allocation action=new run=/fslarge/scratch/users/h61084/codes/adaptime/outputs/adaptime/adaptations/ridge/univariate/MetroPT-3/5T/long/run_0 launch_id=selena_adaptime_3227291 slurm_job_id=3227291 launched_at=2026-09-08T19:52:45.525372+00:00
/fslarge/scratch/users/h61084/codes/adaptime/outputs/adaptime/adaptations/ridge/univariate/MetroPT-3/5T/long/run_0/model/model_manifest.json
TIME run allocation action=new run=/fslarge/scratch/users/h61084/codes/adaptime/outputs/adaptime/eval_extractions/ridge/univariate/Water_Quality_Darwin/15T/short/run_0 launch_id=selena_adaptime_3227291 slurm_job_id=3227291 launched_at=2026-09-08T19:52:45.574644+00:00
