2026-09-16 13:45:57 | workflow adaptime started launch_id=selena_adaptime_unified_20260916T114518Z_9070_tsrag task=tsrag_pipeline slurm_job_id=3447349 slurm_array_job_id=none slurm_array_task_id=none
2026-09-16 13:45:57 | stage pipeline started
2026-09-16 13:45:57 | task TIME-wide Adaptime method=tsrag stage=pipeline started
TIME run allocation action=skip run=/fslarge/scratch/users/h61084/codes/adaptime/outputs/adaptime/extractions/tsrag/univariate/Water_Quality_Darwin/15T/short/run_0 source_launch=selena_adaptime_unified_20260916T080019Z_10942_tsrag launch_id=selena_adaptime_unified_20260916T114518Z_9070_tsrag slurm_job_id=3447349 launched_at=2026-09-16T11:46:30.036508+00:00
/fslarge/scratch/users/h61084/codes/adaptime/outputs/adaptime/extractions/tsrag/univariate/Water_Quality_Darwin/15T/short/run_0/extraction/manifest.json
TIME run allocation action=skip run=/fslarge/scratch/users/h61084/codes/adaptime/outputs/adaptime/extractions/tsrag/univariate/Water_Quality_Darwin/15T/medium/run_0 source_launch=selena_adaptime_unified_20260916T080019Z_10942_tsrag launch_id=selena_adaptime_unified_20260916T114518Z_9070_tsrag slurm_job_id=3447349 launched_at=2026-09-16T11:46:30.044782+00:00
/fslarge/scratch/users/h61084/codes/adaptime/outputs/adaptime/extractions/tsrag/univariate/Water_Quality_Darwin/15T/medium/run_0/extraction/manifest.json
TIME run allocation action=skip run=/fslarge/scratch/users/h61084/codes/adaptime/outputs/adaptime/extractions/tsrag/univariate/Water_Quality_Darwin/15T/long/run_0 source_launch=selena_adaptime_unified_20260916T080019Z_10942_tsrag launch_id=selena_adaptime_unified_20260916T114518Z_9070_tsrag slurm_job_id=3447349 launched_at=2026-09-16T11:46:30.053050+00:00
/fslarge/scratch/users/h61084/codes/adaptime/outputs/adaptime/extractions/tsrag/univariate/Water_Quality_Darwin/15T/long/run_0/extraction/manifest.json
TIME run allocation action=skip run=/fslarge/scratch/users/h61084/codes/adaptime/outputs/adaptime/extractions/tsrag/univariate/current_velocity/5T/short/run_0 source_launch=selena_adaptime_unified_20260916T080019Z_10942_tsrag launch_id=selena_adaptime_unified_20260916T114518Z_9070_tsrag slurm_job_id=3447349 launched_at=2026-09-16T11:46:30.061305+00:00
/fslarge/scratch/users/h61084/codes/adaptime/outputs/adaptime/extractions/tsrag/univariate/current_velocity/5T/short/run_0/extraction/manifest.json
TIME run allocation action=skip run=/fslarge/scratch/users/h61084/codes/adaptime/outputs/adaptime/extractions/tsrag/univariate/current_velocity/5T/medium/run_0 source_launch=selena_adaptime_unified_20260916T080019Z_10942_tsrag launch_id=selena_adaptime_unified_20260916T114518Z_9070_tsrag slurm_job_id=3447349 launched_at=2026-09-16T11:46:30.069184+00:00
/fslarge/scratch/users/h61084/codes/adaptime/outputs/adaptime/extractions/tsrag/univariate/current_velocity/5T/medium/run_0/extraction/manifest.json
TIME run allocation action=skip run=/fslarge/scratch/users/h61084/codes/adaptime/outputs/adaptime/extractions/tsrag/univariate/current_velocity/5T/long/run_0 source_launch=selena_adaptime_unified_20260916T080019Z_10942_tsrag launch_id=selena_adaptime_unified_20260916T114518Z_9070_tsrag slurm_job_id=3447349 launched_at=2026-09-16T11:46:30.077019+00:00
/fslarge/scratch/users/h61084/codes/adaptime/outputs/adaptime/extractions/tsrag/univariate/current_velocity/5T/long/run_0/extraction/manifest.json
TIME run allocation action=skip run=/fslarge/scratch/users/h61084/codes/adaptime/outputs/adaptime/extractions/tsrag/univariate/current_velocity/10T/short/run_0 source_launch=selena_adaptime_unified_20260916T080019Z_10942_tsrag launch_id=selena_adaptime_unified_20260916T114518Z_9070_tsrag slurm_job_id=3447349 launched_at=2026-09-16T11:46:30.085016+00:00
/fslarge/scratch/users/h61084/codes/adaptime/outputs/adaptime/extractions/tsrag/univariate/current_velocity/10T/short/run_0/extraction/manifest.json
TIME run allocation action=skip run=/fslarge/scratch/users/h61084/codes/adaptime/outputs/adaptime/extractions/tsrag/univariate/current_velocity/10T/medium/run_0 source_launch=selena_adaptime_unified_20260916T080019Z_10942_tsrag launch_id=selena_adaptime_unified_20260916T114518Z_9070_tsrag slurm_job_id=3447349 launched_at=2026-09-16T11:46:30.092653+00:00
/fslarge/scratch/users/h61084/codes/adaptime/outputs/adaptime/extractions/tsrag/univariate/current_velocity/10T/medium/run_0/extraction/manifest.json
TIME run allocation action=skip run=/fslarge/scratch/users/h61084/codes/adaptime/outputs/adaptime/extractions/tsrag/univariate/current_velocity/10T/long/run_0 source_launch=selena_adaptime_unified_20260916T080019Z_10942_tsrag launch_id=selena_adaptime_unified_20260916T114518Z_9070_tsrag slurm_job_id=3447349 launched_at=2026-09-16T11:46:30.100691+00:00
/fslarge/scratch/users/h61084/codes/adaptime/outputs/adaptime/extractions/tsrag/univariate/current_velocity/10T/long/run_0/extraction/manifest.json
TIME run allocation action=skip run=/fslarge/scratch/users/h61084/codes/adaptime/outputs/adaptime/extractions/tsrag/univariate/current_velocity/15T/short/run_0 source_launch=selena_adaptime_unified_20260916T080019Z_10942_tsrag launch_id=selena_adaptime_unified_20260916T114518Z_9070_tsrag slurm_job_id=3447349 launched_at=2026-09-16T11:46:30.108396+00:00
/fslarge/scratch/users/h61084/codes/adaptime/outputs/adaptime/extractions/tsrag/univariate/current_velocity/15T/short/run_0/extraction/manifest.json
TIME run allocation action=skip run=/fslarge/scratch/users/h61084/codes/adaptime/outputs/adaptime/extractions/tsrag/univariate/current_velocity/15T/medium/run_0 source_launch=selena_adaptime_unified_20260916T080019Z_10942_tsrag launch_id=selena_adaptime_unified_20260916T114518Z_9070_tsrag slurm_job_id=3447349 launched_at=2026-09-16T11:46:30.116217+00:00
/fslarge/scratch/users/h61084/codes/adaptime/outputs/adaptime/extractions/tsrag/univariate/current_velocity/15T/medium/run_0/extraction/manifest.json
TIME run allocation action=skip run=/fslarge/scratch/users/h61084/codes/adaptime/outputs/adaptime/extractions/tsrag/univariate/current_velocity/15T/long/run_0 source_launch=selena_adaptime_unified_20260916T080019Z_10942_tsrag launch_id=selena_adaptime_unified_20260916T114518Z_9070_tsrag slurm_job_id=3447349 launched_at=2026-09-16T11:46:30.124042+00:00
/fslarge/scratch/users/h61084/codes/adaptime/outputs/adaptime/extractions/tsrag/univariate/current_velocity/15T/long/run_0/extraction/manifest.json
TIME run allocation action=skip run=/fslarge/scratch/users/h61084/codes/adaptime/outputs/adaptime/extractions/tsrag/univariate/current_velocity/H/short/run_0 source_launch=selena_adaptime_unified_20260916T080019Z_10942_tsrag launch_id=selena_adaptime_unified_20260916T114518Z_9070_tsrag slurm_job_id=3447349 launched_at=2026-09-16T11:46:30.132116+00:00
/fslarge/scratch/users/h61084/codes/adaptime/outputs/adaptime/extractions/tsrag/univariate/current_velocity/H/short/run_0/extraction/manifest.json
TIME run allocation action=skip run=/fslarge/scratch/users/h61084/codes/adaptime/outputs/adaptime/extractions/tsrag/univariate/current_velocity/H/medium/run_0 source_launch=selena_adaptime_unified_20260916T080019Z_10942_tsrag launch_id=selena_adaptime_unified_20260916T114518Z_9070_tsrag slurm_job_id=3447349 launched_at=2026-09-16T11:46:30.140006+00:00
/fslarge/scratch/users/h61084/codes/adaptime/outputs/adaptime/extractions/tsrag/univariate/current_velocity/H/medium/run_0/extraction/manifest.json
TIME run allocation action=skip run=/fslarge/scratch/users/h61084/codes/adaptime/outputs/adaptime/extractions/tsrag/univariate/current_velocity/H/long/run_0 source_launch=selena_adaptime_unified_20260916T080019Z_10942_tsrag launch_id=selena_adaptime_unified_20260916T114518Z_9070_tsrag slurm_job_id=3447349 launched_at=2026-09-16T11:46:30.147577+00:00
/fslarge/scratch/users/h61084/codes/adaptime/outputs/adaptime/extractions/tsrag/univariate/current_velocity/H/long/run_0/extraction/manifest.json
TIME run allocation action=skip run=/fslarge/scratch/users/h61084/codes/adaptime/outputs/adaptime/extractions/tsrag/univariate/CPHL/15T/short/run_0 source_launch=selena_adaptime_unified_20260916T080019Z_10942_tsrag launch_id=selena_adaptime_unified_20260916T114518Z_9070_tsrag slurm_job_id=3447349 launched_at=2026-09-16T11:46:30.155604+00:00
/fslarge/scratch/users/h61084/codes/adaptime/outputs/adaptime/extractions/tsrag/univariate/CPHL/15T/short/run_0/extraction/manifest.json
TIME run allocation action=skip run=/fslarge/scratch/users/h61084/codes/adaptime/outputs/adaptime/extractions/tsrag/univariate/CPHL/15T/medium/run_0 source_launch=selena_adaptime_unified_20260916T080019Z_10942_tsrag launch_id=selena_adaptime_unified_20260916T114518Z_9070_tsrag slurm_job_id=3447349 launched_at=2026-09-16T11:46:30.163447+00:00
/fslarge/scratch/users/h61084/codes/adaptime/outputs/adaptime/extractions/tsrag/univariate/CPHL/15T/medium/run_0/extraction/manifest.json
TIME run allocation action=skip run=/fslarge/scratch/users/h61084/codes/adaptime/outputs/adaptime/extractions/tsrag/univariate/CPHL/15T/long/run_0 source_launch=selena_adaptime_unified_20260916T080019Z_10942_tsrag launch_id=selena_adaptime_unified_20260916T114518Z_9070_tsrag slurm_job_id=3447349 launched_at=2026-09-16T11:46:30.171343+00:00
/fslarge/scratch/users/h61084/codes/adaptime/outputs/adaptime/extractions/tsrag/univariate/CPHL/15T/long/run_0/extraction/manifest.json
TIME run allocation action=skip run=/fslarge/scratch/users/h61084/codes/adaptime/outputs/adaptime/extractions/tsrag/univariate/CPHL/30T/short/run_0 source_launch=selena_adaptime_unified_20260916T080019Z_10942_tsrag launch_id=selena_adaptime_unified_20260916T114518Z_9070_tsrag slurm_job_id=3447349 launched_at=2026-09-16T11:46:30.179291+00:00
/fslarge/scratch/users/h61084/codes/adaptime/outputs/adaptime/extractions/tsrag/univariate/CPHL/30T/short/run_0/extraction/manifest.json
TIME run allocation action=skip run=/fslarge/scratch/users/h61084/codes/adaptime/outputs/adaptime/extractions/tsrag/univariate/CPHL/30T/medium/run_0 source_launch=selena_adaptime_unified_20260916T080019Z_10942_tsrag launch_id=selena_adaptime_unified_20260916T114518Z_9070_tsrag slurm_job_id=3447349 launched_at=2026-09-16T11:46:30.186762+00:00
/fslarge/scratch/users/h61084/codes/adaptime/outputs/adaptime/extractions/tsrag/univariate/CPHL/30T/medium/run_0/extraction/manifest.json
TIME run allocation action=skip run=/fslarge/scratch/users/h61084/codes/adaptime/outputs/adaptime/extractions/tsrag/univariate/CPHL/30T/long/run_0 source_launch=selena_adaptime_unified_20260916T080019Z_10942_tsrag launch_id=selena_adaptime_unified_20260916T114518Z_9070_tsrag slurm_job_id=3447349 launched_at=2026-09-16T11:46:30.194402+00:00
/fslarge/scratch/users/h61084/codes/adaptime/outputs/adaptime/extractions/tsrag/univariate/CPHL/30T/long/run_0/extraction/manifest.json
TIME run allocation action=skip run=/fslarge/scratch/users/h61084/codes/adaptime/outputs/adaptime/extractions/tsrag/univariate/CPHL/H/short/run_0 source_launch=selena_adaptime_unified_20260916T080019Z_10942_tsrag launch_id=selena_adaptime_unified_20260916T114518Z_9070_tsrag slurm_job_id=3447349 launched_at=2026-09-16T11:46:30.202139+00:00
/fslarge/scratch/users/h61084/codes/adaptime/outputs/adaptime/extractions/tsrag/univariate/CPHL/H/short/run_0/extraction/manifest.json
TIME run allocation action=skip run=/fslarge/scratch/users/h61084/codes/adaptime/outputs/adaptime/extractions/tsrag/univariate/CPHL/H/medium/run_0 source_launch=selena_adaptime_unified_20260916T080019Z_10942_tsrag launch_id=selena_adaptime_unified_20260916T114518Z_9070_tsrag slurm_job_id=3447349 launched_at=2026-09-16T11:46:30.209669+00:00
/fslarge/scratch/users/h61084/codes/adaptime/outputs/adaptime/extractions/tsrag/univariate/CPHL/H/medium/run_0/extraction/manifest.json
TIME run allocation action=skip run=/fslarge/scratch/users/h61084/codes/adaptime/outputs/adaptime/extractions/tsrag/univariate/CPHL/H/long/run_0 source_launch=selena_adaptime_unified_20260916T080019Z_10942_tsrag launch_id=selena_adaptime_unified_20260916T114518Z_9070_tsrag slurm_job_id=3447349 launched_at=2026-09-16T11:46:30.217640+00:00
/fslarge/scratch/users/h61084/codes/adaptime/outputs/adaptime/extractions/tsrag/univariate/CPHL/H/long/run_0/extraction/manifest.json
TIME run allocation action=skip run=/fslarge/scratch/users/h61084/codes/adaptime/outputs/adaptime/extractions/tsrag/univariate/Coastal_T_S/15T/short/run_0 source_launch=selena_adaptime_unified_20260916T080019Z_10942_tsrag launch_id=selena_adaptime_unified_20260916T114518Z_9070_tsrag slurm_job_id=3447349 launched_at=2026-09-16T11:46:30.225661+00:00
/fslarge/scratch/users/h61084/codes/adaptime/outputs/adaptime/extractions/tsrag/univariate/Coastal_T_S/15T/short/run_0/extraction/manifest.json
TIME run allocation action=skip run=/fslarge/scratch/users/h61084/codes/adaptime/outputs/adaptime/extractions/tsrag/univariate/Coastal_T_S/15T/medium/run_0 source_launch=selena_adaptime_unified_20260916T080019Z_10942_tsrag launch_id=selena_adaptime_unified_20260916T114518Z_9070_tsrag slurm_job_id=3447349 launched_at=2026-09-16T11:46:30.233093+00:00
/fslarge/scratch/users/h61084/codes/adaptime/outputs/adaptime/extractions/tsrag/univariate/Coastal_T_S/15T/medium/run_0/extraction/manifest.json
TIME run allocation action=skip run=/fslarge/scratch/users/h61084/codes/adaptime/outputs/adaptime/extractions/tsrag/univariate/Coastal_T_S/15T/long/run_0 source_launch=selena_adaptime_unified_20260916T080019Z_10942_tsrag launch_id=selena_adaptime_unified_20260916T114518Z_9070_tsrag slurm_job_id=3447349 launched_at=2026-09-16T11:46:30.240799+00:00
/fslarge/scratch/users/h61084/codes/adaptime/outputs/adaptime/extractions/tsrag/univariate/Coastal_T_S/15T/long/run_0/extraction/manifest.json
TIME run allocation action=skip run=/fslarge/scratch/users/h61084/codes/adaptime/outputs/adaptime/extractions/tsrag/univariate/Coastal_T_S/20T/short/run_0 source_launch=selena_adaptime_unified_20260916T080019Z_10942_tsrag launch_id=selena_adaptime_unified_20260916T114518Z_9070_tsrag slurm_job_id=3447349 launched_at=2026-09-16T11:46:30.248832+00:00
/fslarge/scratch/users/h61084/codes/adaptime/outputs/adaptime/extractions/tsrag/univariate/Coastal_T_S/20T/short/run_0/extraction/manifest.json
TIME run allocation action=skip run=/fslarge/scratch/users/h61084/codes/adaptime/outputs/adaptime/extractions/tsrag/univariate/Coastal_T_S/20T/medium/run_0 source_launch=selena_adaptime_unified_20260916T080019Z_10942_tsrag launch_id=selena_adaptime_unified_20260916T114518Z_9070_tsrag slurm_job_id=3447349 launched_at=2026-09-16T11:46:30.256669+00:00
/fslarge/scratch/users/h61084/codes/adaptime/outputs/adaptime/extractions/tsrag/univariate/Coastal_T_S/20T/medium/run_0/extraction/manifest.json
TIME run allocation action=skip run=/fslarge/scratch/users/h61084/codes/adaptime/outputs/adaptime/extractions/tsrag/univariate/Coastal_T_S/20T/long/run_0 source_launch=selena_adaptime_unified_20260916T080019Z_10942_tsrag launch_id=selena_adaptime_unified_20260916T114518Z_9070_tsrag slurm_job_id=3447349 launched_at=2026-09-16T11:46:30.264146+00:00
/fslarge/scratch/users/h61084/codes/adaptime/outputs/adaptime/extractions/tsrag/univariate/Coastal_T_S/20T/long/run_0/extraction/manifest.json
TIME run allocation action=skip run=/fslarge/scratch/users/h61084/codes/adaptime/outputs/adaptime/extractions/tsrag/univariate/Coastal_T_S/H/short/run_0 source_launch=selena_adaptime_unified_20260916T080019Z_10942_tsrag launch_id=selena_adaptime_unified_20260916T114518Z_9070_tsrag slurm_job_id=3447349 launched_at=2026-09-16T11:46:30.271738+00:00
/fslarge/scratch/users/h61084/codes/adaptime/outputs/adaptime/extractions/tsrag/univariate/Coastal_T_S/H/short/run_0/extraction/manifest.json
TIME run allocation action=skip run=/fslarge/scratch/users/h61084/codes/adaptime/outputs/adaptime/extractions/tsrag/univariate/Coastal_T_S/H/medium/run_0 source_launch=selena_adaptime_unified_20260916T080019Z_10942_tsrag launch_id=selena_adaptime_unified_20260916T114518Z_9070_tsrag slurm_job_id=3447349 launched_at=2026-09-16T11:46:30.279376+00:00
/fslarge/scratch/users/h61084/codes/adaptime/outputs/adaptime/extractions/tsrag/univariate/Coastal_T_S/H/medium/run_0/extraction/manifest.json
TIME run allocation action=skip run=/fslarge/scratch/users/h61084/codes/adaptime/outputs/adaptime/extractions/tsrag/univariate/Coastal_T_S/H/long/run_0 source_launch=selena_adaptime_unified_20260916T080019Z_10942_tsrag launch_id=selena_adaptime_unified_20260916T114518Z_9070_tsrag slurm_job_id=3447349 launched_at=2026-09-16T11:46:30.287087+00:00
/fslarge/scratch/users/h61084/codes/adaptime/outputs/adaptime/extractions/tsrag/univariate/Coastal_T_S/H/long/run_0/extraction/manifest.json
TIME run allocation action=skip run=/fslarge/scratch/users/h61084/codes/adaptime/outputs/adaptime/extractions/tsrag/univariate/SG_Weather/D/short/run_0 source_launch=selena_adaptime_unified_20260916T080019Z_10942_tsrag launch_id=selena_adaptime_unified_20260916T114518Z_9070_tsrag slurm_job_id=3447349 launched_at=2026-09-16T11:46:30.295205+00:00
/fslarge/scratch/users/h61084/codes/adaptime/outputs/adaptime/extractions/tsrag/univariate/SG_Weather/D/short/run_0/extraction/manifest.json
TIME run allocation action=skip run=/fslarge/scratch/users/h61084/codes/adaptime/outputs/adaptime/extractions/tsrag/univariate/SG_Weather/D/medium/run_0 source_launch=selena_adaptime_unified_20260916T080019Z_10942_tsrag launch_id=selena_adaptime_unified_20260916T114518Z_9070_tsrag slurm_job_id=3447349 launched_at=2026-09-16T11:46:30.302848+00:00
/fslarge/scratch/users/h61084/codes/adaptime/outputs/adaptime/extractions/tsrag/univariate/SG_Weather/D/medium/run_0/extraction/manifest.json
TIME run allocation action=skip run=/fslarge/scratch/users/h61084/codes/adaptime/outputs/adaptime/extractions/tsrag/univariate/SG_Weather/D/long/run_0 source_launch=selena_adaptime_unified_20260916T080019Z_10942_tsrag launch_id=selena_adaptime_unified_20260916T114518Z_9070_tsrag slurm_job_id=3447349 launched_at=2026-09-16T11:46:30.310718+00:00
/fslarge/scratch/users/h61084/codes/adaptime/outputs/adaptime/extractions/tsrag/univariate/SG_Weather/D/long/run_0/extraction/manifest.json
TIME run allocation action=skip run=/fslarge/scratch/users/h61084/codes/adaptime/outputs/adaptime/extractions/tsrag/univariate/SG_PM25/H/short/run_0 source_launch=selena_adaptime_unified_20260916T080019Z_10942_tsrag launch_id=selena_adaptime_unified_20260916T114518Z_9070_tsrag slurm_job_id=3447349 launched_at=2026-09-16T11:46:30.318834+00:00
/fslarge/scratch/users/h61084/codes/adaptime/outputs/adaptime/extractions/tsrag/univariate/SG_PM25/H/short/run_0/extraction/manifest.json
TIME run allocation action=skip run=/fslarge/scratch/users/h61084/codes/adaptime/outputs/adaptime/extractions/tsrag/univariate/SG_PM25/H/medium/run_0 source_launch=selena_adaptime_unified_20260916T080019Z_10942_tsrag launch_id=selena_adaptime_unified_20260916T114518Z_9070_tsrag slurm_job_id=3447349 launched_at=2026-09-16T11:46:30.326427+00:00
/fslarge/scratch/users/h61084/codes/adaptime/outputs/adaptime/extractions/tsrag/univariate/SG_PM25/H/medium/run_0/extraction/manifest.json
TIME run allocation action=skip run=/fslarge/scratch/users/h61084/codes/adaptime/outputs/adaptime/extractions/tsrag/univariate/SG_PM25/H/long/run_0 source_launch=selena_adaptime_unified_20260916T080019Z_10942_tsrag launch_id=selena_adaptime_unified_20260916T114518Z_9070_tsrag slurm_job_id=3447349 launched_at=2026-09-16T11:46:30.334302+00:00
/fslarge/scratch/users/h61084/codes/adaptime/outputs/adaptime/extractions/tsrag/univariate/SG_PM25/H/long/run_0/extraction/manifest.json
TIME run allocation action=skip run=/fslarge/scratch/users/h61084/codes/adaptime/outputs/adaptime/extractions/tsrag/univariate/NE_China_Wind/H/short/run_0 source_launch=selena_adaptime_unified_20260916T080019Z_10942_tsrag launch_id=selena_adaptime_unified_20260916T114518Z_9070_tsrag slurm_job_id=3447349 launched_at=2026-09-16T11:46:30.342244+00:00
/fslarge/scratch/users/h61084/codes/adaptime/outputs/adaptime/extractions/tsrag/univariate/NE_China_Wind/H/short/run_0/extraction/manifest.json
TIME run allocation action=skip run=/fslarge/scratch/users/h61084/codes/adaptime/outputs/adaptime/extractions/tsrag/univariate/NE_China_Wind/H/medium/run_0 source_launch=selena_adaptime_unified_20260916T080019Z_10942_tsrag launch_id=selena_adaptime_unified_20260916T114518Z_9070_tsrag slurm_job_id=3447349 launched_at=2026-09-16T11:46:30.349774+00:00
/fslarge/scratch/users/h61084/codes/adaptime/outputs/adaptime/extractions/tsrag/univariate/NE_China_Wind/H/medium/run_0/extraction/manifest.json
TIME run allocation action=skip run=/fslarge/scratch/users/h61084/codes/adaptime/outputs/adaptime/extractions/tsrag/univariate/NE_China_Wind/H/long/run_0 source_launch=selena_adaptime_unified_20260916T080019Z_10942_tsrag launch_id=selena_adaptime_unified_20260916T114518Z_9070_tsrag slurm_job_id=3447349 launched_at=2026-09-16T11:46:30.357529+00:00
/fslarge/scratch/users/h61084/codes/adaptime/outputs/adaptime/extractions/tsrag/univariate/NE_China_Wind/H/long/run_0/extraction/manifest.json
TIME run allocation action=skip run=/fslarge/scratch/users/h61084/codes/adaptime/outputs/adaptime/extractions/tsrag/univariate/Australia_Solar/H/short/run_0 source_launch=selena_adaptime_unified_20260916T080019Z_10942_tsrag launch_id=selena_adaptime_unified_20260916T114518Z_9070_tsrag slurm_job_id=3447349 launched_at=2026-09-16T11:46:30.365422+00:00
/fslarge/scratch/users/h61084/codes/adaptime/outputs/adaptime/extractions/tsrag/univariate/Australia_Solar/H/short/run_0/extraction/manifest.json
TIME run allocation action=skip run=/fslarge/scratch/users/h61084/codes/adaptime/outputs/adaptime/extractions/tsrag/univariate/Australia_Solar/H/medium/run_0 source_launch=selena_adaptime_unified_20260916T080019Z_10942_tsrag launch_id=selena_adaptime_unified_20260916T114518Z_9070_tsrag slurm_job_id=3447349 launched_at=2026-09-16T11:46:30.373298+00:00
/fslarge/scratch/users/h61084/codes/adaptime/outputs/adaptime/extractions/tsrag/univariate/Australia_Solar/H/medium/run_0/extraction/manifest.json
TIME run allocation action=skip run=/fslarge/scratch/users/h61084/codes/adaptime/outputs/adaptime/extractions/tsrag/univariate/Australia_Solar/H/long/run_0 source_launch=selena_adaptime_unified_20260916T080019Z_10942_tsrag launch_id=selena_adaptime_unified_20260916T114518Z_9070_tsrag slurm_job_id=3447349 launched_at=2026-09-16T11:46:30.382859+00:00
/fslarge/scratch/users/h61084/codes/adaptime/outputs/adaptime/extractions/tsrag/univariate/Australia_Solar/H/long/run_0/extraction/manifest.json
TIME run allocation action=skip run=/fslarge/scratch/users/h61084/codes/adaptime/outputs/adaptime/extractions/tsrag/univariate/epf_electricity_price/H/short/run_0 source_launch=selena_adaptime_unified_20260916T080019Z_10942_tsrag launch_id=selena_adaptime_unified_20260916T114518Z_9070_tsrag slurm_job_id=3447349 launched_at=2026-09-16T11:46:30.391114+00:00
/fslarge/scratch/users/h61084/codes/adaptime/outputs/adaptime/extractions/tsrag/univariate/epf_electricity_price/H/short/run_0/extraction/manifest.json
TIME run allocation action=skip run=/fslarge/scratch/users/h61084/codes/adaptime/outputs/adaptime/extractions/tsrag/univariate/epf_electricity_price/H/medium/run_0 source_launch=selena_adaptime_unified_20260916T080019Z_10942_tsrag launch_id=selena_adaptime_unified_20260916T114518Z_9070_tsrag slurm_job_id=3447349 launched_at=2026-09-16T11:46:30.398915+00:00
/fslarge/scratch/users/h61084/codes/adaptime/outputs/adaptime/extractions/tsrag/univariate/epf_electricity_price/H/medium/run_0/extraction/manifest.json
TIME run allocation action=skip run=/fslarge/scratch/users/h61084/codes/adaptime/outputs/adaptime/extractions/tsrag/univariate/epf_electricity_price/H/long/run_0 source_launch=selena_adaptime_unified_20260916T080019Z_10942_tsrag launch_id=selena_adaptime_unified_20260916T114518Z_9070_tsrag slurm_job_id=3447349 launched_at=2026-09-16T11:46:30.406756+00:00
/fslarge/scratch/users/h61084/codes/adaptime/outputs/adaptime/extractions/tsrag/univariate/epf_electricity_price/H/long/run_0/extraction/manifest.json
TIME run allocation action=skip run=/fslarge/scratch/users/h61084/codes/adaptime/outputs/adaptime/extractions/tsrag/univariate/OpenElectricity_NEM/5T/short/run_0 source_launch=selena_adaptime_unified_20260916T080019Z_10942_tsrag launch_id=selena_adaptime_unified_20260916T114518Z_9070_tsrag slurm_job_id=3447349 launched_at=2026-09-16T11:46:30.415013+00:00
/fslarge/scratch/users/h61084/codes/adaptime/outputs/adaptime/extractions/tsrag/univariate/OpenElectricity_NEM/5T/short/run_0/extraction/manifest.json
TIME run allocation action=skip run=/fslarge/scratch/users/h61084/codes/adaptime/outputs/adaptime/extractions/tsrag/univariate/OpenElectricity_NEM/5T/medium/run_0 source_launch=selena_adaptime_unified_20260916T080019Z_10942_tsrag launch_id=selena_adaptime_unified_20260916T114518Z_9070_tsrag slurm_job_id=3447349 launched_at=2026-09-16T11:46:30.422635+00:00
/fslarge/scratch/users/h61084/codes/adaptime/outputs/adaptime/extractions/tsrag/univariate/OpenElectricity_NEM/5T/medium/run_0/extraction/manifest.json
TIME run allocation action=skip run=/fslarge/scratch/users/h61084/codes/adaptime/outputs/adaptime/extractions/tsrag/univariate/OpenElectricity_NEM/5T/long/run_0 source_launch=selena_adaptime_unified_20260916T080019Z_10942_tsrag launch_id=selena_adaptime_unified_20260916T114518Z_9070_tsrag slurm_job_id=3447349 launched_at=2026-09-16T11:46:30.430419+00:00
/fslarge/scratch/users/h61084/codes/adaptime/outputs/adaptime/extractions/tsrag/univariate/OpenElectricity_NEM/5T/long/run_0/extraction/manifest.json
TIME run allocation action=skip run=/fslarge/scratch/users/h61084/codes/adaptime/outputs/adaptime/extractions/tsrag/univariate/EWELD_Load/15T/short/run_0 source_launch=selena_adaptime_unified_20260916T080019Z_10942_tsrag launch_id=selena_adaptime_unified_20260916T114518Z_9070_tsrag slurm_job_id=3447349 launched_at=2026-09-16T11:46:30.438428+00:00
/fslarge/scratch/users/h61084/codes/adaptime/outputs/adaptime/extractions/tsrag/univariate/EWELD_Load/15T/short/run_0/extraction/manifest.json
TIME run allocation action=skip run=/fslarge/scratch/users/h61084/codes/adaptime/outputs/adaptime/extractions/tsrag/univariate/EWELD_Load/15T/medium/run_0 source_launch=selena_adaptime_unified_20260916T080019Z_10942_tsrag launch_id=selena_adaptime_unified_20260916T114518Z_9070_tsrag slurm_job_id=3447349 launched_at=2026-09-16T11:46:30.446193+00:00
/fslarge/scratch/users/h61084/codes/adaptime/outputs/adaptime/extractions/tsrag/univariate/EWELD_Load/15T/medium/run_0/extraction/manifest.json
TIME run allocation action=skip run=/fslarge/scratch/users/h61084/codes/adaptime/outputs/adaptime/extractions/tsrag/univariate/EWELD_Load/15T/long/run_0 source_launch=selena_adaptime_unified_20260916T080019Z_10942_tsrag launch_id=selena_adaptime_unified_20260916T114518Z_9070_tsrag slurm_job_id=3447349 launched_at=2026-09-16T11:46:30.453761+00:00
/fslarge/scratch/users/h61084/codes/adaptime/outputs/adaptime/extractions/tsrag/univariate/EWELD_Load/15T/long/run_0/extraction/manifest.json
TIME run allocation action=skip run=/fslarge/scratch/users/h61084/codes/adaptime/outputs/adaptime/extractions/tsrag/univariate/SG_Carpark/15T/short/run_0 source_launch=selena_adaptime_unified_20260916T080019Z_10942_tsrag launch_id=selena_adaptime_unified_20260916T114518Z_9070_tsrag slurm_job_id=3447349 launched_at=2026-09-16T11:46:30.461852+00:00
/fslarge/scratch/users/h61084/codes/adaptime/outputs/adaptime/extractions/tsrag/univariate/SG_Carpark/15T/short/run_0/extraction/manifest.json
TIME run allocation action=skip run=/fslarge/scratch/users/h61084/codes/adaptime/outputs/adaptime/extractions/tsrag/univariate/SG_Carpark/15T/medium/run_0 source_launch=selena_adaptime_unified_20260916T080019Z_10942_tsrag launch_id=selena_adaptime_unified_20260916T114518Z_9070_tsrag slurm_job_id=3447349 launched_at=2026-09-16T11:46:30.469643+00:00
/fslarge/scratch/users/h61084/codes/adaptime/outputs/adaptime/extractions/tsrag/univariate/SG_Carpark/15T/medium/run_0/extraction/manifest.json
TIME run allocation action=skip run=/fslarge/scratch/users/h61084/codes/adaptime/outputs/adaptime/extractions/tsrag/univariate/SG_Carpark/15T/long/run_0 source_launch=selena_adaptime_unified_20260916T080019Z_10942_tsrag launch_id=selena_adaptime_unified_20260916T114518Z_9070_tsrag slurm_job_id=3447349 launched_at=2026-09-16T11:46:30.477316+00:00
/fslarge/scratch/users/h61084/codes/adaptime/outputs/adaptime/extractions/tsrag/univariate/SG_Carpark/15T/long/run_0/extraction/manifest.json
TIME run allocation action=skip run=/fslarge/scratch/users/h61084/codes/adaptime/outputs/adaptime/extractions/tsrag/univariate/Finland_Traffic/15T/short/run_0 source_launch=selena_adaptime_unified_20260916T080019Z_10942_tsrag launch_id=selena_adaptime_unified_20260916T114518Z_9070_tsrag slurm_job_id=3447349 launched_at=2026-09-16T11:46:30.485261+00:00
/fslarge/scratch/users/h61084/codes/adaptime/outputs/adaptime/extractions/tsrag/univariate/Finland_Traffic/15T/short/run_0/extraction/manifest.json
TIME run allocation action=skip run=/fslarge/scratch/users/h61084/codes/adaptime/outputs/adaptime/extractions/tsrag/univariate/Finland_Traffic/15T/medium/run_0 source_launch=selena_adaptime_unified_20260916T080019Z_10942_tsrag launch_id=selena_adaptime_unified_20260916T114518Z_9070_tsrag slurm_job_id=3447349 launched_at=2026-09-16T11:46:30.493201+00:00
/fslarge/scratch/users/h61084/codes/adaptime/outputs/adaptime/extractions/tsrag/univariate/Finland_Traffic/15T/medium/run_0/extraction/manifest.json
TIME run allocation action=skip run=/fslarge/scratch/users/h61084/codes/adaptime/outputs/adaptime/extractions/tsrag/univariate/Finland_Traffic/15T/long/run_0 source_launch=selena_adaptime_unified_20260916T080019Z_10942_tsrag launch_id=selena_adaptime_unified_20260916T114518Z_9070_tsrag slurm_job_id=3447349 launched_at=2026-09-16T11:46:30.501004+00:00
/fslarge/scratch/users/h61084/codes/adaptime/outputs/adaptime/extractions/tsrag/univariate/Finland_Traffic/15T/long/run_0/extraction/manifest.json
TIME run allocation action=skip run=/fslarge/scratch/users/h61084/codes/adaptime/outputs/adaptime/extractions/tsrag/univariate/Port_Activity/D/short/run_0 source_launch=selena_adaptime_unified_20260916T080019Z_10942_tsrag launch_id=selena_adaptime_unified_20260916T114518Z_9070_tsrag slurm_job_id=3447349 launched_at=2026-09-16T11:46:30.508917+00:00
/fslarge/scratch/users/h61084/codes/adaptime/outputs/adaptime/extractions/tsrag/univariate/Port_Activity/D/short/run_0/extraction/manifest.json
TIME run allocation action=skip run=/fslarge/scratch/users/h61084/codes/adaptime/outputs/adaptime/extractions/tsrag/univariate/Port_Activity/W/short/run_0 source_launch=selena_adaptime_unified_20260916T080019Z_10942_tsrag launch_id=selena_adaptime_unified_20260916T114518Z_9070_tsrag slurm_job_id=3447349 launched_at=2026-09-16T11:46:30.516533+00:00
/fslarge/scratch/users/h61084/codes/adaptime/outputs/adaptime/extractions/tsrag/univariate/Port_Activity/W/short/run_0/extraction/manifest.json
TIME run allocation action=skip run=/fslarge/scratch/users/h61084/codes/adaptime/outputs/adaptime/extractions/tsrag/univariate/ECDC_COVID/D/short/run_0 source_launch=selena_adaptime_unified_20260916T080019Z_10942_tsrag launch_id=selena_adaptime_unified_20260916T114518Z_9070_tsrag slurm_job_id=3447349 launched_at=2026-09-16T11:46:30.524351+00:00
/fslarge/scratch/users/h61084/codes/adaptime/outputs/adaptime/extractions/tsrag/univariate/ECDC_COVID/D/short/run_0/extraction/manifest.json
TIME run allocation action=skip run=/fslarge/scratch/users/h61084/codes/adaptime/outputs/adaptime/extractions/tsrag/univariate/ECDC_COVID/W/short/run_0 source_launch=selena_adaptime_unified_20260916T080019Z_10942_tsrag launch_id=selena_adaptime_unified_20260916T114518Z_9070_tsrag slurm_job_id=3447349 launched_at=2026-09-16T11:46:30.532211+00:00
/fslarge/scratch/users/h61084/codes/adaptime/outputs/adaptime/extractions/tsrag/univariate/ECDC_COVID/W/short/run_0/extraction/manifest.json
TIME run allocation action=skip run=/fslarge/scratch/users/h61084/codes/adaptime/outputs/adaptime/extractions/tsrag/univariate/Global_Influenza/W/short/run_0 source_launch=selena_adaptime_unified_20260916T080019Z_10942_tsrag launch_id=selena_adaptime_unified_20260916T114518Z_9070_tsrag slurm_job_id=3447349 launched_at=2026-09-16T11:46:30.540190+00:00
/fslarge/scratch/users/h61084/codes/adaptime/outputs/adaptime/extractions/tsrag/univariate/Global_Influenza/W/short/run_0/extraction/manifest.json
TIME run allocation action=skip run=/fslarge/scratch/users/h61084/codes/adaptime/outputs/adaptime/extractions/tsrag/univariate/Crypto/D/short/run_0 source_launch=selena_adaptime_unified_20260916T080019Z_10942_tsrag launch_id=selena_adaptime_unified_20260916T114518Z_9070_tsrag slurm_job_id=3447349 launched_at=2026-09-16T11:46:30.548192+00:00
/fslarge/scratch/users/h61084/codes/adaptime/outputs/adaptime/extractions/tsrag/univariate/Crypto/D/short/run_0/extraction/manifest.json
TIME run allocation action=skip run=/fslarge/scratch/users/h61084/codes/adaptime/outputs/adaptime/extractions/tsrag/univariate/US_Term_Structure/B/short/run_0 source_launch=selena_adaptime_unified_20260916T080019Z_10942_tsrag launch_id=selena_adaptime_unified_20260916T114518Z_9070_tsrag slurm_job_id=3447349 launched_at=2026-09-16T11:46:30.556121+00:00
/fslarge/scratch/users/h61084/codes/adaptime/outputs/adaptime/extractions/tsrag/univariate/US_Term_Structure/B/short/run_0/extraction/manifest.json
TIME run allocation action=skip run=/fslarge/scratch/users/h61084/codes/adaptime/outputs/adaptime/extractions/tsrag/univariate/Oil_Price/B/short/run_0 source_launch=selena_adaptime_unified_20260916T080019Z_10942_tsrag launch_id=selena_adaptime_unified_20260916T114518Z_9070_tsrag slurm_job_id=3447349 launched_at=2026-09-16T11:46:30.564241+00:00
/fslarge/scratch/users/h61084/codes/adaptime/outputs/adaptime/extractions/tsrag/univariate/Oil_Price/B/short/run_0/extraction/manifest.json
TIME run allocation action=skip run=/fslarge/scratch/users/h61084/codes/adaptime/outputs/adaptime/extractions/tsrag/univariate/Job_Claims/W/short/run_0 source_launch=selena_adaptime_unified_20260916T080019Z_10942_tsrag launch_id=selena_adaptime_unified_20260916T114518Z_9070_tsrag slurm_job_id=3447349 launched_at=2026-09-16T11:46:30.572204+00:00
/fslarge/scratch/users/h61084/codes/adaptime/outputs/adaptime/extractions/tsrag/univariate/Job_Claims/W/short/run_0/extraction/manifest.json
TIME run allocation action=skip run=/fslarge/scratch/users/h61084/codes/adaptime/outputs/adaptime/extractions/tsrag/univariate/Uncertainty_1M/M/short/run_0 source_launch=selena_adaptime_unified_20260916T080019Z_10942_tsrag launch_id=selena_adaptime_unified_20260916T114518Z_9070_tsrag slurm_job_id=3447349 launched_at=2026-09-16T11:46:30.580118+00:00
/fslarge/scratch/users/h61084/codes/adaptime/outputs/adaptime/extractions/tsrag/univariate/Uncertainty_1M/M/short/run_0/extraction/manifest.json
TIME run allocation action=skip run=/fslarge/scratch/users/h61084/codes/adaptime/outputs/adaptime/extractions/tsrag/univariate/Housing_Inventory/M/short/run_0 source_launch=selena_adaptime_unified_20260916T080019Z_10942_tsrag launch_id=selena_adaptime_unified_20260916T114518Z_9070_tsrag slurm_job_id=3447349 launched_at=2026-09-16T11:46:30.588105+00:00
/fslarge/scratch/users/h61084/codes/adaptime/outputs/adaptime/extractions/tsrag/univariate/Housing_Inventory/M/short/run_0/extraction/manifest.json
TIME run allocation action=skip run=/fslarge/scratch/users/h61084/codes/adaptime/outputs/adaptime/extractions/tsrag/univariate/JOLTS/M/short/run_0 source_launch=selena_adaptime_unified_20260916T080019Z_10942_tsrag launch_id=selena_adaptime_unified_20260916T114518Z_9070_tsrag slurm_job_id=3447349 launched_at=2026-09-16T11:46:30.596153+00:00
/fslarge/scratch/users/h61084/codes/adaptime/outputs/adaptime/extractions/tsrag/univariate/JOLTS/M/short/run_0/extraction/manifest.json
TIME run allocation action=skip run=/fslarge/scratch/users/h61084/codes/adaptime/outputs/adaptime/extractions/tsrag/univariate/US_Labor/M/short/run_0 source_launch=selena_adaptime_unified_20260916T080019Z_10942_tsrag launch_id=selena_adaptime_unified_20260916T114518Z_9070_tsrag slurm_job_id=3447349 launched_at=2026-09-16T11:46:30.603978+00:00
/fslarge/scratch/users/h61084/codes/adaptime/outputs/adaptime/extractions/tsrag/univariate/US_Labor/M/short/run_0/extraction/manifest.json
TIME run allocation action=skip run=/fslarge/scratch/users/h61084/codes/adaptime/outputs/adaptime/extractions/tsrag/univariate/Vehicle_Supply/M/short/run_0 source_launch=selena_adaptime_unified_20260916T080019Z_10942_tsrag launch_id=selena_adaptime_unified_20260916T114518Z_9070_tsrag slurm_job_id=3447349 launched_at=2026-09-16T11:46:30.611638+00:00
/fslarge/scratch/users/h61084/codes/adaptime/outputs/adaptime/extractions/tsrag/univariate/Vehicle_Supply/M/short/run_0/extraction/manifest.json
TIME run allocation action=skip run=/fslarge/scratch/users/h61084/codes/adaptime/outputs/adaptime/extractions/tsrag/univariate/Auto_Production_SF/M/short/run_0 source_launch=selena_adaptime_unified_20260916T080019Z_10942_tsrag launch_id=selena_adaptime_unified_20260916T114518Z_9070_tsrag slurm_job_id=3447349 launched_at=2026-09-16T11:46:30.619472+00:00
/fslarge/scratch/users/h61084/codes/adaptime/outputs/adaptime/extractions/tsrag/univariate/Auto_Production_SF/M/short/run_0/extraction/manifest.json
TIME run allocation action=skip run=/fslarge/scratch/users/h61084/codes/adaptime/outputs/adaptime/extractions/tsrag/univariate/Commodity_Production/M/short/run_0 source_launch=selena_adaptime_unified_20260916T080019Z_10942_tsrag launch_id=selena_adaptime_unified_20260916T114518Z_9070_tsrag slurm_job_id=3447349 launched_at=2026-09-16T11:46:30.627467+00:00
/fslarge/scratch/users/h61084/codes/adaptime/outputs/adaptime/extractions/tsrag/univariate/Commodity_Production/M/short/run_0/extraction/manifest.json
TIME run allocation action=skip run=/fslarge/scratch/users/h61084/codes/adaptime/outputs/adaptime/extractions/tsrag/univariate/Commodity_Import/M/short/run_0 source_launch=selena_adaptime_unified_20260916T080019Z_10942_tsrag launch_id=selena_adaptime_unified_20260916T114518Z_9070_tsrag slurm_job_id=3447349 launched_at=2026-09-16T11:46:30.635578+00:00
/fslarge/scratch/users/h61084/codes/adaptime/outputs/adaptime/extractions/tsrag/univariate/Commodity_Import/M/short/run_0/extraction/manifest.json
TIME run allocation action=skip run=/fslarge/scratch/users/h61084/codes/adaptime/outputs/adaptime/extractions/tsrag/univariate/WUI_Global/Q/short/run_0 source_launch=selena_adaptime_unified_20260916T080019Z_10942_tsrag launch_id=selena_adaptime_unified_20260916T114518Z_9070_tsrag slurm_job_id=3447349 launched_at=2026-09-16T11:46:30.643523+00:00
/fslarge/scratch/users/h61084/codes/adaptime/outputs/adaptime/extractions/tsrag/univariate/WUI_Global/Q/short/run_0/extraction/manifest.json
TIME run allocation action=skip run=/fslarge/scratch/users/h61084/codes/adaptime/outputs/adaptime/extractions/tsrag/univariate/Global_Price/Q/short/run_0 source_launch=selena_adaptime_unified_20260916T080019Z_10942_tsrag launch_id=selena_adaptime_unified_20260916T114518Z_9070_tsrag slurm_job_id=3447349 launched_at=2026-09-16T11:46:30.651593+00:00
/fslarge/scratch/users/h61084/codes/adaptime/outputs/adaptime/extractions/tsrag/univariate/Global_Price/Q/short/run_0/extraction/manifest.json
TIME run allocation action=skip run=/fslarge/scratch/users/h61084/codes/adaptime/outputs/adaptime/extractions/tsrag/univariate/Vehicle_Sales/M/short/run_0 source_launch=selena_adaptime_unified_20260916T080019Z_10942_tsrag launch_id=selena_adaptime_unified_20260916T114518Z_9070_tsrag slurm_job_id=3447349 launched_at=2026-09-16T11:46:30.659621+00:00
/fslarge/scratch/users/h61084/codes/adaptime/outputs/adaptime/extractions/tsrag/univariate/Vehicle_Sales/M/short/run_0/extraction/manifest.json
TIME run allocation action=skip run=/fslarge/scratch/users/h61084/codes/adaptime/outputs/adaptime/extractions/tsrag/univariate/Online_Retail_2_UCI/D/short/run_0 source_launch=selena_adaptime_unified_20260916T080019Z_10942_tsrag launch_id=selena_adaptime_unified_20260916T114518Z_9070_tsrag slurm_job_id=3447349 launched_at=2026-09-16T11:46:30.667497+00:00
/fslarge/scratch/users/h61084/codes/adaptime/outputs/adaptime/extractions/tsrag/univariate/Online_Retail_2_UCI/D/short/run_0/extraction/manifest.json
TIME run allocation action=skip run=/fslarge/scratch/users/h61084/codes/adaptime/outputs/adaptime/extractions/tsrag/univariate/Supply_Chain_Customer/D/short/run_0 source_launch=selena_adaptime_unified_20260916T080019Z_10942_tsrag launch_id=selena_adaptime_unified_20260916T114518Z_9070_tsrag slurm_job_id=3447349 launched_at=2026-09-16T11:46:30.675259+00:00
/fslarge/scratch/users/h61084/codes/adaptime/outputs/adaptime/extractions/tsrag/univariate/Supply_Chain_Customer/D/short/run_0/extraction/manifest.json
TIME run allocation action=skip run=/fslarge/scratch/users/h61084/codes/adaptime/outputs/adaptime/extractions/tsrag/univariate/Supply_Chain_Location/D/short/run_0 source_launch=selena_adaptime_unified_20260916T080019Z_10942_tsrag launch_id=selena_adaptime_unified_20260916T114518Z_9070_tsrag slurm_job_id=3447349 launched_at=2026-09-16T11:46:30.683217+00:00
/fslarge/scratch/users/h61084/codes/adaptime/outputs/adaptime/extractions/tsrag/univariate/Supply_Chain_Location/D/short/run_0/extraction/manifest.json
TIME run allocation action=skip run=/fslarge/scratch/users/h61084/codes/adaptime/outputs/adaptime/extractions/tsrag/univariate/azure2019_U/5T/short/run_0 source_launch=selena_adaptime_unified_20260916T080019Z_10942_tsrag launch_id=selena_adaptime_unified_20260916T114518Z_9070_tsrag slurm_job_id=3447349 launched_at=2026-09-16T11:46:30.691157+00:00
/fslarge/scratch/users/h61084/codes/adaptime/outputs/adaptime/extractions/tsrag/univariate/azure2019_U/5T/short/run_0/extraction/manifest.json
TIME run allocation action=skip run=/fslarge/scratch/users/h61084/codes/adaptime/outputs/adaptime/extractions/tsrag/univariate/Smart_Manufacturing/H/short/run_0 source_launch=selena_adaptime_unified_20260916T080019Z_10942_tsrag launch_id=selena_adaptime_unified_20260916T114518Z_9070_tsrag slurm_job_id=3447349 launched_at=2026-09-16T11:46:30.699375+00:00
/fslarge/scratch/users/h61084/codes/adaptime/outputs/adaptime/extractions/tsrag/univariate/Smart_Manufacturing/H/short/run_0/extraction/manifest.json
TIME run allocation action=skip run=/fslarge/scratch/users/h61084/codes/adaptime/outputs/adaptime/extractions/tsrag/univariate/Smart_Manufacturing/H/medium/run_0 source_launch=selena_adaptime_unified_20260916T080019Z_10942_tsrag launch_id=selena_adaptime_unified_20260916T114518Z_9070_tsrag slurm_job_id=3447349 launched_at=2026-09-16T11:46:30.707181+00:00
/fslarge/scratch/users/h61084/codes/adaptime/outputs/adaptime/extractions/tsrag/univariate/Smart_Manufacturing/H/medium/run_0/extraction/manifest.json
TIME run allocation action=skip run=/fslarge/scratch/users/h61084/codes/adaptime/outputs/adaptime/extractions/tsrag/univariate/Smart_Manufacturing/H/long/run_0 source_launch=selena_adaptime_unified_20260916T080019Z_10942_tsrag launch_id=selena_adaptime_unified_20260916T114518Z_9070_tsrag slurm_job_id=3447349 launched_at=2026-09-16T11:46:30.715010+00:00
/fslarge/scratch/users/h61084/codes/adaptime/outputs/adaptime/extractions/tsrag/univariate/Smart_Manufacturing/H/long/run_0/extraction/manifest.json
TIME run allocation action=skip run=/fslarge/scratch/users/h61084/codes/adaptime/outputs/adaptime/extractions/tsrag/univariate/MetroPT-3/5T/short/run_0 source_launch=selena_adaptime_unified_20260916T080019Z_10942_tsrag launch_id=selena_adaptime_unified_20260916T114518Z_9070_tsrag slurm_job_id=3447349 launched_at=2026-09-16T11:46:30.723320+00:00
/fslarge/scratch/users/h61084/codes/adaptime/outputs/adaptime/extractions/tsrag/univariate/MetroPT-3/5T/short/run_0/extraction/manifest.json
TIME run allocation action=skip run=/fslarge/scratch/users/h61084/codes/adaptime/outputs/adaptime/extractions/tsrag/univariate/MetroPT-3/5T/medium/run_0 source_launch=selena_adaptime_unified_20260916T080019Z_10942_tsrag launch_id=selena_adaptime_unified_20260916T114518Z_9070_tsrag slurm_job_id=3447349 launched_at=2026-09-16T11:46:30.731128+00:00
/fslarge/scratch/users/h61084/codes/adaptime/outputs/adaptime/extractions/tsrag/univariate/MetroPT-3/5T/medium/run_0/extraction/manifest.json
TIME run allocation action=skip run=/fslarge/scratch/users/h61084/codes/adaptime/outputs/adaptime/extractions/tsrag/univariate/MetroPT-3/5T/long/run_0 source_launch=selena_adaptime_unified_20260916T080019Z_10942_tsrag launch_id=selena_adaptime_unified_20260916T114518Z_9070_tsrag slurm_job_id=3447349 launched_at=2026-09-16T11:46:30.738878+00:00
/fslarge/scratch/users/h61084/codes/adaptime/outputs/adaptime/extractions/tsrag/univariate/MetroPT-3/5T/long/run_0/extraction/manifest.json
TIME run allocation action=skip run=/fslarge/scratch/users/h61084/codes/adaptime/outputs/adaptime/predictions/tsrag/univariate/Water_Quality_Darwin/15T/short/run_0 source_launch=selena_adaptime_unified_20260916T080019Z_10942_tsrag launch_id=selena_adaptime_unified_20260916T114518Z_9070_tsrag slurm_job_id=3447349 launched_at=2026-09-16T11:46:30.759199+00:00
/fslarge/scratch/users/h61084/codes/adaptime/outputs/adaptime/predictions/tsrag/univariate/Water_Quality_Darwin/15T/short/run_0/prediction/prediction_manifest.json
TIME run allocation action=skip run=/fslarge/scratch/users/h61084/codes/adaptime/outputs/adaptime/predictions/tsrag/univariate/Water_Quality_Darwin/15T/medium/run_0 source_launch=selena_adaptime_unified_20260916T080019Z_10942_tsrag launch_id=selena_adaptime_unified_20260916T114518Z_9070_tsrag slurm_job_id=3447349 launched_at=2026-09-16T11:46:30.782912+00:00
/fslarge/scratch/users/h61084/codes/adaptime/outputs/adaptime/predictions/tsrag/univariate/Water_Quality_Darwin/15T/medium/run_0/prediction/prediction_manifest.json
TIME run allocation action=skip run=/fslarge/scratch/users/h61084/codes/adaptime/outputs/adaptime/predictions/tsrag/univariate/Water_Quality_Darwin/15T/long/run_0 source_launch=selena_adaptime_unified_20260916T080019Z_10942_tsrag launch_id=selena_adaptime_unified_20260916T114518Z_9070_tsrag slurm_job_id=3447349 launched_at=2026-09-16T11:46:30.806823+00:00
/fslarge/scratch/users/h61084/codes/adaptime/outputs/adaptime/predictions/tsrag/univariate/Water_Quality_Darwin/15T/long/run_0/prediction/prediction_manifest.json
TIME run allocation action=skip run=/fslarge/scratch/users/h61084/codes/adaptime/outputs/adaptime/predictions/tsrag/univariate/current_velocity/5T/short/run_0 source_launch=selena_adaptime_unified_20260916T080019Z_10942_tsrag launch_id=selena_adaptime_unified_20260916T114518Z_9070_tsrag slurm_job_id=3447349 launched_at=2026-09-16T11:46:30.826332+00:00
/fslarge/scratch/users/h61084/codes/adaptime/outputs/adaptime/predictions/tsrag/univariate/current_velocity/5T/short/run_0/prediction/prediction_manifest.json
TIME run allocation action=skip run=/fslarge/scratch/users/h61084/codes/adaptime/outputs/adaptime/predictions/tsrag/univariate/current_velocity/5T/medium/run_0 source_launch=selena_adaptime_unified_20260916T080019Z_10942_tsrag launch_id=selena_adaptime_unified_20260916T114518Z_9070_tsrag slurm_job_id=3447349 launched_at=2026-09-16T11:46:30.849737+00:00
/fslarge/scratch/users/h61084/codes/adaptime/outputs/adaptime/predictions/tsrag/univariate/current_velocity/5T/medium/run_0/prediction/prediction_manifest.json
TIME run allocation action=skip run=/fslarge/scratch/users/h61084/codes/adaptime/outputs/adaptime/predictions/tsrag/univariate/current_velocity/5T/long/run_0 source_launch=selena_adaptime_unified_20260916T080019Z_10942_tsrag launch_id=selena_adaptime_unified_20260916T114518Z_9070_tsrag slurm_job_id=3447349 launched_at=2026-09-16T11:46:30.872217+00:00
/fslarge/scratch/users/h61084/codes/adaptime/outputs/adaptime/predictions/tsrag/univariate/current_velocity/5T/long/run_0/prediction/prediction_manifest.json
TIME run allocation action=skip run=/fslarge/scratch/users/h61084/codes/adaptime/outputs/adaptime/predictions/tsrag/univariate/current_velocity/10T/short/run_0 source_launch=selena_adaptime_unified_20260916T080019Z_10942_tsrag launch_id=selena_adaptime_unified_20260916T114518Z_9070_tsrag slurm_job_id=3447349 launched_at=2026-09-16T11:46:30.891853+00:00
/fslarge/scratch/users/h61084/codes/adaptime/outputs/adaptime/predictions/tsrag/univariate/current_velocity/10T/short/run_0/prediction/prediction_manifest.json
TIME run allocation action=skip run=/fslarge/scratch/users/h61084/codes/adaptime/outputs/adaptime/predictions/tsrag/univariate/current_velocity/10T/medium/run_0 source_launch=selena_adaptime_unified_20260916T080019Z_10942_tsrag launch_id=selena_adaptime_unified_20260916T114518Z_9070_tsrag slurm_job_id=3447349 launched_at=2026-09-16T11:46:30.911183+00:00
/fslarge/scratch/users/h61084/codes/adaptime/outputs/adaptime/predictions/tsrag/univariate/current_velocity/10T/medium/run_0/prediction/prediction_manifest.json
TIME run allocation action=skip run=/fslarge/scratch/users/h61084/codes/adaptime/outputs/adaptime/predictions/tsrag/univariate/current_velocity/10T/long/run_0 source_launch=selena_adaptime_unified_20260916T080019Z_10942_tsrag launch_id=selena_adaptime_unified_20260916T114518Z_9070_tsrag slurm_job_id=3447349 launched_at=2026-09-16T11:46:30.935143+00:00
/fslarge/scratch/users/h61084/codes/adaptime/outputs/adaptime/predictions/tsrag/univariate/current_velocity/10T/long/run_0/prediction/prediction_manifest.json
TIME run allocation action=skip run=/fslarge/scratch/users/h61084/codes/adaptime/outputs/adaptime/predictions/tsrag/univariate/current_velocity/15T/short/run_0 source_launch=selena_adaptime_unified_20260916T080019Z_10942_tsrag launch_id=selena_adaptime_unified_20260916T114518Z_9070_tsrag slurm_job_id=3447349 launched_at=2026-09-16T11:46:30.954570+00:00
/fslarge/scratch/users/h61084/codes/adaptime/outputs/adaptime/predictions/tsrag/univariate/current_velocity/15T/short/run_0/prediction/prediction_manifest.json
TIME run allocation action=skip run=/fslarge/scratch/users/h61084/codes/adaptime/outputs/adaptime/predictions/tsrag/univariate/current_velocity/15T/medium/run_0 source_launch=selena_adaptime_unified_20260916T080019Z_10942_tsrag launch_id=selena_adaptime_unified_20260916T114518Z_9070_tsrag slurm_job_id=3447349 launched_at=2026-09-16T11:46:30.974097+00:00
/fslarge/scratch/users/h61084/codes/adaptime/outputs/adaptime/predictions/tsrag/univariate/current_velocity/15T/medium/run_0/prediction/prediction_manifest.json
TIME run allocation action=skip run=/fslarge/scratch/users/h61084/codes/adaptime/outputs/adaptime/predictions/tsrag/univariate/current_velocity/15T/long/run_0 source_launch=selena_adaptime_unified_20260916T080019Z_10942_tsrag launch_id=selena_adaptime_unified_20260916T114518Z_9070_tsrag slurm_job_id=3447349 launched_at=2026-09-16T11:46:30.995126+00:00
/fslarge/scratch/users/h61084/codes/adaptime/outputs/adaptime/predictions/tsrag/univariate/current_velocity/15T/long/run_0/prediction/prediction_manifest.json
TIME run allocation action=skip run=/fslarge/scratch/users/h61084/codes/adaptime/outputs/adaptime/predictions/tsrag/univariate/current_velocity/H/short/run_0 source_launch=selena_adaptime_unified_20260916T080019Z_10942_tsrag launch_id=selena_adaptime_unified_20260916T114518Z_9070_tsrag slurm_job_id=3447349 launched_at=2026-09-16T11:46:31.030152+00:00
/fslarge/scratch/users/h61084/codes/adaptime/outputs/adaptime/predictions/tsrag/univariate/current_velocity/H/short/run_0/prediction/prediction_manifest.json
TIME run allocation action=skip run=/fslarge/scratch/users/h61084/codes/adaptime/outputs/adaptime/predictions/tsrag/univariate/current_velocity/H/medium/run_0 source_launch=selena_adaptime_unified_20260916T080019Z_10942_tsrag launch_id=selena_adaptime_unified_20260916T114518Z_9070_tsrag slurm_job_id=3447349 launched_at=2026-09-16T11:46:31.050953+00:00
/fslarge/scratch/users/h61084/codes/adaptime/outputs/adaptime/predictions/tsrag/univariate/current_velocity/H/medium/run_0/prediction/prediction_manifest.json
TIME run allocation action=skip run=/fslarge/scratch/users/h61084/codes/adaptime/outputs/adaptime/predictions/tsrag/univariate/current_velocity/H/long/run_0 source_launch=selena_adaptime_unified_20260916T080019Z_10942_tsrag launch_id=selena_adaptime_unified_20260916T114518Z_9070_tsrag slurm_job_id=3447349 launched_at=2026-09-16T11:46:31.069897+00:00
/fslarge/scratch/users/h61084/codes/adaptime/outputs/adaptime/predictions/tsrag/univariate/current_velocity/H/long/run_0/prediction/prediction_manifest.json
TIME run allocation action=skip run=/fslarge/scratch/users/h61084/codes/adaptime/outputs/adaptime/predictions/tsrag/univariate/CPHL/15T/short/run_0 source_launch=selena_adaptime_unified_20260916T080019Z_10942_tsrag launch_id=selena_adaptime_unified_20260916T114518Z_9070_tsrag slurm_job_id=3447349 launched_at=2026-09-16T11:46:31.089017+00:00
/fslarge/scratch/users/h61084/codes/adaptime/outputs/adaptime/predictions/tsrag/univariate/CPHL/15T/short/run_0/prediction/prediction_manifest.json
TIME run allocation action=skip run=/fslarge/scratch/users/h61084/codes/adaptime/outputs/adaptime/predictions/tsrag/univariate/CPHL/15T/medium/run_0 source_launch=selena_adaptime_unified_20260916T080019Z_10942_tsrag launch_id=selena_adaptime_unified_20260916T114518Z_9070_tsrag slurm_job_id=3447349 launched_at=2026-09-16T11:46:31.112253+00:00
/fslarge/scratch/users/h61084/codes/adaptime/outputs/adaptime/predictions/tsrag/univariate/CPHL/15T/medium/run_0/prediction/prediction_manifest.json
TIME run allocation action=skip run=/fslarge/scratch/users/h61084/codes/adaptime/outputs/adaptime/predictions/tsrag/univariate/CPHL/15T/long/run_0 source_launch=selena_adaptime_unified_20260916T080019Z_10942_tsrag launch_id=selena_adaptime_unified_20260916T114518Z_9070_tsrag slurm_job_id=3447349 launched_at=2026-09-16T11:46:31.136125+00:00
/fslarge/scratch/users/h61084/codes/adaptime/outputs/adaptime/predictions/tsrag/univariate/CPHL/15T/long/run_0/prediction/prediction_manifest.json
TIME run allocation action=skip run=/fslarge/scratch/users/h61084/codes/adaptime/outputs/adaptime/predictions/tsrag/univariate/CPHL/30T/short/run_0 source_launch=selena_adaptime_unified_20260916T080019Z_10942_tsrag launch_id=selena_adaptime_unified_20260916T114518Z_9070_tsrag slurm_job_id=3447349 launched_at=2026-09-16T11:46:31.155103+00:00
/fslarge/scratch/users/h61084/codes/adaptime/outputs/adaptime/predictions/tsrag/univariate/CPHL/30T/short/run_0/prediction/prediction_manifest.json
TIME run allocation action=skip run=/fslarge/scratch/users/h61084/codes/adaptime/outputs/adaptime/predictions/tsrag/univariate/CPHL/30T/medium/run_0 source_launch=selena_adaptime_unified_20260916T080019Z_10942_tsrag launch_id=selena_adaptime_unified_20260916T114518Z_9070_tsrag slurm_job_id=3447349 launched_at=2026-09-16T11:46:31.174141+00:00
/fslarge/scratch/users/h61084/codes/adaptime/outputs/adaptime/predictions/tsrag/univariate/CPHL/30T/medium/run_0/prediction/prediction_manifest.json
TIME run allocation action=skip run=/fslarge/scratch/users/h61084/codes/adaptime/outputs/adaptime/predictions/tsrag/univariate/CPHL/30T/long/run_0 source_launch=selena_adaptime_unified_20260916T080019Z_10942_tsrag launch_id=selena_adaptime_unified_20260916T114518Z_9070_tsrag slurm_job_id=3447349 launched_at=2026-09-16T11:46:31.197744+00:00
/fslarge/scratch/users/h61084/codes/adaptime/outputs/adaptime/predictions/tsrag/univariate/CPHL/30T/long/run_0/prediction/prediction_manifest.json
TIME run allocation action=skip run=/fslarge/scratch/users/h61084/codes/adaptime/outputs/adaptime/predictions/tsrag/univariate/CPHL/H/short/run_0 source_launch=selena_adaptime_unified_20260916T080019Z_10942_tsrag launch_id=selena_adaptime_unified_20260916T114518Z_9070_tsrag slurm_job_id=3447349 launched_at=2026-09-16T11:46:31.217125+00:00
/fslarge/scratch/users/h61084/codes/adaptime/outputs/adaptime/predictions/tsrag/univariate/CPHL/H/short/run_0/prediction/prediction_manifest.json
TIME run allocation action=skip run=/fslarge/scratch/users/h61084/codes/adaptime/outputs/adaptime/predictions/tsrag/univariate/CPHL/H/medium/run_0 source_launch=selena_adaptime_unified_20260916T080019Z_10942_tsrag launch_id=selena_adaptime_unified_20260916T114518Z_9070_tsrag slurm_job_id=3447349 launched_at=2026-09-16T11:46:31.236323+00:00
/fslarge/scratch/users/h61084/codes/adaptime/outputs/adaptime/predictions/tsrag/univariate/CPHL/H/medium/run_0/prediction/prediction_manifest.json
TIME run allocation action=skip run=/fslarge/scratch/users/h61084/codes/adaptime/outputs/adaptime/predictions/tsrag/univariate/CPHL/H/long/run_0 source_launch=selena_adaptime_unified_20260916T080019Z_10942_tsrag launch_id=selena_adaptime_unified_20260916T114518Z_9070_tsrag slurm_job_id=3447349 launched_at=2026-09-16T11:46:31.255581+00:00
/fslarge/scratch/users/h61084/codes/adaptime/outputs/adaptime/predictions/tsrag/univariate/CPHL/H/long/run_0/prediction/prediction_manifest.json
TIME run allocation action=skip run=/fslarge/scratch/users/h61084/codes/adaptime/outputs/adaptime/predictions/tsrag/univariate/Coastal_T_S/15T/short/run_0 source_launch=selena_adaptime_unified_20260916T080019Z_10942_tsrag launch_id=selena_adaptime_unified_20260916T114518Z_9070_tsrag slurm_job_id=3447349 launched_at=2026-09-16T11:46:31.275188+00:00
/fslarge/scratch/users/h61084/codes/adaptime/outputs/adaptime/predictions/tsrag/univariate/Coastal_T_S/15T/short/run_0/prediction/prediction_manifest.json
TIME run allocation action=skip run=/fslarge/scratch/users/h61084/codes/adaptime/outputs/adaptime/predictions/tsrag/univariate/Coastal_T_S/15T/medium/run_0 source_launch=selena_adaptime_unified_20260916T080019Z_10942_tsrag launch_id=selena_adaptime_unified_20260916T114518Z_9070_tsrag slurm_job_id=3447349 launched_at=2026-09-16T11:46:31.298578+00:00
/fslarge/scratch/users/h61084/codes/adaptime/outputs/adaptime/predictions/tsrag/univariate/Coastal_T_S/15T/medium/run_0/prediction/prediction_manifest.json
TIME run allocation action=skip run=/fslarge/scratch/users/h61084/codes/adaptime/outputs/adaptime/predictions/tsrag/univariate/Coastal_T_S/15T/long/run_0 source_launch=selena_adaptime_unified_20260916T080019Z_10942_tsrag launch_id=selena_adaptime_unified_20260916T114518Z_9070_tsrag slurm_job_id=3447349 launched_at=2026-09-16T11:46:31.322409+00:00
/fslarge/scratch/users/h61084/codes/adaptime/outputs/adaptime/predictions/tsrag/univariate/Coastal_T_S/15T/long/run_0/prediction/prediction_manifest.json
TIME run allocation action=skip run=/fslarge/scratch/users/h61084/codes/adaptime/outputs/adaptime/predictions/tsrag/univariate/Coastal_T_S/20T/short/run_0 source_launch=selena_adaptime_unified_20260916T080019Z_10942_tsrag launch_id=selena_adaptime_unified_20260916T114518Z_9070_tsrag slurm_job_id=3447349 launched_at=2026-09-16T11:46:31.341760+00:00
/fslarge/scratch/users/h61084/codes/adaptime/outputs/adaptime/predictions/tsrag/univariate/Coastal_T_S/20T/short/run_0/prediction/prediction_manifest.json
TIME run allocation action=skip run=/fslarge/scratch/users/h61084/codes/adaptime/outputs/adaptime/predictions/tsrag/univariate/Coastal_T_S/20T/medium/run_0 source_launch=selena_adaptime_unified_20260916T080019Z_10942_tsrag launch_id=selena_adaptime_unified_20260916T114518Z_9070_tsrag slurm_job_id=3447349 launched_at=2026-09-16T11:46:31.365093+00:00
/fslarge/scratch/users/h61084/codes/adaptime/outputs/adaptime/predictions/tsrag/univariate/Coastal_T_S/20T/medium/run_0/prediction/prediction_manifest.json
TIME run allocation action=skip run=/fslarge/scratch/users/h61084/codes/adaptime/outputs/adaptime/predictions/tsrag/univariate/Coastal_T_S/20T/long/run_0 source_launch=selena_adaptime_unified_20260916T080019Z_10942_tsrag launch_id=selena_adaptime_unified_20260916T114518Z_9070_tsrag slurm_job_id=3447349 launched_at=2026-09-16T11:46:31.388742+00:00
/fslarge/scratch/users/h61084/codes/adaptime/outputs/adaptime/predictions/tsrag/univariate/Coastal_T_S/20T/long/run_0/prediction/prediction_manifest.json
TIME run allocation action=skip run=/fslarge/scratch/users/h61084/codes/adaptime/outputs/adaptime/predictions/tsrag/univariate/Coastal_T_S/H/short/run_0 source_launch=selena_adaptime_unified_20260916T080019Z_10942_tsrag launch_id=selena_adaptime_unified_20260916T114518Z_9070_tsrag slurm_job_id=3447349 launched_at=2026-09-16T11:46:31.407869+00:00
/fslarge/scratch/users/h61084/codes/adaptime/outputs/adaptime/predictions/tsrag/univariate/Coastal_T_S/H/short/run_0/prediction/prediction_manifest.json
TIME run allocation action=skip run=/fslarge/scratch/users/h61084/codes/adaptime/outputs/adaptime/predictions/tsrag/univariate/Coastal_T_S/H/medium/run_0 source_launch=selena_adaptime_unified_20260916T080019Z_10942_tsrag launch_id=selena_adaptime_unified_20260916T114518Z_9070_tsrag slurm_job_id=3447349 launched_at=2026-09-16T11:46:31.426649+00:00
/fslarge/scratch/users/h61084/codes/adaptime/outputs/adaptime/predictions/tsrag/univariate/Coastal_T_S/H/medium/run_0/prediction/prediction_manifest.json
TIME run allocation action=skip run=/fslarge/scratch/users/h61084/codes/adaptime/outputs/adaptime/predictions/tsrag/univariate/Coastal_T_S/H/long/run_0 source_launch=selena_adaptime_unified_20260916T080019Z_10942_tsrag launch_id=selena_adaptime_unified_20260916T114518Z_9070_tsrag slurm_job_id=3447349 launched_at=2026-09-16T11:46:31.450220+00:00
/fslarge/scratch/users/h61084/codes/adaptime/outputs/adaptime/predictions/tsrag/univariate/Coastal_T_S/H/long/run_0/prediction/prediction_manifest.json
TIME run allocation action=skip run=/fslarge/scratch/users/h61084/codes/adaptime/outputs/adaptime/predictions/tsrag/univariate/SG_Weather/D/short/run_0 source_launch=selena_adaptime_unified_20260916T080019Z_10942_tsrag launch_id=selena_adaptime_unified_20260916T114518Z_9070_tsrag slurm_job_id=3447349 launched_at=2026-09-16T11:46:31.469658+00:00
/fslarge/scratch/users/h61084/codes/adaptime/outputs/adaptime/predictions/tsrag/univariate/SG_Weather/D/short/run_0/prediction/prediction_manifest.json
TIME run allocation action=skip run=/fslarge/scratch/users/h61084/codes/adaptime/outputs/adaptime/predictions/tsrag/univariate/SG_Weather/D/medium/run_0 source_launch=selena_adaptime_unified_20260916T080019Z_10942_tsrag launch_id=selena_adaptime_unified_20260916T114518Z_9070_tsrag slurm_job_id=3447349 launched_at=2026-09-16T11:46:31.489051+00:00
/fslarge/scratch/users/h61084/codes/adaptime/outputs/adaptime/predictions/tsrag/univariate/SG_Weather/D/medium/run_0/prediction/prediction_manifest.json
TIME run allocation action=skip run=/fslarge/scratch/users/h61084/codes/adaptime/outputs/adaptime/predictions/tsrag/univariate/SG_Weather/D/long/run_0 source_launch=selena_adaptime_unified_20260916T080019Z_10942_tsrag launch_id=selena_adaptime_unified_20260916T114518Z_9070_tsrag slurm_job_id=3447349 launched_at=2026-09-16T11:46:31.508264+00:00
/fslarge/scratch/users/h61084/codes/adaptime/outputs/adaptime/predictions/tsrag/univariate/SG_Weather/D/long/run_0/prediction/prediction_manifest.json
TIME run allocation action=skip run=/fslarge/scratch/users/h61084/codes/adaptime/outputs/adaptime/predictions/tsrag/univariate/SG_PM25/H/short/run_0 source_launch=selena_adaptime_unified_20260916T080019Z_10942_tsrag launch_id=selena_adaptime_unified_20260916T114518Z_9070_tsrag slurm_job_id=3447349 launched_at=2026-09-16T11:46:31.532284+00:00
/fslarge/scratch/users/h61084/codes/adaptime/outputs/adaptime/predictions/tsrag/univariate/SG_PM25/H/short/run_0/prediction/prediction_manifest.json
TIME run allocation action=skip run=/fslarge/scratch/users/h61084/codes/adaptime/outputs/adaptime/predictions/tsrag/univariate/SG_PM25/H/medium/run_0 source_launch=selena_adaptime_unified_20260916T080019Z_10942_tsrag launch_id=selena_adaptime_unified_20260916T114518Z_9070_tsrag slurm_job_id=3447349 launched_at=2026-09-16T11:46:31.556020+00:00
/fslarge/scratch/users/h61084/codes/adaptime/outputs/adaptime/predictions/tsrag/univariate/SG_PM25/H/medium/run_0/prediction/prediction_manifest.json
TIME run allocation action=skip run=/fslarge/scratch/users/h61084/codes/adaptime/outputs/adaptime/predictions/tsrag/univariate/SG_PM25/H/long/run_0 source_launch=selena_adaptime_unified_20260916T080019Z_10942_tsrag launch_id=selena_adaptime_unified_20260916T114518Z_9070_tsrag slurm_job_id=3447349 launched_at=2026-09-16T11:46:31.579457+00:00
/fslarge/scratch/users/h61084/codes/adaptime/outputs/adaptime/predictions/tsrag/univariate/SG_PM25/H/long/run_0/prediction/prediction_manifest.json
TIME run allocation action=skip run=/fslarge/scratch/users/h61084/codes/adaptime/outputs/adaptime/predictions/tsrag/univariate/NE_China_Wind/H/short/run_0 source_launch=selena_adaptime_unified_20260916T080019Z_10942_tsrag launch_id=selena_adaptime_unified_20260916T114518Z_9070_tsrag slurm_job_id=3447349 launched_at=2026-09-16T11:46:31.598917+00:00
/fslarge/scratch/users/h61084/codes/adaptime/outputs/adaptime/predictions/tsrag/univariate/NE_China_Wind/H/short/run_0/prediction/prediction_manifest.json
TIME run allocation action=skip run=/fslarge/scratch/users/h61084/codes/adaptime/outputs/adaptime/predictions/tsrag/univariate/NE_China_Wind/H/medium/run_0 source_launch=selena_adaptime_unified_20260916T080019Z_10942_tsrag launch_id=selena_adaptime_unified_20260916T114518Z_9070_tsrag slurm_job_id=3447349 launched_at=2026-09-16T11:46:31.624297+00:00
/fslarge/scratch/users/h61084/codes/adaptime/outputs/adaptime/predictions/tsrag/univariate/NE_China_Wind/H/medium/run_0/prediction/prediction_manifest.json
TIME run allocation action=skip run=/fslarge/scratch/users/h61084/codes/adaptime/outputs/adaptime/predictions/tsrag/univariate/NE_China_Wind/H/long/run_0 source_launch=selena_adaptime_unified_20260916T080019Z_10942_tsrag launch_id=selena_adaptime_unified_20260916T114518Z_9070_tsrag slurm_job_id=3447349 launched_at=2026-09-16T11:46:31.648039+00:00
/fslarge/scratch/users/h61084/codes/adaptime/outputs/adaptime/predictions/tsrag/univariate/NE_China_Wind/H/long/run_0/prediction/prediction_manifest.json
TIME run allocation action=skip run=/fslarge/scratch/users/h61084/codes/adaptime/outputs/adaptime/predictions/tsrag/univariate/Australia_Solar/H/short/run_0 source_launch=selena_adaptime_unified_20260916T080019Z_10942_tsrag launch_id=selena_adaptime_unified_20260916T114518Z_9070_tsrag slurm_job_id=3447349 launched_at=2026-09-16T11:46:31.667243+00:00
/fslarge/scratch/users/h61084/codes/adaptime/outputs/adaptime/predictions/tsrag/univariate/Australia_Solar/H/short/run_0/prediction/prediction_manifest.json
TIME run allocation action=skip run=/fslarge/scratch/users/h61084/codes/adaptime/outputs/adaptime/predictions/tsrag/univariate/Australia_Solar/H/medium/run_0 source_launch=selena_adaptime_unified_20260916T080019Z_10942_tsrag launch_id=selena_adaptime_unified_20260916T114518Z_9070_tsrag slurm_job_id=3447349 launched_at=2026-09-16T11:46:31.690829+00:00
/fslarge/scratch/users/h61084/codes/adaptime/outputs/adaptime/predictions/tsrag/univariate/Australia_Solar/H/medium/run_0/prediction/prediction_manifest.json
TIME run allocation action=skip run=/fslarge/scratch/users/h61084/codes/adaptime/outputs/adaptime/predictions/tsrag/univariate/Australia_Solar/H/long/run_0 source_launch=selena_adaptime_unified_20260916T080019Z_10942_tsrag launch_id=selena_adaptime_unified_20260916T114518Z_9070_tsrag slurm_job_id=3447349 launched_at=2026-09-16T11:46:31.714601+00:00
/fslarge/scratch/users/h61084/codes/adaptime/outputs/adaptime/predictions/tsrag/univariate/Australia_Solar/H/long/run_0/prediction/prediction_manifest.json
TIME run allocation action=skip run=/fslarge/scratch/users/h61084/codes/adaptime/outputs/adaptime/predictions/tsrag/univariate/epf_electricity_price/H/short/run_0 source_launch=selena_adaptime_unified_20260916T080019Z_10942_tsrag launch_id=selena_adaptime_unified_20260916T114518Z_9070_tsrag slurm_job_id=3447349 launched_at=2026-09-16T11:46:31.739149+00:00
/fslarge/scratch/users/h61084/codes/adaptime/outputs/adaptime/predictions/tsrag/univariate/epf_electricity_price/H/short/run_0/prediction/prediction_manifest.json
TIME run allocation action=skip run=/fslarge/scratch/users/h61084/codes/adaptime/outputs/adaptime/predictions/tsrag/univariate/epf_electricity_price/H/medium/run_0 source_launch=selena_adaptime_unified_20260916T080019Z_10942_tsrag launch_id=selena_adaptime_unified_20260916T114518Z_9070_tsrag slurm_job_id=3447349 launched_at=2026-09-16T11:46:31.762556+00:00
/fslarge/scratch/users/h61084/codes/adaptime/outputs/adaptime/predictions/tsrag/univariate/epf_electricity_price/H/medium/run_0/prediction/prediction_manifest.json
TIME run allocation action=skip run=/fslarge/scratch/users/h61084/codes/adaptime/outputs/adaptime/predictions/tsrag/univariate/epf_electricity_price/H/long/run_0 source_launch=selena_adaptime_unified_20260916T080019Z_10942_tsrag launch_id=selena_adaptime_unified_20260916T114518Z_9070_tsrag slurm_job_id=3447349 launched_at=2026-09-16T11:46:31.785883+00:00
/fslarge/scratch/users/h61084/codes/adaptime/outputs/adaptime/predictions/tsrag/univariate/epf_electricity_price/H/long/run_0/prediction/prediction_manifest.json
TIME run allocation action=skip run=/fslarge/scratch/users/h61084/codes/adaptime/outputs/adaptime/predictions/tsrag/univariate/OpenElectricity_NEM/5T/short/run_0 source_launch=selena_adaptime_unified_20260916T080019Z_10942_tsrag launch_id=selena_adaptime_unified_20260916T114518Z_9070_tsrag slurm_job_id=3447349 launched_at=2026-09-16T11:46:31.805347+00:00
/fslarge/scratch/users/h61084/codes/adaptime/outputs/adaptime/predictions/tsrag/univariate/OpenElectricity_NEM/5T/short/run_0/prediction/prediction_manifest.json
TIME run allocation action=skip run=/fslarge/scratch/users/h61084/codes/adaptime/outputs/adaptime/predictions/tsrag/univariate/OpenElectricity_NEM/5T/medium/run_0 source_launch=selena_adaptime_unified_20260916T080019Z_10942_tsrag launch_id=selena_adaptime_unified_20260916T114518Z_9070_tsrag slurm_job_id=3447349 launched_at=2026-09-16T11:46:31.829413+00:00
/fslarge/scratch/users/h61084/codes/adaptime/outputs/adaptime/predictions/tsrag/univariate/OpenElectricity_NEM/5T/medium/run_0/prediction/prediction_manifest.json
TIME run allocation action=skip run=/fslarge/scratch/users/h61084/codes/adaptime/outputs/adaptime/predictions/tsrag/univariate/OpenElectricity_NEM/5T/long/run_0 source_launch=selena_adaptime_unified_20260916T080019Z_10942_tsrag launch_id=selena_adaptime_unified_20260916T114518Z_9070_tsrag slurm_job_id=3447349 launched_at=2026-09-16T11:46:31.853015+00:00
/fslarge/scratch/users/h61084/codes/adaptime/outputs/adaptime/predictions/tsrag/univariate/OpenElectricity_NEM/5T/long/run_0/prediction/prediction_manifest.json
TIME run allocation action=skip run=/fslarge/scratch/users/h61084/codes/adaptime/outputs/adaptime/predictions/tsrag/univariate/EWELD_Load/15T/short/run_0 source_launch=selena_adaptime_unified_20260916T080019Z_10942_tsrag launch_id=selena_adaptime_unified_20260916T114518Z_9070_tsrag slurm_job_id=3447349 launched_at=2026-09-16T11:46:31.872250+00:00
/fslarge/scratch/users/h61084/codes/adaptime/outputs/adaptime/predictions/tsrag/univariate/EWELD_Load/15T/short/run_0/prediction/prediction_manifest.json
TIME run allocation action=skip run=/fslarge/scratch/users/h61084/codes/adaptime/outputs/adaptime/predictions/tsrag/univariate/EWELD_Load/15T/medium/run_0 source_launch=selena_adaptime_unified_20260916T080019Z_10942_tsrag launch_id=selena_adaptime_unified_20260916T114518Z_9070_tsrag slurm_job_id=3447349 launched_at=2026-09-16T11:46:31.896885+00:00
/fslarge/scratch/users/h61084/codes/adaptime/outputs/adaptime/predictions/tsrag/univariate/EWELD_Load/15T/medium/run_0/prediction/prediction_manifest.json
TIME run allocation action=skip run=/fslarge/scratch/users/h61084/codes/adaptime/outputs/adaptime/predictions/tsrag/univariate/EWELD_Load/15T/long/run_0 source_launch=selena_adaptime_unified_20260916T080019Z_10942_tsrag launch_id=selena_adaptime_unified_20260916T114518Z_9070_tsrag slurm_job_id=3447349 launched_at=2026-09-16T11:46:31.920460+00:00
/fslarge/scratch/users/h61084/codes/adaptime/outputs/adaptime/predictions/tsrag/univariate/EWELD_Load/15T/long/run_0/prediction/prediction_manifest.json
TIME run allocation action=skip run=/fslarge/scratch/users/h61084/codes/adaptime/outputs/adaptime/predictions/tsrag/univariate/SG_Carpark/15T/short/run_0 source_launch=selena_adaptime_unified_20260916T080019Z_10942_tsrag launch_id=selena_adaptime_unified_20260916T114518Z_9070_tsrag slurm_job_id=3447349 launched_at=2026-09-16T11:46:31.940066+00:00
/fslarge/scratch/users/h61084/codes/adaptime/outputs/adaptime/predictions/tsrag/univariate/SG_Carpark/15T/short/run_0/prediction/prediction_manifest.json
TIME run allocation action=skip run=/fslarge/scratch/users/h61084/codes/adaptime/outputs/adaptime/predictions/tsrag/univariate/SG_Carpark/15T/medium/run_0 source_launch=selena_adaptime_unified_20260916T080019Z_10942_tsrag launch_id=selena_adaptime_unified_20260916T114518Z_9070_tsrag slurm_job_id=3447349 launched_at=2026-09-16T11:46:31.963681+00:00
/fslarge/scratch/users/h61084/codes/adaptime/outputs/adaptime/predictions/tsrag/univariate/SG_Carpark/15T/medium/run_0/prediction/prediction_manifest.json
TIME run allocation action=skip run=/fslarge/scratch/users/h61084/codes/adaptime/outputs/adaptime/predictions/tsrag/univariate/SG_Carpark/15T/long/run_0 source_launch=selena_adaptime_unified_20260916T080019Z_10942_tsrag launch_id=selena_adaptime_unified_20260916T114518Z_9070_tsrag slurm_job_id=3447349 launched_at=2026-09-16T11:46:31.987848+00:00
/fslarge/scratch/users/h61084/codes/adaptime/outputs/adaptime/predictions/tsrag/univariate/SG_Carpark/15T/long/run_0/prediction/prediction_manifest.json
TIME run allocation action=skip run=/fslarge/scratch/users/h61084/codes/adaptime/outputs/adaptime/predictions/tsrag/univariate/Finland_Traffic/15T/short/run_0 source_launch=selena_adaptime_unified_20260916T080019Z_10942_tsrag launch_id=selena_adaptime_unified_20260916T114518Z_9070_tsrag slurm_job_id=3447349 launched_at=2026-09-16T11:46:32.007280+00:00
/fslarge/scratch/users/h61084/codes/adaptime/outputs/adaptime/predictions/tsrag/univariate/Finland_Traffic/15T/short/run_0/prediction/prediction_manifest.json
TIME run allocation action=skip run=/fslarge/scratch/users/h61084/codes/adaptime/outputs/adaptime/predictions/tsrag/univariate/Finland_Traffic/15T/medium/run_0 source_launch=selena_adaptime_unified_20260916T080019Z_10942_tsrag launch_id=selena_adaptime_unified_20260916T114518Z_9070_tsrag slurm_job_id=3447349 launched_at=2026-09-16T11:46:32.030758+00:00
/fslarge/scratch/users/h61084/codes/adaptime/outputs/adaptime/predictions/tsrag/univariate/Finland_Traffic/15T/medium/run_0/prediction/prediction_manifest.json
TIME run allocation action=skip run=/fslarge/scratch/users/h61084/codes/adaptime/outputs/adaptime/predictions/tsrag/univariate/Finland_Traffic/15T/long/run_0 source_launch=selena_adaptime_unified_20260916T080019Z_10942_tsrag launch_id=selena_adaptime_unified_20260916T114518Z_9070_tsrag slurm_job_id=3447349 launched_at=2026-09-16T11:46:32.054682+00:00
/fslarge/scratch/users/h61084/codes/adaptime/outputs/adaptime/predictions/tsrag/univariate/Finland_Traffic/15T/long/run_0/prediction/prediction_manifest.json
TIME run allocation action=skip run=/fslarge/scratch/users/h61084/codes/adaptime/outputs/adaptime/predictions/tsrag/univariate/Port_Activity/D/short/run_0 source_launch=selena_adaptime_unified_20260916T080019Z_10942_tsrag launch_id=selena_adaptime_unified_20260916T114518Z_9070_tsrag slurm_job_id=3447349 launched_at=2026-09-16T11:46:32.079393+00:00
/fslarge/scratch/users/h61084/codes/adaptime/outputs/adaptime/predictions/tsrag/univariate/Port_Activity/D/short/run_0/prediction/prediction_manifest.json
TIME run allocation action=skip run=/fslarge/scratch/users/h61084/codes/adaptime/outputs/adaptime/predictions/tsrag/univariate/Port_Activity/W/short/run_0 source_launch=selena_adaptime_unified_20260916T080019Z_10942_tsrag launch_id=selena_adaptime_unified_20260916T114518Z_9070_tsrag slurm_job_id=3447349 launched_at=2026-09-16T11:46:32.098628+00:00
/fslarge/scratch/users/h61084/codes/adaptime/outputs/adaptime/predictions/tsrag/univariate/Port_Activity/W/short/run_0/prediction/prediction_manifest.json
TIME run allocation action=skip run=/fslarge/scratch/users/h61084/codes/adaptime/outputs/adaptime/predictions/tsrag/univariate/ECDC_COVID/D/short/run_0 source_launch=selena_adaptime_unified_20260916T080019Z_10942_tsrag launch_id=selena_adaptime_unified_20260916T114518Z_9070_tsrag slurm_job_id=3447349 launched_at=2026-09-16T11:46:32.118101+00:00
/fslarge/scratch/users/h61084/codes/adaptime/outputs/adaptime/predictions/tsrag/univariate/ECDC_COVID/D/short/run_0/prediction/prediction_manifest.json
TIME run allocation action=skip run=/fslarge/scratch/users/h61084/codes/adaptime/outputs/adaptime/predictions/tsrag/univariate/ECDC_COVID/W/short/run_0 source_launch=selena_adaptime_unified_20260916T080019Z_10942_tsrag launch_id=selena_adaptime_unified_20260916T114518Z_9070_tsrag slurm_job_id=3447349 launched_at=2026-09-16T11:46:32.137144+00:00
/fslarge/scratch/users/h61084/codes/adaptime/outputs/adaptime/predictions/tsrag/univariate/ECDC_COVID/W/short/run_0/prediction/prediction_manifest.json
TIME run allocation action=skip run=/fslarge/scratch/users/h61084/codes/adaptime/outputs/adaptime/predictions/tsrag/univariate/Global_Influenza/W/short/run_0 source_launch=selena_adaptime_unified_20260916T080019Z_10942_tsrag launch_id=selena_adaptime_unified_20260916T114518Z_9070_tsrag slurm_job_id=3447349 launched_at=2026-09-16T11:46:32.156435+00:00
/fslarge/scratch/users/h61084/codes/adaptime/outputs/adaptime/predictions/tsrag/univariate/Global_Influenza/W/short/run_0/prediction/prediction_manifest.json
TIME run allocation action=skip run=/fslarge/scratch/users/h61084/codes/adaptime/outputs/adaptime/predictions/tsrag/univariate/Crypto/D/short/run_0 source_launch=selena_adaptime_unified_20260916T080019Z_10942_tsrag launch_id=selena_adaptime_unified_20260916T114518Z_9070_tsrag slurm_job_id=3447349 launched_at=2026-09-16T11:46:32.181224+00:00
/fslarge/scratch/users/h61084/codes/adaptime/outputs/adaptime/predictions/tsrag/univariate/Crypto/D/short/run_0/prediction/prediction_manifest.json
TIME run allocation action=skip run=/fslarge/scratch/users/h61084/codes/adaptime/outputs/adaptime/predictions/tsrag/univariate/US_Term_Structure/B/short/run_0 source_launch=selena_adaptime_unified_20260916T080019Z_10942_tsrag launch_id=selena_adaptime_unified_20260916T114518Z_9070_tsrag slurm_job_id=3447349 launched_at=2026-09-16T11:46:32.204750+00:00
/fslarge/scratch/users/h61084/codes/adaptime/outputs/adaptime/predictions/tsrag/univariate/US_Term_Structure/B/short/run_0/prediction/prediction_manifest.json
TIME run allocation action=skip run=/fslarge/scratch/users/h61084/codes/adaptime/outputs/adaptime/predictions/tsrag/univariate/Oil_Price/B/short/run_0 source_launch=selena_adaptime_unified_20260916T080019Z_10942_tsrag launch_id=selena_adaptime_unified_20260916T114518Z_9070_tsrag slurm_job_id=3447349 launched_at=2026-09-16T11:46:32.229214+00:00
/fslarge/scratch/users/h61084/codes/adaptime/outputs/adaptime/predictions/tsrag/univariate/Oil_Price/B/short/run_0/prediction/prediction_manifest.json
TIME run allocation action=skip run=/fslarge/scratch/users/h61084/codes/adaptime/outputs/adaptime/predictions/tsrag/univariate/Job_Claims/W/short/run_0 source_launch=selena_adaptime_unified_20260916T080019Z_10942_tsrag launch_id=selena_adaptime_unified_20260916T114518Z_9070_tsrag slurm_job_id=3447349 launched_at=2026-09-16T11:46:32.248709+00:00
/fslarge/scratch/users/h61084/codes/adaptime/outputs/adaptime/predictions/tsrag/univariate/Job_Claims/W/short/run_0/prediction/prediction_manifest.json
TIME run allocation action=skip run=/fslarge/scratch/users/h61084/codes/adaptime/outputs/adaptime/predictions/tsrag/univariate/Uncertainty_1M/M/short/run_0 source_launch=selena_adaptime_unified_20260916T080019Z_10942_tsrag launch_id=selena_adaptime_unified_20260916T114518Z_9070_tsrag slurm_job_id=3447349 launched_at=2026-09-16T11:46:32.273320+00:00
/fslarge/scratch/users/h61084/codes/adaptime/outputs/adaptime/predictions/tsrag/univariate/Uncertainty_1M/M/short/run_0/prediction/prediction_manifest.json
TIME run allocation action=skip run=/fslarge/scratch/users/h61084/codes/adaptime/outputs/adaptime/predictions/tsrag/univariate/Housing_Inventory/M/short/run_0 source_launch=selena_adaptime_unified_20260916T080019Z_10942_tsrag launch_id=selena_adaptime_unified_20260916T114518Z_9070_tsrag slurm_job_id=3447349 launched_at=2026-09-16T11:46:32.292195+00:00
/fslarge/scratch/users/h61084/codes/adaptime/outputs/adaptime/predictions/tsrag/univariate/Housing_Inventory/M/short/run_0/prediction/prediction_manifest.json
TIME run allocation action=skip run=/fslarge/scratch/users/h61084/codes/adaptime/outputs/adaptime/predictions/tsrag/univariate/JOLTS/M/short/run_0 source_launch=selena_adaptime_unified_20260916T080019Z_10942_tsrag launch_id=selena_adaptime_unified_20260916T114518Z_9070_tsrag slurm_job_id=3447349 launched_at=2026-09-16T11:46:32.311570+00:00
/fslarge/scratch/users/h61084/codes/adaptime/outputs/adaptime/predictions/tsrag/univariate/JOLTS/M/short/run_0/prediction/prediction_manifest.json
TIME run allocation action=skip run=/fslarge/scratch/users/h61084/codes/adaptime/outputs/adaptime/predictions/tsrag/univariate/US_Labor/M/short/run_0 source_launch=selena_adaptime_unified_20260916T080019Z_10942_tsrag launch_id=selena_adaptime_unified_20260916T114518Z_9070_tsrag slurm_job_id=3447349 launched_at=2026-09-16T11:46:32.331052+00:00
/fslarge/scratch/users/h61084/codes/adaptime/outputs/adaptime/predictions/tsrag/univariate/US_Labor/M/short/run_0/prediction/prediction_manifest.json
TIME run allocation action=skip run=/fslarge/scratch/users/h61084/codes/adaptime/outputs/adaptime/predictions/tsrag/univariate/Vehicle_Supply/M/short/run_0 source_launch=selena_adaptime_unified_20260916T080019Z_10942_tsrag launch_id=selena_adaptime_unified_20260916T114518Z_9070_tsrag slurm_job_id=3447349 launched_at=2026-09-16T11:46:32.349920+00:00
/fslarge/scratch/users/h61084/codes/adaptime/outputs/adaptime/predictions/tsrag/univariate/Vehicle_Supply/M/short/run_0/prediction/prediction_manifest.json
TIME run allocation action=skip run=/fslarge/scratch/users/h61084/codes/adaptime/outputs/adaptime/predictions/tsrag/univariate/Auto_Production_SF/M/short/run_0 source_launch=selena_adaptime_unified_20260916T080019Z_10942_tsrag launch_id=selena_adaptime_unified_20260916T114518Z_9070_tsrag slurm_job_id=3447349 launched_at=2026-09-16T11:46:32.368625+00:00
/fslarge/scratch/users/h61084/codes/adaptime/outputs/adaptime/predictions/tsrag/univariate/Auto_Production_SF/M/short/run_0/prediction/prediction_manifest.json
TIME run allocation action=skip run=/fslarge/scratch/users/h61084/codes/adaptime/outputs/adaptime/predictions/tsrag/univariate/Commodity_Production/M/short/run_0 source_launch=selena_adaptime_unified_20260916T080019Z_10942_tsrag launch_id=selena_adaptime_unified_20260916T114518Z_9070_tsrag slurm_job_id=3447349 launched_at=2026-09-16T11:46:32.387373+00:00
/fslarge/scratch/users/h61084/codes/adaptime/outputs/adaptime/predictions/tsrag/univariate/Commodity_Production/M/short/run_0/prediction/prediction_manifest.json
TIME run allocation action=skip run=/fslarge/scratch/users/h61084/codes/adaptime/outputs/adaptime/predictions/tsrag/univariate/Commodity_Import/M/short/run_0 source_launch=selena_adaptime_unified_20260916T080019Z_10942_tsrag launch_id=selena_adaptime_unified_20260916T114518Z_9070_tsrag slurm_job_id=3447349 launched_at=2026-09-16T11:46:32.406554+00:00
/fslarge/scratch/users/h61084/codes/adaptime/outputs/adaptime/predictions/tsrag/univariate/Commodity_Import/M/short/run_0/prediction/prediction_manifest.json
TIME run allocation action=skip run=/fslarge/scratch/users/h61084/codes/adaptime/outputs/adaptime/predictions/tsrag/univariate/WUI_Global/Q/short/run_0 source_launch=selena_adaptime_unified_20260916T080019Z_10942_tsrag launch_id=selena_adaptime_unified_20260916T114518Z_9070_tsrag slurm_job_id=3447349 launched_at=2026-09-16T11:46:32.426402+00:00
/fslarge/scratch/users/h61084/codes/adaptime/outputs/adaptime/predictions/tsrag/univariate/WUI_Global/Q/short/run_0/prediction/prediction_manifest.json
TIME run allocation action=skip run=/fslarge/scratch/users/h61084/codes/adaptime/outputs/adaptime/predictions/tsrag/univariate/Global_Price/Q/short/run_0 source_launch=selena_adaptime_unified_20260916T080019Z_10942_tsrag launch_id=selena_adaptime_unified_20260916T114518Z_9070_tsrag slurm_job_id=3447349 launched_at=2026-09-16T11:46:32.445768+00:00
/fslarge/scratch/users/h61084/codes/adaptime/outputs/adaptime/predictions/tsrag/univariate/Global_Price/Q/short/run_0/prediction/prediction_manifest.json
TIME run allocation action=skip run=/fslarge/scratch/users/h61084/codes/adaptime/outputs/adaptime/predictions/tsrag/univariate/Vehicle_Sales/M/short/run_0 source_launch=selena_adaptime_unified_20260916T080019Z_10942_tsrag launch_id=selena_adaptime_unified_20260916T114518Z_9070_tsrag slurm_job_id=3447349 launched_at=2026-09-16T11:46:32.464965+00:00
/fslarge/scratch/users/h61084/codes/adaptime/outputs/adaptime/predictions/tsrag/univariate/Vehicle_Sales/M/short/run_0/prediction/prediction_manifest.json
TIME run allocation action=skip run=/fslarge/scratch/users/h61084/codes/adaptime/outputs/adaptime/predictions/tsrag/univariate/Online_Retail_2_UCI/D/short/run_0 source_launch=selena_adaptime_unified_20260916T080019Z_10942_tsrag launch_id=selena_adaptime_unified_20260916T114518Z_9070_tsrag slurm_job_id=3447349 launched_at=2026-09-16T11:46:32.484332+00:00
/fslarge/scratch/users/h61084/codes/adaptime/outputs/adaptime/predictions/tsrag/univariate/Online_Retail_2_UCI/D/short/run_0/prediction/prediction_manifest.json
TIME run allocation action=skip run=/fslarge/scratch/users/h61084/codes/adaptime/outputs/adaptime/predictions/tsrag/univariate/Supply_Chain_Customer/D/short/run_0 source_launch=selena_adaptime_unified_20260916T080019Z_10942_tsrag launch_id=selena_adaptime_unified_20260916T114518Z_9070_tsrag slurm_job_id=3447349 launched_at=2026-09-16T11:46:32.508894+00:00
/fslarge/scratch/users/h61084/codes/adaptime/outputs/adaptime/predictions/tsrag/univariate/Supply_Chain_Customer/D/short/run_0/prediction/prediction_manifest.json
TIME run allocation action=skip run=/fslarge/scratch/users/h61084/codes/adaptime/outputs/adaptime/predictions/tsrag/univariate/Supply_Chain_Location/D/short/run_0 source_launch=selena_adaptime_unified_20260916T080019Z_10942_tsrag launch_id=selena_adaptime_unified_20260916T114518Z_9070_tsrag slurm_job_id=3447349 launched_at=2026-09-16T11:46:32.533846+00:00
/fslarge/scratch/users/h61084/codes/adaptime/outputs/adaptime/predictions/tsrag/univariate/Supply_Chain_Location/D/short/run_0/prediction/prediction_manifest.json
TIME run allocation action=skip run=/fslarge/scratch/users/h61084/codes/adaptime/outputs/adaptime/predictions/tsrag/univariate/azure2019_U/5T/short/run_0 source_launch=selena_adaptime_unified_20260916T080019Z_10942_tsrag launch_id=selena_adaptime_unified_20260916T114518Z_9070_tsrag slurm_job_id=3447349 launched_at=2026-09-16T11:46:32.554147+00:00
/fslarge/scratch/users/h61084/codes/adaptime/outputs/adaptime/predictions/tsrag/univariate/azure2019_U/5T/short/run_0/prediction/prediction_manifest.json
TIME run allocation action=skip run=/fslarge/scratch/users/h61084/codes/adaptime/outputs/adaptime/predictions/tsrag/univariate/Smart_Manufacturing/H/short/run_0 source_launch=selena_adaptime_unified_20260916T080019Z_10942_tsrag launch_id=selena_adaptime_unified_20260916T114518Z_9070_tsrag slurm_job_id=3447349 launched_at=2026-09-16T11:46:32.573738+00:00
/fslarge/scratch/users/h61084/codes/adaptime/outputs/adaptime/predictions/tsrag/univariate/Smart_Manufacturing/H/short/run_0/prediction/prediction_manifest.json
TIME run allocation action=skip run=/fslarge/scratch/users/h61084/codes/adaptime/outputs/adaptime/predictions/tsrag/univariate/Smart_Manufacturing/H/medium/run_0 source_launch=selena_adaptime_unified_20260916T080019Z_10942_tsrag launch_id=selena_adaptime_unified_20260916T114518Z_9070_tsrag slurm_job_id=3447349 launched_at=2026-09-16T11:46:32.592544+00:00
/fslarge/scratch/users/h61084/codes/adaptime/outputs/adaptime/predictions/tsrag/univariate/Smart_Manufacturing/H/medium/run_0/prediction/prediction_manifest.json
TIME run allocation action=skip run=/fslarge/scratch/users/h61084/codes/adaptime/outputs/adaptime/predictions/tsrag/univariate/Smart_Manufacturing/H/long/run_0 source_launch=selena_adaptime_unified_20260916T080019Z_10942_tsrag launch_id=selena_adaptime_unified_20260916T114518Z_9070_tsrag slurm_job_id=3447349 launched_at=2026-09-16T11:46:32.612942+00:00
/fslarge/scratch/users/h61084/codes/adaptime/outputs/adaptime/predictions/tsrag/univariate/Smart_Manufacturing/H/long/run_0/prediction/prediction_manifest.json
TIME run allocation action=skip run=/fslarge/scratch/users/h61084/codes/adaptime/outputs/adaptime/predictions/tsrag/univariate/MetroPT-3/5T/short/run_0 source_launch=selena_adaptime_unified_20260916T080019Z_10942_tsrag launch_id=selena_adaptime_unified_20260916T114518Z_9070_tsrag slurm_job_id=3447349 launched_at=2026-09-16T11:46:32.637726+00:00
/fslarge/scratch/users/h61084/codes/adaptime/outputs/adaptime/predictions/tsrag/univariate/MetroPT-3/5T/short/run_0/prediction/prediction_manifest.json
TIME run allocation action=skip run=/fslarge/scratch/users/h61084/codes/adaptime/outputs/adaptime/predictions/tsrag/univariate/MetroPT-3/5T/medium/run_0 source_launch=selena_adaptime_unified_20260916T080019Z_10942_tsrag launch_id=selena_adaptime_unified_20260916T114518Z_9070_tsrag slurm_job_id=3447349 launched_at=2026-09-16T11:46:32.661691+00:00
/fslarge/scratch/users/h61084/codes/adaptime/outputs/adaptime/predictions/tsrag/univariate/MetroPT-3/5T/medium/run_0/prediction/prediction_manifest.json
TIME run allocation action=skip run=/fslarge/scratch/users/h61084/codes/adaptime/outputs/adaptime/predictions/tsrag/univariate/MetroPT-3/5T/long/run_0 source_launch=selena_adaptime_unified_20260916T080019Z_10942_tsrag launch_id=selena_adaptime_unified_20260916T114518Z_9070_tsrag slurm_job_id=3447349 launched_at=2026-09-16T11:46:32.685221+00:00
/fslarge/scratch/users/h61084/codes/adaptime/outputs/adaptime/predictions/tsrag/univariate/MetroPT-3/5T/long/run_0/prediction/prediction_manifest.json
TIME run allocation action=skip run=/fslarge/scratch/users/h61084/codes/adaptime/outputs/adaptime/evaluations/tsrag/univariate/Water_Quality_Darwin/15T/short/run_0 source_launch=selena_adaptime_unified_20260916T080019Z_10942_tsrag launch_id=selena_adaptime_unified_20260916T114518Z_9070_tsrag slurm_job_id=3447349 launched_at=2026-09-16T11:46:32.698381+00:00
/fslarge/scratch/users/h61084/codes/adaptime/outputs/adaptime/evaluations/tsrag/univariate/Water_Quality_Darwin/15T/short/run_0/metrics_summary.json
TIME run allocation action=skip run=/fslarge/scratch/users/h61084/codes/adaptime/outputs/adaptime/evaluations/tsrag/univariate/Water_Quality_Darwin/15T/medium/run_0 source_launch=selena_adaptime_unified_20260916T080019Z_10942_tsrag launch_id=selena_adaptime_unified_20260916T114518Z_9070_tsrag slurm_job_id=3447349 launched_at=2026-09-16T11:46:32.711074+00:00
/fslarge/scratch/users/h61084/codes/adaptime/outputs/adaptime/evaluations/tsrag/univariate/Water_Quality_Darwin/15T/medium/run_0/metrics_summary.json
TIME run allocation action=skip run=/fslarge/scratch/users/h61084/codes/adaptime/outputs/adaptime/evaluations/tsrag/univariate/Water_Quality_Darwin/15T/long/run_0 source_launch=selena_adaptime_unified_20260916T080019Z_10942_tsrag launch_id=selena_adaptime_unified_20260916T114518Z_9070_tsrag slurm_job_id=3447349 launched_at=2026-09-16T11:46:32.723886+00:00
/fslarge/scratch/users/h61084/codes/adaptime/outputs/adaptime/evaluations/tsrag/univariate/Water_Quality_Darwin/15T/long/run_0/metrics_summary.json
TIME run allocation action=skip run=/fslarge/scratch/users/h61084/codes/adaptime/outputs/adaptime/evaluations/tsrag/univariate/current_velocity/5T/short/run_0 source_launch=selena_adaptime_unified_20260916T080019Z_10942_tsrag launch_id=selena_adaptime_unified_20260916T114518Z_9070_tsrag slurm_job_id=3447349 launched_at=2026-09-16T11:46:32.736866+00:00
/fslarge/scratch/users/h61084/codes/adaptime/outputs/adaptime/evaluations/tsrag/univariate/current_velocity/5T/short/run_0/metrics_summary.json
TIME run allocation action=skip run=/fslarge/scratch/users/h61084/codes/adaptime/outputs/adaptime/evaluations/tsrag/univariate/current_velocity/5T/medium/run_0 source_launch=selena_adaptime_unified_20260916T080019Z_10942_tsrag launch_id=selena_adaptime_unified_20260916T114518Z_9070_tsrag slurm_job_id=3447349 launched_at=2026-09-16T11:46:32.749906+00:00
/fslarge/scratch/users/h61084/codes/adaptime/outputs/adaptime/evaluations/tsrag/univariate/current_velocity/5T/medium/run_0/metrics_summary.json
TIME run allocation action=skip run=/fslarge/scratch/users/h61084/codes/adaptime/outputs/adaptime/evaluations/tsrag/univariate/current_velocity/5T/long/run_0 source_launch=selena_adaptime_unified_20260916T080019Z_10942_tsrag launch_id=selena_adaptime_unified_20260916T114518Z_9070_tsrag slurm_job_id=3447349 launched_at=2026-09-16T11:46:32.763031+00:00
/fslarge/scratch/users/h61084/codes/adaptime/outputs/adaptime/evaluations/tsrag/univariate/current_velocity/5T/long/run_0/metrics_summary.json
TIME run allocation action=skip run=/fslarge/scratch/users/h61084/codes/adaptime/outputs/adaptime/evaluations/tsrag/univariate/current_velocity/10T/short/run_0 source_launch=selena_adaptime_unified_20260916T080019Z_10942_tsrag launch_id=selena_adaptime_unified_20260916T114518Z_9070_tsrag slurm_job_id=3447349 launched_at=2026-09-16T11:46:32.776117+00:00
/fslarge/scratch/users/h61084/codes/adaptime/outputs/adaptime/evaluations/tsrag/univariate/current_velocity/10T/short/run_0/metrics_summary.json
TIME run allocation action=skip run=/fslarge/scratch/users/h61084/codes/adaptime/outputs/adaptime/evaluations/tsrag/univariate/current_velocity/10T/medium/run_0 source_launch=selena_adaptime_unified_20260916T080019Z_10942_tsrag launch_id=selena_adaptime_unified_20260916T114518Z_9070_tsrag slurm_job_id=3447349 launched_at=2026-09-16T11:46:32.788545+00:00
/fslarge/scratch/users/h61084/codes/adaptime/outputs/adaptime/evaluations/tsrag/univariate/current_velocity/10T/medium/run_0/metrics_summary.json
TIME run allocation action=skip run=/fslarge/scratch/users/h61084/codes/adaptime/outputs/adaptime/evaluations/tsrag/univariate/current_velocity/10T/long/run_0 source_launch=selena_adaptime_unified_20260916T080019Z_10942_tsrag launch_id=selena_adaptime_unified_20260916T114518Z_9070_tsrag slurm_job_id=3447349 launched_at=2026-09-16T11:46:32.800763+00:00
/fslarge/scratch/users/h61084/codes/adaptime/outputs/adaptime/evaluations/tsrag/univariate/current_velocity/10T/long/run_0/metrics_summary.json
TIME run allocation action=skip run=/fslarge/scratch/users/h61084/codes/adaptime/outputs/adaptime/evaluations/tsrag/univariate/current_velocity/15T/short/run_0 source_launch=selena_adaptime_unified_20260916T080019Z_10942_tsrag launch_id=selena_adaptime_unified_20260916T114518Z_9070_tsrag slurm_job_id=3447349 launched_at=2026-09-16T11:46:32.813586+00:00
/fslarge/scratch/users/h61084/codes/adaptime/outputs/adaptime/evaluations/tsrag/univariate/current_velocity/15T/short/run_0/metrics_summary.json
TIME run allocation action=skip run=/fslarge/scratch/users/h61084/codes/adaptime/outputs/adaptime/evaluations/tsrag/univariate/current_velocity/15T/medium/run_0 source_launch=selena_adaptime_unified_20260916T080019Z_10942_tsrag launch_id=selena_adaptime_unified_20260916T114518Z_9070_tsrag slurm_job_id=3447349 launched_at=2026-09-16T11:46:32.826302+00:00
/fslarge/scratch/users/h61084/codes/adaptime/outputs/adaptime/evaluations/tsrag/univariate/current_velocity/15T/medium/run_0/metrics_summary.json
TIME run allocation action=skip run=/fslarge/scratch/users/h61084/codes/adaptime/outputs/adaptime/evaluations/tsrag/univariate/current_velocity/15T/long/run_0 source_launch=selena_adaptime_unified_20260916T080019Z_10942_tsrag launch_id=selena_adaptime_unified_20260916T114518Z_9070_tsrag slurm_job_id=3447349 launched_at=2026-09-16T11:46:32.838949+00:00
/fslarge/scratch/users/h61084/codes/adaptime/outputs/adaptime/evaluations/tsrag/univariate/current_velocity/15T/long/run_0/metrics_summary.json
TIME run allocation action=skip run=/fslarge/scratch/users/h61084/codes/adaptime/outputs/adaptime/evaluations/tsrag/univariate/current_velocity/H/short/run_0 source_launch=selena_adaptime_unified_20260916T080019Z_10942_tsrag launch_id=selena_adaptime_unified_20260916T114518Z_9070_tsrag slurm_job_id=3447349 launched_at=2026-09-16T11:46:32.851367+00:00
/fslarge/scratch/users/h61084/codes/adaptime/outputs/adaptime/evaluations/tsrag/univariate/current_velocity/H/short/run_0/metrics_summary.json
TIME run allocation action=skip run=/fslarge/scratch/users/h61084/codes/adaptime/outputs/adaptime/evaluations/tsrag/univariate/current_velocity/H/medium/run_0 source_launch=selena_adaptime_unified_20260916T080019Z_10942_tsrag launch_id=selena_adaptime_unified_20260916T114518Z_9070_tsrag slurm_job_id=3447349 launched_at=2026-09-16T11:46:32.864076+00:00
/fslarge/scratch/users/h61084/codes/adaptime/outputs/adaptime/evaluations/tsrag/univariate/current_velocity/H/medium/run_0/metrics_summary.json
TIME run allocation action=skip run=/fslarge/scratch/users/h61084/codes/adaptime/outputs/adaptime/evaluations/tsrag/univariate/current_velocity/H/long/run_0 source_launch=selena_adaptime_unified_20260916T080019Z_10942_tsrag launch_id=selena_adaptime_unified_20260916T114518Z_9070_tsrag slurm_job_id=3447349 launched_at=2026-09-16T11:46:32.876924+00:00
/fslarge/scratch/users/h61084/codes/adaptime/outputs/adaptime/evaluations/tsrag/univariate/current_velocity/H/long/run_0/metrics_summary.json
TIME run allocation action=skip run=/fslarge/scratch/users/h61084/codes/adaptime/outputs/adaptime/evaluations/tsrag/univariate/CPHL/15T/short/run_0 source_launch=selena_adaptime_unified_20260916T080019Z_10942_tsrag launch_id=selena_adaptime_unified_20260916T114518Z_9070_tsrag slurm_job_id=3447349 launched_at=2026-09-16T11:46:32.890276+00:00
/fslarge/scratch/users/h61084/codes/adaptime/outputs/adaptime/evaluations/tsrag/univariate/CPHL/15T/short/run_0/metrics_summary.json
TIME run allocation action=skip run=/fslarge/scratch/users/h61084/codes/adaptime/outputs/adaptime/evaluations/tsrag/univariate/CPHL/15T/medium/run_0 source_launch=selena_adaptime_unified_20260916T080019Z_10942_tsrag launch_id=selena_adaptime_unified_20260916T114518Z_9070_tsrag slurm_job_id=3447349 launched_at=2026-09-16T11:46:32.903077+00:00
/fslarge/scratch/users/h61084/codes/adaptime/outputs/adaptime/evaluations/tsrag/univariate/CPHL/15T/medium/run_0/metrics_summary.json
TIME run allocation action=skip run=/fslarge/scratch/users/h61084/codes/adaptime/outputs/adaptime/evaluations/tsrag/univariate/CPHL/15T/long/run_0 source_launch=selena_adaptime_unified_20260916T080019Z_10942_tsrag launch_id=selena_adaptime_unified_20260916T114518Z_9070_tsrag slurm_job_id=3447349 launched_at=2026-09-16T11:46:32.915392+00:00
/fslarge/scratch/users/h61084/codes/adaptime/outputs/adaptime/evaluations/tsrag/univariate/CPHL/15T/long/run_0/metrics_summary.json
TIME run allocation action=skip run=/fslarge/scratch/users/h61084/codes/adaptime/outputs/adaptime/evaluations/tsrag/univariate/CPHL/30T/short/run_0 source_launch=selena_adaptime_unified_20260916T080019Z_10942_tsrag launch_id=selena_adaptime_unified_20260916T114518Z_9070_tsrag slurm_job_id=3447349 launched_at=2026-09-16T11:46:32.928098+00:00
/fslarge/scratch/users/h61084/codes/adaptime/outputs/adaptime/evaluations/tsrag/univariate/CPHL/30T/short/run_0/metrics_summary.json
TIME run allocation action=skip run=/fslarge/scratch/users/h61084/codes/adaptime/outputs/adaptime/evaluations/tsrag/univariate/CPHL/30T/medium/run_0 source_launch=selena_adaptime_unified_20260916T080019Z_10942_tsrag launch_id=selena_adaptime_unified_20260916T114518Z_9070_tsrag slurm_job_id=3447349 launched_at=2026-09-16T11:46:32.940855+00:00
/fslarge/scratch/users/h61084/codes/adaptime/outputs/adaptime/evaluations/tsrag/univariate/CPHL/30T/medium/run_0/metrics_summary.json
TIME run allocation action=skip run=/fslarge/scratch/users/h61084/codes/adaptime/outputs/adaptime/evaluations/tsrag/univariate/CPHL/30T/long/run_0 source_launch=selena_adaptime_unified_20260916T080019Z_10942_tsrag launch_id=selena_adaptime_unified_20260916T114518Z_9070_tsrag slurm_job_id=3447349 launched_at=2026-09-16T11:46:32.953535+00:00
/fslarge/scratch/users/h61084/codes/adaptime/outputs/adaptime/evaluations/tsrag/univariate/CPHL/30T/long/run_0/metrics_summary.json
TIME run allocation action=skip run=/fslarge/scratch/users/h61084/codes/adaptime/outputs/adaptime/evaluations/tsrag/univariate/CPHL/H/short/run_0 source_launch=selena_adaptime_unified_20260916T080019Z_10942_tsrag launch_id=selena_adaptime_unified_20260916T114518Z_9070_tsrag slurm_job_id=3447349 launched_at=2026-09-16T11:46:32.966399+00:00
/fslarge/scratch/users/h61084/codes/adaptime/outputs/adaptime/evaluations/tsrag/univariate/CPHL/H/short/run_0/metrics_summary.json
TIME run allocation action=skip run=/fslarge/scratch/users/h61084/codes/adaptime/outputs/adaptime/evaluations/tsrag/univariate/CPHL/H/medium/run_0 source_launch=selena_adaptime_unified_20260916T080019Z_10942_tsrag launch_id=selena_adaptime_unified_20260916T114518Z_9070_tsrag slurm_job_id=3447349 launched_at=2026-09-16T11:46:32.979145+00:00
/fslarge/scratch/users/h61084/codes/adaptime/outputs/adaptime/evaluations/tsrag/univariate/CPHL/H/medium/run_0/metrics_summary.json
TIME run allocation action=skip run=/fslarge/scratch/users/h61084/codes/adaptime/outputs/adaptime/evaluations/tsrag/univariate/CPHL/H/long/run_0 source_launch=selena_adaptime_unified_20260916T080019Z_10942_tsrag launch_id=selena_adaptime_unified_20260916T114518Z_9070_tsrag slurm_job_id=3447349 launched_at=2026-09-16T11:46:32.992093+00:00
/fslarge/scratch/users/h61084/codes/adaptime/outputs/adaptime/evaluations/tsrag/univariate/CPHL/H/long/run_0/metrics_summary.json
TIME run allocation action=skip run=/fslarge/scratch/users/h61084/codes/adaptime/outputs/adaptime/evaluations/tsrag/univariate/Coastal_T_S/15T/short/run_0 source_launch=selena_adaptime_unified_20260916T080019Z_10942_tsrag launch_id=selena_adaptime_unified_20260916T114518Z_9070_tsrag slurm_job_id=3447349 launched_at=2026-09-16T11:46:33.005124+00:00
/fslarge/scratch/users/h61084/codes/adaptime/outputs/adaptime/evaluations/tsrag/univariate/Coastal_T_S/15T/short/run_0/metrics_summary.json
TIME run allocation action=skip run=/fslarge/scratch/users/h61084/codes/adaptime/outputs/adaptime/evaluations/tsrag/univariate/Coastal_T_S/15T/medium/run_0 source_launch=selena_adaptime_unified_20260916T080019Z_10942_tsrag launch_id=selena_adaptime_unified_20260916T114518Z_9070_tsrag slurm_job_id=3447349 launched_at=2026-09-16T11:46:33.017909+00:00
/fslarge/scratch/users/h61084/codes/adaptime/outputs/adaptime/evaluations/tsrag/univariate/Coastal_T_S/15T/medium/run_0/metrics_summary.json
TIME run allocation action=skip run=/fslarge/scratch/users/h61084/codes/adaptime/outputs/adaptime/evaluations/tsrag/univariate/Coastal_T_S/15T/long/run_0 source_launch=selena_adaptime_unified_20260916T080019Z_10942_tsrag launch_id=selena_adaptime_unified_20260916T114518Z_9070_tsrag slurm_job_id=3447349 launched_at=2026-09-16T11:46:33.030604+00:00
/fslarge/scratch/users/h61084/codes/adaptime/outputs/adaptime/evaluations/tsrag/univariate/Coastal_T_S/15T/long/run_0/metrics_summary.json
TIME run allocation action=skip run=/fslarge/scratch/users/h61084/codes/adaptime/outputs/adaptime/evaluations/tsrag/univariate/Coastal_T_S/20T/short/run_0 source_launch=selena_adaptime_unified_20260916T080019Z_10942_tsrag launch_id=selena_adaptime_unified_20260916T114518Z_9070_tsrag slurm_job_id=3447349 launched_at=2026-09-16T11:46:33.043630+00:00
/fslarge/scratch/users/h61084/codes/adaptime/outputs/adaptime/evaluations/tsrag/univariate/Coastal_T_S/20T/short/run_0/metrics_summary.json
TIME run allocation action=skip run=/fslarge/scratch/users/h61084/codes/adaptime/outputs/adaptime/evaluations/tsrag/univariate/Coastal_T_S/20T/medium/run_0 source_launch=selena_adaptime_unified_20260916T080019Z_10942_tsrag launch_id=selena_adaptime_unified_20260916T114518Z_9070_tsrag slurm_job_id=3447349 launched_at=2026-09-16T11:46:33.056550+00:00
/fslarge/scratch/users/h61084/codes/adaptime/outputs/adaptime/evaluations/tsrag/univariate/Coastal_T_S/20T/medium/run_0/metrics_summary.json
TIME run allocation action=skip run=/fslarge/scratch/users/h61084/codes/adaptime/outputs/adaptime/evaluations/tsrag/univariate/Coastal_T_S/20T/long/run_0 source_launch=selena_adaptime_unified_20260916T080019Z_10942_tsrag launch_id=selena_adaptime_unified_20260916T114518Z_9070_tsrag slurm_job_id=3447349 launched_at=2026-09-16T11:46:33.069612+00:00
/fslarge/scratch/users/h61084/codes/adaptime/outputs/adaptime/evaluations/tsrag/univariate/Coastal_T_S/20T/long/run_0/metrics_summary.json
TIME run allocation action=skip run=/fslarge/scratch/users/h61084/codes/adaptime/outputs/adaptime/evaluations/tsrag/univariate/Coastal_T_S/H/short/run_0 source_launch=selena_adaptime_unified_20260916T080019Z_10942_tsrag launch_id=selena_adaptime_unified_20260916T114518Z_9070_tsrag slurm_job_id=3447349 launched_at=2026-09-16T11:46:33.083169+00:00
/fslarge/scratch/users/h61084/codes/adaptime/outputs/adaptime/evaluations/tsrag/univariate/Coastal_T_S/H/short/run_0/metrics_summary.json
TIME run allocation action=skip run=/fslarge/scratch/users/h61084/codes/adaptime/outputs/adaptime/evaluations/tsrag/univariate/Coastal_T_S/H/medium/run_0 source_launch=selena_adaptime_unified_20260916T080019Z_10942_tsrag launch_id=selena_adaptime_unified_20260916T114518Z_9070_tsrag slurm_job_id=3447349 launched_at=2026-09-16T11:46:33.096581+00:00
/fslarge/scratch/users/h61084/codes/adaptime/outputs/adaptime/evaluations/tsrag/univariate/Coastal_T_S/H/medium/run_0/metrics_summary.json
TIME run allocation action=skip run=/fslarge/scratch/users/h61084/codes/adaptime/outputs/adaptime/evaluations/tsrag/univariate/Coastal_T_S/H/long/run_0 source_launch=selena_adaptime_unified_20260916T080019Z_10942_tsrag launch_id=selena_adaptime_unified_20260916T114518Z_9070_tsrag slurm_job_id=3447349 launched_at=2026-09-16T11:46:33.109821+00:00
/fslarge/scratch/users/h61084/codes/adaptime/outputs/adaptime/evaluations/tsrag/univariate/Coastal_T_S/H/long/run_0/metrics_summary.json
TIME run allocation action=skip run=/fslarge/scratch/users/h61084/codes/adaptime/outputs/adaptime/evaluations/tsrag/univariate/SG_Weather/D/short/run_0 source_launch=selena_adaptime_unified_20260916T080019Z_10942_tsrag launch_id=selena_adaptime_unified_20260916T114518Z_9070_tsrag slurm_job_id=3447349 launched_at=2026-09-16T11:46:33.122936+00:00
/fslarge/scratch/users/h61084/codes/adaptime/outputs/adaptime/evaluations/tsrag/univariate/SG_Weather/D/short/run_0/metrics_summary.json
TIME run allocation action=skip run=/fslarge/scratch/users/h61084/codes/adaptime/outputs/adaptime/evaluations/tsrag/univariate/SG_Weather/D/medium/run_0 source_launch=selena_adaptime_unified_20260916T080019Z_10942_tsrag launch_id=selena_adaptime_unified_20260916T114518Z_9070_tsrag slurm_job_id=3447349 launched_at=2026-09-16T11:46:33.135937+00:00
/fslarge/scratch/users/h61084/codes/adaptime/outputs/adaptime/evaluations/tsrag/univariate/SG_Weather/D/medium/run_0/metrics_summary.json
TIME run allocation action=skip run=/fslarge/scratch/users/h61084/codes/adaptime/outputs/adaptime/evaluations/tsrag/univariate/SG_Weather/D/long/run_0 source_launch=selena_adaptime_unified_20260916T080019Z_10942_tsrag launch_id=selena_adaptime_unified_20260916T114518Z_9070_tsrag slurm_job_id=3447349 launched_at=2026-09-16T11:46:33.149501+00:00
/fslarge/scratch/users/h61084/codes/adaptime/outputs/adaptime/evaluations/tsrag/univariate/SG_Weather/D/long/run_0/metrics_summary.json
TIME run allocation action=skip run=/fslarge/scratch/users/h61084/codes/adaptime/outputs/adaptime/evaluations/tsrag/univariate/SG_PM25/H/short/run_0 source_launch=selena_adaptime_unified_20260916T080019Z_10942_tsrag launch_id=selena_adaptime_unified_20260916T114518Z_9070_tsrag slurm_job_id=3447349 launched_at=2026-09-16T11:46:33.162791+00:00
/fslarge/scratch/users/h61084/codes/adaptime/outputs/adaptime/evaluations/tsrag/univariate/SG_PM25/H/short/run_0/metrics_summary.json
TIME run allocation action=skip run=/fslarge/scratch/users/h61084/codes/adaptime/outputs/adaptime/evaluations/tsrag/univariate/SG_PM25/H/medium/run_0 source_launch=selena_adaptime_unified_20260916T080019Z_10942_tsrag launch_id=selena_adaptime_unified_20260916T114518Z_9070_tsrag slurm_job_id=3447349 launched_at=2026-09-16T11:46:33.175372+00:00
/fslarge/scratch/users/h61084/codes/adaptime/outputs/adaptime/evaluations/tsrag/univariate/SG_PM25/H/medium/run_0/metrics_summary.json
TIME run allocation action=skip run=/fslarge/scratch/users/h61084/codes/adaptime/outputs/adaptime/evaluations/tsrag/univariate/SG_PM25/H/long/run_0 source_launch=selena_adaptime_unified_20260916T080019Z_10942_tsrag launch_id=selena_adaptime_unified_20260916T114518Z_9070_tsrag slurm_job_id=3447349 launched_at=2026-09-16T11:46:33.188215+00:00
/fslarge/scratch/users/h61084/codes/adaptime/outputs/adaptime/evaluations/tsrag/univariate/SG_PM25/H/long/run_0/metrics_summary.json
TIME run allocation action=skip run=/fslarge/scratch/users/h61084/codes/adaptime/outputs/adaptime/evaluations/tsrag/univariate/NE_China_Wind/H/short/run_0 source_launch=selena_adaptime_unified_20260916T080019Z_10942_tsrag launch_id=selena_adaptime_unified_20260916T114518Z_9070_tsrag slurm_job_id=3447349 launched_at=2026-09-16T11:46:33.201241+00:00
/fslarge/scratch/users/h61084/codes/adaptime/outputs/adaptime/evaluations/tsrag/univariate/NE_China_Wind/H/short/run_0/metrics_summary.json
TIME run allocation action=skip run=/fslarge/scratch/users/h61084/codes/adaptime/outputs/adaptime/evaluations/tsrag/univariate/NE_China_Wind/H/medium/run_0 source_launch=selena_adaptime_unified_20260916T080019Z_10942_tsrag launch_id=selena_adaptime_unified_20260916T114518Z_9070_tsrag slurm_job_id=3447349 launched_at=2026-09-16T11:46:33.214153+00:00
/fslarge/scratch/users/h61084/codes/adaptime/outputs/adaptime/evaluations/tsrag/univariate/NE_China_Wind/H/medium/run_0/metrics_summary.json
TIME run allocation action=skip run=/fslarge/scratch/users/h61084/codes/adaptime/outputs/adaptime/evaluations/tsrag/univariate/NE_China_Wind/H/long/run_0 source_launch=selena_adaptime_unified_20260916T080019Z_10942_tsrag launch_id=selena_adaptime_unified_20260916T114518Z_9070_tsrag slurm_job_id=3447349 launched_at=2026-09-16T11:46:33.227164+00:00
/fslarge/scratch/users/h61084/codes/adaptime/outputs/adaptime/evaluations/tsrag/univariate/NE_China_Wind/H/long/run_0/metrics_summary.json
TIME run allocation action=skip run=/fslarge/scratch/users/h61084/codes/adaptime/outputs/adaptime/evaluations/tsrag/univariate/Australia_Solar/H/short/run_0 source_launch=selena_adaptime_unified_20260916T080019Z_10942_tsrag launch_id=selena_adaptime_unified_20260916T114518Z_9070_tsrag slurm_job_id=3447349 launched_at=2026-09-16T11:46:33.240464+00:00
/fslarge/scratch/users/h61084/codes/adaptime/outputs/adaptime/evaluations/tsrag/univariate/Australia_Solar/H/short/run_0/metrics_summary.json
TIME run allocation action=skip run=/fslarge/scratch/users/h61084/codes/adaptime/outputs/adaptime/evaluations/tsrag/univariate/Australia_Solar/H/medium/run_0 source_launch=selena_adaptime_unified_20260916T080019Z_10942_tsrag launch_id=selena_adaptime_unified_20260916T114518Z_9070_tsrag slurm_job_id=3447349 launched_at=2026-09-16T11:46:33.253281+00:00
/fslarge/scratch/users/h61084/codes/adaptime/outputs/adaptime/evaluations/tsrag/univariate/Australia_Solar/H/medium/run_0/metrics_summary.json
TIME run allocation action=skip run=/fslarge/scratch/users/h61084/codes/adaptime/outputs/adaptime/evaluations/tsrag/univariate/Australia_Solar/H/long/run_0 source_launch=selena_adaptime_unified_20260916T080019Z_10942_tsrag launch_id=selena_adaptime_unified_20260916T114518Z_9070_tsrag slurm_job_id=3447349 launched_at=2026-09-16T11:46:33.266077+00:00
/fslarge/scratch/users/h61084/codes/adaptime/outputs/adaptime/evaluations/tsrag/univariate/Australia_Solar/H/long/run_0/metrics_summary.json
TIME run allocation action=skip run=/fslarge/scratch/users/h61084/codes/adaptime/outputs/adaptime/evaluations/tsrag/univariate/epf_electricity_price/H/short/run_0 source_launch=selena_adaptime_unified_20260916T080019Z_10942_tsrag launch_id=selena_adaptime_unified_20260916T114518Z_9070_tsrag slurm_job_id=3447349 launched_at=2026-09-16T11:46:33.278873+00:00
/fslarge/scratch/users/h61084/codes/adaptime/outputs/adaptime/evaluations/tsrag/univariate/epf_electricity_price/H/short/run_0/metrics_summary.json
TIME run allocation action=skip run=/fslarge/scratch/users/h61084/codes/adaptime/outputs/adaptime/evaluations/tsrag/univariate/epf_electricity_price/H/medium/run_0 source_launch=selena_adaptime_unified_20260916T080019Z_10942_tsrag launch_id=selena_adaptime_unified_20260916T114518Z_9070_tsrag slurm_job_id=3447349 launched_at=2026-09-16T11:46:33.291696+00:00
/fslarge/scratch/users/h61084/codes/adaptime/outputs/adaptime/evaluations/tsrag/univariate/epf_electricity_price/H/medium/run_0/metrics_summary.json
TIME run allocation action=skip run=/fslarge/scratch/users/h61084/codes/adaptime/outputs/adaptime/evaluations/tsrag/univariate/epf_electricity_price/H/long/run_0 source_launch=selena_adaptime_unified_20260916T080019Z_10942_tsrag launch_id=selena_adaptime_unified_20260916T114518Z_9070_tsrag slurm_job_id=3447349 launched_at=2026-09-16T11:46:33.304620+00:00
/fslarge/scratch/users/h61084/codes/adaptime/outputs/adaptime/evaluations/tsrag/univariate/epf_electricity_price/H/long/run_0/metrics_summary.json
TIME run allocation action=skip run=/fslarge/scratch/users/h61084/codes/adaptime/outputs/adaptime/evaluations/tsrag/univariate/OpenElectricity_NEM/5T/short/run_0 source_launch=selena_adaptime_unified_20260916T080019Z_10942_tsrag launch_id=selena_adaptime_unified_20260916T114518Z_9070_tsrag slurm_job_id=3447349 launched_at=2026-09-16T11:46:33.317947+00:00
/fslarge/scratch/users/h61084/codes/adaptime/outputs/adaptime/evaluations/tsrag/univariate/OpenElectricity_NEM/5T/short/run_0/metrics_summary.json
TIME run allocation action=skip run=/fslarge/scratch/users/h61084/codes/adaptime/outputs/adaptime/evaluations/tsrag/univariate/OpenElectricity_NEM/5T/medium/run_0 source_launch=selena_adaptime_unified_20260916T080019Z_10942_tsrag launch_id=selena_adaptime_unified_20260916T114518Z_9070_tsrag slurm_job_id=3447349 launched_at=2026-09-16T11:46:33.330825+00:00
/fslarge/scratch/users/h61084/codes/adaptime/outputs/adaptime/evaluations/tsrag/univariate/OpenElectricity_NEM/5T/medium/run_0/metrics_summary.json
TIME run allocation action=skip run=/fslarge/scratch/users/h61084/codes/adaptime/outputs/adaptime/evaluations/tsrag/univariate/OpenElectricity_NEM/5T/long/run_0 source_launch=selena_adaptime_unified_20260916T080019Z_10942_tsrag launch_id=selena_adaptime_unified_20260916T114518Z_9070_tsrag slurm_job_id=3447349 launched_at=2026-09-16T11:46:33.343630+00:00
/fslarge/scratch/users/h61084/codes/adaptime/outputs/adaptime/evaluations/tsrag/univariate/OpenElectricity_NEM/5T/long/run_0/metrics_summary.json
TIME run allocation action=skip run=/fslarge/scratch/users/h61084/codes/adaptime/outputs/adaptime/evaluations/tsrag/univariate/EWELD_Load/15T/short/run_0 source_launch=selena_adaptime_unified_20260916T080019Z_10942_tsrag launch_id=selena_adaptime_unified_20260916T114518Z_9070_tsrag slurm_job_id=3447349 launched_at=2026-09-16T11:46:33.356581+00:00
/fslarge/scratch/users/h61084/codes/adaptime/outputs/adaptime/evaluations/tsrag/univariate/EWELD_Load/15T/short/run_0/metrics_summary.json
TIME run allocation action=skip run=/fslarge/scratch/users/h61084/codes/adaptime/outputs/adaptime/evaluations/tsrag/univariate/EWELD_Load/15T/medium/run_0 source_launch=selena_adaptime_unified_20260916T080019Z_10942_tsrag launch_id=selena_adaptime_unified_20260916T114518Z_9070_tsrag slurm_job_id=3447349 launched_at=2026-09-16T11:46:33.369324+00:00
/fslarge/scratch/users/h61084/codes/adaptime/outputs/adaptime/evaluations/tsrag/univariate/EWELD_Load/15T/medium/run_0/metrics_summary.json
TIME run allocation action=skip run=/fslarge/scratch/users/h61084/codes/adaptime/outputs/adaptime/evaluations/tsrag/univariate/EWELD_Load/15T/long/run_0 source_launch=selena_adaptime_unified_20260916T080019Z_10942_tsrag launch_id=selena_adaptime_unified_20260916T114518Z_9070_tsrag slurm_job_id=3447349 launched_at=2026-09-16T11:46:33.381867+00:00
/fslarge/scratch/users/h61084/codes/adaptime/outputs/adaptime/evaluations/tsrag/univariate/EWELD_Load/15T/long/run_0/metrics_summary.json
TIME run allocation action=skip run=/fslarge/scratch/users/h61084/codes/adaptime/outputs/adaptime/evaluations/tsrag/univariate/SG_Carpark/15T/short/run_0 source_launch=selena_adaptime_unified_20260916T080019Z_10942_tsrag launch_id=selena_adaptime_unified_20260916T114518Z_9070_tsrag slurm_job_id=3447349 launched_at=2026-09-16T11:46:33.394531+00:00
/fslarge/scratch/users/h61084/codes/adaptime/outputs/adaptime/evaluations/tsrag/univariate/SG_Carpark/15T/short/run_0/metrics_summary.json
TIME run allocation action=skip run=/fslarge/scratch/users/h61084/codes/adaptime/outputs/adaptime/evaluations/tsrag/univariate/SG_Carpark/15T/medium/run_0 source_launch=selena_adaptime_unified_20260916T080019Z_10942_tsrag launch_id=selena_adaptime_unified_20260916T114518Z_9070_tsrag slurm_job_id=3447349 launched_at=2026-09-16T11:46:33.407014+00:00
/fslarge/scratch/users/h61084/codes/adaptime/outputs/adaptime/evaluations/tsrag/univariate/SG_Carpark/15T/medium/run_0/metrics_summary.json
TIME run allocation action=skip run=/fslarge/scratch/users/h61084/codes/adaptime/outputs/adaptime/evaluations/tsrag/univariate/SG_Carpark/15T/long/run_0 source_launch=selena_adaptime_unified_20260916T080019Z_10942_tsrag launch_id=selena_adaptime_unified_20260916T114518Z_9070_tsrag slurm_job_id=3447349 launched_at=2026-09-16T11:46:33.419759+00:00
/fslarge/scratch/users/h61084/codes/adaptime/outputs/adaptime/evaluations/tsrag/univariate/SG_Carpark/15T/long/run_0/metrics_summary.json
TIME run allocation action=skip run=/fslarge/scratch/users/h61084/codes/adaptime/outputs/adaptime/evaluations/tsrag/univariate/Finland_Traffic/15T/short/run_0 source_launch=selena_adaptime_unified_20260916T080019Z_10942_tsrag launch_id=selena_adaptime_unified_20260916T114518Z_9070_tsrag slurm_job_id=3447349 launched_at=2026-09-16T11:46:33.432907+00:00
/fslarge/scratch/users/h61084/codes/adaptime/outputs/adaptime/evaluations/tsrag/univariate/Finland_Traffic/15T/short/run_0/metrics_summary.json
TIME run allocation action=skip run=/fslarge/scratch/users/h61084/codes/adaptime/outputs/adaptime/evaluations/tsrag/univariate/Finland_Traffic/15T/medium/run_0 source_launch=selena_adaptime_unified_20260916T080019Z_10942_tsrag launch_id=selena_adaptime_unified_20260916T114518Z_9070_tsrag slurm_job_id=3447349 launched_at=2026-09-16T11:46:33.445688+00:00
/fslarge/scratch/users/h61084/codes/adaptime/outputs/adaptime/evaluations/tsrag/univariate/Finland_Traffic/15T/medium/run_0/metrics_summary.json
TIME run allocation action=skip run=/fslarge/scratch/users/h61084/codes/adaptime/outputs/adaptime/evaluations/tsrag/univariate/Finland_Traffic/15T/long/run_0 source_launch=selena_adaptime_unified_20260916T080019Z_10942_tsrag launch_id=selena_adaptime_unified_20260916T114518Z_9070_tsrag slurm_job_id=3447349 launched_at=2026-09-16T11:46:33.458742+00:00
/fslarge/scratch/users/h61084/codes/adaptime/outputs/adaptime/evaluations/tsrag/univariate/Finland_Traffic/15T/long/run_0/metrics_summary.json
TIME run allocation action=skip run=/fslarge/scratch/users/h61084/codes/adaptime/outputs/adaptime/evaluations/tsrag/univariate/Port_Activity/D/short/run_0 source_launch=selena_adaptime_unified_20260916T080019Z_10942_tsrag launch_id=selena_adaptime_unified_20260916T114518Z_9070_tsrag slurm_job_id=3447349 launched_at=2026-09-16T11:46:33.471990+00:00
/fslarge/scratch/users/h61084/codes/adaptime/outputs/adaptime/evaluations/tsrag/univariate/Port_Activity/D/short/run_0/metrics_summary.json
TIME run allocation action=skip run=/fslarge/scratch/users/h61084/codes/adaptime/outputs/adaptime/evaluations/tsrag/univariate/Port_Activity/W/short/run_0 source_launch=selena_adaptime_unified_20260916T080019Z_10942_tsrag launch_id=selena_adaptime_unified_20260916T114518Z_9070_tsrag slurm_job_id=3447349 launched_at=2026-09-16T11:46:33.485145+00:00
/fslarge/scratch/users/h61084/codes/adaptime/outputs/adaptime/evaluations/tsrag/univariate/Port_Activity/W/short/run_0/metrics_summary.json
TIME run allocation action=skip run=/fslarge/scratch/users/h61084/codes/adaptime/outputs/adaptime/evaluations/tsrag/univariate/ECDC_COVID/D/short/run_0 source_launch=selena_adaptime_unified_20260916T080019Z_10942_tsrag launch_id=selena_adaptime_unified_20260916T114518Z_9070_tsrag slurm_job_id=3447349 launched_at=2026-09-16T11:46:33.498007+00:00
/fslarge/scratch/users/h61084/codes/adaptime/outputs/adaptime/evaluations/tsrag/univariate/ECDC_COVID/D/short/run_0/metrics_summary.json
TIME run allocation action=skip run=/fslarge/scratch/users/h61084/codes/adaptime/outputs/adaptime/evaluations/tsrag/univariate/ECDC_COVID/W/short/run_0 source_launch=selena_adaptime_unified_20260916T080019Z_10942_tsrag launch_id=selena_adaptime_unified_20260916T114518Z_9070_tsrag slurm_job_id=3447349 launched_at=2026-09-16T11:46:33.510780+00:00
/fslarge/scratch/users/h61084/codes/adaptime/outputs/adaptime/evaluations/tsrag/univariate/ECDC_COVID/W/short/run_0/metrics_summary.json
TIME run allocation action=skip run=/fslarge/scratch/users/h61084/codes/adaptime/outputs/adaptime/evaluations/tsrag/univariate/Global_Influenza/W/short/run_0 source_launch=selena_adaptime_unified_20260916T080019Z_10942_tsrag launch_id=selena_adaptime_unified_20260916T114518Z_9070_tsrag slurm_job_id=3447349 launched_at=2026-09-16T11:46:33.523841+00:00
/fslarge/scratch/users/h61084/codes/adaptime/outputs/adaptime/evaluations/tsrag/univariate/Global_Influenza/W/short/run_0/metrics_summary.json
TIME run allocation action=skip run=/fslarge/scratch/users/h61084/codes/adaptime/outputs/adaptime/evaluations/tsrag/univariate/Crypto/D/short/run_0 source_launch=selena_adaptime_unified_20260916T080019Z_10942_tsrag launch_id=selena_adaptime_unified_20260916T114518Z_9070_tsrag slurm_job_id=3447349 launched_at=2026-09-16T11:46:33.536683+00:00
/fslarge/scratch/users/h61084/codes/adaptime/outputs/adaptime/evaluations/tsrag/univariate/Crypto/D/short/run_0/metrics_summary.json
TIME run allocation action=skip run=/fslarge/scratch/users/h61084/codes/adaptime/outputs/adaptime/evaluations/tsrag/univariate/US_Term_Structure/B/short/run_0 source_launch=selena_adaptime_unified_20260916T080019Z_10942_tsrag launch_id=selena_adaptime_unified_20260916T114518Z_9070_tsrag slurm_job_id=3447349 launched_at=2026-09-16T11:46:33.549652+00:00
/fslarge/scratch/users/h61084/codes/adaptime/outputs/adaptime/evaluations/tsrag/univariate/US_Term_Structure/B/short/run_0/metrics_summary.json
TIME run allocation action=skip run=/fslarge/scratch/users/h61084/codes/adaptime/outputs/adaptime/evaluations/tsrag/univariate/Oil_Price/B/short/run_0 source_launch=selena_adaptime_unified_20260916T080019Z_10942_tsrag launch_id=selena_adaptime_unified_20260916T114518Z_9070_tsrag slurm_job_id=3447349 launched_at=2026-09-16T11:46:33.562209+00:00
/fslarge/scratch/users/h61084/codes/adaptime/outputs/adaptime/evaluations/tsrag/univariate/Oil_Price/B/short/run_0/metrics_summary.json
TIME run allocation action=skip run=/fslarge/scratch/users/h61084/codes/adaptime/outputs/adaptime/evaluations/tsrag/univariate/Job_Claims/W/short/run_0 source_launch=selena_adaptime_unified_20260916T080019Z_10942_tsrag launch_id=selena_adaptime_unified_20260916T114518Z_9070_tsrag slurm_job_id=3447349 launched_at=2026-09-16T11:46:33.575250+00:00
/fslarge/scratch/users/h61084/codes/adaptime/outputs/adaptime/evaluations/tsrag/univariate/Job_Claims/W/short/run_0/metrics_summary.json
TIME run allocation action=skip run=/fslarge/scratch/users/h61084/codes/adaptime/outputs/adaptime/evaluations/tsrag/univariate/Uncertainty_1M/M/short/run_0 source_launch=selena_adaptime_unified_20260916T080019Z_10942_tsrag launch_id=selena_adaptime_unified_20260916T114518Z_9070_tsrag slurm_job_id=3447349 launched_at=2026-09-16T11:46:33.588433+00:00
/fslarge/scratch/users/h61084/codes/adaptime/outputs/adaptime/evaluations/tsrag/univariate/Uncertainty_1M/M/short/run_0/metrics_summary.json
TIME run allocation action=skip run=/fslarge/scratch/users/h61084/codes/adaptime/outputs/adaptime/evaluations/tsrag/univariate/Housing_Inventory/M/short/run_0 source_launch=selena_adaptime_unified_20260916T080019Z_10942_tsrag launch_id=selena_adaptime_unified_20260916T114518Z_9070_tsrag slurm_job_id=3447349 launched_at=2026-09-16T11:46:33.601247+00:00
/fslarge/scratch/users/h61084/codes/adaptime/outputs/adaptime/evaluations/tsrag/univariate/Housing_Inventory/M/short/run_0/metrics_summary.json
TIME run allocation action=skip run=/fslarge/scratch/users/h61084/codes/adaptime/outputs/adaptime/evaluations/tsrag/univariate/JOLTS/M/short/run_0 source_launch=selena_adaptime_unified_20260916T080019Z_10942_tsrag launch_id=selena_adaptime_unified_20260916T114518Z_9070_tsrag slurm_job_id=3447349 launched_at=2026-09-16T11:46:33.614686+00:00
/fslarge/scratch/users/h61084/codes/adaptime/outputs/adaptime/evaluations/tsrag/univariate/JOLTS/M/short/run_0/metrics_summary.json
TIME run allocation action=skip run=/fslarge/scratch/users/h61084/codes/adaptime/outputs/adaptime/evaluations/tsrag/univariate/US_Labor/M/short/run_0 source_launch=selena_adaptime_unified_20260916T080019Z_10942_tsrag launch_id=selena_adaptime_unified_20260916T114518Z_9070_tsrag slurm_job_id=3447349 launched_at=2026-09-16T11:46:33.629354+00:00
/fslarge/scratch/users/h61084/codes/adaptime/outputs/adaptime/evaluations/tsrag/univariate/US_Labor/M/short/run_0/metrics_summary.json
TIME run allocation action=skip run=/fslarge/scratch/users/h61084/codes/adaptime/outputs/adaptime/evaluations/tsrag/univariate/Vehicle_Supply/M/short/run_0 source_launch=selena_adaptime_unified_20260916T080019Z_10942_tsrag launch_id=selena_adaptime_unified_20260916T114518Z_9070_tsrag slurm_job_id=3447349 launched_at=2026-09-16T11:46:33.642571+00:00
/fslarge/scratch/users/h61084/codes/adaptime/outputs/adaptime/evaluations/tsrag/univariate/Vehicle_Supply/M/short/run_0/metrics_summary.json
TIME run allocation action=skip run=/fslarge/scratch/users/h61084/codes/adaptime/outputs/adaptime/evaluations/tsrag/univariate/Auto_Production_SF/M/short/run_0 source_launch=selena_adaptime_unified_20260916T080019Z_10942_tsrag launch_id=selena_adaptime_unified_20260916T114518Z_9070_tsrag slurm_job_id=3447349 launched_at=2026-09-16T11:46:33.655948+00:00
/fslarge/scratch/users/h61084/codes/adaptime/outputs/adaptime/evaluations/tsrag/univariate/Auto_Production_SF/M/short/run_0/metrics_summary.json
TIME run allocation action=skip run=/fslarge/scratch/users/h61084/codes/adaptime/outputs/adaptime/evaluations/tsrag/univariate/Commodity_Production/M/short/run_0 source_launch=selena_adaptime_unified_20260916T080019Z_10942_tsrag launch_id=selena_adaptime_unified_20260916T114518Z_9070_tsrag slurm_job_id=3447349 launched_at=2026-09-16T11:46:33.669012+00:00
/fslarge/scratch/users/h61084/codes/adaptime/outputs/adaptime/evaluations/tsrag/univariate/Commodity_Production/M/short/run_0/metrics_summary.json
TIME run allocation action=skip run=/fslarge/scratch/users/h61084/codes/adaptime/outputs/adaptime/evaluations/tsrag/univariate/Commodity_Import/M/short/run_0 source_launch=selena_adaptime_unified_20260916T080019Z_10942_tsrag launch_id=selena_adaptime_unified_20260916T114518Z_9070_tsrag slurm_job_id=3447349 launched_at=2026-09-16T11:46:33.682466+00:00
/fslarge/scratch/users/h61084/codes/adaptime/outputs/adaptime/evaluations/tsrag/univariate/Commodity_Import/M/short/run_0/metrics_summary.json
TIME run allocation action=skip run=/fslarge/scratch/users/h61084/codes/adaptime/outputs/adaptime/evaluations/tsrag/univariate/WUI_Global/Q/short/run_0 source_launch=selena_adaptime_unified_20260916T080019Z_10942_tsrag launch_id=selena_adaptime_unified_20260916T114518Z_9070_tsrag slurm_job_id=3447349 launched_at=2026-09-16T11:46:33.695510+00:00
/fslarge/scratch/users/h61084/codes/adaptime/outputs/adaptime/evaluations/tsrag/univariate/WUI_Global/Q/short/run_0/metrics_summary.json
TIME run allocation action=skip run=/fslarge/scratch/users/h61084/codes/adaptime/outputs/adaptime/evaluations/tsrag/univariate/Global_Price/Q/short/run_0 source_launch=selena_adaptime_unified_20260916T080019Z_10942_tsrag launch_id=selena_adaptime_unified_20260916T114518Z_9070_tsrag slurm_job_id=3447349 launched_at=2026-09-16T11:46:33.708524+00:00
/fslarge/scratch/users/h61084/codes/adaptime/outputs/adaptime/evaluations/tsrag/univariate/Global_Price/Q/short/run_0/metrics_summary.json
TIME run allocation action=skip run=/fslarge/scratch/users/h61084/codes/adaptime/outputs/adaptime/evaluations/tsrag/univariate/Vehicle_Sales/M/short/run_0 source_launch=selena_adaptime_unified_20260916T080019Z_10942_tsrag launch_id=selena_adaptime_unified_20260916T114518Z_9070_tsrag slurm_job_id=3447349 launched_at=2026-09-16T11:46:33.721517+00:00
/fslarge/scratch/users/h61084/codes/adaptime/outputs/adaptime/evaluations/tsrag/univariate/Vehicle_Sales/M/short/run_0/metrics_summary.json
TIME run allocation action=skip run=/fslarge/scratch/users/h61084/codes/adaptime/outputs/adaptime/evaluations/tsrag/univariate/Online_Retail_2_UCI/D/short/run_0 source_launch=selena_adaptime_unified_20260916T080019Z_10942_tsrag launch_id=selena_adaptime_unified_20260916T114518Z_9070_tsrag slurm_job_id=3447349 launched_at=2026-09-16T11:46:33.734483+00:00
/fslarge/scratch/users/h61084/codes/adaptime/outputs/adaptime/evaluations/tsrag/univariate/Online_Retail_2_UCI/D/short/run_0/metrics_summary.json
TIME run allocation action=skip run=/fslarge/scratch/users/h61084/codes/adaptime/outputs/adaptime/evaluations/tsrag/univariate/Supply_Chain_Customer/D/short/run_0 source_launch=selena_adaptime_unified_20260916T080019Z_10942_tsrag launch_id=selena_adaptime_unified_20260916T114518Z_9070_tsrag slurm_job_id=3447349 launched_at=2026-09-16T11:46:33.747844+00:00
/fslarge/scratch/users/h61084/codes/adaptime/outputs/adaptime/evaluations/tsrag/univariate/Supply_Chain_Customer/D/short/run_0/metrics_summary.json
TIME run allocation action=skip run=/fslarge/scratch/users/h61084/codes/adaptime/outputs/adaptime/evaluations/tsrag/univariate/Supply_Chain_Location/D/short/run_0 source_launch=selena_adaptime_unified_20260916T080019Z_10942_tsrag launch_id=selena_adaptime_unified_20260916T114518Z_9070_tsrag slurm_job_id=3447349 launched_at=2026-09-16T11:46:33.761021+00:00
/fslarge/scratch/users/h61084/codes/adaptime/outputs/adaptime/evaluations/tsrag/univariate/Supply_Chain_Location/D/short/run_0/metrics_summary.json
TIME run allocation action=skip run=/fslarge/scratch/users/h61084/codes/adaptime/outputs/adaptime/evaluations/tsrag/univariate/azure2019_U/5T/short/run_0 source_launch=selena_adaptime_unified_20260916T080019Z_10942_tsrag launch_id=selena_adaptime_unified_20260916T114518Z_9070_tsrag slurm_job_id=3447349 launched_at=2026-09-16T11:46:33.774023+00:00
/fslarge/scratch/users/h61084/codes/adaptime/outputs/adaptime/evaluations/tsrag/univariate/azure2019_U/5T/short/run_0/metrics_summary.json
TIME run allocation action=skip run=/fslarge/scratch/users/h61084/codes/adaptime/outputs/adaptime/evaluations/tsrag/univariate/Smart_Manufacturing/H/short/run_0 source_launch=selena_adaptime_unified_20260916T080019Z_10942_tsrag launch_id=selena_adaptime_unified_20260916T114518Z_9070_tsrag slurm_job_id=3447349 launched_at=2026-09-16T11:46:33.787120+00:00
/fslarge/scratch/users/h61084/codes/adaptime/outputs/adaptime/evaluations/tsrag/univariate/Smart_Manufacturing/H/short/run_0/metrics_summary.json
TIME run allocation action=skip run=/fslarge/scratch/users/h61084/codes/adaptime/outputs/adaptime/evaluations/tsrag/univariate/Smart_Manufacturing/H/medium/run_0 source_launch=selena_adaptime_unified_20260916T080019Z_10942_tsrag launch_id=selena_adaptime_unified_20260916T114518Z_9070_tsrag slurm_job_id=3447349 launched_at=2026-09-16T11:46:33.799828+00:00
/fslarge/scratch/users/h61084/codes/adaptime/outputs/adaptime/evaluations/tsrag/univariate/Smart_Manufacturing/H/medium/run_0/metrics_summary.json
TIME run allocation action=skip run=/fslarge/scratch/users/h61084/codes/adaptime/outputs/adaptime/evaluations/tsrag/univariate/Smart_Manufacturing/H/long/run_0 source_launch=selena_adaptime_unified_20260916T080019Z_10942_tsrag launch_id=selena_adaptime_unified_20260916T114518Z_9070_tsrag slurm_job_id=3447349 launched_at=2026-09-16T11:46:33.812802+00:00
/fslarge/scratch/users/h61084/codes/adaptime/outputs/adaptime/evaluations/tsrag/univariate/Smart_Manufacturing/H/long/run_0/metrics_summary.json
TIME run allocation action=skip run=/fslarge/scratch/users/h61084/codes/adaptime/outputs/adaptime/evaluations/tsrag/univariate/MetroPT-3/5T/short/run_0 source_launch=selena_adaptime_unified_20260916T080019Z_10942_tsrag launch_id=selena_adaptime_unified_20260916T114518Z_9070_tsrag slurm_job_id=3447349 launched_at=2026-09-16T11:46:33.825669+00:00
/fslarge/scratch/users/h61084/codes/adaptime/outputs/adaptime/evaluations/tsrag/univariate/MetroPT-3/5T/short/run_0/metrics_summary.json
TIME run allocation action=skip run=/fslarge/scratch/users/h61084/codes/adaptime/outputs/adaptime/evaluations/tsrag/univariate/MetroPT-3/5T/medium/run_0 source_launch=selena_adaptime_unified_20260916T080019Z_10942_tsrag launch_id=selena_adaptime_unified_20260916T114518Z_9070_tsrag slurm_job_id=3447349 launched_at=2026-09-16T11:46:33.838235+00:00
/fslarge/scratch/users/h61084/codes/adaptime/outputs/adaptime/evaluations/tsrag/univariate/MetroPT-3/5T/medium/run_0/metrics_summary.json
TIME run allocation action=skip run=/fslarge/scratch/users/h61084/codes/adaptime/outputs/adaptime/evaluations/tsrag/univariate/MetroPT-3/5T/long/run_0 source_launch=selena_adaptime_unified_20260916T080019Z_10942_tsrag launch_id=selena_adaptime_unified_20260916T114518Z_9070_tsrag slurm_job_id=3447349 launched_at=2026-09-16T11:46:33.850901+00:00
/fslarge/scratch/users/h61084/codes/adaptime/outputs/adaptime/evaluations/tsrag/univariate/MetroPT-3/5T/long/run_0/metrics_summary.json
2026-09-16 13:46:35 | task TIME-wide Adaptime method=tsrag stage=pipeline completed status=success
2026-09-16 13:46:35 | stage pipeline completed status=success
2026-09-16 13:46:35 | workflow adaptime completed status=success exit_code=0
