2026-09-16 10:07:16 | workflow adaptime started launch_id=selena_adaptime_unified_20260916T080019Z_10942_tsrag task=tsrag_pipeline slurm_job_id=3445481 slurm_array_job_id=none slurm_array_task_id=none
2026-09-16 10:07:16 | stage pipeline started
2026-09-16 10:07:16 | task TIME-wide Adaptime method=tsrag stage=pipeline started
TIME run allocation action=new run=/fslarge/scratch/users/h61084/codes/adaptime/outputs/adaptime/extractions/tsrag/univariate/Water_Quality_Darwin/15T/short/run_0 launch_id=selena_adaptime_unified_20260916T080019Z_10942_tsrag slurm_job_id=3445481 launched_at=2026-09-16T08:08:05.487081+00:00
/fslarge/scratch/users/h61084/codes/adaptime/outputs/adaptime/extractions/tsrag/univariate/Water_Quality_Darwin/15T/short/run_0/extraction/manifest.json
TIME run allocation action=new run=/fslarge/scratch/users/h61084/codes/adaptime/outputs/adaptime/extractions/tsrag/univariate/Water_Quality_Darwin/15T/medium/run_0 launch_id=selena_adaptime_unified_20260916T080019Z_10942_tsrag slurm_job_id=3445481 launched_at=2026-09-16T08:08:05.504940+00:00
/fslarge/scratch/users/h61084/codes/adaptime/outputs/adaptime/extractions/tsrag/univariate/Water_Quality_Darwin/15T/medium/run_0/extraction/manifest.json
TIME run allocation action=new run=/fslarge/scratch/users/h61084/codes/adaptime/outputs/adaptime/extractions/tsrag/univariate/Water_Quality_Darwin/15T/long/run_0 launch_id=selena_adaptime_unified_20260916T080019Z_10942_tsrag slurm_job_id=3445481 launched_at=2026-09-16T08:17:21.121365+00:00
/fslarge/scratch/users/h61084/codes/adaptime/outputs/adaptime/extractions/tsrag/univariate/Water_Quality_Darwin/15T/long/run_0/extraction/manifest.json
TIME run allocation action=new run=/fslarge/scratch/users/h61084/codes/adaptime/outputs/adaptime/extractions/tsrag/univariate/current_velocity/5T/short/run_0 launch_id=selena_adaptime_unified_20260916T080019Z_10942_tsrag slurm_job_id=3445481 launched_at=2026-09-16T08:27:15.512216+00:00
/fslarge/scratch/users/h61084/codes/adaptime/outputs/adaptime/extractions/tsrag/univariate/current_velocity/5T/short/run_0/extraction/manifest.json
TIME run allocation action=new run=/fslarge/scratch/users/h61084/codes/adaptime/outputs/adaptime/extractions/tsrag/univariate/current_velocity/5T/medium/run_0 launch_id=selena_adaptime_unified_20260916T080019Z_10942_tsrag slurm_job_id=3445481 launched_at=2026-09-16T08:27:15.539931+00:00
/fslarge/scratch/users/h61084/codes/adaptime/outputs/adaptime/extractions/tsrag/univariate/current_velocity/5T/medium/run_0/extraction/manifest.json
TIME run allocation action=new run=/fslarge/scratch/users/h61084/codes/adaptime/outputs/adaptime/extractions/tsrag/univariate/current_velocity/5T/long/run_0 launch_id=selena_adaptime_unified_20260916T080019Z_10942_tsrag slurm_job_id=3445481 launched_at=2026-09-16T08:27:38.476783+00:00
/fslarge/scratch/users/h61084/codes/adaptime/outputs/adaptime/extractions/tsrag/univariate/current_velocity/5T/long/run_0/extraction/manifest.json
TIME run allocation action=new run=/fslarge/scratch/users/h61084/codes/adaptime/outputs/adaptime/extractions/tsrag/univariate/current_velocity/10T/short/run_0 launch_id=selena_adaptime_unified_20260916T080019Z_10942_tsrag slurm_job_id=3445481 launched_at=2026-09-16T08:27:46.845773+00:00
/fslarge/scratch/users/h61084/codes/adaptime/outputs/adaptime/extractions/tsrag/univariate/current_velocity/10T/short/run_0/extraction/manifest.json
TIME run allocation action=new run=/fslarge/scratch/users/h61084/codes/adaptime/outputs/adaptime/extractions/tsrag/univariate/current_velocity/10T/medium/run_0 launch_id=selena_adaptime_unified_20260916T080019Z_10942_tsrag slurm_job_id=3445481 launched_at=2026-09-16T08:27:46.865858+00:00
/fslarge/scratch/users/h61084/codes/adaptime/outputs/adaptime/extractions/tsrag/univariate/current_velocity/10T/medium/run_0/extraction/manifest.json
TIME run allocation action=new run=/fslarge/scratch/users/h61084/codes/adaptime/outputs/adaptime/extractions/tsrag/univariate/current_velocity/10T/long/run_0 launch_id=selena_adaptime_unified_20260916T080019Z_10942_tsrag slurm_job_id=3445481 launched_at=2026-09-16T08:27:46.908764+00:00
/fslarge/scratch/users/h61084/codes/adaptime/outputs/adaptime/extractions/tsrag/univariate/current_velocity/10T/long/run_0/extraction/manifest.json
TIME run allocation action=new run=/fslarge/scratch/users/h61084/codes/adaptime/outputs/adaptime/extractions/tsrag/univariate/current_velocity/15T/short/run_0 launch_id=selena_adaptime_unified_20260916T080019Z_10942_tsrag slurm_job_id=3445481 launched_at=2026-09-16T08:44:45.502484+00:00
/fslarge/scratch/users/h61084/codes/adaptime/outputs/adaptime/extractions/tsrag/univariate/current_velocity/15T/short/run_0/extraction/manifest.json
TIME run allocation action=new run=/fslarge/scratch/users/h61084/codes/adaptime/outputs/adaptime/extractions/tsrag/univariate/current_velocity/15T/medium/run_0 launch_id=selena_adaptime_unified_20260916T080019Z_10942_tsrag slurm_job_id=3445481 launched_at=2026-09-16T08:44:45.528424+00:00
/fslarge/scratch/users/h61084/codes/adaptime/outputs/adaptime/extractions/tsrag/univariate/current_velocity/15T/medium/run_0/extraction/manifest.json
TIME run allocation action=new run=/fslarge/scratch/users/h61084/codes/adaptime/outputs/adaptime/extractions/tsrag/univariate/current_velocity/15T/long/run_0 launch_id=selena_adaptime_unified_20260916T080019Z_10942_tsrag slurm_job_id=3445481 launched_at=2026-09-16T08:44:45.551407+00:00
/fslarge/scratch/users/h61084/codes/adaptime/outputs/adaptime/extractions/tsrag/univariate/current_velocity/15T/long/run_0/extraction/manifest.json
TIME run allocation action=new run=/fslarge/scratch/users/h61084/codes/adaptime/outputs/adaptime/extractions/tsrag/univariate/current_velocity/H/short/run_0 launch_id=selena_adaptime_unified_20260916T080019Z_10942_tsrag slurm_job_id=3445481 launched_at=2026-09-16T08:44:45.572419+00:00
/fslarge/scratch/users/h61084/codes/adaptime/outputs/adaptime/extractions/tsrag/univariate/current_velocity/H/short/run_0/extraction/manifest.json
TIME run allocation action=new run=/fslarge/scratch/users/h61084/codes/adaptime/outputs/adaptime/extractions/tsrag/univariate/current_velocity/H/medium/run_0 launch_id=selena_adaptime_unified_20260916T080019Z_10942_tsrag slurm_job_id=3445481 launched_at=2026-09-16T08:44:45.592024+00:00
/fslarge/scratch/users/h61084/codes/adaptime/outputs/adaptime/extractions/tsrag/univariate/current_velocity/H/medium/run_0/extraction/manifest.json
TIME run allocation action=new run=/fslarge/scratch/users/h61084/codes/adaptime/outputs/adaptime/extractions/tsrag/univariate/current_velocity/H/long/run_0 launch_id=selena_adaptime_unified_20260916T080019Z_10942_tsrag slurm_job_id=3445481 launched_at=2026-09-16T08:44:45.613721+00:00
/fslarge/scratch/users/h61084/codes/adaptime/outputs/adaptime/extractions/tsrag/univariate/current_velocity/H/long/run_0/extraction/manifest.json
TIME run allocation action=new run=/fslarge/scratch/users/h61084/codes/adaptime/outputs/adaptime/extractions/tsrag/univariate/CPHL/15T/short/run_0 launch_id=selena_adaptime_unified_20260916T080019Z_10942_tsrag slurm_job_id=3445481 launched_at=2026-09-16T08:44:45.636310+00:00
/fslarge/scratch/users/h61084/codes/adaptime/outputs/adaptime/extractions/tsrag/univariate/CPHL/15T/short/run_0/extraction/manifest.json
TIME run allocation action=new run=/fslarge/scratch/users/h61084/codes/adaptime/outputs/adaptime/extractions/tsrag/univariate/CPHL/15T/medium/run_0 launch_id=selena_adaptime_unified_20260916T080019Z_10942_tsrag slurm_job_id=3445481 launched_at=2026-09-16T08:44:45.655445+00:00
/fslarge/scratch/users/h61084/codes/adaptime/outputs/adaptime/extractions/tsrag/univariate/CPHL/15T/medium/run_0/extraction/manifest.json
TIME run allocation action=new run=/fslarge/scratch/users/h61084/codes/adaptime/outputs/adaptime/extractions/tsrag/univariate/CPHL/15T/long/run_0 launch_id=selena_adaptime_unified_20260916T080019Z_10942_tsrag slurm_job_id=3445481 launched_at=2026-09-16T08:44:53.200641+00:00
/fslarge/scratch/users/h61084/codes/adaptime/outputs/adaptime/extractions/tsrag/univariate/CPHL/15T/long/run_0/extraction/manifest.json
TIME run allocation action=new run=/fslarge/scratch/users/h61084/codes/adaptime/outputs/adaptime/extractions/tsrag/univariate/CPHL/30T/short/run_0 launch_id=selena_adaptime_unified_20260916T080019Z_10942_tsrag slurm_job_id=3445481 launched_at=2026-09-16T08:44:59.757871+00:00
/fslarge/scratch/users/h61084/codes/adaptime/outputs/adaptime/extractions/tsrag/univariate/CPHL/30T/short/run_0/extraction/manifest.json
TIME run allocation action=new run=/fslarge/scratch/users/h61084/codes/adaptime/outputs/adaptime/extractions/tsrag/univariate/CPHL/30T/medium/run_0 launch_id=selena_adaptime_unified_20260916T080019Z_10942_tsrag slurm_job_id=3445481 launched_at=2026-09-16T08:44:59.777100+00:00
/fslarge/scratch/users/h61084/codes/adaptime/outputs/adaptime/extractions/tsrag/univariate/CPHL/30T/medium/run_0/extraction/manifest.json
TIME run allocation action=new run=/fslarge/scratch/users/h61084/codes/adaptime/outputs/adaptime/extractions/tsrag/univariate/CPHL/30T/long/run_0 launch_id=selena_adaptime_unified_20260916T080019Z_10942_tsrag slurm_job_id=3445481 launched_at=2026-09-16T08:44:59.796818+00:00
/fslarge/scratch/users/h61084/codes/adaptime/outputs/adaptime/extractions/tsrag/univariate/CPHL/30T/long/run_0/extraction/manifest.json
TIME run allocation action=new run=/fslarge/scratch/users/h61084/codes/adaptime/outputs/adaptime/extractions/tsrag/univariate/CPHL/H/short/run_0 launch_id=selena_adaptime_unified_20260916T080019Z_10942_tsrag slurm_job_id=3445481 launched_at=2026-09-16T08:45:30.173771+00:00
/fslarge/scratch/users/h61084/codes/adaptime/outputs/adaptime/extractions/tsrag/univariate/CPHL/H/short/run_0/extraction/manifest.json
TIME run allocation action=new run=/fslarge/scratch/users/h61084/codes/adaptime/outputs/adaptime/extractions/tsrag/univariate/CPHL/H/medium/run_0 launch_id=selena_adaptime_unified_20260916T080019Z_10942_tsrag slurm_job_id=3445481 launched_at=2026-09-16T08:45:30.192832+00:00
/fslarge/scratch/users/h61084/codes/adaptime/outputs/adaptime/extractions/tsrag/univariate/CPHL/H/medium/run_0/extraction/manifest.json
TIME run allocation action=new run=/fslarge/scratch/users/h61084/codes/adaptime/outputs/adaptime/extractions/tsrag/univariate/CPHL/H/long/run_0 launch_id=selena_adaptime_unified_20260916T080019Z_10942_tsrag slurm_job_id=3445481 launched_at=2026-09-16T08:45:30.212506+00:00
/fslarge/scratch/users/h61084/codes/adaptime/outputs/adaptime/extractions/tsrag/univariate/CPHL/H/long/run_0/extraction/manifest.json
TIME run allocation action=new run=/fslarge/scratch/users/h61084/codes/adaptime/outputs/adaptime/extractions/tsrag/univariate/Coastal_T_S/15T/short/run_0 launch_id=selena_adaptime_unified_20260916T080019Z_10942_tsrag slurm_job_id=3445481 launched_at=2026-09-16T08:45:30.232529+00:00
/fslarge/scratch/users/h61084/codes/adaptime/outputs/adaptime/extractions/tsrag/univariate/Coastal_T_S/15T/short/run_0/extraction/manifest.json
TIME run allocation action=new run=/fslarge/scratch/users/h61084/codes/adaptime/outputs/adaptime/extractions/tsrag/univariate/Coastal_T_S/15T/medium/run_0 launch_id=selena_adaptime_unified_20260916T080019Z_10942_tsrag slurm_job_id=3445481 launched_at=2026-09-16T08:45:30.252470+00:00
/fslarge/scratch/users/h61084/codes/adaptime/outputs/adaptime/extractions/tsrag/univariate/Coastal_T_S/15T/medium/run_0/extraction/manifest.json
TIME run allocation action=new run=/fslarge/scratch/users/h61084/codes/adaptime/outputs/adaptime/extractions/tsrag/univariate/Coastal_T_S/15T/long/run_0 launch_id=selena_adaptime_unified_20260916T080019Z_10942_tsrag slurm_job_id=3445481 launched_at=2026-09-16T08:51:09.373290+00:00
/fslarge/scratch/users/h61084/codes/adaptime/outputs/adaptime/extractions/tsrag/univariate/Coastal_T_S/15T/long/run_0/extraction/manifest.json
TIME run allocation action=new run=/fslarge/scratch/users/h61084/codes/adaptime/outputs/adaptime/extractions/tsrag/univariate/Coastal_T_S/20T/short/run_0 launch_id=selena_adaptime_unified_20260916T080019Z_10942_tsrag slurm_job_id=3445481 launched_at=2026-09-16T08:55:02.720599+00:00
/fslarge/scratch/users/h61084/codes/adaptime/outputs/adaptime/extractions/tsrag/univariate/Coastal_T_S/20T/short/run_0/extraction/manifest.json
TIME run allocation action=new run=/fslarge/scratch/users/h61084/codes/adaptime/outputs/adaptime/extractions/tsrag/univariate/Coastal_T_S/20T/medium/run_0 launch_id=selena_adaptime_unified_20260916T080019Z_10942_tsrag slurm_job_id=3445481 launched_at=2026-09-16T08:55:02.740230+00:00
/fslarge/scratch/users/h61084/codes/adaptime/outputs/adaptime/extractions/tsrag/univariate/Coastal_T_S/20T/medium/run_0/extraction/manifest.json
TIME run allocation action=new run=/fslarge/scratch/users/h61084/codes/adaptime/outputs/adaptime/extractions/tsrag/univariate/Coastal_T_S/20T/long/run_0 launch_id=selena_adaptime_unified_20260916T080019Z_10942_tsrag slurm_job_id=3445481 launched_at=2026-09-16T08:55:05.915871+00:00
/fslarge/scratch/users/h61084/codes/adaptime/outputs/adaptime/extractions/tsrag/univariate/Coastal_T_S/20T/long/run_0/extraction/manifest.json
TIME run allocation action=new run=/fslarge/scratch/users/h61084/codes/adaptime/outputs/adaptime/extractions/tsrag/univariate/Coastal_T_S/H/short/run_0 launch_id=selena_adaptime_unified_20260916T080019Z_10942_tsrag slurm_job_id=3445481 launched_at=2026-09-16T08:55:10.483386+00:00
/fslarge/scratch/users/h61084/codes/adaptime/outputs/adaptime/extractions/tsrag/univariate/Coastal_T_S/H/short/run_0/extraction/manifest.json
TIME run allocation action=new run=/fslarge/scratch/users/h61084/codes/adaptime/outputs/adaptime/extractions/tsrag/univariate/Coastal_T_S/H/medium/run_0 launch_id=selena_adaptime_unified_20260916T080019Z_10942_tsrag slurm_job_id=3445481 launched_at=2026-09-16T08:55:10.502748+00:00
/fslarge/scratch/users/h61084/codes/adaptime/outputs/adaptime/extractions/tsrag/univariate/Coastal_T_S/H/medium/run_0/extraction/manifest.json
TIME run allocation action=new run=/fslarge/scratch/users/h61084/codes/adaptime/outputs/adaptime/extractions/tsrag/univariate/Coastal_T_S/H/long/run_0 launch_id=selena_adaptime_unified_20260916T080019Z_10942_tsrag slurm_job_id=3445481 launched_at=2026-09-16T08:55:10.526499+00:00
/fslarge/scratch/users/h61084/codes/adaptime/outputs/adaptime/extractions/tsrag/univariate/Coastal_T_S/H/long/run_0/extraction/manifest.json
TIME run allocation action=new run=/fslarge/scratch/users/h61084/codes/adaptime/outputs/adaptime/extractions/tsrag/univariate/SG_Weather/D/short/run_0 launch_id=selena_adaptime_unified_20260916T080019Z_10942_tsrag slurm_job_id=3445481 launched_at=2026-09-16T09:00:51.059672+00:00
/fslarge/scratch/users/h61084/codes/adaptime/outputs/adaptime/extractions/tsrag/univariate/SG_Weather/D/short/run_0/extraction/manifest.json
TIME run allocation action=new run=/fslarge/scratch/users/h61084/codes/adaptime/outputs/adaptime/extractions/tsrag/univariate/SG_Weather/D/medium/run_0 launch_id=selena_adaptime_unified_20260916T080019Z_10942_tsrag slurm_job_id=3445481 launched_at=2026-09-16T09:00:51.085602+00:00
/fslarge/scratch/users/h61084/codes/adaptime/outputs/adaptime/extractions/tsrag/univariate/SG_Weather/D/medium/run_0/extraction/manifest.json
TIME run allocation action=new run=/fslarge/scratch/users/h61084/codes/adaptime/outputs/adaptime/extractions/tsrag/univariate/SG_Weather/D/long/run_0 launch_id=selena_adaptime_unified_20260916T080019Z_10942_tsrag slurm_job_id=3445481 launched_at=2026-09-16T09:00:51.104016+00:00
/fslarge/scratch/users/h61084/codes/adaptime/outputs/adaptime/extractions/tsrag/univariate/SG_Weather/D/long/run_0/extraction/manifest.json
TIME run allocation action=new run=/fslarge/scratch/users/h61084/codes/adaptime/outputs/adaptime/extractions/tsrag/univariate/SG_PM25/H/short/run_0 launch_id=selena_adaptime_unified_20260916T080019Z_10942_tsrag slurm_job_id=3445481 launched_at=2026-09-16T09:00:51.122849+00:00
/fslarge/scratch/users/h61084/codes/adaptime/outputs/adaptime/extractions/tsrag/univariate/SG_PM25/H/short/run_0/extraction/manifest.json
TIME run allocation action=new run=/fslarge/scratch/users/h61084/codes/adaptime/outputs/adaptime/extractions/tsrag/univariate/SG_PM25/H/medium/run_0 launch_id=selena_adaptime_unified_20260916T080019Z_10942_tsrag slurm_job_id=3445481 launched_at=2026-09-16T09:01:02.256538+00:00
/fslarge/scratch/users/h61084/codes/adaptime/outputs/adaptime/extractions/tsrag/univariate/SG_PM25/H/medium/run_0/extraction/manifest.json
TIME run allocation action=new run=/fslarge/scratch/users/h61084/codes/adaptime/outputs/adaptime/extractions/tsrag/univariate/SG_PM25/H/long/run_0 launch_id=selena_adaptime_unified_20260916T080019Z_10942_tsrag slurm_job_id=3445481 launched_at=2026-09-16T09:04:57.437677+00:00
/fslarge/scratch/users/h61084/codes/adaptime/outputs/adaptime/extractions/tsrag/univariate/SG_PM25/H/long/run_0/extraction/manifest.json
TIME run allocation action=new run=/fslarge/scratch/users/h61084/codes/adaptime/outputs/adaptime/extractions/tsrag/univariate/NE_China_Wind/H/short/run_0 launch_id=selena_adaptime_unified_20260916T080019Z_10942_tsrag slurm_job_id=3445481 launched_at=2026-09-16T09:09:51.562688+00:00
/fslarge/scratch/users/h61084/codes/adaptime/outputs/adaptime/extractions/tsrag/univariate/NE_China_Wind/H/short/run_0/extraction/manifest.json
TIME run allocation action=new run=/fslarge/scratch/users/h61084/codes/adaptime/outputs/adaptime/extractions/tsrag/univariate/NE_China_Wind/H/medium/run_0 launch_id=selena_adaptime_unified_20260916T080019Z_10942_tsrag slurm_job_id=3445481 launched_at=2026-09-16T09:09:51.588365+00:00
/fslarge/scratch/users/h61084/codes/adaptime/outputs/adaptime/extractions/tsrag/univariate/NE_China_Wind/H/medium/run_0/extraction/manifest.json
TIME run allocation action=new run=/fslarge/scratch/users/h61084/codes/adaptime/outputs/adaptime/extractions/tsrag/univariate/NE_China_Wind/H/long/run_0 launch_id=selena_adaptime_unified_20260916T080019Z_10942_tsrag slurm_job_id=3445481 launched_at=2026-09-16T09:10:18.547917+00:00
/fslarge/scratch/users/h61084/codes/adaptime/outputs/adaptime/extractions/tsrag/univariate/NE_China_Wind/H/long/run_0/extraction/manifest.json
TIME run allocation action=new run=/fslarge/scratch/users/h61084/codes/adaptime/outputs/adaptime/extractions/tsrag/univariate/Australia_Solar/H/short/run_0 launch_id=selena_adaptime_unified_20260916T080019Z_10942_tsrag slurm_job_id=3445481 launched_at=2026-09-16T09:10:37.330810+00:00
/fslarge/scratch/users/h61084/codes/adaptime/outputs/adaptime/extractions/tsrag/univariate/Australia_Solar/H/short/run_0/extraction/manifest.json
TIME run allocation action=new run=/fslarge/scratch/users/h61084/codes/adaptime/outputs/adaptime/extractions/tsrag/univariate/Australia_Solar/H/medium/run_0 launch_id=selena_adaptime_unified_20260916T080019Z_10942_tsrag slurm_job_id=3445481 launched_at=2026-09-16T09:10:37.350186+00:00
/fslarge/scratch/users/h61084/codes/adaptime/outputs/adaptime/extractions/tsrag/univariate/Australia_Solar/H/medium/run_0/extraction/manifest.json
TIME run allocation action=new run=/fslarge/scratch/users/h61084/codes/adaptime/outputs/adaptime/extractions/tsrag/univariate/Australia_Solar/H/long/run_0 launch_id=selena_adaptime_unified_20260916T080019Z_10942_tsrag slurm_job_id=3445481 launched_at=2026-09-16T09:12:24.199084+00:00
/fslarge/scratch/users/h61084/codes/adaptime/outputs/adaptime/extractions/tsrag/univariate/Australia_Solar/H/long/run_0/extraction/manifest.json
TIME run allocation action=new run=/fslarge/scratch/users/h61084/codes/adaptime/outputs/adaptime/extractions/tsrag/univariate/epf_electricity_price/H/short/run_0 launch_id=selena_adaptime_unified_20260916T080019Z_10942_tsrag slurm_job_id=3445481 launched_at=2026-09-16T09:14:55.816781+00:00
/fslarge/scratch/users/h61084/codes/adaptime/outputs/adaptime/extractions/tsrag/univariate/epf_electricity_price/H/short/run_0/extraction/manifest.json
TIME run allocation action=new run=/fslarge/scratch/users/h61084/codes/adaptime/outputs/adaptime/extractions/tsrag/univariate/epf_electricity_price/H/medium/run_0 launch_id=selena_adaptime_unified_20260916T080019Z_10942_tsrag slurm_job_id=3445481 launched_at=2026-09-16T09:16:21.688997+00:00
/fslarge/scratch/users/h61084/codes/adaptime/outputs/adaptime/extractions/tsrag/univariate/epf_electricity_price/H/medium/run_0/extraction/manifest.json
TIME run allocation action=new run=/fslarge/scratch/users/h61084/codes/adaptime/outputs/adaptime/extractions/tsrag/univariate/epf_electricity_price/H/long/run_0 launch_id=selena_adaptime_unified_20260916T080019Z_10942_tsrag slurm_job_id=3445481 launched_at=2026-09-16T09:20:59.835613+00:00
/fslarge/scratch/users/h61084/codes/adaptime/outputs/adaptime/extractions/tsrag/univariate/epf_electricity_price/H/long/run_0/extraction/manifest.json
TIME run allocation action=new run=/fslarge/scratch/users/h61084/codes/adaptime/outputs/adaptime/extractions/tsrag/univariate/OpenElectricity_NEM/5T/short/run_0 launch_id=selena_adaptime_unified_20260916T080019Z_10942_tsrag slurm_job_id=3445481 launched_at=2026-09-16T09:24:30.861214+00:00
/fslarge/scratch/users/h61084/codes/adaptime/outputs/adaptime/extractions/tsrag/univariate/OpenElectricity_NEM/5T/short/run_0/extraction/manifest.json
TIME run allocation action=new run=/fslarge/scratch/users/h61084/codes/adaptime/outputs/adaptime/extractions/tsrag/univariate/OpenElectricity_NEM/5T/medium/run_0 launch_id=selena_adaptime_unified_20260916T080019Z_10942_tsrag slurm_job_id=3445481 launched_at=2026-09-16T09:24:30.889600+00:00
/fslarge/scratch/users/h61084/codes/adaptime/outputs/adaptime/extractions/tsrag/univariate/OpenElectricity_NEM/5T/medium/run_0/extraction/manifest.json
TIME run allocation action=new run=/fslarge/scratch/users/h61084/codes/adaptime/outputs/adaptime/extractions/tsrag/univariate/OpenElectricity_NEM/5T/long/run_0 launch_id=selena_adaptime_unified_20260916T080019Z_10942_tsrag slurm_job_id=3445481 launched_at=2026-09-16T09:24:59.022368+00:00
/fslarge/scratch/users/h61084/codes/adaptime/outputs/adaptime/extractions/tsrag/univariate/OpenElectricity_NEM/5T/long/run_0/extraction/manifest.json
TIME run allocation action=new run=/fslarge/scratch/users/h61084/codes/adaptime/outputs/adaptime/extractions/tsrag/univariate/EWELD_Load/15T/short/run_0 launch_id=selena_adaptime_unified_20260916T080019Z_10942_tsrag slurm_job_id=3445481 launched_at=2026-09-16T09:25:12.728967+00:00
/fslarge/scratch/users/h61084/codes/adaptime/outputs/adaptime/extractions/tsrag/univariate/EWELD_Load/15T/short/run_0/extraction/manifest.json
TIME run allocation action=new run=/fslarge/scratch/users/h61084/codes/adaptime/outputs/adaptime/extractions/tsrag/univariate/EWELD_Load/15T/medium/run_0 launch_id=selena_adaptime_unified_20260916T080019Z_10942_tsrag slurm_job_id=3445481 launched_at=2026-09-16T09:25:12.748278+00:00
/fslarge/scratch/users/h61084/codes/adaptime/outputs/adaptime/extractions/tsrag/univariate/EWELD_Load/15T/medium/run_0/extraction/manifest.json
TIME run allocation action=new run=/fslarge/scratch/users/h61084/codes/adaptime/outputs/adaptime/extractions/tsrag/univariate/EWELD_Load/15T/long/run_0 launch_id=selena_adaptime_unified_20260916T080019Z_10942_tsrag slurm_job_id=3445481 launched_at=2026-09-16T09:25:29.771140+00:00
/fslarge/scratch/users/h61084/codes/adaptime/outputs/adaptime/extractions/tsrag/univariate/EWELD_Load/15T/long/run_0/extraction/manifest.json
TIME run allocation action=new run=/fslarge/scratch/users/h61084/codes/adaptime/outputs/adaptime/extractions/tsrag/univariate/SG_Carpark/15T/short/run_0 launch_id=selena_adaptime_unified_20260916T080019Z_10942_tsrag slurm_job_id=3445481 launched_at=2026-09-16T09:25:32.001935+00:00
/fslarge/scratch/users/h61084/codes/adaptime/outputs/adaptime/extractions/tsrag/univariate/SG_Carpark/15T/short/run_0/extraction/manifest.json
TIME run allocation action=new run=/fslarge/scratch/users/h61084/codes/adaptime/outputs/adaptime/extractions/tsrag/univariate/SG_Carpark/15T/medium/run_0 launch_id=selena_adaptime_unified_20260916T080019Z_10942_tsrag slurm_job_id=3445481 launched_at=2026-09-16T09:25:32.021945+00:00
/fslarge/scratch/users/h61084/codes/adaptime/outputs/adaptime/extractions/tsrag/univariate/SG_Carpark/15T/medium/run_0/extraction/manifest.json
TIME run allocation action=new run=/fslarge/scratch/users/h61084/codes/adaptime/outputs/adaptime/extractions/tsrag/univariate/SG_Carpark/15T/long/run_0 launch_id=selena_adaptime_unified_20260916T080019Z_10942_tsrag slurm_job_id=3445481 launched_at=2026-09-16T09:30:22.895935+00:00
/fslarge/scratch/users/h61084/codes/adaptime/outputs/adaptime/extractions/tsrag/univariate/SG_Carpark/15T/long/run_0/extraction/manifest.json
TIME run allocation action=new run=/fslarge/scratch/users/h61084/codes/adaptime/outputs/adaptime/extractions/tsrag/univariate/Finland_Traffic/15T/short/run_0 launch_id=selena_adaptime_unified_20260916T080019Z_10942_tsrag slurm_job_id=3445481 launched_at=2026-09-16T09:30:46.777984+00:00
/fslarge/scratch/users/h61084/codes/adaptime/outputs/adaptime/extractions/tsrag/univariate/Finland_Traffic/15T/short/run_0/extraction/manifest.json
TIME run allocation action=new run=/fslarge/scratch/users/h61084/codes/adaptime/outputs/adaptime/extractions/tsrag/univariate/Finland_Traffic/15T/medium/run_0 launch_id=selena_adaptime_unified_20260916T080019Z_10942_tsrag slurm_job_id=3445481 launched_at=2026-09-16T09:30:46.803852+00:00
/fslarge/scratch/users/h61084/codes/adaptime/outputs/adaptime/extractions/tsrag/univariate/Finland_Traffic/15T/medium/run_0/extraction/manifest.json
TIME run allocation action=new run=/fslarge/scratch/users/h61084/codes/adaptime/outputs/adaptime/extractions/tsrag/univariate/Finland_Traffic/15T/long/run_0 launch_id=selena_adaptime_unified_20260916T080019Z_10942_tsrag slurm_job_id=3445481 launched_at=2026-09-16T09:30:52.066261+00:00
/fslarge/scratch/users/h61084/codes/adaptime/outputs/adaptime/extractions/tsrag/univariate/Finland_Traffic/15T/long/run_0/extraction/manifest.json
TIME run allocation action=new run=/fslarge/scratch/users/h61084/codes/adaptime/outputs/adaptime/extractions/tsrag/univariate/Port_Activity/D/short/run_0 launch_id=selena_adaptime_unified_20260916T080019Z_10942_tsrag slurm_job_id=3445481 launched_at=2026-09-16T09:30:52.964677+00:00
/fslarge/scratch/users/h61084/codes/adaptime/outputs/adaptime/extractions/tsrag/univariate/Port_Activity/D/short/run_0/extraction/manifest.json
TIME run allocation action=new run=/fslarge/scratch/users/h61084/codes/adaptime/outputs/adaptime/extractions/tsrag/univariate/Port_Activity/W/short/run_0 launch_id=selena_adaptime_unified_20260916T080019Z_10942_tsrag slurm_job_id=3445481 launched_at=2026-09-16T09:32:10.976950+00:00
/fslarge/scratch/users/h61084/codes/adaptime/outputs/adaptime/extractions/tsrag/univariate/Port_Activity/W/short/run_0/extraction/manifest.json
TIME run allocation action=new run=/fslarge/scratch/users/h61084/codes/adaptime/outputs/adaptime/extractions/tsrag/univariate/ECDC_COVID/D/short/run_0 launch_id=selena_adaptime_unified_20260916T080019Z_10942_tsrag slurm_job_id=3445481 launched_at=2026-09-16T09:32:10.997627+00:00
/fslarge/scratch/users/h61084/codes/adaptime/outputs/adaptime/extractions/tsrag/univariate/ECDC_COVID/D/short/run_0/extraction/manifest.json
TIME run allocation action=new run=/fslarge/scratch/users/h61084/codes/adaptime/outputs/adaptime/extractions/tsrag/univariate/ECDC_COVID/W/short/run_0 launch_id=selena_adaptime_unified_20260916T080019Z_10942_tsrag slurm_job_id=3445481 launched_at=2026-09-16T09:32:11.017567+00:00
/fslarge/scratch/users/h61084/codes/adaptime/outputs/adaptime/extractions/tsrag/univariate/ECDC_COVID/W/short/run_0/extraction/manifest.json
TIME run allocation action=new run=/fslarge/scratch/users/h61084/codes/adaptime/outputs/adaptime/extractions/tsrag/univariate/Global_Influenza/W/short/run_0 launch_id=selena_adaptime_unified_20260916T080019Z_10942_tsrag slurm_job_id=3445481 launched_at=2026-09-16T09:32:11.037953+00:00
/fslarge/scratch/users/h61084/codes/adaptime/outputs/adaptime/extractions/tsrag/univariate/Global_Influenza/W/short/run_0/extraction/manifest.json
TIME run allocation action=new run=/fslarge/scratch/users/h61084/codes/adaptime/outputs/adaptime/extractions/tsrag/univariate/Crypto/D/short/run_0 launch_id=selena_adaptime_unified_20260916T080019Z_10942_tsrag slurm_job_id=3445481 launched_at=2026-09-16T09:32:11.058114+00:00
/fslarge/scratch/users/h61084/codes/adaptime/outputs/adaptime/extractions/tsrag/univariate/Crypto/D/short/run_0/extraction/manifest.json
TIME run allocation action=new run=/fslarge/scratch/users/h61084/codes/adaptime/outputs/adaptime/extractions/tsrag/univariate/US_Term_Structure/B/short/run_0 launch_id=selena_adaptime_unified_20260916T080019Z_10942_tsrag slurm_job_id=3445481 launched_at=2026-09-16T09:32:20.134317+00:00
/fslarge/scratch/users/h61084/codes/adaptime/outputs/adaptime/extractions/tsrag/univariate/US_Term_Structure/B/short/run_0/extraction/manifest.json
TIME run allocation action=new run=/fslarge/scratch/users/h61084/codes/adaptime/outputs/adaptime/extractions/tsrag/univariate/Oil_Price/B/short/run_0 launch_id=selena_adaptime_unified_20260916T080019Z_10942_tsrag slurm_job_id=3445481 launched_at=2026-09-16T09:39:10.631354+00:00
/fslarge/scratch/users/h61084/codes/adaptime/outputs/adaptime/extractions/tsrag/univariate/Oil_Price/B/short/run_0/extraction/manifest.json
TIME run allocation action=new run=/fslarge/scratch/users/h61084/codes/adaptime/outputs/adaptime/extractions/tsrag/univariate/Job_Claims/W/short/run_0 launch_id=selena_adaptime_unified_20260916T080019Z_10942_tsrag slurm_job_id=3445481 launched_at=2026-09-16T09:39:33.195851+00:00
/fslarge/scratch/users/h61084/codes/adaptime/outputs/adaptime/extractions/tsrag/univariate/Job_Claims/W/short/run_0/extraction/manifest.json
TIME run allocation action=new run=/fslarge/scratch/users/h61084/codes/adaptime/outputs/adaptime/extractions/tsrag/univariate/Uncertainty_1M/M/short/run_0 launch_id=selena_adaptime_unified_20260916T080019Z_10942_tsrag slurm_job_id=3445481 launched_at=2026-09-16T09:39:33.215829+00:00
/fslarge/scratch/users/h61084/codes/adaptime/outputs/adaptime/extractions/tsrag/univariate/Uncertainty_1M/M/short/run_0/extraction/manifest.json
TIME run allocation action=new run=/fslarge/scratch/users/h61084/codes/adaptime/outputs/adaptime/extractions/tsrag/univariate/Housing_Inventory/M/short/run_0 launch_id=selena_adaptime_unified_20260916T080019Z_10942_tsrag slurm_job_id=3445481 launched_at=2026-09-16T09:39:33.599749+00:00
/fslarge/scratch/users/h61084/codes/adaptime/outputs/adaptime/extractions/tsrag/univariate/Housing_Inventory/M/short/run_0/extraction/manifest.json
TIME run allocation action=new run=/fslarge/scratch/users/h61084/codes/adaptime/outputs/adaptime/extractions/tsrag/univariate/JOLTS/M/short/run_0 launch_id=selena_adaptime_unified_20260916T080019Z_10942_tsrag slurm_job_id=3445481 launched_at=2026-09-16T09:39:33.620120+00:00
/fslarge/scratch/users/h61084/codes/adaptime/outputs/adaptime/extractions/tsrag/univariate/JOLTS/M/short/run_0/extraction/manifest.json
TIME run allocation action=new run=/fslarge/scratch/users/h61084/codes/adaptime/outputs/adaptime/extractions/tsrag/univariate/US_Labor/M/short/run_0 launch_id=selena_adaptime_unified_20260916T080019Z_10942_tsrag slurm_job_id=3445481 launched_at=2026-09-16T09:39:33.639924+00:00
/fslarge/scratch/users/h61084/codes/adaptime/outputs/adaptime/extractions/tsrag/univariate/US_Labor/M/short/run_0/extraction/manifest.json
TIME run allocation action=new run=/fslarge/scratch/users/h61084/codes/adaptime/outputs/adaptime/extractions/tsrag/univariate/Vehicle_Supply/M/short/run_0 launch_id=selena_adaptime_unified_20260916T080019Z_10942_tsrag slurm_job_id=3445481 launched_at=2026-09-16T09:39:33.659401+00:00
/fslarge/scratch/users/h61084/codes/adaptime/outputs/adaptime/extractions/tsrag/univariate/Vehicle_Supply/M/short/run_0/extraction/manifest.json
TIME run allocation action=new run=/fslarge/scratch/users/h61084/codes/adaptime/outputs/adaptime/extractions/tsrag/univariate/Auto_Production_SF/M/short/run_0 launch_id=selena_adaptime_unified_20260916T080019Z_10942_tsrag slurm_job_id=3445481 launched_at=2026-09-16T09:39:33.679390+00:00
/fslarge/scratch/users/h61084/codes/adaptime/outputs/adaptime/extractions/tsrag/univariate/Auto_Production_SF/M/short/run_0/extraction/manifest.json
TIME run allocation action=new run=/fslarge/scratch/users/h61084/codes/adaptime/outputs/adaptime/extractions/tsrag/univariate/Commodity_Production/M/short/run_0 launch_id=selena_adaptime_unified_20260916T080019Z_10942_tsrag slurm_job_id=3445481 launched_at=2026-09-16T09:39:33.698475+00:00
/fslarge/scratch/users/h61084/codes/adaptime/outputs/adaptime/extractions/tsrag/univariate/Commodity_Production/M/short/run_0/extraction/manifest.json
TIME run allocation action=new run=/fslarge/scratch/users/h61084/codes/adaptime/outputs/adaptime/extractions/tsrag/univariate/Commodity_Import/M/short/run_0 launch_id=selena_adaptime_unified_20260916T080019Z_10942_tsrag slurm_job_id=3445481 launched_at=2026-09-16T09:39:33.717973+00:00
/fslarge/scratch/users/h61084/codes/adaptime/outputs/adaptime/extractions/tsrag/univariate/Commodity_Import/M/short/run_0/extraction/manifest.json
TIME run allocation action=new run=/fslarge/scratch/users/h61084/codes/adaptime/outputs/adaptime/extractions/tsrag/univariate/WUI_Global/Q/short/run_0 launch_id=selena_adaptime_unified_20260916T080019Z_10942_tsrag slurm_job_id=3445481 launched_at=2026-09-16T09:39:33.737577+00:00
/fslarge/scratch/users/h61084/codes/adaptime/outputs/adaptime/extractions/tsrag/univariate/WUI_Global/Q/short/run_0/extraction/manifest.json
TIME run allocation action=new run=/fslarge/scratch/users/h61084/codes/adaptime/outputs/adaptime/extractions/tsrag/univariate/Global_Price/Q/short/run_0 launch_id=selena_adaptime_unified_20260916T080019Z_10942_tsrag slurm_job_id=3445481 launched_at=2026-09-16T09:39:33.757359+00:00
/fslarge/scratch/users/h61084/codes/adaptime/outputs/adaptime/extractions/tsrag/univariate/Global_Price/Q/short/run_0/extraction/manifest.json
TIME run allocation action=new run=/fslarge/scratch/users/h61084/codes/adaptime/outputs/adaptime/extractions/tsrag/univariate/Vehicle_Sales/M/short/run_0 launch_id=selena_adaptime_unified_20260916T080019Z_10942_tsrag slurm_job_id=3445481 launched_at=2026-09-16T09:39:33.776364+00:00
/fslarge/scratch/users/h61084/codes/adaptime/outputs/adaptime/extractions/tsrag/univariate/Vehicle_Sales/M/short/run_0/extraction/manifest.json
TIME run allocation action=new run=/fslarge/scratch/users/h61084/codes/adaptime/outputs/adaptime/extractions/tsrag/univariate/Online_Retail_2_UCI/D/short/run_0 launch_id=selena_adaptime_unified_20260916T080019Z_10942_tsrag slurm_job_id=3445481 launched_at=2026-09-16T09:39:33.795756+00:00
/fslarge/scratch/users/h61084/codes/adaptime/outputs/adaptime/extractions/tsrag/univariate/Online_Retail_2_UCI/D/short/run_0/extraction/manifest.json
TIME run allocation action=new run=/fslarge/scratch/users/h61084/codes/adaptime/outputs/adaptime/extractions/tsrag/univariate/Supply_Chain_Customer/D/short/run_0 launch_id=selena_adaptime_unified_20260916T080019Z_10942_tsrag slurm_job_id=3445481 launched_at=2026-09-16T09:39:33.815530+00:00
/fslarge/scratch/users/h61084/codes/adaptime/outputs/adaptime/extractions/tsrag/univariate/Supply_Chain_Customer/D/short/run_0/extraction/manifest.json
TIME run allocation action=new run=/fslarge/scratch/users/h61084/codes/adaptime/outputs/adaptime/extractions/tsrag/univariate/Supply_Chain_Location/D/short/run_0 launch_id=selena_adaptime_unified_20260916T080019Z_10942_tsrag slurm_job_id=3445481 launched_at=2026-09-16T09:39:40.386398+00:00
/fslarge/scratch/users/h61084/codes/adaptime/outputs/adaptime/extractions/tsrag/univariate/Supply_Chain_Location/D/short/run_0/extraction/manifest.json
TIME run allocation action=new run=/fslarge/scratch/users/h61084/codes/adaptime/outputs/adaptime/extractions/tsrag/univariate/azure2019_U/5T/short/run_0 launch_id=selena_adaptime_unified_20260916T080019Z_10942_tsrag slurm_job_id=3445481 launched_at=2026-09-16T09:39:49.629656+00:00
/fslarge/scratch/users/h61084/codes/adaptime/outputs/adaptime/extractions/tsrag/univariate/azure2019_U/5T/short/run_0/extraction/manifest.json
TIME run allocation action=new run=/fslarge/scratch/users/h61084/codes/adaptime/outputs/adaptime/extractions/tsrag/univariate/Smart_Manufacturing/H/short/run_0 launch_id=selena_adaptime_unified_20260916T080019Z_10942_tsrag slurm_job_id=3445481 launched_at=2026-09-16T09:39:49.649942+00:00
/fslarge/scratch/users/h61084/codes/adaptime/outputs/adaptime/extractions/tsrag/univariate/Smart_Manufacturing/H/short/run_0/extraction/manifest.json
TIME run allocation action=new run=/fslarge/scratch/users/h61084/codes/adaptime/outputs/adaptime/extractions/tsrag/univariate/Smart_Manufacturing/H/medium/run_0 launch_id=selena_adaptime_unified_20260916T080019Z_10942_tsrag slurm_job_id=3445481 launched_at=2026-09-16T09:39:49.670696+00:00
/fslarge/scratch/users/h61084/codes/adaptime/outputs/adaptime/extractions/tsrag/univariate/Smart_Manufacturing/H/medium/run_0/extraction/manifest.json
TIME run allocation action=new run=/fslarge/scratch/users/h61084/codes/adaptime/outputs/adaptime/extractions/tsrag/univariate/Smart_Manufacturing/H/long/run_0 launch_id=selena_adaptime_unified_20260916T080019Z_10942_tsrag slurm_job_id=3445481 launched_at=2026-09-16T09:39:49.691286+00:00
/fslarge/scratch/users/h61084/codes/adaptime/outputs/adaptime/extractions/tsrag/univariate/Smart_Manufacturing/H/long/run_0/extraction/manifest.json
TIME run allocation action=new run=/fslarge/scratch/users/h61084/codes/adaptime/outputs/adaptime/extractions/tsrag/univariate/MetroPT-3/5T/short/run_0 launch_id=selena_adaptime_unified_20260916T080019Z_10942_tsrag slurm_job_id=3445481 launched_at=2026-09-16T09:39:49.710642+00:00
/fslarge/scratch/users/h61084/codes/adaptime/outputs/adaptime/extractions/tsrag/univariate/MetroPT-3/5T/short/run_0/extraction/manifest.json
TIME run allocation action=new run=/fslarge/scratch/users/h61084/codes/adaptime/outputs/adaptime/extractions/tsrag/univariate/MetroPT-3/5T/medium/run_0 launch_id=selena_adaptime_unified_20260916T080019Z_10942_tsrag slurm_job_id=3445481 launched_at=2026-09-16T09:39:52.152716+00:00
/fslarge/scratch/users/h61084/codes/adaptime/outputs/adaptime/extractions/tsrag/univariate/MetroPT-3/5T/medium/run_0/extraction/manifest.json
TIME run allocation action=new run=/fslarge/scratch/users/h61084/codes/adaptime/outputs/adaptime/extractions/tsrag/univariate/MetroPT-3/5T/long/run_0 launch_id=selena_adaptime_unified_20260916T080019Z_10942_tsrag slurm_job_id=3445481 launched_at=2026-09-16T09:39:59.863731+00:00
/fslarge/scratch/users/h61084/codes/adaptime/outputs/adaptime/extractions/tsrag/univariate/MetroPT-3/5T/long/run_0/extraction/manifest.json
TIME run allocation action=new run=/fslarge/scratch/users/h61084/codes/adaptime/outputs/adaptime/predictions/tsrag/univariate/Water_Quality_Darwin/15T/short/run_0 launch_id=selena_adaptime_unified_20260916T080019Z_10942_tsrag slurm_job_id=3445481 launched_at=2026-09-16T09:40:03.654632+00:00
/fslarge/scratch/users/h61084/codes/adaptime/outputs/adaptime/predictions/tsrag/univariate/Water_Quality_Darwin/15T/short/run_0/prediction/prediction_manifest.json
TIME run allocation action=new run=/fslarge/scratch/users/h61084/codes/adaptime/outputs/adaptime/predictions/tsrag/univariate/Water_Quality_Darwin/15T/medium/run_0 launch_id=selena_adaptime_unified_20260916T080019Z_10942_tsrag slurm_job_id=3445481 launched_at=2026-09-16T09:40:03.735078+00:00
/fslarge/scratch/users/h61084/codes/adaptime/outputs/adaptime/predictions/tsrag/univariate/Water_Quality_Darwin/15T/medium/run_0/prediction/prediction_manifest.json
TIME run allocation action=new run=/fslarge/scratch/users/h61084/codes/adaptime/outputs/adaptime/predictions/tsrag/univariate/Water_Quality_Darwin/15T/long/run_0 launch_id=selena_adaptime_unified_20260916T080019Z_10942_tsrag slurm_job_id=3445481 launched_at=2026-09-16T09:40:07.281532+00:00
/fslarge/scratch/users/h61084/codes/adaptime/outputs/adaptime/predictions/tsrag/univariate/Water_Quality_Darwin/15T/long/run_0/prediction/prediction_manifest.json
TIME run allocation action=new run=/fslarge/scratch/users/h61084/codes/adaptime/outputs/adaptime/predictions/tsrag/univariate/current_velocity/5T/short/run_0 launch_id=selena_adaptime_unified_20260916T080019Z_10942_tsrag slurm_job_id=3445481 launched_at=2026-09-16T09:40:10.922933+00:00
/fslarge/scratch/users/h61084/codes/adaptime/outputs/adaptime/predictions/tsrag/univariate/current_velocity/5T/short/run_0/prediction/prediction_manifest.json
TIME run allocation action=new run=/fslarge/scratch/users/h61084/codes/adaptime/outputs/adaptime/predictions/tsrag/univariate/current_velocity/5T/medium/run_0 launch_id=selena_adaptime_unified_20260916T080019Z_10942_tsrag slurm_job_id=3445481 launched_at=2026-09-16T09:40:10.968122+00:00
/fslarge/scratch/users/h61084/codes/adaptime/outputs/adaptime/predictions/tsrag/univariate/current_velocity/5T/medium/run_0/prediction/prediction_manifest.json
TIME run allocation action=new run=/fslarge/scratch/users/h61084/codes/adaptime/outputs/adaptime/predictions/tsrag/univariate/current_velocity/5T/long/run_0 launch_id=selena_adaptime_unified_20260916T080019Z_10942_tsrag slurm_job_id=3445481 launched_at=2026-09-16T09:40:12.201114+00:00
/fslarge/scratch/users/h61084/codes/adaptime/outputs/adaptime/predictions/tsrag/univariate/current_velocity/5T/long/run_0/prediction/prediction_manifest.json
TIME run allocation action=new run=/fslarge/scratch/users/h61084/codes/adaptime/outputs/adaptime/predictions/tsrag/univariate/current_velocity/10T/short/run_0 launch_id=selena_adaptime_unified_20260916T080019Z_10942_tsrag slurm_job_id=3445481 launched_at=2026-09-16T09:40:13.471947+00:00
/fslarge/scratch/users/h61084/codes/adaptime/outputs/adaptime/predictions/tsrag/univariate/current_velocity/10T/short/run_0/prediction/prediction_manifest.json
TIME run allocation action=new run=/fslarge/scratch/users/h61084/codes/adaptime/outputs/adaptime/predictions/tsrag/univariate/current_velocity/10T/medium/run_0 launch_id=selena_adaptime_unified_20260916T080019Z_10942_tsrag slurm_job_id=3445481 launched_at=2026-09-16T09:40:13.522773+00:00
/fslarge/scratch/users/h61084/codes/adaptime/outputs/adaptime/predictions/tsrag/univariate/current_velocity/10T/medium/run_0/prediction/prediction_manifest.json
TIME run allocation action=new run=/fslarge/scratch/users/h61084/codes/adaptime/outputs/adaptime/predictions/tsrag/univariate/current_velocity/10T/long/run_0 launch_id=selena_adaptime_unified_20260916T080019Z_10942_tsrag slurm_job_id=3445481 launched_at=2026-09-16T09:40:13.573087+00:00
/fslarge/scratch/users/h61084/codes/adaptime/outputs/adaptime/predictions/tsrag/univariate/current_velocity/10T/long/run_0/prediction/prediction_manifest.json
TIME run allocation action=new run=/fslarge/scratch/users/h61084/codes/adaptime/outputs/adaptime/predictions/tsrag/univariate/current_velocity/15T/short/run_0 launch_id=selena_adaptime_unified_20260916T080019Z_10942_tsrag slurm_job_id=3445481 launched_at=2026-09-16T09:40:20.574641+00:00
/fslarge/scratch/users/h61084/codes/adaptime/outputs/adaptime/predictions/tsrag/univariate/current_velocity/15T/short/run_0/prediction/prediction_manifest.json
TIME run allocation action=new run=/fslarge/scratch/users/h61084/codes/adaptime/outputs/adaptime/predictions/tsrag/univariate/current_velocity/15T/medium/run_0 launch_id=selena_adaptime_unified_20260916T080019Z_10942_tsrag slurm_job_id=3445481 launched_at=2026-09-16T09:40:20.624852+00:00
/fslarge/scratch/users/h61084/codes/adaptime/outputs/adaptime/predictions/tsrag/univariate/current_velocity/15T/medium/run_0/prediction/prediction_manifest.json
TIME run allocation action=new run=/fslarge/scratch/users/h61084/codes/adaptime/outputs/adaptime/predictions/tsrag/univariate/current_velocity/15T/long/run_0 launch_id=selena_adaptime_unified_20260916T080019Z_10942_tsrag slurm_job_id=3445481 launched_at=2026-09-16T09:40:20.668985+00:00
/fslarge/scratch/users/h61084/codes/adaptime/outputs/adaptime/predictions/tsrag/univariate/current_velocity/15T/long/run_0/prediction/prediction_manifest.json
TIME run allocation action=new run=/fslarge/scratch/users/h61084/codes/adaptime/outputs/adaptime/predictions/tsrag/univariate/current_velocity/H/short/run_0 launch_id=selena_adaptime_unified_20260916T080019Z_10942_tsrag slurm_job_id=3445481 launched_at=2026-09-16T09:40:20.713249+00:00
/fslarge/scratch/users/h61084/codes/adaptime/outputs/adaptime/predictions/tsrag/univariate/current_velocity/H/short/run_0/prediction/prediction_manifest.json
TIME run allocation action=new run=/fslarge/scratch/users/h61084/codes/adaptime/outputs/adaptime/predictions/tsrag/univariate/current_velocity/H/medium/run_0 launch_id=selena_adaptime_unified_20260916T080019Z_10942_tsrag slurm_job_id=3445481 launched_at=2026-09-16T09:40:20.759021+00:00
/fslarge/scratch/users/h61084/codes/adaptime/outputs/adaptime/predictions/tsrag/univariate/current_velocity/H/medium/run_0/prediction/prediction_manifest.json
TIME run allocation action=new run=/fslarge/scratch/users/h61084/codes/adaptime/outputs/adaptime/predictions/tsrag/univariate/current_velocity/H/long/run_0 launch_id=selena_adaptime_unified_20260916T080019Z_10942_tsrag slurm_job_id=3445481 launched_at=2026-09-16T09:40:20.806539+00:00
/fslarge/scratch/users/h61084/codes/adaptime/outputs/adaptime/predictions/tsrag/univariate/current_velocity/H/long/run_0/prediction/prediction_manifest.json
TIME run allocation action=new run=/fslarge/scratch/users/h61084/codes/adaptime/outputs/adaptime/predictions/tsrag/univariate/CPHL/15T/short/run_0 launch_id=selena_adaptime_unified_20260916T080019Z_10942_tsrag slurm_job_id=3445481 launched_at=2026-09-16T09:40:20.854461+00:00
/fslarge/scratch/users/h61084/codes/adaptime/outputs/adaptime/predictions/tsrag/univariate/CPHL/15T/short/run_0/prediction/prediction_manifest.json
TIME run allocation action=new run=/fslarge/scratch/users/h61084/codes/adaptime/outputs/adaptime/predictions/tsrag/univariate/CPHL/15T/medium/run_0 launch_id=selena_adaptime_unified_20260916T080019Z_10942_tsrag slurm_job_id=3445481 launched_at=2026-09-16T09:40:20.899311+00:00
/fslarge/scratch/users/h61084/codes/adaptime/outputs/adaptime/predictions/tsrag/univariate/CPHL/15T/medium/run_0/prediction/prediction_manifest.json
TIME run allocation action=new run=/fslarge/scratch/users/h61084/codes/adaptime/outputs/adaptime/predictions/tsrag/univariate/CPHL/15T/long/run_0 launch_id=selena_adaptime_unified_20260916T080019Z_10942_tsrag slurm_job_id=3445481 launched_at=2026-09-16T09:40:21.345278+00:00
/fslarge/scratch/users/h61084/codes/adaptime/outputs/adaptime/predictions/tsrag/univariate/CPHL/15T/long/run_0/prediction/prediction_manifest.json
TIME run allocation action=new run=/fslarge/scratch/users/h61084/codes/adaptime/outputs/adaptime/predictions/tsrag/univariate/CPHL/30T/short/run_0 launch_id=selena_adaptime_unified_20260916T080019Z_10942_tsrag slurm_job_id=3445481 launched_at=2026-09-16T09:40:21.934414+00:00
/fslarge/scratch/users/h61084/codes/adaptime/outputs/adaptime/predictions/tsrag/univariate/CPHL/30T/short/run_0/prediction/prediction_manifest.json
TIME run allocation action=new run=/fslarge/scratch/users/h61084/codes/adaptime/outputs/adaptime/predictions/tsrag/univariate/CPHL/30T/medium/run_0 launch_id=selena_adaptime_unified_20260916T080019Z_10942_tsrag slurm_job_id=3445481 launched_at=2026-09-16T09:40:21.976726+00:00
/fslarge/scratch/users/h61084/codes/adaptime/outputs/adaptime/predictions/tsrag/univariate/CPHL/30T/medium/run_0/prediction/prediction_manifest.json
TIME run allocation action=new run=/fslarge/scratch/users/h61084/codes/adaptime/outputs/adaptime/predictions/tsrag/univariate/CPHL/30T/long/run_0 launch_id=selena_adaptime_unified_20260916T080019Z_10942_tsrag slurm_job_id=3445481 launched_at=2026-09-16T09:40:22.021098+00:00
/fslarge/scratch/users/h61084/codes/adaptime/outputs/adaptime/predictions/tsrag/univariate/CPHL/30T/long/run_0/prediction/prediction_manifest.json
TIME run allocation action=new run=/fslarge/scratch/users/h61084/codes/adaptime/outputs/adaptime/predictions/tsrag/univariate/CPHL/H/short/run_0 launch_id=selena_adaptime_unified_20260916T080019Z_10942_tsrag slurm_job_id=3445481 launched_at=2026-09-16T09:40:22.459992+00:00
/fslarge/scratch/users/h61084/codes/adaptime/outputs/adaptime/predictions/tsrag/univariate/CPHL/H/short/run_0/prediction/prediction_manifest.json
TIME run allocation action=new run=/fslarge/scratch/users/h61084/codes/adaptime/outputs/adaptime/predictions/tsrag/univariate/CPHL/H/medium/run_0 launch_id=selena_adaptime_unified_20260916T080019Z_10942_tsrag slurm_job_id=3445481 launched_at=2026-09-16T09:40:22.502939+00:00
/fslarge/scratch/users/h61084/codes/adaptime/outputs/adaptime/predictions/tsrag/univariate/CPHL/H/medium/run_0/prediction/prediction_manifest.json
TIME run allocation action=new run=/fslarge/scratch/users/h61084/codes/adaptime/outputs/adaptime/predictions/tsrag/univariate/CPHL/H/long/run_0 launch_id=selena_adaptime_unified_20260916T080019Z_10942_tsrag slurm_job_id=3445481 launched_at=2026-09-16T09:40:22.545389+00:00
/fslarge/scratch/users/h61084/codes/adaptime/outputs/adaptime/predictions/tsrag/univariate/CPHL/H/long/run_0/prediction/prediction_manifest.json
TIME run allocation action=new run=/fslarge/scratch/users/h61084/codes/adaptime/outputs/adaptime/predictions/tsrag/univariate/Coastal_T_S/15T/short/run_0 launch_id=selena_adaptime_unified_20260916T080019Z_10942_tsrag slurm_job_id=3445481 launched_at=2026-09-16T09:40:22.590390+00:00
/fslarge/scratch/users/h61084/codes/adaptime/outputs/adaptime/predictions/tsrag/univariate/Coastal_T_S/15T/short/run_0/prediction/prediction_manifest.json
TIME run allocation action=new run=/fslarge/scratch/users/h61084/codes/adaptime/outputs/adaptime/predictions/tsrag/univariate/Coastal_T_S/15T/medium/run_0 launch_id=selena_adaptime_unified_20260916T080019Z_10942_tsrag slurm_job_id=3445481 launched_at=2026-09-16T09:40:22.635285+00:00
/fslarge/scratch/users/h61084/codes/adaptime/outputs/adaptime/predictions/tsrag/univariate/Coastal_T_S/15T/medium/run_0/prediction/prediction_manifest.json
TIME run allocation action=new run=/fslarge/scratch/users/h61084/codes/adaptime/outputs/adaptime/predictions/tsrag/univariate/Coastal_T_S/15T/long/run_0 launch_id=selena_adaptime_unified_20260916T080019Z_10942_tsrag slurm_job_id=3445481 launched_at=2026-09-16T09:40:24.230679+00:00
/fslarge/scratch/users/h61084/codes/adaptime/outputs/adaptime/predictions/tsrag/univariate/Coastal_T_S/15T/long/run_0/prediction/prediction_manifest.json
TIME run allocation action=new run=/fslarge/scratch/users/h61084/codes/adaptime/outputs/adaptime/predictions/tsrag/univariate/Coastal_T_S/20T/short/run_0 launch_id=selena_adaptime_unified_20260916T080019Z_10942_tsrag slurm_job_id=3445481 launched_at=2026-09-16T09:40:25.915780+00:00
/fslarge/scratch/users/h61084/codes/adaptime/outputs/adaptime/predictions/tsrag/univariate/Coastal_T_S/20T/short/run_0/prediction/prediction_manifest.json
TIME run allocation action=new run=/fslarge/scratch/users/h61084/codes/adaptime/outputs/adaptime/predictions/tsrag/univariate/Coastal_T_S/20T/medium/run_0 launch_id=selena_adaptime_unified_20260916T080019Z_10942_tsrag slurm_job_id=3445481 launched_at=2026-09-16T09:40:25.959778+00:00
/fslarge/scratch/users/h61084/codes/adaptime/outputs/adaptime/predictions/tsrag/univariate/Coastal_T_S/20T/medium/run_0/prediction/prediction_manifest.json
TIME run allocation action=new run=/fslarge/scratch/users/h61084/codes/adaptime/outputs/adaptime/predictions/tsrag/univariate/Coastal_T_S/20T/long/run_0 launch_id=selena_adaptime_unified_20260916T080019Z_10942_tsrag slurm_job_id=3445481 launched_at=2026-09-16T09:40:26.160870+00:00
/fslarge/scratch/users/h61084/codes/adaptime/outputs/adaptime/predictions/tsrag/univariate/Coastal_T_S/20T/long/run_0/prediction/prediction_manifest.json
TIME run allocation action=new run=/fslarge/scratch/users/h61084/codes/adaptime/outputs/adaptime/predictions/tsrag/univariate/Coastal_T_S/H/short/run_0 launch_id=selena_adaptime_unified_20260916T080019Z_10942_tsrag slurm_job_id=3445481 launched_at=2026-09-16T09:40:26.396474+00:00
/fslarge/scratch/users/h61084/codes/adaptime/outputs/adaptime/predictions/tsrag/univariate/Coastal_T_S/H/short/run_0/prediction/prediction_manifest.json
TIME run allocation action=new run=/fslarge/scratch/users/h61084/codes/adaptime/outputs/adaptime/predictions/tsrag/univariate/Coastal_T_S/H/medium/run_0 launch_id=selena_adaptime_unified_20260916T080019Z_10942_tsrag slurm_job_id=3445481 launched_at=2026-09-16T09:40:26.447243+00:00
/fslarge/scratch/users/h61084/codes/adaptime/outputs/adaptime/predictions/tsrag/univariate/Coastal_T_S/H/medium/run_0/prediction/prediction_manifest.json
TIME run allocation action=new run=/fslarge/scratch/users/h61084/codes/adaptime/outputs/adaptime/predictions/tsrag/univariate/Coastal_T_S/H/long/run_0 launch_id=selena_adaptime_unified_20260916T080019Z_10942_tsrag slurm_job_id=3445481 launched_at=2026-09-16T09:40:26.493125+00:00
/fslarge/scratch/users/h61084/codes/adaptime/outputs/adaptime/predictions/tsrag/univariate/Coastal_T_S/H/long/run_0/prediction/prediction_manifest.json
TIME run allocation action=new run=/fslarge/scratch/users/h61084/codes/adaptime/outputs/adaptime/predictions/tsrag/univariate/SG_Weather/D/short/run_0 launch_id=selena_adaptime_unified_20260916T080019Z_10942_tsrag slurm_job_id=3445481 launched_at=2026-09-16T09:40:29.340394+00:00
/fslarge/scratch/users/h61084/codes/adaptime/outputs/adaptime/predictions/tsrag/univariate/SG_Weather/D/short/run_0/prediction/prediction_manifest.json
TIME run allocation action=new run=/fslarge/scratch/users/h61084/codes/adaptime/outputs/adaptime/predictions/tsrag/univariate/SG_Weather/D/medium/run_0 launch_id=selena_adaptime_unified_20260916T080019Z_10942_tsrag slurm_job_id=3445481 launched_at=2026-09-16T09:40:29.384642+00:00
/fslarge/scratch/users/h61084/codes/adaptime/outputs/adaptime/predictions/tsrag/univariate/SG_Weather/D/medium/run_0/prediction/prediction_manifest.json
TIME run allocation action=new run=/fslarge/scratch/users/h61084/codes/adaptime/outputs/adaptime/predictions/tsrag/univariate/SG_Weather/D/long/run_0 launch_id=selena_adaptime_unified_20260916T080019Z_10942_tsrag slurm_job_id=3445481 launched_at=2026-09-16T09:40:29.427988+00:00
/fslarge/scratch/users/h61084/codes/adaptime/outputs/adaptime/predictions/tsrag/univariate/SG_Weather/D/long/run_0/prediction/prediction_manifest.json
TIME run allocation action=new run=/fslarge/scratch/users/h61084/codes/adaptime/outputs/adaptime/predictions/tsrag/univariate/SG_PM25/H/short/run_0 launch_id=selena_adaptime_unified_20260916T080019Z_10942_tsrag slurm_job_id=3445481 launched_at=2026-09-16T09:40:29.473036+00:00
/fslarge/scratch/users/h61084/codes/adaptime/outputs/adaptime/predictions/tsrag/univariate/SG_PM25/H/short/run_0/prediction/prediction_manifest.json
TIME run allocation action=new run=/fslarge/scratch/users/h61084/codes/adaptime/outputs/adaptime/predictions/tsrag/univariate/SG_PM25/H/medium/run_0 launch_id=selena_adaptime_unified_20260916T080019Z_10942_tsrag slurm_job_id=3445481 launched_at=2026-09-16T09:40:30.012968+00:00
/fslarge/scratch/users/h61084/codes/adaptime/outputs/adaptime/predictions/tsrag/univariate/SG_PM25/H/medium/run_0/prediction/prediction_manifest.json
TIME run allocation action=new run=/fslarge/scratch/users/h61084/codes/adaptime/outputs/adaptime/predictions/tsrag/univariate/SG_PM25/H/long/run_0 launch_id=selena_adaptime_unified_20260916T080019Z_10942_tsrag slurm_job_id=3445481 launched_at=2026-09-16T09:40:31.237378+00:00
/fslarge/scratch/users/h61084/codes/adaptime/outputs/adaptime/predictions/tsrag/univariate/SG_PM25/H/long/run_0/prediction/prediction_manifest.json
TIME run allocation action=new run=/fslarge/scratch/users/h61084/codes/adaptime/outputs/adaptime/predictions/tsrag/univariate/NE_China_Wind/H/short/run_0 launch_id=selena_adaptime_unified_20260916T080019Z_10942_tsrag slurm_job_id=3445481 launched_at=2026-09-16T09:40:32.423842+00:00
/fslarge/scratch/users/h61084/codes/adaptime/outputs/adaptime/predictions/tsrag/univariate/NE_China_Wind/H/short/run_0/prediction/prediction_manifest.json
TIME run allocation action=new run=/fslarge/scratch/users/h61084/codes/adaptime/outputs/adaptime/predictions/tsrag/univariate/NE_China_Wind/H/medium/run_0 launch_id=selena_adaptime_unified_20260916T080019Z_10942_tsrag slurm_job_id=3445481 launched_at=2026-09-16T09:40:32.468253+00:00
/fslarge/scratch/users/h61084/codes/adaptime/outputs/adaptime/predictions/tsrag/univariate/NE_China_Wind/H/medium/run_0/prediction/prediction_manifest.json
TIME run allocation action=new run=/fslarge/scratch/users/h61084/codes/adaptime/outputs/adaptime/predictions/tsrag/univariate/NE_China_Wind/H/long/run_0 launch_id=selena_adaptime_unified_20260916T080019Z_10942_tsrag slurm_job_id=3445481 launched_at=2026-09-16T09:40:33.291083+00:00
/fslarge/scratch/users/h61084/codes/adaptime/outputs/adaptime/predictions/tsrag/univariate/NE_China_Wind/H/long/run_0/prediction/prediction_manifest.json
TIME run allocation action=new run=/fslarge/scratch/users/h61084/codes/adaptime/outputs/adaptime/predictions/tsrag/univariate/Australia_Solar/H/short/run_0 launch_id=selena_adaptime_unified_20260916T080019Z_10942_tsrag slurm_job_id=3445481 launched_at=2026-09-16T09:40:33.894447+00:00
/fslarge/scratch/users/h61084/codes/adaptime/outputs/adaptime/predictions/tsrag/univariate/Australia_Solar/H/short/run_0/prediction/prediction_manifest.json
TIME run allocation action=new run=/fslarge/scratch/users/h61084/codes/adaptime/outputs/adaptime/predictions/tsrag/univariate/Australia_Solar/H/medium/run_0 launch_id=selena_adaptime_unified_20260916T080019Z_10942_tsrag slurm_job_id=3445481 launched_at=2026-09-16T09:40:33.939307+00:00
/fslarge/scratch/users/h61084/codes/adaptime/outputs/adaptime/predictions/tsrag/univariate/Australia_Solar/H/medium/run_0/prediction/prediction_manifest.json
TIME run allocation action=new run=/fslarge/scratch/users/h61084/codes/adaptime/outputs/adaptime/predictions/tsrag/univariate/Australia_Solar/H/long/run_0 launch_id=selena_adaptime_unified_20260916T080019Z_10942_tsrag slurm_job_id=3445481 launched_at=2026-09-16T09:40:34.801588+00:00
/fslarge/scratch/users/h61084/codes/adaptime/outputs/adaptime/predictions/tsrag/univariate/Australia_Solar/H/long/run_0/prediction/prediction_manifest.json
TIME run allocation action=new run=/fslarge/scratch/users/h61084/codes/adaptime/outputs/adaptime/predictions/tsrag/univariate/epf_electricity_price/H/short/run_0 launch_id=selena_adaptime_unified_20260916T080019Z_10942_tsrag slurm_job_id=3445481 launched_at=2026-09-16T09:40:35.713055+00:00
/fslarge/scratch/users/h61084/codes/adaptime/outputs/adaptime/predictions/tsrag/univariate/epf_electricity_price/H/short/run_0/prediction/prediction_manifest.json
TIME run allocation action=new run=/fslarge/scratch/users/h61084/codes/adaptime/outputs/adaptime/predictions/tsrag/univariate/epf_electricity_price/H/medium/run_0 launch_id=selena_adaptime_unified_20260916T080019Z_10942_tsrag slurm_job_id=3445481 launched_at=2026-09-16T09:40:36.478768+00:00
/fslarge/scratch/users/h61084/codes/adaptime/outputs/adaptime/predictions/tsrag/univariate/epf_electricity_price/H/medium/run_0/prediction/prediction_manifest.json
TIME run allocation action=new run=/fslarge/scratch/users/h61084/codes/adaptime/outputs/adaptime/predictions/tsrag/univariate/epf_electricity_price/H/long/run_0 launch_id=selena_adaptime_unified_20260916T080019Z_10942_tsrag slurm_job_id=3445481 launched_at=2026-09-16T09:40:37.902254+00:00
/fslarge/scratch/users/h61084/codes/adaptime/outputs/adaptime/predictions/tsrag/univariate/epf_electricity_price/H/long/run_0/prediction/prediction_manifest.json
TIME run allocation action=new run=/fslarge/scratch/users/h61084/codes/adaptime/outputs/adaptime/predictions/tsrag/univariate/OpenElectricity_NEM/5T/short/run_0 launch_id=selena_adaptime_unified_20260916T080019Z_10942_tsrag slurm_job_id=3445481 launched_at=2026-09-16T09:40:39.109912+00:00
/fslarge/scratch/users/h61084/codes/adaptime/outputs/adaptime/predictions/tsrag/univariate/OpenElectricity_NEM/5T/short/run_0/prediction/prediction_manifest.json
TIME run allocation action=new run=/fslarge/scratch/users/h61084/codes/adaptime/outputs/adaptime/predictions/tsrag/univariate/OpenElectricity_NEM/5T/medium/run_0 launch_id=selena_adaptime_unified_20260916T080019Z_10942_tsrag slurm_job_id=3445481 launched_at=2026-09-16T09:40:39.158072+00:00
/fslarge/scratch/users/h61084/codes/adaptime/outputs/adaptime/predictions/tsrag/univariate/OpenElectricity_NEM/5T/medium/run_0/prediction/prediction_manifest.json
TIME run allocation action=new run=/fslarge/scratch/users/h61084/codes/adaptime/outputs/adaptime/predictions/tsrag/univariate/OpenElectricity_NEM/5T/long/run_0 launch_id=selena_adaptime_unified_20260916T080019Z_10942_tsrag slurm_job_id=3445481 launched_at=2026-09-16T09:40:40.607863+00:00
/fslarge/scratch/users/h61084/codes/adaptime/outputs/adaptime/predictions/tsrag/univariate/OpenElectricity_NEM/5T/long/run_0/prediction/prediction_manifest.json
TIME run allocation action=new run=/fslarge/scratch/users/h61084/codes/adaptime/outputs/adaptime/predictions/tsrag/univariate/EWELD_Load/15T/short/run_0 launch_id=selena_adaptime_unified_20260916T080019Z_10942_tsrag slurm_job_id=3445481 launched_at=2026-09-16T09:40:42.346330+00:00
/fslarge/scratch/users/h61084/codes/adaptime/outputs/adaptime/predictions/tsrag/univariate/EWELD_Load/15T/short/run_0/prediction/prediction_manifest.json
TIME run allocation action=new run=/fslarge/scratch/users/h61084/codes/adaptime/outputs/adaptime/predictions/tsrag/univariate/EWELD_Load/15T/medium/run_0 launch_id=selena_adaptime_unified_20260916T080019Z_10942_tsrag slurm_job_id=3445481 launched_at=2026-09-16T09:40:42.392072+00:00
/fslarge/scratch/users/h61084/codes/adaptime/outputs/adaptime/predictions/tsrag/univariate/EWELD_Load/15T/medium/run_0/prediction/prediction_manifest.json
TIME run allocation action=new run=/fslarge/scratch/users/h61084/codes/adaptime/outputs/adaptime/predictions/tsrag/univariate/EWELD_Load/15T/long/run_0 launch_id=selena_adaptime_unified_20260916T080019Z_10942_tsrag slurm_job_id=3445481 launched_at=2026-09-16T09:40:43.176661+00:00
/fslarge/scratch/users/h61084/codes/adaptime/outputs/adaptime/predictions/tsrag/univariate/EWELD_Load/15T/long/run_0/prediction/prediction_manifest.json
TIME run allocation action=new run=/fslarge/scratch/users/h61084/codes/adaptime/outputs/adaptime/predictions/tsrag/univariate/SG_Carpark/15T/short/run_0 launch_id=selena_adaptime_unified_20260916T080019Z_10942_tsrag slurm_job_id=3445481 launched_at=2026-09-16T09:40:43.801862+00:00
/fslarge/scratch/users/h61084/codes/adaptime/outputs/adaptime/predictions/tsrag/univariate/SG_Carpark/15T/short/run_0/prediction/prediction_manifest.json
TIME run allocation action=new run=/fslarge/scratch/users/h61084/codes/adaptime/outputs/adaptime/predictions/tsrag/univariate/SG_Carpark/15T/medium/run_0 launch_id=selena_adaptime_unified_20260916T080019Z_10942_tsrag slurm_job_id=3445481 launched_at=2026-09-16T09:40:43.859311+00:00
/fslarge/scratch/users/h61084/codes/adaptime/outputs/adaptime/predictions/tsrag/univariate/SG_Carpark/15T/medium/run_0/prediction/prediction_manifest.json
TIME run allocation action=new run=/fslarge/scratch/users/h61084/codes/adaptime/outputs/adaptime/predictions/tsrag/univariate/SG_Carpark/15T/long/run_0 launch_id=selena_adaptime_unified_20260916T080019Z_10942_tsrag slurm_job_id=3445481 launched_at=2026-09-16T09:40:51.514089+00:00
/fslarge/scratch/users/h61084/codes/adaptime/outputs/adaptime/predictions/tsrag/univariate/SG_Carpark/15T/long/run_0/prediction/prediction_manifest.json
TIME run allocation action=new run=/fslarge/scratch/users/h61084/codes/adaptime/outputs/adaptime/predictions/tsrag/univariate/Finland_Traffic/15T/short/run_0 launch_id=selena_adaptime_unified_20260916T080019Z_10942_tsrag slurm_job_id=3445481 launched_at=2026-09-16T09:41:02.353546+00:00
/fslarge/scratch/users/h61084/codes/adaptime/outputs/adaptime/predictions/tsrag/univariate/Finland_Traffic/15T/short/run_0/prediction/prediction_manifest.json
TIME run allocation action=new run=/fslarge/scratch/users/h61084/codes/adaptime/outputs/adaptime/predictions/tsrag/univariate/Finland_Traffic/15T/medium/run_0 launch_id=selena_adaptime_unified_20260916T080019Z_10942_tsrag slurm_job_id=3445481 launched_at=2026-09-16T09:41:02.406452+00:00
/fslarge/scratch/users/h61084/codes/adaptime/outputs/adaptime/predictions/tsrag/univariate/Finland_Traffic/15T/medium/run_0/prediction/prediction_manifest.json
TIME run allocation action=new run=/fslarge/scratch/users/h61084/codes/adaptime/outputs/adaptime/predictions/tsrag/univariate/Finland_Traffic/15T/long/run_0 launch_id=selena_adaptime_unified_20260916T080019Z_10942_tsrag slurm_job_id=3445481 launched_at=2026-09-16T09:41:02.599039+00:00
/fslarge/scratch/users/h61084/codes/adaptime/outputs/adaptime/predictions/tsrag/univariate/Finland_Traffic/15T/long/run_0/prediction/prediction_manifest.json
TIME run allocation action=new run=/fslarge/scratch/users/h61084/codes/adaptime/outputs/adaptime/predictions/tsrag/univariate/Port_Activity/D/short/run_0 launch_id=selena_adaptime_unified_20260916T080019Z_10942_tsrag slurm_job_id=3445481 launched_at=2026-09-16T09:41:02.944150+00:00
/fslarge/scratch/users/h61084/codes/adaptime/outputs/adaptime/predictions/tsrag/univariate/Port_Activity/D/short/run_0/prediction/prediction_manifest.json
TIME run allocation action=new run=/fslarge/scratch/users/h61084/codes/adaptime/outputs/adaptime/predictions/tsrag/univariate/Port_Activity/W/short/run_0 launch_id=selena_adaptime_unified_20260916T080019Z_10942_tsrag slurm_job_id=3445481 launched_at=2026-09-16T09:41:04.395631+00:00
/fslarge/scratch/users/h61084/codes/adaptime/outputs/adaptime/predictions/tsrag/univariate/Port_Activity/W/short/run_0/prediction/prediction_manifest.json
TIME run allocation action=new run=/fslarge/scratch/users/h61084/codes/adaptime/outputs/adaptime/predictions/tsrag/univariate/ECDC_COVID/D/short/run_0 launch_id=selena_adaptime_unified_20260916T080019Z_10942_tsrag slurm_job_id=3445481 launched_at=2026-09-16T09:41:04.440733+00:00
/fslarge/scratch/users/h61084/codes/adaptime/outputs/adaptime/predictions/tsrag/univariate/ECDC_COVID/D/short/run_0/prediction/prediction_manifest.json
TIME run allocation action=new run=/fslarge/scratch/users/h61084/codes/adaptime/outputs/adaptime/predictions/tsrag/univariate/ECDC_COVID/W/short/run_0 launch_id=selena_adaptime_unified_20260916T080019Z_10942_tsrag slurm_job_id=3445481 launched_at=2026-09-16T09:41:04.483768+00:00
/fslarge/scratch/users/h61084/codes/adaptime/outputs/adaptime/predictions/tsrag/univariate/ECDC_COVID/W/short/run_0/prediction/prediction_manifest.json
TIME run allocation action=new run=/fslarge/scratch/users/h61084/codes/adaptime/outputs/adaptime/predictions/tsrag/univariate/Global_Influenza/W/short/run_0 launch_id=selena_adaptime_unified_20260916T080019Z_10942_tsrag slurm_job_id=3445481 launched_at=2026-09-16T09:41:04.527422+00:00
/fslarge/scratch/users/h61084/codes/adaptime/outputs/adaptime/predictions/tsrag/univariate/Global_Influenza/W/short/run_0/prediction/prediction_manifest.json
TIME run allocation action=new run=/fslarge/scratch/users/h61084/codes/adaptime/outputs/adaptime/predictions/tsrag/univariate/Crypto/D/short/run_0 launch_id=selena_adaptime_unified_20260916T080019Z_10942_tsrag slurm_job_id=3445481 launched_at=2026-09-16T09:41:04.573957+00:00
/fslarge/scratch/users/h61084/codes/adaptime/outputs/adaptime/predictions/tsrag/univariate/Crypto/D/short/run_0/prediction/prediction_manifest.json
TIME run allocation action=new run=/fslarge/scratch/users/h61084/codes/adaptime/outputs/adaptime/predictions/tsrag/univariate/US_Term_Structure/B/short/run_0 launch_id=selena_adaptime_unified_20260916T080019Z_10942_tsrag slurm_job_id=3445481 launched_at=2026-09-16T09:41:04.978013+00:00
/fslarge/scratch/users/h61084/codes/adaptime/outputs/adaptime/predictions/tsrag/univariate/US_Term_Structure/B/short/run_0/prediction/prediction_manifest.json
TIME run allocation action=new run=/fslarge/scratch/users/h61084/codes/adaptime/outputs/adaptime/predictions/tsrag/univariate/Oil_Price/B/short/run_0 launch_id=selena_adaptime_unified_20260916T080019Z_10942_tsrag slurm_job_id=3445481 launched_at=2026-09-16T09:41:05.964077+00:00
/fslarge/scratch/users/h61084/codes/adaptime/outputs/adaptime/predictions/tsrag/univariate/Oil_Price/B/short/run_0/prediction/prediction_manifest.json
TIME run allocation action=new run=/fslarge/scratch/users/h61084/codes/adaptime/outputs/adaptime/predictions/tsrag/univariate/Job_Claims/W/short/run_0 launch_id=selena_adaptime_unified_20260916T080019Z_10942_tsrag slurm_job_id=3445481 launched_at=2026-09-16T09:41:06.173284+00:00
/fslarge/scratch/users/h61084/codes/adaptime/outputs/adaptime/predictions/tsrag/univariate/Job_Claims/W/short/run_0/prediction/prediction_manifest.json
TIME run allocation action=new run=/fslarge/scratch/users/h61084/codes/adaptime/outputs/adaptime/predictions/tsrag/univariate/Uncertainty_1M/M/short/run_0 launch_id=selena_adaptime_unified_20260916T080019Z_10942_tsrag slurm_job_id=3445481 launched_at=2026-09-16T09:41:06.213438+00:00
/fslarge/scratch/users/h61084/codes/adaptime/outputs/adaptime/predictions/tsrag/univariate/Uncertainty_1M/M/short/run_0/prediction/prediction_manifest.json
TIME run allocation action=new run=/fslarge/scratch/users/h61084/codes/adaptime/outputs/adaptime/predictions/tsrag/univariate/Housing_Inventory/M/short/run_0 launch_id=selena_adaptime_unified_20260916T080019Z_10942_tsrag slurm_job_id=3445481 launched_at=2026-09-16T09:41:06.281579+00:00
/fslarge/scratch/users/h61084/codes/adaptime/outputs/adaptime/predictions/tsrag/univariate/Housing_Inventory/M/short/run_0/prediction/prediction_manifest.json
TIME run allocation action=new run=/fslarge/scratch/users/h61084/codes/adaptime/outputs/adaptime/predictions/tsrag/univariate/JOLTS/M/short/run_0 launch_id=selena_adaptime_unified_20260916T080019Z_10942_tsrag slurm_job_id=3445481 launched_at=2026-09-16T09:41:06.320303+00:00
/fslarge/scratch/users/h61084/codes/adaptime/outputs/adaptime/predictions/tsrag/univariate/JOLTS/M/short/run_0/prediction/prediction_manifest.json
TIME run allocation action=new run=/fslarge/scratch/users/h61084/codes/adaptime/outputs/adaptime/predictions/tsrag/univariate/US_Labor/M/short/run_0 launch_id=selena_adaptime_unified_20260916T080019Z_10942_tsrag slurm_job_id=3445481 launched_at=2026-09-16T09:41:06.358104+00:00
/fslarge/scratch/users/h61084/codes/adaptime/outputs/adaptime/predictions/tsrag/univariate/US_Labor/M/short/run_0/prediction/prediction_manifest.json
TIME run allocation action=new run=/fslarge/scratch/users/h61084/codes/adaptime/outputs/adaptime/predictions/tsrag/univariate/Vehicle_Supply/M/short/run_0 launch_id=selena_adaptime_unified_20260916T080019Z_10942_tsrag slurm_job_id=3445481 launched_at=2026-09-16T09:41:06.395344+00:00
/fslarge/scratch/users/h61084/codes/adaptime/outputs/adaptime/predictions/tsrag/univariate/Vehicle_Supply/M/short/run_0/prediction/prediction_manifest.json
TIME run allocation action=new run=/fslarge/scratch/users/h61084/codes/adaptime/outputs/adaptime/predictions/tsrag/univariate/Auto_Production_SF/M/short/run_0 launch_id=selena_adaptime_unified_20260916T080019Z_10942_tsrag slurm_job_id=3445481 launched_at=2026-09-16T09:41:06.433426+00:00
/fslarge/scratch/users/h61084/codes/adaptime/outputs/adaptime/predictions/tsrag/univariate/Auto_Production_SF/M/short/run_0/prediction/prediction_manifest.json
TIME run allocation action=new run=/fslarge/scratch/users/h61084/codes/adaptime/outputs/adaptime/predictions/tsrag/univariate/Commodity_Production/M/short/run_0 launch_id=selena_adaptime_unified_20260916T080019Z_10942_tsrag slurm_job_id=3445481 launched_at=2026-09-16T09:41:06.471612+00:00
/fslarge/scratch/users/h61084/codes/adaptime/outputs/adaptime/predictions/tsrag/univariate/Commodity_Production/M/short/run_0/prediction/prediction_manifest.json
TIME run allocation action=new run=/fslarge/scratch/users/h61084/codes/adaptime/outputs/adaptime/predictions/tsrag/univariate/Commodity_Import/M/short/run_0 launch_id=selena_adaptime_unified_20260916T080019Z_10942_tsrag slurm_job_id=3445481 launched_at=2026-09-16T09:41:06.509838+00:00
/fslarge/scratch/users/h61084/codes/adaptime/outputs/adaptime/predictions/tsrag/univariate/Commodity_Import/M/short/run_0/prediction/prediction_manifest.json
TIME run allocation action=new run=/fslarge/scratch/users/h61084/codes/adaptime/outputs/adaptime/predictions/tsrag/univariate/WUI_Global/Q/short/run_0 launch_id=selena_adaptime_unified_20260916T080019Z_10942_tsrag slurm_job_id=3445481 launched_at=2026-09-16T09:41:06.547025+00:00
/fslarge/scratch/users/h61084/codes/adaptime/outputs/adaptime/predictions/tsrag/univariate/WUI_Global/Q/short/run_0/prediction/prediction_manifest.json
TIME run allocation action=new run=/fslarge/scratch/users/h61084/codes/adaptime/outputs/adaptime/predictions/tsrag/univariate/Global_Price/Q/short/run_0 launch_id=selena_adaptime_unified_20260916T080019Z_10942_tsrag slurm_job_id=3445481 launched_at=2026-09-16T09:41:06.585982+00:00
/fslarge/scratch/users/h61084/codes/adaptime/outputs/adaptime/predictions/tsrag/univariate/Global_Price/Q/short/run_0/prediction/prediction_manifest.json
TIME run allocation action=new run=/fslarge/scratch/users/h61084/codes/adaptime/outputs/adaptime/predictions/tsrag/univariate/Vehicle_Sales/M/short/run_0 launch_id=selena_adaptime_unified_20260916T080019Z_10942_tsrag slurm_job_id=3445481 launched_at=2026-09-16T09:41:06.623625+00:00
/fslarge/scratch/users/h61084/codes/adaptime/outputs/adaptime/predictions/tsrag/univariate/Vehicle_Sales/M/short/run_0/prediction/prediction_manifest.json
TIME run allocation action=new run=/fslarge/scratch/users/h61084/codes/adaptime/outputs/adaptime/predictions/tsrag/univariate/Online_Retail_2_UCI/D/short/run_0 launch_id=selena_adaptime_unified_20260916T080019Z_10942_tsrag slurm_job_id=3445481 launched_at=2026-09-16T09:41:06.661191+00:00
/fslarge/scratch/users/h61084/codes/adaptime/outputs/adaptime/predictions/tsrag/univariate/Online_Retail_2_UCI/D/short/run_0/prediction/prediction_manifest.json
TIME run allocation action=new run=/fslarge/scratch/users/h61084/codes/adaptime/outputs/adaptime/predictions/tsrag/univariate/Supply_Chain_Customer/D/short/run_0 launch_id=selena_adaptime_unified_20260916T080019Z_10942_tsrag slurm_job_id=3445481 launched_at=2026-09-16T09:41:06.699770+00:00
/fslarge/scratch/users/h61084/codes/adaptime/outputs/adaptime/predictions/tsrag/univariate/Supply_Chain_Customer/D/short/run_0/prediction/prediction_manifest.json
TIME run allocation action=new run=/fslarge/scratch/users/h61084/codes/adaptime/outputs/adaptime/predictions/tsrag/univariate/Supply_Chain_Location/D/short/run_0 launch_id=selena_adaptime_unified_20260916T080019Z_10942_tsrag slurm_job_id=3445481 launched_at=2026-09-16T09:41:06.896984+00:00
/fslarge/scratch/users/h61084/codes/adaptime/outputs/adaptime/predictions/tsrag/univariate/Supply_Chain_Location/D/short/run_0/prediction/prediction_manifest.json
TIME run allocation action=new run=/fslarge/scratch/users/h61084/codes/adaptime/outputs/adaptime/predictions/tsrag/univariate/azure2019_U/5T/short/run_0 launch_id=selena_adaptime_unified_20260916T080019Z_10942_tsrag slurm_job_id=3445481 launched_at=2026-09-16T09:41:07.152164+00:00
/fslarge/scratch/users/h61084/codes/adaptime/outputs/adaptime/predictions/tsrag/univariate/azure2019_U/5T/short/run_0/prediction/prediction_manifest.json
TIME run allocation action=new run=/fslarge/scratch/users/h61084/codes/adaptime/outputs/adaptime/predictions/tsrag/univariate/Smart_Manufacturing/H/short/run_0 launch_id=selena_adaptime_unified_20260916T080019Z_10942_tsrag slurm_job_id=3445481 launched_at=2026-09-16T09:41:07.193046+00:00
/fslarge/scratch/users/h61084/codes/adaptime/outputs/adaptime/predictions/tsrag/univariate/Smart_Manufacturing/H/short/run_0/prediction/prediction_manifest.json
TIME run allocation action=new run=/fslarge/scratch/users/h61084/codes/adaptime/outputs/adaptime/predictions/tsrag/univariate/Smart_Manufacturing/H/medium/run_0 launch_id=selena_adaptime_unified_20260916T080019Z_10942_tsrag slurm_job_id=3445481 launched_at=2026-09-16T09:41:07.232593+00:00
/fslarge/scratch/users/h61084/codes/adaptime/outputs/adaptime/predictions/tsrag/univariate/Smart_Manufacturing/H/medium/run_0/prediction/prediction_manifest.json
TIME run allocation action=new run=/fslarge/scratch/users/h61084/codes/adaptime/outputs/adaptime/predictions/tsrag/univariate/Smart_Manufacturing/H/long/run_0 launch_id=selena_adaptime_unified_20260916T080019Z_10942_tsrag slurm_job_id=3445481 launched_at=2026-09-16T09:41:07.273396+00:00
/fslarge/scratch/users/h61084/codes/adaptime/outputs/adaptime/predictions/tsrag/univariate/Smart_Manufacturing/H/long/run_0/prediction/prediction_manifest.json
TIME run allocation action=new run=/fslarge/scratch/users/h61084/codes/adaptime/outputs/adaptime/predictions/tsrag/univariate/MetroPT-3/5T/short/run_0 launch_id=selena_adaptime_unified_20260916T080019Z_10942_tsrag slurm_job_id=3445481 launched_at=2026-09-16T09:41:07.314711+00:00
/fslarge/scratch/users/h61084/codes/adaptime/outputs/adaptime/predictions/tsrag/univariate/MetroPT-3/5T/short/run_0/prediction/prediction_manifest.json
TIME run allocation action=new run=/fslarge/scratch/users/h61084/codes/adaptime/outputs/adaptime/predictions/tsrag/univariate/MetroPT-3/5T/medium/run_0 launch_id=selena_adaptime_unified_20260916T080019Z_10942_tsrag slurm_job_id=3445481 launched_at=2026-09-16T09:41:07.441638+00:00
/fslarge/scratch/users/h61084/codes/adaptime/outputs/adaptime/predictions/tsrag/univariate/MetroPT-3/5T/medium/run_0/prediction/prediction_manifest.json
TIME run allocation action=new run=/fslarge/scratch/users/h61084/codes/adaptime/outputs/adaptime/predictions/tsrag/univariate/MetroPT-3/5T/long/run_0 launch_id=selena_adaptime_unified_20260916T080019Z_10942_tsrag slurm_job_id=3445481 launched_at=2026-09-16T09:41:07.884339+00:00
/fslarge/scratch/users/h61084/codes/adaptime/outputs/adaptime/predictions/tsrag/univariate/MetroPT-3/5T/long/run_0/prediction/prediction_manifest.json
TIME run allocation action=new run=/fslarge/scratch/users/h61084/codes/adaptime/outputs/adaptime/evaluations/tsrag/univariate/Water_Quality_Darwin/15T/short/run_0 launch_id=selena_adaptime_unified_20260916T080019Z_10942_tsrag slurm_job_id=3445481 launched_at=2026-09-16T09:41:08.389912+00:00
    Total instances: 3780, Series during experiment: 42, Windows: 90
    Collecting ground truth and context...
    Detected to_univariate case: 42 flat series -> 7 series x 6 variates
    Organizing data into arrays...
    Saved predictions (quantiles) to /fslarge/scratch/users/h61084/codes/adaptime/outputs/adaptime/evaluations/tsrag/univariate/Water_Quality_Darwin/15T/short/run_0/predictions.npz
    Computing per-window metrics...
    Saved metrics to /fslarge/scratch/users/h61084/codes/adaptime/outputs/adaptime/evaluations/tsrag/univariate/Water_Quality_Darwin/15T/short/run_0/metrics.npz
    Saved config to /fslarge/scratch/users/h61084/codes/adaptime/outputs/adaptime/evaluations/tsrag/univariate/Water_Quality_Darwin/15T/short/run_0/config.json
    Saved aggregate metrics to /fslarge/scratch/users/h61084/codes/adaptime/outputs/adaptime/evaluations/tsrag/univariate/Water_Quality_Darwin/15T/short/run_0/metrics_summary.json
    Metrics summary (averaged over all series/windows/variates):
      MSE: 2.0430
      MAE: 0.4199
      RMSE: 0.5028
      MAPE: 0.0527
      sMAPE: 0.0497
      MASE: 0.6095
      ND: 0.0506
      CRPS: 0.0506
/fslarge/scratch/users/h61084/codes/adaptime/outputs/adaptime/evaluations/tsrag/univariate/Water_Quality_Darwin/15T/short/run_0/metrics_summary.json
TIME run allocation action=new run=/fslarge/scratch/users/h61084/codes/adaptime/outputs/adaptime/evaluations/tsrag/univariate/Water_Quality_Darwin/15T/medium/run_0 launch_id=selena_adaptime_unified_20260916T080019Z_10942_tsrag slurm_job_id=3445481 launched_at=2026-09-16T09:41:09.299663+00:00
    Total instances: 630, Series during experiment: 42, Windows: 15
    Collecting ground truth and context...
    Detected to_univariate case: 42 flat series -> 7 series x 6 variates
    Organizing data into arrays...
    Saved predictions (quantiles) to /fslarge/scratch/users/h61084/codes/adaptime/outputs/adaptime/evaluations/tsrag/univariate/Water_Quality_Darwin/15T/medium/run_0/predictions.npz
    Computing per-window metrics...
    Saved metrics to /fslarge/scratch/users/h61084/codes/adaptime/outputs/adaptime/evaluations/tsrag/univariate/Water_Quality_Darwin/15T/medium/run_0/metrics.npz
    Saved config to /fslarge/scratch/users/h61084/codes/adaptime/outputs/adaptime/evaluations/tsrag/univariate/Water_Quality_Darwin/15T/medium/run_0/config.json
    Saved aggregate metrics to /fslarge/scratch/users/h61084/codes/adaptime/outputs/adaptime/evaluations/tsrag/univariate/Water_Quality_Darwin/15T/medium/run_0/metrics_summary.json
    Metrics summary (averaged over all series/windows/variates):
      MSE: 4.0992
      MAE: 0.7073
      RMSE: 0.8937
      MAPE: 0.0978
      sMAPE: 0.0849
      MASE: 1.0693
      ND: 0.0875
      CRPS: 0.0875
/fslarge/scratch/users/h61084/codes/adaptime/outputs/adaptime/evaluations/tsrag/univariate/Water_Quality_Darwin/15T/medium/run_0/metrics_summary.json
TIME run allocation action=new run=/fslarge/scratch/users/h61084/codes/adaptime/outputs/adaptime/evaluations/tsrag/univariate/Water_Quality_Darwin/15T/long/run_0 launch_id=selena_adaptime_unified_20260916T080019Z_10942_tsrag slurm_job_id=3445481 launched_at=2026-09-16T09:41:09.454163+00:00
    Total instances: 210, Series during experiment: 42, Windows: 5
    Collecting ground truth and context...
    Detected to_univariate case: 42 flat series -> 7 series x 6 variates
    Organizing data into arrays...
    Saved predictions (quantiles) to /fslarge/scratch/users/h61084/codes/adaptime/outputs/adaptime/evaluations/tsrag/univariate/Water_Quality_Darwin/15T/long/run_0/predictions.npz
    Computing per-window metrics...
    Saved metrics to /fslarge/scratch/users/h61084/codes/adaptime/outputs/adaptime/evaluations/tsrag/univariate/Water_Quality_Darwin/15T/long/run_0/metrics.npz
    Saved config to /fslarge/scratch/users/h61084/codes/adaptime/outputs/adaptime/evaluations/tsrag/univariate/Water_Quality_Darwin/15T/long/run_0/config.json
    Saved aggregate metrics to /fslarge/scratch/users/h61084/codes/adaptime/outputs/adaptime/evaluations/tsrag/univariate/Water_Quality_Darwin/15T/long/run_0/metrics_summary.json
    Metrics summary (averaged over all series/windows/variates):
      MSE: 7.4841
      MAE: 0.9919
      RMSE: 1.2550
      MAPE: 0.1456
      sMAPE: 0.1183
      MASE: 1.5297
      ND: 0.1240
      CRPS: 0.1240
/fslarge/scratch/users/h61084/codes/adaptime/outputs/adaptime/evaluations/tsrag/univariate/Water_Quality_Darwin/15T/long/run_0/metrics_summary.json
TIME run allocation action=new run=/fslarge/scratch/users/h61084/codes/adaptime/outputs/adaptime/evaluations/tsrag/univariate/current_velocity/5T/short/run_0 launch_id=selena_adaptime_unified_20260916T080019Z_10942_tsrag slurm_job_id=3445481 launched_at=2026-09-16T09:41:09.561989+00:00
    Total instances: 720, Series during experiment: 6, Windows: 120
    Collecting ground truth and context...
    Detected to_univariate case: 6 flat series -> 1 series x 6 variates
    Organizing data into arrays...
    Saved predictions (quantiles) to /fslarge/scratch/users/h61084/codes/adaptime/outputs/adaptime/evaluations/tsrag/univariate/current_velocity/5T/short/run_0/predictions.npz
    Computing per-window metrics...
    Saved metrics to /fslarge/scratch/users/h61084/codes/adaptime/outputs/adaptime/evaluations/tsrag/univariate/current_velocity/5T/short/run_0/metrics.npz
    Saved config to /fslarge/scratch/users/h61084/codes/adaptime/outputs/adaptime/evaluations/tsrag/univariate/current_velocity/5T/short/run_0/config.json
    Saved aggregate metrics to /fslarge/scratch/users/h61084/codes/adaptime/outputs/adaptime/evaluations/tsrag/univariate/current_velocity/5T/short/run_0/metrics_summary.json
    Metrics summary (averaged over all series/windows/variates):
      MSE: 2.9136
      MAE: 0.5493
      RMSE: 0.6554
      MAPE: 0.4360
      sMAPE: 0.3435
      MASE: 0.3677
      ND: 0.2955
      CRPS: 0.2955
/fslarge/scratch/users/h61084/codes/adaptime/outputs/adaptime/evaluations/tsrag/univariate/current_velocity/5T/short/run_0/metrics_summary.json
TIME run allocation action=new run=/fslarge/scratch/users/h61084/codes/adaptime/outputs/adaptime/evaluations/tsrag/univariate/current_velocity/5T/medium/run_0 launch_id=selena_adaptime_unified_20260916T080019Z_10942_tsrag slurm_job_id=3445481 launched_at=2026-09-16T09:41:09.723883+00:00
    Total instances: 90, Series during experiment: 6, Windows: 15
    Collecting ground truth and context...
    Detected to_univariate case: 6 flat series -> 1 series x 6 variates
    Organizing data into arrays...
    Saved predictions (quantiles) to /fslarge/scratch/users/h61084/codes/adaptime/outputs/adaptime/evaluations/tsrag/univariate/current_velocity/5T/medium/run_0/predictions.npz
    Computing per-window metrics...
    Saved metrics to /fslarge/scratch/users/h61084/codes/adaptime/outputs/adaptime/evaluations/tsrag/univariate/current_velocity/5T/medium/run_0/metrics.npz
    Saved config to /fslarge/scratch/users/h61084/codes/adaptime/outputs/adaptime/evaluations/tsrag/univariate/current_velocity/5T/medium/run_0/config.json
    Saved aggregate metrics to /fslarge/scratch/users/h61084/codes/adaptime/outputs/adaptime/evaluations/tsrag/univariate/current_velocity/5T/medium/run_0/metrics_summary.json
    Metrics summary (averaged over all series/windows/variates):
      MSE: 6.2005
      MAE: 0.8640
      RMSE: 1.0905
      MAPE: 0.6829
      sMAPE: 0.4001
      MASE: 0.7977
      ND: 0.3611
      CRPS: 0.3611
/fslarge/scratch/users/h61084/codes/adaptime/outputs/adaptime/evaluations/tsrag/univariate/current_velocity/5T/medium/run_0/metrics_summary.json
TIME run allocation action=new run=/fslarge/scratch/users/h61084/codes/adaptime/outputs/adaptime/evaluations/tsrag/univariate/current_velocity/5T/long/run_0 launch_id=selena_adaptime_unified_20260916T080019Z_10942_tsrag slurm_job_id=3445481 launched_at=2026-09-16T09:41:09.802636+00:00
    Total instances: 30, Series during experiment: 6, Windows: 5
    Collecting ground truth and context...
    Detected to_univariate case: 6 flat series -> 1 series x 6 variates
    Organizing data into arrays...
    Saved predictions (quantiles) to /fslarge/scratch/users/h61084/codes/adaptime/outputs/adaptime/evaluations/tsrag/univariate/current_velocity/5T/long/run_0/predictions.npz
    Computing per-window metrics...
    Saved metrics to /fslarge/scratch/users/h61084/codes/adaptime/outputs/adaptime/evaluations/tsrag/univariate/current_velocity/5T/long/run_0/metrics.npz
    Saved config to /fslarge/scratch/users/h61084/codes/adaptime/outputs/adaptime/evaluations/tsrag/univariate/current_velocity/5T/long/run_0/config.json
    Saved aggregate metrics to /fslarge/scratch/users/h61084/codes/adaptime/outputs/adaptime/evaluations/tsrag/univariate/current_velocity/5T/long/run_0/metrics_summary.json
    Metrics summary (averaged over all series/windows/variates):
      MSE: 6.6818
      MAE: 1.0083
      RMSE: 1.2312
      MAPE: 1.0411
      sMAPE: 0.4396
      MASE: 1.2729
      ND: 0.4587
      CRPS: 0.4587
/fslarge/scratch/users/h61084/codes/adaptime/outputs/adaptime/evaluations/tsrag/univariate/current_velocity/5T/long/run_0/metrics_summary.json
TIME run allocation action=new run=/fslarge/scratch/users/h61084/codes/adaptime/outputs/adaptime/evaluations/tsrag/univariate/current_velocity/10T/short/run_0 launch_id=selena_adaptime_unified_20260916T080019Z_10942_tsrag slurm_job_id=3445481 launched_at=2026-09-16T09:41:09.871813+00:00
    Total instances: 7200, Series during experiment: 60, Windows: 120
    Collecting ground truth and context...
    Detected to_univariate case: 60 flat series -> 10 series x 6 variates
    Organizing data into arrays...
    Saved predictions (quantiles) to /fslarge/scratch/users/h61084/codes/adaptime/outputs/adaptime/evaluations/tsrag/univariate/current_velocity/10T/short/run_0/predictions.npz
    Computing per-window metrics...
    Saved metrics to /fslarge/scratch/users/h61084/codes/adaptime/outputs/adaptime/evaluations/tsrag/univariate/current_velocity/10T/short/run_0/metrics.npz
    Saved config to /fslarge/scratch/users/h61084/codes/adaptime/outputs/adaptime/evaluations/tsrag/univariate/current_velocity/10T/short/run_0/config.json
    Saved aggregate metrics to /fslarge/scratch/users/h61084/codes/adaptime/outputs/adaptime/evaluations/tsrag/univariate/current_velocity/10T/short/run_0/metrics_summary.json
    Metrics summary (averaged over all series/windows/variates):
      MSE: 7.0144
      MAE: 0.7190
      RMSE: 0.9037
      MAPE: 3150.0567
      sMAPE: 0.4371
      MASE: 0.5283
      ND: 0.3258
      CRPS: 0.3258
/fslarge/scratch/users/h61084/codes/adaptime/outputs/adaptime/evaluations/tsrag/univariate/current_velocity/10T/short/run_0/metrics_summary.json
TIME run allocation action=new run=/fslarge/scratch/users/h61084/codes/adaptime/outputs/adaptime/evaluations/tsrag/univariate/current_velocity/10T/medium/run_0 launch_id=selena_adaptime_unified_20260916T080019Z_10942_tsrag slurm_job_id=3445481 launched_at=2026-09-16T09:41:11.160084+00:00
    Total instances: 900, Series during experiment: 60, Windows: 15
    Collecting ground truth and context...
    Detected to_univariate case: 60 flat series -> 10 series x 6 variates
    Organizing data into arrays...
    Saved predictions (quantiles) to /fslarge/scratch/users/h61084/codes/adaptime/outputs/adaptime/evaluations/tsrag/univariate/current_velocity/10T/medium/run_0/predictions.npz
    Computing per-window metrics...
    Saved metrics to /fslarge/scratch/users/h61084/codes/adaptime/outputs/adaptime/evaluations/tsrag/univariate/current_velocity/10T/medium/run_0/metrics.npz
    Saved config to /fslarge/scratch/users/h61084/codes/adaptime/outputs/adaptime/evaluations/tsrag/univariate/current_velocity/10T/medium/run_0/config.json
    Saved aggregate metrics to /fslarge/scratch/users/h61084/codes/adaptime/outputs/adaptime/evaluations/tsrag/univariate/current_velocity/10T/medium/run_0/metrics_summary.json
    Metrics summary (averaged over all series/windows/variates):
      MSE: 9.5572
      MAE: 0.8879
      RMSE: 1.1819
      MAPE: 3372.1383
      sMAPE: 0.4860
      MASE: 0.6911
      ND: 0.3363
      CRPS: 0.3363
/fslarge/scratch/users/h61084/codes/adaptime/outputs/adaptime/evaluations/tsrag/univariate/current_velocity/10T/medium/run_0/metrics_summary.json
TIME run allocation action=new run=/fslarge/scratch/users/h61084/codes/adaptime/outputs/adaptime/evaluations/tsrag/univariate/current_velocity/10T/long/run_0 launch_id=selena_adaptime_unified_20260916T080019Z_10942_tsrag slurm_job_id=3445481 launched_at=2026-09-16T09:41:11.423682+00:00
    Total instances: 300, Series during experiment: 60, Windows: 5
    Collecting ground truth and context...
    Detected to_univariate case: 60 flat series -> 10 series x 6 variates
    Organizing data into arrays...
    Saved predictions (quantiles) to /fslarge/scratch/users/h61084/codes/adaptime/outputs/adaptime/evaluations/tsrag/univariate/current_velocity/10T/long/run_0/predictions.npz
    Computing per-window metrics...
    Saved metrics to /fslarge/scratch/users/h61084/codes/adaptime/outputs/adaptime/evaluations/tsrag/univariate/current_velocity/10T/long/run_0/metrics.npz
    Saved config to /fslarge/scratch/users/h61084/codes/adaptime/outputs/adaptime/evaluations/tsrag/univariate/current_velocity/10T/long/run_0/config.json
    Saved aggregate metrics to /fslarge/scratch/users/h61084/codes/adaptime/outputs/adaptime/evaluations/tsrag/univariate/current_velocity/10T/long/run_0/metrics_summary.json
    Metrics summary (averaged over all series/windows/variates):
      MSE: 16.4115
      MAE: 1.3243
      RMSE: 1.6875
      MAPE: 3162.6746
      sMAPE: 0.6553
      MASE: 1.4017
      ND: 0.4607
      CRPS: 0.4607
/fslarge/scratch/users/h61084/codes/adaptime/outputs/adaptime/evaluations/tsrag/univariate/current_velocity/10T/long/run_0/metrics_summary.json
TIME run allocation action=new run=/fslarge/scratch/users/h61084/codes/adaptime/outputs/adaptime/evaluations/tsrag/univariate/current_velocity/15T/short/run_0 launch_id=selena_adaptime_unified_20260916T080019Z_10942_tsrag slurm_job_id=3445481 launched_at=2026-09-16T09:41:11.597343+00:00
    Total instances: 3600, Series during experiment: 30, Windows: 120
    Collecting ground truth and context...
    Detected to_univariate case: 30 flat series -> 5 series x 6 variates
    Organizing data into arrays...
    Saved predictions (quantiles) to /fslarge/scratch/users/h61084/codes/adaptime/outputs/adaptime/evaluations/tsrag/univariate/current_velocity/15T/short/run_0/predictions.npz
    Computing per-window metrics...
    Saved metrics to /fslarge/scratch/users/h61084/codes/adaptime/outputs/adaptime/evaluations/tsrag/univariate/current_velocity/15T/short/run_0/metrics.npz
    Saved config to /fslarge/scratch/users/h61084/codes/adaptime/outputs/adaptime/evaluations/tsrag/univariate/current_velocity/15T/short/run_0/config.json
    Saved aggregate metrics to /fslarge/scratch/users/h61084/codes/adaptime/outputs/adaptime/evaluations/tsrag/univariate/current_velocity/15T/short/run_0/metrics_summary.json
    Metrics summary (averaged over all series/windows/variates):
      MSE: 6.0552
      MAE: 0.7411
      RMSE: 0.9016
      MAPE: 108212.7994
      sMAPE: 0.4683
      MASE: 0.5023
      ND: 0.3838
      CRPS: 0.3838
/fslarge/scratch/users/h61084/codes/adaptime/outputs/adaptime/evaluations/tsrag/univariate/current_velocity/15T/short/run_0/metrics_summary.json
TIME run allocation action=new run=/fslarge/scratch/users/h61084/codes/adaptime/outputs/adaptime/evaluations/tsrag/univariate/current_velocity/15T/medium/run_0 launch_id=selena_adaptime_unified_20260916T080019Z_10942_tsrag slurm_job_id=3445481 launched_at=2026-09-16T09:41:12.095083+00:00
    Total instances: 450, Series during experiment: 30, Windows: 15
    Collecting ground truth and context...
    Detected to_univariate case: 30 flat series -> 5 series x 6 variates
    Organizing data into arrays...
    Saved predictions (quantiles) to /fslarge/scratch/users/h61084/codes/adaptime/outputs/adaptime/evaluations/tsrag/univariate/current_velocity/15T/medium/run_0/predictions.npz
    Computing per-window metrics...
    Saved metrics to /fslarge/scratch/users/h61084/codes/adaptime/outputs/adaptime/evaluations/tsrag/univariate/current_velocity/15T/medium/run_0/metrics.npz
    Saved config to /fslarge/scratch/users/h61084/codes/adaptime/outputs/adaptime/evaluations/tsrag/univariate/current_velocity/15T/medium/run_0/config.json
    Saved aggregate metrics to /fslarge/scratch/users/h61084/codes/adaptime/outputs/adaptime/evaluations/tsrag/univariate/current_velocity/15T/medium/run_0/metrics_summary.json
    Metrics summary (averaged over all series/windows/variates):
      MSE: 8.9162
      MAE: 0.9588
      RMSE: 1.2072
      MAPE: 122394.5203
      sMAPE: 0.5727
      MASE: 0.7292
      ND: 0.4318
      CRPS: 0.4318
/fslarge/scratch/users/h61084/codes/adaptime/outputs/adaptime/evaluations/tsrag/univariate/current_velocity/15T/medium/run_0/metrics_summary.json
TIME run allocation action=new run=/fslarge/scratch/users/h61084/codes/adaptime/outputs/adaptime/evaluations/tsrag/univariate/current_velocity/15T/long/run_0 launch_id=selena_adaptime_unified_20260916T080019Z_10942_tsrag slurm_job_id=3445481 launched_at=2026-09-16T09:41:12.209306+00:00
    Total instances: 150, Series during experiment: 30, Windows: 5
    Collecting ground truth and context...
    Detected to_univariate case: 30 flat series -> 5 series x 6 variates
    Organizing data into arrays...
    Saved predictions (quantiles) to /fslarge/scratch/users/h61084/codes/adaptime/outputs/adaptime/evaluations/tsrag/univariate/current_velocity/15T/long/run_0/predictions.npz
    Computing per-window metrics...
    Saved metrics to /fslarge/scratch/users/h61084/codes/adaptime/outputs/adaptime/evaluations/tsrag/univariate/current_velocity/15T/long/run_0/metrics.npz
    Saved config to /fslarge/scratch/users/h61084/codes/adaptime/outputs/adaptime/evaluations/tsrag/univariate/current_velocity/15T/long/run_0/config.json
    Saved aggregate metrics to /fslarge/scratch/users/h61084/codes/adaptime/outputs/adaptime/evaluations/tsrag/univariate/current_velocity/15T/long/run_0/metrics_summary.json
    Metrics summary (averaged over all series/windows/variates):
      MSE: 10.5457
      MAE: 1.0611
      RMSE: 1.3414
      MAPE: 119975.5289
      sMAPE: 0.5962
      MASE: 0.8344
      ND: 0.4490
      CRPS: 0.4490
/fslarge/scratch/users/h61084/codes/adaptime/outputs/adaptime/evaluations/tsrag/univariate/current_velocity/15T/long/run_0/metrics_summary.json
TIME run allocation action=new run=/fslarge/scratch/users/h61084/codes/adaptime/outputs/adaptime/evaluations/tsrag/univariate/current_velocity/H/short/run_0 launch_id=selena_adaptime_unified_20260916T080019Z_10942_tsrag slurm_job_id=3445481 launched_at=2026-09-16T09:41:12.291085+00:00
    Total instances: 3528, Series during experiment: 126, Windows: 28
    Collecting ground truth and context...
    Detected to_univariate case: 126 flat series -> 21 series x 6 variates
    Organizing data into arrays...
    Saved predictions (quantiles) to /fslarge/scratch/users/h61084/codes/adaptime/outputs/adaptime/evaluations/tsrag/univariate/current_velocity/H/short/run_0/predictions.npz
    Computing per-window metrics...
    Saved metrics to /fslarge/scratch/users/h61084/codes/adaptime/outputs/adaptime/evaluations/tsrag/univariate/current_velocity/H/short/run_0/metrics.npz
    Saved config to /fslarge/scratch/users/h61084/codes/adaptime/outputs/adaptime/evaluations/tsrag/univariate/current_velocity/H/short/run_0/config.json
    Saved aggregate metrics to /fslarge/scratch/users/h61084/codes/adaptime/outputs/adaptime/evaluations/tsrag/univariate/current_velocity/H/short/run_0/metrics_summary.json
    Metrics summary (averaged over all series/windows/variates):
      MSE: 6.5846
      MAE: 0.7995
      RMSE: 0.9959
      MAPE: 1990655322254.2659
      sMAPE: 0.4414
      MASE: 0.7026
      ND: 0.3334
      CRPS: 0.3334
/fslarge/scratch/users/h61084/codes/adaptime/outputs/adaptime/evaluations/tsrag/univariate/current_velocity/H/short/run_0/metrics_summary.json
TIME run allocation action=new run=/fslarge/scratch/users/h61084/codes/adaptime/outputs/adaptime/evaluations/tsrag/univariate/current_velocity/H/medium/run_0 launch_id=selena_adaptime_unified_20260916T080019Z_10942_tsrag slurm_job_id=3445481 launched_at=2026-09-16T09:41:12.639416+00:00
    Total instances: 504, Series during experiment: 126, Windows: 4
    Collecting ground truth and context...
    Detected to_univariate case: 126 flat series -> 21 series x 6 variates
    Organizing data into arrays...
    Saved predictions (quantiles) to /fslarge/scratch/users/h61084/codes/adaptime/outputs/adaptime/evaluations/tsrag/univariate/current_velocity/H/medium/run_0/predictions.npz
    Computing per-window metrics...
    Saved metrics to /fslarge/scratch/users/h61084/codes/adaptime/outputs/adaptime/evaluations/tsrag/univariate/current_velocity/H/medium/run_0/metrics.npz
    Saved config to /fslarge/scratch/users/h61084/codes/adaptime/outputs/adaptime/evaluations/tsrag/univariate/current_velocity/H/medium/run_0/config.json
    Saved aggregate metrics to /fslarge/scratch/users/h61084/codes/adaptime/outputs/adaptime/evaluations/tsrag/univariate/current_velocity/H/medium/run_0/metrics_summary.json
    Metrics summary (averaged over all series/windows/variates):
      MSE: 10.9568
      MAE: 1.1122
      RMSE: 1.3904
      MAPE: 2525141588144.6694
      sMAPE: 0.5615
      MASE: 1.1527
      ND: 0.4016
      CRPS: 0.4016
/fslarge/scratch/users/h61084/codes/adaptime/outputs/adaptime/evaluations/tsrag/univariate/current_velocity/H/medium/run_0/metrics_summary.json
TIME run allocation action=new run=/fslarge/scratch/users/h61084/codes/adaptime/outputs/adaptime/evaluations/tsrag/univariate/current_velocity/H/long/run_0 launch_id=selena_adaptime_unified_20260916T080019Z_10942_tsrag slurm_job_id=3445481 launched_at=2026-09-16T09:41:12.745391+00:00
    Total instances: 252, Series during experiment: 126, Windows: 2
    Collecting ground truth and context...
    Detected to_univariate case: 126 flat series -> 21 series x 6 variates
    Organizing data into arrays...
    Saved predictions (quantiles) to /fslarge/scratch/users/h61084/codes/adaptime/outputs/adaptime/evaluations/tsrag/univariate/current_velocity/H/long/run_0/predictions.npz
    Computing per-window metrics...
    Saved metrics to /fslarge/scratch/users/h61084/codes/adaptime/outputs/adaptime/evaluations/tsrag/univariate/current_velocity/H/long/run_0/metrics.npz
    Saved config to /fslarge/scratch/users/h61084/codes/adaptime/outputs/adaptime/evaluations/tsrag/univariate/current_velocity/H/long/run_0/config.json
    Saved aggregate metrics to /fslarge/scratch/users/h61084/codes/adaptime/outputs/adaptime/evaluations/tsrag/univariate/current_velocity/H/long/run_0/metrics_summary.json
    Metrics summary (averaged over all series/windows/variates):
      MSE: 11.7062
      MAE: 1.1858
      RMSE: 1.4933
      MAPE: 2265187340389.5234
      sMAPE: 0.6041
      MASE: 1.3406
      ND: 0.4294
      CRPS: 0.4294
/fslarge/scratch/users/h61084/codes/adaptime/outputs/adaptime/evaluations/tsrag/univariate/current_velocity/H/long/run_0/metrics_summary.json
TIME run allocation action=new run=/fslarge/scratch/users/h61084/codes/adaptime/outputs/adaptime/evaluations/tsrag/univariate/CPHL/15T/short/run_0 launch_id=selena_adaptime_unified_20260916T080019Z_10942_tsrag slurm_job_id=3445481 launched_at=2026-09-16T09:41:12.831100+00:00
    Total instances: 240, Series during experiment: 2, Windows: 120
    Collecting ground truth and context...
    Organizing data into arrays...
    Saved predictions (quantiles) to /fslarge/scratch/users/h61084/codes/adaptime/outputs/adaptime/evaluations/tsrag/univariate/CPHL/15T/short/run_0/predictions.npz
    Computing per-window metrics...
    Saved metrics to /fslarge/scratch/users/h61084/codes/adaptime/outputs/adaptime/evaluations/tsrag/univariate/CPHL/15T/short/run_0/metrics.npz
    Saved config to /fslarge/scratch/users/h61084/codes/adaptime/outputs/adaptime/evaluations/tsrag/univariate/CPHL/15T/short/run_0/config.json
    Saved aggregate metrics to /fslarge/scratch/users/h61084/codes/adaptime/outputs/adaptime/evaluations/tsrag/univariate/CPHL/15T/short/run_0/metrics_summary.json
    Metrics summary (averaged over all series/windows/variates):
      MSE: 0.0638
      MAE: 0.1378
      RMSE: 0.1612
      MAPE: 0.1945
      sMAPE: 0.1776
      MASE: 0.6512
      ND: 0.1859
      CRPS: 0.1859
/fslarge/scratch/users/h61084/codes/adaptime/outputs/adaptime/evaluations/tsrag/univariate/CPHL/15T/short/run_0/metrics_summary.json
TIME run allocation action=new run=/fslarge/scratch/users/h61084/codes/adaptime/outputs/adaptime/evaluations/tsrag/univariate/CPHL/15T/medium/run_0 launch_id=selena_adaptime_unified_20260916T080019Z_10942_tsrag slurm_job_id=3445481 launched_at=2026-09-16T09:41:12.887258+00:00
    Total instances: 30, Series during experiment: 2, Windows: 15
    Collecting ground truth and context...
    Organizing data into arrays...
    Saved predictions (quantiles) to /fslarge/scratch/users/h61084/codes/adaptime/outputs/adaptime/evaluations/tsrag/univariate/CPHL/15T/medium/run_0/predictions.npz
    Computing per-window metrics...
    Saved metrics to /fslarge/scratch/users/h61084/codes/adaptime/outputs/adaptime/evaluations/tsrag/univariate/CPHL/15T/medium/run_0/metrics.npz
    Saved config to /fslarge/scratch/users/h61084/codes/adaptime/outputs/adaptime/evaluations/tsrag/univariate/CPHL/15T/medium/run_0/config.json
    Saved aggregate metrics to /fslarge/scratch/users/h61084/codes/adaptime/outputs/adaptime/evaluations/tsrag/univariate/CPHL/15T/medium/run_0/metrics_summary.json
    Metrics summary (averaged over all series/windows/variates):
      MSE: 0.1207
      MAE: 0.2173
      RMSE: 0.2748
      MAPE: 0.3419
      sMAPE: 0.2919
      MASE: 1.0621
      ND: 0.2918
      CRPS: 0.2918
/fslarge/scratch/users/h61084/codes/adaptime/outputs/adaptime/evaluations/tsrag/univariate/CPHL/15T/medium/run_0/metrics_summary.json
TIME run allocation action=new run=/fslarge/scratch/users/h61084/codes/adaptime/outputs/adaptime/evaluations/tsrag/univariate/CPHL/15T/long/run_0 launch_id=selena_adaptime_unified_20260916T080019Z_10942_tsrag slurm_job_id=3445481 launched_at=2026-09-16T09:41:12.923765+00:00
    Total instances: 10, Series during experiment: 2, Windows: 5
    Collecting ground truth and context...
    Organizing data into arrays...
    Saved predictions (quantiles) to /fslarge/scratch/users/h61084/codes/adaptime/outputs/adaptime/evaluations/tsrag/univariate/CPHL/15T/long/run_0/predictions.npz
    Computing per-window metrics...
    Saved metrics to /fslarge/scratch/users/h61084/codes/adaptime/outputs/adaptime/evaluations/tsrag/univariate/CPHL/15T/long/run_0/metrics.npz
    Saved config to /fslarge/scratch/users/h61084/codes/adaptime/outputs/adaptime/evaluations/tsrag/univariate/CPHL/15T/long/run_0/config.json
    Saved aggregate metrics to /fslarge/scratch/users/h61084/codes/adaptime/outputs/adaptime/evaluations/tsrag/univariate/CPHL/15T/long/run_0/metrics_summary.json
    Metrics summary (averaged over all series/windows/variates):
      MSE: 0.1268
      MAE: 0.2303
      RMSE: 0.3097
      MAPE: 0.3676
      sMAPE: 0.3149
      MASE: 1.1569
      ND: 0.3148
      CRPS: 0.3148
/fslarge/scratch/users/h61084/codes/adaptime/outputs/adaptime/evaluations/tsrag/univariate/CPHL/15T/long/run_0/metrics_summary.json
TIME run allocation action=new run=/fslarge/scratch/users/h61084/codes/adaptime/outputs/adaptime/evaluations/tsrag/univariate/CPHL/30T/short/run_0 launch_id=selena_adaptime_unified_20260916T080019Z_10942_tsrag slurm_job_id=3445481 launched_at=2026-09-16T09:41:12.958394+00:00
    Total instances: 240, Series during experiment: 2, Windows: 120
    Collecting ground truth and context...
    Organizing data into arrays...
    Saved predictions (quantiles) to /fslarge/scratch/users/h61084/codes/adaptime/outputs/adaptime/evaluations/tsrag/univariate/CPHL/30T/short/run_0/predictions.npz
    Computing per-window metrics...
    Saved metrics to /fslarge/scratch/users/h61084/codes/adaptime/outputs/adaptime/evaluations/tsrag/univariate/CPHL/30T/short/run_0/metrics.npz
    Saved config to /fslarge/scratch/users/h61084/codes/adaptime/outputs/adaptime/evaluations/tsrag/univariate/CPHL/30T/short/run_0/config.json
    Saved aggregate metrics to /fslarge/scratch/users/h61084/codes/adaptime/outputs/adaptime/evaluations/tsrag/univariate/CPHL/30T/short/run_0/metrics_summary.json
    Metrics summary (averaged over all series/windows/variates):
      MSE: 0.6417
      MAE: 0.4646
      RMSE: 0.5627
      MAPE: 0.3677
      sMAPE: 0.2924
      MASE: 1.3695
      ND: 0.2852
      CRPS: 0.2852
/fslarge/scratch/users/h61084/codes/adaptime/outputs/adaptime/evaluations/tsrag/univariate/CPHL/30T/short/run_0/metrics_summary.json
TIME run allocation action=new run=/fslarge/scratch/users/h61084/codes/adaptime/outputs/adaptime/evaluations/tsrag/univariate/CPHL/30T/medium/run_0 launch_id=selena_adaptime_unified_20260916T080019Z_10942_tsrag slurm_job_id=3445481 launched_at=2026-09-16T09:41:13.019885+00:00
    Total instances: 60, Series during experiment: 2, Windows: 30
    Collecting ground truth and context...
    Organizing data into arrays...
    Saved predictions (quantiles) to /fslarge/scratch/users/h61084/codes/adaptime/outputs/adaptime/evaluations/tsrag/univariate/CPHL/30T/medium/run_0/predictions.npz
    Computing per-window metrics...
    Saved metrics to /fslarge/scratch/users/h61084/codes/adaptime/outputs/adaptime/evaluations/tsrag/univariate/CPHL/30T/medium/run_0/metrics.npz
    Saved config to /fslarge/scratch/users/h61084/codes/adaptime/outputs/adaptime/evaluations/tsrag/univariate/CPHL/30T/medium/run_0/config.json
    Saved aggregate metrics to /fslarge/scratch/users/h61084/codes/adaptime/outputs/adaptime/evaluations/tsrag/univariate/CPHL/30T/medium/run_0/metrics_summary.json
    Metrics summary (averaged over all series/windows/variates):
      MSE: 0.7479
      MAE: 0.5134
      RMSE: 0.6303
      MAPE: 0.4312
      sMAPE: 0.3324
      MASE: 1.5182
      ND: 0.3229
      CRPS: 0.3229
/fslarge/scratch/users/h61084/codes/adaptime/outputs/adaptime/evaluations/tsrag/univariate/CPHL/30T/medium/run_0/metrics_summary.json
TIME run allocation action=new run=/fslarge/scratch/users/h61084/codes/adaptime/outputs/adaptime/evaluations/tsrag/univariate/CPHL/30T/long/run_0 launch_id=selena_adaptime_unified_20260916T080019Z_10942_tsrag slurm_job_id=3445481 launched_at=2026-09-16T09:41:13.060388+00:00
    Total instances: 20, Series during experiment: 2, Windows: 10
    Collecting ground truth and context...
    Organizing data into arrays...
    Saved predictions (quantiles) to /fslarge/scratch/users/h61084/codes/adaptime/outputs/adaptime/evaluations/tsrag/univariate/CPHL/30T/long/run_0/predictions.npz
    Computing per-window metrics...
    Saved metrics to /fslarge/scratch/users/h61084/codes/adaptime/outputs/adaptime/evaluations/tsrag/univariate/CPHL/30T/long/run_0/metrics.npz
    Saved config to /fslarge/scratch/users/h61084/codes/adaptime/outputs/adaptime/evaluations/tsrag/univariate/CPHL/30T/long/run_0/config.json
    Saved aggregate metrics to /fslarge/scratch/users/h61084/codes/adaptime/outputs/adaptime/evaluations/tsrag/univariate/CPHL/30T/long/run_0/metrics_summary.json
    Metrics summary (averaged over all series/windows/variates):
      MSE: 0.8958
      MAE: 0.5771
      RMSE: 0.7087
      MAPE: 0.5321
      sMAPE: 0.4207
      MASE: 1.8294
      ND: 0.3938
      CRPS: 0.3938
/fslarge/scratch/users/h61084/codes/adaptime/outputs/adaptime/evaluations/tsrag/univariate/CPHL/30T/long/run_0/metrics_summary.json
TIME run allocation action=new run=/fslarge/scratch/users/h61084/codes/adaptime/outputs/adaptime/evaluations/tsrag/univariate/CPHL/H/short/run_0 launch_id=selena_adaptime_unified_20260916T080019Z_10942_tsrag slurm_job_id=3445481 launched_at=2026-09-16T09:41:13.096943+00:00
    Total instances: 112, Series during experiment: 4, Windows: 28
    Collecting ground truth and context...
    Organizing data into arrays...
    Saved predictions (quantiles) to /fslarge/scratch/users/h61084/codes/adaptime/outputs/adaptime/evaluations/tsrag/univariate/CPHL/H/short/run_0/predictions.npz
    Computing per-window metrics...
    Saved metrics to /fslarge/scratch/users/h61084/codes/adaptime/outputs/adaptime/evaluations/tsrag/univariate/CPHL/H/short/run_0/metrics.npz
    Saved config to /fslarge/scratch/users/h61084/codes/adaptime/outputs/adaptime/evaluations/tsrag/univariate/CPHL/H/short/run_0/config.json
    Saved aggregate metrics to /fslarge/scratch/users/h61084/codes/adaptime/outputs/adaptime/evaluations/tsrag/univariate/CPHL/H/short/run_0/metrics_summary.json
    Metrics summary (averaged over all series/windows/variates):
      MSE: 0.3634
      MAE: 0.3390
      RMSE: 0.4102
      MAPE: 0.3331
      sMAPE: 0.2884
      MASE: 1.2422
      ND: 0.2836
      CRPS: 0.2836
/fslarge/scratch/users/h61084/codes/adaptime/outputs/adaptime/evaluations/tsrag/univariate/CPHL/H/short/run_0/metrics_summary.json
TIME run allocation action=new run=/fslarge/scratch/users/h61084/codes/adaptime/outputs/adaptime/evaluations/tsrag/univariate/CPHL/H/medium/run_0 launch_id=selena_adaptime_unified_20260916T080019Z_10942_tsrag slurm_job_id=3445481 launched_at=2026-09-16T09:41:13.142482+00:00
    Total instances: 16, Series during experiment: 4, Windows: 4
    Collecting ground truth and context...
    Organizing data into arrays...
    Saved predictions (quantiles) to /fslarge/scratch/users/h61084/codes/adaptime/outputs/adaptime/evaluations/tsrag/univariate/CPHL/H/medium/run_0/predictions.npz
    Computing per-window metrics...
    Saved metrics to /fslarge/scratch/users/h61084/codes/adaptime/outputs/adaptime/evaluations/tsrag/univariate/CPHL/H/medium/run_0/metrics.npz
    Saved config to /fslarge/scratch/users/h61084/codes/adaptime/outputs/adaptime/evaluations/tsrag/univariate/CPHL/H/medium/run_0/config.json
    Saved aggregate metrics to /fslarge/scratch/users/h61084/codes/adaptime/outputs/adaptime/evaluations/tsrag/univariate/CPHL/H/medium/run_0/metrics_summary.json
    Metrics summary (averaged over all series/windows/variates):
      MSE: 0.4790
      MAE: 0.4370
      RMSE: 0.5400
      MAPE: 0.4630
      sMAPE: 0.4131
      MASE: 1.8357
      ND: 0.3947
      CRPS: 0.3947
/fslarge/scratch/users/h61084/codes/adaptime/outputs/adaptime/evaluations/tsrag/univariate/CPHL/H/medium/run_0/metrics_summary.json
TIME run allocation action=new run=/fslarge/scratch/users/h61084/codes/adaptime/outputs/adaptime/evaluations/tsrag/univariate/CPHL/H/long/run_0 launch_id=selena_adaptime_unified_20260916T080019Z_10942_tsrag slurm_job_id=3445481 launched_at=2026-09-16T09:41:13.176220+00:00
    Total instances: 8, Series during experiment: 4, Windows: 2
    Collecting ground truth and context...
    Organizing data into arrays...
    Saved predictions (quantiles) to /fslarge/scratch/users/h61084/codes/adaptime/outputs/adaptime/evaluations/tsrag/univariate/CPHL/H/long/run_0/predictions.npz
    Computing per-window metrics...
    Saved metrics to /fslarge/scratch/users/h61084/codes/adaptime/outputs/adaptime/evaluations/tsrag/univariate/CPHL/H/long/run_0/metrics.npz
    Saved config to /fslarge/scratch/users/h61084/codes/adaptime/outputs/adaptime/evaluations/tsrag/univariate/CPHL/H/long/run_0/config.json
    Saved aggregate metrics to /fslarge/scratch/users/h61084/codes/adaptime/outputs/adaptime/evaluations/tsrag/univariate/CPHL/H/long/run_0/metrics_summary.json
    Metrics summary (averaged over all series/windows/variates):
      MSE: 0.5239
      MAE: 0.4664
      RMSE: 0.5840
      MAPE: 0.5131
      sMAPE: 0.4727
      MASE: 2.1391
      ND: 0.4464
      CRPS: 0.4464
/fslarge/scratch/users/h61084/codes/adaptime/outputs/adaptime/evaluations/tsrag/univariate/CPHL/H/long/run_0/metrics_summary.json
TIME run allocation action=new run=/fslarge/scratch/users/h61084/codes/adaptime/outputs/adaptime/evaluations/tsrag/univariate/Coastal_T_S/15T/short/run_0 launch_id=selena_adaptime_unified_20260916T080019Z_10942_tsrag slurm_job_id=3445481 launched_at=2026-09-16T09:41:13.210163+00:00
    Total instances: 1800, Series during experiment: 15, Windows: 120
    Collecting ground truth and context...
    Detected to_univariate case: 15 flat series -> 5 series x 3 variates
    Organizing data into arrays...
    Saved predictions (quantiles) to /fslarge/scratch/users/h61084/codes/adaptime/outputs/adaptime/evaluations/tsrag/univariate/Coastal_T_S/15T/short/run_0/predictions.npz
    Computing per-window metrics...
    Saved metrics to /fslarge/scratch/users/h61084/codes/adaptime/outputs/adaptime/evaluations/tsrag/univariate/Coastal_T_S/15T/short/run_0/metrics.npz
    Saved config to /fslarge/scratch/users/h61084/codes/adaptime/outputs/adaptime/evaluations/tsrag/univariate/Coastal_T_S/15T/short/run_0/config.json
    Saved aggregate metrics to /fslarge/scratch/users/h61084/codes/adaptime/outputs/adaptime/evaluations/tsrag/univariate/Coastal_T_S/15T/short/run_0/metrics_summary.json
    Metrics summary (averaged over all series/windows/variates):
      MSE: 111.0752
      MAE: 4.6570
      RMSE: 4.8515
      MAPE: 0.1344
      sMAPE: 0.1194
      MASE: 1.1296
      ND: 0.1149
      CRPS: 0.1149
/fslarge/scratch/users/h61084/codes/adaptime/outputs/adaptime/evaluations/tsrag/univariate/Coastal_T_S/15T/short/run_0/metrics_summary.json
TIME run allocation action=new run=/fslarge/scratch/users/h61084/codes/adaptime/outputs/adaptime/evaluations/tsrag/univariate/Coastal_T_S/15T/medium/run_0 launch_id=selena_adaptime_unified_20260916T080019Z_10942_tsrag slurm_job_id=3445481 launched_at=2026-09-16T09:41:13.492982+00:00
    Total instances: 225, Series during experiment: 15, Windows: 15
    Collecting ground truth and context...
    Detected to_univariate case: 15 flat series -> 5 series x 3 variates
    Organizing data into arrays...
    Saved predictions (quantiles) to /fslarge/scratch/users/h61084/codes/adaptime/outputs/adaptime/evaluations/tsrag/univariate/Coastal_T_S/15T/medium/run_0/predictions.npz
    Computing per-window metrics...
    Saved metrics to /fslarge/scratch/users/h61084/codes/adaptime/outputs/adaptime/evaluations/tsrag/univariate/Coastal_T_S/15T/medium/run_0/metrics.npz
    Saved config to /fslarge/scratch/users/h61084/codes/adaptime/outputs/adaptime/evaluations/tsrag/univariate/Coastal_T_S/15T/medium/run_0/config.json
    Saved aggregate metrics to /fslarge/scratch/users/h61084/codes/adaptime/outputs/adaptime/evaluations/tsrag/univariate/Coastal_T_S/15T/medium/run_0/metrics_summary.json
    Metrics summary (averaged over all series/windows/variates):
      MSE: 112.3075
      MAE: 4.7241
      RMSE: 4.9157
      MAPE: 0.1392
      sMAPE: 0.1215
      MASE: 1.2859
      ND: 0.1155
      CRPS: 0.1155
/fslarge/scratch/users/h61084/codes/adaptime/outputs/adaptime/evaluations/tsrag/univariate/Coastal_T_S/15T/medium/run_0/metrics_summary.json
TIME run allocation action=new run=/fslarge/scratch/users/h61084/codes/adaptime/outputs/adaptime/evaluations/tsrag/univariate/Coastal_T_S/15T/long/run_0 launch_id=selena_adaptime_unified_20260916T080019Z_10942_tsrag slurm_job_id=3445481 launched_at=2026-09-16T09:41:13.580265+00:00
    Total instances: 75, Series during experiment: 15, Windows: 5
    Collecting ground truth and context...
    Detected to_univariate case: 15 flat series -> 5 series x 3 variates
    Organizing data into arrays...
    Saved predictions (quantiles) to /fslarge/scratch/users/h61084/codes/adaptime/outputs/adaptime/evaluations/tsrag/univariate/Coastal_T_S/15T/long/run_0/predictions.npz
    Computing per-window metrics...
    Saved metrics to /fslarge/scratch/users/h61084/codes/adaptime/outputs/adaptime/evaluations/tsrag/univariate/Coastal_T_S/15T/long/run_0/metrics.npz
    Saved config to /fslarge/scratch/users/h61084/codes/adaptime/outputs/adaptime/evaluations/tsrag/univariate/Coastal_T_S/15T/long/run_0/config.json
    Saved aggregate metrics to /fslarge/scratch/users/h61084/codes/adaptime/outputs/adaptime/evaluations/tsrag/univariate/Coastal_T_S/15T/long/run_0/metrics_summary.json
    Metrics summary (averaged over all series/windows/variates):
      MSE: 109.4436
      MAE: 4.7475
      RMSE: 4.8964
      MAPE: 0.1429
      sMAPE: 0.1227
      MASE: 1.4183
      ND: 0.1165
      CRPS: 0.1165
/fslarge/scratch/users/h61084/codes/adaptime/outputs/adaptime/evaluations/tsrag/univariate/Coastal_T_S/15T/long/run_0/metrics_summary.json
TIME run allocation action=new run=/fslarge/scratch/users/h61084/codes/adaptime/outputs/adaptime/evaluations/tsrag/univariate/Coastal_T_S/20T/short/run_0 launch_id=selena_adaptime_unified_20260916T080019Z_10942_tsrag slurm_job_id=3445481 launched_at=2026-09-16T09:41:13.649703+00:00
    Total instances: 360, Series during experiment: 3, Windows: 120
    Collecting ground truth and context...
    Detected to_univariate case: 3 flat series -> 1 series x 3 variates
    Organizing data into arrays...
    Saved predictions (quantiles) to /fslarge/scratch/users/h61084/codes/adaptime/outputs/adaptime/evaluations/tsrag/univariate/Coastal_T_S/20T/short/run_0/predictions.npz
    Computing per-window metrics...
    Saved metrics to /fslarge/scratch/users/h61084/codes/adaptime/outputs/adaptime/evaluations/tsrag/univariate/Coastal_T_S/20T/short/run_0/metrics.npz
    Saved config to /fslarge/scratch/users/h61084/codes/adaptime/outputs/adaptime/evaluations/tsrag/univariate/Coastal_T_S/20T/short/run_0/config.json
    Saved aggregate metrics to /fslarge/scratch/users/h61084/codes/adaptime/outputs/adaptime/evaluations/tsrag/univariate/Coastal_T_S/20T/short/run_0/metrics_summary.json
    Metrics summary (averaged over all series/windows/variates):
      MSE: 0.0064
      MAE: 0.0558
      RMSE: 0.0638
      MAPE: 0.0023
      sMAPE: 0.0023
      MASE: 0.4510
      ND: 0.0023
      CRPS: 0.0023
/fslarge/scratch/users/h61084/codes/adaptime/outputs/adaptime/evaluations/tsrag/univariate/Coastal_T_S/20T/short/run_0/metrics_summary.json
TIME run allocation action=new run=/fslarge/scratch/users/h61084/codes/adaptime/outputs/adaptime/evaluations/tsrag/univariate/Coastal_T_S/20T/medium/run_0 launch_id=selena_adaptime_unified_20260916T080019Z_10942_tsrag slurm_job_id=3445481 launched_at=2026-09-16T09:41:13.718221+00:00
    Total instances: 45, Series during experiment: 3, Windows: 15
    Collecting ground truth and context...
    Detected to_univariate case: 3 flat series -> 1 series x 3 variates
    Organizing data into arrays...
    Saved predictions (quantiles) to /fslarge/scratch/users/h61084/codes/adaptime/outputs/adaptime/evaluations/tsrag/univariate/Coastal_T_S/20T/medium/run_0/predictions.npz
    Computing per-window metrics...
    Saved metrics to /fslarge/scratch/users/h61084/codes/adaptime/outputs/adaptime/evaluations/tsrag/univariate/Coastal_T_S/20T/medium/run_0/metrics.npz
    Saved config to /fslarge/scratch/users/h61084/codes/adaptime/outputs/adaptime/evaluations/tsrag/univariate/Coastal_T_S/20T/medium/run_0/config.json
    Saved aggregate metrics to /fslarge/scratch/users/h61084/codes/adaptime/outputs/adaptime/evaluations/tsrag/univariate/Coastal_T_S/20T/medium/run_0/metrics_summary.json
    Metrics summary (averaged over all series/windows/variates):
      MSE: 0.1474
      MAE: 0.2822
      RMSE: 0.3426
      MAPE: 0.0123
      sMAPE: 0.0123
      MASE: 2.0181
      ND: 0.0123
      CRPS: 0.0123
/fslarge/scratch/users/h61084/codes/adaptime/outputs/adaptime/evaluations/tsrag/univariate/Coastal_T_S/20T/medium/run_0/metrics_summary.json
TIME run allocation action=new run=/fslarge/scratch/users/h61084/codes/adaptime/outputs/adaptime/evaluations/tsrag/univariate/Coastal_T_S/20T/long/run_0 launch_id=selena_adaptime_unified_20260916T080019Z_10942_tsrag slurm_job_id=3445481 launched_at=2026-09-16T09:41:13.760304+00:00
    Total instances: 15, Series during experiment: 3, Windows: 5
    Collecting ground truth and context...
    Detected to_univariate case: 3 flat series -> 1 series x 3 variates
    Organizing data into arrays...
    Saved predictions (quantiles) to /fslarge/scratch/users/h61084/codes/adaptime/outputs/adaptime/evaluations/tsrag/univariate/Coastal_T_S/20T/long/run_0/predictions.npz
    Computing per-window metrics...
    Saved metrics to /fslarge/scratch/users/h61084/codes/adaptime/outputs/adaptime/evaluations/tsrag/univariate/Coastal_T_S/20T/long/run_0/metrics.npz
    Saved config to /fslarge/scratch/users/h61084/codes/adaptime/outputs/adaptime/evaluations/tsrag/univariate/Coastal_T_S/20T/long/run_0/config.json
    Saved aggregate metrics to /fslarge/scratch/users/h61084/codes/adaptime/outputs/adaptime/evaluations/tsrag/univariate/Coastal_T_S/20T/long/run_0/metrics_summary.json
    Metrics summary (averaged over all series/windows/variates):
      MSE: 0.2111
      MAE: 0.3517
      RMSE: 0.4290
      MAPE: 0.0152
      sMAPE: 0.0153
      MASE: 2.5626
      ND: 0.0153
      CRPS: 0.0153
/fslarge/scratch/users/h61084/codes/adaptime/outputs/adaptime/evaluations/tsrag/univariate/Coastal_T_S/20T/long/run_0/metrics_summary.json
TIME run allocation action=new run=/fslarge/scratch/users/h61084/codes/adaptime/outputs/adaptime/evaluations/tsrag/univariate/Coastal_T_S/H/short/run_0 launch_id=selena_adaptime_unified_20260916T080019Z_10942_tsrag slurm_job_id=3445481 launched_at=2026-09-16T09:41:13.798036+00:00
    Total instances: 2016, Series during experiment: 72, Windows: 28
    Collecting ground truth and context...
    Detected to_univariate case: 72 flat series -> 24 series x 3 variates
    Organizing data into arrays...
    Saved predictions (quantiles) to /fslarge/scratch/users/h61084/codes/adaptime/outputs/adaptime/evaluations/tsrag/univariate/Coastal_T_S/H/short/run_0/predictions.npz
    Computing per-window metrics...
    Saved metrics to /fslarge/scratch/users/h61084/codes/adaptime/outputs/adaptime/evaluations/tsrag/univariate/Coastal_T_S/H/short/run_0/metrics.npz
    Saved config to /fslarge/scratch/users/h61084/codes/adaptime/outputs/adaptime/evaluations/tsrag/univariate/Coastal_T_S/H/short/run_0/config.json
    Saved aggregate metrics to /fslarge/scratch/users/h61084/codes/adaptime/outputs/adaptime/evaluations/tsrag/univariate/Coastal_T_S/H/short/run_0/metrics_summary.json
    Metrics summary (averaged over all series/windows/variates):
      MSE: 14.5924
      MAE: 1.0799
      RMSE: 1.3386
      MAPE: 0.0294
      sMAPE: 0.0275
      MASE: 0.9169
      ND: 0.0272
      CRPS: 0.0272
/fslarge/scratch/users/h61084/codes/adaptime/outputs/adaptime/evaluations/tsrag/univariate/Coastal_T_S/H/short/run_0/metrics_summary.json
TIME run allocation action=new run=/fslarge/scratch/users/h61084/codes/adaptime/outputs/adaptime/evaluations/tsrag/univariate/Coastal_T_S/H/medium/run_0 launch_id=selena_adaptime_unified_20260916T080019Z_10942_tsrag slurm_job_id=3445481 launched_at=2026-09-16T09:41:14.029289+00:00
    Total instances: 288, Series during experiment: 72, Windows: 4
    Collecting ground truth and context...
    Detected to_univariate case: 72 flat series -> 24 series x 3 variates
    Organizing data into arrays...
    Saved predictions (quantiles) to /fslarge/scratch/users/h61084/codes/adaptime/outputs/adaptime/evaluations/tsrag/univariate/Coastal_T_S/H/medium/run_0/predictions.npz
    Computing per-window metrics...
    Saved metrics to /fslarge/scratch/users/h61084/codes/adaptime/outputs/adaptime/evaluations/tsrag/univariate/Coastal_T_S/H/medium/run_0/metrics.npz
    Saved config to /fslarge/scratch/users/h61084/codes/adaptime/outputs/adaptime/evaluations/tsrag/univariate/Coastal_T_S/H/medium/run_0/config.json
    Saved aggregate metrics to /fslarge/scratch/users/h61084/codes/adaptime/outputs/adaptime/evaluations/tsrag/univariate/Coastal_T_S/H/medium/run_0/metrics_summary.json
    Metrics summary (averaged over all series/windows/variates):
      MSE: 21.7698
      MAE: 1.3562
      RMSE: 1.6914
      MAPE: 0.0415
      sMAPE: 0.0363
      MASE: 1.6218
      ND: 0.0392
      CRPS: 0.0392
/fslarge/scratch/users/h61084/codes/adaptime/outputs/adaptime/evaluations/tsrag/univariate/Coastal_T_S/H/medium/run_0/metrics_summary.json
TIME run allocation action=new run=/fslarge/scratch/users/h61084/codes/adaptime/outputs/adaptime/evaluations/tsrag/univariate/Coastal_T_S/H/long/run_0 launch_id=selena_adaptime_unified_20260916T080019Z_10942_tsrag slurm_job_id=3445481 launched_at=2026-09-16T09:41:14.113441+00:00
    Total instances: 144, Series during experiment: 72, Windows: 2
    Collecting ground truth and context...
    Detected to_univariate case: 72 flat series -> 24 series x 3 variates
    Organizing data into arrays...
    Saved predictions (quantiles) to /fslarge/scratch/users/h61084/codes/adaptime/outputs/adaptime/evaluations/tsrag/univariate/Coastal_T_S/H/long/run_0/predictions.npz
    Computing per-window metrics...
    Saved metrics to /fslarge/scratch/users/h61084/codes/adaptime/outputs/adaptime/evaluations/tsrag/univariate/Coastal_T_S/H/long/run_0/metrics.npz
    Saved config to /fslarge/scratch/users/h61084/codes/adaptime/outputs/adaptime/evaluations/tsrag/univariate/Coastal_T_S/H/long/run_0/config.json
    Saved aggregate metrics to /fslarge/scratch/users/h61084/codes/adaptime/outputs/adaptime/evaluations/tsrag/univariate/Coastal_T_S/H/long/run_0/metrics_summary.json
    Metrics summary (averaged over all series/windows/variates):
      MSE: 40.4810
      MAE: 1.8561
      RMSE: 2.2712
      MAPE: 0.0541
      sMAPE: 0.0507
      MASE: 2.6037
      ND: 0.0488
      CRPS: 0.0488
/fslarge/scratch/users/h61084/codes/adaptime/outputs/adaptime/evaluations/tsrag/univariate/Coastal_T_S/H/long/run_0/metrics_summary.json
TIME run allocation action=new run=/fslarge/scratch/users/h61084/codes/adaptime/outputs/adaptime/evaluations/tsrag/univariate/SG_Weather/D/short/run_0 launch_id=selena_adaptime_unified_20260916T080019Z_10942_tsrag slurm_job_id=3445481 launched_at=2026-09-16T09:41:14.184754+00:00
    Total instances: 2928, Series during experiment: 24, Windows: 122
    Collecting ground truth and context...
    Detected to_univariate case: 24 flat series -> 6 series x 4 variates
    Organizing data into arrays...
    Saved predictions (quantiles) to /fslarge/scratch/users/h61084/codes/adaptime/outputs/adaptime/evaluations/tsrag/univariate/SG_Weather/D/short/run_0/predictions.npz
    Computing per-window metrics...
    Saved metrics to /fslarge/scratch/users/h61084/codes/adaptime/outputs/adaptime/evaluations/tsrag/univariate/SG_Weather/D/short/run_0/metrics.npz
    Saved config to /fslarge/scratch/users/h61084/codes/adaptime/outputs/adaptime/evaluations/tsrag/univariate/SG_Weather/D/short/run_0/config.json
    Saved aggregate metrics to /fslarge/scratch/users/h61084/codes/adaptime/outputs/adaptime/evaluations/tsrag/univariate/SG_Weather/D/short/run_0/metrics_summary.json
    Metrics summary (averaged over all series/windows/variates):
      MSE: 2268.2581
      MAE: 17.0659
      RMSE: 20.0979
      MAPE: 0.3431
      sMAPE: 0.2193
      MASE: 0.8503
      ND: 0.2265
      CRPS: 0.2265
/fslarge/scratch/users/h61084/codes/adaptime/outputs/adaptime/evaluations/tsrag/univariate/SG_Weather/D/short/run_0/metrics_summary.json
TIME run allocation action=new run=/fslarge/scratch/users/h61084/codes/adaptime/outputs/adaptime/evaluations/tsrag/univariate/SG_Weather/D/medium/run_0 launch_id=selena_adaptime_unified_20260916T080019Z_10942_tsrag slurm_job_id=3445481 launched_at=2026-09-16T09:41:14.431482+00:00
    Total instances: 1248, Series during experiment: 24, Windows: 52
    Collecting ground truth and context...
    Detected to_univariate case: 24 flat series -> 6 series x 4 variates
    Organizing data into arrays...
    Saved predictions (quantiles) to /fslarge/scratch/users/h61084/codes/adaptime/outputs/adaptime/evaluations/tsrag/univariate/SG_Weather/D/medium/run_0/predictions.npz
    Computing per-window metrics...
    Saved metrics to /fslarge/scratch/users/h61084/codes/adaptime/outputs/adaptime/evaluations/tsrag/univariate/SG_Weather/D/medium/run_0/metrics.npz
    Saved config to /fslarge/scratch/users/h61084/codes/adaptime/outputs/adaptime/evaluations/tsrag/univariate/SG_Weather/D/medium/run_0/config.json
    Saved aggregate metrics to /fslarge/scratch/users/h61084/codes/adaptime/outputs/adaptime/evaluations/tsrag/univariate/SG_Weather/D/medium/run_0/metrics_summary.json
    Metrics summary (averaged over all series/windows/variates):
      MSE: 2293.0161
      MAE: 17.4155
      RMSE: 22.1103
      MAPE: 0.3482
      sMAPE: 0.2234
      MASE: 0.8850
      ND: 0.2168
      CRPS: 0.2168
/fslarge/scratch/users/h61084/codes/adaptime/outputs/adaptime/evaluations/tsrag/univariate/SG_Weather/D/medium/run_0/metrics_summary.json
TIME run allocation action=new run=/fslarge/scratch/users/h61084/codes/adaptime/outputs/adaptime/evaluations/tsrag/univariate/SG_Weather/D/long/run_0 launch_id=selena_adaptime_unified_20260916T080019Z_10942_tsrag slurm_job_id=3445481 launched_at=2026-09-16T09:41:14.556078+00:00
    Total instances: 624, Series during experiment: 24, Windows: 26
    Collecting ground truth and context...
    Detected to_univariate case: 24 flat series -> 6 series x 4 variates
    Organizing data into arrays...
    Saved predictions (quantiles) to /fslarge/scratch/users/h61084/codes/adaptime/outputs/adaptime/evaluations/tsrag/univariate/SG_Weather/D/long/run_0/predictions.npz
    Computing per-window metrics...
    Saved metrics to /fslarge/scratch/users/h61084/codes/adaptime/outputs/adaptime/evaluations/tsrag/univariate/SG_Weather/D/long/run_0/metrics.npz
    Saved config to /fslarge/scratch/users/h61084/codes/adaptime/outputs/adaptime/evaluations/tsrag/univariate/SG_Weather/D/long/run_0/config.json
    Saved aggregate metrics to /fslarge/scratch/users/h61084/codes/adaptime/outputs/adaptime/evaluations/tsrag/univariate/SG_Weather/D/long/run_0/metrics_summary.json
    Metrics summary (averaged over all series/windows/variates):
      MSE: 2284.1942
      MAE: 17.4142
      RMSE: 22.9106
      MAPE: 0.3499
      sMAPE: 0.2253
      MASE: 0.8988
      ND: 0.2139
      CRPS: 0.2139
/fslarge/scratch/users/h61084/codes/adaptime/outputs/adaptime/evaluations/tsrag/univariate/SG_Weather/D/long/run_0/metrics_summary.json
TIME run allocation action=new run=/fslarge/scratch/users/h61084/codes/adaptime/outputs/adaptime/evaluations/tsrag/univariate/SG_PM25/H/short/run_0 launch_id=selena_adaptime_unified_20260916T080019Z_10942_tsrag slurm_job_id=3445481 launched_at=2026-09-16T09:41:14.638523+00:00
    Total instances: 460, Series during experiment: 5, Windows: 92
    Collecting ground truth and context...
    Detected to_univariate case: 5 flat series -> 1 series x 5 variates
    Organizing data into arrays...
    Saved predictions (quantiles) to /fslarge/scratch/users/h61084/codes/adaptime/outputs/adaptime/evaluations/tsrag/univariate/SG_PM25/H/short/run_0/predictions.npz
    Computing per-window metrics...
    Saved metrics to /fslarge/scratch/users/h61084/codes/adaptime/outputs/adaptime/evaluations/tsrag/univariate/SG_PM25/H/short/run_0/metrics.npz
    Saved config to /fslarge/scratch/users/h61084/codes/adaptime/outputs/adaptime/evaluations/tsrag/univariate/SG_PM25/H/short/run_0/config.json
    Saved aggregate metrics to /fslarge/scratch/users/h61084/codes/adaptime/outputs/adaptime/evaluations/tsrag/univariate/SG_PM25/H/short/run_0/metrics_summary.json
    Metrics summary (averaged over all series/windows/variates):
      MSE: 41.6559
      MAE: 4.6691
      RMSE: 5.7463
      MAPE: 0.5010
      sMAPE: 0.3973
      MASE: 0.8882
      ND: 0.3964
      CRPS: 0.3964
/fslarge/scratch/users/h61084/codes/adaptime/outputs/adaptime/evaluations/tsrag/univariate/SG_PM25/H/short/run_0/metrics_summary.json
TIME run allocation action=new run=/fslarge/scratch/users/h61084/codes/adaptime/outputs/adaptime/evaluations/tsrag/univariate/SG_PM25/H/medium/run_0 launch_id=selena_adaptime_unified_20260916T080019Z_10942_tsrag slurm_job_id=3445481 launched_at=2026-09-16T09:41:14.789103+00:00
    Total instances: 150, Series during experiment: 5, Windows: 30
    Collecting ground truth and context...
    Detected to_univariate case: 5 flat series -> 1 series x 5 variates
    Organizing data into arrays...
    Saved predictions (quantiles) to /fslarge/scratch/users/h61084/codes/adaptime/outputs/adaptime/evaluations/tsrag/univariate/SG_PM25/H/medium/run_0/predictions.npz
    Computing per-window metrics...
    Saved metrics to /fslarge/scratch/users/h61084/codes/adaptime/outputs/adaptime/evaluations/tsrag/univariate/SG_PM25/H/medium/run_0/metrics.npz
    Saved config to /fslarge/scratch/users/h61084/codes/adaptime/outputs/adaptime/evaluations/tsrag/univariate/SG_PM25/H/medium/run_0/config.json
    Saved aggregate metrics to /fslarge/scratch/users/h61084/codes/adaptime/outputs/adaptime/evaluations/tsrag/univariate/SG_PM25/H/medium/run_0/metrics_summary.json
    Metrics summary (averaged over all series/windows/variates):
      MSE: 47.1746
      MAE: 4.9183
      RMSE: 6.2863
      MAPE: 0.5112
      sMAPE: 0.4168
      MASE: 0.9346
      ND: 0.4024
      CRPS: 0.4024
/fslarge/scratch/users/h61084/codes/adaptime/outputs/adaptime/evaluations/tsrag/univariate/SG_PM25/H/medium/run_0/metrics_summary.json
TIME run allocation action=new run=/fslarge/scratch/users/h61084/codes/adaptime/outputs/adaptime/evaluations/tsrag/univariate/SG_PM25/H/long/run_0 launch_id=selena_adaptime_unified_20260916T080019Z_10942_tsrag slurm_job_id=3445481 launched_at=2026-09-16T09:41:14.887584+00:00
    Total instances: 65, Series during experiment: 5, Windows: 13
    Collecting ground truth and context...
    Detected to_univariate case: 5 flat series -> 1 series x 5 variates
    Organizing data into arrays...
    Saved predictions (quantiles) to /fslarge/scratch/users/h61084/codes/adaptime/outputs/adaptime/evaluations/tsrag/univariate/SG_PM25/H/long/run_0/predictions.npz
    Computing per-window metrics...
    Saved metrics to /fslarge/scratch/users/h61084/codes/adaptime/outputs/adaptime/evaluations/tsrag/univariate/SG_PM25/H/long/run_0/metrics.npz
    Saved config to /fslarge/scratch/users/h61084/codes/adaptime/outputs/adaptime/evaluations/tsrag/univariate/SG_PM25/H/long/run_0/config.json
    Saved aggregate metrics to /fslarge/scratch/users/h61084/codes/adaptime/outputs/adaptime/evaluations/tsrag/univariate/SG_PM25/H/long/run_0/metrics_summary.json
    Metrics summary (averaged over all series/windows/variates):
      MSE: 49.1263
      MAE: 5.0573
      RMSE: 6.6175
      MAPE: 0.5337
      sMAPE: 0.4260
      MASE: 0.9621
      ND: 0.4126
      CRPS: 0.4126
/fslarge/scratch/users/h61084/codes/adaptime/outputs/adaptime/evaluations/tsrag/univariate/SG_PM25/H/long/run_0/metrics_summary.json
TIME run allocation action=new run=/fslarge/scratch/users/h61084/codes/adaptime/outputs/adaptime/evaluations/tsrag/univariate/NE_China_Wind/H/short/run_0 launch_id=selena_adaptime_unified_20260916T080019Z_10942_tsrag slurm_job_id=3445481 launched_at=2026-09-16T09:41:14.972484+00:00
    Total instances: 120, Series during experiment: 4, Windows: 30
    Collecting ground truth and context...
    Detected to_univariate case: 4 flat series -> 1 series x 4 variates
    Organizing data into arrays...
    Saved predictions (quantiles) to /fslarge/scratch/users/h61084/codes/adaptime/outputs/adaptime/evaluations/tsrag/univariate/NE_China_Wind/H/short/run_0/predictions.npz
    Computing per-window metrics...
    Saved metrics to /fslarge/scratch/users/h61084/codes/adaptime/outputs/adaptime/evaluations/tsrag/univariate/NE_China_Wind/H/short/run_0/metrics.npz
    Saved config to /fslarge/scratch/users/h61084/codes/adaptime/outputs/adaptime/evaluations/tsrag/univariate/NE_China_Wind/H/short/run_0/config.json
    Saved aggregate metrics to /fslarge/scratch/users/h61084/codes/adaptime/outputs/adaptime/evaluations/tsrag/univariate/NE_China_Wind/H/short/run_0/metrics_summary.json
    Metrics summary (averaged over all series/windows/variates):
      MSE: 0.0986
      MAE: 0.2133
      RMSE: 0.2496
      MAPE: 0.8395
      sMAPE: 0.4869
      MASE: 0.5042
      ND: 0.4323
      CRPS: 0.4323
/fslarge/scratch/users/h61084/codes/adaptime/outputs/adaptime/evaluations/tsrag/univariate/NE_China_Wind/H/short/run_0/metrics_summary.json
TIME run allocation action=new run=/fslarge/scratch/users/h61084/codes/adaptime/outputs/adaptime/evaluations/tsrag/univariate/NE_China_Wind/H/medium/run_0 launch_id=selena_adaptime_unified_20260916T080019Z_10942_tsrag slurm_job_id=3445481 launched_at=2026-09-16T09:41:15.021974+00:00
    Total instances: 40, Series during experiment: 4, Windows: 10
    Collecting ground truth and context...
    Detected to_univariate case: 4 flat series -> 1 series x 4 variates
    Organizing data into arrays...
    Saved predictions (quantiles) to /fslarge/scratch/users/h61084/codes/adaptime/outputs/adaptime/evaluations/tsrag/univariate/NE_China_Wind/H/medium/run_0/predictions.npz
    Computing per-window metrics...
    Saved metrics to /fslarge/scratch/users/h61084/codes/adaptime/outputs/adaptime/evaluations/tsrag/univariate/NE_China_Wind/H/medium/run_0/metrics.npz
    Saved config to /fslarge/scratch/users/h61084/codes/adaptime/outputs/adaptime/evaluations/tsrag/univariate/NE_China_Wind/H/medium/run_0/config.json
    Saved aggregate metrics to /fslarge/scratch/users/h61084/codes/adaptime/outputs/adaptime/evaluations/tsrag/univariate/NE_China_Wind/H/medium/run_0/metrics_summary.json
    Metrics summary (averaged over all series/windows/variates):
      MSE: 0.2402
      MAE: 0.3527
      RMSE: 0.4148
      MAPE: 1.1385
      sMAPE: 0.7005
      MASE: 0.8704
      ND: 0.5916
      CRPS: 0.5916
/fslarge/scratch/users/h61084/codes/adaptime/outputs/adaptime/evaluations/tsrag/univariate/NE_China_Wind/H/medium/run_0/metrics_summary.json
TIME run allocation action=new run=/fslarge/scratch/users/h61084/codes/adaptime/outputs/adaptime/evaluations/tsrag/univariate/NE_China_Wind/H/long/run_0 launch_id=selena_adaptime_unified_20260916T080019Z_10942_tsrag slurm_job_id=3445481 launched_at=2026-09-16T09:41:15.063629+00:00
    Total instances: 16, Series during experiment: 4, Windows: 4
    Collecting ground truth and context...
    Detected to_univariate case: 4 flat series -> 1 series x 4 variates
    Organizing data into arrays...
    Saved predictions (quantiles) to /fslarge/scratch/users/h61084/codes/adaptime/outputs/adaptime/evaluations/tsrag/univariate/NE_China_Wind/H/long/run_0/predictions.npz
    Computing per-window metrics...
    Saved metrics to /fslarge/scratch/users/h61084/codes/adaptime/outputs/adaptime/evaluations/tsrag/univariate/NE_China_Wind/H/long/run_0/metrics.npz
    Saved config to /fslarge/scratch/users/h61084/codes/adaptime/outputs/adaptime/evaluations/tsrag/univariate/NE_China_Wind/H/long/run_0/config.json
    Saved aggregate metrics to /fslarge/scratch/users/h61084/codes/adaptime/outputs/adaptime/evaluations/tsrag/univariate/NE_China_Wind/H/long/run_0/metrics_summary.json
    Metrics summary (averaged over all series/windows/variates):
      MSE: 0.3046
      MAE: 0.4205
      RMSE: 0.5188
      MAPE: 1.2195
      sMAPE: 0.7798
      MASE: 1.1074
      ND: 0.5942
      CRPS: 0.5942
/fslarge/scratch/users/h61084/codes/adaptime/outputs/adaptime/evaluations/tsrag/univariate/NE_China_Wind/H/long/run_0/metrics_summary.json
TIME run allocation action=new run=/fslarge/scratch/users/h61084/codes/adaptime/outputs/adaptime/evaluations/tsrag/univariate/Australia_Solar/H/short/run_0 launch_id=selena_adaptime_unified_20260916T080019Z_10942_tsrag slurm_job_id=3445481 launched_at=2026-09-16T09:41:15.103778+00:00
    Total instances: 315, Series during experiment: 3, Windows: 105
    Collecting ground truth and context...
    Detected to_univariate case: 3 flat series -> 1 series x 3 variates
    Organizing data into arrays...
    ⚠️  Predictions max value (1848281.62) exceeds float16 safe range.
    ⚠️  Applying scale factor: 100 (values will be divided)
    Saved predictions (quantiles) to /fslarge/scratch/users/h61084/codes/adaptime/outputs/adaptime/evaluations/tsrag/univariate/Australia_Solar/H/short/run_0/predictions.npz
    Computing per-window metrics...
    Saved metrics to /fslarge/scratch/users/h61084/codes/adaptime/outputs/adaptime/evaluations/tsrag/univariate/Australia_Solar/H/short/run_0/metrics.npz
    Saved config to /fslarge/scratch/users/h61084/codes/adaptime/outputs/adaptime/evaluations/tsrag/univariate/Australia_Solar/H/short/run_0/config.json
    Saved aggregate metrics to /fslarge/scratch/users/h61084/codes/adaptime/outputs/adaptime/evaluations/tsrag/univariate/Australia_Solar/H/short/run_0/metrics_summary.json
    Metrics summary (averaged over all series/windows/variates):
      MSE: 25681174568.9489
      MAE: 80595.9907
      RMSE: 105275.9097
      MAPE: 201.8888
      sMAPE: 0.5864
      MASE: 1.0930
      ND: 0.3179
      CRPS: 0.3179
/fslarge/scratch/users/h61084/codes/adaptime/outputs/adaptime/evaluations/tsrag/univariate/Australia_Solar/H/short/run_0/metrics_summary.json
TIME run allocation action=new run=/fslarge/scratch/users/h61084/codes/adaptime/outputs/adaptime/evaluations/tsrag/univariate/Australia_Solar/H/medium/run_0 launch_id=selena_adaptime_unified_20260916T080019Z_10942_tsrag slurm_job_id=3445481 launched_at=2026-09-16T09:41:15.245451+00:00
    Total instances: 105, Series during experiment: 3, Windows: 35
    Collecting ground truth and context...
    Detected to_univariate case: 3 flat series -> 1 series x 3 variates
    Organizing data into arrays...
    ⚠️  Predictions max value (1901669.75) exceeds float16 safe range.
    ⚠️  Applying scale factor: 100 (values will be divided)
    Saved predictions (quantiles) to /fslarge/scratch/users/h61084/codes/adaptime/outputs/adaptime/evaluations/tsrag/univariate/Australia_Solar/H/medium/run_0/predictions.npz
    Computing per-window metrics...
    Saved metrics to /fslarge/scratch/users/h61084/codes/adaptime/outputs/adaptime/evaluations/tsrag/univariate/Australia_Solar/H/medium/run_0/metrics.npz
    Saved config to /fslarge/scratch/users/h61084/codes/adaptime/outputs/adaptime/evaluations/tsrag/univariate/Australia_Solar/H/medium/run_0/config.json
    Saved aggregate metrics to /fslarge/scratch/users/h61084/codes/adaptime/outputs/adaptime/evaluations/tsrag/univariate/Australia_Solar/H/medium/run_0/metrics_summary.json
    Metrics summary (averaged over all series/windows/variates):
      MSE: 27365550832.3611
      MAE: 83494.9434
      RMSE: 122913.4311
      MAPE: 171.3416
      sMAPE: 0.6034
      MASE: 1.1809
      ND: 0.2869
      CRPS: 0.2869
/fslarge/scratch/users/h61084/codes/adaptime/outputs/adaptime/evaluations/tsrag/univariate/Australia_Solar/H/medium/run_0/metrics_summary.json
TIME run allocation action=new run=/fslarge/scratch/users/h61084/codes/adaptime/outputs/adaptime/evaluations/tsrag/univariate/Australia_Solar/H/long/run_0 launch_id=selena_adaptime_unified_20260916T080019Z_10942_tsrag slurm_job_id=3445481 launched_at=2026-09-16T09:41:15.315708+00:00
    Total instances: 45, Series during experiment: 3, Windows: 15
    Collecting ground truth and context...
    Detected to_univariate case: 3 flat series -> 1 series x 3 variates
    Organizing data into arrays...
    ⚠️  Predictions max value (1739706.88) exceeds float16 safe range.
    ⚠️  Applying scale factor: 100 (values will be divided)
    Saved predictions (quantiles) to /fslarge/scratch/users/h61084/codes/adaptime/outputs/adaptime/evaluations/tsrag/univariate/Australia_Solar/H/long/run_0/predictions.npz
    Computing per-window metrics...
    Saved metrics to /fslarge/scratch/users/h61084/codes/adaptime/outputs/adaptime/evaluations/tsrag/univariate/Australia_Solar/H/long/run_0/metrics.npz
    Saved config to /fslarge/scratch/users/h61084/codes/adaptime/outputs/adaptime/evaluations/tsrag/univariate/Australia_Solar/H/long/run_0/config.json
    Saved aggregate metrics to /fslarge/scratch/users/h61084/codes/adaptime/outputs/adaptime/evaluations/tsrag/univariate/Australia_Solar/H/long/run_0/metrics_summary.json
    Metrics summary (averaged over all series/windows/variates):
      MSE: 25904242901.8487
      MAE: 80959.6131
      RMSE: 127972.6351
      MAPE: 177.7451
      sMAPE: 0.6073
      MASE: 1.2087
      ND: 0.2700
      CRPS: 0.2700
/fslarge/scratch/users/h61084/codes/adaptime/outputs/adaptime/evaluations/tsrag/univariate/Australia_Solar/H/long/run_0/metrics_summary.json
TIME run allocation action=new run=/fslarge/scratch/users/h61084/codes/adaptime/outputs/adaptime/evaluations/tsrag/univariate/epf_electricity_price/H/short/run_0 launch_id=selena_adaptime_unified_20260916T080019Z_10942_tsrag slurm_job_id=3445481 launched_at=2026-09-16T09:41:15.376893+00:00
    Total instances: 525, Series during experiment: 5, Windows: 105
    Collecting ground truth and context...
    Organizing data into arrays...
    Saved predictions (quantiles) to /fslarge/scratch/users/h61084/codes/adaptime/outputs/adaptime/evaluations/tsrag/univariate/epf_electricity_price/H/short/run_0/predictions.npz
    Computing per-window metrics...
    Saved metrics to /fslarge/scratch/users/h61084/codes/adaptime/outputs/adaptime/evaluations/tsrag/univariate/epf_electricity_price/H/short/run_0/metrics.npz
    Saved config to /fslarge/scratch/users/h61084/codes/adaptime/outputs/adaptime/evaluations/tsrag/univariate/epf_electricity_price/H/short/run_0/config.json
    Saved aggregate metrics to /fslarge/scratch/users/h61084/codes/adaptime/outputs/adaptime/evaluations/tsrag/univariate/epf_electricity_price/H/short/run_0/metrics_summary.json
    Metrics summary (averaged over all series/windows/variates):
      MSE: 124.7437
      MAE: 6.1625
      RMSE: 7.7596
      MAPE: 1.1077
      sMAPE: 0.1560
      MASE: 0.9623
      ND: 0.1589
      CRPS: 0.1589
/fslarge/scratch/users/h61084/codes/adaptime/outputs/adaptime/evaluations/tsrag/univariate/epf_electricity_price/H/short/run_0/metrics_summary.json
TIME run allocation action=new run=/fslarge/scratch/users/h61084/codes/adaptime/outputs/adaptime/evaluations/tsrag/univariate/epf_electricity_price/H/medium/run_0 launch_id=selena_adaptime_unified_20260916T080019Z_10942_tsrag slurm_job_id=3445481 launched_at=2026-09-16T09:41:15.536529+00:00
    Total instances: 175, Series during experiment: 5, Windows: 35
    Collecting ground truth and context...
    Organizing data into arrays...
    Saved predictions (quantiles) to /fslarge/scratch/users/h61084/codes/adaptime/outputs/adaptime/evaluations/tsrag/univariate/epf_electricity_price/H/medium/run_0/predictions.npz
    Computing per-window metrics...
    Saved metrics to /fslarge/scratch/users/h61084/codes/adaptime/outputs/adaptime/evaluations/tsrag/univariate/epf_electricity_price/H/medium/run_0/metrics.npz
    Saved config to /fslarge/scratch/users/h61084/codes/adaptime/outputs/adaptime/evaluations/tsrag/univariate/epf_electricity_price/H/medium/run_0/config.json
    Saved aggregate metrics to /fslarge/scratch/users/h61084/codes/adaptime/outputs/adaptime/evaluations/tsrag/univariate/epf_electricity_price/H/medium/run_0/metrics_summary.json
    Metrics summary (averaged over all series/windows/variates):
      MSE: 188.4446
      MAE: 7.6810
      RMSE: 10.1262
      MAPE: 1.6612
      sMAPE: 0.1906
      MASE: 1.2183
      ND: 0.1879
      CRPS: 0.1879
/fslarge/scratch/users/h61084/codes/adaptime/outputs/adaptime/evaluations/tsrag/univariate/epf_electricity_price/H/medium/run_0/metrics_summary.json
TIME run allocation action=new run=/fslarge/scratch/users/h61084/codes/adaptime/outputs/adaptime/evaluations/tsrag/univariate/epf_electricity_price/H/long/run_0 launch_id=selena_adaptime_unified_20260916T080019Z_10942_tsrag slurm_job_id=3445481 launched_at=2026-09-16T09:41:15.626269+00:00
    Total instances: 75, Series during experiment: 5, Windows: 15
    Collecting ground truth and context...
    Organizing data into arrays...
    Saved predictions (quantiles) to /fslarge/scratch/users/h61084/codes/adaptime/outputs/adaptime/evaluations/tsrag/univariate/epf_electricity_price/H/long/run_0/predictions.npz
    Computing per-window metrics...
    Saved metrics to /fslarge/scratch/users/h61084/codes/adaptime/outputs/adaptime/evaluations/tsrag/univariate/epf_electricity_price/H/long/run_0/metrics.npz
    Saved config to /fslarge/scratch/users/h61084/codes/adaptime/outputs/adaptime/evaluations/tsrag/univariate/epf_electricity_price/H/long/run_0/config.json
    Saved aggregate metrics to /fslarge/scratch/users/h61084/codes/adaptime/outputs/adaptime/evaluations/tsrag/univariate/epf_electricity_price/H/long/run_0/metrics_summary.json
    Metrics summary (averaged over all series/windows/variates):
      MSE: 211.7826
      MAE: 8.5054
      RMSE: 11.8612
      MAPE: 1.5736
      sMAPE: 0.2093
      MASE: 1.3996
      ND: 0.1986
      CRPS: 0.1986
/fslarge/scratch/users/h61084/codes/adaptime/outputs/adaptime/evaluations/tsrag/univariate/epf_electricity_price/H/long/run_0/metrics_summary.json
TIME run allocation action=new run=/fslarge/scratch/users/h61084/codes/adaptime/outputs/adaptime/evaluations/tsrag/univariate/OpenElectricity_NEM/5T/short/run_0 launch_id=selena_adaptime_unified_20260916T080019Z_10942_tsrag slurm_job_id=3445481 launched_at=2026-09-16T09:41:15.695760+00:00
    Total instances: 1680, Series during experiment: 10, Windows: 168
    Collecting ground truth and context...
    Detected to_univariate case: 10 flat series -> 1 series x 10 variates
    Organizing data into arrays...
    Saved predictions (quantiles) to /fslarge/scratch/users/h61084/codes/adaptime/outputs/adaptime/evaluations/tsrag/univariate/OpenElectricity_NEM/5T/short/run_0/predictions.npz
    Computing per-window metrics...
    Saved metrics to /fslarge/scratch/users/h61084/codes/adaptime/outputs/adaptime/evaluations/tsrag/univariate/OpenElectricity_NEM/5T/short/run_0/metrics.npz
    Saved config to /fslarge/scratch/users/h61084/codes/adaptime/outputs/adaptime/evaluations/tsrag/univariate/OpenElectricity_NEM/5T/short/run_0/config.json
    Saved aggregate metrics to /fslarge/scratch/users/h61084/codes/adaptime/outputs/adaptime/evaluations/tsrag/univariate/OpenElectricity_NEM/5T/short/run_0/metrics_summary.json
    Metrics summary (averaged over all series/windows/variates):
      MSE: 9329.7484
      MAE: 49.6822
      RMSE: 58.8919
      MAPE: 3.5202
      sMAPE: 0.1567
      MASE: 0.3870
      ND: 0.1487
      CRPS: 0.1487
/fslarge/scratch/users/h61084/codes/adaptime/outputs/adaptime/evaluations/tsrag/univariate/OpenElectricity_NEM/5T/short/run_0/metrics_summary.json
TIME run allocation action=new run=/fslarge/scratch/users/h61084/codes/adaptime/outputs/adaptime/evaluations/tsrag/univariate/OpenElectricity_NEM/5T/medium/run_0 launch_id=selena_adaptime_unified_20260916T080019Z_10942_tsrag slurm_job_id=3445481 launched_at=2026-09-16T09:41:16.160387+00:00
    Total instances: 420, Series during experiment: 10, Windows: 42
    Collecting ground truth and context...
    Detected to_univariate case: 10 flat series -> 1 series x 10 variates
    Organizing data into arrays...
    Saved predictions (quantiles) to /fslarge/scratch/users/h61084/codes/adaptime/outputs/adaptime/evaluations/tsrag/univariate/OpenElectricity_NEM/5T/medium/run_0/predictions.npz
    Computing per-window metrics...
    Saved metrics to /fslarge/scratch/users/h61084/codes/adaptime/outputs/adaptime/evaluations/tsrag/univariate/OpenElectricity_NEM/5T/medium/run_0/metrics.npz
    Saved config to /fslarge/scratch/users/h61084/codes/adaptime/outputs/adaptime/evaluations/tsrag/univariate/OpenElectricity_NEM/5T/medium/run_0/config.json
    Saved aggregate metrics to /fslarge/scratch/users/h61084/codes/adaptime/outputs/adaptime/evaluations/tsrag/univariate/OpenElectricity_NEM/5T/medium/run_0/metrics_summary.json
    Metrics summary (averaged over all series/windows/variates):
      MSE: 191493.4289
      MAE: 202.6557
      RMSE: 258.3281
      MAPE: 7.2517
      sMAPE: 0.2919
      MASE: 1.0319
      ND: 0.2906
      CRPS: 0.2906
/fslarge/scratch/users/h61084/codes/adaptime/outputs/adaptime/evaluations/tsrag/univariate/OpenElectricity_NEM/5T/medium/run_0/metrics_summary.json
TIME run allocation action=new run=/fslarge/scratch/users/h61084/codes/adaptime/outputs/adaptime/evaluations/tsrag/univariate/OpenElectricity_NEM/5T/long/run_0 launch_id=selena_adaptime_unified_20260916T080019Z_10942_tsrag slurm_job_id=3445481 launched_at=2026-09-16T09:41:16.364643+00:00
    Total instances: 140, Series during experiment: 10, Windows: 14
    Collecting ground truth and context...
    Detected to_univariate case: 10 flat series -> 1 series x 10 variates
    Organizing data into arrays...
    Saved predictions (quantiles) to /fslarge/scratch/users/h61084/codes/adaptime/outputs/adaptime/evaluations/tsrag/univariate/OpenElectricity_NEM/5T/long/run_0/predictions.npz
    Computing per-window metrics...
    Saved metrics to /fslarge/scratch/users/h61084/codes/adaptime/outputs/adaptime/evaluations/tsrag/univariate/OpenElectricity_NEM/5T/long/run_0/metrics.npz
    Saved config to /fslarge/scratch/users/h61084/codes/adaptime/outputs/adaptime/evaluations/tsrag/univariate/OpenElectricity_NEM/5T/long/run_0/config.json
    Saved aggregate metrics to /fslarge/scratch/users/h61084/codes/adaptime/outputs/adaptime/evaluations/tsrag/univariate/OpenElectricity_NEM/5T/long/run_0/metrics_summary.json
    Metrics summary (averaged over all series/windows/variates):
      MSE: 330321.0048
      MAE: 291.0465
      RMSE: 368.8572
      MAPE: 7.2809
      sMAPE: 0.4300
      MASE: 1.4860
      ND: 0.3624
      CRPS: 0.3624
/fslarge/scratch/users/h61084/codes/adaptime/outputs/adaptime/evaluations/tsrag/univariate/OpenElectricity_NEM/5T/long/run_0/metrics_summary.json
TIME run allocation action=new run=/fslarge/scratch/users/h61084/codes/adaptime/outputs/adaptime/evaluations/tsrag/univariate/EWELD_Load/15T/short/run_0 launch_id=selena_adaptime_unified_20260916T080019Z_10942_tsrag slurm_job_id=3445481 launched_at=2026-09-16T09:41:16.518892+00:00
    Total instances: 560, Series during experiment: 10, Windows: 56
    Collecting ground truth and context...
    Detected to_univariate case: 10 flat series -> 1 series x 10 variates
    Organizing data into arrays...
    Saved predictions (quantiles) to /fslarge/scratch/users/h61084/codes/adaptime/outputs/adaptime/evaluations/tsrag/univariate/EWELD_Load/15T/short/run_0/predictions.npz
    Computing per-window metrics...
    Saved metrics to /fslarge/scratch/users/h61084/codes/adaptime/outputs/adaptime/evaluations/tsrag/univariate/EWELD_Load/15T/short/run_0/metrics.npz
    Saved config to /fslarge/scratch/users/h61084/codes/adaptime/outputs/adaptime/evaluations/tsrag/univariate/EWELD_Load/15T/short/run_0/config.json
    Saved aggregate metrics to /fslarge/scratch/users/h61084/codes/adaptime/outputs/adaptime/evaluations/tsrag/univariate/EWELD_Load/15T/short/run_0/metrics_summary.json
    Metrics summary (averaged over all series/windows/variates):
      MSE: 1113.6207
      MAE: 12.4983
      RMSE: 16.0054
      MAPE: 0.3238
      sMAPE: 0.2765
      MASE: 0.5334
      ND: 0.3333
      CRPS: 0.3333
/fslarge/scratch/users/h61084/codes/adaptime/outputs/adaptime/evaluations/tsrag/univariate/EWELD_Load/15T/short/run_0/metrics_summary.json
TIME run allocation action=new run=/fslarge/scratch/users/h61084/codes/adaptime/outputs/adaptime/evaluations/tsrag/univariate/EWELD_Load/15T/medium/run_0 launch_id=selena_adaptime_unified_20260916T080019Z_10942_tsrag slurm_job_id=3445481 launched_at=2026-09-16T09:41:16.660705+00:00
    Total instances: 140, Series during experiment: 10, Windows: 14
    Collecting ground truth and context...
    Detected to_univariate case: 10 flat series -> 1 series x 10 variates
    Organizing data into arrays...
    Saved predictions (quantiles) to /fslarge/scratch/users/h61084/codes/adaptime/outputs/adaptime/evaluations/tsrag/univariate/EWELD_Load/15T/medium/run_0/predictions.npz
    Computing per-window metrics...
    Saved metrics to /fslarge/scratch/users/h61084/codes/adaptime/outputs/adaptime/evaluations/tsrag/univariate/EWELD_Load/15T/medium/run_0/metrics.npz
    Saved config to /fslarge/scratch/users/h61084/codes/adaptime/outputs/adaptime/evaluations/tsrag/univariate/EWELD_Load/15T/medium/run_0/config.json
    Saved aggregate metrics to /fslarge/scratch/users/h61084/codes/adaptime/outputs/adaptime/evaluations/tsrag/univariate/EWELD_Load/15T/medium/run_0/metrics_summary.json
    Metrics summary (averaged over all series/windows/variates):
      MSE: 1535.7549
      MAE: 16.2256
      RMSE: 21.2256
      MAPE: 0.4526
      sMAPE: 0.3483
      MASE: 0.7448
      ND: 0.2464
      CRPS: 0.2464
/fslarge/scratch/users/h61084/codes/adaptime/outputs/adaptime/evaluations/tsrag/univariate/EWELD_Load/15T/medium/run_0/metrics_summary.json
TIME run allocation action=new run=/fslarge/scratch/users/h61084/codes/adaptime/outputs/adaptime/evaluations/tsrag/univariate/EWELD_Load/15T/long/run_0 launch_id=selena_adaptime_unified_20260916T080019Z_10942_tsrag slurm_job_id=3445481 launched_at=2026-09-16T09:41:16.753398+00:00
    Total instances: 20, Series during experiment: 10, Windows: 2
    Collecting ground truth and context...
    Detected to_univariate case: 10 flat series -> 1 series x 10 variates
    Organizing data into arrays...
    Saved predictions (quantiles) to /fslarge/scratch/users/h61084/codes/adaptime/outputs/adaptime/evaluations/tsrag/univariate/EWELD_Load/15T/long/run_0/predictions.npz
    Computing per-window metrics...
    Saved metrics to /fslarge/scratch/users/h61084/codes/adaptime/outputs/adaptime/evaluations/tsrag/univariate/EWELD_Load/15T/long/run_0/metrics.npz
    Saved config to /fslarge/scratch/users/h61084/codes/adaptime/outputs/adaptime/evaluations/tsrag/univariate/EWELD_Load/15T/long/run_0/config.json
    Saved aggregate metrics to /fslarge/scratch/users/h61084/codes/adaptime/outputs/adaptime/evaluations/tsrag/univariate/EWELD_Load/15T/long/run_0/metrics_summary.json
    Metrics summary (averaged over all series/windows/variates):
      MSE: 1439.6551
      MAE: 16.6922
      RMSE: 21.9469
      MAPE: 0.5909
      sMAPE: 0.3950
      MASE: 0.8604
      ND: 0.2714
      CRPS: 0.2714
/fslarge/scratch/users/h61084/codes/adaptime/outputs/adaptime/evaluations/tsrag/univariate/EWELD_Load/15T/long/run_0/metrics_summary.json
TIME run allocation action=new run=/fslarge/scratch/users/h61084/codes/adaptime/outputs/adaptime/evaluations/tsrag/univariate/SG_Carpark/15T/short/run_0 launch_id=selena_adaptime_unified_20260916T080019Z_10942_tsrag slurm_job_id=3445481 launched_at=2026-09-16T09:41:16.831848+00:00
    Total instances: 14868, Series during experiment: 354, Windows: 42
    Collecting ground truth and context...
    Organizing data into arrays...
    Saved predictions (quantiles) to /fslarge/scratch/users/h61084/codes/adaptime/outputs/adaptime/evaluations/tsrag/univariate/SG_Carpark/15T/short/run_0/predictions.npz
    Computing per-window metrics...
    Saved metrics to /fslarge/scratch/users/h61084/codes/adaptime/outputs/adaptime/evaluations/tsrag/univariate/SG_Carpark/15T/short/run_0/metrics.npz
    Saved config to /fslarge/scratch/users/h61084/codes/adaptime/outputs/adaptime/evaluations/tsrag/univariate/SG_Carpark/15T/short/run_0/config.json
    Saved aggregate metrics to /fslarge/scratch/users/h61084/codes/adaptime/outputs/adaptime/evaluations/tsrag/univariate/SG_Carpark/15T/short/run_0/metrics_summary.json
    Metrics summary (averaged over all series/windows/variates):
      MSE: 201.9511
      MAE: 5.3187
      RMSE: 6.8017
      MAPE: 0.0333
      sMAPE: 0.0441
      MASE: 0.3701
      ND: 0.0329
      CRPS: 0.0329
/fslarge/scratch/users/h61084/codes/adaptime/outputs/adaptime/evaluations/tsrag/univariate/SG_Carpark/15T/short/run_0/metrics_summary.json
TIME run allocation action=new run=/fslarge/scratch/users/h61084/codes/adaptime/outputs/adaptime/evaluations/tsrag/univariate/SG_Carpark/15T/medium/run_0 launch_id=selena_adaptime_unified_20260916T080019Z_10942_tsrag slurm_job_id=3445481 launched_at=2026-09-16T09:41:18.742134+00:00
    Total instances: 2478, Series during experiment: 354, Windows: 7
    Collecting ground truth and context...
    Organizing data into arrays...
    Saved predictions (quantiles) to /fslarge/scratch/users/h61084/codes/adaptime/outputs/adaptime/evaluations/tsrag/univariate/SG_Carpark/15T/medium/run_0/predictions.npz
    Computing per-window metrics...
    Saved metrics to /fslarge/scratch/users/h61084/codes/adaptime/outputs/adaptime/evaluations/tsrag/univariate/SG_Carpark/15T/medium/run_0/metrics.npz
    Saved config to /fslarge/scratch/users/h61084/codes/adaptime/outputs/adaptime/evaluations/tsrag/univariate/SG_Carpark/15T/medium/run_0/config.json
    Saved aggregate metrics to /fslarge/scratch/users/h61084/codes/adaptime/outputs/adaptime/evaluations/tsrag/univariate/SG_Carpark/15T/medium/run_0/metrics_summary.json
    Metrics summary (averaged over all series/windows/variates):
      MSE: 435.7240
      MAE: 7.8854
      RMSE: 10.9200
      MAPE: 0.0453
      sMAPE: 0.0547
      MASE: 0.5286
      ND: 0.0430
      CRPS: 0.0430
/fslarge/scratch/users/h61084/codes/adaptime/outputs/adaptime/evaluations/tsrag/univariate/SG_Carpark/15T/medium/run_0/metrics_summary.json
TIME run allocation action=new run=/fslarge/scratch/users/h61084/codes/adaptime/outputs/adaptime/evaluations/tsrag/univariate/SG_Carpark/15T/long/run_0 launch_id=selena_adaptime_unified_20260916T080019Z_10942_tsrag slurm_job_id=3445481 launched_at=2026-09-16T09:41:19.298843+00:00
    Total instances: 354, Series during experiment: 354, Windows: 1
    Collecting ground truth and context...
    Organizing data into arrays...
    Saved predictions (quantiles) to /fslarge/scratch/users/h61084/codes/adaptime/outputs/adaptime/evaluations/tsrag/univariate/SG_Carpark/15T/long/run_0/predictions.npz
    Computing per-window metrics...
    Saved metrics to /fslarge/scratch/users/h61084/codes/adaptime/outputs/adaptime/evaluations/tsrag/univariate/SG_Carpark/15T/long/run_0/metrics.npz
    Saved config to /fslarge/scratch/users/h61084/codes/adaptime/outputs/adaptime/evaluations/tsrag/univariate/SG_Carpark/15T/long/run_0/config.json
    Saved aggregate metrics to /fslarge/scratch/users/h61084/codes/adaptime/outputs/adaptime/evaluations/tsrag/univariate/SG_Carpark/15T/long/run_0/metrics_summary.json
    Metrics summary (averaged over all series/windows/variates):
      MSE: 738.5261
      MAE: 10.8760
      RMSE: 15.6459
      MAPE: 0.0632
      sMAPE: 0.0671
      MASE: 0.7260
      ND: 0.0626
      CRPS: 0.0626
/fslarge/scratch/users/h61084/codes/adaptime/outputs/adaptime/evaluations/tsrag/univariate/SG_Carpark/15T/long/run_0/metrics_summary.json
TIME run allocation action=new run=/fslarge/scratch/users/h61084/codes/adaptime/outputs/adaptime/evaluations/tsrag/univariate/Finland_Traffic/15T/short/run_0 launch_id=selena_adaptime_unified_20260916T080019Z_10942_tsrag slurm_job_id=3445481 launched_at=2026-09-16T09:41:19.643772+00:00
    Total instances: 186, Series during experiment: 1, Windows: 186
    Collecting ground truth and context...
    Organizing data into arrays...
    Saved predictions (quantiles) to /fslarge/scratch/users/h61084/codes/adaptime/outputs/adaptime/evaluations/tsrag/univariate/Finland_Traffic/15T/short/run_0/predictions.npz
    Computing per-window metrics...
    Saved metrics to /fslarge/scratch/users/h61084/codes/adaptime/outputs/adaptime/evaluations/tsrag/univariate/Finland_Traffic/15T/short/run_0/metrics.npz
    Saved config to /fslarge/scratch/users/h61084/codes/adaptime/outputs/adaptime/evaluations/tsrag/univariate/Finland_Traffic/15T/short/run_0/config.json
    Saved aggregate metrics to /fslarge/scratch/users/h61084/codes/adaptime/outputs/adaptime/evaluations/tsrag/univariate/Finland_Traffic/15T/short/run_0/metrics_summary.json
    Metrics summary (averaged over all series/windows/variates):
      MSE: 835.9956
      MAE: 16.5352
      RMSE: 20.3036
      MAPE: 0.2612
      sMAPE: 0.1848
      MASE: 0.4022
      ND: 0.2314
      CRPS: 0.2314
/fslarge/scratch/users/h61084/codes/adaptime/outputs/adaptime/evaluations/tsrag/univariate/Finland_Traffic/15T/short/run_0/metrics_summary.json
TIME run allocation action=new run=/fslarge/scratch/users/h61084/codes/adaptime/outputs/adaptime/evaluations/tsrag/univariate/Finland_Traffic/15T/medium/run_0 launch_id=selena_adaptime_unified_20260916T080019Z_10942_tsrag slurm_job_id=3445481 launched_at=2026-09-16T09:41:19.711419+00:00
    Total instances: 31, Series during experiment: 1, Windows: 31
    Collecting ground truth and context...
    Organizing data into arrays...
    Saved predictions (quantiles) to /fslarge/scratch/users/h61084/codes/adaptime/outputs/adaptime/evaluations/tsrag/univariate/Finland_Traffic/15T/medium/run_0/predictions.npz
    Computing per-window metrics...
    Saved metrics to /fslarge/scratch/users/h61084/codes/adaptime/outputs/adaptime/evaluations/tsrag/univariate/Finland_Traffic/15T/medium/run_0/metrics.npz
    Saved config to /fslarge/scratch/users/h61084/codes/adaptime/outputs/adaptime/evaluations/tsrag/univariate/Finland_Traffic/15T/medium/run_0/config.json
    Saved aggregate metrics to /fslarge/scratch/users/h61084/codes/adaptime/outputs/adaptime/evaluations/tsrag/univariate/Finland_Traffic/15T/medium/run_0/metrics_summary.json
    Metrics summary (averaged over all series/windows/variates):
      MSE: 2470.2761
      MAE: 32.1505
      RMSE: 45.1498
      MAPE: 0.3597
      sMAPE: 0.2920
      MASE: 0.7808
      ND: 0.2559
      CRPS: 0.2559
/fslarge/scratch/users/h61084/codes/adaptime/outputs/adaptime/evaluations/tsrag/univariate/Finland_Traffic/15T/medium/run_0/metrics_summary.json
TIME run allocation action=new run=/fslarge/scratch/users/h61084/codes/adaptime/outputs/adaptime/evaluations/tsrag/univariate/Finland_Traffic/15T/long/run_0 launch_id=selena_adaptime_unified_20260916T080019Z_10942_tsrag slurm_job_id=3445481 launched_at=2026-09-16T09:41:19.754832+00:00
    Total instances: 4, Series during experiment: 1, Windows: 4
    Collecting ground truth and context...
    Organizing data into arrays...
    Saved predictions (quantiles) to /fslarge/scratch/users/h61084/codes/adaptime/outputs/adaptime/evaluations/tsrag/univariate/Finland_Traffic/15T/long/run_0/predictions.npz
    Computing per-window metrics...
    Saved metrics to /fslarge/scratch/users/h61084/codes/adaptime/outputs/adaptime/evaluations/tsrag/univariate/Finland_Traffic/15T/long/run_0/metrics.npz
    Saved config to /fslarge/scratch/users/h61084/codes/adaptime/outputs/adaptime/evaluations/tsrag/univariate/Finland_Traffic/15T/long/run_0/config.json
    Saved aggregate metrics to /fslarge/scratch/users/h61084/codes/adaptime/outputs/adaptime/evaluations/tsrag/univariate/Finland_Traffic/15T/long/run_0/metrics_summary.json
    Metrics summary (averaged over all series/windows/variates):
      MSE: 2224.2451
      MAE: 31.8582
      RMSE: 46.9439
      MAPE: 0.4265
      sMAPE: 0.2994
      MASE: 0.7721
      ND: 0.2440
      CRPS: 0.2440
/fslarge/scratch/users/h61084/codes/adaptime/outputs/adaptime/evaluations/tsrag/univariate/Finland_Traffic/15T/long/run_0/metrics_summary.json
TIME run allocation action=new run=/fslarge/scratch/users/h61084/codes/adaptime/outputs/adaptime/evaluations/tsrag/univariate/Port_Activity/D/short/run_0 launch_id=selena_adaptime_unified_20260916T080019Z_10942_tsrag slurm_job_id=3445481 launched_at=2026-09-16T09:41:19.793854+00:00
    Total instances: 2376, Series during experiment: 198, Windows: 12
    Collecting ground truth and context...
    Detected to_univariate case: 198 flat series -> 99 series x 2 variates
    Organizing data into arrays...
    ⚠️  Predictions max value (359757.72) exceeds float16 safe range.
    ⚠️  Applying scale factor: 10 (values will be divided)
    Saved predictions (quantiles) to /fslarge/scratch/users/h61084/codes/adaptime/outputs/adaptime/evaluations/tsrag/univariate/Port_Activity/D/short/run_0/predictions.npz
    Computing per-window metrics...
    Saved metrics to /fslarge/scratch/users/h61084/codes/adaptime/outputs/adaptime/evaluations/tsrag/univariate/Port_Activity/D/short/run_0/metrics.npz
    Saved config to /fslarge/scratch/users/h61084/codes/adaptime/outputs/adaptime/evaluations/tsrag/univariate/Port_Activity/D/short/run_0/config.json
    Saved aggregate metrics to /fslarge/scratch/users/h61084/codes/adaptime/outputs/adaptime/evaluations/tsrag/univariate/Port_Activity/D/short/run_0/metrics_summary.json
    Metrics summary (averaged over all series/windows/variates):
      MSE: 954252567.5941
      MAE: 15481.0455
      RMSE: 21244.1473
      MAPE: 2.7384
      sMAPE: 0.9439
      MASE: 0.6626
      ND: 0.7452
      CRPS: 0.7452
/fslarge/scratch/users/h61084/codes/adaptime/outputs/adaptime/evaluations/tsrag/univariate/Port_Activity/D/short/run_0/metrics_summary.json
TIME run allocation action=new run=/fslarge/scratch/users/h61084/codes/adaptime/outputs/adaptime/evaluations/tsrag/univariate/Port_Activity/W/short/run_0 launch_id=selena_adaptime_unified_20260916T080019Z_10942_tsrag slurm_job_id=3445481 launched_at=2026-09-16T09:41:20.018866+00:00
    Total instances: 792, Series during experiment: 198, Windows: 4
    Collecting ground truth and context...
    Detected to_univariate case: 198 flat series -> 99 series x 2 variates
    Organizing data into arrays...
    ⚠️  Predictions max value (2522195.25) exceeds float16 safe range.
    ⚠️  Applying scale factor: 100 (values will be divided)
    Saved predictions (quantiles) to /fslarge/scratch/users/h61084/codes/adaptime/outputs/adaptime/evaluations/tsrag/univariate/Port_Activity/W/short/run_0/predictions.npz
    Computing per-window metrics...
    Saved metrics to /fslarge/scratch/users/h61084/codes/adaptime/outputs/adaptime/evaluations/tsrag/univariate/Port_Activity/W/short/run_0/metrics.npz
    Saved config to /fslarge/scratch/users/h61084/codes/adaptime/outputs/adaptime/evaluations/tsrag/univariate/Port_Activity/W/short/run_0/config.json
    Saved aggregate metrics to /fslarge/scratch/users/h61084/codes/adaptime/outputs/adaptime/evaluations/tsrag/univariate/Port_Activity/W/short/run_0/metrics_summary.json
    Metrics summary (averaged over all series/windows/variates):
      MSE: 5957653731.7841
      MAE: 43832.3428
      RMSE: 53649.4112
      MAPE: 0.6274
      sMAPE: 0.3413
      MASE: 0.7792
      ND: 0.3371
      CRPS: 0.3371
/fslarge/scratch/users/h61084/codes/adaptime/outputs/adaptime/evaluations/tsrag/univariate/Port_Activity/W/short/run_0/metrics_summary.json
TIME run allocation action=new run=/fslarge/scratch/users/h61084/codes/adaptime/outputs/adaptime/evaluations/tsrag/univariate/ECDC_COVID/D/short/run_0 launch_id=selena_adaptime_unified_20260916T080019Z_10942_tsrag slurm_job_id=3445481 launched_at=2026-09-16T09:41:20.113243+00:00
    Total instances: 45, Series during experiment: 9, Windows: 5
    Collecting ground truth and context...
    Organizing data into arrays...
    Saved predictions (quantiles) to /fslarge/scratch/users/h61084/codes/adaptime/outputs/adaptime/evaluations/tsrag/univariate/ECDC_COVID/D/short/run_0/predictions.npz
    Computing per-window metrics...
    Saved metrics to /fslarge/scratch/users/h61084/codes/adaptime/outputs/adaptime/evaluations/tsrag/univariate/ECDC_COVID/D/short/run_0/metrics.npz
    Saved config to /fslarge/scratch/users/h61084/codes/adaptime/outputs/adaptime/evaluations/tsrag/univariate/ECDC_COVID/D/short/run_0/config.json
    Saved aggregate metrics to /fslarge/scratch/users/h61084/codes/adaptime/outputs/adaptime/evaluations/tsrag/univariate/ECDC_COVID/D/short/run_0/metrics_summary.json
    Metrics summary (averaged over all series/windows/variates):
      MSE: 50053.3006
      MAE: 122.2206
      RMSE: 143.2937
      MAPE: 0.5303
      sMAPE: 0.3391
      MASE: 3.2511
      ND: 0.4029
      CRPS: 0.4029
/fslarge/scratch/users/h61084/codes/adaptime/outputs/adaptime/evaluations/tsrag/univariate/ECDC_COVID/D/short/run_0/metrics_summary.json
TIME run allocation action=new run=/fslarge/scratch/users/h61084/codes/adaptime/outputs/adaptime/evaluations/tsrag/univariate/ECDC_COVID/W/short/run_0 launch_id=selena_adaptime_unified_20260916T080019Z_10942_tsrag slurm_job_id=3445481 launched_at=2026-09-16T09:41:20.156759+00:00
    Total instances: 64, Series during experiment: 16, Windows: 4
    Collecting ground truth and context...
    Organizing data into arrays...
    Saved predictions (quantiles) to /fslarge/scratch/users/h61084/codes/adaptime/outputs/adaptime/evaluations/tsrag/univariate/ECDC_COVID/W/short/run_0/predictions.npz
    Computing per-window metrics...
    Saved metrics to /fslarge/scratch/users/h61084/codes/adaptime/outputs/adaptime/evaluations/tsrag/univariate/ECDC_COVID/W/short/run_0/metrics.npz
    Saved config to /fslarge/scratch/users/h61084/codes/adaptime/outputs/adaptime/evaluations/tsrag/univariate/ECDC_COVID/W/short/run_0/config.json
    Saved aggregate metrics to /fslarge/scratch/users/h61084/codes/adaptime/outputs/adaptime/evaluations/tsrag/univariate/ECDC_COVID/W/short/run_0/metrics_summary.json
    Metrics summary (averaged over all series/windows/variates):
      MSE: 2437815.8545
      MAE: 573.4415
      RMSE: 668.2329
      MAPE: 1.0931
      sMAPE: 0.5419
      MASE: 1.4614
      ND: 0.6585
      CRPS: 0.6585
/fslarge/scratch/users/h61084/codes/adaptime/outputs/adaptime/evaluations/tsrag/univariate/ECDC_COVID/W/short/run_0/metrics_summary.json
TIME run allocation action=new run=/fslarge/scratch/users/h61084/codes/adaptime/outputs/adaptime/evaluations/tsrag/univariate/Global_Influenza/W/short/run_0 launch_id=selena_adaptime_unified_20260916T080019Z_10942_tsrag slurm_job_id=3445481 launched_at=2026-09-16T09:41:20.195231+00:00
    Total instances: 240, Series during experiment: 60, Windows: 4
    Collecting ground truth and context...
    Detected to_univariate case: 60 flat series -> 15 series x 4 variates
    Organizing data into arrays...
    ⚠️  Predictions max value (76647.05) exceeds float16 safe range.
    ⚠️  Applying scale factor: 10 (values will be divided)
    Saved predictions (quantiles) to /fslarge/scratch/users/h61084/codes/adaptime/outputs/adaptime/evaluations/tsrag/univariate/Global_Influenza/W/short/run_0/predictions.npz
    Computing per-window metrics...
    Saved metrics to /fslarge/scratch/users/h61084/codes/adaptime/outputs/adaptime/evaluations/tsrag/univariate/Global_Influenza/W/short/run_0/metrics.npz
    Saved config to /fslarge/scratch/users/h61084/codes/adaptime/outputs/adaptime/evaluations/tsrag/univariate/Global_Influenza/W/short/run_0/config.json
    Saved aggregate metrics to /fslarge/scratch/users/h61084/codes/adaptime/outputs/adaptime/evaluations/tsrag/univariate/Global_Influenza/W/short/run_0/metrics_summary.json
    Metrics summary (averaged over all series/windows/variates):
      MSE: 2518066.9035
      MAE: 440.6013
      RMSE: 557.9441
      MAPE: 0.6219
      sMAPE: 0.4610
      MASE: 2.7027
      ND: 0.4612
      CRPS: 0.4612
/fslarge/scratch/users/h61084/codes/adaptime/outputs/adaptime/evaluations/tsrag/univariate/Global_Influenza/W/short/run_0/metrics_summary.json
TIME run allocation action=new run=/fslarge/scratch/users/h61084/codes/adaptime/outputs/adaptime/evaluations/tsrag/univariate/Crypto/D/short/run_0 launch_id=selena_adaptime_unified_20260916T080019Z_10942_tsrag slurm_job_id=3445481 launched_at=2026-09-16T09:41:20.251250+00:00
    Total instances: 36, Series during experiment: 4, Windows: 9
    Collecting ground truth and context...
    Detected to_univariate case: 4 flat series -> 1 series x 4 variates
    Organizing data into arrays...
    ⚠️  Predictions max value (117895.83) exceeds float16 safe range.
    ⚠️  Applying scale factor: 10 (values will be divided)
    Saved predictions (quantiles) to /fslarge/scratch/users/h61084/codes/adaptime/outputs/adaptime/evaluations/tsrag/univariate/Crypto/D/short/run_0/predictions.npz
    Computing per-window metrics...
    Saved metrics to /fslarge/scratch/users/h61084/codes/adaptime/outputs/adaptime/evaluations/tsrag/univariate/Crypto/D/short/run_0/metrics.npz
    Saved config to /fslarge/scratch/users/h61084/codes/adaptime/outputs/adaptime/evaluations/tsrag/univariate/Crypto/D/short/run_0/config.json
    Saved aggregate metrics to /fslarge/scratch/users/h61084/codes/adaptime/outputs/adaptime/evaluations/tsrag/univariate/Crypto/D/short/run_0/metrics_summary.json
    Metrics summary (averaged over all series/windows/variates):
      MSE: 11432970.4712
      MAE: 1485.6416
      RMSE: 1721.6820
      MAPE: 0.1041
      sMAPE: 0.1065
      MASE: 6.8784
      ND: 0.1057
      CRPS: 0.1057
/fslarge/scratch/users/h61084/codes/adaptime/outputs/adaptime/evaluations/tsrag/univariate/Crypto/D/short/run_0/metrics_summary.json
TIME run allocation action=new run=/fslarge/scratch/users/h61084/codes/adaptime/outputs/adaptime/evaluations/tsrag/univariate/US_Term_Structure/B/short/run_0 launch_id=selena_adaptime_unified_20260916T080019Z_10942_tsrag slurm_job_id=3445481 launched_at=2026-09-16T09:41:20.288022+00:00
    Total instances: 1400, Series during experiment: 40, Windows: 35
    Collecting ground truth and context...
    Detected to_univariate case: 40 flat series -> 1 series x 40 variates
    Organizing data into arrays...
    Saved predictions (quantiles) to /fslarge/scratch/users/h61084/codes/adaptime/outputs/adaptime/evaluations/tsrag/univariate/US_Term_Structure/B/short/run_0/predictions.npz
    Computing per-window metrics...
    Saved metrics to /fslarge/scratch/users/h61084/codes/adaptime/outputs/adaptime/evaluations/tsrag/univariate/US_Term_Structure/B/short/run_0/metrics.npz
    Saved config to /fslarge/scratch/users/h61084/codes/adaptime/outputs/adaptime/evaluations/tsrag/univariate/US_Term_Structure/B/short/run_0/config.json
    Saved aggregate metrics to /fslarge/scratch/users/h61084/codes/adaptime/outputs/adaptime/evaluations/tsrag/univariate/US_Term_Structure/B/short/run_0/metrics_summary.json
    Metrics summary (averaged over all series/windows/variates):
      MSE: 0.0231
      MAE: 0.1021
      RMSE: 0.1227
      MAPE: 0.9472
      sMAPE: 0.2692
      MASE: 1.4983
      ND: 0.2605
      CRPS: 0.2605
/fslarge/scratch/users/h61084/codes/adaptime/outputs/adaptime/evaluations/tsrag/univariate/US_Term_Structure/B/short/run_0/metrics_summary.json
TIME run allocation action=new run=/fslarge/scratch/users/h61084/codes/adaptime/outputs/adaptime/evaluations/tsrag/univariate/Oil_Price/B/short/run_0 launch_id=selena_adaptime_unified_20260916T080019Z_10942_tsrag slurm_job_id=3445481 launched_at=2026-09-16T09:41:20.537883+00:00
    Total instances: 420, Series during experiment: 12, Windows: 35
    Collecting ground truth and context...
    Detected to_univariate case: 12 flat series -> 1 series x 12 variates
    Organizing data into arrays...
    Saved predictions (quantiles) to /fslarge/scratch/users/h61084/codes/adaptime/outputs/adaptime/evaluations/tsrag/univariate/Oil_Price/B/short/run_0/predictions.npz
    Computing per-window metrics...
    Saved metrics to /fslarge/scratch/users/h61084/codes/adaptime/outputs/adaptime/evaluations/tsrag/univariate/Oil_Price/B/short/run_0/metrics.npz
    Saved config to /fslarge/scratch/users/h61084/codes/adaptime/outputs/adaptime/evaluations/tsrag/univariate/Oil_Price/B/short/run_0/config.json
    Saved aggregate metrics to /fslarge/scratch/users/h61084/codes/adaptime/outputs/adaptime/evaluations/tsrag/univariate/Oil_Price/B/short/run_0/metrics_summary.json
    Metrics summary (averaged over all series/windows/variates):
      MSE: 3.0768
      MAE: 0.6699
      RMSE: 0.7766
      MAPE: 0.0572
      sMAPE: 0.0563
      MASE: 1.3665
      ND: 0.0568
      CRPS: 0.0568
/fslarge/scratch/users/h61084/codes/adaptime/outputs/adaptime/evaluations/tsrag/univariate/Oil_Price/B/short/run_0/metrics_summary.json
TIME run allocation action=new run=/fslarge/scratch/users/h61084/codes/adaptime/outputs/adaptime/evaluations/tsrag/univariate/Job_Claims/W/short/run_0 launch_id=selena_adaptime_unified_20260916T080019Z_10942_tsrag slurm_job_id=3445481 launched_at=2026-09-16T09:41:20.617492+00:00
    Total instances: 8, Series during experiment: 2, Windows: 4
    Collecting ground truth and context...
    Detected to_univariate case: 2 flat series -> 1 series x 2 variates
    Organizing data into arrays...
    ⚠️  Predictions max value (1959527.38) exceeds float16 safe range.
    ⚠️  Applying scale factor: 100 (values will be divided)
    Saved predictions (quantiles) to /fslarge/scratch/users/h61084/codes/adaptime/outputs/adaptime/evaluations/tsrag/univariate/Job_Claims/W/short/run_0/predictions.npz
    Computing per-window metrics...
    Saved metrics to /fslarge/scratch/users/h61084/codes/adaptime/outputs/adaptime/evaluations/tsrag/univariate/Job_Claims/W/short/run_0/metrics.npz
    Saved config to /fslarge/scratch/users/h61084/codes/adaptime/outputs/adaptime/evaluations/tsrag/univariate/Job_Claims/W/short/run_0/config.json
    Saved aggregate metrics to /fslarge/scratch/users/h61084/codes/adaptime/outputs/adaptime/evaluations/tsrag/univariate/Job_Claims/W/short/run_0/metrics_summary.json
    Metrics summary (averaged over all series/windows/variates):
      MSE: 773731298.4361
      MAE: 18364.7165
      RMSE: 21751.8964
      MAPE: 0.0249
      sMAPE: 0.0252
      MASE: 3.1949
      ND: 0.0250
      CRPS: 0.0250
/fslarge/scratch/users/h61084/codes/adaptime/outputs/adaptime/evaluations/tsrag/univariate/Job_Claims/W/short/run_0/metrics_summary.json
TIME run allocation action=new run=/fslarge/scratch/users/h61084/codes/adaptime/outputs/adaptime/evaluations/tsrag/univariate/Uncertainty_1M/M/short/run_0 launch_id=selena_adaptime_unified_20260916T080019Z_10942_tsrag slurm_job_id=3445481 launched_at=2026-09-16T09:41:20.652196+00:00
    Total instances: 21, Series during experiment: 3, Windows: 7
    Collecting ground truth and context...
    Detected to_univariate case: 3 flat series -> 1 series x 3 variates
    Organizing data into arrays...
    Saved predictions (quantiles) to /fslarge/scratch/users/h61084/codes/adaptime/outputs/adaptime/evaluations/tsrag/univariate/Uncertainty_1M/M/short/run_0/predictions.npz
    Computing per-window metrics...
    Saved metrics to /fslarge/scratch/users/h61084/codes/adaptime/outputs/adaptime/evaluations/tsrag/univariate/Uncertainty_1M/M/short/run_0/metrics.npz
    Saved config to /fslarge/scratch/users/h61084/codes/adaptime/outputs/adaptime/evaluations/tsrag/univariate/Uncertainty_1M/M/short/run_0/config.json
    Saved aggregate metrics to /fslarge/scratch/users/h61084/codes/adaptime/outputs/adaptime/evaluations/tsrag/univariate/Uncertainty_1M/M/short/run_0/metrics_summary.json
    Metrics summary (averaged over all series/windows/variates):
      MSE: 0.0017
      MAE: 0.0304
      RMSE: 0.0343
      MAPE: 0.0384
      sMAPE: 0.0374
      MASE: 0.3785
      ND: 0.0381
      CRPS: 0.0381
/fslarge/scratch/users/h61084/codes/adaptime/outputs/adaptime/evaluations/tsrag/univariate/Uncertainty_1M/M/short/run_0/metrics_summary.json
TIME run allocation action=new run=/fslarge/scratch/users/h61084/codes/adaptime/outputs/adaptime/evaluations/tsrag/univariate/Housing_Inventory/M/short/run_0 launch_id=selena_adaptime_unified_20260916T080019Z_10942_tsrag slurm_job_id=3445481 launched_at=2026-09-16T09:41:20.685282+00:00
    Total instances: 12, Series during experiment: 4, Windows: 3
    Collecting ground truth and context...
    Detected to_univariate case: 4 flat series -> 1 series x 4 variates
    Organizing data into arrays...
    ⚠️  Predictions max value (938584.50) exceeds float16 safe range.
    ⚠️  Applying scale factor: 100 (values will be divided)
    Saved predictions (quantiles) to /fslarge/scratch/users/h61084/codes/adaptime/outputs/adaptime/evaluations/tsrag/univariate/Housing_Inventory/M/short/run_0/predictions.npz
    Computing per-window metrics...
    Saved metrics to /fslarge/scratch/users/h61084/codes/adaptime/outputs/adaptime/evaluations/tsrag/univariate/Housing_Inventory/M/short/run_0/metrics.npz
    Saved config to /fslarge/scratch/users/h61084/codes/adaptime/outputs/adaptime/evaluations/tsrag/univariate/Housing_Inventory/M/short/run_0/config.json
    Saved aggregate metrics to /fslarge/scratch/users/h61084/codes/adaptime/outputs/adaptime/evaluations/tsrag/univariate/Housing_Inventory/M/short/run_0/metrics_summary.json
    Metrics summary (averaged over all series/windows/variates):
      MSE: 4419966111.8691
      MAE: 31923.6982
      RMSE: 35589.2656
      MAPE: 0.0681
      sMAPE: 0.0690
      MASE: 0.5630
      ND: 0.0687
      CRPS: 0.0687
/fslarge/scratch/users/h61084/codes/adaptime/outputs/adaptime/evaluations/tsrag/univariate/Housing_Inventory/M/short/run_0/metrics_summary.json
TIME run allocation action=new run=/fslarge/scratch/users/h61084/codes/adaptime/outputs/adaptime/evaluations/tsrag/univariate/JOLTS/M/short/run_0 launch_id=selena_adaptime_unified_20260916T080019Z_10942_tsrag slurm_job_id=3445481 launched_at=2026-09-16T09:41:20.720113+00:00
    Total instances: 30, Series during experiment: 6, Windows: 5
    Collecting ground truth and context...
    Detected to_univariate case: 6 flat series -> 1 series x 6 variates
    Organizing data into arrays...
    Saved predictions (quantiles) to /fslarge/scratch/users/h61084/codes/adaptime/outputs/adaptime/evaluations/tsrag/univariate/JOLTS/M/short/run_0/predictions.npz
    Computing per-window metrics...
    Saved metrics to /fslarge/scratch/users/h61084/codes/adaptime/outputs/adaptime/evaluations/tsrag/univariate/JOLTS/M/short/run_0/metrics.npz
    Saved config to /fslarge/scratch/users/h61084/codes/adaptime/outputs/adaptime/evaluations/tsrag/univariate/JOLTS/M/short/run_0/config.json
    Saved aggregate metrics to /fslarge/scratch/users/h61084/codes/adaptime/outputs/adaptime/evaluations/tsrag/univariate/JOLTS/M/short/run_0/metrics_summary.json
    Metrics summary (averaged over all series/windows/variates):
      MSE: 434621.7960
      MAE: 326.8781
      RMSE: 391.4143
      MAPE: 0.0783
      sMAPE: 0.0788
      MASE: 1.0340
      ND: 0.0784
      CRPS: 0.0784
/fslarge/scratch/users/h61084/codes/adaptime/outputs/adaptime/evaluations/tsrag/univariate/JOLTS/M/short/run_0/metrics_summary.json
TIME run allocation action=new run=/fslarge/scratch/users/h61084/codes/adaptime/outputs/adaptime/evaluations/tsrag/univariate/US_Labor/M/short/run_0 launch_id=selena_adaptime_unified_20260916T080019Z_10942_tsrag slurm_job_id=3445481 launched_at=2026-09-16T09:41:20.756303+00:00
    Total instances: 70, Series during experiment: 14, Windows: 5
    Collecting ground truth and context...
    Detected to_univariate case: 14 flat series -> 1 series x 14 variates
    Organizing data into arrays...
    ⚠️  Predictions max value (170858.69) exceeds float16 safe range.
    ⚠️  Applying scale factor: 10 (values will be divided)
    Saved predictions (quantiles) to /fslarge/scratch/users/h61084/codes/adaptime/outputs/adaptime/evaluations/tsrag/univariate/US_Labor/M/short/run_0/predictions.npz
    Computing per-window metrics...
    Saved metrics to /fslarge/scratch/users/h61084/codes/adaptime/outputs/adaptime/evaluations/tsrag/univariate/US_Labor/M/short/run_0/metrics.npz
    Saved config to /fslarge/scratch/users/h61084/codes/adaptime/outputs/adaptime/evaluations/tsrag/univariate/US_Labor/M/short/run_0/config.json
    Saved aggregate metrics to /fslarge/scratch/users/h61084/codes/adaptime/outputs/adaptime/evaluations/tsrag/univariate/US_Labor/M/short/run_0/metrics_summary.json
    Metrics summary (averaged over all series/windows/variates):
      MSE: 473194.0676
      MAE: 338.2947
      RMSE: 383.6731
      MAPE: 0.0621
      sMAPE: 0.0595
      MASE: 0.8665
      ND: 0.0622
      CRPS: 0.0622
/fslarge/scratch/users/h61084/codes/adaptime/outputs/adaptime/evaluations/tsrag/univariate/US_Labor/M/short/run_0/metrics_summary.json
TIME run allocation action=new run=/fslarge/scratch/users/h61084/codes/adaptime/outputs/adaptime/evaluations/tsrag/univariate/Vehicle_Supply/M/short/run_0 launch_id=selena_adaptime_unified_20260916T080019Z_10942_tsrag slurm_job_id=3445481 launched_at=2026-09-16T09:41:20.797079+00:00
    Total instances: 30, Series during experiment: 6, Windows: 5
    Collecting ground truth and context...
    Detected to_univariate case: 6 flat series -> 1 series x 6 variates
    Organizing data into arrays...
    Saved predictions (quantiles) to /fslarge/scratch/users/h61084/codes/adaptime/outputs/adaptime/evaluations/tsrag/univariate/Vehicle_Supply/M/short/run_0/predictions.npz
    Computing per-window metrics...
    Saved metrics to /fslarge/scratch/users/h61084/codes/adaptime/outputs/adaptime/evaluations/tsrag/univariate/Vehicle_Supply/M/short/run_0/metrics.npz
    Saved config to /fslarge/scratch/users/h61084/codes/adaptime/outputs/adaptime/evaluations/tsrag/univariate/Vehicle_Supply/M/short/run_0/config.json
    Saved aggregate metrics to /fslarge/scratch/users/h61084/codes/adaptime/outputs/adaptime/evaluations/tsrag/univariate/Vehicle_Supply/M/short/run_0/metrics_summary.json
    Metrics summary (averaged over all series/windows/variates):
      MSE: 2704.5870
      MAE: 22.3202
      RMSE: 26.4496
      MAPE: 0.2518
      sMAPE: 0.2109
      MASE: 0.8042
      ND: 0.2309
      CRPS: 0.2309
/fslarge/scratch/users/h61084/codes/adaptime/outputs/adaptime/evaluations/tsrag/univariate/Vehicle_Supply/M/short/run_0/metrics_summary.json
TIME run allocation action=new run=/fslarge/scratch/users/h61084/codes/adaptime/outputs/adaptime/evaluations/tsrag/univariate/Auto_Production_SF/M/short/run_0 launch_id=selena_adaptime_unified_20260916T080019Z_10942_tsrag slurm_job_id=3445481 launched_at=2026-09-16T09:41:20.833600+00:00
    Total instances: 5, Series during experiment: 1, Windows: 5
    Collecting ground truth and context...
    Organizing data into arrays...
    Saved predictions (quantiles) to /fslarge/scratch/users/h61084/codes/adaptime/outputs/adaptime/evaluations/tsrag/univariate/Auto_Production_SF/M/short/run_0/predictions.npz
    Computing per-window metrics...
    Saved metrics to /fslarge/scratch/users/h61084/codes/adaptime/outputs/adaptime/evaluations/tsrag/univariate/Auto_Production_SF/M/short/run_0/metrics.npz
    Saved config to /fslarge/scratch/users/h61084/codes/adaptime/outputs/adaptime/evaluations/tsrag/univariate/Auto_Production_SF/M/short/run_0/config.json
    Saved aggregate metrics to /fslarge/scratch/users/h61084/codes/adaptime/outputs/adaptime/evaluations/tsrag/univariate/Auto_Production_SF/M/short/run_0/metrics_summary.json
    Metrics summary (averaged over all series/windows/variates):
      MSE: 9.2722
      MAE: 2.3963
      RMSE: 2.9463
      MAPE: 0.0248
      sMAPE: 0.0245
      MASE: 0.6044
      ND: 0.0240
      CRPS: 0.0240
/fslarge/scratch/users/h61084/codes/adaptime/outputs/adaptime/evaluations/tsrag/univariate/Auto_Production_SF/M/short/run_0/metrics_summary.json
TIME run allocation action=new run=/fslarge/scratch/users/h61084/codes/adaptime/outputs/adaptime/evaluations/tsrag/univariate/Commodity_Production/M/short/run_0 launch_id=selena_adaptime_unified_20260916T080019Z_10942_tsrag slurm_job_id=3445481 launched_at=2026-09-16T09:41:20.866947+00:00
    Total instances: 160, Series during experiment: 32, Windows: 5
    Collecting ground truth and context...
    Organizing data into arrays...
    Saved predictions (quantiles) to /fslarge/scratch/users/h61084/codes/adaptime/outputs/adaptime/evaluations/tsrag/univariate/Commodity_Production/M/short/run_0/predictions.npz
    Computing per-window metrics...
    Saved metrics to /fslarge/scratch/users/h61084/codes/adaptime/outputs/adaptime/evaluations/tsrag/univariate/Commodity_Production/M/short/run_0/metrics.npz
    Saved config to /fslarge/scratch/users/h61084/codes/adaptime/outputs/adaptime/evaluations/tsrag/univariate/Commodity_Production/M/short/run_0/config.json
    Saved aggregate metrics to /fslarge/scratch/users/h61084/codes/adaptime/outputs/adaptime/evaluations/tsrag/univariate/Commodity_Production/M/short/run_0/metrics_summary.json
    Metrics summary (averaged over all series/windows/variates):
      MSE: 58078.3749
      MAE: 65.7979
      RMSE: 76.8030
      MAPE: 0.2059
      sMAPE: 0.1638
      MASE: 0.9052
      ND: 0.1572
      CRPS: 0.1572
/fslarge/scratch/users/h61084/codes/adaptime/outputs/adaptime/evaluations/tsrag/univariate/Commodity_Production/M/short/run_0/metrics_summary.json
TIME run allocation action=new run=/fslarge/scratch/users/h61084/codes/adaptime/outputs/adaptime/evaluations/tsrag/univariate/Commodity_Import/M/short/run_0 launch_id=selena_adaptime_unified_20260916T080019Z_10942_tsrag slurm_job_id=3445481 launched_at=2026-09-16T09:41:20.914660+00:00
    Total instances: 40, Series during experiment: 8, Windows: 5
    Collecting ground truth and context...
    Organizing data into arrays...
    Saved predictions (quantiles) to /fslarge/scratch/users/h61084/codes/adaptime/outputs/adaptime/evaluations/tsrag/univariate/Commodity_Import/M/short/run_0/predictions.npz
    Computing per-window metrics...
    Saved metrics to /fslarge/scratch/users/h61084/codes/adaptime/outputs/adaptime/evaluations/tsrag/univariate/Commodity_Import/M/short/run_0/metrics.npz
    Saved config to /fslarge/scratch/users/h61084/codes/adaptime/outputs/adaptime/evaluations/tsrag/univariate/Commodity_Import/M/short/run_0/config.json
    Saved aggregate metrics to /fslarge/scratch/users/h61084/codes/adaptime/outputs/adaptime/evaluations/tsrag/univariate/Commodity_Import/M/short/run_0/metrics_summary.json
    Metrics summary (averaged over all series/windows/variates):
      MSE: 1553826.9339
      MAE: 502.5970
      RMSE: 607.3308
      MAPE: 0.3745
      sMAPE: 0.2365
      MASE: 1.4590
      ND: 0.2954
      CRPS: 0.2954
/fslarge/scratch/users/h61084/codes/adaptime/outputs/adaptime/evaluations/tsrag/univariate/Commodity_Import/M/short/run_0/metrics_summary.json
TIME run allocation action=new run=/fslarge/scratch/users/h61084/codes/adaptime/outputs/adaptime/evaluations/tsrag/univariate/WUI_Global/Q/short/run_0 launch_id=selena_adaptime_unified_20260916T080019Z_10942_tsrag slurm_job_id=3445481 launched_at=2026-09-16T09:41:20.953081+00:00
    Total instances: 75, Series during experiment: 15, Windows: 5
    Collecting ground truth and context...
    Detected to_univariate case: 15 flat series -> 1 series x 15 variates
    Organizing data into arrays...
    Saved predictions (quantiles) to /fslarge/scratch/users/h61084/codes/adaptime/outputs/adaptime/evaluations/tsrag/univariate/WUI_Global/Q/short/run_0/predictions.npz
    Computing per-window metrics...
    Saved metrics to /fslarge/scratch/users/h61084/codes/adaptime/outputs/adaptime/evaluations/tsrag/univariate/WUI_Global/Q/short/run_0/metrics.npz
    Saved config to /fslarge/scratch/users/h61084/codes/adaptime/outputs/adaptime/evaluations/tsrag/univariate/WUI_Global/Q/short/run_0/config.json
    Saved aggregate metrics to /fslarge/scratch/users/h61084/codes/adaptime/outputs/adaptime/evaluations/tsrag/univariate/WUI_Global/Q/short/run_0/metrics_summary.json
    Metrics summary (averaged over all series/windows/variates):
      MSE: 0.0486
      MAE: 0.1480
      RMSE: 0.1749
      MAPE: 0.5793
      sMAPE: 0.6437
      MASE: 0.9822
      ND: 0.6727
      CRPS: 0.6727
/fslarge/scratch/users/h61084/codes/adaptime/outputs/adaptime/evaluations/tsrag/univariate/WUI_Global/Q/short/run_0/metrics_summary.json
TIME run allocation action=new run=/fslarge/scratch/users/h61084/codes/adaptime/outputs/adaptime/evaluations/tsrag/univariate/Global_Price/Q/short/run_0 launch_id=selena_adaptime_unified_20260916T080019Z_10942_tsrag slurm_job_id=3445481 launched_at=2026-09-16T09:41:20.993663+00:00
    Total instances: 300, Series during experiment: 60, Windows: 5
    Collecting ground truth and context...
    Detected to_univariate case: 60 flat series -> 1 series x 60 variates
    Organizing data into arrays...
    Saved predictions (quantiles) to /fslarge/scratch/users/h61084/codes/adaptime/outputs/adaptime/evaluations/tsrag/univariate/Global_Price/Q/short/run_0/predictions.npz
    Computing per-window metrics...
    Saved metrics to /fslarge/scratch/users/h61084/codes/adaptime/outputs/adaptime/evaluations/tsrag/univariate/Global_Price/Q/short/run_0/metrics.npz
    Saved config to /fslarge/scratch/users/h61084/codes/adaptime/outputs/adaptime/evaluations/tsrag/univariate/Global_Price/Q/short/run_0/config.json
    Saved aggregate metrics to /fslarge/scratch/users/h61084/codes/adaptime/outputs/adaptime/evaluations/tsrag/univariate/Global_Price/Q/short/run_0/metrics_summary.json
    Metrics summary (averaged over all series/windows/variates):
      MSE: 1781288.0287
      MAE: 313.4901
      RMSE: 353.6570
      MAPE: 0.1798
      sMAPE: 0.1925
      MASE: 1.5801
      ND: 0.1810
      CRPS: 0.1810
/fslarge/scratch/users/h61084/codes/adaptime/outputs/adaptime/evaluations/tsrag/univariate/Global_Price/Q/short/run_0/metrics_summary.json
TIME run allocation action=new run=/fslarge/scratch/users/h61084/codes/adaptime/outputs/adaptime/evaluations/tsrag/univariate/Vehicle_Sales/M/short/run_0 launch_id=selena_adaptime_unified_20260916T080019Z_10942_tsrag slurm_job_id=3445481 launched_at=2026-09-16T09:41:21.049121+00:00
    Total instances: 50, Series during experiment: 10, Windows: 5
    Collecting ground truth and context...
    Detected to_univariate case: 10 flat series -> 1 series x 10 variates
    Organizing data into arrays...
    Saved predictions (quantiles) to /fslarge/scratch/users/h61084/codes/adaptime/outputs/adaptime/evaluations/tsrag/univariate/Vehicle_Sales/M/short/run_0/predictions.npz
    Computing per-window metrics...
    Saved metrics to /fslarge/scratch/users/h61084/codes/adaptime/outputs/adaptime/evaluations/tsrag/univariate/Vehicle_Sales/M/short/run_0/metrics.npz
    Saved config to /fslarge/scratch/users/h61084/codes/adaptime/outputs/adaptime/evaluations/tsrag/univariate/Vehicle_Sales/M/short/run_0/config.json
    Saved aggregate metrics to /fslarge/scratch/users/h61084/codes/adaptime/outputs/adaptime/evaluations/tsrag/univariate/Vehicle_Sales/M/short/run_0/metrics_summary.json
    Metrics summary (averaged over all series/windows/variates):
      MSE: 2666.5882
      MAE: 13.7315
      RMSE: 15.3027
      MAPE: 0.0899
      sMAPE: 0.0885
      MASE: 0.8236
      ND: 0.0900
      CRPS: 0.0900
/fslarge/scratch/users/h61084/codes/adaptime/outputs/adaptime/evaluations/tsrag/univariate/Vehicle_Sales/M/short/run_0/metrics_summary.json
TIME run allocation action=new run=/fslarge/scratch/users/h61084/codes/adaptime/outputs/adaptime/evaluations/tsrag/univariate/Online_Retail_2_UCI/D/short/run_0 launch_id=selena_adaptime_unified_20260916T080019Z_10942_tsrag slurm_job_id=3445481 launched_at=2026-09-16T09:41:21.088482+00:00
    Total instances: 6, Series during experiment: 1, Windows: 6
    Collecting ground truth and context...
    Organizing data into arrays...
    ⚠️  Predictions max value (80600.97) exceeds float16 safe range.
    ⚠️  Applying scale factor: 10 (values will be divided)
    Saved predictions (quantiles) to /fslarge/scratch/users/h61084/codes/adaptime/outputs/adaptime/evaluations/tsrag/univariate/Online_Retail_2_UCI/D/short/run_0/predictions.npz
    Computing per-window metrics...
    Saved metrics to /fslarge/scratch/users/h61084/codes/adaptime/outputs/adaptime/evaluations/tsrag/univariate/Online_Retail_2_UCI/D/short/run_0/metrics.npz
    Saved config to /fslarge/scratch/users/h61084/codes/adaptime/outputs/adaptime/evaluations/tsrag/univariate/Online_Retail_2_UCI/D/short/run_0/config.json
    Saved aggregate metrics to /fslarge/scratch/users/h61084/codes/adaptime/outputs/adaptime/evaluations/tsrag/univariate/Online_Retail_2_UCI/D/short/run_0/metrics_summary.json
    Metrics summary (averaged over all series/windows/variates):
      MSE: 308363463.3661
      MAE: 10064.9795
      RMSE: 16022.4758
      MAPE: 0.3003
      sMAPE: 0.5430
      MASE: 0.6093
      ND: 0.2960
      CRPS: 0.2960
/fslarge/scratch/users/h61084/codes/adaptime/outputs/adaptime/evaluations/tsrag/univariate/Online_Retail_2_UCI/D/short/run_0/metrics_summary.json
TIME run allocation action=new run=/fslarge/scratch/users/h61084/codes/adaptime/outputs/adaptime/evaluations/tsrag/univariate/Supply_Chain_Customer/D/short/run_0 launch_id=selena_adaptime_unified_20260916T080019Z_10942_tsrag slurm_job_id=3445481 launched_at=2026-09-16T09:41:21.122398+00:00
    Total instances: 432, Series during experiment: 36, Windows: 12
    Collecting ground truth and context...
    Detected to_univariate case: 36 flat series -> 1 series x 36 variates
    Organizing data into arrays...
    ⚠️  Predictions max value (190296.09) exceeds float16 safe range.
    ⚠️  Applying scale factor: 10 (values will be divided)
    Saved predictions (quantiles) to /fslarge/scratch/users/h61084/codes/adaptime/outputs/adaptime/evaluations/tsrag/univariate/Supply_Chain_Customer/D/short/run_0/predictions.npz
    Computing per-window metrics...
    Saved metrics to /fslarge/scratch/users/h61084/codes/adaptime/outputs/adaptime/evaluations/tsrag/univariate/Supply_Chain_Customer/D/short/run_0/metrics.npz
    Saved config to /fslarge/scratch/users/h61084/codes/adaptime/outputs/adaptime/evaluations/tsrag/univariate/Supply_Chain_Customer/D/short/run_0/config.json
    Saved aggregate metrics to /fslarge/scratch/users/h61084/codes/adaptime/outputs/adaptime/evaluations/tsrag/univariate/Supply_Chain_Customer/D/short/run_0/metrics_summary.json
    Metrics summary (averaged over all series/windows/variates):
      MSE: 36488180.8704
      MAE: 1794.6162
      RMSE: 2488.1436
      MAPE: 0.4386
      sMAPE: 0.4300
      MASE: 0.6327
      ND: 0.3720
      CRPS: 0.3720
/fslarge/scratch/users/h61084/codes/adaptime/outputs/adaptime/evaluations/tsrag/univariate/Supply_Chain_Customer/D/short/run_0/metrics_summary.json
TIME run allocation action=new run=/fslarge/scratch/users/h61084/codes/adaptime/outputs/adaptime/evaluations/tsrag/univariate/Supply_Chain_Location/D/short/run_0 launch_id=selena_adaptime_unified_20260916T080019Z_10942_tsrag slurm_job_id=3445481 launched_at=2026-09-16T09:41:21.199386+00:00
    Total instances: 612, Series during experiment: 51, Windows: 12
    Collecting ground truth and context...
    Detected to_univariate case: 51 flat series -> 1 series x 51 variates
    Organizing data into arrays...
    ⚠️  Predictions max value (89020.06) exceeds float16 safe range.
    ⚠️  Applying scale factor: 10 (values will be divided)
    Saved predictions (quantiles) to /fslarge/scratch/users/h61084/codes/adaptime/outputs/adaptime/evaluations/tsrag/univariate/Supply_Chain_Location/D/short/run_0/predictions.npz
    Computing per-window metrics...
    Saved metrics to /fslarge/scratch/users/h61084/codes/adaptime/outputs/adaptime/evaluations/tsrag/univariate/Supply_Chain_Location/D/short/run_0/metrics.npz
    Saved config to /fslarge/scratch/users/h61084/codes/adaptime/outputs/adaptime/evaluations/tsrag/univariate/Supply_Chain_Location/D/short/run_0/config.json
    Saved aggregate metrics to /fslarge/scratch/users/h61084/codes/adaptime/outputs/adaptime/evaluations/tsrag/univariate/Supply_Chain_Location/D/short/run_0/metrics_summary.json
    Metrics summary (averaged over all series/windows/variates):
      MSE: 21935462.0682
      MAE: 1805.3296
      RMSE: 2434.7466
      MAPE: 0.5002
      sMAPE: 0.4291
      MASE: 0.6601
      ND: 0.3852
      CRPS: 0.3852
/fslarge/scratch/users/h61084/codes/adaptime/outputs/adaptime/evaluations/tsrag/univariate/Supply_Chain_Location/D/short/run_0/metrics_summary.json
TIME run allocation action=new run=/fslarge/scratch/users/h61084/codes/adaptime/outputs/adaptime/evaluations/tsrag/univariate/azure2019_U/5T/short/run_0 launch_id=selena_adaptime_unified_20260916T080019Z_10942_tsrag slurm_job_id=3445481 launched_at=2026-09-16T09:41:21.295091+00:00
    Total instances: 1404, Series during experiment: 234, Windows: 6
    Collecting ground truth and context...
    Detected to_univariate case: 234 flat series -> 78 series x 3 variates
    Organizing data into arrays...
    Saved predictions (quantiles) to /fslarge/scratch/users/h61084/codes/adaptime/outputs/adaptime/evaluations/tsrag/univariate/azure2019_U/5T/short/run_0/predictions.npz
    Computing per-window metrics...
    Saved metrics to /fslarge/scratch/users/h61084/codes/adaptime/outputs/adaptime/evaluations/tsrag/univariate/azure2019_U/5T/short/run_0/metrics.npz
    Saved config to /fslarge/scratch/users/h61084/codes/adaptime/outputs/adaptime/evaluations/tsrag/univariate/azure2019_U/5T/short/run_0/config.json
    Saved aggregate metrics to /fslarge/scratch/users/h61084/codes/adaptime/outputs/adaptime/evaluations/tsrag/univariate/azure2019_U/5T/short/run_0/metrics_summary.json
    Metrics summary (averaged over all series/windows/variates):
      MSE: 69.3260
      MAE: 2.3909
      RMSE: 3.3254
      MAPE: 0.3706
      sMAPE: 0.1648
      MASE: 0.6571
      ND: 0.1773
      CRPS: 0.1773
/fslarge/scratch/users/h61084/codes/adaptime/outputs/adaptime/evaluations/tsrag/univariate/azure2019_U/5T/short/run_0/metrics_summary.json
TIME run allocation action=new run=/fslarge/scratch/users/h61084/codes/adaptime/outputs/adaptime/evaluations/tsrag/univariate/Smart_Manufacturing/H/short/run_0 launch_id=selena_adaptime_unified_20260916T080019Z_10942_tsrag slurm_job_id=3445481 launched_at=2026-09-16T09:41:21.470375+00:00
    Total instances: 2380, Series during experiment: 170, Windows: 14
    Collecting ground truth and context...
    Detected to_univariate case: 170 flat series -> 34 series x 5 variates
    Organizing data into arrays...
    Saved predictions (quantiles) to /fslarge/scratch/users/h61084/codes/adaptime/outputs/adaptime/evaluations/tsrag/univariate/Smart_Manufacturing/H/short/run_0/predictions.npz
    Computing per-window metrics...
    Saved metrics to /fslarge/scratch/users/h61084/codes/adaptime/outputs/adaptime/evaluations/tsrag/univariate/Smart_Manufacturing/H/short/run_0/metrics.npz
    Saved config to /fslarge/scratch/users/h61084/codes/adaptime/outputs/adaptime/evaluations/tsrag/univariate/Smart_Manufacturing/H/short/run_0/config.json
    Saved aggregate metrics to /fslarge/scratch/users/h61084/codes/adaptime/outputs/adaptime/evaluations/tsrag/univariate/Smart_Manufacturing/H/short/run_0/metrics_summary.json
    Metrics summary (averaged over all series/windows/variates):
      MSE: 78.3464
      MAE: 5.7164
      RMSE: 7.0635
      MAPE: 0.3321
      sMAPE: 0.2253
      MASE: 0.7118
      ND: 0.2165
      CRPS: 0.2165
/fslarge/scratch/users/h61084/codes/adaptime/outputs/adaptime/evaluations/tsrag/univariate/Smart_Manufacturing/H/short/run_0/metrics_summary.json
TIME run allocation action=new run=/fslarge/scratch/users/h61084/codes/adaptime/outputs/adaptime/evaluations/tsrag/univariate/Smart_Manufacturing/H/medium/run_0 launch_id=selena_adaptime_unified_20260916T080019Z_10942_tsrag slurm_job_id=3445481 launched_at=2026-09-16T09:41:21.698875+00:00
    Total instances: 340, Series during experiment: 170, Windows: 2
    Collecting ground truth and context...
    Detected to_univariate case: 170 flat series -> 34 series x 5 variates
    Organizing data into arrays...
    Saved predictions (quantiles) to /fslarge/scratch/users/h61084/codes/adaptime/outputs/adaptime/evaluations/tsrag/univariate/Smart_Manufacturing/H/medium/run_0/predictions.npz
    Computing per-window metrics...
    Saved metrics to /fslarge/scratch/users/h61084/codes/adaptime/outputs/adaptime/evaluations/tsrag/univariate/Smart_Manufacturing/H/medium/run_0/metrics.npz
    Saved config to /fslarge/scratch/users/h61084/codes/adaptime/outputs/adaptime/evaluations/tsrag/univariate/Smart_Manufacturing/H/medium/run_0/config.json
    Saved aggregate metrics to /fslarge/scratch/users/h61084/codes/adaptime/outputs/adaptime/evaluations/tsrag/univariate/Smart_Manufacturing/H/medium/run_0/metrics_summary.json
    Metrics summary (averaged over all series/windows/variates):
      MSE: 78.4224
      MAE: 5.7197
      RMSE: 7.1497
      MAPE: 0.3377
      sMAPE: 0.2253
      MASE: 0.7115
      ND: 0.2153
      CRPS: 0.2153
/fslarge/scratch/users/h61084/codes/adaptime/outputs/adaptime/evaluations/tsrag/univariate/Smart_Manufacturing/H/medium/run_0/metrics_summary.json
TIME run allocation action=new run=/fslarge/scratch/users/h61084/codes/adaptime/outputs/adaptime/evaluations/tsrag/univariate/Smart_Manufacturing/H/long/run_0 launch_id=selena_adaptime_unified_20260916T080019Z_10942_tsrag slurm_job_id=3445481 launched_at=2026-09-16T09:41:21.776636+00:00
    Total instances: 170, Series during experiment: 170, Windows: 1
    Collecting ground truth and context...
    Detected to_univariate case: 170 flat series -> 34 series x 5 variates
    Organizing data into arrays...
    Saved predictions (quantiles) to /fslarge/scratch/users/h61084/codes/adaptime/outputs/adaptime/evaluations/tsrag/univariate/Smart_Manufacturing/H/long/run_0/predictions.npz
    Computing per-window metrics...
    Saved metrics to /fslarge/scratch/users/h61084/codes/adaptime/outputs/adaptime/evaluations/tsrag/univariate/Smart_Manufacturing/H/long/run_0/metrics.npz
    Saved config to /fslarge/scratch/users/h61084/codes/adaptime/outputs/adaptime/evaluations/tsrag/univariate/Smart_Manufacturing/H/long/run_0/config.json
    Saved aggregate metrics to /fslarge/scratch/users/h61084/codes/adaptime/outputs/adaptime/evaluations/tsrag/univariate/Smart_Manufacturing/H/long/run_0/metrics_summary.json
    Metrics summary (averaged over all series/windows/variates):
      MSE: 78.4263
      MAE: 5.7196
      RMSE: 7.1591
      MAPE: 0.3402
      sMAPE: 0.2253
      MASE: 0.7110
      ND: 0.2152
      CRPS: 0.2152
/fslarge/scratch/users/h61084/codes/adaptime/outputs/adaptime/evaluations/tsrag/univariate/Smart_Manufacturing/H/long/run_0/metrics_summary.json
TIME run allocation action=new run=/fslarge/scratch/users/h61084/codes/adaptime/outputs/adaptime/evaluations/tsrag/univariate/MetroPT-3/5T/short/run_0 launch_id=selena_adaptime_unified_20260916T080019Z_10942_tsrag slurm_job_id=3445481 launched_at=2026-09-16T09:41:21.843514+00:00
    Total instances: 216, Series during experiment: 6, Windows: 36
    Collecting ground truth and context...
    Detected to_univariate case: 6 flat series -> 1 series x 6 variates
    Organizing data into arrays...
    Saved predictions (quantiles) to /fslarge/scratch/users/h61084/codes/adaptime/outputs/adaptime/evaluations/tsrag/univariate/MetroPT-3/5T/short/run_0/predictions.npz
    Computing per-window metrics...
    Saved metrics to /fslarge/scratch/users/h61084/codes/adaptime/outputs/adaptime/evaluations/tsrag/univariate/MetroPT-3/5T/short/run_0/metrics.npz
    Saved config to /fslarge/scratch/users/h61084/codes/adaptime/outputs/adaptime/evaluations/tsrag/univariate/MetroPT-3/5T/short/run_0/config.json
    Saved aggregate metrics to /fslarge/scratch/users/h61084/codes/adaptime/outputs/adaptime/evaluations/tsrag/univariate/MetroPT-3/5T/short/run_0/metrics_summary.json
    Metrics summary (averaged over all series/windows/variates):
      MSE: 3.6517
      MAE: 1.1908
      RMSE: 1.5345
      MAPE: 4.8001
      sMAPE: 0.5004
      MASE: 0.6560
      ND: 0.3382
      CRPS: 0.3382
/fslarge/scratch/users/h61084/codes/adaptime/outputs/adaptime/evaluations/tsrag/univariate/MetroPT-3/5T/short/run_0/metrics_summary.json
TIME run allocation action=new run=/fslarge/scratch/users/h61084/codes/adaptime/outputs/adaptime/evaluations/tsrag/univariate/MetroPT-3/5T/medium/run_0 launch_id=selena_adaptime_unified_20260916T080019Z_10942_tsrag slurm_job_id=3445481 launched_at=2026-09-16T09:41:21.921842+00:00
    Total instances: 36, Series during experiment: 6, Windows: 6
    Collecting ground truth and context...
    Detected to_univariate case: 6 flat series -> 1 series x 6 variates
    Organizing data into arrays...
    Saved predictions (quantiles) to /fslarge/scratch/users/h61084/codes/adaptime/outputs/adaptime/evaluations/tsrag/univariate/MetroPT-3/5T/medium/run_0/predictions.npz
    Computing per-window metrics...
    Saved metrics to /fslarge/scratch/users/h61084/codes/adaptime/outputs/adaptime/evaluations/tsrag/univariate/MetroPT-3/5T/medium/run_0/metrics.npz
    Saved config to /fslarge/scratch/users/h61084/codes/adaptime/outputs/adaptime/evaluations/tsrag/univariate/MetroPT-3/5T/medium/run_0/config.json
    Saved aggregate metrics to /fslarge/scratch/users/h61084/codes/adaptime/outputs/adaptime/evaluations/tsrag/univariate/MetroPT-3/5T/medium/run_0/metrics_summary.json
    Metrics summary (averaged over all series/windows/variates):
      MSE: 3.3363
      MAE: 1.1450
      RMSE: 1.5182
      MAPE: 3.0558
      sMAPE: 0.5167
      MASE: 0.6476
      ND: 0.3286
      CRPS: 0.3286
/fslarge/scratch/users/h61084/codes/adaptime/outputs/adaptime/evaluations/tsrag/univariate/MetroPT-3/5T/medium/run_0/metrics_summary.json
TIME run allocation action=new run=/fslarge/scratch/users/h61084/codes/adaptime/outputs/adaptime/evaluations/tsrag/univariate/MetroPT-3/5T/long/run_0 launch_id=selena_adaptime_unified_20260916T080019Z_10942_tsrag slurm_job_id=3445481 launched_at=2026-09-16T09:41:21.980189+00:00
    Total instances: 18, Series during experiment: 6, Windows: 3
    Collecting ground truth and context...
    Detected to_univariate case: 6 flat series -> 1 series x 6 variates
    Organizing data into arrays...
    Saved predictions (quantiles) to /fslarge/scratch/users/h61084/codes/adaptime/outputs/adaptime/evaluations/tsrag/univariate/MetroPT-3/5T/long/run_0/predictions.npz
    Computing per-window metrics...
    Saved metrics to /fslarge/scratch/users/h61084/codes/adaptime/outputs/adaptime/evaluations/tsrag/univariate/MetroPT-3/5T/long/run_0/metrics.npz
    Saved config to /fslarge/scratch/users/h61084/codes/adaptime/outputs/adaptime/evaluations/tsrag/univariate/MetroPT-3/5T/long/run_0/config.json
    Saved aggregate metrics to /fslarge/scratch/users/h61084/codes/adaptime/outputs/adaptime/evaluations/tsrag/univariate/MetroPT-3/5T/long/run_0/metrics_summary.json
    Metrics summary (averaged over all series/windows/variates):
      MSE: 3.4136
      MAE: 1.1577
      RMSE: 1.5336
      MAPE: 3.0809
      sMAPE: 0.5202
      MASE: 0.6643
      ND: 0.3314
      CRPS: 0.3314
/fslarge/scratch/users/h61084/codes/adaptime/outputs/adaptime/evaluations/tsrag/univariate/MetroPT-3/5T/long/run_0/metrics_summary.json
2026-09-16 11:41:27 | task TIME-wide Adaptime method=tsrag stage=pipeline completed status=success
2026-09-16 11:41:27 | stage pipeline completed status=success
2026-09-16 11:41:27 | workflow adaptime completed status=success exit_code=0
