2026-09-09 15:14:56 | workflow adaptime started launch_id=selena_adaptime_3275021 task=ridge_pipeline slurm_job_id=3275021 slurm_array_job_id=none slurm_array_task_id=none
2026-09-09 15:14:56 | stage pipeline started
2026-09-09 15:14:56 | task TIME-wide Adaptime method=ridge stage=pipeline started
TIME run allocation action=skip run=/fslarge/scratch/users/h61084/codes/adaptime/outputs/adaptime/vanilla/shared/univariate/Water_Quality_Darwin/15T/short/run_0 source_launch=selena_adaptime_3227291 launch_id=selena_adaptime_3275021 slurm_job_id=3275021 launched_at=2026-09-09T13:15:02.702492+00:00
/fslarge/scratch/users/h61084/codes/adaptime/outputs/adaptime/vanilla/shared/univariate/Water_Quality_Darwin/15T/short/run_0/vanilla/manifest.json
TIME run allocation action=skip run=/fslarge/scratch/users/h61084/codes/adaptime/outputs/adaptime/vanilla/shared/univariate/Water_Quality_Darwin/15T/medium/run_0 source_launch=selena_adaptime_3227291 launch_id=selena_adaptime_3275021 slurm_job_id=3275021 launched_at=2026-09-09T13:15:02.713418+00:00
/fslarge/scratch/users/h61084/codes/adaptime/outputs/adaptime/vanilla/shared/univariate/Water_Quality_Darwin/15T/medium/run_0/vanilla/manifest.json
TIME run allocation action=skip run=/fslarge/scratch/users/h61084/codes/adaptime/outputs/adaptime/vanilla/shared/univariate/Water_Quality_Darwin/15T/long/run_0 source_launch=selena_adaptime_3227291 launch_id=selena_adaptime_3275021 slurm_job_id=3275021 launched_at=2026-09-09T13:15:02.724072+00:00
/fslarge/scratch/users/h61084/codes/adaptime/outputs/adaptime/vanilla/shared/univariate/Water_Quality_Darwin/15T/long/run_0/vanilla/manifest.json
TIME run allocation action=skip run=/fslarge/scratch/users/h61084/codes/adaptime/outputs/adaptime/vanilla/shared/univariate/current_velocity/5T/short/run_0 source_launch=selena_adaptime_3227291 launch_id=selena_adaptime_3275021 slurm_job_id=3275021 launched_at=2026-09-09T13:15:02.734647+00:00
/fslarge/scratch/users/h61084/codes/adaptime/outputs/adaptime/vanilla/shared/univariate/current_velocity/5T/short/run_0/vanilla/manifest.json
TIME run allocation action=skip run=/fslarge/scratch/users/h61084/codes/adaptime/outputs/adaptime/vanilla/shared/univariate/current_velocity/5T/medium/run_0 source_launch=selena_adaptime_3227291 launch_id=selena_adaptime_3275021 slurm_job_id=3275021 launched_at=2026-09-09T13:15:02.744966+00:00
/fslarge/scratch/users/h61084/codes/adaptime/outputs/adaptime/vanilla/shared/univariate/current_velocity/5T/medium/run_0/vanilla/manifest.json
TIME run allocation action=skip run=/fslarge/scratch/users/h61084/codes/adaptime/outputs/adaptime/vanilla/shared/univariate/current_velocity/5T/long/run_0 source_launch=selena_adaptime_3227291 launch_id=selena_adaptime_3275021 slurm_job_id=3275021 launched_at=2026-09-09T13:15:02.755330+00:00
/fslarge/scratch/users/h61084/codes/adaptime/outputs/adaptime/vanilla/shared/univariate/current_velocity/5T/long/run_0/vanilla/manifest.json
TIME run allocation action=skip run=/fslarge/scratch/users/h61084/codes/adaptime/outputs/adaptime/vanilla/shared/univariate/current_velocity/10T/short/run_0 source_launch=selena_adaptime_3227291 launch_id=selena_adaptime_3275021 slurm_job_id=3275021 launched_at=2026-09-09T13:15:02.765259+00:00
/fslarge/scratch/users/h61084/codes/adaptime/outputs/adaptime/vanilla/shared/univariate/current_velocity/10T/short/run_0/vanilla/manifest.json
TIME run allocation action=skip run=/fslarge/scratch/users/h61084/codes/adaptime/outputs/adaptime/vanilla/shared/univariate/current_velocity/10T/medium/run_0 source_launch=selena_adaptime_3227291 launch_id=selena_adaptime_3275021 slurm_job_id=3275021 launched_at=2026-09-09T13:15:02.775360+00:00
/fslarge/scratch/users/h61084/codes/adaptime/outputs/adaptime/vanilla/shared/univariate/current_velocity/10T/medium/run_0/vanilla/manifest.json
TIME run allocation action=skip run=/fslarge/scratch/users/h61084/codes/adaptime/outputs/adaptime/vanilla/shared/univariate/current_velocity/10T/long/run_0 source_launch=selena_adaptime_3227291 launch_id=selena_adaptime_3275021 slurm_job_id=3275021 launched_at=2026-09-09T13:15:02.785752+00:00
/fslarge/scratch/users/h61084/codes/adaptime/outputs/adaptime/vanilla/shared/univariate/current_velocity/10T/long/run_0/vanilla/manifest.json
TIME run allocation action=skip run=/fslarge/scratch/users/h61084/codes/adaptime/outputs/adaptime/vanilla/shared/univariate/current_velocity/15T/short/run_0 source_launch=selena_adaptime_3227291 launch_id=selena_adaptime_3275021 slurm_job_id=3275021 launched_at=2026-09-09T13:15:02.796152+00:00
/fslarge/scratch/users/h61084/codes/adaptime/outputs/adaptime/vanilla/shared/univariate/current_velocity/15T/short/run_0/vanilla/manifest.json
TIME run allocation action=skip run=/fslarge/scratch/users/h61084/codes/adaptime/outputs/adaptime/vanilla/shared/univariate/current_velocity/15T/medium/run_0 source_launch=selena_adaptime_3227291 launch_id=selena_adaptime_3275021 slurm_job_id=3275021 launched_at=2026-09-09T13:15:02.806920+00:00
/fslarge/scratch/users/h61084/codes/adaptime/outputs/adaptime/vanilla/shared/univariate/current_velocity/15T/medium/run_0/vanilla/manifest.json
TIME run allocation action=skip run=/fslarge/scratch/users/h61084/codes/adaptime/outputs/adaptime/vanilla/shared/univariate/current_velocity/15T/long/run_0 source_launch=selena_adaptime_3227291 launch_id=selena_adaptime_3275021 slurm_job_id=3275021 launched_at=2026-09-09T13:15:02.817332+00:00
/fslarge/scratch/users/h61084/codes/adaptime/outputs/adaptime/vanilla/shared/univariate/current_velocity/15T/long/run_0/vanilla/manifest.json
TIME run allocation action=skip run=/fslarge/scratch/users/h61084/codes/adaptime/outputs/adaptime/vanilla/shared/univariate/current_velocity/20T/short/run_0 source_launch=selena_adaptime_3227291 launch_id=selena_adaptime_3275021 slurm_job_id=3275021 launched_at=2026-09-09T13:15:02.827788+00:00
/fslarge/scratch/users/h61084/codes/adaptime/outputs/adaptime/vanilla/shared/univariate/current_velocity/20T/short/run_0/vanilla/manifest.json
TIME run allocation action=skip run=/fslarge/scratch/users/h61084/codes/adaptime/outputs/adaptime/vanilla/shared/univariate/current_velocity/20T/medium/run_0 source_launch=selena_adaptime_3227291 launch_id=selena_adaptime_3275021 slurm_job_id=3275021 launched_at=2026-09-09T13:15:02.837929+00:00
/fslarge/scratch/users/h61084/codes/adaptime/outputs/adaptime/vanilla/shared/univariate/current_velocity/20T/medium/run_0/vanilla/manifest.json
TIME run allocation action=skip run=/fslarge/scratch/users/h61084/codes/adaptime/outputs/adaptime/vanilla/shared/univariate/current_velocity/20T/long/run_0 source_launch=selena_adaptime_3227291 launch_id=selena_adaptime_3275021 slurm_job_id=3275021 launched_at=2026-09-09T13:15:02.847721+00:00
/fslarge/scratch/users/h61084/codes/adaptime/outputs/adaptime/vanilla/shared/univariate/current_velocity/20T/long/run_0/vanilla/manifest.json
TIME run allocation action=skip run=/fslarge/scratch/users/h61084/codes/adaptime/outputs/adaptime/vanilla/shared/univariate/current_velocity/H/short/run_0 source_launch=selena_adaptime_3227291 launch_id=selena_adaptime_3275021 slurm_job_id=3275021 launched_at=2026-09-09T13:15:02.858064+00:00
/fslarge/scratch/users/h61084/codes/adaptime/outputs/adaptime/vanilla/shared/univariate/current_velocity/H/short/run_0/vanilla/manifest.json
TIME run allocation action=skip run=/fslarge/scratch/users/h61084/codes/adaptime/outputs/adaptime/vanilla/shared/univariate/current_velocity/H/medium/run_0 source_launch=selena_adaptime_3227291 launch_id=selena_adaptime_3275021 slurm_job_id=3275021 launched_at=2026-09-09T13:15:02.868495+00:00
/fslarge/scratch/users/h61084/codes/adaptime/outputs/adaptime/vanilla/shared/univariate/current_velocity/H/medium/run_0/vanilla/manifest.json
TIME run allocation action=skip run=/fslarge/scratch/users/h61084/codes/adaptime/outputs/adaptime/vanilla/shared/univariate/current_velocity/H/long/run_0 source_launch=selena_adaptime_3227291 launch_id=selena_adaptime_3275021 slurm_job_id=3275021 launched_at=2026-09-09T13:15:02.878923+00:00
/fslarge/scratch/users/h61084/codes/adaptime/outputs/adaptime/vanilla/shared/univariate/current_velocity/H/long/run_0/vanilla/manifest.json
TIME run allocation action=skip run=/fslarge/scratch/users/h61084/codes/adaptime/outputs/adaptime/vanilla/shared/univariate/CPHL/15T/short/run_0 source_launch=selena_adaptime_3227291 launch_id=selena_adaptime_3275021 slurm_job_id=3275021 launched_at=2026-09-09T13:15:02.889519+00:00
/fslarge/scratch/users/h61084/codes/adaptime/outputs/adaptime/vanilla/shared/univariate/CPHL/15T/short/run_0/vanilla/manifest.json
TIME run allocation action=skip run=/fslarge/scratch/users/h61084/codes/adaptime/outputs/adaptime/vanilla/shared/univariate/CPHL/15T/medium/run_0 source_launch=selena_adaptime_3227291 launch_id=selena_adaptime_3275021 slurm_job_id=3275021 launched_at=2026-09-09T13:15:02.899944+00:00
/fslarge/scratch/users/h61084/codes/adaptime/outputs/adaptime/vanilla/shared/univariate/CPHL/15T/medium/run_0/vanilla/manifest.json
TIME run allocation action=skip run=/fslarge/scratch/users/h61084/codes/adaptime/outputs/adaptime/vanilla/shared/univariate/CPHL/15T/long/run_0 source_launch=selena_adaptime_3227291 launch_id=selena_adaptime_3275021 slurm_job_id=3275021 launched_at=2026-09-09T13:15:02.909994+00:00
/fslarge/scratch/users/h61084/codes/adaptime/outputs/adaptime/vanilla/shared/univariate/CPHL/15T/long/run_0/vanilla/manifest.json
TIME run allocation action=skip run=/fslarge/scratch/users/h61084/codes/adaptime/outputs/adaptime/vanilla/shared/univariate/CPHL/30T/short/run_0 source_launch=selena_adaptime_3227291 launch_id=selena_adaptime_3275021 slurm_job_id=3275021 launched_at=2026-09-09T13:15:02.920244+00:00
/fslarge/scratch/users/h61084/codes/adaptime/outputs/adaptime/vanilla/shared/univariate/CPHL/30T/short/run_0/vanilla/manifest.json
TIME run allocation action=skip run=/fslarge/scratch/users/h61084/codes/adaptime/outputs/adaptime/vanilla/shared/univariate/CPHL/30T/medium/run_0 source_launch=selena_adaptime_3227291 launch_id=selena_adaptime_3275021 slurm_job_id=3275021 launched_at=2026-09-09T13:15:02.930273+00:00
/fslarge/scratch/users/h61084/codes/adaptime/outputs/adaptime/vanilla/shared/univariate/CPHL/30T/medium/run_0/vanilla/manifest.json
TIME run allocation action=skip run=/fslarge/scratch/users/h61084/codes/adaptime/outputs/adaptime/vanilla/shared/univariate/CPHL/30T/long/run_0 source_launch=selena_adaptime_3227291 launch_id=selena_adaptime_3275021 slurm_job_id=3275021 launched_at=2026-09-09T13:15:02.940697+00:00
/fslarge/scratch/users/h61084/codes/adaptime/outputs/adaptime/vanilla/shared/univariate/CPHL/30T/long/run_0/vanilla/manifest.json
TIME run allocation action=skip run=/fslarge/scratch/users/h61084/codes/adaptime/outputs/adaptime/vanilla/shared/univariate/CPHL/H/short/run_0 source_launch=selena_adaptime_3227291 launch_id=selena_adaptime_3275021 slurm_job_id=3275021 launched_at=2026-09-09T13:15:02.951118+00:00
/fslarge/scratch/users/h61084/codes/adaptime/outputs/adaptime/vanilla/shared/univariate/CPHL/H/short/run_0/vanilla/manifest.json
TIME run allocation action=skip run=/fslarge/scratch/users/h61084/codes/adaptime/outputs/adaptime/vanilla/shared/univariate/CPHL/H/medium/run_0 source_launch=selena_adaptime_3227291 launch_id=selena_adaptime_3275021 slurm_job_id=3275021 launched_at=2026-09-09T13:15:02.961210+00:00
/fslarge/scratch/users/h61084/codes/adaptime/outputs/adaptime/vanilla/shared/univariate/CPHL/H/medium/run_0/vanilla/manifest.json
TIME run allocation action=skip run=/fslarge/scratch/users/h61084/codes/adaptime/outputs/adaptime/vanilla/shared/univariate/CPHL/H/long/run_0 source_launch=selena_adaptime_3227291 launch_id=selena_adaptime_3275021 slurm_job_id=3275021 launched_at=2026-09-09T13:15:02.971333+00:00
/fslarge/scratch/users/h61084/codes/adaptime/outputs/adaptime/vanilla/shared/univariate/CPHL/H/long/run_0/vanilla/manifest.json
TIME run allocation action=skip run=/fslarge/scratch/users/h61084/codes/adaptime/outputs/adaptime/vanilla/shared/univariate/Coastal_T_S/5T/short/run_0 source_launch=selena_adaptime_3227291 launch_id=selena_adaptime_3275021 slurm_job_id=3275021 launched_at=2026-09-09T13:15:02.981747+00:00
/fslarge/scratch/users/h61084/codes/adaptime/outputs/adaptime/vanilla/shared/univariate/Coastal_T_S/5T/short/run_0/vanilla/manifest.json
TIME run allocation action=skip run=/fslarge/scratch/users/h61084/codes/adaptime/outputs/adaptime/vanilla/shared/univariate/Coastal_T_S/5T/medium/run_0 source_launch=selena_adaptime_3227291 launch_id=selena_adaptime_3275021 slurm_job_id=3275021 launched_at=2026-09-09T13:15:02.991843+00:00
/fslarge/scratch/users/h61084/codes/adaptime/outputs/adaptime/vanilla/shared/univariate/Coastal_T_S/5T/medium/run_0/vanilla/manifest.json
TIME run allocation action=skip run=/fslarge/scratch/users/h61084/codes/adaptime/outputs/adaptime/vanilla/shared/univariate/Coastal_T_S/5T/long/run_0 source_launch=selena_adaptime_3227291 launch_id=selena_adaptime_3275021 slurm_job_id=3275021 launched_at=2026-09-09T13:15:03.001835+00:00
/fslarge/scratch/users/h61084/codes/adaptime/outputs/adaptime/vanilla/shared/univariate/Coastal_T_S/5T/long/run_0/vanilla/manifest.json
TIME run allocation action=skip run=/fslarge/scratch/users/h61084/codes/adaptime/outputs/adaptime/vanilla/shared/univariate/Coastal_T_S/15T/short/run_0 source_launch=selena_adaptime_3227291 launch_id=selena_adaptime_3275021 slurm_job_id=3275021 launched_at=2026-09-09T13:15:03.012209+00:00
/fslarge/scratch/users/h61084/codes/adaptime/outputs/adaptime/vanilla/shared/univariate/Coastal_T_S/15T/short/run_0/vanilla/manifest.json
TIME run allocation action=skip run=/fslarge/scratch/users/h61084/codes/adaptime/outputs/adaptime/vanilla/shared/univariate/Coastal_T_S/15T/medium/run_0 source_launch=selena_adaptime_3227291 launch_id=selena_adaptime_3275021 slurm_job_id=3275021 launched_at=2026-09-09T13:15:03.022591+00:00
/fslarge/scratch/users/h61084/codes/adaptime/outputs/adaptime/vanilla/shared/univariate/Coastal_T_S/15T/medium/run_0/vanilla/manifest.json
TIME run allocation action=skip run=/fslarge/scratch/users/h61084/codes/adaptime/outputs/adaptime/vanilla/shared/univariate/Coastal_T_S/15T/long/run_0 source_launch=selena_adaptime_3227291 launch_id=selena_adaptime_3275021 slurm_job_id=3275021 launched_at=2026-09-09T13:15:03.032595+00:00
/fslarge/scratch/users/h61084/codes/adaptime/outputs/adaptime/vanilla/shared/univariate/Coastal_T_S/15T/long/run_0/vanilla/manifest.json
TIME run allocation action=skip run=/fslarge/scratch/users/h61084/codes/adaptime/outputs/adaptime/vanilla/shared/univariate/Coastal_T_S/20T/short/run_0 source_launch=selena_adaptime_3227291 launch_id=selena_adaptime_3275021 slurm_job_id=3275021 launched_at=2026-09-09T13:15:03.042886+00:00
/fslarge/scratch/users/h61084/codes/adaptime/outputs/adaptime/vanilla/shared/univariate/Coastal_T_S/20T/short/run_0/vanilla/manifest.json
TIME run allocation action=skip run=/fslarge/scratch/users/h61084/codes/adaptime/outputs/adaptime/vanilla/shared/univariate/Coastal_T_S/20T/medium/run_0 source_launch=selena_adaptime_3227291 launch_id=selena_adaptime_3275021 slurm_job_id=3275021 launched_at=2026-09-09T13:15:03.053162+00:00
/fslarge/scratch/users/h61084/codes/adaptime/outputs/adaptime/vanilla/shared/univariate/Coastal_T_S/20T/medium/run_0/vanilla/manifest.json
TIME run allocation action=skip run=/fslarge/scratch/users/h61084/codes/adaptime/outputs/adaptime/vanilla/shared/univariate/Coastal_T_S/20T/long/run_0 source_launch=selena_adaptime_3227291 launch_id=selena_adaptime_3275021 slurm_job_id=3275021 launched_at=2026-09-09T13:15:03.063400+00:00
/fslarge/scratch/users/h61084/codes/adaptime/outputs/adaptime/vanilla/shared/univariate/Coastal_T_S/20T/long/run_0/vanilla/manifest.json
TIME run allocation action=skip run=/fslarge/scratch/users/h61084/codes/adaptime/outputs/adaptime/vanilla/shared/univariate/Coastal_T_S/H/short/run_0 source_launch=selena_adaptime_3227291 launch_id=selena_adaptime_3275021 slurm_job_id=3275021 launched_at=2026-09-09T13:15:03.074999+00:00
/fslarge/scratch/users/h61084/codes/adaptime/outputs/adaptime/vanilla/shared/univariate/Coastal_T_S/H/short/run_0/vanilla/manifest.json
TIME run allocation action=skip run=/fslarge/scratch/users/h61084/codes/adaptime/outputs/adaptime/vanilla/shared/univariate/Coastal_T_S/H/medium/run_0 source_launch=selena_adaptime_3227291 launch_id=selena_adaptime_3275021 slurm_job_id=3275021 launched_at=2026-09-09T13:15:03.085578+00:00
/fslarge/scratch/users/h61084/codes/adaptime/outputs/adaptime/vanilla/shared/univariate/Coastal_T_S/H/medium/run_0/vanilla/manifest.json
TIME run allocation action=skip run=/fslarge/scratch/users/h61084/codes/adaptime/outputs/adaptime/vanilla/shared/univariate/Coastal_T_S/H/long/run_0 source_launch=selena_adaptime_3227291 launch_id=selena_adaptime_3275021 slurm_job_id=3275021 launched_at=2026-09-09T13:15:03.096518+00:00
/fslarge/scratch/users/h61084/codes/adaptime/outputs/adaptime/vanilla/shared/univariate/Coastal_T_S/H/long/run_0/vanilla/manifest.json
TIME run allocation action=skip run=/fslarge/scratch/users/h61084/codes/adaptime/outputs/adaptime/vanilla/shared/univariate/SG_Weather/D/short/run_0 source_launch=selena_adaptime_3227291 launch_id=selena_adaptime_3275021 slurm_job_id=3275021 launched_at=2026-09-09T13:15:03.107073+00:00
/fslarge/scratch/users/h61084/codes/adaptime/outputs/adaptime/vanilla/shared/univariate/SG_Weather/D/short/run_0/vanilla/manifest.json
TIME run allocation action=skip run=/fslarge/scratch/users/h61084/codes/adaptime/outputs/adaptime/vanilla/shared/univariate/SG_Weather/D/medium/run_0 source_launch=selena_adaptime_3227291 launch_id=selena_adaptime_3275021 slurm_job_id=3275021 launched_at=2026-09-09T13:15:03.117443+00:00
/fslarge/scratch/users/h61084/codes/adaptime/outputs/adaptime/vanilla/shared/univariate/SG_Weather/D/medium/run_0/vanilla/manifest.json
TIME run allocation action=skip run=/fslarge/scratch/users/h61084/codes/adaptime/outputs/adaptime/vanilla/shared/univariate/SG_Weather/D/long/run_0 source_launch=selena_adaptime_3227291 launch_id=selena_adaptime_3275021 slurm_job_id=3275021 launched_at=2026-09-09T13:15:03.127255+00:00
/fslarge/scratch/users/h61084/codes/adaptime/outputs/adaptime/vanilla/shared/univariate/SG_Weather/D/long/run_0/vanilla/manifest.json
TIME run allocation action=skip run=/fslarge/scratch/users/h61084/codes/adaptime/outputs/adaptime/vanilla/shared/univariate/SG_PM25/H/short/run_0 source_launch=selena_adaptime_3227291 launch_id=selena_adaptime_3275021 slurm_job_id=3275021 launched_at=2026-09-09T13:15:03.138154+00:00
/fslarge/scratch/users/h61084/codes/adaptime/outputs/adaptime/vanilla/shared/univariate/SG_PM25/H/short/run_0/vanilla/manifest.json
TIME run allocation action=skip run=/fslarge/scratch/users/h61084/codes/adaptime/outputs/adaptime/vanilla/shared/univariate/SG_PM25/H/medium/run_0 source_launch=selena_adaptime_3227291 launch_id=selena_adaptime_3275021 slurm_job_id=3275021 launched_at=2026-09-09T13:15:03.148753+00:00
/fslarge/scratch/users/h61084/codes/adaptime/outputs/adaptime/vanilla/shared/univariate/SG_PM25/H/medium/run_0/vanilla/manifest.json
TIME run allocation action=skip run=/fslarge/scratch/users/h61084/codes/adaptime/outputs/adaptime/vanilla/shared/univariate/SG_PM25/H/long/run_0 source_launch=selena_adaptime_3227291 launch_id=selena_adaptime_3275021 slurm_job_id=3275021 launched_at=2026-09-09T13:15:03.158913+00:00
/fslarge/scratch/users/h61084/codes/adaptime/outputs/adaptime/vanilla/shared/univariate/SG_PM25/H/long/run_0/vanilla/manifest.json
TIME run allocation action=skip run=/fslarge/scratch/users/h61084/codes/adaptime/outputs/adaptime/vanilla/shared/univariate/NE_China_Wind/H/short/run_0 source_launch=selena_adaptime_3227291 launch_id=selena_adaptime_3275021 slurm_job_id=3275021 launched_at=2026-09-09T13:15:03.169176+00:00
/fslarge/scratch/users/h61084/codes/adaptime/outputs/adaptime/vanilla/shared/univariate/NE_China_Wind/H/short/run_0/vanilla/manifest.json
TIME run allocation action=skip run=/fslarge/scratch/users/h61084/codes/adaptime/outputs/adaptime/vanilla/shared/univariate/NE_China_Wind/H/medium/run_0 source_launch=selena_adaptime_3227291 launch_id=selena_adaptime_3275021 slurm_job_id=3275021 launched_at=2026-09-09T13:15:03.179142+00:00
/fslarge/scratch/users/h61084/codes/adaptime/outputs/adaptime/vanilla/shared/univariate/NE_China_Wind/H/medium/run_0/vanilla/manifest.json
TIME run allocation action=skip run=/fslarge/scratch/users/h61084/codes/adaptime/outputs/adaptime/vanilla/shared/univariate/NE_China_Wind/H/long/run_0 source_launch=selena_adaptime_3227291 launch_id=selena_adaptime_3275021 slurm_job_id=3275021 launched_at=2026-09-09T13:15:03.189115+00:00
/fslarge/scratch/users/h61084/codes/adaptime/outputs/adaptime/vanilla/shared/univariate/NE_China_Wind/H/long/run_0/vanilla/manifest.json
TIME run allocation action=skip run=/fslarge/scratch/users/h61084/codes/adaptime/outputs/adaptime/vanilla/shared/univariate/Australia_Solar/H/short/run_0 source_launch=selena_adaptime_3227291 launch_id=selena_adaptime_3275021 slurm_job_id=3275021 launched_at=2026-09-09T13:15:03.199457+00:00
/fslarge/scratch/users/h61084/codes/adaptime/outputs/adaptime/vanilla/shared/univariate/Australia_Solar/H/short/run_0/vanilla/manifest.json
TIME run allocation action=skip run=/fslarge/scratch/users/h61084/codes/adaptime/outputs/adaptime/vanilla/shared/univariate/Australia_Solar/H/medium/run_0 source_launch=selena_adaptime_3227291 launch_id=selena_adaptime_3275021 slurm_job_id=3275021 launched_at=2026-09-09T13:15:03.209587+00:00
/fslarge/scratch/users/h61084/codes/adaptime/outputs/adaptime/vanilla/shared/univariate/Australia_Solar/H/medium/run_0/vanilla/manifest.json
TIME run allocation action=skip run=/fslarge/scratch/users/h61084/codes/adaptime/outputs/adaptime/vanilla/shared/univariate/Australia_Solar/H/long/run_0 source_launch=selena_adaptime_3227291 launch_id=selena_adaptime_3275021 slurm_job_id=3275021 launched_at=2026-09-09T13:15:03.219843+00:00
/fslarge/scratch/users/h61084/codes/adaptime/outputs/adaptime/vanilla/shared/univariate/Australia_Solar/H/long/run_0/vanilla/manifest.json
TIME run allocation action=skip run=/fslarge/scratch/users/h61084/codes/adaptime/outputs/adaptime/vanilla/shared/univariate/epf_electricity_price/H/short/run_0 source_launch=selena_adaptime_3227291 launch_id=selena_adaptime_3275021 slurm_job_id=3275021 launched_at=2026-09-09T13:15:03.230525+00:00
/fslarge/scratch/users/h61084/codes/adaptime/outputs/adaptime/vanilla/shared/univariate/epf_electricity_price/H/short/run_0/vanilla/manifest.json
TIME run allocation action=skip run=/fslarge/scratch/users/h61084/codes/adaptime/outputs/adaptime/vanilla/shared/univariate/epf_electricity_price/H/medium/run_0 source_launch=selena_adaptime_3227291 launch_id=selena_adaptime_3275021 slurm_job_id=3275021 launched_at=2026-09-09T13:15:03.240710+00:00
/fslarge/scratch/users/h61084/codes/adaptime/outputs/adaptime/vanilla/shared/univariate/epf_electricity_price/H/medium/run_0/vanilla/manifest.json
TIME run allocation action=skip run=/fslarge/scratch/users/h61084/codes/adaptime/outputs/adaptime/vanilla/shared/univariate/epf_electricity_price/H/long/run_0 source_launch=selena_adaptime_3227291 launch_id=selena_adaptime_3275021 slurm_job_id=3275021 launched_at=2026-09-09T13:15:03.250728+00:00
/fslarge/scratch/users/h61084/codes/adaptime/outputs/adaptime/vanilla/shared/univariate/epf_electricity_price/H/long/run_0/vanilla/manifest.json
TIME run allocation action=skip run=/fslarge/scratch/users/h61084/codes/adaptime/outputs/adaptime/vanilla/shared/univariate/OpenElectricity_NEM/5T/short/run_0 source_launch=selena_adaptime_3227291 launch_id=selena_adaptime_3275021 slurm_job_id=3275021 launched_at=2026-09-09T13:15:03.261370+00:00
/fslarge/scratch/users/h61084/codes/adaptime/outputs/adaptime/vanilla/shared/univariate/OpenElectricity_NEM/5T/short/run_0/vanilla/manifest.json
TIME run allocation action=skip run=/fslarge/scratch/users/h61084/codes/adaptime/outputs/adaptime/vanilla/shared/univariate/OpenElectricity_NEM/5T/medium/run_0 source_launch=selena_adaptime_3227291 launch_id=selena_adaptime_3275021 slurm_job_id=3275021 launched_at=2026-09-09T13:15:03.271628+00:00
/fslarge/scratch/users/h61084/codes/adaptime/outputs/adaptime/vanilla/shared/univariate/OpenElectricity_NEM/5T/medium/run_0/vanilla/manifest.json
TIME run allocation action=skip run=/fslarge/scratch/users/h61084/codes/adaptime/outputs/adaptime/vanilla/shared/univariate/OpenElectricity_NEM/5T/long/run_0 source_launch=selena_adaptime_3227291 launch_id=selena_adaptime_3275021 slurm_job_id=3275021 launched_at=2026-09-09T13:15:03.282214+00:00
/fslarge/scratch/users/h61084/codes/adaptime/outputs/adaptime/vanilla/shared/univariate/OpenElectricity_NEM/5T/long/run_0/vanilla/manifest.json
TIME run allocation action=skip run=/fslarge/scratch/users/h61084/codes/adaptime/outputs/adaptime/vanilla/shared/univariate/EWELD_Load/15T/short/run_0 source_launch=selena_adaptime_3227291 launch_id=selena_adaptime_3275021 slurm_job_id=3275021 launched_at=2026-09-09T13:15:03.292368+00:00
/fslarge/scratch/users/h61084/codes/adaptime/outputs/adaptime/vanilla/shared/univariate/EWELD_Load/15T/short/run_0/vanilla/manifest.json
TIME run allocation action=skip run=/fslarge/scratch/users/h61084/codes/adaptime/outputs/adaptime/vanilla/shared/univariate/EWELD_Load/15T/medium/run_0 source_launch=selena_adaptime_3227291 launch_id=selena_adaptime_3275021 slurm_job_id=3275021 launched_at=2026-09-09T13:15:03.302816+00:00
/fslarge/scratch/users/h61084/codes/adaptime/outputs/adaptime/vanilla/shared/univariate/EWELD_Load/15T/medium/run_0/vanilla/manifest.json
TIME run allocation action=skip run=/fslarge/scratch/users/h61084/codes/adaptime/outputs/adaptime/vanilla/shared/univariate/EWELD_Load/15T/long/run_0 source_launch=selena_adaptime_3227291 launch_id=selena_adaptime_3275021 slurm_job_id=3275021 launched_at=2026-09-09T13:15:03.313213+00:00
/fslarge/scratch/users/h61084/codes/adaptime/outputs/adaptime/vanilla/shared/univariate/EWELD_Load/15T/long/run_0/vanilla/manifest.json
TIME run allocation action=skip run=/fslarge/scratch/users/h61084/codes/adaptime/outputs/adaptime/vanilla/shared/univariate/SG_Carpark/15T/short/run_0 source_launch=selena_adaptime_3227291 launch_id=selena_adaptime_3275021 slurm_job_id=3275021 launched_at=2026-09-09T13:15:03.323508+00:00
/fslarge/scratch/users/h61084/codes/adaptime/outputs/adaptime/vanilla/shared/univariate/SG_Carpark/15T/short/run_0/vanilla/manifest.json
TIME run allocation action=skip run=/fslarge/scratch/users/h61084/codes/adaptime/outputs/adaptime/vanilla/shared/univariate/SG_Carpark/15T/medium/run_0 source_launch=selena_adaptime_3227291 launch_id=selena_adaptime_3275021 slurm_job_id=3275021 launched_at=2026-09-09T13:15:03.334018+00:00
/fslarge/scratch/users/h61084/codes/adaptime/outputs/adaptime/vanilla/shared/univariate/SG_Carpark/15T/medium/run_0/vanilla/manifest.json
TIME run allocation action=skip run=/fslarge/scratch/users/h61084/codes/adaptime/outputs/adaptime/vanilla/shared/univariate/SG_Carpark/15T/long/run_0 source_launch=selena_adaptime_3227291 launch_id=selena_adaptime_3275021 slurm_job_id=3275021 launched_at=2026-09-09T13:15:03.344507+00:00
/fslarge/scratch/users/h61084/codes/adaptime/outputs/adaptime/vanilla/shared/univariate/SG_Carpark/15T/long/run_0/vanilla/manifest.json
TIME run allocation action=skip run=/fslarge/scratch/users/h61084/codes/adaptime/outputs/adaptime/vanilla/shared/univariate/Finland_Traffic/15T/short/run_0 source_launch=selena_adaptime_3227291 launch_id=selena_adaptime_3275021 slurm_job_id=3275021 launched_at=2026-09-09T13:15:03.354874+00:00
/fslarge/scratch/users/h61084/codes/adaptime/outputs/adaptime/vanilla/shared/univariate/Finland_Traffic/15T/short/run_0/vanilla/manifest.json
TIME run allocation action=skip run=/fslarge/scratch/users/h61084/codes/adaptime/outputs/adaptime/vanilla/shared/univariate/Finland_Traffic/15T/medium/run_0 source_launch=selena_adaptime_3227291 launch_id=selena_adaptime_3275021 slurm_job_id=3275021 launched_at=2026-09-09T13:15:03.365394+00:00
/fslarge/scratch/users/h61084/codes/adaptime/outputs/adaptime/vanilla/shared/univariate/Finland_Traffic/15T/medium/run_0/vanilla/manifest.json
TIME run allocation action=skip run=/fslarge/scratch/users/h61084/codes/adaptime/outputs/adaptime/vanilla/shared/univariate/Finland_Traffic/15T/long/run_0 source_launch=selena_adaptime_3227291 launch_id=selena_adaptime_3275021 slurm_job_id=3275021 launched_at=2026-09-09T13:15:03.376907+00:00
/fslarge/scratch/users/h61084/codes/adaptime/outputs/adaptime/vanilla/shared/univariate/Finland_Traffic/15T/long/run_0/vanilla/manifest.json
TIME run allocation action=skip run=/fslarge/scratch/users/h61084/codes/adaptime/outputs/adaptime/vanilla/shared/univariate/Port_Activity/D/short/run_0 source_launch=selena_adaptime_3227291 launch_id=selena_adaptime_3275021 slurm_job_id=3275021 launched_at=2026-09-09T13:15:03.387951+00:00
/fslarge/scratch/users/h61084/codes/adaptime/outputs/adaptime/vanilla/shared/univariate/Port_Activity/D/short/run_0/vanilla/manifest.json
TIME run allocation action=skip run=/fslarge/scratch/users/h61084/codes/adaptime/outputs/adaptime/vanilla/shared/univariate/Port_Activity/W/short/run_0 source_launch=selena_adaptime_3227291 launch_id=selena_adaptime_3275021 slurm_job_id=3275021 launched_at=2026-09-09T13:15:03.398895+00:00
/fslarge/scratch/users/h61084/codes/adaptime/outputs/adaptime/vanilla/shared/univariate/Port_Activity/W/short/run_0/vanilla/manifest.json
TIME run allocation action=skip run=/fslarge/scratch/users/h61084/codes/adaptime/outputs/adaptime/vanilla/shared/univariate/ECDC_COVID/D/short/run_0 source_launch=selena_adaptime_3227291 launch_id=selena_adaptime_3275021 slurm_job_id=3275021 launched_at=2026-09-09T13:15:03.409714+00:00
/fslarge/scratch/users/h61084/codes/adaptime/outputs/adaptime/vanilla/shared/univariate/ECDC_COVID/D/short/run_0/vanilla/manifest.json
TIME run allocation action=skip run=/fslarge/scratch/users/h61084/codes/adaptime/outputs/adaptime/vanilla/shared/univariate/ECDC_COVID/W/short/run_0 source_launch=selena_adaptime_3227291 launch_id=selena_adaptime_3275021 slurm_job_id=3275021 launched_at=2026-09-09T13:15:03.419807+00:00
/fslarge/scratch/users/h61084/codes/adaptime/outputs/adaptime/vanilla/shared/univariate/ECDC_COVID/W/short/run_0/vanilla/manifest.json
TIME run allocation action=skip run=/fslarge/scratch/users/h61084/codes/adaptime/outputs/adaptime/vanilla/shared/univariate/Global_Influenza/W/short/run_0 source_launch=selena_adaptime_3227291 launch_id=selena_adaptime_3275021 slurm_job_id=3275021 launched_at=2026-09-09T13:15:03.430369+00:00
/fslarge/scratch/users/h61084/codes/adaptime/outputs/adaptime/vanilla/shared/univariate/Global_Influenza/W/short/run_0/vanilla/manifest.json
TIME run allocation action=skip run=/fslarge/scratch/users/h61084/codes/adaptime/outputs/adaptime/vanilla/shared/univariate/Crypto/D/short/run_0 source_launch=selena_adaptime_3227291 launch_id=selena_adaptime_3275021 slurm_job_id=3275021 launched_at=2026-09-09T13:15:03.440761+00:00
/fslarge/scratch/users/h61084/codes/adaptime/outputs/adaptime/vanilla/shared/univariate/Crypto/D/short/run_0/vanilla/manifest.json
TIME run allocation action=skip run=/fslarge/scratch/users/h61084/codes/adaptime/outputs/adaptime/vanilla/shared/univariate/US_Term_Structure/B/short/run_0 source_launch=selena_adaptime_3227291 launch_id=selena_adaptime_3275021 slurm_job_id=3275021 launched_at=2026-09-09T13:15:03.451066+00:00
/fslarge/scratch/users/h61084/codes/adaptime/outputs/adaptime/vanilla/shared/univariate/US_Term_Structure/B/short/run_0/vanilla/manifest.json
TIME run allocation action=skip run=/fslarge/scratch/users/h61084/codes/adaptime/outputs/adaptime/vanilla/shared/univariate/Oil_Price/B/short/run_0 source_launch=selena_adaptime_3227291 launch_id=selena_adaptime_3275021 slurm_job_id=3275021 launched_at=2026-09-09T13:15:03.461423+00:00
/fslarge/scratch/users/h61084/codes/adaptime/outputs/adaptime/vanilla/shared/univariate/Oil_Price/B/short/run_0/vanilla/manifest.json
TIME run allocation action=skip run=/fslarge/scratch/users/h61084/codes/adaptime/outputs/adaptime/vanilla/shared/univariate/Job_Claims/W/short/run_0 source_launch=selena_adaptime_3227291 launch_id=selena_adaptime_3275021 slurm_job_id=3275021 launched_at=2026-09-09T13:15:03.471874+00:00
/fslarge/scratch/users/h61084/codes/adaptime/outputs/adaptime/vanilla/shared/univariate/Job_Claims/W/short/run_0/vanilla/manifest.json
TIME run allocation action=skip run=/fslarge/scratch/users/h61084/codes/adaptime/outputs/adaptime/vanilla/shared/univariate/Uncertainty_1M/M/short/run_0 source_launch=selena_adaptime_3227291 launch_id=selena_adaptime_3275021 slurm_job_id=3275021 launched_at=2026-09-09T13:15:03.481718+00:00
/fslarge/scratch/users/h61084/codes/adaptime/outputs/adaptime/vanilla/shared/univariate/Uncertainty_1M/M/short/run_0/vanilla/manifest.json
TIME run allocation action=skip run=/fslarge/scratch/users/h61084/codes/adaptime/outputs/adaptime/vanilla/shared/univariate/Housing_Inventory/M/short/run_0 source_launch=selena_adaptime_3227291 launch_id=selena_adaptime_3275021 slurm_job_id=3275021 launched_at=2026-09-09T13:15:03.491816+00:00
/fslarge/scratch/users/h61084/codes/adaptime/outputs/adaptime/vanilla/shared/univariate/Housing_Inventory/M/short/run_0/vanilla/manifest.json
TIME run allocation action=skip run=/fslarge/scratch/users/h61084/codes/adaptime/outputs/adaptime/vanilla/shared/univariate/JOLTS/M/short/run_0 source_launch=selena_adaptime_3227291 launch_id=selena_adaptime_3275021 slurm_job_id=3275021 launched_at=2026-09-09T13:15:03.502260+00:00
/fslarge/scratch/users/h61084/codes/adaptime/outputs/adaptime/vanilla/shared/univariate/JOLTS/M/short/run_0/vanilla/manifest.json
TIME run allocation action=skip run=/fslarge/scratch/users/h61084/codes/adaptime/outputs/adaptime/vanilla/shared/univariate/US_Labor/M/short/run_0 source_launch=selena_adaptime_3227291 launch_id=selena_adaptime_3275021 slurm_job_id=3275021 launched_at=2026-09-09T13:15:03.512784+00:00
/fslarge/scratch/users/h61084/codes/adaptime/outputs/adaptime/vanilla/shared/univariate/US_Labor/M/short/run_0/vanilla/manifest.json
TIME run allocation action=skip run=/fslarge/scratch/users/h61084/codes/adaptime/outputs/adaptime/vanilla/shared/univariate/Vehicle_Supply/M/short/run_0 source_launch=selena_adaptime_3227291 launch_id=selena_adaptime_3275021 slurm_job_id=3275021 launched_at=2026-09-09T13:15:03.523023+00:00
/fslarge/scratch/users/h61084/codes/adaptime/outputs/adaptime/vanilla/shared/univariate/Vehicle_Supply/M/short/run_0/vanilla/manifest.json
TIME run allocation action=skip run=/fslarge/scratch/users/h61084/codes/adaptime/outputs/adaptime/vanilla/shared/univariate/Auto_Production_SF/M/short/run_0 source_launch=selena_adaptime_3227291 launch_id=selena_adaptime_3275021 slurm_job_id=3275021 launched_at=2026-09-09T13:15:03.533466+00:00
/fslarge/scratch/users/h61084/codes/adaptime/outputs/adaptime/vanilla/shared/univariate/Auto_Production_SF/M/short/run_0/vanilla/manifest.json
TIME run allocation action=skip run=/fslarge/scratch/users/h61084/codes/adaptime/outputs/adaptime/vanilla/shared/univariate/Commodity_Production/M/short/run_0 source_launch=selena_adaptime_3227291 launch_id=selena_adaptime_3275021 slurm_job_id=3275021 launched_at=2026-09-09T13:15:03.543738+00:00
/fslarge/scratch/users/h61084/codes/adaptime/outputs/adaptime/vanilla/shared/univariate/Commodity_Production/M/short/run_0/vanilla/manifest.json
TIME run allocation action=skip run=/fslarge/scratch/users/h61084/codes/adaptime/outputs/adaptime/vanilla/shared/univariate/Commodity_Import/M/short/run_0 source_launch=selena_adaptime_3227291 launch_id=selena_adaptime_3275021 slurm_job_id=3275021 launched_at=2026-09-09T13:15:03.554408+00:00
/fslarge/scratch/users/h61084/codes/adaptime/outputs/adaptime/vanilla/shared/univariate/Commodity_Import/M/short/run_0/vanilla/manifest.json
TIME run allocation action=skip run=/fslarge/scratch/users/h61084/codes/adaptime/outputs/adaptime/vanilla/shared/univariate/WUI_Global/Q/short/run_0 source_launch=selena_adaptime_3227291 launch_id=selena_adaptime_3275021 slurm_job_id=3275021 launched_at=2026-09-09T13:15:03.564773+00:00
/fslarge/scratch/users/h61084/codes/adaptime/outputs/adaptime/vanilla/shared/univariate/WUI_Global/Q/short/run_0/vanilla/manifest.json
TIME run allocation action=skip run=/fslarge/scratch/users/h61084/codes/adaptime/outputs/adaptime/vanilla/shared/univariate/Global_Price/Q/short/run_0 source_launch=selena_adaptime_3227291 launch_id=selena_adaptime_3275021 slurm_job_id=3275021 launched_at=2026-09-09T13:15:03.575189+00:00
/fslarge/scratch/users/h61084/codes/adaptime/outputs/adaptime/vanilla/shared/univariate/Global_Price/Q/short/run_0/vanilla/manifest.json
TIME run allocation action=skip run=/fslarge/scratch/users/h61084/codes/adaptime/outputs/adaptime/vanilla/shared/univariate/Vehicle_Sales/M/short/run_0 source_launch=selena_adaptime_3227291 launch_id=selena_adaptime_3275021 slurm_job_id=3275021 launched_at=2026-09-09T13:15:03.586571+00:00
/fslarge/scratch/users/h61084/codes/adaptime/outputs/adaptime/vanilla/shared/univariate/Vehicle_Sales/M/short/run_0/vanilla/manifest.json
TIME run allocation action=skip run=/fslarge/scratch/users/h61084/codes/adaptime/outputs/adaptime/vanilla/shared/univariate/Online_Retail_2_UCI/D/short/run_0 source_launch=selena_adaptime_3227291 launch_id=selena_adaptime_3275021 slurm_job_id=3275021 launched_at=2026-09-09T13:15:03.596890+00:00
/fslarge/scratch/users/h61084/codes/adaptime/outputs/adaptime/vanilla/shared/univariate/Online_Retail_2_UCI/D/short/run_0/vanilla/manifest.json
TIME run allocation action=skip run=/fslarge/scratch/users/h61084/codes/adaptime/outputs/adaptime/vanilla/shared/univariate/Supply_Chain_Customer/D/short/run_0 source_launch=selena_adaptime_3227291 launch_id=selena_adaptime_3275021 slurm_job_id=3275021 launched_at=2026-09-09T13:15:03.607659+00:00
/fslarge/scratch/users/h61084/codes/adaptime/outputs/adaptime/vanilla/shared/univariate/Supply_Chain_Customer/D/short/run_0/vanilla/manifest.json
TIME run allocation action=skip run=/fslarge/scratch/users/h61084/codes/adaptime/outputs/adaptime/vanilla/shared/univariate/Supply_Chain_Location/D/short/run_0 source_launch=selena_adaptime_3227291 launch_id=selena_adaptime_3275021 slurm_job_id=3275021 launched_at=2026-09-09T13:15:03.619150+00:00
/fslarge/scratch/users/h61084/codes/adaptime/outputs/adaptime/vanilla/shared/univariate/Supply_Chain_Location/D/short/run_0/vanilla/manifest.json
TIME run allocation action=skip run=/fslarge/scratch/users/h61084/codes/adaptime/outputs/adaptime/vanilla/shared/univariate/azure2019_D/5T/short/run_0 source_launch=selena_adaptime_3227291 launch_id=selena_adaptime_3275021 slurm_job_id=3275021 launched_at=2026-09-09T13:15:03.630195+00:00
/fslarge/scratch/users/h61084/codes/adaptime/outputs/adaptime/vanilla/shared/univariate/azure2019_D/5T/short/run_0/vanilla/manifest.json
TIME run allocation action=skip run=/fslarge/scratch/users/h61084/codes/adaptime/outputs/adaptime/vanilla/shared/univariate/azure2019_I/5T/short/run_0 source_launch=selena_adaptime_3227291 launch_id=selena_adaptime_3275021 slurm_job_id=3275021 launched_at=2026-09-09T13:15:03.641303+00:00
/fslarge/scratch/users/h61084/codes/adaptime/outputs/adaptime/vanilla/shared/univariate/azure2019_I/5T/short/run_0/vanilla/manifest.json
TIME run allocation action=skip run=/fslarge/scratch/users/h61084/codes/adaptime/outputs/adaptime/vanilla/shared/univariate/azure2019_U/5T/short/run_0 source_launch=selena_adaptime_3227291 launch_id=selena_adaptime_3275021 slurm_job_id=3275021 launched_at=2026-09-09T13:15:03.651927+00:00
/fslarge/scratch/users/h61084/codes/adaptime/outputs/adaptime/vanilla/shared/univariate/azure2019_U/5T/short/run_0/vanilla/manifest.json
TIME run allocation action=skip run=/fslarge/scratch/users/h61084/codes/adaptime/outputs/adaptime/vanilla/shared/univariate/Smart_Manufacturing/H/short/run_0 source_launch=selena_adaptime_3227291 launch_id=selena_adaptime_3275021 slurm_job_id=3275021 launched_at=2026-09-09T13:15:03.662961+00:00
/fslarge/scratch/users/h61084/codes/adaptime/outputs/adaptime/vanilla/shared/univariate/Smart_Manufacturing/H/short/run_0/vanilla/manifest.json
TIME run allocation action=skip run=/fslarge/scratch/users/h61084/codes/adaptime/outputs/adaptime/vanilla/shared/univariate/Smart_Manufacturing/H/medium/run_0 source_launch=selena_adaptime_3227291 launch_id=selena_adaptime_3275021 slurm_job_id=3275021 launched_at=2026-09-09T13:15:03.673000+00:00
/fslarge/scratch/users/h61084/codes/adaptime/outputs/adaptime/vanilla/shared/univariate/Smart_Manufacturing/H/medium/run_0/vanilla/manifest.json
TIME run allocation action=skip run=/fslarge/scratch/users/h61084/codes/adaptime/outputs/adaptime/vanilla/shared/univariate/Smart_Manufacturing/H/long/run_0 source_launch=selena_adaptime_3227291 launch_id=selena_adaptime_3275021 slurm_job_id=3275021 launched_at=2026-09-09T13:15:03.683061+00:00
/fslarge/scratch/users/h61084/codes/adaptime/outputs/adaptime/vanilla/shared/univariate/Smart_Manufacturing/H/long/run_0/vanilla/manifest.json
TIME run allocation action=skip run=/fslarge/scratch/users/h61084/codes/adaptime/outputs/adaptime/vanilla/shared/univariate/MetroPT-3/5T/short/run_0 source_launch=selena_adaptime_3227291 launch_id=selena_adaptime_3275021 slurm_job_id=3275021 launched_at=2026-09-09T13:15:03.693653+00:00
/fslarge/scratch/users/h61084/codes/adaptime/outputs/adaptime/vanilla/shared/univariate/MetroPT-3/5T/short/run_0/vanilla/manifest.json
TIME run allocation action=skip run=/fslarge/scratch/users/h61084/codes/adaptime/outputs/adaptime/vanilla/shared/univariate/MetroPT-3/5T/medium/run_0 source_launch=selena_adaptime_3227291 launch_id=selena_adaptime_3275021 slurm_job_id=3275021 launched_at=2026-09-09T13:15:03.704425+00:00
/fslarge/scratch/users/h61084/codes/adaptime/outputs/adaptime/vanilla/shared/univariate/MetroPT-3/5T/medium/run_0/vanilla/manifest.json
TIME run allocation action=skip run=/fslarge/scratch/users/h61084/codes/adaptime/outputs/adaptime/vanilla/shared/univariate/MetroPT-3/5T/long/run_0 source_launch=selena_adaptime_3227291 launch_id=selena_adaptime_3275021 slurm_job_id=3275021 launched_at=2026-09-09T13:15:03.715189+00:00
/fslarge/scratch/users/h61084/codes/adaptime/outputs/adaptime/vanilla/shared/univariate/MetroPT-3/5T/long/run_0/vanilla/manifest.json
TIME run allocation action=skip run=/fslarge/scratch/users/h61084/codes/adaptime/outputs/adaptime/extractions/ridge/univariate/Water_Quality_Darwin/15T/short/run_0 source_launch=selena_adaptime_3227291 launch_id=selena_adaptime_3275021 slurm_job_id=3275021 launched_at=2026-09-09T13:15:03.722555+00:00
/fslarge/scratch/users/h61084/codes/adaptime/outputs/adaptime/extractions/ridge/univariate/Water_Quality_Darwin/15T/short/run_0/extraction/manifest.json
TIME run allocation action=skip run=/fslarge/scratch/users/h61084/codes/adaptime/outputs/adaptime/extractions/ridge/univariate/Water_Quality_Darwin/15T/medium/run_0 source_launch=selena_adaptime_3227291 launch_id=selena_adaptime_3275021 slurm_job_id=3275021 launched_at=2026-09-09T13:15:03.729365+00:00
/fslarge/scratch/users/h61084/codes/adaptime/outputs/adaptime/extractions/ridge/univariate/Water_Quality_Darwin/15T/medium/run_0/extraction/manifest.json
TIME run allocation action=skip run=/fslarge/scratch/users/h61084/codes/adaptime/outputs/adaptime/extractions/ridge/univariate/Water_Quality_Darwin/15T/long/run_0 source_launch=selena_adaptime_3227291 launch_id=selena_adaptime_3275021 slurm_job_id=3275021 launched_at=2026-09-09T13:15:03.736387+00:00
/fslarge/scratch/users/h61084/codes/adaptime/outputs/adaptime/extractions/ridge/univariate/Water_Quality_Darwin/15T/long/run_0/extraction/manifest.json
TIME run allocation action=skip run=/fslarge/scratch/users/h61084/codes/adaptime/outputs/adaptime/extractions/ridge/univariate/current_velocity/5T/short/run_0 source_launch=selena_adaptime_3227291 launch_id=selena_adaptime_3275021 slurm_job_id=3275021 launched_at=2026-09-09T13:15:03.743492+00:00
/fslarge/scratch/users/h61084/codes/adaptime/outputs/adaptime/extractions/ridge/univariate/current_velocity/5T/short/run_0/extraction/manifest.json
TIME run allocation action=skip run=/fslarge/scratch/users/h61084/codes/adaptime/outputs/adaptime/extractions/ridge/univariate/current_velocity/5T/medium/run_0 source_launch=selena_adaptime_3227291 launch_id=selena_adaptime_3275021 slurm_job_id=3275021 launched_at=2026-09-09T13:15:03.750431+00:00
/fslarge/scratch/users/h61084/codes/adaptime/outputs/adaptime/extractions/ridge/univariate/current_velocity/5T/medium/run_0/extraction/manifest.json
TIME run allocation action=skip run=/fslarge/scratch/users/h61084/codes/adaptime/outputs/adaptime/extractions/ridge/univariate/current_velocity/5T/long/run_0 source_launch=selena_adaptime_3227291 launch_id=selena_adaptime_3275021 slurm_job_id=3275021 launched_at=2026-09-09T13:15:03.757193+00:00
/fslarge/scratch/users/h61084/codes/adaptime/outputs/adaptime/extractions/ridge/univariate/current_velocity/5T/long/run_0/extraction/manifest.json
TIME run allocation action=skip run=/fslarge/scratch/users/h61084/codes/adaptime/outputs/adaptime/extractions/ridge/univariate/current_velocity/10T/short/run_0 source_launch=selena_adaptime_3227291 launch_id=selena_adaptime_3275021 slurm_job_id=3275021 launched_at=2026-09-09T13:15:03.764079+00:00
/fslarge/scratch/users/h61084/codes/adaptime/outputs/adaptime/extractions/ridge/univariate/current_velocity/10T/short/run_0/extraction/manifest.json
TIME run allocation action=skip run=/fslarge/scratch/users/h61084/codes/adaptime/outputs/adaptime/extractions/ridge/univariate/current_velocity/10T/medium/run_0 source_launch=selena_adaptime_3227291 launch_id=selena_adaptime_3275021 slurm_job_id=3275021 launched_at=2026-09-09T13:15:03.770551+00:00
/fslarge/scratch/users/h61084/codes/adaptime/outputs/adaptime/extractions/ridge/univariate/current_velocity/10T/medium/run_0/extraction/manifest.json
TIME run allocation action=skip run=/fslarge/scratch/users/h61084/codes/adaptime/outputs/adaptime/extractions/ridge/univariate/current_velocity/10T/long/run_0 source_launch=selena_adaptime_3227291 launch_id=selena_adaptime_3275021 slurm_job_id=3275021 launched_at=2026-09-09T13:15:03.777097+00:00
/fslarge/scratch/users/h61084/codes/adaptime/outputs/adaptime/extractions/ridge/univariate/current_velocity/10T/long/run_0/extraction/manifest.json
TIME run allocation action=skip run=/fslarge/scratch/users/h61084/codes/adaptime/outputs/adaptime/extractions/ridge/univariate/current_velocity/15T/short/run_0 source_launch=selena_adaptime_3227291 launch_id=selena_adaptime_3275021 slurm_job_id=3275021 launched_at=2026-09-09T13:15:03.784397+00:00
/fslarge/scratch/users/h61084/codes/adaptime/outputs/adaptime/extractions/ridge/univariate/current_velocity/15T/short/run_0/extraction/manifest.json
TIME run allocation action=skip run=/fslarge/scratch/users/h61084/codes/adaptime/outputs/adaptime/extractions/ridge/univariate/current_velocity/15T/medium/run_0 source_launch=selena_adaptime_3227291 launch_id=selena_adaptime_3275021 slurm_job_id=3275021 launched_at=2026-09-09T13:15:03.791179+00:00
/fslarge/scratch/users/h61084/codes/adaptime/outputs/adaptime/extractions/ridge/univariate/current_velocity/15T/medium/run_0/extraction/manifest.json
TIME run allocation action=skip run=/fslarge/scratch/users/h61084/codes/adaptime/outputs/adaptime/extractions/ridge/univariate/current_velocity/15T/long/run_0 source_launch=selena_adaptime_3227291 launch_id=selena_adaptime_3275021 slurm_job_id=3275021 launched_at=2026-09-09T13:15:03.797990+00:00
/fslarge/scratch/users/h61084/codes/adaptime/outputs/adaptime/extractions/ridge/univariate/current_velocity/15T/long/run_0/extraction/manifest.json
TIME run allocation action=skip run=/fslarge/scratch/users/h61084/codes/adaptime/outputs/adaptime/extractions/ridge/univariate/current_velocity/20T/short/run_0 source_launch=selena_adaptime_3227291 launch_id=selena_adaptime_3275021 slurm_job_id=3275021 launched_at=2026-09-09T13:15:03.804847+00:00
/fslarge/scratch/users/h61084/codes/adaptime/outputs/adaptime/extractions/ridge/univariate/current_velocity/20T/short/run_0/extraction/manifest.json
TIME run allocation action=skip run=/fslarge/scratch/users/h61084/codes/adaptime/outputs/adaptime/extractions/ridge/univariate/current_velocity/20T/medium/run_0 source_launch=selena_adaptime_3227291 launch_id=selena_adaptime_3275021 slurm_job_id=3275021 launched_at=2026-09-09T13:15:03.811621+00:00
/fslarge/scratch/users/h61084/codes/adaptime/outputs/adaptime/extractions/ridge/univariate/current_velocity/20T/medium/run_0/extraction/manifest.json
TIME run allocation action=skip run=/fslarge/scratch/users/h61084/codes/adaptime/outputs/adaptime/extractions/ridge/univariate/current_velocity/20T/long/run_0 source_launch=selena_adaptime_3227291 launch_id=selena_adaptime_3275021 slurm_job_id=3275021 launched_at=2026-09-09T13:15:03.818373+00:00
/fslarge/scratch/users/h61084/codes/adaptime/outputs/adaptime/extractions/ridge/univariate/current_velocity/20T/long/run_0/extraction/manifest.json
TIME run allocation action=skip run=/fslarge/scratch/users/h61084/codes/adaptime/outputs/adaptime/extractions/ridge/univariate/current_velocity/H/short/run_0 source_launch=selena_adaptime_3227291 launch_id=selena_adaptime_3275021 slurm_job_id=3275021 launched_at=2026-09-09T13:15:03.825572+00:00
/fslarge/scratch/users/h61084/codes/adaptime/outputs/adaptime/extractions/ridge/univariate/current_velocity/H/short/run_0/extraction/manifest.json
TIME run allocation action=skip run=/fslarge/scratch/users/h61084/codes/adaptime/outputs/adaptime/extractions/ridge/univariate/current_velocity/H/medium/run_0 source_launch=selena_adaptime_3227291 launch_id=selena_adaptime_3275021 slurm_job_id=3275021 launched_at=2026-09-09T13:15:03.832473+00:00
/fslarge/scratch/users/h61084/codes/adaptime/outputs/adaptime/extractions/ridge/univariate/current_velocity/H/medium/run_0/extraction/manifest.json
TIME run allocation action=skip run=/fslarge/scratch/users/h61084/codes/adaptime/outputs/adaptime/extractions/ridge/univariate/current_velocity/H/long/run_0 source_launch=selena_adaptime_3227291 launch_id=selena_adaptime_3275021 slurm_job_id=3275021 launched_at=2026-09-09T13:15:03.839272+00:00
/fslarge/scratch/users/h61084/codes/adaptime/outputs/adaptime/extractions/ridge/univariate/current_velocity/H/long/run_0/extraction/manifest.json
TIME run allocation action=skip run=/fslarge/scratch/users/h61084/codes/adaptime/outputs/adaptime/extractions/ridge/univariate/CPHL/15T/short/run_0 source_launch=selena_adaptime_3227291 launch_id=selena_adaptime_3275021 slurm_job_id=3275021 launched_at=2026-09-09T13:15:03.846381+00:00
/fslarge/scratch/users/h61084/codes/adaptime/outputs/adaptime/extractions/ridge/univariate/CPHL/15T/short/run_0/extraction/manifest.json
TIME run allocation action=skip run=/fslarge/scratch/users/h61084/codes/adaptime/outputs/adaptime/extractions/ridge/univariate/CPHL/15T/medium/run_0 source_launch=selena_adaptime_3227291 launch_id=selena_adaptime_3275021 slurm_job_id=3275021 launched_at=2026-09-09T13:15:03.853184+00:00
/fslarge/scratch/users/h61084/codes/adaptime/outputs/adaptime/extractions/ridge/univariate/CPHL/15T/medium/run_0/extraction/manifest.json
TIME run allocation action=skip run=/fslarge/scratch/users/h61084/codes/adaptime/outputs/adaptime/extractions/ridge/univariate/CPHL/15T/long/run_0 source_launch=selena_adaptime_3227291 launch_id=selena_adaptime_3275021 slurm_job_id=3275021 launched_at=2026-09-09T13:15:03.859912+00:00
/fslarge/scratch/users/h61084/codes/adaptime/outputs/adaptime/extractions/ridge/univariate/CPHL/15T/long/run_0/extraction/manifest.json
TIME run allocation action=skip run=/fslarge/scratch/users/h61084/codes/adaptime/outputs/adaptime/extractions/ridge/univariate/CPHL/30T/short/run_0 source_launch=selena_adaptime_3227291 launch_id=selena_adaptime_3275021 slurm_job_id=3275021 launched_at=2026-09-09T13:15:03.867040+00:00
/fslarge/scratch/users/h61084/codes/adaptime/outputs/adaptime/extractions/ridge/univariate/CPHL/30T/short/run_0/extraction/manifest.json
TIME run allocation action=skip run=/fslarge/scratch/users/h61084/codes/adaptime/outputs/adaptime/extractions/ridge/univariate/CPHL/30T/medium/run_0 source_launch=selena_adaptime_3227291 launch_id=selena_adaptime_3275021 slurm_job_id=3275021 launched_at=2026-09-09T13:15:03.873858+00:00
/fslarge/scratch/users/h61084/codes/adaptime/outputs/adaptime/extractions/ridge/univariate/CPHL/30T/medium/run_0/extraction/manifest.json
TIME run allocation action=skip run=/fslarge/scratch/users/h61084/codes/adaptime/outputs/adaptime/extractions/ridge/univariate/CPHL/30T/long/run_0 source_launch=selena_adaptime_3227291 launch_id=selena_adaptime_3275021 slurm_job_id=3275021 launched_at=2026-09-09T13:15:03.880711+00:00
/fslarge/scratch/users/h61084/codes/adaptime/outputs/adaptime/extractions/ridge/univariate/CPHL/30T/long/run_0/extraction/manifest.json
TIME run allocation action=skip run=/fslarge/scratch/users/h61084/codes/adaptime/outputs/adaptime/extractions/ridge/univariate/CPHL/H/short/run_0 source_launch=selena_adaptime_3227291 launch_id=selena_adaptime_3275021 slurm_job_id=3275021 launched_at=2026-09-09T13:15:03.887892+00:00
/fslarge/scratch/users/h61084/codes/adaptime/outputs/adaptime/extractions/ridge/univariate/CPHL/H/short/run_0/extraction/manifest.json
TIME run allocation action=skip run=/fslarge/scratch/users/h61084/codes/adaptime/outputs/adaptime/extractions/ridge/univariate/CPHL/H/medium/run_0 source_launch=selena_adaptime_3227291 launch_id=selena_adaptime_3275021 slurm_job_id=3275021 launched_at=2026-09-09T13:15:03.895030+00:00
/fslarge/scratch/users/h61084/codes/adaptime/outputs/adaptime/extractions/ridge/univariate/CPHL/H/medium/run_0/extraction/manifest.json
TIME run allocation action=skip run=/fslarge/scratch/users/h61084/codes/adaptime/outputs/adaptime/extractions/ridge/univariate/CPHL/H/long/run_0 source_launch=selena_adaptime_3227291 launch_id=selena_adaptime_3275021 slurm_job_id=3275021 launched_at=2026-09-09T13:15:03.901764+00:00
/fslarge/scratch/users/h61084/codes/adaptime/outputs/adaptime/extractions/ridge/univariate/CPHL/H/long/run_0/extraction/manifest.json
TIME run allocation action=skip run=/fslarge/scratch/users/h61084/codes/adaptime/outputs/adaptime/extractions/ridge/univariate/Coastal_T_S/5T/short/run_0 source_launch=selena_adaptime_3227291 launch_id=selena_adaptime_3275021 slurm_job_id=3275021 launched_at=2026-09-09T13:15:03.908837+00:00
/fslarge/scratch/users/h61084/codes/adaptime/outputs/adaptime/extractions/ridge/univariate/Coastal_T_S/5T/short/run_0/extraction/manifest.json
TIME run allocation action=skip run=/fslarge/scratch/users/h61084/codes/adaptime/outputs/adaptime/extractions/ridge/univariate/Coastal_T_S/5T/medium/run_0 source_launch=selena_adaptime_3227291 launch_id=selena_adaptime_3275021 slurm_job_id=3275021 launched_at=2026-09-09T13:15:03.915559+00:00
/fslarge/scratch/users/h61084/codes/adaptime/outputs/adaptime/extractions/ridge/univariate/Coastal_T_S/5T/medium/run_0/extraction/manifest.json
TIME run allocation action=skip run=/fslarge/scratch/users/h61084/codes/adaptime/outputs/adaptime/extractions/ridge/univariate/Coastal_T_S/5T/long/run_0 source_launch=selena_adaptime_3227291 launch_id=selena_adaptime_3275021 slurm_job_id=3275021 launched_at=2026-09-09T13:15:03.923131+00:00
/fslarge/scratch/users/h61084/codes/adaptime/outputs/adaptime/extractions/ridge/univariate/Coastal_T_S/5T/long/run_0/extraction/manifest.json
TIME run allocation action=skip run=/fslarge/scratch/users/h61084/codes/adaptime/outputs/adaptime/extractions/ridge/univariate/Coastal_T_S/15T/short/run_0 source_launch=selena_adaptime_3227291 launch_id=selena_adaptime_3275021 slurm_job_id=3275021 launched_at=2026-09-09T13:15:03.930279+00:00
/fslarge/scratch/users/h61084/codes/adaptime/outputs/adaptime/extractions/ridge/univariate/Coastal_T_S/15T/short/run_0/extraction/manifest.json
TIME run allocation action=skip run=/fslarge/scratch/users/h61084/codes/adaptime/outputs/adaptime/extractions/ridge/univariate/Coastal_T_S/15T/medium/run_0 source_launch=selena_adaptime_3227291 launch_id=selena_adaptime_3275021 slurm_job_id=3275021 launched_at=2026-09-09T13:15:03.937186+00:00
/fslarge/scratch/users/h61084/codes/adaptime/outputs/adaptime/extractions/ridge/univariate/Coastal_T_S/15T/medium/run_0/extraction/manifest.json
TIME run allocation action=skip run=/fslarge/scratch/users/h61084/codes/adaptime/outputs/adaptime/extractions/ridge/univariate/Coastal_T_S/15T/long/run_0 source_launch=selena_adaptime_3227291 launch_id=selena_adaptime_3275021 slurm_job_id=3275021 launched_at=2026-09-09T13:15:03.943952+00:00
/fslarge/scratch/users/h61084/codes/adaptime/outputs/adaptime/extractions/ridge/univariate/Coastal_T_S/15T/long/run_0/extraction/manifest.json
TIME run allocation action=skip run=/fslarge/scratch/users/h61084/codes/adaptime/outputs/adaptime/extractions/ridge/univariate/Coastal_T_S/20T/short/run_0 source_launch=selena_adaptime_3227291 launch_id=selena_adaptime_3275021 slurm_job_id=3275021 launched_at=2026-09-09T13:15:03.951238+00:00
/fslarge/scratch/users/h61084/codes/adaptime/outputs/adaptime/extractions/ridge/univariate/Coastal_T_S/20T/short/run_0/extraction/manifest.json
TIME run allocation action=skip run=/fslarge/scratch/users/h61084/codes/adaptime/outputs/adaptime/extractions/ridge/univariate/Coastal_T_S/20T/medium/run_0 source_launch=selena_adaptime_3227291 launch_id=selena_adaptime_3275021 slurm_job_id=3275021 launched_at=2026-09-09T13:15:03.958413+00:00
/fslarge/scratch/users/h61084/codes/adaptime/outputs/adaptime/extractions/ridge/univariate/Coastal_T_S/20T/medium/run_0/extraction/manifest.json
TIME run allocation action=skip run=/fslarge/scratch/users/h61084/codes/adaptime/outputs/adaptime/extractions/ridge/univariate/Coastal_T_S/20T/long/run_0 source_launch=selena_adaptime_3227291 launch_id=selena_adaptime_3275021 slurm_job_id=3275021 launched_at=2026-09-09T13:15:03.965302+00:00
/fslarge/scratch/users/h61084/codes/adaptime/outputs/adaptime/extractions/ridge/univariate/Coastal_T_S/20T/long/run_0/extraction/manifest.json
TIME run allocation action=skip run=/fslarge/scratch/users/h61084/codes/adaptime/outputs/adaptime/extractions/ridge/univariate/Coastal_T_S/H/short/run_0 source_launch=selena_adaptime_3227291 launch_id=selena_adaptime_3275021 slurm_job_id=3275021 launched_at=2026-09-09T13:15:03.972335+00:00
/fslarge/scratch/users/h61084/codes/adaptime/outputs/adaptime/extractions/ridge/univariate/Coastal_T_S/H/short/run_0/extraction/manifest.json
TIME run allocation action=skip run=/fslarge/scratch/users/h61084/codes/adaptime/outputs/adaptime/extractions/ridge/univariate/Coastal_T_S/H/medium/run_0 source_launch=selena_adaptime_3227291 launch_id=selena_adaptime_3275021 slurm_job_id=3275021 launched_at=2026-09-09T13:15:03.979073+00:00
/fslarge/scratch/users/h61084/codes/adaptime/outputs/adaptime/extractions/ridge/univariate/Coastal_T_S/H/medium/run_0/extraction/manifest.json
TIME run allocation action=skip run=/fslarge/scratch/users/h61084/codes/adaptime/outputs/adaptime/extractions/ridge/univariate/Coastal_T_S/H/long/run_0 source_launch=selena_adaptime_3227291 launch_id=selena_adaptime_3275021 slurm_job_id=3275021 launched_at=2026-09-09T13:15:03.985770+00:00
/fslarge/scratch/users/h61084/codes/adaptime/outputs/adaptime/extractions/ridge/univariate/Coastal_T_S/H/long/run_0/extraction/manifest.json
TIME run allocation action=skip run=/fslarge/scratch/users/h61084/codes/adaptime/outputs/adaptime/extractions/ridge/univariate/SG_Weather/D/short/run_0 source_launch=selena_adaptime_3227291 launch_id=selena_adaptime_3275021 slurm_job_id=3275021 launched_at=2026-09-09T13:15:03.992845+00:00
/fslarge/scratch/users/h61084/codes/adaptime/outputs/adaptime/extractions/ridge/univariate/SG_Weather/D/short/run_0/extraction/manifest.json
TIME run allocation action=skip run=/fslarge/scratch/users/h61084/codes/adaptime/outputs/adaptime/extractions/ridge/univariate/SG_Weather/D/medium/run_0 source_launch=selena_adaptime_3227291 launch_id=selena_adaptime_3275021 slurm_job_id=3275021 launched_at=2026-09-09T13:15:03.999800+00:00
/fslarge/scratch/users/h61084/codes/adaptime/outputs/adaptime/extractions/ridge/univariate/SG_Weather/D/medium/run_0/extraction/manifest.json
TIME run allocation action=skip run=/fslarge/scratch/users/h61084/codes/adaptime/outputs/adaptime/extractions/ridge/univariate/SG_Weather/D/long/run_0 source_launch=selena_adaptime_3227291 launch_id=selena_adaptime_3275021 slurm_job_id=3275021 launched_at=2026-09-09T13:15:04.006667+00:00
/fslarge/scratch/users/h61084/codes/adaptime/outputs/adaptime/extractions/ridge/univariate/SG_Weather/D/long/run_0/extraction/manifest.json
TIME run allocation action=skip run=/fslarge/scratch/users/h61084/codes/adaptime/outputs/adaptime/extractions/ridge/univariate/SG_PM25/H/short/run_0 source_launch=selena_adaptime_3227291 launch_id=selena_adaptime_3275021 slurm_job_id=3275021 launched_at=2026-09-09T13:15:04.013680+00:00
/fslarge/scratch/users/h61084/codes/adaptime/outputs/adaptime/extractions/ridge/univariate/SG_PM25/H/short/run_0/extraction/manifest.json
TIME run allocation action=skip run=/fslarge/scratch/users/h61084/codes/adaptime/outputs/adaptime/extractions/ridge/univariate/SG_PM25/H/medium/run_0 source_launch=selena_adaptime_3227291 launch_id=selena_adaptime_3275021 slurm_job_id=3275021 launched_at=2026-09-09T13:15:04.020371+00:00
/fslarge/scratch/users/h61084/codes/adaptime/outputs/adaptime/extractions/ridge/univariate/SG_PM25/H/medium/run_0/extraction/manifest.json
TIME run allocation action=skip run=/fslarge/scratch/users/h61084/codes/adaptime/outputs/adaptime/extractions/ridge/univariate/SG_PM25/H/long/run_0 source_launch=selena_adaptime_3227291 launch_id=selena_adaptime_3275021 slurm_job_id=3275021 launched_at=2026-09-09T13:15:04.026797+00:00
/fslarge/scratch/users/h61084/codes/adaptime/outputs/adaptime/extractions/ridge/univariate/SG_PM25/H/long/run_0/extraction/manifest.json
TIME run allocation action=skip run=/fslarge/scratch/users/h61084/codes/adaptime/outputs/adaptime/extractions/ridge/univariate/NE_China_Wind/H/short/run_0 source_launch=selena_adaptime_3227291 launch_id=selena_adaptime_3275021 slurm_job_id=3275021 launched_at=2026-09-09T13:15:04.033537+00:00
/fslarge/scratch/users/h61084/codes/adaptime/outputs/adaptime/extractions/ridge/univariate/NE_China_Wind/H/short/run_0/extraction/manifest.json
TIME run allocation action=skip run=/fslarge/scratch/users/h61084/codes/adaptime/outputs/adaptime/extractions/ridge/univariate/NE_China_Wind/H/medium/run_0 source_launch=selena_adaptime_3227291 launch_id=selena_adaptime_3275021 slurm_job_id=3275021 launched_at=2026-09-09T13:15:04.040505+00:00
/fslarge/scratch/users/h61084/codes/adaptime/outputs/adaptime/extractions/ridge/univariate/NE_China_Wind/H/medium/run_0/extraction/manifest.json
TIME run allocation action=skip run=/fslarge/scratch/users/h61084/codes/adaptime/outputs/adaptime/extractions/ridge/univariate/NE_China_Wind/H/long/run_0 source_launch=selena_adaptime_3227291 launch_id=selena_adaptime_3275021 slurm_job_id=3275021 launched_at=2026-09-09T13:15:04.047426+00:00
/fslarge/scratch/users/h61084/codes/adaptime/outputs/adaptime/extractions/ridge/univariate/NE_China_Wind/H/long/run_0/extraction/manifest.json
TIME run allocation action=skip run=/fslarge/scratch/users/h61084/codes/adaptime/outputs/adaptime/extractions/ridge/univariate/Australia_Solar/H/short/run_0 source_launch=selena_adaptime_3227291 launch_id=selena_adaptime_3275021 slurm_job_id=3275021 launched_at=2026-09-09T13:15:04.054372+00:00
/fslarge/scratch/users/h61084/codes/adaptime/outputs/adaptime/extractions/ridge/univariate/Australia_Solar/H/short/run_0/extraction/manifest.json
TIME run allocation action=skip run=/fslarge/scratch/users/h61084/codes/adaptime/outputs/adaptime/extractions/ridge/univariate/Australia_Solar/H/medium/run_0 source_launch=selena_adaptime_3227291 launch_id=selena_adaptime_3275021 slurm_job_id=3275021 launched_at=2026-09-09T13:15:04.061070+00:00
/fslarge/scratch/users/h61084/codes/adaptime/outputs/adaptime/extractions/ridge/univariate/Australia_Solar/H/medium/run_0/extraction/manifest.json
TIME run allocation action=skip run=/fslarge/scratch/users/h61084/codes/adaptime/outputs/adaptime/extractions/ridge/univariate/Australia_Solar/H/long/run_0 source_launch=selena_adaptime_3227291 launch_id=selena_adaptime_3275021 slurm_job_id=3275021 launched_at=2026-09-09T13:15:04.067797+00:00
/fslarge/scratch/users/h61084/codes/adaptime/outputs/adaptime/extractions/ridge/univariate/Australia_Solar/H/long/run_0/extraction/manifest.json
TIME run allocation action=skip run=/fslarge/scratch/users/h61084/codes/adaptime/outputs/adaptime/extractions/ridge/univariate/epf_electricity_price/H/short/run_0 source_launch=selena_adaptime_3227291 launch_id=selena_adaptime_3275021 slurm_job_id=3275021 launched_at=2026-09-09T13:15:04.074941+00:00
/fslarge/scratch/users/h61084/codes/adaptime/outputs/adaptime/extractions/ridge/univariate/epf_electricity_price/H/short/run_0/extraction/manifest.json
TIME run allocation action=skip run=/fslarge/scratch/users/h61084/codes/adaptime/outputs/adaptime/extractions/ridge/univariate/epf_electricity_price/H/medium/run_0 source_launch=selena_adaptime_3227291 launch_id=selena_adaptime_3275021 slurm_job_id=3275021 launched_at=2026-09-09T13:15:04.081974+00:00
/fslarge/scratch/users/h61084/codes/adaptime/outputs/adaptime/extractions/ridge/univariate/epf_electricity_price/H/medium/run_0/extraction/manifest.json
TIME run allocation action=skip run=/fslarge/scratch/users/h61084/codes/adaptime/outputs/adaptime/extractions/ridge/univariate/epf_electricity_price/H/long/run_0 source_launch=selena_adaptime_3227291 launch_id=selena_adaptime_3275021 slurm_job_id=3275021 launched_at=2026-09-09T13:15:04.089131+00:00
/fslarge/scratch/users/h61084/codes/adaptime/outputs/adaptime/extractions/ridge/univariate/epf_electricity_price/H/long/run_0/extraction/manifest.json
TIME run allocation action=skip run=/fslarge/scratch/users/h61084/codes/adaptime/outputs/adaptime/extractions/ridge/univariate/OpenElectricity_NEM/5T/short/run_0 source_launch=selena_adaptime_3227291 launch_id=selena_adaptime_3275021 slurm_job_id=3275021 launched_at=2026-09-09T13:15:04.096222+00:00
/fslarge/scratch/users/h61084/codes/adaptime/outputs/adaptime/extractions/ridge/univariate/OpenElectricity_NEM/5T/short/run_0/extraction/manifest.json
TIME run allocation action=skip run=/fslarge/scratch/users/h61084/codes/adaptime/outputs/adaptime/extractions/ridge/univariate/OpenElectricity_NEM/5T/medium/run_0 source_launch=selena_adaptime_3227291 launch_id=selena_adaptime_3275021 slurm_job_id=3275021 launched_at=2026-09-09T13:15:04.103047+00:00
/fslarge/scratch/users/h61084/codes/adaptime/outputs/adaptime/extractions/ridge/univariate/OpenElectricity_NEM/5T/medium/run_0/extraction/manifest.json
TIME run allocation action=skip run=/fslarge/scratch/users/h61084/codes/adaptime/outputs/adaptime/extractions/ridge/univariate/OpenElectricity_NEM/5T/long/run_0 source_launch=selena_adaptime_3227291 launch_id=selena_adaptime_3275021 slurm_job_id=3275021 launched_at=2026-09-09T13:15:04.110277+00:00
/fslarge/scratch/users/h61084/codes/adaptime/outputs/adaptime/extractions/ridge/univariate/OpenElectricity_NEM/5T/long/run_0/extraction/manifest.json
TIME run allocation action=skip run=/fslarge/scratch/users/h61084/codes/adaptime/outputs/adaptime/extractions/ridge/univariate/EWELD_Load/15T/short/run_0 source_launch=selena_adaptime_3227291 launch_id=selena_adaptime_3275021 slurm_job_id=3275021 launched_at=2026-09-09T13:15:04.117472+00:00
/fslarge/scratch/users/h61084/codes/adaptime/outputs/adaptime/extractions/ridge/univariate/EWELD_Load/15T/short/run_0/extraction/manifest.json
TIME run allocation action=skip run=/fslarge/scratch/users/h61084/codes/adaptime/outputs/adaptime/extractions/ridge/univariate/EWELD_Load/15T/medium/run_0 source_launch=selena_adaptime_3227291 launch_id=selena_adaptime_3275021 slurm_job_id=3275021 launched_at=2026-09-09T13:15:04.124354+00:00
/fslarge/scratch/users/h61084/codes/adaptime/outputs/adaptime/extractions/ridge/univariate/EWELD_Load/15T/medium/run_0/extraction/manifest.json
TIME run allocation action=skip run=/fslarge/scratch/users/h61084/codes/adaptime/outputs/adaptime/extractions/ridge/univariate/EWELD_Load/15T/long/run_0 source_launch=selena_adaptime_3227291 launch_id=selena_adaptime_3275021 slurm_job_id=3275021 launched_at=2026-09-09T13:15:04.131093+00:00
/fslarge/scratch/users/h61084/codes/adaptime/outputs/adaptime/extractions/ridge/univariate/EWELD_Load/15T/long/run_0/extraction/manifest.json
TIME run allocation action=skip run=/fslarge/scratch/users/h61084/codes/adaptime/outputs/adaptime/extractions/ridge/univariate/SG_Carpark/15T/short/run_0 source_launch=selena_adaptime_3227291 launch_id=selena_adaptime_3275021 slurm_job_id=3275021 launched_at=2026-09-09T13:15:04.138115+00:00
/fslarge/scratch/users/h61084/codes/adaptime/outputs/adaptime/extractions/ridge/univariate/SG_Carpark/15T/short/run_0/extraction/manifest.json
TIME run allocation action=skip run=/fslarge/scratch/users/h61084/codes/adaptime/outputs/adaptime/extractions/ridge/univariate/SG_Carpark/15T/medium/run_0 source_launch=selena_adaptime_3227291 launch_id=selena_adaptime_3275021 slurm_job_id=3275021 launched_at=2026-09-09T13:15:04.144849+00:00
/fslarge/scratch/users/h61084/codes/adaptime/outputs/adaptime/extractions/ridge/univariate/SG_Carpark/15T/medium/run_0/extraction/manifest.json
TIME run allocation action=skip run=/fslarge/scratch/users/h61084/codes/adaptime/outputs/adaptime/extractions/ridge/univariate/SG_Carpark/15T/long/run_0 source_launch=selena_adaptime_3227291 launch_id=selena_adaptime_3275021 slurm_job_id=3275021 launched_at=2026-09-09T13:15:04.151612+00:00
/fslarge/scratch/users/h61084/codes/adaptime/outputs/adaptime/extractions/ridge/univariate/SG_Carpark/15T/long/run_0/extraction/manifest.json
TIME run allocation action=skip run=/fslarge/scratch/users/h61084/codes/adaptime/outputs/adaptime/extractions/ridge/univariate/Finland_Traffic/15T/short/run_0 source_launch=selena_adaptime_3227291 launch_id=selena_adaptime_3275021 slurm_job_id=3275021 launched_at=2026-09-09T13:15:04.158754+00:00
/fslarge/scratch/users/h61084/codes/adaptime/outputs/adaptime/extractions/ridge/univariate/Finland_Traffic/15T/short/run_0/extraction/manifest.json
TIME run allocation action=skip run=/fslarge/scratch/users/h61084/codes/adaptime/outputs/adaptime/extractions/ridge/univariate/Finland_Traffic/15T/medium/run_0 source_launch=selena_adaptime_3227291 launch_id=selena_adaptime_3275021 slurm_job_id=3275021 launched_at=2026-09-09T13:15:04.165515+00:00
/fslarge/scratch/users/h61084/codes/adaptime/outputs/adaptime/extractions/ridge/univariate/Finland_Traffic/15T/medium/run_0/extraction/manifest.json
TIME run allocation action=skip run=/fslarge/scratch/users/h61084/codes/adaptime/outputs/adaptime/extractions/ridge/univariate/Finland_Traffic/15T/long/run_0 source_launch=selena_adaptime_3227291 launch_id=selena_adaptime_3275021 slurm_job_id=3275021 launched_at=2026-09-09T13:15:04.172288+00:00
/fslarge/scratch/users/h61084/codes/adaptime/outputs/adaptime/extractions/ridge/univariate/Finland_Traffic/15T/long/run_0/extraction/manifest.json
TIME run allocation action=skip run=/fslarge/scratch/users/h61084/codes/adaptime/outputs/adaptime/extractions/ridge/univariate/Port_Activity/D/short/run_0 source_launch=selena_adaptime_3227291 launch_id=selena_adaptime_3275021 slurm_job_id=3275021 launched_at=2026-09-09T13:15:04.179295+00:00
/fslarge/scratch/users/h61084/codes/adaptime/outputs/adaptime/extractions/ridge/univariate/Port_Activity/D/short/run_0/extraction/manifest.json
TIME run allocation action=skip run=/fslarge/scratch/users/h61084/codes/adaptime/outputs/adaptime/extractions/ridge/univariate/Port_Activity/W/short/run_0 source_launch=selena_adaptime_3227291 launch_id=selena_adaptime_3275021 slurm_job_id=3275021 launched_at=2026-09-09T13:15:04.186166+00:00
/fslarge/scratch/users/h61084/codes/adaptime/outputs/adaptime/extractions/ridge/univariate/Port_Activity/W/short/run_0/extraction/manifest.json
TIME run allocation action=skip run=/fslarge/scratch/users/h61084/codes/adaptime/outputs/adaptime/extractions/ridge/univariate/ECDC_COVID/D/short/run_0 source_launch=selena_adaptime_3227291 launch_id=selena_adaptime_3275021 slurm_job_id=3275021 launched_at=2026-09-09T13:15:04.193058+00:00
/fslarge/scratch/users/h61084/codes/adaptime/outputs/adaptime/extractions/ridge/univariate/ECDC_COVID/D/short/run_0/extraction/manifest.json
TIME run allocation action=skip run=/fslarge/scratch/users/h61084/codes/adaptime/outputs/adaptime/extractions/ridge/univariate/ECDC_COVID/W/short/run_0 source_launch=selena_adaptime_3227291 launch_id=selena_adaptime_3275021 slurm_job_id=3275021 launched_at=2026-09-09T13:15:04.200064+00:00
/fslarge/scratch/users/h61084/codes/adaptime/outputs/adaptime/extractions/ridge/univariate/ECDC_COVID/W/short/run_0/extraction/manifest.json
TIME run allocation action=skip run=/fslarge/scratch/users/h61084/codes/adaptime/outputs/adaptime/extractions/ridge/univariate/Global_Influenza/W/short/run_0 source_launch=selena_adaptime_3227291 launch_id=selena_adaptime_3275021 slurm_job_id=3275021 launched_at=2026-09-09T13:15:04.207212+00:00
/fslarge/scratch/users/h61084/codes/adaptime/outputs/adaptime/extractions/ridge/univariate/Global_Influenza/W/short/run_0/extraction/manifest.json
TIME run allocation action=skip run=/fslarge/scratch/users/h61084/codes/adaptime/outputs/adaptime/extractions/ridge/univariate/Crypto/D/short/run_0 source_launch=selena_adaptime_3227291 launch_id=selena_adaptime_3275021 slurm_job_id=3275021 launched_at=2026-09-09T13:15:04.213857+00:00
/fslarge/scratch/users/h61084/codes/adaptime/outputs/adaptime/extractions/ridge/univariate/Crypto/D/short/run_0/extraction/manifest.json
TIME run allocation action=skip run=/fslarge/scratch/users/h61084/codes/adaptime/outputs/adaptime/extractions/ridge/univariate/US_Term_Structure/B/short/run_0 source_launch=selena_adaptime_3227291 launch_id=selena_adaptime_3275021 slurm_job_id=3275021 launched_at=2026-09-09T13:15:04.220676+00:00
/fslarge/scratch/users/h61084/codes/adaptime/outputs/adaptime/extractions/ridge/univariate/US_Term_Structure/B/short/run_0/extraction/manifest.json
TIME run allocation action=skip run=/fslarge/scratch/users/h61084/codes/adaptime/outputs/adaptime/extractions/ridge/univariate/Oil_Price/B/short/run_0 source_launch=selena_adaptime_3227291 launch_id=selena_adaptime_3275021 slurm_job_id=3275021 launched_at=2026-09-09T13:15:04.227883+00:00
/fslarge/scratch/users/h61084/codes/adaptime/outputs/adaptime/extractions/ridge/univariate/Oil_Price/B/short/run_0/extraction/manifest.json
TIME run allocation action=skip run=/fslarge/scratch/users/h61084/codes/adaptime/outputs/adaptime/extractions/ridge/univariate/Job_Claims/W/short/run_0 source_launch=selena_adaptime_3227291 launch_id=selena_adaptime_3275021 slurm_job_id=3275021 launched_at=2026-09-09T13:15:04.235038+00:00
/fslarge/scratch/users/h61084/codes/adaptime/outputs/adaptime/extractions/ridge/univariate/Job_Claims/W/short/run_0/extraction/manifest.json
TIME run allocation action=skip run=/fslarge/scratch/users/h61084/codes/adaptime/outputs/adaptime/extractions/ridge/univariate/Uncertainty_1M/M/short/run_0 source_launch=selena_adaptime_3227291 launch_id=selena_adaptime_3275021 slurm_job_id=3275021 launched_at=2026-09-09T13:15:04.242067+00:00
/fslarge/scratch/users/h61084/codes/adaptime/outputs/adaptime/extractions/ridge/univariate/Uncertainty_1M/M/short/run_0/extraction/manifest.json
TIME run allocation action=skip run=/fslarge/scratch/users/h61084/codes/adaptime/outputs/adaptime/extractions/ridge/univariate/Housing_Inventory/M/short/run_0 source_launch=selena_adaptime_3227291 launch_id=selena_adaptime_3275021 slurm_job_id=3275021 launched_at=2026-09-09T13:15:04.249081+00:00
/fslarge/scratch/users/h61084/codes/adaptime/outputs/adaptime/extractions/ridge/univariate/Housing_Inventory/M/short/run_0/extraction/manifest.json
TIME run allocation action=skip run=/fslarge/scratch/users/h61084/codes/adaptime/outputs/adaptime/extractions/ridge/univariate/JOLTS/M/short/run_0 source_launch=selena_adaptime_3227291 launch_id=selena_adaptime_3275021 slurm_job_id=3275021 launched_at=2026-09-09T13:15:04.256064+00:00
/fslarge/scratch/users/h61084/codes/adaptime/outputs/adaptime/extractions/ridge/univariate/JOLTS/M/short/run_0/extraction/manifest.json
TIME run allocation action=skip run=/fslarge/scratch/users/h61084/codes/adaptime/outputs/adaptime/extractions/ridge/univariate/US_Labor/M/short/run_0 source_launch=selena_adaptime_3227291 launch_id=selena_adaptime_3275021 slurm_job_id=3275021 launched_at=2026-09-09T13:15:04.263069+00:00
/fslarge/scratch/users/h61084/codes/adaptime/outputs/adaptime/extractions/ridge/univariate/US_Labor/M/short/run_0/extraction/manifest.json
TIME run allocation action=skip run=/fslarge/scratch/users/h61084/codes/adaptime/outputs/adaptime/extractions/ridge/univariate/Vehicle_Supply/M/short/run_0 source_launch=selena_adaptime_3227291 launch_id=selena_adaptime_3275021 slurm_job_id=3275021 launched_at=2026-09-09T13:15:04.270053+00:00
/fslarge/scratch/users/h61084/codes/adaptime/outputs/adaptime/extractions/ridge/univariate/Vehicle_Supply/M/short/run_0/extraction/manifest.json
TIME run allocation action=skip run=/fslarge/scratch/users/h61084/codes/adaptime/outputs/adaptime/extractions/ridge/univariate/Auto_Production_SF/M/short/run_0 source_launch=selena_adaptime_3227291 launch_id=selena_adaptime_3275021 slurm_job_id=3275021 launched_at=2026-09-09T13:15:04.277099+00:00
/fslarge/scratch/users/h61084/codes/adaptime/outputs/adaptime/extractions/ridge/univariate/Auto_Production_SF/M/short/run_0/extraction/manifest.json
TIME run allocation action=skip run=/fslarge/scratch/users/h61084/codes/adaptime/outputs/adaptime/extractions/ridge/univariate/Commodity_Production/M/short/run_0 source_launch=selena_adaptime_3227291 launch_id=selena_adaptime_3275021 slurm_job_id=3275021 launched_at=2026-09-09T13:15:04.284220+00:00
/fslarge/scratch/users/h61084/codes/adaptime/outputs/adaptime/extractions/ridge/univariate/Commodity_Production/M/short/run_0/extraction/manifest.json
TIME run allocation action=skip run=/fslarge/scratch/users/h61084/codes/adaptime/outputs/adaptime/extractions/ridge/univariate/Commodity_Import/M/short/run_0 source_launch=selena_adaptime_3227291 launch_id=selena_adaptime_3275021 slurm_job_id=3275021 launched_at=2026-09-09T13:15:04.291471+00:00
/fslarge/scratch/users/h61084/codes/adaptime/outputs/adaptime/extractions/ridge/univariate/Commodity_Import/M/short/run_0/extraction/manifest.json
TIME run allocation action=skip run=/fslarge/scratch/users/h61084/codes/adaptime/outputs/adaptime/extractions/ridge/univariate/WUI_Global/Q/short/run_0 source_launch=selena_adaptime_3227291 launch_id=selena_adaptime_3275021 slurm_job_id=3275021 launched_at=2026-09-09T13:15:04.298330+00:00
/fslarge/scratch/users/h61084/codes/adaptime/outputs/adaptime/extractions/ridge/univariate/WUI_Global/Q/short/run_0/extraction/manifest.json
TIME run allocation action=skip run=/fslarge/scratch/users/h61084/codes/adaptime/outputs/adaptime/extractions/ridge/univariate/Global_Price/Q/short/run_0 source_launch=selena_adaptime_3227291 launch_id=selena_adaptime_3275021 slurm_job_id=3275021 launched_at=2026-09-09T13:15:04.305263+00:00
/fslarge/scratch/users/h61084/codes/adaptime/outputs/adaptime/extractions/ridge/univariate/Global_Price/Q/short/run_0/extraction/manifest.json
TIME run allocation action=skip run=/fslarge/scratch/users/h61084/codes/adaptime/outputs/adaptime/extractions/ridge/univariate/Vehicle_Sales/M/short/run_0 source_launch=selena_adaptime_3227291 launch_id=selena_adaptime_3275021 slurm_job_id=3275021 launched_at=2026-09-09T13:15:04.312506+00:00
/fslarge/scratch/users/h61084/codes/adaptime/outputs/adaptime/extractions/ridge/univariate/Vehicle_Sales/M/short/run_0/extraction/manifest.json
TIME run allocation action=skip run=/fslarge/scratch/users/h61084/codes/adaptime/outputs/adaptime/extractions/ridge/univariate/Online_Retail_2_UCI/D/short/run_0 source_launch=selena_adaptime_3227291 launch_id=selena_adaptime_3275021 slurm_job_id=3275021 launched_at=2026-09-09T13:15:04.319932+00:00
/fslarge/scratch/users/h61084/codes/adaptime/outputs/adaptime/extractions/ridge/univariate/Online_Retail_2_UCI/D/short/run_0/extraction/manifest.json
TIME run allocation action=skip run=/fslarge/scratch/users/h61084/codes/adaptime/outputs/adaptime/extractions/ridge/univariate/Supply_Chain_Customer/D/short/run_0 source_launch=selena_adaptime_3227291 launch_id=selena_adaptime_3275021 slurm_job_id=3275021 launched_at=2026-09-09T13:15:04.326941+00:00
/fslarge/scratch/users/h61084/codes/adaptime/outputs/adaptime/extractions/ridge/univariate/Supply_Chain_Customer/D/short/run_0/extraction/manifest.json
TIME run allocation action=skip run=/fslarge/scratch/users/h61084/codes/adaptime/outputs/adaptime/extractions/ridge/univariate/Supply_Chain_Location/D/short/run_0 source_launch=selena_adaptime_3227291 launch_id=selena_adaptime_3275021 slurm_job_id=3275021 launched_at=2026-09-09T13:15:04.334053+00:00
/fslarge/scratch/users/h61084/codes/adaptime/outputs/adaptime/extractions/ridge/univariate/Supply_Chain_Location/D/short/run_0/extraction/manifest.json
TIME run allocation action=skip run=/fslarge/scratch/users/h61084/codes/adaptime/outputs/adaptime/extractions/ridge/univariate/azure2019_D/5T/short/run_0 source_launch=selena_adaptime_3227291 launch_id=selena_adaptime_3275021 slurm_job_id=3275021 launched_at=2026-09-09T13:15:04.340886+00:00
/fslarge/scratch/users/h61084/codes/adaptime/outputs/adaptime/extractions/ridge/univariate/azure2019_D/5T/short/run_0/extraction/manifest.json
TIME run allocation action=skip run=/fslarge/scratch/users/h61084/codes/adaptime/outputs/adaptime/extractions/ridge/univariate/azure2019_I/5T/short/run_0 source_launch=selena_adaptime_3227291 launch_id=selena_adaptime_3275021 slurm_job_id=3275021 launched_at=2026-09-09T13:15:04.348609+00:00
/fslarge/scratch/users/h61084/codes/adaptime/outputs/adaptime/extractions/ridge/univariate/azure2019_I/5T/short/run_0/extraction/manifest.json
TIME run allocation action=skip run=/fslarge/scratch/users/h61084/codes/adaptime/outputs/adaptime/extractions/ridge/univariate/azure2019_U/5T/short/run_0 source_launch=selena_adaptime_3227291 launch_id=selena_adaptime_3275021 slurm_job_id=3275021 launched_at=2026-09-09T13:15:04.355758+00:00
/fslarge/scratch/users/h61084/codes/adaptime/outputs/adaptime/extractions/ridge/univariate/azure2019_U/5T/short/run_0/extraction/manifest.json
TIME run allocation action=skip run=/fslarge/scratch/users/h61084/codes/adaptime/outputs/adaptime/extractions/ridge/univariate/Smart_Manufacturing/H/short/run_0 source_launch=selena_adaptime_3227291 launch_id=selena_adaptime_3275021 slurm_job_id=3275021 launched_at=2026-09-09T13:15:04.362947+00:00
/fslarge/scratch/users/h61084/codes/adaptime/outputs/adaptime/extractions/ridge/univariate/Smart_Manufacturing/H/short/run_0/extraction/manifest.json
TIME run allocation action=skip run=/fslarge/scratch/users/h61084/codes/adaptime/outputs/adaptime/extractions/ridge/univariate/Smart_Manufacturing/H/medium/run_0 source_launch=selena_adaptime_3227291 launch_id=selena_adaptime_3275021 slurm_job_id=3275021 launched_at=2026-09-09T13:15:04.369758+00:00
/fslarge/scratch/users/h61084/codes/adaptime/outputs/adaptime/extractions/ridge/univariate/Smart_Manufacturing/H/medium/run_0/extraction/manifest.json
TIME run allocation action=skip run=/fslarge/scratch/users/h61084/codes/adaptime/outputs/adaptime/extractions/ridge/univariate/Smart_Manufacturing/H/long/run_0 source_launch=selena_adaptime_3227291 launch_id=selena_adaptime_3275021 slurm_job_id=3275021 launched_at=2026-09-09T13:15:04.376599+00:00
/fslarge/scratch/users/h61084/codes/adaptime/outputs/adaptime/extractions/ridge/univariate/Smart_Manufacturing/H/long/run_0/extraction/manifest.json
TIME run allocation action=skip run=/fslarge/scratch/users/h61084/codes/adaptime/outputs/adaptime/extractions/ridge/univariate/MetroPT-3/5T/short/run_0 source_launch=selena_adaptime_3227291 launch_id=selena_adaptime_3275021 slurm_job_id=3275021 launched_at=2026-09-09T13:15:04.383584+00:00
/fslarge/scratch/users/h61084/codes/adaptime/outputs/adaptime/extractions/ridge/univariate/MetroPT-3/5T/short/run_0/extraction/manifest.json
TIME run allocation action=skip run=/fslarge/scratch/users/h61084/codes/adaptime/outputs/adaptime/extractions/ridge/univariate/MetroPT-3/5T/medium/run_0 source_launch=selena_adaptime_3227291 launch_id=selena_adaptime_3275021 slurm_job_id=3275021 launched_at=2026-09-09T13:15:04.391249+00:00
/fslarge/scratch/users/h61084/codes/adaptime/outputs/adaptime/extractions/ridge/univariate/MetroPT-3/5T/medium/run_0/extraction/manifest.json
TIME run allocation action=skip run=/fslarge/scratch/users/h61084/codes/adaptime/outputs/adaptime/extractions/ridge/univariate/MetroPT-3/5T/long/run_0 source_launch=selena_adaptime_3227291 launch_id=selena_adaptime_3275021 slurm_job_id=3275021 launched_at=2026-09-09T13:15:04.398280+00:00
/fslarge/scratch/users/h61084/codes/adaptime/outputs/adaptime/extractions/ridge/univariate/MetroPT-3/5T/long/run_0/extraction/manifest.json
TIME run allocation action=skip run=/fslarge/scratch/users/h61084/codes/adaptime/outputs/adaptime/adaptations/ridge/univariate/Water_Quality_Darwin/15T/short/run_0 source_launch=selena_adaptime_3227291 launch_id=selena_adaptime_3275021 slurm_job_id=3275021 launched_at=2026-09-09T13:15:04.412054+00:00
/fslarge/scratch/users/h61084/codes/adaptime/outputs/adaptime/adaptations/ridge/univariate/Water_Quality_Darwin/15T/short/run_0/model/model_manifest.json
TIME run allocation action=skip run=/fslarge/scratch/users/h61084/codes/adaptime/outputs/adaptime/adaptations/ridge/univariate/Water_Quality_Darwin/15T/medium/run_0 source_launch=selena_adaptime_3227291 launch_id=selena_adaptime_3275021 slurm_job_id=3275021 launched_at=2026-09-09T13:15:04.425119+00:00
/fslarge/scratch/users/h61084/codes/adaptime/outputs/adaptime/adaptations/ridge/univariate/Water_Quality_Darwin/15T/medium/run_0/model/model_manifest.json
TIME run allocation action=skip run=/fslarge/scratch/users/h61084/codes/adaptime/outputs/adaptime/adaptations/ridge/univariate/Water_Quality_Darwin/15T/long/run_0 source_launch=selena_adaptime_3227291 launch_id=selena_adaptime_3275021 slurm_job_id=3275021 launched_at=2026-09-09T13:15:04.438441+00:00
/fslarge/scratch/users/h61084/codes/adaptime/outputs/adaptime/adaptations/ridge/univariate/Water_Quality_Darwin/15T/long/run_0/model/model_manifest.json
TIME run allocation action=skip run=/fslarge/scratch/users/h61084/codes/adaptime/outputs/adaptime/adaptations/ridge/univariate/current_velocity/5T/short/run_0 source_launch=selena_adaptime_3227291 launch_id=selena_adaptime_3275021 slurm_job_id=3275021 launched_at=2026-09-09T13:15:04.451987+00:00
/fslarge/scratch/users/h61084/codes/adaptime/outputs/adaptime/adaptations/ridge/univariate/current_velocity/5T/short/run_0/model/model_manifest.json
TIME run allocation action=skip run=/fslarge/scratch/users/h61084/codes/adaptime/outputs/adaptime/adaptations/ridge/univariate/current_velocity/5T/medium/run_0 source_launch=selena_adaptime_3227291 launch_id=selena_adaptime_3275021 slurm_job_id=3275021 launched_at=2026-09-09T13:15:04.465308+00:00
/fslarge/scratch/users/h61084/codes/adaptime/outputs/adaptime/adaptations/ridge/univariate/current_velocity/5T/medium/run_0/model/model_manifest.json
TIME run allocation action=skip run=/fslarge/scratch/users/h61084/codes/adaptime/outputs/adaptime/adaptations/ridge/univariate/current_velocity/5T/long/run_0 source_launch=selena_adaptime_3227291 launch_id=selena_adaptime_3275021 slurm_job_id=3275021 launched_at=2026-09-09T13:15:04.478808+00:00
/fslarge/scratch/users/h61084/codes/adaptime/outputs/adaptime/adaptations/ridge/univariate/current_velocity/5T/long/run_0/model/model_manifest.json
TIME run allocation action=skip run=/fslarge/scratch/users/h61084/codes/adaptime/outputs/adaptime/adaptations/ridge/univariate/current_velocity/10T/short/run_0 source_launch=selena_adaptime_3227291 launch_id=selena_adaptime_3275021 slurm_job_id=3275021 launched_at=2026-09-09T13:15:04.492786+00:00
/fslarge/scratch/users/h61084/codes/adaptime/outputs/adaptime/adaptations/ridge/univariate/current_velocity/10T/short/run_0/model/model_manifest.json
TIME run allocation action=skip run=/fslarge/scratch/users/h61084/codes/adaptime/outputs/adaptime/adaptations/ridge/univariate/current_velocity/10T/medium/run_0 source_launch=selena_adaptime_3227291 launch_id=selena_adaptime_3275021 slurm_job_id=3275021 launched_at=2026-09-09T13:15:04.506079+00:00
/fslarge/scratch/users/h61084/codes/adaptime/outputs/adaptime/adaptations/ridge/univariate/current_velocity/10T/medium/run_0/model/model_manifest.json
TIME run allocation action=skip run=/fslarge/scratch/users/h61084/codes/adaptime/outputs/adaptime/adaptations/ridge/univariate/current_velocity/10T/long/run_0 source_launch=selena_adaptime_3227291 launch_id=selena_adaptime_3275021 slurm_job_id=3275021 launched_at=2026-09-09T13:15:04.519466+00:00
/fslarge/scratch/users/h61084/codes/adaptime/outputs/adaptime/adaptations/ridge/univariate/current_velocity/10T/long/run_0/model/model_manifest.json
TIME run allocation action=skip run=/fslarge/scratch/users/h61084/codes/adaptime/outputs/adaptime/adaptations/ridge/univariate/current_velocity/15T/short/run_0 source_launch=selena_adaptime_3227291 launch_id=selena_adaptime_3275021 slurm_job_id=3275021 launched_at=2026-09-09T13:15:04.533254+00:00
/fslarge/scratch/users/h61084/codes/adaptime/outputs/adaptime/adaptations/ridge/univariate/current_velocity/15T/short/run_0/model/model_manifest.json
TIME run allocation action=skip run=/fslarge/scratch/users/h61084/codes/adaptime/outputs/adaptime/adaptations/ridge/univariate/current_velocity/15T/medium/run_0 source_launch=selena_adaptime_3227291 launch_id=selena_adaptime_3275021 slurm_job_id=3275021 launched_at=2026-09-09T13:15:04.546594+00:00
/fslarge/scratch/users/h61084/codes/adaptime/outputs/adaptime/adaptations/ridge/univariate/current_velocity/15T/medium/run_0/model/model_manifest.json
TIME run allocation action=skip run=/fslarge/scratch/users/h61084/codes/adaptime/outputs/adaptime/adaptations/ridge/univariate/current_velocity/15T/long/run_0 source_launch=selena_adaptime_3227291 launch_id=selena_adaptime_3275021 slurm_job_id=3275021 launched_at=2026-09-09T13:15:04.559734+00:00
/fslarge/scratch/users/h61084/codes/adaptime/outputs/adaptime/adaptations/ridge/univariate/current_velocity/15T/long/run_0/model/model_manifest.json
TIME run allocation action=skip run=/fslarge/scratch/users/h61084/codes/adaptime/outputs/adaptime/adaptations/ridge/univariate/current_velocity/20T/short/run_0 source_launch=selena_adaptime_3227291 launch_id=selena_adaptime_3275021 slurm_job_id=3275021 launched_at=2026-09-09T13:15:04.573393+00:00
/fslarge/scratch/users/h61084/codes/adaptime/outputs/adaptime/adaptations/ridge/univariate/current_velocity/20T/short/run_0/model/model_manifest.json
TIME run allocation action=skip run=/fslarge/scratch/users/h61084/codes/adaptime/outputs/adaptime/adaptations/ridge/univariate/current_velocity/20T/medium/run_0 source_launch=selena_adaptime_3227291 launch_id=selena_adaptime_3275021 slurm_job_id=3275021 launched_at=2026-09-09T13:15:04.586571+00:00
/fslarge/scratch/users/h61084/codes/adaptime/outputs/adaptime/adaptations/ridge/univariate/current_velocity/20T/medium/run_0/model/model_manifest.json
TIME run allocation action=skip run=/fslarge/scratch/users/h61084/codes/adaptime/outputs/adaptime/adaptations/ridge/univariate/current_velocity/20T/long/run_0 source_launch=selena_adaptime_3227291 launch_id=selena_adaptime_3275021 slurm_job_id=3275021 launched_at=2026-09-09T13:15:04.599941+00:00
/fslarge/scratch/users/h61084/codes/adaptime/outputs/adaptime/adaptations/ridge/univariate/current_velocity/20T/long/run_0/model/model_manifest.json
TIME run allocation action=skip run=/fslarge/scratch/users/h61084/codes/adaptime/outputs/adaptime/adaptations/ridge/univariate/current_velocity/H/short/run_0 source_launch=selena_adaptime_3227291 launch_id=selena_adaptime_3275021 slurm_job_id=3275021 launched_at=2026-09-09T13:15:04.613925+00:00
/fslarge/scratch/users/h61084/codes/adaptime/outputs/adaptime/adaptations/ridge/univariate/current_velocity/H/short/run_0/model/model_manifest.json
TIME run allocation action=skip run=/fslarge/scratch/users/h61084/codes/adaptime/outputs/adaptime/adaptations/ridge/univariate/current_velocity/H/medium/run_0 source_launch=selena_adaptime_3227291 launch_id=selena_adaptime_3275021 slurm_job_id=3275021 launched_at=2026-09-09T13:15:04.627098+00:00
/fslarge/scratch/users/h61084/codes/adaptime/outputs/adaptime/adaptations/ridge/univariate/current_velocity/H/medium/run_0/model/model_manifest.json
TIME run allocation action=skip run=/fslarge/scratch/users/h61084/codes/adaptime/outputs/adaptime/adaptations/ridge/univariate/current_velocity/H/long/run_0 source_launch=selena_adaptime_3227291 launch_id=selena_adaptime_3275021 slurm_job_id=3275021 launched_at=2026-09-09T13:15:04.640499+00:00
/fslarge/scratch/users/h61084/codes/adaptime/outputs/adaptime/adaptations/ridge/univariate/current_velocity/H/long/run_0/model/model_manifest.json
TIME run allocation action=skip run=/fslarge/scratch/users/h61084/codes/adaptime/outputs/adaptime/adaptations/ridge/univariate/CPHL/15T/short/run_0 source_launch=selena_adaptime_3227291 launch_id=selena_adaptime_3275021 slurm_job_id=3275021 launched_at=2026-09-09T13:15:04.654280+00:00
/fslarge/scratch/users/h61084/codes/adaptime/outputs/adaptime/adaptations/ridge/univariate/CPHL/15T/short/run_0/model/model_manifest.json
TIME run allocation action=skip run=/fslarge/scratch/users/h61084/codes/adaptime/outputs/adaptime/adaptations/ridge/univariate/CPHL/15T/medium/run_0 source_launch=selena_adaptime_3227291 launch_id=selena_adaptime_3275021 slurm_job_id=3275021 launched_at=2026-09-09T13:15:04.667501+00:00
/fslarge/scratch/users/h61084/codes/adaptime/outputs/adaptime/adaptations/ridge/univariate/CPHL/15T/medium/run_0/model/model_manifest.json
TIME run allocation action=skip run=/fslarge/scratch/users/h61084/codes/adaptime/outputs/adaptime/adaptations/ridge/univariate/CPHL/15T/long/run_0 source_launch=selena_adaptime_3227291 launch_id=selena_adaptime_3275021 slurm_job_id=3275021 launched_at=2026-09-09T13:15:04.681222+00:00
/fslarge/scratch/users/h61084/codes/adaptime/outputs/adaptime/adaptations/ridge/univariate/CPHL/15T/long/run_0/model/model_manifest.json
TIME run allocation action=skip run=/fslarge/scratch/users/h61084/codes/adaptime/outputs/adaptime/adaptations/ridge/univariate/CPHL/30T/short/run_0 source_launch=selena_adaptime_3227291 launch_id=selena_adaptime_3275021 slurm_job_id=3275021 launched_at=2026-09-09T13:15:04.695099+00:00
/fslarge/scratch/users/h61084/codes/adaptime/outputs/adaptime/adaptations/ridge/univariate/CPHL/30T/short/run_0/model/model_manifest.json
TIME run allocation action=skip run=/fslarge/scratch/users/h61084/codes/adaptime/outputs/adaptime/adaptations/ridge/univariate/CPHL/30T/medium/run_0 source_launch=selena_adaptime_3227291 launch_id=selena_adaptime_3275021 slurm_job_id=3275021 launched_at=2026-09-09T13:15:04.708390+00:00
/fslarge/scratch/users/h61084/codes/adaptime/outputs/adaptime/adaptations/ridge/univariate/CPHL/30T/medium/run_0/model/model_manifest.json
TIME run allocation action=skip run=/fslarge/scratch/users/h61084/codes/adaptime/outputs/adaptime/adaptations/ridge/univariate/CPHL/30T/long/run_0 source_launch=selena_adaptime_3227291 launch_id=selena_adaptime_3275021 slurm_job_id=3275021 launched_at=2026-09-09T13:15:04.721709+00:00
/fslarge/scratch/users/h61084/codes/adaptime/outputs/adaptime/adaptations/ridge/univariate/CPHL/30T/long/run_0/model/model_manifest.json
TIME run allocation action=skip run=/fslarge/scratch/users/h61084/codes/adaptime/outputs/adaptime/adaptations/ridge/univariate/CPHL/H/short/run_0 source_launch=selena_adaptime_3227291 launch_id=selena_adaptime_3275021 slurm_job_id=3275021 launched_at=2026-09-09T13:15:04.735121+00:00
/fslarge/scratch/users/h61084/codes/adaptime/outputs/adaptime/adaptations/ridge/univariate/CPHL/H/short/run_0/model/model_manifest.json
TIME run allocation action=skip run=/fslarge/scratch/users/h61084/codes/adaptime/outputs/adaptime/adaptations/ridge/univariate/CPHL/H/medium/run_0 source_launch=selena_adaptime_3227291 launch_id=selena_adaptime_3275021 slurm_job_id=3275021 launched_at=2026-09-09T13:15:04.748483+00:00
/fslarge/scratch/users/h61084/codes/adaptime/outputs/adaptime/adaptations/ridge/univariate/CPHL/H/medium/run_0/model/model_manifest.json
TIME run allocation action=skip run=/fslarge/scratch/users/h61084/codes/adaptime/outputs/adaptime/adaptations/ridge/univariate/CPHL/H/long/run_0 source_launch=selena_adaptime_3227291 launch_id=selena_adaptime_3275021 slurm_job_id=3275021 launched_at=2026-09-09T13:15:04.761897+00:00
/fslarge/scratch/users/h61084/codes/adaptime/outputs/adaptime/adaptations/ridge/univariate/CPHL/H/long/run_0/model/model_manifest.json
TIME run allocation action=skip run=/fslarge/scratch/users/h61084/codes/adaptime/outputs/adaptime/adaptations/ridge/univariate/Coastal_T_S/5T/short/run_0 source_launch=selena_adaptime_3227291 launch_id=selena_adaptime_3275021 slurm_job_id=3275021 launched_at=2026-09-09T13:15:04.775451+00:00
/fslarge/scratch/users/h61084/codes/adaptime/outputs/adaptime/adaptations/ridge/univariate/Coastal_T_S/5T/short/run_0/model/model_manifest.json
TIME run allocation action=skip run=/fslarge/scratch/users/h61084/codes/adaptime/outputs/adaptime/adaptations/ridge/univariate/Coastal_T_S/5T/medium/run_0 source_launch=selena_adaptime_3227291 launch_id=selena_adaptime_3275021 slurm_job_id=3275021 launched_at=2026-09-09T13:15:04.788906+00:00
/fslarge/scratch/users/h61084/codes/adaptime/outputs/adaptime/adaptations/ridge/univariate/Coastal_T_S/5T/medium/run_0/model/model_manifest.json
TIME run allocation action=skip run=/fslarge/scratch/users/h61084/codes/adaptime/outputs/adaptime/adaptations/ridge/univariate/Coastal_T_S/5T/long/run_0 source_launch=selena_adaptime_3227291 launch_id=selena_adaptime_3275021 slurm_job_id=3275021 launched_at=2026-09-09T13:15:04.802583+00:00
/fslarge/scratch/users/h61084/codes/adaptime/outputs/adaptime/adaptations/ridge/univariate/Coastal_T_S/5T/long/run_0/model/model_manifest.json
TIME run allocation action=skip run=/fslarge/scratch/users/h61084/codes/adaptime/outputs/adaptime/adaptations/ridge/univariate/Coastal_T_S/15T/short/run_0 source_launch=selena_adaptime_3227291 launch_id=selena_adaptime_3275021 slurm_job_id=3275021 launched_at=2026-09-09T13:15:04.816194+00:00
/fslarge/scratch/users/h61084/codes/adaptime/outputs/adaptime/adaptations/ridge/univariate/Coastal_T_S/15T/short/run_0/model/model_manifest.json
TIME run allocation action=skip run=/fslarge/scratch/users/h61084/codes/adaptime/outputs/adaptime/adaptations/ridge/univariate/Coastal_T_S/15T/medium/run_0 source_launch=selena_adaptime_3227291 launch_id=selena_adaptime_3275021 slurm_job_id=3275021 launched_at=2026-09-09T13:15:04.829889+00:00
/fslarge/scratch/users/h61084/codes/adaptime/outputs/adaptime/adaptations/ridge/univariate/Coastal_T_S/15T/medium/run_0/model/model_manifest.json
TIME run allocation action=skip run=/fslarge/scratch/users/h61084/codes/adaptime/outputs/adaptime/adaptations/ridge/univariate/Coastal_T_S/15T/long/run_0 source_launch=selena_adaptime_3227291 launch_id=selena_adaptime_3275021 slurm_job_id=3275021 launched_at=2026-09-09T13:15:04.843152+00:00
/fslarge/scratch/users/h61084/codes/adaptime/outputs/adaptime/adaptations/ridge/univariate/Coastal_T_S/15T/long/run_0/model/model_manifest.json
TIME run allocation action=skip run=/fslarge/scratch/users/h61084/codes/adaptime/outputs/adaptime/adaptations/ridge/univariate/Coastal_T_S/20T/short/run_0 source_launch=selena_adaptime_3227291 launch_id=selena_adaptime_3275021 slurm_job_id=3275021 launched_at=2026-09-09T13:15:04.857069+00:00
/fslarge/scratch/users/h61084/codes/adaptime/outputs/adaptime/adaptations/ridge/univariate/Coastal_T_S/20T/short/run_0/model/model_manifest.json
TIME run allocation action=skip run=/fslarge/scratch/users/h61084/codes/adaptime/outputs/adaptime/adaptations/ridge/univariate/Coastal_T_S/20T/medium/run_0 source_launch=selena_adaptime_3227291 launch_id=selena_adaptime_3275021 slurm_job_id=3275021 launched_at=2026-09-09T13:15:04.870345+00:00
/fslarge/scratch/users/h61084/codes/adaptime/outputs/adaptime/adaptations/ridge/univariate/Coastal_T_S/20T/medium/run_0/model/model_manifest.json
TIME run allocation action=skip run=/fslarge/scratch/users/h61084/codes/adaptime/outputs/adaptime/adaptations/ridge/univariate/Coastal_T_S/20T/long/run_0 source_launch=selena_adaptime_3227291 launch_id=selena_adaptime_3275021 slurm_job_id=3275021 launched_at=2026-09-09T13:15:04.883898+00:00
/fslarge/scratch/users/h61084/codes/adaptime/outputs/adaptime/adaptations/ridge/univariate/Coastal_T_S/20T/long/run_0/model/model_manifest.json
TIME run allocation action=skip run=/fslarge/scratch/users/h61084/codes/adaptime/outputs/adaptime/adaptations/ridge/univariate/Coastal_T_S/H/short/run_0 source_launch=selena_adaptime_3227291 launch_id=selena_adaptime_3275021 slurm_job_id=3275021 launched_at=2026-09-09T13:15:04.897658+00:00
/fslarge/scratch/users/h61084/codes/adaptime/outputs/adaptime/adaptations/ridge/univariate/Coastal_T_S/H/short/run_0/model/model_manifest.json
TIME run allocation action=skip run=/fslarge/scratch/users/h61084/codes/adaptime/outputs/adaptime/adaptations/ridge/univariate/Coastal_T_S/H/medium/run_0 source_launch=selena_adaptime_3227291 launch_id=selena_adaptime_3275021 slurm_job_id=3275021 launched_at=2026-09-09T13:15:04.911064+00:00
/fslarge/scratch/users/h61084/codes/adaptime/outputs/adaptime/adaptations/ridge/univariate/Coastal_T_S/H/medium/run_0/model/model_manifest.json
TIME run allocation action=skip run=/fslarge/scratch/users/h61084/codes/adaptime/outputs/adaptime/adaptations/ridge/univariate/Coastal_T_S/H/long/run_0 source_launch=selena_adaptime_3227291 launch_id=selena_adaptime_3275021 slurm_job_id=3275021 launched_at=2026-09-09T13:15:04.924502+00:00
/fslarge/scratch/users/h61084/codes/adaptime/outputs/adaptime/adaptations/ridge/univariate/Coastal_T_S/H/long/run_0/model/model_manifest.json
TIME run allocation action=skip run=/fslarge/scratch/users/h61084/codes/adaptime/outputs/adaptime/adaptations/ridge/univariate/SG_Weather/D/short/run_0 source_launch=selena_adaptime_3227291 launch_id=selena_adaptime_3275021 slurm_job_id=3275021 launched_at=2026-09-09T13:15:04.938039+00:00
/fslarge/scratch/users/h61084/codes/adaptime/outputs/adaptime/adaptations/ridge/univariate/SG_Weather/D/short/run_0/model/model_manifest.json
TIME run allocation action=skip run=/fslarge/scratch/users/h61084/codes/adaptime/outputs/adaptime/adaptations/ridge/univariate/SG_Weather/D/medium/run_0 source_launch=selena_adaptime_3227291 launch_id=selena_adaptime_3275021 slurm_job_id=3275021 launched_at=2026-09-09T13:15:04.951275+00:00
/fslarge/scratch/users/h61084/codes/adaptime/outputs/adaptime/adaptations/ridge/univariate/SG_Weather/D/medium/run_0/model/model_manifest.json
TIME run allocation action=skip run=/fslarge/scratch/users/h61084/codes/adaptime/outputs/adaptime/adaptations/ridge/univariate/SG_Weather/D/long/run_0 source_launch=selena_adaptime_3227291 launch_id=selena_adaptime_3275021 slurm_job_id=3275021 launched_at=2026-09-09T13:15:04.964640+00:00
/fslarge/scratch/users/h61084/codes/adaptime/outputs/adaptime/adaptations/ridge/univariate/SG_Weather/D/long/run_0/model/model_manifest.json
TIME run allocation action=skip run=/fslarge/scratch/users/h61084/codes/adaptime/outputs/adaptime/adaptations/ridge/univariate/SG_PM25/H/short/run_0 source_launch=selena_adaptime_3227291 launch_id=selena_adaptime_3275021 slurm_job_id=3275021 launched_at=2026-09-09T13:15:04.978461+00:00
/fslarge/scratch/users/h61084/codes/adaptime/outputs/adaptime/adaptations/ridge/univariate/SG_PM25/H/short/run_0/model/model_manifest.json
TIME run allocation action=skip run=/fslarge/scratch/users/h61084/codes/adaptime/outputs/adaptime/adaptations/ridge/univariate/SG_PM25/H/medium/run_0 source_launch=selena_adaptime_3227291 launch_id=selena_adaptime_3275021 slurm_job_id=3275021 launched_at=2026-09-09T13:15:04.991982+00:00
/fslarge/scratch/users/h61084/codes/adaptime/outputs/adaptime/adaptations/ridge/univariate/SG_PM25/H/medium/run_0/model/model_manifest.json
TIME run allocation action=skip run=/fslarge/scratch/users/h61084/codes/adaptime/outputs/adaptime/adaptations/ridge/univariate/SG_PM25/H/long/run_0 source_launch=selena_adaptime_3227291 launch_id=selena_adaptime_3275021 slurm_job_id=3275021 launched_at=2026-09-09T13:15:05.005532+00:00
/fslarge/scratch/users/h61084/codes/adaptime/outputs/adaptime/adaptations/ridge/univariate/SG_PM25/H/long/run_0/model/model_manifest.json
TIME run allocation action=skip run=/fslarge/scratch/users/h61084/codes/adaptime/outputs/adaptime/adaptations/ridge/univariate/NE_China_Wind/H/short/run_0 source_launch=selena_adaptime_3227291 launch_id=selena_adaptime_3275021 slurm_job_id=3275021 launched_at=2026-09-09T13:15:05.019255+00:00
/fslarge/scratch/users/h61084/codes/adaptime/outputs/adaptime/adaptations/ridge/univariate/NE_China_Wind/H/short/run_0/model/model_manifest.json
TIME run allocation action=skip run=/fslarge/scratch/users/h61084/codes/adaptime/outputs/adaptime/adaptations/ridge/univariate/NE_China_Wind/H/medium/run_0 source_launch=selena_adaptime_3227291 launch_id=selena_adaptime_3275021 slurm_job_id=3275021 launched_at=2026-09-09T13:15:05.032461+00:00
/fslarge/scratch/users/h61084/codes/adaptime/outputs/adaptime/adaptations/ridge/univariate/NE_China_Wind/H/medium/run_0/model/model_manifest.json
TIME run allocation action=skip run=/fslarge/scratch/users/h61084/codes/adaptime/outputs/adaptime/adaptations/ridge/univariate/NE_China_Wind/H/long/run_0 source_launch=selena_adaptime_3227291 launch_id=selena_adaptime_3275021 slurm_job_id=3275021 launched_at=2026-09-09T13:15:05.045183+00:00
/fslarge/scratch/users/h61084/codes/adaptime/outputs/adaptime/adaptations/ridge/univariate/NE_China_Wind/H/long/run_0/model/model_manifest.json
TIME run allocation action=skip run=/fslarge/scratch/users/h61084/codes/adaptime/outputs/adaptime/adaptations/ridge/univariate/Australia_Solar/H/short/run_0 source_launch=selena_adaptime_3227291 launch_id=selena_adaptime_3275021 slurm_job_id=3275021 launched_at=2026-09-09T13:15:05.058692+00:00
/fslarge/scratch/users/h61084/codes/adaptime/outputs/adaptime/adaptations/ridge/univariate/Australia_Solar/H/short/run_0/model/model_manifest.json
TIME run allocation action=skip run=/fslarge/scratch/users/h61084/codes/adaptime/outputs/adaptime/adaptations/ridge/univariate/Australia_Solar/H/medium/run_0 source_launch=selena_adaptime_3227291 launch_id=selena_adaptime_3275021 slurm_job_id=3275021 launched_at=2026-09-09T13:15:05.071961+00:00
/fslarge/scratch/users/h61084/codes/adaptime/outputs/adaptime/adaptations/ridge/univariate/Australia_Solar/H/medium/run_0/model/model_manifest.json
TIME run allocation action=skip run=/fslarge/scratch/users/h61084/codes/adaptime/outputs/adaptime/adaptations/ridge/univariate/Australia_Solar/H/long/run_0 source_launch=selena_adaptime_3227291 launch_id=selena_adaptime_3275021 slurm_job_id=3275021 launched_at=2026-09-09T13:15:05.085338+00:00
/fslarge/scratch/users/h61084/codes/adaptime/outputs/adaptime/adaptations/ridge/univariate/Australia_Solar/H/long/run_0/model/model_manifest.json
TIME run allocation action=skip run=/fslarge/scratch/users/h61084/codes/adaptime/outputs/adaptime/adaptations/ridge/univariate/epf_electricity_price/H/short/run_0 source_launch=selena_adaptime_3227291 launch_id=selena_adaptime_3275021 slurm_job_id=3275021 launched_at=2026-09-09T13:15:05.098903+00:00
/fslarge/scratch/users/h61084/codes/adaptime/outputs/adaptime/adaptations/ridge/univariate/epf_electricity_price/H/short/run_0/model/model_manifest.json
TIME run allocation action=skip run=/fslarge/scratch/users/h61084/codes/adaptime/outputs/adaptime/adaptations/ridge/univariate/epf_electricity_price/H/medium/run_0 source_launch=selena_adaptime_3227291 launch_id=selena_adaptime_3275021 slurm_job_id=3275021 launched_at=2026-09-09T13:15:05.112600+00:00
/fslarge/scratch/users/h61084/codes/adaptime/outputs/adaptime/adaptations/ridge/univariate/epf_electricity_price/H/medium/run_0/model/model_manifest.json
TIME run allocation action=skip run=/fslarge/scratch/users/h61084/codes/adaptime/outputs/adaptime/adaptations/ridge/univariate/epf_electricity_price/H/long/run_0 source_launch=selena_adaptime_3227291 launch_id=selena_adaptime_3275021 slurm_job_id=3275021 launched_at=2026-09-09T13:15:05.126276+00:00
/fslarge/scratch/users/h61084/codes/adaptime/outputs/adaptime/adaptations/ridge/univariate/epf_electricity_price/H/long/run_0/model/model_manifest.json
TIME run allocation action=skip run=/fslarge/scratch/users/h61084/codes/adaptime/outputs/adaptime/adaptations/ridge/univariate/OpenElectricity_NEM/5T/short/run_0 source_launch=selena_adaptime_3227291 launch_id=selena_adaptime_3275021 slurm_job_id=3275021 launched_at=2026-09-09T13:15:05.140237+00:00
/fslarge/scratch/users/h61084/codes/adaptime/outputs/adaptime/adaptations/ridge/univariate/OpenElectricity_NEM/5T/short/run_0/model/model_manifest.json
TIME run allocation action=skip run=/fslarge/scratch/users/h61084/codes/adaptime/outputs/adaptime/adaptations/ridge/univariate/OpenElectricity_NEM/5T/medium/run_0 source_launch=selena_adaptime_3227291 launch_id=selena_adaptime_3275021 slurm_job_id=3275021 launched_at=2026-09-09T13:15:05.153701+00:00
/fslarge/scratch/users/h61084/codes/adaptime/outputs/adaptime/adaptations/ridge/univariate/OpenElectricity_NEM/5T/medium/run_0/model/model_manifest.json
TIME run allocation action=skip run=/fslarge/scratch/users/h61084/codes/adaptime/outputs/adaptime/adaptations/ridge/univariate/OpenElectricity_NEM/5T/long/run_0 source_launch=selena_adaptime_3227291 launch_id=selena_adaptime_3275021 slurm_job_id=3275021 launched_at=2026-09-09T13:15:05.167290+00:00
/fslarge/scratch/users/h61084/codes/adaptime/outputs/adaptime/adaptations/ridge/univariate/OpenElectricity_NEM/5T/long/run_0/model/model_manifest.json
TIME run allocation action=skip run=/fslarge/scratch/users/h61084/codes/adaptime/outputs/adaptime/adaptations/ridge/univariate/EWELD_Load/15T/short/run_0 source_launch=selena_adaptime_3227291 launch_id=selena_adaptime_3275021 slurm_job_id=3275021 launched_at=2026-09-09T13:15:05.181160+00:00
/fslarge/scratch/users/h61084/codes/adaptime/outputs/adaptime/adaptations/ridge/univariate/EWELD_Load/15T/short/run_0/model/model_manifest.json
TIME run allocation action=skip run=/fslarge/scratch/users/h61084/codes/adaptime/outputs/adaptime/adaptations/ridge/univariate/EWELD_Load/15T/medium/run_0 source_launch=selena_adaptime_3227291 launch_id=selena_adaptime_3275021 slurm_job_id=3275021 launched_at=2026-09-09T13:15:05.194469+00:00
/fslarge/scratch/users/h61084/codes/adaptime/outputs/adaptime/adaptations/ridge/univariate/EWELD_Load/15T/medium/run_0/model/model_manifest.json
TIME run allocation action=skip run=/fslarge/scratch/users/h61084/codes/adaptime/outputs/adaptime/adaptations/ridge/univariate/EWELD_Load/15T/long/run_0 source_launch=selena_adaptime_3227291 launch_id=selena_adaptime_3275021 slurm_job_id=3275021 launched_at=2026-09-09T13:15:05.207317+00:00
/fslarge/scratch/users/h61084/codes/adaptime/outputs/adaptime/adaptations/ridge/univariate/EWELD_Load/15T/long/run_0/model/model_manifest.json
TIME run allocation action=skip run=/fslarge/scratch/users/h61084/codes/adaptime/outputs/adaptime/adaptations/ridge/univariate/SG_Carpark/15T/short/run_0 source_launch=selena_adaptime_3227291 launch_id=selena_adaptime_3275021 slurm_job_id=3275021 launched_at=2026-09-09T13:15:05.221114+00:00
/fslarge/scratch/users/h61084/codes/adaptime/outputs/adaptime/adaptations/ridge/univariate/SG_Carpark/15T/short/run_0/model/model_manifest.json
TIME run allocation action=skip run=/fslarge/scratch/users/h61084/codes/adaptime/outputs/adaptime/adaptations/ridge/univariate/SG_Carpark/15T/medium/run_0 source_launch=selena_adaptime_3227291 launch_id=selena_adaptime_3275021 slurm_job_id=3275021 launched_at=2026-09-09T13:15:05.234495+00:00
/fslarge/scratch/users/h61084/codes/adaptime/outputs/adaptime/adaptations/ridge/univariate/SG_Carpark/15T/medium/run_0/model/model_manifest.json
TIME run allocation action=skip run=/fslarge/scratch/users/h61084/codes/adaptime/outputs/adaptime/adaptations/ridge/univariate/SG_Carpark/15T/long/run_0 source_launch=selena_adaptime_3227291 launch_id=selena_adaptime_3275021 slurm_job_id=3275021 launched_at=2026-09-09T13:15:05.248064+00:00
/fslarge/scratch/users/h61084/codes/adaptime/outputs/adaptime/adaptations/ridge/univariate/SG_Carpark/15T/long/run_0/model/model_manifest.json
TIME run allocation action=skip run=/fslarge/scratch/users/h61084/codes/adaptime/outputs/adaptime/adaptations/ridge/univariate/Finland_Traffic/15T/short/run_0 source_launch=selena_adaptime_3227291 launch_id=selena_adaptime_3275021 slurm_job_id=3275021 launched_at=2026-09-09T13:15:05.262091+00:00
/fslarge/scratch/users/h61084/codes/adaptime/outputs/adaptime/adaptations/ridge/univariate/Finland_Traffic/15T/short/run_0/model/model_manifest.json
TIME run allocation action=skip run=/fslarge/scratch/users/h61084/codes/adaptime/outputs/adaptime/adaptations/ridge/univariate/Finland_Traffic/15T/medium/run_0 source_launch=selena_adaptime_3227291 launch_id=selena_adaptime_3275021 slurm_job_id=3275021 launched_at=2026-09-09T13:15:05.275716+00:00
/fslarge/scratch/users/h61084/codes/adaptime/outputs/adaptime/adaptations/ridge/univariate/Finland_Traffic/15T/medium/run_0/model/model_manifest.json
TIME run allocation action=skip run=/fslarge/scratch/users/h61084/codes/adaptime/outputs/adaptime/adaptations/ridge/univariate/Finland_Traffic/15T/long/run_0 source_launch=selena_adaptime_3227291 launch_id=selena_adaptime_3275021 slurm_job_id=3275021 launched_at=2026-09-09T13:15:05.289314+00:00
/fslarge/scratch/users/h61084/codes/adaptime/outputs/adaptime/adaptations/ridge/univariate/Finland_Traffic/15T/long/run_0/model/model_manifest.json
TIME run allocation action=skip run=/fslarge/scratch/users/h61084/codes/adaptime/outputs/adaptime/adaptations/ridge/univariate/Port_Activity/D/short/run_0 source_launch=selena_adaptime_3227291 launch_id=selena_adaptime_3275021 slurm_job_id=3275021 launched_at=2026-09-09T13:15:05.303317+00:00
/fslarge/scratch/users/h61084/codes/adaptime/outputs/adaptime/adaptations/ridge/univariate/Port_Activity/D/short/run_0/model/model_manifest.json
TIME run allocation action=skip run=/fslarge/scratch/users/h61084/codes/adaptime/outputs/adaptime/adaptations/ridge/univariate/Port_Activity/W/short/run_0 source_launch=selena_adaptime_3227291 launch_id=selena_adaptime_3275021 slurm_job_id=3275021 launched_at=2026-09-09T13:15:05.316990+00:00
/fslarge/scratch/users/h61084/codes/adaptime/outputs/adaptime/adaptations/ridge/univariate/Port_Activity/W/short/run_0/model/model_manifest.json
TIME run allocation action=skip run=/fslarge/scratch/users/h61084/codes/adaptime/outputs/adaptime/adaptations/ridge/univariate/ECDC_COVID/D/short/run_0 source_launch=selena_adaptime_3227291 launch_id=selena_adaptime_3275021 slurm_job_id=3275021 launched_at=2026-09-09T13:15:05.330628+00:00
/fslarge/scratch/users/h61084/codes/adaptime/outputs/adaptime/adaptations/ridge/univariate/ECDC_COVID/D/short/run_0/model/model_manifest.json
TIME run allocation action=skip run=/fslarge/scratch/users/h61084/codes/adaptime/outputs/adaptime/adaptations/ridge/univariate/ECDC_COVID/W/short/run_0 source_launch=selena_adaptime_3227291 launch_id=selena_adaptime_3275021 slurm_job_id=3275021 launched_at=2026-09-09T13:15:05.344340+00:00
/fslarge/scratch/users/h61084/codes/adaptime/outputs/adaptime/adaptations/ridge/univariate/ECDC_COVID/W/short/run_0/model/model_manifest.json
TIME run allocation action=skip run=/fslarge/scratch/users/h61084/codes/adaptime/outputs/adaptime/adaptations/ridge/univariate/Global_Influenza/W/short/run_0 source_launch=selena_adaptime_3227291 launch_id=selena_adaptime_3275021 slurm_job_id=3275021 launched_at=2026-09-09T13:15:05.358051+00:00
/fslarge/scratch/users/h61084/codes/adaptime/outputs/adaptime/adaptations/ridge/univariate/Global_Influenza/W/short/run_0/model/model_manifest.json
TIME run allocation action=skip run=/fslarge/scratch/users/h61084/codes/adaptime/outputs/adaptime/adaptations/ridge/univariate/Crypto/D/short/run_0 source_launch=selena_adaptime_3227291 launch_id=selena_adaptime_3275021 slurm_job_id=3275021 launched_at=2026-09-09T13:15:05.371663+00:00
/fslarge/scratch/users/h61084/codes/adaptime/outputs/adaptime/adaptations/ridge/univariate/Crypto/D/short/run_0/model/model_manifest.json
TIME run allocation action=skip run=/fslarge/scratch/users/h61084/codes/adaptime/outputs/adaptime/adaptations/ridge/univariate/US_Term_Structure/B/short/run_0 source_launch=selena_adaptime_3227291 launch_id=selena_adaptime_3275021 slurm_job_id=3275021 launched_at=2026-09-09T13:15:05.385347+00:00
/fslarge/scratch/users/h61084/codes/adaptime/outputs/adaptime/adaptations/ridge/univariate/US_Term_Structure/B/short/run_0/model/model_manifest.json
TIME run allocation action=skip run=/fslarge/scratch/users/h61084/codes/adaptime/outputs/adaptime/adaptations/ridge/univariate/Oil_Price/B/short/run_0 source_launch=selena_adaptime_3227291 launch_id=selena_adaptime_3275021 slurm_job_id=3275021 launched_at=2026-09-09T13:15:05.399062+00:00
/fslarge/scratch/users/h61084/codes/adaptime/outputs/adaptime/adaptations/ridge/univariate/Oil_Price/B/short/run_0/model/model_manifest.json
TIME run allocation action=skip run=/fslarge/scratch/users/h61084/codes/adaptime/outputs/adaptime/adaptations/ridge/univariate/Job_Claims/W/short/run_0 source_launch=selena_adaptime_3227291 launch_id=selena_adaptime_3275021 slurm_job_id=3275021 launched_at=2026-09-09T13:15:05.413181+00:00
/fslarge/scratch/users/h61084/codes/adaptime/outputs/adaptime/adaptations/ridge/univariate/Job_Claims/W/short/run_0/model/model_manifest.json
TIME run allocation action=skip run=/fslarge/scratch/users/h61084/codes/adaptime/outputs/adaptime/adaptations/ridge/univariate/Uncertainty_1M/M/short/run_0 source_launch=selena_adaptime_3227291 launch_id=selena_adaptime_3275021 slurm_job_id=3275021 launched_at=2026-09-09T13:15:05.426661+00:00
/fslarge/scratch/users/h61084/codes/adaptime/outputs/adaptime/adaptations/ridge/univariate/Uncertainty_1M/M/short/run_0/model/model_manifest.json
TIME run allocation action=skip run=/fslarge/scratch/users/h61084/codes/adaptime/outputs/adaptime/adaptations/ridge/univariate/Housing_Inventory/M/short/run_0 source_launch=selena_adaptime_3227291 launch_id=selena_adaptime_3275021 slurm_job_id=3275021 launched_at=2026-09-09T13:15:05.441617+00:00
/fslarge/scratch/users/h61084/codes/adaptime/outputs/adaptime/adaptations/ridge/univariate/Housing_Inventory/M/short/run_0/model/model_manifest.json
TIME run allocation action=skip run=/fslarge/scratch/users/h61084/codes/adaptime/outputs/adaptime/adaptations/ridge/univariate/JOLTS/M/short/run_0 source_launch=selena_adaptime_3227291 launch_id=selena_adaptime_3275021 slurm_job_id=3275021 launched_at=2026-09-09T13:15:05.455609+00:00
/fslarge/scratch/users/h61084/codes/adaptime/outputs/adaptime/adaptations/ridge/univariate/JOLTS/M/short/run_0/model/model_manifest.json
TIME run allocation action=skip run=/fslarge/scratch/users/h61084/codes/adaptime/outputs/adaptime/adaptations/ridge/univariate/US_Labor/M/short/run_0 source_launch=selena_adaptime_3227291 launch_id=selena_adaptime_3275021 slurm_job_id=3275021 launched_at=2026-09-09T13:15:05.469101+00:00
/fslarge/scratch/users/h61084/codes/adaptime/outputs/adaptime/adaptations/ridge/univariate/US_Labor/M/short/run_0/model/model_manifest.json
TIME run allocation action=skip run=/fslarge/scratch/users/h61084/codes/adaptime/outputs/adaptime/adaptations/ridge/univariate/Vehicle_Supply/M/short/run_0 source_launch=selena_adaptime_3227291 launch_id=selena_adaptime_3275021 slurm_job_id=3275021 launched_at=2026-09-09T13:15:05.482750+00:00
/fslarge/scratch/users/h61084/codes/adaptime/outputs/adaptime/adaptations/ridge/univariate/Vehicle_Supply/M/short/run_0/model/model_manifest.json
TIME run allocation action=skip run=/fslarge/scratch/users/h61084/codes/adaptime/outputs/adaptime/adaptations/ridge/univariate/Auto_Production_SF/M/short/run_0 source_launch=selena_adaptime_3227291 launch_id=selena_adaptime_3275021 slurm_job_id=3275021 launched_at=2026-09-09T13:15:05.496682+00:00
/fslarge/scratch/users/h61084/codes/adaptime/outputs/adaptime/adaptations/ridge/univariate/Auto_Production_SF/M/short/run_0/model/model_manifest.json
TIME run allocation action=skip run=/fslarge/scratch/users/h61084/codes/adaptime/outputs/adaptime/adaptations/ridge/univariate/Commodity_Production/M/short/run_0 source_launch=selena_adaptime_3227291 launch_id=selena_adaptime_3275021 slurm_job_id=3275021 launched_at=2026-09-09T13:15:05.510205+00:00
/fslarge/scratch/users/h61084/codes/adaptime/outputs/adaptime/adaptations/ridge/univariate/Commodity_Production/M/short/run_0/model/model_manifest.json
TIME run allocation action=skip run=/fslarge/scratch/users/h61084/codes/adaptime/outputs/adaptime/adaptations/ridge/univariate/Commodity_Import/M/short/run_0 source_launch=selena_adaptime_3227291 launch_id=selena_adaptime_3275021 slurm_job_id=3275021 launched_at=2026-09-09T13:15:05.523988+00:00
/fslarge/scratch/users/h61084/codes/adaptime/outputs/adaptime/adaptations/ridge/univariate/Commodity_Import/M/short/run_0/model/model_manifest.json
TIME run allocation action=skip run=/fslarge/scratch/users/h61084/codes/adaptime/outputs/adaptime/adaptations/ridge/univariate/WUI_Global/Q/short/run_0 source_launch=selena_adaptime_3227291 launch_id=selena_adaptime_3275021 slurm_job_id=3275021 launched_at=2026-09-09T13:15:05.537748+00:00
/fslarge/scratch/users/h61084/codes/adaptime/outputs/adaptime/adaptations/ridge/univariate/WUI_Global/Q/short/run_0/model/model_manifest.json
TIME run allocation action=skip run=/fslarge/scratch/users/h61084/codes/adaptime/outputs/adaptime/adaptations/ridge/univariate/Global_Price/Q/short/run_0 source_launch=selena_adaptime_3227291 launch_id=selena_adaptime_3275021 slurm_job_id=3275021 launched_at=2026-09-09T13:15:05.551093+00:00
/fslarge/scratch/users/h61084/codes/adaptime/outputs/adaptime/adaptations/ridge/univariate/Global_Price/Q/short/run_0/model/model_manifest.json
TIME run allocation action=skip run=/fslarge/scratch/users/h61084/codes/adaptime/outputs/adaptime/adaptations/ridge/univariate/Vehicle_Sales/M/short/run_0 source_launch=selena_adaptime_3227291 launch_id=selena_adaptime_3275021 slurm_job_id=3275021 launched_at=2026-09-09T13:15:05.564631+00:00
/fslarge/scratch/users/h61084/codes/adaptime/outputs/adaptime/adaptations/ridge/univariate/Vehicle_Sales/M/short/run_0/model/model_manifest.json
TIME run allocation action=skip run=/fslarge/scratch/users/h61084/codes/adaptime/outputs/adaptime/adaptations/ridge/univariate/Online_Retail_2_UCI/D/short/run_0 source_launch=selena_adaptime_3227291 launch_id=selena_adaptime_3275021 slurm_job_id=3275021 launched_at=2026-09-09T13:15:05.578256+00:00
/fslarge/scratch/users/h61084/codes/adaptime/outputs/adaptime/adaptations/ridge/univariate/Online_Retail_2_UCI/D/short/run_0/model/model_manifest.json
TIME run allocation action=skip run=/fslarge/scratch/users/h61084/codes/adaptime/outputs/adaptime/adaptations/ridge/univariate/Supply_Chain_Customer/D/short/run_0 source_launch=selena_adaptime_3227291 launch_id=selena_adaptime_3275021 slurm_job_id=3275021 launched_at=2026-09-09T13:15:05.591598+00:00
/fslarge/scratch/users/h61084/codes/adaptime/outputs/adaptime/adaptations/ridge/univariate/Supply_Chain_Customer/D/short/run_0/model/model_manifest.json
TIME run allocation action=skip run=/fslarge/scratch/users/h61084/codes/adaptime/outputs/adaptime/adaptations/ridge/univariate/Supply_Chain_Location/D/short/run_0 source_launch=selena_adaptime_3227291 launch_id=selena_adaptime_3275021 slurm_job_id=3275021 launched_at=2026-09-09T13:15:05.605216+00:00
/fslarge/scratch/users/h61084/codes/adaptime/outputs/adaptime/adaptations/ridge/univariate/Supply_Chain_Location/D/short/run_0/model/model_manifest.json
TIME run allocation action=skip run=/fslarge/scratch/users/h61084/codes/adaptime/outputs/adaptime/adaptations/ridge/univariate/azure2019_D/5T/short/run_0 source_launch=selena_adaptime_3227291 launch_id=selena_adaptime_3275021 slurm_job_id=3275021 launched_at=2026-09-09T13:15:05.618595+00:00
/fslarge/scratch/users/h61084/codes/adaptime/outputs/adaptime/adaptations/ridge/univariate/azure2019_D/5T/short/run_0/model/model_manifest.json
TIME run allocation action=skip run=/fslarge/scratch/users/h61084/codes/adaptime/outputs/adaptime/adaptations/ridge/univariate/azure2019_I/5T/short/run_0 source_launch=selena_adaptime_3227291 launch_id=selena_adaptime_3275021 slurm_job_id=3275021 launched_at=2026-09-09T13:15:05.632192+00:00
/fslarge/scratch/users/h61084/codes/adaptime/outputs/adaptime/adaptations/ridge/univariate/azure2019_I/5T/short/run_0/model/model_manifest.json
TIME run allocation action=skip run=/fslarge/scratch/users/h61084/codes/adaptime/outputs/adaptime/adaptations/ridge/univariate/azure2019_U/5T/short/run_0 source_launch=selena_adaptime_3227291 launch_id=selena_adaptime_3275021 slurm_job_id=3275021 launched_at=2026-09-09T13:15:05.645697+00:00
/fslarge/scratch/users/h61084/codes/adaptime/outputs/adaptime/adaptations/ridge/univariate/azure2019_U/5T/short/run_0/model/model_manifest.json
TIME run allocation action=skip run=/fslarge/scratch/users/h61084/codes/adaptime/outputs/adaptime/adaptations/ridge/univariate/Smart_Manufacturing/H/short/run_0 source_launch=selena_adaptime_3227291 launch_id=selena_adaptime_3275021 slurm_job_id=3275021 launched_at=2026-09-09T13:15:05.659284+00:00
/fslarge/scratch/users/h61084/codes/adaptime/outputs/adaptime/adaptations/ridge/univariate/Smart_Manufacturing/H/short/run_0/model/model_manifest.json
TIME run allocation action=skip run=/fslarge/scratch/users/h61084/codes/adaptime/outputs/adaptime/adaptations/ridge/univariate/Smart_Manufacturing/H/medium/run_0 source_launch=selena_adaptime_3227291 launch_id=selena_adaptime_3275021 slurm_job_id=3275021 launched_at=2026-09-09T13:15:05.672267+00:00
/fslarge/scratch/users/h61084/codes/adaptime/outputs/adaptime/adaptations/ridge/univariate/Smart_Manufacturing/H/medium/run_0/model/model_manifest.json
TIME run allocation action=skip run=/fslarge/scratch/users/h61084/codes/adaptime/outputs/adaptime/adaptations/ridge/univariate/Smart_Manufacturing/H/long/run_0 source_launch=selena_adaptime_3227291 launch_id=selena_adaptime_3275021 slurm_job_id=3275021 launched_at=2026-09-09T13:15:05.685679+00:00
/fslarge/scratch/users/h61084/codes/adaptime/outputs/adaptime/adaptations/ridge/univariate/Smart_Manufacturing/H/long/run_0/model/model_manifest.json
TIME run allocation action=skip run=/fslarge/scratch/users/h61084/codes/adaptime/outputs/adaptime/adaptations/ridge/univariate/MetroPT-3/5T/short/run_0 source_launch=selena_adaptime_3227291 launch_id=selena_adaptime_3275021 slurm_job_id=3275021 launched_at=2026-09-09T13:15:05.699587+00:00
/fslarge/scratch/users/h61084/codes/adaptime/outputs/adaptime/adaptations/ridge/univariate/MetroPT-3/5T/short/run_0/model/model_manifest.json
TIME run allocation action=skip run=/fslarge/scratch/users/h61084/codes/adaptime/outputs/adaptime/adaptations/ridge/univariate/MetroPT-3/5T/medium/run_0 source_launch=selena_adaptime_3227291 launch_id=selena_adaptime_3275021 slurm_job_id=3275021 launched_at=2026-09-09T13:15:05.713088+00:00
/fslarge/scratch/users/h61084/codes/adaptime/outputs/adaptime/adaptations/ridge/univariate/MetroPT-3/5T/medium/run_0/model/model_manifest.json
TIME run allocation action=skip run=/fslarge/scratch/users/h61084/codes/adaptime/outputs/adaptime/adaptations/ridge/univariate/MetroPT-3/5T/long/run_0 source_launch=selena_adaptime_3227291 launch_id=selena_adaptime_3275021 slurm_job_id=3275021 launched_at=2026-09-09T13:15:05.726384+00:00
/fslarge/scratch/users/h61084/codes/adaptime/outputs/adaptime/adaptations/ridge/univariate/MetroPT-3/5T/long/run_0/model/model_manifest.json
TIME run allocation action=skip run=/fslarge/scratch/users/h61084/codes/adaptime/outputs/adaptime/eval_extractions/ridge/univariate/Water_Quality_Darwin/15T/short/run_0 source_launch=selena_adaptime_3241621 launch_id=selena_adaptime_3275021 slurm_job_id=3275021 launched_at=2026-09-09T13:15:05.746441+00:00
/fslarge/scratch/users/h61084/codes/adaptime/outputs/adaptime/eval_extractions/ridge/univariate/Water_Quality_Darwin/15T/short/run_0/extraction/manifest.json
TIME run allocation action=skip run=/fslarge/scratch/users/h61084/codes/adaptime/outputs/adaptime/eval_extractions/ridge/univariate/Water_Quality_Darwin/15T/medium/run_0 source_launch=selena_adaptime_3241621 launch_id=selena_adaptime_3275021 slurm_job_id=3275021 launched_at=2026-09-09T13:15:05.764849+00:00
/fslarge/scratch/users/h61084/codes/adaptime/outputs/adaptime/eval_extractions/ridge/univariate/Water_Quality_Darwin/15T/medium/run_0/extraction/manifest.json
TIME run allocation action=skip run=/fslarge/scratch/users/h61084/codes/adaptime/outputs/adaptime/eval_extractions/ridge/univariate/Water_Quality_Darwin/15T/long/run_0 source_launch=selena_adaptime_3241621 launch_id=selena_adaptime_3275021 slurm_job_id=3275021 launched_at=2026-09-09T13:15:05.783165+00:00
/fslarge/scratch/users/h61084/codes/adaptime/outputs/adaptime/eval_extractions/ridge/univariate/Water_Quality_Darwin/15T/long/run_0/extraction/manifest.json
TIME run allocation action=skip run=/fslarge/scratch/users/h61084/codes/adaptime/outputs/adaptime/eval_extractions/ridge/univariate/current_velocity/5T/short/run_0 source_launch=selena_adaptime_3241621 launch_id=selena_adaptime_3275021 slurm_job_id=3275021 launched_at=2026-09-09T13:15:05.803902+00:00
/fslarge/scratch/users/h61084/codes/adaptime/outputs/adaptime/eval_extractions/ridge/univariate/current_velocity/5T/short/run_0/extraction/manifest.json
TIME run allocation action=skip run=/fslarge/scratch/users/h61084/codes/adaptime/outputs/adaptime/eval_extractions/ridge/univariate/current_velocity/5T/medium/run_0 source_launch=selena_adaptime_3241621 launch_id=selena_adaptime_3275021 slurm_job_id=3275021 launched_at=2026-09-09T13:15:05.822271+00:00
/fslarge/scratch/users/h61084/codes/adaptime/outputs/adaptime/eval_extractions/ridge/univariate/current_velocity/5T/medium/run_0/extraction/manifest.json
TIME run allocation action=skip run=/fslarge/scratch/users/h61084/codes/adaptime/outputs/adaptime/eval_extractions/ridge/univariate/current_velocity/5T/long/run_0 source_launch=selena_adaptime_3241621 launch_id=selena_adaptime_3275021 slurm_job_id=3275021 launched_at=2026-09-09T13:15:05.841564+00:00
/fslarge/scratch/users/h61084/codes/adaptime/outputs/adaptime/eval_extractions/ridge/univariate/current_velocity/5T/long/run_0/extraction/manifest.json
TIME run allocation action=skip run=/fslarge/scratch/users/h61084/codes/adaptime/outputs/adaptime/eval_extractions/ridge/univariate/current_velocity/10T/short/run_0 source_launch=selena_adaptime_3241621 launch_id=selena_adaptime_3275021 slurm_job_id=3275021 launched_at=2026-09-09T13:15:05.860072+00:00
/fslarge/scratch/users/h61084/codes/adaptime/outputs/adaptime/eval_extractions/ridge/univariate/current_velocity/10T/short/run_0/extraction/manifest.json
TIME run allocation action=skip run=/fslarge/scratch/users/h61084/codes/adaptime/outputs/adaptime/eval_extractions/ridge/univariate/current_velocity/10T/medium/run_0 source_launch=selena_adaptime_3241621 launch_id=selena_adaptime_3275021 slurm_job_id=3275021 launched_at=2026-09-09T13:15:05.878396+00:00
/fslarge/scratch/users/h61084/codes/adaptime/outputs/adaptime/eval_extractions/ridge/univariate/current_velocity/10T/medium/run_0/extraction/manifest.json
TIME run allocation action=skip run=/fslarge/scratch/users/h61084/codes/adaptime/outputs/adaptime/eval_extractions/ridge/univariate/current_velocity/10T/long/run_0 source_launch=selena_adaptime_3241621 launch_id=selena_adaptime_3275021 slurm_job_id=3275021 launched_at=2026-09-09T13:15:05.898817+00:00
/fslarge/scratch/users/h61084/codes/adaptime/outputs/adaptime/eval_extractions/ridge/univariate/current_velocity/10T/long/run_0/extraction/manifest.json
TIME run allocation action=skip run=/fslarge/scratch/users/h61084/codes/adaptime/outputs/adaptime/eval_extractions/ridge/univariate/current_velocity/15T/short/run_0 source_launch=selena_adaptime_3241621 launch_id=selena_adaptime_3275021 slurm_job_id=3275021 launched_at=2026-09-09T13:15:05.917542+00:00
/fslarge/scratch/users/h61084/codes/adaptime/outputs/adaptime/eval_extractions/ridge/univariate/current_velocity/15T/short/run_0/extraction/manifest.json
TIME run allocation action=skip run=/fslarge/scratch/users/h61084/codes/adaptime/outputs/adaptime/eval_extractions/ridge/univariate/current_velocity/15T/medium/run_0 source_launch=selena_adaptime_3241621 launch_id=selena_adaptime_3275021 slurm_job_id=3275021 launched_at=2026-09-09T13:15:05.935942+00:00
/fslarge/scratch/users/h61084/codes/adaptime/outputs/adaptime/eval_extractions/ridge/univariate/current_velocity/15T/medium/run_0/extraction/manifest.json
TIME run allocation action=skip run=/fslarge/scratch/users/h61084/codes/adaptime/outputs/adaptime/eval_extractions/ridge/univariate/current_velocity/15T/long/run_0 source_launch=selena_adaptime_3241621 launch_id=selena_adaptime_3275021 slurm_job_id=3275021 launched_at=2026-09-09T13:15:05.954436+00:00
/fslarge/scratch/users/h61084/codes/adaptime/outputs/adaptime/eval_extractions/ridge/univariate/current_velocity/15T/long/run_0/extraction/manifest.json
TIME run allocation action=skip run=/fslarge/scratch/users/h61084/codes/adaptime/outputs/adaptime/eval_extractions/ridge/univariate/current_velocity/20T/short/run_0 source_launch=selena_adaptime_3241621 launch_id=selena_adaptime_3275021 slurm_job_id=3275021 launched_at=2026-09-09T13:15:05.973376+00:00
/fslarge/scratch/users/h61084/codes/adaptime/outputs/adaptime/eval_extractions/ridge/univariate/current_velocity/20T/short/run_0/extraction/manifest.json
TIME run allocation action=skip run=/fslarge/scratch/users/h61084/codes/adaptime/outputs/adaptime/eval_extractions/ridge/univariate/current_velocity/20T/medium/run_0 source_launch=selena_adaptime_3241621 launch_id=selena_adaptime_3275021 slurm_job_id=3275021 launched_at=2026-09-09T13:15:05.991699+00:00
/fslarge/scratch/users/h61084/codes/adaptime/outputs/adaptime/eval_extractions/ridge/univariate/current_velocity/20T/medium/run_0/extraction/manifest.json
TIME run allocation action=skip run=/fslarge/scratch/users/h61084/codes/adaptime/outputs/adaptime/eval_extractions/ridge/univariate/current_velocity/20T/long/run_0 source_launch=selena_adaptime_3241621 launch_id=selena_adaptime_3275021 slurm_job_id=3275021 launched_at=2026-09-09T13:15:06.010331+00:00
/fslarge/scratch/users/h61084/codes/adaptime/outputs/adaptime/eval_extractions/ridge/univariate/current_velocity/20T/long/run_0/extraction/manifest.json
TIME run allocation action=skip run=/fslarge/scratch/users/h61084/codes/adaptime/outputs/adaptime/eval_extractions/ridge/univariate/current_velocity/H/short/run_0 source_launch=selena_adaptime_3241621 launch_id=selena_adaptime_3275021 slurm_job_id=3275021 launched_at=2026-09-09T13:15:06.030407+00:00
/fslarge/scratch/users/h61084/codes/adaptime/outputs/adaptime/eval_extractions/ridge/univariate/current_velocity/H/short/run_0/extraction/manifest.json
TIME run allocation action=skip run=/fslarge/scratch/users/h61084/codes/adaptime/outputs/adaptime/eval_extractions/ridge/univariate/current_velocity/H/medium/run_0 source_launch=selena_adaptime_3241621 launch_id=selena_adaptime_3275021 slurm_job_id=3275021 launched_at=2026-09-09T13:15:06.049237+00:00
/fslarge/scratch/users/h61084/codes/adaptime/outputs/adaptime/eval_extractions/ridge/univariate/current_velocity/H/medium/run_0/extraction/manifest.json
TIME run allocation action=skip run=/fslarge/scratch/users/h61084/codes/adaptime/outputs/adaptime/eval_extractions/ridge/univariate/current_velocity/H/long/run_0 source_launch=selena_adaptime_3241621 launch_id=selena_adaptime_3275021 slurm_job_id=3275021 launched_at=2026-09-09T13:15:06.067261+00:00
/fslarge/scratch/users/h61084/codes/adaptime/outputs/adaptime/eval_extractions/ridge/univariate/current_velocity/H/long/run_0/extraction/manifest.json
TIME run allocation action=skip run=/fslarge/scratch/users/h61084/codes/adaptime/outputs/adaptime/eval_extractions/ridge/univariate/CPHL/15T/short/run_0 source_launch=selena_adaptime_3241621 launch_id=selena_adaptime_3275021 slurm_job_id=3275021 launched_at=2026-09-09T13:15:06.085908+00:00
/fslarge/scratch/users/h61084/codes/adaptime/outputs/adaptime/eval_extractions/ridge/univariate/CPHL/15T/short/run_0/extraction/manifest.json
TIME run allocation action=skip run=/fslarge/scratch/users/h61084/codes/adaptime/outputs/adaptime/eval_extractions/ridge/univariate/CPHL/15T/medium/run_0 source_launch=selena_adaptime_3241621 launch_id=selena_adaptime_3275021 slurm_job_id=3275021 launched_at=2026-09-09T13:15:06.104526+00:00
/fslarge/scratch/users/h61084/codes/adaptime/outputs/adaptime/eval_extractions/ridge/univariate/CPHL/15T/medium/run_0/extraction/manifest.json
TIME run allocation action=skip run=/fslarge/scratch/users/h61084/codes/adaptime/outputs/adaptime/eval_extractions/ridge/univariate/CPHL/15T/long/run_0 source_launch=selena_adaptime_3241621 launch_id=selena_adaptime_3275021 slurm_job_id=3275021 launched_at=2026-09-09T13:15:06.124157+00:00
/fslarge/scratch/users/h61084/codes/adaptime/outputs/adaptime/eval_extractions/ridge/univariate/CPHL/15T/long/run_0/extraction/manifest.json
TIME run allocation action=skip run=/fslarge/scratch/users/h61084/codes/adaptime/outputs/adaptime/eval_extractions/ridge/univariate/CPHL/30T/short/run_0 source_launch=selena_adaptime_3241621 launch_id=selena_adaptime_3275021 slurm_job_id=3275021 launched_at=2026-09-09T13:15:06.143418+00:00
/fslarge/scratch/users/h61084/codes/adaptime/outputs/adaptime/eval_extractions/ridge/univariate/CPHL/30T/short/run_0/extraction/manifest.json
TIME run allocation action=skip run=/fslarge/scratch/users/h61084/codes/adaptime/outputs/adaptime/eval_extractions/ridge/univariate/CPHL/30T/medium/run_0 source_launch=selena_adaptime_3241621 launch_id=selena_adaptime_3275021 slurm_job_id=3275021 launched_at=2026-09-09T13:15:06.161913+00:00
/fslarge/scratch/users/h61084/codes/adaptime/outputs/adaptime/eval_extractions/ridge/univariate/CPHL/30T/medium/run_0/extraction/manifest.json
TIME run allocation action=skip run=/fslarge/scratch/users/h61084/codes/adaptime/outputs/adaptime/eval_extractions/ridge/univariate/CPHL/30T/long/run_0 source_launch=selena_adaptime_3241621 launch_id=selena_adaptime_3275021 slurm_job_id=3275021 launched_at=2026-09-09T13:15:06.180426+00:00
/fslarge/scratch/users/h61084/codes/adaptime/outputs/adaptime/eval_extractions/ridge/univariate/CPHL/30T/long/run_0/extraction/manifest.json
TIME run allocation action=skip run=/fslarge/scratch/users/h61084/codes/adaptime/outputs/adaptime/eval_extractions/ridge/univariate/CPHL/H/short/run_0 source_launch=selena_adaptime_3241621 launch_id=selena_adaptime_3275021 slurm_job_id=3275021 launched_at=2026-09-09T13:15:06.199404+00:00
/fslarge/scratch/users/h61084/codes/adaptime/outputs/adaptime/eval_extractions/ridge/univariate/CPHL/H/short/run_0/extraction/manifest.json
TIME run allocation action=skip run=/fslarge/scratch/users/h61084/codes/adaptime/outputs/adaptime/eval_extractions/ridge/univariate/CPHL/H/medium/run_0 source_launch=selena_adaptime_3241621 launch_id=selena_adaptime_3275021 slurm_job_id=3275021 launched_at=2026-09-09T13:15:06.217815+00:00
/fslarge/scratch/users/h61084/codes/adaptime/outputs/adaptime/eval_extractions/ridge/univariate/CPHL/H/medium/run_0/extraction/manifest.json
TIME run allocation action=skip run=/fslarge/scratch/users/h61084/codes/adaptime/outputs/adaptime/eval_extractions/ridge/univariate/CPHL/H/long/run_0 source_launch=selena_adaptime_3241621 launch_id=selena_adaptime_3275021 slurm_job_id=3275021 launched_at=2026-09-09T13:15:06.235667+00:00
/fslarge/scratch/users/h61084/codes/adaptime/outputs/adaptime/eval_extractions/ridge/univariate/CPHL/H/long/run_0/extraction/manifest.json
TIME run allocation action=skip run=/fslarge/scratch/users/h61084/codes/adaptime/outputs/adaptime/eval_extractions/ridge/univariate/Coastal_T_S/5T/short/run_0 source_launch=selena_adaptime_3241621 launch_id=selena_adaptime_3275021 slurm_job_id=3275021 launched_at=2026-09-09T13:15:06.254165+00:00
/fslarge/scratch/users/h61084/codes/adaptime/outputs/adaptime/eval_extractions/ridge/univariate/Coastal_T_S/5T/short/run_0/extraction/manifest.json
TIME run allocation action=skip run=/fslarge/scratch/users/h61084/codes/adaptime/outputs/adaptime/eval_extractions/ridge/univariate/Coastal_T_S/5T/medium/run_0 source_launch=selena_adaptime_3241621 launch_id=selena_adaptime_3275021 slurm_job_id=3275021 launched_at=2026-09-09T13:15:06.272792+00:00
/fslarge/scratch/users/h61084/codes/adaptime/outputs/adaptime/eval_extractions/ridge/univariate/Coastal_T_S/5T/medium/run_0/extraction/manifest.json
TIME run allocation action=skip run=/fslarge/scratch/users/h61084/codes/adaptime/outputs/adaptime/eval_extractions/ridge/univariate/Coastal_T_S/5T/long/run_0 source_launch=selena_adaptime_3241621 launch_id=selena_adaptime_3275021 slurm_job_id=3275021 launched_at=2026-09-09T13:15:06.291678+00:00
/fslarge/scratch/users/h61084/codes/adaptime/outputs/adaptime/eval_extractions/ridge/univariate/Coastal_T_S/5T/long/run_0/extraction/manifest.json
TIME run allocation action=skip run=/fslarge/scratch/users/h61084/codes/adaptime/outputs/adaptime/eval_extractions/ridge/univariate/Coastal_T_S/15T/short/run_0 source_launch=selena_adaptime_3241621 launch_id=selena_adaptime_3275021 slurm_job_id=3275021 launched_at=2026-09-09T13:15:06.310048+00:00
/fslarge/scratch/users/h61084/codes/adaptime/outputs/adaptime/eval_extractions/ridge/univariate/Coastal_T_S/15T/short/run_0/extraction/manifest.json
TIME run allocation action=skip run=/fslarge/scratch/users/h61084/codes/adaptime/outputs/adaptime/eval_extractions/ridge/univariate/Coastal_T_S/15T/medium/run_0 source_launch=selena_adaptime_3241621 launch_id=selena_adaptime_3275021 slurm_job_id=3275021 launched_at=2026-09-09T13:15:06.328660+00:00
/fslarge/scratch/users/h61084/codes/adaptime/outputs/adaptime/eval_extractions/ridge/univariate/Coastal_T_S/15T/medium/run_0/extraction/manifest.json
TIME run allocation action=skip run=/fslarge/scratch/users/h61084/codes/adaptime/outputs/adaptime/eval_extractions/ridge/univariate/Coastal_T_S/15T/long/run_0 source_launch=selena_adaptime_3241621 launch_id=selena_adaptime_3275021 slurm_job_id=3275021 launched_at=2026-09-09T13:15:06.347242+00:00
/fslarge/scratch/users/h61084/codes/adaptime/outputs/adaptime/eval_extractions/ridge/univariate/Coastal_T_S/15T/long/run_0/extraction/manifest.json
TIME run allocation action=skip run=/fslarge/scratch/users/h61084/codes/adaptime/outputs/adaptime/eval_extractions/ridge/univariate/Coastal_T_S/20T/short/run_0 source_launch=selena_adaptime_3241621 launch_id=selena_adaptime_3275021 slurm_job_id=3275021 launched_at=2026-09-09T13:15:06.366020+00:00
/fslarge/scratch/users/h61084/codes/adaptime/outputs/adaptime/eval_extractions/ridge/univariate/Coastal_T_S/20T/short/run_0/extraction/manifest.json
TIME run allocation action=skip run=/fslarge/scratch/users/h61084/codes/adaptime/outputs/adaptime/eval_extractions/ridge/univariate/Coastal_T_S/20T/medium/run_0 source_launch=selena_adaptime_3241621 launch_id=selena_adaptime_3275021 slurm_job_id=3275021 launched_at=2026-09-09T13:15:06.384188+00:00
/fslarge/scratch/users/h61084/codes/adaptime/outputs/adaptime/eval_extractions/ridge/univariate/Coastal_T_S/20T/medium/run_0/extraction/manifest.json
TIME run allocation action=skip run=/fslarge/scratch/users/h61084/codes/adaptime/outputs/adaptime/eval_extractions/ridge/univariate/Coastal_T_S/20T/long/run_0 source_launch=selena_adaptime_3241621 launch_id=selena_adaptime_3275021 slurm_job_id=3275021 launched_at=2026-09-09T13:15:06.402418+00:00
/fslarge/scratch/users/h61084/codes/adaptime/outputs/adaptime/eval_extractions/ridge/univariate/Coastal_T_S/20T/long/run_0/extraction/manifest.json
TIME run allocation action=skip run=/fslarge/scratch/users/h61084/codes/adaptime/outputs/adaptime/eval_extractions/ridge/univariate/Coastal_T_S/H/short/run_0 source_launch=selena_adaptime_3241621 launch_id=selena_adaptime_3275021 slurm_job_id=3275021 launched_at=2026-09-09T13:15:06.421813+00:00
/fslarge/scratch/users/h61084/codes/adaptime/outputs/adaptime/eval_extractions/ridge/univariate/Coastal_T_S/H/short/run_0/extraction/manifest.json
TIME run allocation action=skip run=/fslarge/scratch/users/h61084/codes/adaptime/outputs/adaptime/eval_extractions/ridge/univariate/Coastal_T_S/H/medium/run_0 source_launch=selena_adaptime_3241621 launch_id=selena_adaptime_3275021 slurm_job_id=3275021 launched_at=2026-09-09T13:15:06.440309+00:00
/fslarge/scratch/users/h61084/codes/adaptime/outputs/adaptime/eval_extractions/ridge/univariate/Coastal_T_S/H/medium/run_0/extraction/manifest.json
TIME run allocation action=skip run=/fslarge/scratch/users/h61084/codes/adaptime/outputs/adaptime/eval_extractions/ridge/univariate/Coastal_T_S/H/long/run_0 source_launch=selena_adaptime_3241621 launch_id=selena_adaptime_3275021 slurm_job_id=3275021 launched_at=2026-09-09T13:15:06.459083+00:00
/fslarge/scratch/users/h61084/codes/adaptime/outputs/adaptime/eval_extractions/ridge/univariate/Coastal_T_S/H/long/run_0/extraction/manifest.json
TIME run allocation action=skip run=/fslarge/scratch/users/h61084/codes/adaptime/outputs/adaptime/eval_extractions/ridge/univariate/SG_Weather/D/short/run_0 source_launch=selena_adaptime_3241621 launch_id=selena_adaptime_3275021 slurm_job_id=3275021 launched_at=2026-09-09T13:15:06.477567+00:00
/fslarge/scratch/users/h61084/codes/adaptime/outputs/adaptime/eval_extractions/ridge/univariate/SG_Weather/D/short/run_0/extraction/manifest.json
TIME run allocation action=skip run=/fslarge/scratch/users/h61084/codes/adaptime/outputs/adaptime/eval_extractions/ridge/univariate/SG_Weather/D/medium/run_0 source_launch=selena_adaptime_3241621 launch_id=selena_adaptime_3275021 slurm_job_id=3275021 launched_at=2026-09-09T13:15:06.495730+00:00
/fslarge/scratch/users/h61084/codes/adaptime/outputs/adaptime/eval_extractions/ridge/univariate/SG_Weather/D/medium/run_0/extraction/manifest.json
TIME run allocation action=skip run=/fslarge/scratch/users/h61084/codes/adaptime/outputs/adaptime/eval_extractions/ridge/univariate/SG_Weather/D/long/run_0 source_launch=selena_adaptime_3241621 launch_id=selena_adaptime_3275021 slurm_job_id=3275021 launched_at=2026-09-09T13:15:06.513890+00:00
/fslarge/scratch/users/h61084/codes/adaptime/outputs/adaptime/eval_extractions/ridge/univariate/SG_Weather/D/long/run_0/extraction/manifest.json
TIME run allocation action=skip run=/fslarge/scratch/users/h61084/codes/adaptime/outputs/adaptime/eval_extractions/ridge/univariate/SG_PM25/H/short/run_0 source_launch=selena_adaptime_3241621 launch_id=selena_adaptime_3275021 slurm_job_id=3275021 launched_at=2026-09-09T13:15:06.532658+00:00
/fslarge/scratch/users/h61084/codes/adaptime/outputs/adaptime/eval_extractions/ridge/univariate/SG_PM25/H/short/run_0/extraction/manifest.json
TIME run allocation action=skip run=/fslarge/scratch/users/h61084/codes/adaptime/outputs/adaptime/eval_extractions/ridge/univariate/SG_PM25/H/medium/run_0 source_launch=selena_adaptime_3241621 launch_id=selena_adaptime_3275021 slurm_job_id=3275021 launched_at=2026-09-09T13:15:06.551269+00:00
/fslarge/scratch/users/h61084/codes/adaptime/outputs/adaptime/eval_extractions/ridge/univariate/SG_PM25/H/medium/run_0/extraction/manifest.json
TIME run allocation action=skip run=/fslarge/scratch/users/h61084/codes/adaptime/outputs/adaptime/eval_extractions/ridge/univariate/SG_PM25/H/long/run_0 source_launch=selena_adaptime_3241621 launch_id=selena_adaptime_3275021 slurm_job_id=3275021 launched_at=2026-09-09T13:15:06.570098+00:00
/fslarge/scratch/users/h61084/codes/adaptime/outputs/adaptime/eval_extractions/ridge/univariate/SG_PM25/H/long/run_0/extraction/manifest.json
TIME run allocation action=skip run=/fslarge/scratch/users/h61084/codes/adaptime/outputs/adaptime/eval_extractions/ridge/univariate/NE_China_Wind/H/short/run_0 source_launch=selena_adaptime_3241621 launch_id=selena_adaptime_3275021 slurm_job_id=3275021 launched_at=2026-09-09T13:15:06.588447+00:00
/fslarge/scratch/users/h61084/codes/adaptime/outputs/adaptime/eval_extractions/ridge/univariate/NE_China_Wind/H/short/run_0/extraction/manifest.json
TIME run allocation action=skip run=/fslarge/scratch/users/h61084/codes/adaptime/outputs/adaptime/eval_extractions/ridge/univariate/NE_China_Wind/H/medium/run_0 source_launch=selena_adaptime_3241621 launch_id=selena_adaptime_3275021 slurm_job_id=3275021 launched_at=2026-09-09T13:15:06.607025+00:00
/fslarge/scratch/users/h61084/codes/adaptime/outputs/adaptime/eval_extractions/ridge/univariate/NE_China_Wind/H/medium/run_0/extraction/manifest.json
TIME run allocation action=skip run=/fslarge/scratch/users/h61084/codes/adaptime/outputs/adaptime/eval_extractions/ridge/univariate/NE_China_Wind/H/long/run_0 source_launch=selena_adaptime_3241621 launch_id=selena_adaptime_3275021 slurm_job_id=3275021 launched_at=2026-09-09T13:15:06.624912+00:00
/fslarge/scratch/users/h61084/codes/adaptime/outputs/adaptime/eval_extractions/ridge/univariate/NE_China_Wind/H/long/run_0/extraction/manifest.json
TIME run allocation action=skip run=/fslarge/scratch/users/h61084/codes/adaptime/outputs/adaptime/eval_extractions/ridge/univariate/Australia_Solar/H/short/run_0 source_launch=selena_adaptime_3241621 launch_id=selena_adaptime_3275021 slurm_job_id=3275021 launched_at=2026-09-09T13:15:06.644722+00:00
/fslarge/scratch/users/h61084/codes/adaptime/outputs/adaptime/eval_extractions/ridge/univariate/Australia_Solar/H/short/run_0/extraction/manifest.json
TIME run allocation action=skip run=/fslarge/scratch/users/h61084/codes/adaptime/outputs/adaptime/eval_extractions/ridge/univariate/Australia_Solar/H/medium/run_0 source_launch=selena_adaptime_3241621 launch_id=selena_adaptime_3275021 slurm_job_id=3275021 launched_at=2026-09-09T13:15:06.664263+00:00
/fslarge/scratch/users/h61084/codes/adaptime/outputs/adaptime/eval_extractions/ridge/univariate/Australia_Solar/H/medium/run_0/extraction/manifest.json
TIME run allocation action=skip run=/fslarge/scratch/users/h61084/codes/adaptime/outputs/adaptime/eval_extractions/ridge/univariate/Australia_Solar/H/long/run_0 source_launch=selena_adaptime_3241621 launch_id=selena_adaptime_3275021 slurm_job_id=3275021 launched_at=2026-09-09T13:15:06.683021+00:00
/fslarge/scratch/users/h61084/codes/adaptime/outputs/adaptime/eval_extractions/ridge/univariate/Australia_Solar/H/long/run_0/extraction/manifest.json
TIME run allocation action=skip run=/fslarge/scratch/users/h61084/codes/adaptime/outputs/adaptime/eval_extractions/ridge/univariate/epf_electricity_price/H/short/run_0 source_launch=selena_adaptime_3241621 launch_id=selena_adaptime_3275021 slurm_job_id=3275021 launched_at=2026-09-09T13:15:06.702280+00:00
/fslarge/scratch/users/h61084/codes/adaptime/outputs/adaptime/eval_extractions/ridge/univariate/epf_electricity_price/H/short/run_0/extraction/manifest.json
TIME run allocation action=skip run=/fslarge/scratch/users/h61084/codes/adaptime/outputs/adaptime/eval_extractions/ridge/univariate/epf_electricity_price/H/medium/run_0 source_launch=selena_adaptime_3241621 launch_id=selena_adaptime_3275021 slurm_job_id=3275021 launched_at=2026-09-09T13:15:06.726211+00:00
/fslarge/scratch/users/h61084/codes/adaptime/outputs/adaptime/eval_extractions/ridge/univariate/epf_electricity_price/H/medium/run_0/extraction/manifest.json
TIME run allocation action=skip run=/fslarge/scratch/users/h61084/codes/adaptime/outputs/adaptime/eval_extractions/ridge/univariate/epf_electricity_price/H/long/run_0 source_launch=selena_adaptime_3241621 launch_id=selena_adaptime_3275021 slurm_job_id=3275021 launched_at=2026-09-09T13:15:06.745150+00:00
/fslarge/scratch/users/h61084/codes/adaptime/outputs/adaptime/eval_extractions/ridge/univariate/epf_electricity_price/H/long/run_0/extraction/manifest.json
TIME run allocation action=skip run=/fslarge/scratch/users/h61084/codes/adaptime/outputs/adaptime/eval_extractions/ridge/univariate/OpenElectricity_NEM/5T/short/run_0 source_launch=selena_adaptime_3241621 launch_id=selena_adaptime_3275021 slurm_job_id=3275021 launched_at=2026-09-09T13:15:06.764085+00:00
/fslarge/scratch/users/h61084/codes/adaptime/outputs/adaptime/eval_extractions/ridge/univariate/OpenElectricity_NEM/5T/short/run_0/extraction/manifest.json
TIME run allocation action=skip run=/fslarge/scratch/users/h61084/codes/adaptime/outputs/adaptime/eval_extractions/ridge/univariate/OpenElectricity_NEM/5T/medium/run_0 source_launch=selena_adaptime_3241621 launch_id=selena_adaptime_3275021 slurm_job_id=3275021 launched_at=2026-09-09T13:15:06.782963+00:00
/fslarge/scratch/users/h61084/codes/adaptime/outputs/adaptime/eval_extractions/ridge/univariate/OpenElectricity_NEM/5T/medium/run_0/extraction/manifest.json
TIME run allocation action=skip run=/fslarge/scratch/users/h61084/codes/adaptime/outputs/adaptime/eval_extractions/ridge/univariate/OpenElectricity_NEM/5T/long/run_0 source_launch=selena_adaptime_3241621 launch_id=selena_adaptime_3275021 slurm_job_id=3275021 launched_at=2026-09-09T13:15:06.801357+00:00
/fslarge/scratch/users/h61084/codes/adaptime/outputs/adaptime/eval_extractions/ridge/univariate/OpenElectricity_NEM/5T/long/run_0/extraction/manifest.json
TIME run allocation action=skip run=/fslarge/scratch/users/h61084/codes/adaptime/outputs/adaptime/eval_extractions/ridge/univariate/EWELD_Load/15T/short/run_0 source_launch=selena_adaptime_3241621 launch_id=selena_adaptime_3275021 slurm_job_id=3275021 launched_at=2026-09-09T13:15:06.819372+00:00
/fslarge/scratch/users/h61084/codes/adaptime/outputs/adaptime/eval_extractions/ridge/univariate/EWELD_Load/15T/short/run_0/extraction/manifest.json
TIME run allocation action=skip run=/fslarge/scratch/users/h61084/codes/adaptime/outputs/adaptime/eval_extractions/ridge/univariate/EWELD_Load/15T/medium/run_0 source_launch=selena_adaptime_3241621 launch_id=selena_adaptime_3275021 slurm_job_id=3275021 launched_at=2026-09-09T13:15:06.838359+00:00
/fslarge/scratch/users/h61084/codes/adaptime/outputs/adaptime/eval_extractions/ridge/univariate/EWELD_Load/15T/medium/run_0/extraction/manifest.json
TIME run allocation action=skip run=/fslarge/scratch/users/h61084/codes/adaptime/outputs/adaptime/eval_extractions/ridge/univariate/EWELD_Load/15T/long/run_0 source_launch=selena_adaptime_3241621 launch_id=selena_adaptime_3275021 slurm_job_id=3275021 launched_at=2026-09-09T13:15:06.857236+00:00
/fslarge/scratch/users/h61084/codes/adaptime/outputs/adaptime/eval_extractions/ridge/univariate/EWELD_Load/15T/long/run_0/extraction/manifest.json
TIME run allocation action=skip run=/fslarge/scratch/users/h61084/codes/adaptime/outputs/adaptime/eval_extractions/ridge/univariate/SG_Carpark/15T/short/run_0 source_launch=selena_adaptime_3241621 launch_id=selena_adaptime_3275021 slurm_job_id=3275021 launched_at=2026-09-09T13:15:06.876122+00:00
/fslarge/scratch/users/h61084/codes/adaptime/outputs/adaptime/eval_extractions/ridge/univariate/SG_Carpark/15T/short/run_0/extraction/manifest.json
TIME run allocation action=skip run=/fslarge/scratch/users/h61084/codes/adaptime/outputs/adaptime/eval_extractions/ridge/univariate/SG_Carpark/15T/medium/run_0 source_launch=selena_adaptime_3241621 launch_id=selena_adaptime_3275021 slurm_job_id=3275021 launched_at=2026-09-09T13:15:06.894901+00:00
/fslarge/scratch/users/h61084/codes/adaptime/outputs/adaptime/eval_extractions/ridge/univariate/SG_Carpark/15T/medium/run_0/extraction/manifest.json
TIME run allocation action=skip run=/fslarge/scratch/users/h61084/codes/adaptime/outputs/adaptime/eval_extractions/ridge/univariate/SG_Carpark/15T/long/run_0 source_launch=selena_adaptime_3241621 launch_id=selena_adaptime_3275021 slurm_job_id=3275021 launched_at=2026-09-09T13:15:06.913281+00:00
/fslarge/scratch/users/h61084/codes/adaptime/outputs/adaptime/eval_extractions/ridge/univariate/SG_Carpark/15T/long/run_0/extraction/manifest.json
TIME run allocation action=skip run=/fslarge/scratch/users/h61084/codes/adaptime/outputs/adaptime/eval_extractions/ridge/univariate/Finland_Traffic/15T/short/run_0 source_launch=selena_adaptime_3241621 launch_id=selena_adaptime_3275021 slurm_job_id=3275021 launched_at=2026-09-09T13:15:06.932630+00:00
/fslarge/scratch/users/h61084/codes/adaptime/outputs/adaptime/eval_extractions/ridge/univariate/Finland_Traffic/15T/short/run_0/extraction/manifest.json
TIME run allocation action=skip run=/fslarge/scratch/users/h61084/codes/adaptime/outputs/adaptime/eval_extractions/ridge/univariate/Finland_Traffic/15T/medium/run_0 source_launch=selena_adaptime_3241621 launch_id=selena_adaptime_3275021 slurm_job_id=3275021 launched_at=2026-09-09T13:15:06.951429+00:00
/fslarge/scratch/users/h61084/codes/adaptime/outputs/adaptime/eval_extractions/ridge/univariate/Finland_Traffic/15T/medium/run_0/extraction/manifest.json
TIME run allocation action=skip run=/fslarge/scratch/users/h61084/codes/adaptime/outputs/adaptime/eval_extractions/ridge/univariate/Finland_Traffic/15T/long/run_0 source_launch=selena_adaptime_3241621 launch_id=selena_adaptime_3275021 slurm_job_id=3275021 launched_at=2026-09-09T13:15:06.969820+00:00
/fslarge/scratch/users/h61084/codes/adaptime/outputs/adaptime/eval_extractions/ridge/univariate/Finland_Traffic/15T/long/run_0/extraction/manifest.json
TIME run allocation action=skip run=/fslarge/scratch/users/h61084/codes/adaptime/outputs/adaptime/eval_extractions/ridge/univariate/Port_Activity/D/short/run_0 source_launch=selena_adaptime_3241621 launch_id=selena_adaptime_3275021 slurm_job_id=3275021 launched_at=2026-09-09T13:15:06.988860+00:00
/fslarge/scratch/users/h61084/codes/adaptime/outputs/adaptime/eval_extractions/ridge/univariate/Port_Activity/D/short/run_0/extraction/manifest.json
TIME run allocation action=skip run=/fslarge/scratch/users/h61084/codes/adaptime/outputs/adaptime/eval_extractions/ridge/univariate/Port_Activity/W/short/run_0 source_launch=selena_adaptime_3241621 launch_id=selena_adaptime_3275021 slurm_job_id=3275021 launched_at=2026-09-09T13:15:07.007828+00:00
/fslarge/scratch/users/h61084/codes/adaptime/outputs/adaptime/eval_extractions/ridge/univariate/Port_Activity/W/short/run_0/extraction/manifest.json
TIME run allocation action=skip run=/fslarge/scratch/users/h61084/codes/adaptime/outputs/adaptime/eval_extractions/ridge/univariate/ECDC_COVID/D/short/run_0 source_launch=selena_adaptime_3241621 launch_id=selena_adaptime_3275021 slurm_job_id=3275021 launched_at=2026-09-09T13:15:07.026483+00:00
/fslarge/scratch/users/h61084/codes/adaptime/outputs/adaptime/eval_extractions/ridge/univariate/ECDC_COVID/D/short/run_0/extraction/manifest.json
TIME run allocation action=skip run=/fslarge/scratch/users/h61084/codes/adaptime/outputs/adaptime/eval_extractions/ridge/univariate/ECDC_COVID/W/short/run_0 source_launch=selena_adaptime_3241621 launch_id=selena_adaptime_3275021 slurm_job_id=3275021 launched_at=2026-09-09T13:15:07.044995+00:00
/fslarge/scratch/users/h61084/codes/adaptime/outputs/adaptime/eval_extractions/ridge/univariate/ECDC_COVID/W/short/run_0/extraction/manifest.json
TIME run allocation action=skip run=/fslarge/scratch/users/h61084/codes/adaptime/outputs/adaptime/eval_extractions/ridge/univariate/Global_Influenza/W/short/run_0 source_launch=selena_adaptime_3241621 launch_id=selena_adaptime_3275021 slurm_job_id=3275021 launched_at=2026-09-09T13:15:07.068776+00:00
/fslarge/scratch/users/h61084/codes/adaptime/outputs/adaptime/eval_extractions/ridge/univariate/Global_Influenza/W/short/run_0/extraction/manifest.json
TIME run allocation action=skip run=/fslarge/scratch/users/h61084/codes/adaptime/outputs/adaptime/eval_extractions/ridge/univariate/Crypto/D/short/run_0 source_launch=selena_adaptime_3241621 launch_id=selena_adaptime_3275021 slurm_job_id=3275021 launched_at=2026-09-09T13:15:07.087747+00:00
/fslarge/scratch/users/h61084/codes/adaptime/outputs/adaptime/eval_extractions/ridge/univariate/Crypto/D/short/run_0/extraction/manifest.json
TIME run allocation action=skip run=/fslarge/scratch/users/h61084/codes/adaptime/outputs/adaptime/eval_extractions/ridge/univariate/US_Term_Structure/B/short/run_0 source_launch=selena_adaptime_3241621 launch_id=selena_adaptime_3275021 slurm_job_id=3275021 launched_at=2026-09-09T13:15:07.106470+00:00
/fslarge/scratch/users/h61084/codes/adaptime/outputs/adaptime/eval_extractions/ridge/univariate/US_Term_Structure/B/short/run_0/extraction/manifest.json
TIME run allocation action=skip run=/fslarge/scratch/users/h61084/codes/adaptime/outputs/adaptime/eval_extractions/ridge/univariate/Oil_Price/B/short/run_0 source_launch=selena_adaptime_3241621 launch_id=selena_adaptime_3275021 slurm_job_id=3275021 launched_at=2026-09-09T13:15:07.125709+00:00
/fslarge/scratch/users/h61084/codes/adaptime/outputs/adaptime/eval_extractions/ridge/univariate/Oil_Price/B/short/run_0/extraction/manifest.json
TIME run allocation action=skip run=/fslarge/scratch/users/h61084/codes/adaptime/outputs/adaptime/eval_extractions/ridge/univariate/Job_Claims/W/short/run_0 source_launch=selena_adaptime_3241621 launch_id=selena_adaptime_3275021 slurm_job_id=3275021 launched_at=2026-09-09T13:15:07.144382+00:00
/fslarge/scratch/users/h61084/codes/adaptime/outputs/adaptime/eval_extractions/ridge/univariate/Job_Claims/W/short/run_0/extraction/manifest.json
TIME run allocation action=skip run=/fslarge/scratch/users/h61084/codes/adaptime/outputs/adaptime/eval_extractions/ridge/univariate/Uncertainty_1M/M/short/run_0 source_launch=selena_adaptime_3241621 launch_id=selena_adaptime_3275021 slurm_job_id=3275021 launched_at=2026-09-09T13:15:07.163283+00:00
/fslarge/scratch/users/h61084/codes/adaptime/outputs/adaptime/eval_extractions/ridge/univariate/Uncertainty_1M/M/short/run_0/extraction/manifest.json
TIME run allocation action=skip run=/fslarge/scratch/users/h61084/codes/adaptime/outputs/adaptime/eval_extractions/ridge/univariate/Housing_Inventory/M/short/run_0 source_launch=selena_adaptime_3241621 launch_id=selena_adaptime_3275021 slurm_job_id=3275021 launched_at=2026-09-09T13:15:07.182170+00:00
/fslarge/scratch/users/h61084/codes/adaptime/outputs/adaptime/eval_extractions/ridge/univariate/Housing_Inventory/M/short/run_0/extraction/manifest.json
TIME run allocation action=skip run=/fslarge/scratch/users/h61084/codes/adaptime/outputs/adaptime/eval_extractions/ridge/univariate/JOLTS/M/short/run_0 source_launch=selena_adaptime_3241621 launch_id=selena_adaptime_3275021 slurm_job_id=3275021 launched_at=2026-09-09T13:15:07.200790+00:00
/fslarge/scratch/users/h61084/codes/adaptime/outputs/adaptime/eval_extractions/ridge/univariate/JOLTS/M/short/run_0/extraction/manifest.json
TIME run allocation action=skip run=/fslarge/scratch/users/h61084/codes/adaptime/outputs/adaptime/eval_extractions/ridge/univariate/US_Labor/M/short/run_0 source_launch=selena_adaptime_3241621 launch_id=selena_adaptime_3275021 slurm_job_id=3275021 launched_at=2026-09-09T13:15:07.221974+00:00
/fslarge/scratch/users/h61084/codes/adaptime/outputs/adaptime/eval_extractions/ridge/univariate/US_Labor/M/short/run_0/extraction/manifest.json
TIME run allocation action=skip run=/fslarge/scratch/users/h61084/codes/adaptime/outputs/adaptime/eval_extractions/ridge/univariate/Vehicle_Supply/M/short/run_0 source_launch=selena_adaptime_3241621 launch_id=selena_adaptime_3275021 slurm_job_id=3275021 launched_at=2026-09-09T13:15:07.241287+00:00
/fslarge/scratch/users/h61084/codes/adaptime/outputs/adaptime/eval_extractions/ridge/univariate/Vehicle_Supply/M/short/run_0/extraction/manifest.json
TIME run allocation action=skip run=/fslarge/scratch/users/h61084/codes/adaptime/outputs/adaptime/eval_extractions/ridge/univariate/Auto_Production_SF/M/short/run_0 source_launch=selena_adaptime_3241621 launch_id=selena_adaptime_3275021 slurm_job_id=3275021 launched_at=2026-09-09T13:15:07.260489+00:00
/fslarge/scratch/users/h61084/codes/adaptime/outputs/adaptime/eval_extractions/ridge/univariate/Auto_Production_SF/M/short/run_0/extraction/manifest.json
TIME run allocation action=skip run=/fslarge/scratch/users/h61084/codes/adaptime/outputs/adaptime/eval_extractions/ridge/univariate/Commodity_Production/M/short/run_0 source_launch=selena_adaptime_3241621 launch_id=selena_adaptime_3275021 slurm_job_id=3275021 launched_at=2026-09-09T13:15:07.279271+00:00
/fslarge/scratch/users/h61084/codes/adaptime/outputs/adaptime/eval_extractions/ridge/univariate/Commodity_Production/M/short/run_0/extraction/manifest.json
TIME run allocation action=skip run=/fslarge/scratch/users/h61084/codes/adaptime/outputs/adaptime/eval_extractions/ridge/univariate/Commodity_Import/M/short/run_0 source_launch=selena_adaptime_3241621 launch_id=selena_adaptime_3275021 slurm_job_id=3275021 launched_at=2026-09-09T13:15:07.299591+00:00
/fslarge/scratch/users/h61084/codes/adaptime/outputs/adaptime/eval_extractions/ridge/univariate/Commodity_Import/M/short/run_0/extraction/manifest.json
TIME run allocation action=skip run=/fslarge/scratch/users/h61084/codes/adaptime/outputs/adaptime/eval_extractions/ridge/univariate/WUI_Global/Q/short/run_0 source_launch=selena_adaptime_3241621 launch_id=selena_adaptime_3275021 slurm_job_id=3275021 launched_at=2026-09-09T13:15:07.318143+00:00
/fslarge/scratch/users/h61084/codes/adaptime/outputs/adaptime/eval_extractions/ridge/univariate/WUI_Global/Q/short/run_0/extraction/manifest.json
TIME run allocation action=skip run=/fslarge/scratch/users/h61084/codes/adaptime/outputs/adaptime/eval_extractions/ridge/univariate/Global_Price/Q/short/run_0 source_launch=selena_adaptime_3241621 launch_id=selena_adaptime_3275021 slurm_job_id=3275021 launched_at=2026-09-09T13:15:07.337368+00:00
/fslarge/scratch/users/h61084/codes/adaptime/outputs/adaptime/eval_extractions/ridge/univariate/Global_Price/Q/short/run_0/extraction/manifest.json
TIME run allocation action=skip run=/fslarge/scratch/users/h61084/codes/adaptime/outputs/adaptime/eval_extractions/ridge/univariate/Vehicle_Sales/M/short/run_0 source_launch=selena_adaptime_3241621 launch_id=selena_adaptime_3275021 slurm_job_id=3275021 launched_at=2026-09-09T13:15:07.355792+00:00
/fslarge/scratch/users/h61084/codes/adaptime/outputs/adaptime/eval_extractions/ridge/univariate/Vehicle_Sales/M/short/run_0/extraction/manifest.json
TIME run allocation action=skip run=/fslarge/scratch/users/h61084/codes/adaptime/outputs/adaptime/eval_extractions/ridge/univariate/Online_Retail_2_UCI/D/short/run_0 source_launch=selena_adaptime_3241621 launch_id=selena_adaptime_3275021 slurm_job_id=3275021 launched_at=2026-09-09T13:15:07.374845+00:00
/fslarge/scratch/users/h61084/codes/adaptime/outputs/adaptime/eval_extractions/ridge/univariate/Online_Retail_2_UCI/D/short/run_0/extraction/manifest.json
TIME run allocation action=skip run=/fslarge/scratch/users/h61084/codes/adaptime/outputs/adaptime/eval_extractions/ridge/univariate/Supply_Chain_Customer/D/short/run_0 source_launch=selena_adaptime_3241621 launch_id=selena_adaptime_3275021 slurm_job_id=3275021 launched_at=2026-09-09T13:15:07.394299+00:00
/fslarge/scratch/users/h61084/codes/adaptime/outputs/adaptime/eval_extractions/ridge/univariate/Supply_Chain_Customer/D/short/run_0/extraction/manifest.json
TIME run allocation action=skip run=/fslarge/scratch/users/h61084/codes/adaptime/outputs/adaptime/eval_extractions/ridge/univariate/Supply_Chain_Location/D/short/run_0 source_launch=selena_adaptime_3241621 launch_id=selena_adaptime_3275021 slurm_job_id=3275021 launched_at=2026-09-09T13:15:07.413651+00:00
/fslarge/scratch/users/h61084/codes/adaptime/outputs/adaptime/eval_extractions/ridge/univariate/Supply_Chain_Location/D/short/run_0/extraction/manifest.json
TIME run allocation action=skip run=/fslarge/scratch/users/h61084/codes/adaptime/outputs/adaptime/eval_extractions/ridge/univariate/azure2019_D/5T/short/run_0 source_launch=selena_adaptime_3241621 launch_id=selena_adaptime_3275021 slurm_job_id=3275021 launched_at=2026-09-09T13:15:07.433933+00:00
/fslarge/scratch/users/h61084/codes/adaptime/outputs/adaptime/eval_extractions/ridge/univariate/azure2019_D/5T/short/run_0/extraction/manifest.json
TIME run allocation action=skip run=/fslarge/scratch/users/h61084/codes/adaptime/outputs/adaptime/eval_extractions/ridge/univariate/azure2019_I/5T/short/run_0 source_launch=selena_adaptime_3241621 launch_id=selena_adaptime_3275021 slurm_job_id=3275021 launched_at=2026-09-09T13:15:07.452914+00:00
/fslarge/scratch/users/h61084/codes/adaptime/outputs/adaptime/eval_extractions/ridge/univariate/azure2019_I/5T/short/run_0/extraction/manifest.json
TIME run allocation action=skip run=/fslarge/scratch/users/h61084/codes/adaptime/outputs/adaptime/eval_extractions/ridge/univariate/azure2019_U/5T/short/run_0 source_launch=selena_adaptime_3241621 launch_id=selena_adaptime_3275021 slurm_job_id=3275021 launched_at=2026-09-09T13:15:07.471665+00:00
/fslarge/scratch/users/h61084/codes/adaptime/outputs/adaptime/eval_extractions/ridge/univariate/azure2019_U/5T/short/run_0/extraction/manifest.json
TIME run allocation action=skip run=/fslarge/scratch/users/h61084/codes/adaptime/outputs/adaptime/eval_extractions/ridge/univariate/Smart_Manufacturing/H/short/run_0 source_launch=selena_adaptime_3241621 launch_id=selena_adaptime_3275021 slurm_job_id=3275021 launched_at=2026-09-09T13:15:07.490122+00:00
/fslarge/scratch/users/h61084/codes/adaptime/outputs/adaptime/eval_extractions/ridge/univariate/Smart_Manufacturing/H/short/run_0/extraction/manifest.json
TIME run allocation action=skip run=/fslarge/scratch/users/h61084/codes/adaptime/outputs/adaptime/eval_extractions/ridge/univariate/Smart_Manufacturing/H/medium/run_0 source_launch=selena_adaptime_3241621 launch_id=selena_adaptime_3275021 slurm_job_id=3275021 launched_at=2026-09-09T13:15:07.509702+00:00
/fslarge/scratch/users/h61084/codes/adaptime/outputs/adaptime/eval_extractions/ridge/univariate/Smart_Manufacturing/H/medium/run_0/extraction/manifest.json
TIME run allocation action=skip run=/fslarge/scratch/users/h61084/codes/adaptime/outputs/adaptime/eval_extractions/ridge/univariate/Smart_Manufacturing/H/long/run_0 source_launch=selena_adaptime_3241621 launch_id=selena_adaptime_3275021 slurm_job_id=3275021 launched_at=2026-09-09T13:15:07.529027+00:00
/fslarge/scratch/users/h61084/codes/adaptime/outputs/adaptime/eval_extractions/ridge/univariate/Smart_Manufacturing/H/long/run_0/extraction/manifest.json
TIME run allocation action=skip run=/fslarge/scratch/users/h61084/codes/adaptime/outputs/adaptime/eval_extractions/ridge/univariate/MetroPT-3/5T/short/run_0 source_launch=selena_adaptime_3241621 launch_id=selena_adaptime_3275021 slurm_job_id=3275021 launched_at=2026-09-09T13:15:07.547720+00:00
/fslarge/scratch/users/h61084/codes/adaptime/outputs/adaptime/eval_extractions/ridge/univariate/MetroPT-3/5T/short/run_0/extraction/manifest.json
TIME run allocation action=skip run=/fslarge/scratch/users/h61084/codes/adaptime/outputs/adaptime/eval_extractions/ridge/univariate/MetroPT-3/5T/medium/run_0 source_launch=selena_adaptime_3241621 launch_id=selena_adaptime_3275021 slurm_job_id=3275021 launched_at=2026-09-09T13:15:07.566292+00:00
/fslarge/scratch/users/h61084/codes/adaptime/outputs/adaptime/eval_extractions/ridge/univariate/MetroPT-3/5T/medium/run_0/extraction/manifest.json
TIME run allocation action=skip run=/fslarge/scratch/users/h61084/codes/adaptime/outputs/adaptime/eval_extractions/ridge/univariate/MetroPT-3/5T/long/run_0 source_launch=selena_adaptime_3241621 launch_id=selena_adaptime_3275021 slurm_job_id=3275021 launched_at=2026-09-09T13:15:07.584595+00:00
/fslarge/scratch/users/h61084/codes/adaptime/outputs/adaptime/eval_extractions/ridge/univariate/MetroPT-3/5T/long/run_0/extraction/manifest.json
TIME run allocation action=skip run=/fslarge/scratch/users/h61084/codes/adaptime/outputs/adaptime/predictions/ridge/univariate/Water_Quality_Darwin/15T/short/run_0 source_launch=selena_adaptime_3241621 launch_id=selena_adaptime_3275021 slurm_job_id=3275021 launched_at=2026-09-09T13:15:07.606788+00:00
/fslarge/scratch/users/h61084/codes/adaptime/outputs/adaptime/predictions/ridge/univariate/Water_Quality_Darwin/15T/short/run_0/prediction/prediction_manifest.json
TIME run allocation action=skip run=/fslarge/scratch/users/h61084/codes/adaptime/outputs/adaptime/predictions/ridge/univariate/Water_Quality_Darwin/15T/medium/run_0 source_launch=selena_adaptime_3241621 launch_id=selena_adaptime_3275021 slurm_job_id=3275021 launched_at=2026-09-09T13:15:07.628357+00:00
/fslarge/scratch/users/h61084/codes/adaptime/outputs/adaptime/predictions/ridge/univariate/Water_Quality_Darwin/15T/medium/run_0/prediction/prediction_manifest.json
TIME run allocation action=skip run=/fslarge/scratch/users/h61084/codes/adaptime/outputs/adaptime/predictions/ridge/univariate/Water_Quality_Darwin/15T/long/run_0 source_launch=selena_adaptime_3241621 launch_id=selena_adaptime_3275021 slurm_job_id=3275021 launched_at=2026-09-09T13:15:07.650057+00:00
/fslarge/scratch/users/h61084/codes/adaptime/outputs/adaptime/predictions/ridge/univariate/Water_Quality_Darwin/15T/long/run_0/prediction/prediction_manifest.json
TIME run allocation action=skip run=/fslarge/scratch/users/h61084/codes/adaptime/outputs/adaptime/predictions/ridge/univariate/current_velocity/5T/short/run_0 source_launch=selena_adaptime_3241621 launch_id=selena_adaptime_3275021 slurm_job_id=3275021 launched_at=2026-09-09T13:15:07.670533+00:00
/fslarge/scratch/users/h61084/codes/adaptime/outputs/adaptime/predictions/ridge/univariate/current_velocity/5T/short/run_0/prediction/prediction_manifest.json
TIME run allocation action=skip run=/fslarge/scratch/users/h61084/codes/adaptime/outputs/adaptime/predictions/ridge/univariate/current_velocity/5T/medium/run_0 source_launch=selena_adaptime_3241621 launch_id=selena_adaptime_3275021 slurm_job_id=3275021 launched_at=2026-09-09T13:15:07.692208+00:00
/fslarge/scratch/users/h61084/codes/adaptime/outputs/adaptime/predictions/ridge/univariate/current_velocity/5T/medium/run_0/prediction/prediction_manifest.json
TIME run allocation action=skip run=/fslarge/scratch/users/h61084/codes/adaptime/outputs/adaptime/predictions/ridge/univariate/current_velocity/5T/long/run_0 source_launch=selena_adaptime_3241621 launch_id=selena_adaptime_3275021 slurm_job_id=3275021 launched_at=2026-09-09T13:15:07.748726+00:00
/fslarge/scratch/users/h61084/codes/adaptime/outputs/adaptime/predictions/ridge/univariate/current_velocity/5T/long/run_0/prediction/prediction_manifest.json
TIME run allocation action=skip run=/fslarge/scratch/users/h61084/codes/adaptime/outputs/adaptime/predictions/ridge/univariate/current_velocity/10T/short/run_0 source_launch=selena_adaptime_3241621 launch_id=selena_adaptime_3275021 slurm_job_id=3275021 launched_at=2026-09-09T13:15:07.769601+00:00
/fslarge/scratch/users/h61084/codes/adaptime/outputs/adaptime/predictions/ridge/univariate/current_velocity/10T/short/run_0/prediction/prediction_manifest.json
TIME run allocation action=skip run=/fslarge/scratch/users/h61084/codes/adaptime/outputs/adaptime/predictions/ridge/univariate/current_velocity/10T/medium/run_0 source_launch=selena_adaptime_3241621 launch_id=selena_adaptime_3275021 slurm_job_id=3275021 launched_at=2026-09-09T13:15:07.793278+00:00
/fslarge/scratch/users/h61084/codes/adaptime/outputs/adaptime/predictions/ridge/univariate/current_velocity/10T/medium/run_0/prediction/prediction_manifest.json
TIME run allocation action=skip run=/fslarge/scratch/users/h61084/codes/adaptime/outputs/adaptime/predictions/ridge/univariate/current_velocity/10T/long/run_0 source_launch=selena_adaptime_3241621 launch_id=selena_adaptime_3275021 slurm_job_id=3275021 launched_at=2026-09-09T13:15:07.815425+00:00
/fslarge/scratch/users/h61084/codes/adaptime/outputs/adaptime/predictions/ridge/univariate/current_velocity/10T/long/run_0/prediction/prediction_manifest.json
TIME run allocation action=skip run=/fslarge/scratch/users/h61084/codes/adaptime/outputs/adaptime/predictions/ridge/univariate/current_velocity/15T/short/run_0 source_launch=selena_adaptime_3241621 launch_id=selena_adaptime_3275021 slurm_job_id=3275021 launched_at=2026-09-09T13:15:07.835966+00:00
/fslarge/scratch/users/h61084/codes/adaptime/outputs/adaptime/predictions/ridge/univariate/current_velocity/15T/short/run_0/prediction/prediction_manifest.json
TIME run allocation action=skip run=/fslarge/scratch/users/h61084/codes/adaptime/outputs/adaptime/predictions/ridge/univariate/current_velocity/15T/medium/run_0 source_launch=selena_adaptime_3241621 launch_id=selena_adaptime_3275021 slurm_job_id=3275021 launched_at=2026-09-09T13:15:07.856950+00:00
/fslarge/scratch/users/h61084/codes/adaptime/outputs/adaptime/predictions/ridge/univariate/current_velocity/15T/medium/run_0/prediction/prediction_manifest.json
TIME run allocation action=skip run=/fslarge/scratch/users/h61084/codes/adaptime/outputs/adaptime/predictions/ridge/univariate/current_velocity/15T/long/run_0 source_launch=selena_adaptime_3241621 launch_id=selena_adaptime_3275021 slurm_job_id=3275021 launched_at=2026-09-09T13:15:07.877436+00:00
/fslarge/scratch/users/h61084/codes/adaptime/outputs/adaptime/predictions/ridge/univariate/current_velocity/15T/long/run_0/prediction/prediction_manifest.json
TIME run allocation action=skip run=/fslarge/scratch/users/h61084/codes/adaptime/outputs/adaptime/predictions/ridge/univariate/current_velocity/20T/short/run_0 source_launch=selena_adaptime_3241621 launch_id=selena_adaptime_3275021 slurm_job_id=3275021 launched_at=2026-09-09T13:15:07.898810+00:00
/fslarge/scratch/users/h61084/codes/adaptime/outputs/adaptime/predictions/ridge/univariate/current_velocity/20T/short/run_0/prediction/prediction_manifest.json
TIME run allocation action=skip run=/fslarge/scratch/users/h61084/codes/adaptime/outputs/adaptime/predictions/ridge/univariate/current_velocity/20T/medium/run_0 source_launch=selena_adaptime_3241621 launch_id=selena_adaptime_3275021 slurm_job_id=3275021 launched_at=2026-09-09T13:15:07.919499+00:00
/fslarge/scratch/users/h61084/codes/adaptime/outputs/adaptime/predictions/ridge/univariate/current_velocity/20T/medium/run_0/prediction/prediction_manifest.json
TIME run allocation action=skip run=/fslarge/scratch/users/h61084/codes/adaptime/outputs/adaptime/predictions/ridge/univariate/current_velocity/20T/long/run_0 source_launch=selena_adaptime_3241621 launch_id=selena_adaptime_3275021 slurm_job_id=3275021 launched_at=2026-09-09T13:15:07.940323+00:00
/fslarge/scratch/users/h61084/codes/adaptime/outputs/adaptime/predictions/ridge/univariate/current_velocity/20T/long/run_0/prediction/prediction_manifest.json
TIME run allocation action=skip run=/fslarge/scratch/users/h61084/codes/adaptime/outputs/adaptime/predictions/ridge/univariate/current_velocity/H/short/run_0 source_launch=selena_adaptime_3241621 launch_id=selena_adaptime_3275021 slurm_job_id=3275021 launched_at=2026-09-09T13:15:07.960761+00:00
/fslarge/scratch/users/h61084/codes/adaptime/outputs/adaptime/predictions/ridge/univariate/current_velocity/H/short/run_0/prediction/prediction_manifest.json
TIME run allocation action=skip run=/fslarge/scratch/users/h61084/codes/adaptime/outputs/adaptime/predictions/ridge/univariate/current_velocity/H/medium/run_0 source_launch=selena_adaptime_3241621 launch_id=selena_adaptime_3275021 slurm_job_id=3275021 launched_at=2026-09-09T13:15:07.981497+00:00
/fslarge/scratch/users/h61084/codes/adaptime/outputs/adaptime/predictions/ridge/univariate/current_velocity/H/medium/run_0/prediction/prediction_manifest.json
TIME run allocation action=skip run=/fslarge/scratch/users/h61084/codes/adaptime/outputs/adaptime/predictions/ridge/univariate/current_velocity/H/long/run_0 source_launch=selena_adaptime_3241621 launch_id=selena_adaptime_3275021 slurm_job_id=3275021 launched_at=2026-09-09T13:15:08.001919+00:00
/fslarge/scratch/users/h61084/codes/adaptime/outputs/adaptime/predictions/ridge/univariate/current_velocity/H/long/run_0/prediction/prediction_manifest.json
TIME run allocation action=skip run=/fslarge/scratch/users/h61084/codes/adaptime/outputs/adaptime/predictions/ridge/univariate/CPHL/15T/short/run_0 source_launch=selena_adaptime_3241621 launch_id=selena_adaptime_3275021 slurm_job_id=3275021 launched_at=2026-09-09T13:15:08.022806+00:00
/fslarge/scratch/users/h61084/codes/adaptime/outputs/adaptime/predictions/ridge/univariate/CPHL/15T/short/run_0/prediction/prediction_manifest.json
TIME run allocation action=skip run=/fslarge/scratch/users/h61084/codes/adaptime/outputs/adaptime/predictions/ridge/univariate/CPHL/15T/medium/run_0 source_launch=selena_adaptime_3241621 launch_id=selena_adaptime_3275021 slurm_job_id=3275021 launched_at=2026-09-09T13:15:08.043156+00:00
/fslarge/scratch/users/h61084/codes/adaptime/outputs/adaptime/predictions/ridge/univariate/CPHL/15T/medium/run_0/prediction/prediction_manifest.json
TIME run allocation action=skip run=/fslarge/scratch/users/h61084/codes/adaptime/outputs/adaptime/predictions/ridge/univariate/CPHL/15T/long/run_0 source_launch=selena_adaptime_3241621 launch_id=selena_adaptime_3275021 slurm_job_id=3275021 launched_at=2026-09-09T13:15:08.063571+00:00
/fslarge/scratch/users/h61084/codes/adaptime/outputs/adaptime/predictions/ridge/univariate/CPHL/15T/long/run_0/prediction/prediction_manifest.json
TIME run allocation action=skip run=/fslarge/scratch/users/h61084/codes/adaptime/outputs/adaptime/predictions/ridge/univariate/CPHL/30T/short/run_0 source_launch=selena_adaptime_3241621 launch_id=selena_adaptime_3275021 slurm_job_id=3275021 launched_at=2026-09-09T13:15:08.084126+00:00
/fslarge/scratch/users/h61084/codes/adaptime/outputs/adaptime/predictions/ridge/univariate/CPHL/30T/short/run_0/prediction/prediction_manifest.json
TIME run allocation action=skip run=/fslarge/scratch/users/h61084/codes/adaptime/outputs/adaptime/predictions/ridge/univariate/CPHL/30T/medium/run_0 source_launch=selena_adaptime_3241621 launch_id=selena_adaptime_3275021 slurm_job_id=3275021 launched_at=2026-09-09T13:15:08.104739+00:00
/fslarge/scratch/users/h61084/codes/adaptime/outputs/adaptime/predictions/ridge/univariate/CPHL/30T/medium/run_0/prediction/prediction_manifest.json
TIME run allocation action=skip run=/fslarge/scratch/users/h61084/codes/adaptime/outputs/adaptime/predictions/ridge/univariate/CPHL/30T/long/run_0 source_launch=selena_adaptime_3241621 launch_id=selena_adaptime_3275021 slurm_job_id=3275021 launched_at=2026-09-09T13:15:08.125275+00:00
/fslarge/scratch/users/h61084/codes/adaptime/outputs/adaptime/predictions/ridge/univariate/CPHL/30T/long/run_0/prediction/prediction_manifest.json
TIME run allocation action=skip run=/fslarge/scratch/users/h61084/codes/adaptime/outputs/adaptime/predictions/ridge/univariate/CPHL/H/short/run_0 source_launch=selena_adaptime_3241621 launch_id=selena_adaptime_3275021 slurm_job_id=3275021 launched_at=2026-09-09T13:15:08.146358+00:00
/fslarge/scratch/users/h61084/codes/adaptime/outputs/adaptime/predictions/ridge/univariate/CPHL/H/short/run_0/prediction/prediction_manifest.json
TIME run allocation action=skip run=/fslarge/scratch/users/h61084/codes/adaptime/outputs/adaptime/predictions/ridge/univariate/CPHL/H/medium/run_0 source_launch=selena_adaptime_3241621 launch_id=selena_adaptime_3275021 slurm_job_id=3275021 launched_at=2026-09-09T13:15:08.167147+00:00
/fslarge/scratch/users/h61084/codes/adaptime/outputs/adaptime/predictions/ridge/univariate/CPHL/H/medium/run_0/prediction/prediction_manifest.json
TIME run allocation action=skip run=/fslarge/scratch/users/h61084/codes/adaptime/outputs/adaptime/predictions/ridge/univariate/CPHL/H/long/run_0 source_launch=selena_adaptime_3241621 launch_id=selena_adaptime_3275021 slurm_job_id=3275021 launched_at=2026-09-09T13:15:08.187965+00:00
/fslarge/scratch/users/h61084/codes/adaptime/outputs/adaptime/predictions/ridge/univariate/CPHL/H/long/run_0/prediction/prediction_manifest.json
TIME run allocation action=skip run=/fslarge/scratch/users/h61084/codes/adaptime/outputs/adaptime/predictions/ridge/univariate/Coastal_T_S/5T/short/run_0 source_launch=selena_adaptime_3241621 launch_id=selena_adaptime_3275021 slurm_job_id=3275021 launched_at=2026-09-09T13:15:08.209831+00:00
/fslarge/scratch/users/h61084/codes/adaptime/outputs/adaptime/predictions/ridge/univariate/Coastal_T_S/5T/short/run_0/prediction/prediction_manifest.json
TIME run allocation action=skip run=/fslarge/scratch/users/h61084/codes/adaptime/outputs/adaptime/predictions/ridge/univariate/Coastal_T_S/5T/medium/run_0 source_launch=selena_adaptime_3241621 launch_id=selena_adaptime_3275021 slurm_job_id=3275021 launched_at=2026-09-09T13:15:08.231270+00:00
/fslarge/scratch/users/h61084/codes/adaptime/outputs/adaptime/predictions/ridge/univariate/Coastal_T_S/5T/medium/run_0/prediction/prediction_manifest.json
TIME run allocation action=skip run=/fslarge/scratch/users/h61084/codes/adaptime/outputs/adaptime/predictions/ridge/univariate/Coastal_T_S/5T/long/run_0 source_launch=selena_adaptime_3241621 launch_id=selena_adaptime_3275021 slurm_job_id=3275021 launched_at=2026-09-09T13:15:08.253246+00:00
/fslarge/scratch/users/h61084/codes/adaptime/outputs/adaptime/predictions/ridge/univariate/Coastal_T_S/5T/long/run_0/prediction/prediction_manifest.json
TIME run allocation action=skip run=/fslarge/scratch/users/h61084/codes/adaptime/outputs/adaptime/predictions/ridge/univariate/Coastal_T_S/15T/short/run_0 source_launch=selena_adaptime_3241621 launch_id=selena_adaptime_3275021 slurm_job_id=3275021 launched_at=2026-09-09T13:15:08.274332+00:00
/fslarge/scratch/users/h61084/codes/adaptime/outputs/adaptime/predictions/ridge/univariate/Coastal_T_S/15T/short/run_0/prediction/prediction_manifest.json
TIME run allocation action=skip run=/fslarge/scratch/users/h61084/codes/adaptime/outputs/adaptime/predictions/ridge/univariate/Coastal_T_S/15T/medium/run_0 source_launch=selena_adaptime_3241621 launch_id=selena_adaptime_3275021 slurm_job_id=3275021 launched_at=2026-09-09T13:15:08.295892+00:00
/fslarge/scratch/users/h61084/codes/adaptime/outputs/adaptime/predictions/ridge/univariate/Coastal_T_S/15T/medium/run_0/prediction/prediction_manifest.json
TIME run allocation action=skip run=/fslarge/scratch/users/h61084/codes/adaptime/outputs/adaptime/predictions/ridge/univariate/Coastal_T_S/15T/long/run_0 source_launch=selena_adaptime_3241621 launch_id=selena_adaptime_3275021 slurm_job_id=3275021 launched_at=2026-09-09T13:15:08.317416+00:00
/fslarge/scratch/users/h61084/codes/adaptime/outputs/adaptime/predictions/ridge/univariate/Coastal_T_S/15T/long/run_0/prediction/prediction_manifest.json
TIME run allocation action=skip run=/fslarge/scratch/users/h61084/codes/adaptime/outputs/adaptime/predictions/ridge/univariate/Coastal_T_S/20T/short/run_0 source_launch=selena_adaptime_3241621 launch_id=selena_adaptime_3275021 slurm_job_id=3275021 launched_at=2026-09-09T13:15:08.337704+00:00
/fslarge/scratch/users/h61084/codes/adaptime/outputs/adaptime/predictions/ridge/univariate/Coastal_T_S/20T/short/run_0/prediction/prediction_manifest.json
TIME run allocation action=skip run=/fslarge/scratch/users/h61084/codes/adaptime/outputs/adaptime/predictions/ridge/univariate/Coastal_T_S/20T/medium/run_0 source_launch=selena_adaptime_3241621 launch_id=selena_adaptime_3275021 slurm_job_id=3275021 launched_at=2026-09-09T13:15:08.357225+00:00
/fslarge/scratch/users/h61084/codes/adaptime/outputs/adaptime/predictions/ridge/univariate/Coastal_T_S/20T/medium/run_0/prediction/prediction_manifest.json
TIME run allocation action=skip run=/fslarge/scratch/users/h61084/codes/adaptime/outputs/adaptime/predictions/ridge/univariate/Coastal_T_S/20T/long/run_0 source_launch=selena_adaptime_3241621 launch_id=selena_adaptime_3275021 slurm_job_id=3275021 launched_at=2026-09-09T13:15:08.377769+00:00
/fslarge/scratch/users/h61084/codes/adaptime/outputs/adaptime/predictions/ridge/univariate/Coastal_T_S/20T/long/run_0/prediction/prediction_manifest.json
TIME run allocation action=skip run=/fslarge/scratch/users/h61084/codes/adaptime/outputs/adaptime/predictions/ridge/univariate/Coastal_T_S/H/short/run_0 source_launch=selena_adaptime_3241621 launch_id=selena_adaptime_3275021 slurm_job_id=3275021 launched_at=2026-09-09T13:15:08.398053+00:00
/fslarge/scratch/users/h61084/codes/adaptime/outputs/adaptime/predictions/ridge/univariate/Coastal_T_S/H/short/run_0/prediction/prediction_manifest.json
TIME run allocation action=skip run=/fslarge/scratch/users/h61084/codes/adaptime/outputs/adaptime/predictions/ridge/univariate/Coastal_T_S/H/medium/run_0 source_launch=selena_adaptime_3241621 launch_id=selena_adaptime_3275021 slurm_job_id=3275021 launched_at=2026-09-09T13:15:08.418630+00:00
/fslarge/scratch/users/h61084/codes/adaptime/outputs/adaptime/predictions/ridge/univariate/Coastal_T_S/H/medium/run_0/prediction/prediction_manifest.json
TIME run allocation action=skip run=/fslarge/scratch/users/h61084/codes/adaptime/outputs/adaptime/predictions/ridge/univariate/Coastal_T_S/H/long/run_0 source_launch=selena_adaptime_3241621 launch_id=selena_adaptime_3275021 slurm_job_id=3275021 launched_at=2026-09-09T13:15:08.438912+00:00
/fslarge/scratch/users/h61084/codes/adaptime/outputs/adaptime/predictions/ridge/univariate/Coastal_T_S/H/long/run_0/prediction/prediction_manifest.json
TIME run allocation action=skip run=/fslarge/scratch/users/h61084/codes/adaptime/outputs/adaptime/predictions/ridge/univariate/SG_Weather/D/short/run_0 source_launch=selena_adaptime_3241621 launch_id=selena_adaptime_3275021 slurm_job_id=3275021 launched_at=2026-09-09T13:15:08.459749+00:00
/fslarge/scratch/users/h61084/codes/adaptime/outputs/adaptime/predictions/ridge/univariate/SG_Weather/D/short/run_0/prediction/prediction_manifest.json
TIME run allocation action=skip run=/fslarge/scratch/users/h61084/codes/adaptime/outputs/adaptime/predictions/ridge/univariate/SG_Weather/D/medium/run_0 source_launch=selena_adaptime_3241621 launch_id=selena_adaptime_3275021 slurm_job_id=3275021 launched_at=2026-09-09T13:15:08.479410+00:00
/fslarge/scratch/users/h61084/codes/adaptime/outputs/adaptime/predictions/ridge/univariate/SG_Weather/D/medium/run_0/prediction/prediction_manifest.json
TIME run allocation action=skip run=/fslarge/scratch/users/h61084/codes/adaptime/outputs/adaptime/predictions/ridge/univariate/SG_Weather/D/long/run_0 source_launch=selena_adaptime_3241621 launch_id=selena_adaptime_3275021 slurm_job_id=3275021 launched_at=2026-09-09T13:15:08.499975+00:00
/fslarge/scratch/users/h61084/codes/adaptime/outputs/adaptime/predictions/ridge/univariate/SG_Weather/D/long/run_0/prediction/prediction_manifest.json
TIME run allocation action=skip run=/fslarge/scratch/users/h61084/codes/adaptime/outputs/adaptime/predictions/ridge/univariate/SG_PM25/H/short/run_0 source_launch=selena_adaptime_3241621 launch_id=selena_adaptime_3275021 slurm_job_id=3275021 launched_at=2026-09-09T13:15:08.520567+00:00
/fslarge/scratch/users/h61084/codes/adaptime/outputs/adaptime/predictions/ridge/univariate/SG_PM25/H/short/run_0/prediction/prediction_manifest.json
TIME run allocation action=skip run=/fslarge/scratch/users/h61084/codes/adaptime/outputs/adaptime/predictions/ridge/univariate/SG_PM25/H/medium/run_0 source_launch=selena_adaptime_3241621 launch_id=selena_adaptime_3275021 slurm_job_id=3275021 launched_at=2026-09-09T13:15:08.541903+00:00
/fslarge/scratch/users/h61084/codes/adaptime/outputs/adaptime/predictions/ridge/univariate/SG_PM25/H/medium/run_0/prediction/prediction_manifest.json
TIME run allocation action=skip run=/fslarge/scratch/users/h61084/codes/adaptime/outputs/adaptime/predictions/ridge/univariate/SG_PM25/H/long/run_0 source_launch=selena_adaptime_3241621 launch_id=selena_adaptime_3275021 slurm_job_id=3275021 launched_at=2026-09-09T13:15:08.562843+00:00
/fslarge/scratch/users/h61084/codes/adaptime/outputs/adaptime/predictions/ridge/univariate/SG_PM25/H/long/run_0/prediction/prediction_manifest.json
TIME run allocation action=skip run=/fslarge/scratch/users/h61084/codes/adaptime/outputs/adaptime/predictions/ridge/univariate/NE_China_Wind/H/short/run_0 source_launch=selena_adaptime_3241621 launch_id=selena_adaptime_3275021 slurm_job_id=3275021 launched_at=2026-09-09T13:15:08.584206+00:00
/fslarge/scratch/users/h61084/codes/adaptime/outputs/adaptime/predictions/ridge/univariate/NE_China_Wind/H/short/run_0/prediction/prediction_manifest.json
TIME run allocation action=skip run=/fslarge/scratch/users/h61084/codes/adaptime/outputs/adaptime/predictions/ridge/univariate/NE_China_Wind/H/medium/run_0 source_launch=selena_adaptime_3241621 launch_id=selena_adaptime_3275021 slurm_job_id=3275021 launched_at=2026-09-09T13:15:08.605536+00:00
/fslarge/scratch/users/h61084/codes/adaptime/outputs/adaptime/predictions/ridge/univariate/NE_China_Wind/H/medium/run_0/prediction/prediction_manifest.json
TIME run allocation action=skip run=/fslarge/scratch/users/h61084/codes/adaptime/outputs/adaptime/predictions/ridge/univariate/NE_China_Wind/H/long/run_0 source_launch=selena_adaptime_3241621 launch_id=selena_adaptime_3275021 slurm_job_id=3275021 launched_at=2026-09-09T13:15:08.626816+00:00
/fslarge/scratch/users/h61084/codes/adaptime/outputs/adaptime/predictions/ridge/univariate/NE_China_Wind/H/long/run_0/prediction/prediction_manifest.json
TIME run allocation action=skip run=/fslarge/scratch/users/h61084/codes/adaptime/outputs/adaptime/predictions/ridge/univariate/Australia_Solar/H/short/run_0 source_launch=selena_adaptime_3241621 launch_id=selena_adaptime_3275021 slurm_job_id=3275021 launched_at=2026-09-09T13:15:08.647456+00:00
/fslarge/scratch/users/h61084/codes/adaptime/outputs/adaptime/predictions/ridge/univariate/Australia_Solar/H/short/run_0/prediction/prediction_manifest.json
TIME run allocation action=skip run=/fslarge/scratch/users/h61084/codes/adaptime/outputs/adaptime/predictions/ridge/univariate/Australia_Solar/H/medium/run_0 source_launch=selena_adaptime_3241621 launch_id=selena_adaptime_3275021 slurm_job_id=3275021 launched_at=2026-09-09T13:15:08.668268+00:00
/fslarge/scratch/users/h61084/codes/adaptime/outputs/adaptime/predictions/ridge/univariate/Australia_Solar/H/medium/run_0/prediction/prediction_manifest.json
TIME run allocation action=skip run=/fslarge/scratch/users/h61084/codes/adaptime/outputs/adaptime/predictions/ridge/univariate/Australia_Solar/H/long/run_0 source_launch=selena_adaptime_3241621 launch_id=selena_adaptime_3275021 slurm_job_id=3275021 launched_at=2026-09-09T13:15:08.688773+00:00
/fslarge/scratch/users/h61084/codes/adaptime/outputs/adaptime/predictions/ridge/univariate/Australia_Solar/H/long/run_0/prediction/prediction_manifest.json
TIME run allocation action=skip run=/fslarge/scratch/users/h61084/codes/adaptime/outputs/adaptime/predictions/ridge/univariate/epf_electricity_price/H/short/run_0 source_launch=selena_adaptime_3241621 launch_id=selena_adaptime_3275021 slurm_job_id=3275021 launched_at=2026-09-09T13:15:08.710563+00:00
/fslarge/scratch/users/h61084/codes/adaptime/outputs/adaptime/predictions/ridge/univariate/epf_electricity_price/H/short/run_0/prediction/prediction_manifest.json
TIME run allocation action=skip run=/fslarge/scratch/users/h61084/codes/adaptime/outputs/adaptime/predictions/ridge/univariate/epf_electricity_price/H/medium/run_0 source_launch=selena_adaptime_3241621 launch_id=selena_adaptime_3275021 slurm_job_id=3275021 launched_at=2026-09-09T13:15:08.731821+00:00
/fslarge/scratch/users/h61084/codes/adaptime/outputs/adaptime/predictions/ridge/univariate/epf_electricity_price/H/medium/run_0/prediction/prediction_manifest.json
TIME run allocation action=skip run=/fslarge/scratch/users/h61084/codes/adaptime/outputs/adaptime/predictions/ridge/univariate/epf_electricity_price/H/long/run_0 source_launch=selena_adaptime_3241621 launch_id=selena_adaptime_3275021 slurm_job_id=3275021 launched_at=2026-09-09T13:15:08.753505+00:00
/fslarge/scratch/users/h61084/codes/adaptime/outputs/adaptime/predictions/ridge/univariate/epf_electricity_price/H/long/run_0/prediction/prediction_manifest.json
TIME run allocation action=skip run=/fslarge/scratch/users/h61084/codes/adaptime/outputs/adaptime/predictions/ridge/univariate/OpenElectricity_NEM/5T/short/run_0 source_launch=selena_adaptime_3241621 launch_id=selena_adaptime_3275021 slurm_job_id=3275021 launched_at=2026-09-09T13:15:08.774223+00:00
/fslarge/scratch/users/h61084/codes/adaptime/outputs/adaptime/predictions/ridge/univariate/OpenElectricity_NEM/5T/short/run_0/prediction/prediction_manifest.json
TIME run allocation action=skip run=/fslarge/scratch/users/h61084/codes/adaptime/outputs/adaptime/predictions/ridge/univariate/OpenElectricity_NEM/5T/medium/run_0 source_launch=selena_adaptime_3241621 launch_id=selena_adaptime_3275021 slurm_job_id=3275021 launched_at=2026-09-09T13:15:08.796821+00:00
/fslarge/scratch/users/h61084/codes/adaptime/outputs/adaptime/predictions/ridge/univariate/OpenElectricity_NEM/5T/medium/run_0/prediction/prediction_manifest.json
TIME run allocation action=skip run=/fslarge/scratch/users/h61084/codes/adaptime/outputs/adaptime/predictions/ridge/univariate/OpenElectricity_NEM/5T/long/run_0 source_launch=selena_adaptime_3241621 launch_id=selena_adaptime_3275021 slurm_job_id=3275021 launched_at=2026-09-09T13:15:08.817685+00:00
/fslarge/scratch/users/h61084/codes/adaptime/outputs/adaptime/predictions/ridge/univariate/OpenElectricity_NEM/5T/long/run_0/prediction/prediction_manifest.json
TIME run allocation action=skip run=/fslarge/scratch/users/h61084/codes/adaptime/outputs/adaptime/predictions/ridge/univariate/EWELD_Load/15T/short/run_0 source_launch=selena_adaptime_3241621 launch_id=selena_adaptime_3275021 slurm_job_id=3275021 launched_at=2026-09-09T13:15:08.838644+00:00
/fslarge/scratch/users/h61084/codes/adaptime/outputs/adaptime/predictions/ridge/univariate/EWELD_Load/15T/short/run_0/prediction/prediction_manifest.json
TIME run allocation action=skip run=/fslarge/scratch/users/h61084/codes/adaptime/outputs/adaptime/predictions/ridge/univariate/EWELD_Load/15T/medium/run_0 source_launch=selena_adaptime_3241621 launch_id=selena_adaptime_3275021 slurm_job_id=3275021 launched_at=2026-09-09T13:15:08.859850+00:00
/fslarge/scratch/users/h61084/codes/adaptime/outputs/adaptime/predictions/ridge/univariate/EWELD_Load/15T/medium/run_0/prediction/prediction_manifest.json
TIME run allocation action=skip run=/fslarge/scratch/users/h61084/codes/adaptime/outputs/adaptime/predictions/ridge/univariate/EWELD_Load/15T/long/run_0 source_launch=selena_adaptime_3241621 launch_id=selena_adaptime_3275021 slurm_job_id=3275021 launched_at=2026-09-09T13:15:08.881502+00:00
/fslarge/scratch/users/h61084/codes/adaptime/outputs/adaptime/predictions/ridge/univariate/EWELD_Load/15T/long/run_0/prediction/prediction_manifest.json
TIME run allocation action=skip run=/fslarge/scratch/users/h61084/codes/adaptime/outputs/adaptime/predictions/ridge/univariate/SG_Carpark/15T/short/run_0 source_launch=selena_adaptime_3241621 launch_id=selena_adaptime_3275021 slurm_job_id=3275021 launched_at=2026-09-09T13:15:08.902078+00:00
/fslarge/scratch/users/h61084/codes/adaptime/outputs/adaptime/predictions/ridge/univariate/SG_Carpark/15T/short/run_0/prediction/prediction_manifest.json
TIME run allocation action=skip run=/fslarge/scratch/users/h61084/codes/adaptime/outputs/adaptime/predictions/ridge/univariate/SG_Carpark/15T/medium/run_0 source_launch=selena_adaptime_3241621 launch_id=selena_adaptime_3275021 slurm_job_id=3275021 launched_at=2026-09-09T13:15:08.922594+00:00
/fslarge/scratch/users/h61084/codes/adaptime/outputs/adaptime/predictions/ridge/univariate/SG_Carpark/15T/medium/run_0/prediction/prediction_manifest.json
TIME run allocation action=skip run=/fslarge/scratch/users/h61084/codes/adaptime/outputs/adaptime/predictions/ridge/univariate/SG_Carpark/15T/long/run_0 source_launch=selena_adaptime_3241621 launch_id=selena_adaptime_3275021 slurm_job_id=3275021 launched_at=2026-09-09T13:15:08.942968+00:00
/fslarge/scratch/users/h61084/codes/adaptime/outputs/adaptime/predictions/ridge/univariate/SG_Carpark/15T/long/run_0/prediction/prediction_manifest.json
TIME run allocation action=skip run=/fslarge/scratch/users/h61084/codes/adaptime/outputs/adaptime/predictions/ridge/univariate/Finland_Traffic/15T/short/run_0 source_launch=selena_adaptime_3241621 launch_id=selena_adaptime_3275021 slurm_job_id=3275021 launched_at=2026-09-09T13:15:08.963606+00:00
/fslarge/scratch/users/h61084/codes/adaptime/outputs/adaptime/predictions/ridge/univariate/Finland_Traffic/15T/short/run_0/prediction/prediction_manifest.json
TIME run allocation action=skip run=/fslarge/scratch/users/h61084/codes/adaptime/outputs/adaptime/predictions/ridge/univariate/Finland_Traffic/15T/medium/run_0 source_launch=selena_adaptime_3241621 launch_id=selena_adaptime_3275021 slurm_job_id=3275021 launched_at=2026-09-09T13:15:08.984976+00:00
/fslarge/scratch/users/h61084/codes/adaptime/outputs/adaptime/predictions/ridge/univariate/Finland_Traffic/15T/medium/run_0/prediction/prediction_manifest.json
TIME run allocation action=skip run=/fslarge/scratch/users/h61084/codes/adaptime/outputs/adaptime/predictions/ridge/univariate/Finland_Traffic/15T/long/run_0 source_launch=selena_adaptime_3241621 launch_id=selena_adaptime_3275021 slurm_job_id=3275021 launched_at=2026-09-09T13:15:09.006202+00:00
/fslarge/scratch/users/h61084/codes/adaptime/outputs/adaptime/predictions/ridge/univariate/Finland_Traffic/15T/long/run_0/prediction/prediction_manifest.json
TIME run allocation action=skip run=/fslarge/scratch/users/h61084/codes/adaptime/outputs/adaptime/predictions/ridge/univariate/Port_Activity/D/short/run_0 source_launch=selena_adaptime_3241621 launch_id=selena_adaptime_3275021 slurm_job_id=3275021 launched_at=2026-09-09T13:15:09.026971+00:00
/fslarge/scratch/users/h61084/codes/adaptime/outputs/adaptime/predictions/ridge/univariate/Port_Activity/D/short/run_0/prediction/prediction_manifest.json
TIME run allocation action=skip run=/fslarge/scratch/users/h61084/codes/adaptime/outputs/adaptime/predictions/ridge/univariate/Port_Activity/W/short/run_0 source_launch=selena_adaptime_3241621 launch_id=selena_adaptime_3275021 slurm_job_id=3275021 launched_at=2026-09-09T13:15:09.047609+00:00
/fslarge/scratch/users/h61084/codes/adaptime/outputs/adaptime/predictions/ridge/univariate/Port_Activity/W/short/run_0/prediction/prediction_manifest.json
TIME run allocation action=skip run=/fslarge/scratch/users/h61084/codes/adaptime/outputs/adaptime/predictions/ridge/univariate/ECDC_COVID/D/short/run_0 source_launch=selena_adaptime_3241621 launch_id=selena_adaptime_3275021 slurm_job_id=3275021 launched_at=2026-09-09T13:15:09.068673+00:00
/fslarge/scratch/users/h61084/codes/adaptime/outputs/adaptime/predictions/ridge/univariate/ECDC_COVID/D/short/run_0/prediction/prediction_manifest.json
TIME run allocation action=skip run=/fslarge/scratch/users/h61084/codes/adaptime/outputs/adaptime/predictions/ridge/univariate/ECDC_COVID/W/short/run_0 source_launch=selena_adaptime_3241621 launch_id=selena_adaptime_3275021 slurm_job_id=3275021 launched_at=2026-09-09T13:15:09.089364+00:00
/fslarge/scratch/users/h61084/codes/adaptime/outputs/adaptime/predictions/ridge/univariate/ECDC_COVID/W/short/run_0/prediction/prediction_manifest.json
TIME run allocation action=skip run=/fslarge/scratch/users/h61084/codes/adaptime/outputs/adaptime/predictions/ridge/univariate/Global_Influenza/W/short/run_0 source_launch=selena_adaptime_3241621 launch_id=selena_adaptime_3275021 slurm_job_id=3275021 launched_at=2026-09-09T13:15:09.110381+00:00
/fslarge/scratch/users/h61084/codes/adaptime/outputs/adaptime/predictions/ridge/univariate/Global_Influenza/W/short/run_0/prediction/prediction_manifest.json
TIME run allocation action=skip run=/fslarge/scratch/users/h61084/codes/adaptime/outputs/adaptime/predictions/ridge/univariate/Crypto/D/short/run_0 source_launch=selena_adaptime_3241621 launch_id=selena_adaptime_3275021 slurm_job_id=3275021 launched_at=2026-09-09T13:15:09.130875+00:00
/fslarge/scratch/users/h61084/codes/adaptime/outputs/adaptime/predictions/ridge/univariate/Crypto/D/short/run_0/prediction/prediction_manifest.json
TIME run allocation action=skip run=/fslarge/scratch/users/h61084/codes/adaptime/outputs/adaptime/predictions/ridge/univariate/US_Term_Structure/B/short/run_0 source_launch=selena_adaptime_3241621 launch_id=selena_adaptime_3275021 slurm_job_id=3275021 launched_at=2026-09-09T13:15:09.151748+00:00
/fslarge/scratch/users/h61084/codes/adaptime/outputs/adaptime/predictions/ridge/univariate/US_Term_Structure/B/short/run_0/prediction/prediction_manifest.json
TIME run allocation action=skip run=/fslarge/scratch/users/h61084/codes/adaptime/outputs/adaptime/predictions/ridge/univariate/Oil_Price/B/short/run_0 source_launch=selena_adaptime_3241621 launch_id=selena_adaptime_3275021 slurm_job_id=3275021 launched_at=2026-09-09T13:15:09.172573+00:00
/fslarge/scratch/users/h61084/codes/adaptime/outputs/adaptime/predictions/ridge/univariate/Oil_Price/B/short/run_0/prediction/prediction_manifest.json
TIME run allocation action=skip run=/fslarge/scratch/users/h61084/codes/adaptime/outputs/adaptime/predictions/ridge/univariate/Job_Claims/W/short/run_0 source_launch=selena_adaptime_3241621 launch_id=selena_adaptime_3275021 slurm_job_id=3275021 launched_at=2026-09-09T13:15:09.193587+00:00
/fslarge/scratch/users/h61084/codes/adaptime/outputs/adaptime/predictions/ridge/univariate/Job_Claims/W/short/run_0/prediction/prediction_manifest.json
TIME run allocation action=skip run=/fslarge/scratch/users/h61084/codes/adaptime/outputs/adaptime/predictions/ridge/univariate/Uncertainty_1M/M/short/run_0 source_launch=selena_adaptime_3241621 launch_id=selena_adaptime_3275021 slurm_job_id=3275021 launched_at=2026-09-09T13:15:09.214672+00:00
/fslarge/scratch/users/h61084/codes/adaptime/outputs/adaptime/predictions/ridge/univariate/Uncertainty_1M/M/short/run_0/prediction/prediction_manifest.json
TIME run allocation action=skip run=/fslarge/scratch/users/h61084/codes/adaptime/outputs/adaptime/predictions/ridge/univariate/Housing_Inventory/M/short/run_0 source_launch=selena_adaptime_3241621 launch_id=selena_adaptime_3275021 slurm_job_id=3275021 launched_at=2026-09-09T13:15:09.235239+00:00
/fslarge/scratch/users/h61084/codes/adaptime/outputs/adaptime/predictions/ridge/univariate/Housing_Inventory/M/short/run_0/prediction/prediction_manifest.json
TIME run allocation action=skip run=/fslarge/scratch/users/h61084/codes/adaptime/outputs/adaptime/predictions/ridge/univariate/JOLTS/M/short/run_0 source_launch=selena_adaptime_3241621 launch_id=selena_adaptime_3275021 slurm_job_id=3275021 launched_at=2026-09-09T13:15:09.256132+00:00
/fslarge/scratch/users/h61084/codes/adaptime/outputs/adaptime/predictions/ridge/univariate/JOLTS/M/short/run_0/prediction/prediction_manifest.json
TIME run allocation action=skip run=/fslarge/scratch/users/h61084/codes/adaptime/outputs/adaptime/predictions/ridge/univariate/US_Labor/M/short/run_0 source_launch=selena_adaptime_3241621 launch_id=selena_adaptime_3275021 slurm_job_id=3275021 launched_at=2026-09-09T13:15:09.277022+00:00
/fslarge/scratch/users/h61084/codes/adaptime/outputs/adaptime/predictions/ridge/univariate/US_Labor/M/short/run_0/prediction/prediction_manifest.json
TIME run allocation action=skip run=/fslarge/scratch/users/h61084/codes/adaptime/outputs/adaptime/predictions/ridge/univariate/Vehicle_Supply/M/short/run_0 source_launch=selena_adaptime_3241621 launch_id=selena_adaptime_3275021 slurm_job_id=3275021 launched_at=2026-09-09T13:15:09.297565+00:00
/fslarge/scratch/users/h61084/codes/adaptime/outputs/adaptime/predictions/ridge/univariate/Vehicle_Supply/M/short/run_0/prediction/prediction_manifest.json
TIME run allocation action=skip run=/fslarge/scratch/users/h61084/codes/adaptime/outputs/adaptime/predictions/ridge/univariate/Auto_Production_SF/M/short/run_0 source_launch=selena_adaptime_3241621 launch_id=selena_adaptime_3275021 slurm_job_id=3275021 launched_at=2026-09-09T13:15:09.318541+00:00
/fslarge/scratch/users/h61084/codes/adaptime/outputs/adaptime/predictions/ridge/univariate/Auto_Production_SF/M/short/run_0/prediction/prediction_manifest.json
TIME run allocation action=skip run=/fslarge/scratch/users/h61084/codes/adaptime/outputs/adaptime/predictions/ridge/univariate/Commodity_Production/M/short/run_0 source_launch=selena_adaptime_3241621 launch_id=selena_adaptime_3275021 slurm_job_id=3275021 launched_at=2026-09-09T13:15:09.339275+00:00
/fslarge/scratch/users/h61084/codes/adaptime/outputs/adaptime/predictions/ridge/univariate/Commodity_Production/M/short/run_0/prediction/prediction_manifest.json
TIME run allocation action=skip run=/fslarge/scratch/users/h61084/codes/adaptime/outputs/adaptime/predictions/ridge/univariate/Commodity_Import/M/short/run_0 source_launch=selena_adaptime_3241621 launch_id=selena_adaptime_3275021 slurm_job_id=3275021 launched_at=2026-09-09T13:15:09.360385+00:00
/fslarge/scratch/users/h61084/codes/adaptime/outputs/adaptime/predictions/ridge/univariate/Commodity_Import/M/short/run_0/prediction/prediction_manifest.json
TIME run allocation action=skip run=/fslarge/scratch/users/h61084/codes/adaptime/outputs/adaptime/predictions/ridge/univariate/WUI_Global/Q/short/run_0 source_launch=selena_adaptime_3241621 launch_id=selena_adaptime_3275021 slurm_job_id=3275021 launched_at=2026-09-09T13:15:09.380951+00:00
/fslarge/scratch/users/h61084/codes/adaptime/outputs/adaptime/predictions/ridge/univariate/WUI_Global/Q/short/run_0/prediction/prediction_manifest.json
TIME run allocation action=skip run=/fslarge/scratch/users/h61084/codes/adaptime/outputs/adaptime/predictions/ridge/univariate/Global_Price/Q/short/run_0 source_launch=selena_adaptime_3241621 launch_id=selena_adaptime_3275021 slurm_job_id=3275021 launched_at=2026-09-09T13:15:09.401850+00:00
/fslarge/scratch/users/h61084/codes/adaptime/outputs/adaptime/predictions/ridge/univariate/Global_Price/Q/short/run_0/prediction/prediction_manifest.json
TIME run allocation action=skip run=/fslarge/scratch/users/h61084/codes/adaptime/outputs/adaptime/predictions/ridge/univariate/Vehicle_Sales/M/short/run_0 source_launch=selena_adaptime_3241621 launch_id=selena_adaptime_3275021 slurm_job_id=3275021 launched_at=2026-09-09T13:15:09.422580+00:00
/fslarge/scratch/users/h61084/codes/adaptime/outputs/adaptime/predictions/ridge/univariate/Vehicle_Sales/M/short/run_0/prediction/prediction_manifest.json
TIME run allocation action=skip run=/fslarge/scratch/users/h61084/codes/adaptime/outputs/adaptime/predictions/ridge/univariate/Online_Retail_2_UCI/D/short/run_0 source_launch=selena_adaptime_3241621 launch_id=selena_adaptime_3275021 slurm_job_id=3275021 launched_at=2026-09-09T13:15:09.443790+00:00
/fslarge/scratch/users/h61084/codes/adaptime/outputs/adaptime/predictions/ridge/univariate/Online_Retail_2_UCI/D/short/run_0/prediction/prediction_manifest.json
TIME run allocation action=skip run=/fslarge/scratch/users/h61084/codes/adaptime/outputs/adaptime/predictions/ridge/univariate/Supply_Chain_Customer/D/short/run_0 source_launch=selena_adaptime_3241621 launch_id=selena_adaptime_3275021 slurm_job_id=3275021 launched_at=2026-09-09T13:15:09.465707+00:00
/fslarge/scratch/users/h61084/codes/adaptime/outputs/adaptime/predictions/ridge/univariate/Supply_Chain_Customer/D/short/run_0/prediction/prediction_manifest.json
TIME run allocation action=skip run=/fslarge/scratch/users/h61084/codes/adaptime/outputs/adaptime/predictions/ridge/univariate/Supply_Chain_Location/D/short/run_0 source_launch=selena_adaptime_3241621 launch_id=selena_adaptime_3275021 slurm_job_id=3275021 launched_at=2026-09-09T13:15:09.486574+00:00
/fslarge/scratch/users/h61084/codes/adaptime/outputs/adaptime/predictions/ridge/univariate/Supply_Chain_Location/D/short/run_0/prediction/prediction_manifest.json
TIME run allocation action=skip run=/fslarge/scratch/users/h61084/codes/adaptime/outputs/adaptime/predictions/ridge/univariate/azure2019_D/5T/short/run_0 source_launch=selena_adaptime_3241621 launch_id=selena_adaptime_3275021 slurm_job_id=3275021 launched_at=2026-09-09T13:15:09.507318+00:00
/fslarge/scratch/users/h61084/codes/adaptime/outputs/adaptime/predictions/ridge/univariate/azure2019_D/5T/short/run_0/prediction/prediction_manifest.json
TIME run allocation action=skip run=/fslarge/scratch/users/h61084/codes/adaptime/outputs/adaptime/predictions/ridge/univariate/azure2019_I/5T/short/run_0 source_launch=selena_adaptime_3241621 launch_id=selena_adaptime_3275021 slurm_job_id=3275021 launched_at=2026-09-09T13:15:09.528121+00:00
/fslarge/scratch/users/h61084/codes/adaptime/outputs/adaptime/predictions/ridge/univariate/azure2019_I/5T/short/run_0/prediction/prediction_manifest.json
TIME run allocation action=skip run=/fslarge/scratch/users/h61084/codes/adaptime/outputs/adaptime/predictions/ridge/univariate/azure2019_U/5T/short/run_0 source_launch=selena_adaptime_3241621 launch_id=selena_adaptime_3275021 slurm_job_id=3275021 launched_at=2026-09-09T13:15:09.548917+00:00
/fslarge/scratch/users/h61084/codes/adaptime/outputs/adaptime/predictions/ridge/univariate/azure2019_U/5T/short/run_0/prediction/prediction_manifest.json
TIME run allocation action=skip run=/fslarge/scratch/users/h61084/codes/adaptime/outputs/adaptime/predictions/ridge/univariate/Smart_Manufacturing/H/short/run_0 source_launch=selena_adaptime_3241621 launch_id=selena_adaptime_3275021 slurm_job_id=3275021 launched_at=2026-09-09T13:15:09.569083+00:00
/fslarge/scratch/users/h61084/codes/adaptime/outputs/adaptime/predictions/ridge/univariate/Smart_Manufacturing/H/short/run_0/prediction/prediction_manifest.json
TIME run allocation action=skip run=/fslarge/scratch/users/h61084/codes/adaptime/outputs/adaptime/predictions/ridge/univariate/Smart_Manufacturing/H/medium/run_0 source_launch=selena_adaptime_3241621 launch_id=selena_adaptime_3275021 slurm_job_id=3275021 launched_at=2026-09-09T13:15:09.589673+00:00
/fslarge/scratch/users/h61084/codes/adaptime/outputs/adaptime/predictions/ridge/univariate/Smart_Manufacturing/H/medium/run_0/prediction/prediction_manifest.json
TIME run allocation action=skip run=/fslarge/scratch/users/h61084/codes/adaptime/outputs/adaptime/predictions/ridge/univariate/Smart_Manufacturing/H/long/run_0 source_launch=selena_adaptime_3241621 launch_id=selena_adaptime_3275021 slurm_job_id=3275021 launched_at=2026-09-09T13:15:09.610402+00:00
/fslarge/scratch/users/h61084/codes/adaptime/outputs/adaptime/predictions/ridge/univariate/Smart_Manufacturing/H/long/run_0/prediction/prediction_manifest.json
TIME run allocation action=skip run=/fslarge/scratch/users/h61084/codes/adaptime/outputs/adaptime/predictions/ridge/univariate/MetroPT-3/5T/short/run_0 source_launch=selena_adaptime_3241621 launch_id=selena_adaptime_3275021 slurm_job_id=3275021 launched_at=2026-09-09T13:15:09.631364+00:00
/fslarge/scratch/users/h61084/codes/adaptime/outputs/adaptime/predictions/ridge/univariate/MetroPT-3/5T/short/run_0/prediction/prediction_manifest.json
TIME run allocation action=skip run=/fslarge/scratch/users/h61084/codes/adaptime/outputs/adaptime/predictions/ridge/univariate/MetroPT-3/5T/medium/run_0 source_launch=selena_adaptime_3241621 launch_id=selena_adaptime_3275021 slurm_job_id=3275021 launched_at=2026-09-09T13:15:09.651881+00:00
/fslarge/scratch/users/h61084/codes/adaptime/outputs/adaptime/predictions/ridge/univariate/MetroPT-3/5T/medium/run_0/prediction/prediction_manifest.json
TIME run allocation action=skip run=/fslarge/scratch/users/h61084/codes/adaptime/outputs/adaptime/predictions/ridge/univariate/MetroPT-3/5T/long/run_0 source_launch=selena_adaptime_3241621 launch_id=selena_adaptime_3275021 slurm_job_id=3275021 launched_at=2026-09-09T13:15:09.672501+00:00
/fslarge/scratch/users/h61084/codes/adaptime/outputs/adaptime/predictions/ridge/univariate/MetroPT-3/5T/long/run_0/prediction/prediction_manifest.json
TIME run allocation action=skip run=/fslarge/scratch/users/h61084/codes/adaptime/outputs/adaptime/evaluations/vanilla/univariate/Water_Quality_Darwin/15T/short/run_0 source_launch=selena_adaptime_3241621 launch_id=selena_adaptime_3275021 slurm_job_id=3275021 launched_at=2026-09-09T13:15:09.683981+00:00
/fslarge/scratch/users/h61084/codes/adaptime/outputs/adaptime/evaluations/vanilla/univariate/Water_Quality_Darwin/15T/short/run_0/metrics_summary.json
TIME run allocation action=skip run=/fslarge/scratch/users/h61084/codes/adaptime/outputs/adaptime/evaluations/covariate_prediction/univariate/Water_Quality_Darwin/15T/short/run_0 source_launch=selena_adaptime_3241621 launch_id=selena_adaptime_3275021 slurm_job_id=3275021 launched_at=2026-09-09T13:15:09.693895+00:00
/fslarge/scratch/users/h61084/codes/adaptime/outputs/adaptime/evaluations/covariate_prediction/univariate/Water_Quality_Darwin/15T/short/run_0/metrics_summary.json
TIME run allocation action=skip run=/fslarge/scratch/users/h61084/codes/adaptime/outputs/adaptime/evaluations/bayes_covariate_prediction/univariate/Water_Quality_Darwin/15T/short/run_0 source_launch=selena_adaptime_3241621 launch_id=selena_adaptime_3275021 slurm_job_id=3275021 launched_at=2026-09-09T13:15:09.703926+00:00
/fslarge/scratch/users/h61084/codes/adaptime/outputs/adaptime/evaluations/bayes_covariate_prediction/univariate/Water_Quality_Darwin/15T/short/run_0/metrics_summary.json
TIME run allocation action=skip run=/fslarge/scratch/users/h61084/codes/adaptime/outputs/adaptime/evaluations/full_ridge_shared/univariate/Water_Quality_Darwin/15T/short/run_0 source_launch=selena_adaptime_3241621 launch_id=selena_adaptime_3275021 slurm_job_id=3275021 launched_at=2026-09-09T13:15:09.713957+00:00
/fslarge/scratch/users/h61084/codes/adaptime/outputs/adaptime/evaluations/full_ridge_shared/univariate/Water_Quality_Darwin/15T/short/run_0/metrics_summary.json
TIME run allocation action=skip run=/fslarge/scratch/users/h61084/codes/adaptime/outputs/adaptime/evaluations/vanilla/univariate/Water_Quality_Darwin/15T/medium/run_0 source_launch=selena_adaptime_3241621 launch_id=selena_adaptime_3275021 slurm_job_id=3275021 launched_at=2026-09-09T13:15:09.724676+00:00
/fslarge/scratch/users/h61084/codes/adaptime/outputs/adaptime/evaluations/vanilla/univariate/Water_Quality_Darwin/15T/medium/run_0/metrics_summary.json
TIME run allocation action=skip run=/fslarge/scratch/users/h61084/codes/adaptime/outputs/adaptime/evaluations/covariate_prediction/univariate/Water_Quality_Darwin/15T/medium/run_0 source_launch=selena_adaptime_3241621 launch_id=selena_adaptime_3275021 slurm_job_id=3275021 launched_at=2026-09-09T13:15:09.734020+00:00
/fslarge/scratch/users/h61084/codes/adaptime/outputs/adaptime/evaluations/covariate_prediction/univariate/Water_Quality_Darwin/15T/medium/run_0/metrics_summary.json
TIME run allocation action=skip run=/fslarge/scratch/users/h61084/codes/adaptime/outputs/adaptime/evaluations/bayes_covariate_prediction/univariate/Water_Quality_Darwin/15T/medium/run_0 source_launch=selena_adaptime_3241621 launch_id=selena_adaptime_3275021 slurm_job_id=3275021 launched_at=2026-09-09T13:15:09.743518+00:00
/fslarge/scratch/users/h61084/codes/adaptime/outputs/adaptime/evaluations/bayes_covariate_prediction/univariate/Water_Quality_Darwin/15T/medium/run_0/metrics_summary.json
TIME run allocation action=skip run=/fslarge/scratch/users/h61084/codes/adaptime/outputs/adaptime/evaluations/full_ridge_shared/univariate/Water_Quality_Darwin/15T/medium/run_0 source_launch=selena_adaptime_3241621 launch_id=selena_adaptime_3275021 slurm_job_id=3275021 launched_at=2026-09-09T13:15:09.753063+00:00
/fslarge/scratch/users/h61084/codes/adaptime/outputs/adaptime/evaluations/full_ridge_shared/univariate/Water_Quality_Darwin/15T/medium/run_0/metrics_summary.json
TIME run allocation action=skip run=/fslarge/scratch/users/h61084/codes/adaptime/outputs/adaptime/evaluations/vanilla/univariate/Water_Quality_Darwin/15T/long/run_0 source_launch=selena_adaptime_3241621 launch_id=selena_adaptime_3275021 slurm_job_id=3275021 launched_at=2026-09-09T13:15:09.764182+00:00
/fslarge/scratch/users/h61084/codes/adaptime/outputs/adaptime/evaluations/vanilla/univariate/Water_Quality_Darwin/15T/long/run_0/metrics_summary.json
TIME run allocation action=skip run=/fslarge/scratch/users/h61084/codes/adaptime/outputs/adaptime/evaluations/covariate_prediction/univariate/Water_Quality_Darwin/15T/long/run_0 source_launch=selena_adaptime_3241621 launch_id=selena_adaptime_3275021 slurm_job_id=3275021 launched_at=2026-09-09T13:15:09.773766+00:00
/fslarge/scratch/users/h61084/codes/adaptime/outputs/adaptime/evaluations/covariate_prediction/univariate/Water_Quality_Darwin/15T/long/run_0/metrics_summary.json
TIME run allocation action=skip run=/fslarge/scratch/users/h61084/codes/adaptime/outputs/adaptime/evaluations/bayes_covariate_prediction/univariate/Water_Quality_Darwin/15T/long/run_0 source_launch=selena_adaptime_3241621 launch_id=selena_adaptime_3275021 slurm_job_id=3275021 launched_at=2026-09-09T13:15:09.783111+00:00
/fslarge/scratch/users/h61084/codes/adaptime/outputs/adaptime/evaluations/bayes_covariate_prediction/univariate/Water_Quality_Darwin/15T/long/run_0/metrics_summary.json
TIME run allocation action=skip run=/fslarge/scratch/users/h61084/codes/adaptime/outputs/adaptime/evaluations/full_ridge_shared/univariate/Water_Quality_Darwin/15T/long/run_0 source_launch=selena_adaptime_3241621 launch_id=selena_adaptime_3275021 slurm_job_id=3275021 launched_at=2026-09-09T13:15:09.792555+00:00
/fslarge/scratch/users/h61084/codes/adaptime/outputs/adaptime/evaluations/full_ridge_shared/univariate/Water_Quality_Darwin/15T/long/run_0/metrics_summary.json
TIME run allocation action=skip run=/fslarge/scratch/users/h61084/codes/adaptime/outputs/adaptime/evaluations/vanilla/univariate/current_velocity/5T/short/run_0 source_launch=selena_adaptime_3241621 launch_id=selena_adaptime_3275021 slurm_job_id=3275021 launched_at=2026-09-09T13:15:09.803775+00:00
/fslarge/scratch/users/h61084/codes/adaptime/outputs/adaptime/evaluations/vanilla/univariate/current_velocity/5T/short/run_0/metrics_summary.json
TIME run allocation action=skip run=/fslarge/scratch/users/h61084/codes/adaptime/outputs/adaptime/evaluations/covariate_prediction/univariate/current_velocity/5T/short/run_0 source_launch=selena_adaptime_3241621 launch_id=selena_adaptime_3275021 slurm_job_id=3275021 launched_at=2026-09-09T13:15:09.813198+00:00
/fslarge/scratch/users/h61084/codes/adaptime/outputs/adaptime/evaluations/covariate_prediction/univariate/current_velocity/5T/short/run_0/metrics_summary.json
TIME run allocation action=skip run=/fslarge/scratch/users/h61084/codes/adaptime/outputs/adaptime/evaluations/bayes_covariate_prediction/univariate/current_velocity/5T/short/run_0 source_launch=selena_adaptime_3241621 launch_id=selena_adaptime_3275021 slurm_job_id=3275021 launched_at=2026-09-09T13:15:09.823219+00:00
/fslarge/scratch/users/h61084/codes/adaptime/outputs/adaptime/evaluations/bayes_covariate_prediction/univariate/current_velocity/5T/short/run_0/metrics_summary.json
TIME run allocation action=skip run=/fslarge/scratch/users/h61084/codes/adaptime/outputs/adaptime/evaluations/full_ridge_shared/univariate/current_velocity/5T/short/run_0 source_launch=selena_adaptime_3241621 launch_id=selena_adaptime_3275021 slurm_job_id=3275021 launched_at=2026-09-09T13:15:09.832890+00:00
/fslarge/scratch/users/h61084/codes/adaptime/outputs/adaptime/evaluations/full_ridge_shared/univariate/current_velocity/5T/short/run_0/metrics_summary.json
TIME run allocation action=skip run=/fslarge/scratch/users/h61084/codes/adaptime/outputs/adaptime/evaluations/vanilla/univariate/current_velocity/5T/medium/run_0 source_launch=selena_adaptime_3241621 launch_id=selena_adaptime_3275021 slurm_job_id=3275021 launched_at=2026-09-09T13:15:09.843705+00:00
/fslarge/scratch/users/h61084/codes/adaptime/outputs/adaptime/evaluations/vanilla/univariate/current_velocity/5T/medium/run_0/metrics_summary.json
TIME run allocation action=skip run=/fslarge/scratch/users/h61084/codes/adaptime/outputs/adaptime/evaluations/covariate_prediction/univariate/current_velocity/5T/medium/run_0 source_launch=selena_adaptime_3241621 launch_id=selena_adaptime_3275021 slurm_job_id=3275021 launched_at=2026-09-09T13:15:09.853270+00:00
/fslarge/scratch/users/h61084/codes/adaptime/outputs/adaptime/evaluations/covariate_prediction/univariate/current_velocity/5T/medium/run_0/metrics_summary.json
TIME run allocation action=skip run=/fslarge/scratch/users/h61084/codes/adaptime/outputs/adaptime/evaluations/bayes_covariate_prediction/univariate/current_velocity/5T/medium/run_0 source_launch=selena_adaptime_3241621 launch_id=selena_adaptime_3275021 slurm_job_id=3275021 launched_at=2026-09-09T13:15:09.863070+00:00
/fslarge/scratch/users/h61084/codes/adaptime/outputs/adaptime/evaluations/bayes_covariate_prediction/univariate/current_velocity/5T/medium/run_0/metrics_summary.json
TIME run allocation action=skip run=/fslarge/scratch/users/h61084/codes/adaptime/outputs/adaptime/evaluations/full_ridge_shared/univariate/current_velocity/5T/medium/run_0 source_launch=selena_adaptime_3241621 launch_id=selena_adaptime_3275021 slurm_job_id=3275021 launched_at=2026-09-09T13:15:09.872721+00:00
/fslarge/scratch/users/h61084/codes/adaptime/outputs/adaptime/evaluations/full_ridge_shared/univariate/current_velocity/5T/medium/run_0/metrics_summary.json
TIME run allocation action=skip run=/fslarge/scratch/users/h61084/codes/adaptime/outputs/adaptime/evaluations/vanilla/univariate/current_velocity/5T/long/run_0 source_launch=selena_adaptime_3241621 launch_id=selena_adaptime_3275021 slurm_job_id=3275021 launched_at=2026-09-09T13:15:09.883815+00:00
/fslarge/scratch/users/h61084/codes/adaptime/outputs/adaptime/evaluations/vanilla/univariate/current_velocity/5T/long/run_0/metrics_summary.json
TIME run allocation action=skip run=/fslarge/scratch/users/h61084/codes/adaptime/outputs/adaptime/evaluations/covariate_prediction/univariate/current_velocity/5T/long/run_0 source_launch=selena_adaptime_3241621 launch_id=selena_adaptime_3275021 slurm_job_id=3275021 launched_at=2026-09-09T13:15:09.893229+00:00
/fslarge/scratch/users/h61084/codes/adaptime/outputs/adaptime/evaluations/covariate_prediction/univariate/current_velocity/5T/long/run_0/metrics_summary.json
TIME run allocation action=skip run=/fslarge/scratch/users/h61084/codes/adaptime/outputs/adaptime/evaluations/bayes_covariate_prediction/univariate/current_velocity/5T/long/run_0 source_launch=selena_adaptime_3241621 launch_id=selena_adaptime_3275021 slurm_job_id=3275021 launched_at=2026-09-09T13:15:09.902702+00:00
/fslarge/scratch/users/h61084/codes/adaptime/outputs/adaptime/evaluations/bayes_covariate_prediction/univariate/current_velocity/5T/long/run_0/metrics_summary.json
TIME run allocation action=skip run=/fslarge/scratch/users/h61084/codes/adaptime/outputs/adaptime/evaluations/full_ridge_shared/univariate/current_velocity/5T/long/run_0 source_launch=selena_adaptime_3241621 launch_id=selena_adaptime_3275021 slurm_job_id=3275021 launched_at=2026-09-09T13:15:09.912150+00:00
/fslarge/scratch/users/h61084/codes/adaptime/outputs/adaptime/evaluations/full_ridge_shared/univariate/current_velocity/5T/long/run_0/metrics_summary.json
TIME run allocation action=skip run=/fslarge/scratch/users/h61084/codes/adaptime/outputs/adaptime/evaluations/vanilla/univariate/current_velocity/10T/short/run_0 source_launch=selena_adaptime_3241621 launch_id=selena_adaptime_3275021 slurm_job_id=3275021 launched_at=2026-09-09T13:15:09.923393+00:00
/fslarge/scratch/users/h61084/codes/adaptime/outputs/adaptime/evaluations/vanilla/univariate/current_velocity/10T/short/run_0/metrics_summary.json
TIME run allocation action=skip run=/fslarge/scratch/users/h61084/codes/adaptime/outputs/adaptime/evaluations/covariate_prediction/univariate/current_velocity/10T/short/run_0 source_launch=selena_adaptime_3241621 launch_id=selena_adaptime_3275021 slurm_job_id=3275021 launched_at=2026-09-09T13:15:09.933064+00:00
/fslarge/scratch/users/h61084/codes/adaptime/outputs/adaptime/evaluations/covariate_prediction/univariate/current_velocity/10T/short/run_0/metrics_summary.json
TIME run allocation action=skip run=/fslarge/scratch/users/h61084/codes/adaptime/outputs/adaptime/evaluations/bayes_covariate_prediction/univariate/current_velocity/10T/short/run_0 source_launch=selena_adaptime_3241621 launch_id=selena_adaptime_3275021 slurm_job_id=3275021 launched_at=2026-09-09T13:15:09.942579+00:00
/fslarge/scratch/users/h61084/codes/adaptime/outputs/adaptime/evaluations/bayes_covariate_prediction/univariate/current_velocity/10T/short/run_0/metrics_summary.json
TIME run allocation action=skip run=/fslarge/scratch/users/h61084/codes/adaptime/outputs/adaptime/evaluations/full_ridge_shared/univariate/current_velocity/10T/short/run_0 source_launch=selena_adaptime_3241621 launch_id=selena_adaptime_3275021 slurm_job_id=3275021 launched_at=2026-09-09T13:15:09.952191+00:00
/fslarge/scratch/users/h61084/codes/adaptime/outputs/adaptime/evaluations/full_ridge_shared/univariate/current_velocity/10T/short/run_0/metrics_summary.json
TIME run allocation action=skip run=/fslarge/scratch/users/h61084/codes/adaptime/outputs/adaptime/evaluations/vanilla/univariate/current_velocity/10T/medium/run_0 source_launch=selena_adaptime_3241621 launch_id=selena_adaptime_3275021 slurm_job_id=3275021 launched_at=2026-09-09T13:15:09.962965+00:00
/fslarge/scratch/users/h61084/codes/adaptime/outputs/adaptime/evaluations/vanilla/univariate/current_velocity/10T/medium/run_0/metrics_summary.json
TIME run allocation action=skip run=/fslarge/scratch/users/h61084/codes/adaptime/outputs/adaptime/evaluations/covariate_prediction/univariate/current_velocity/10T/medium/run_0 source_launch=selena_adaptime_3241621 launch_id=selena_adaptime_3275021 slurm_job_id=3275021 launched_at=2026-09-09T13:15:09.972614+00:00
/fslarge/scratch/users/h61084/codes/adaptime/outputs/adaptime/evaluations/covariate_prediction/univariate/current_velocity/10T/medium/run_0/metrics_summary.json
TIME run allocation action=skip run=/fslarge/scratch/users/h61084/codes/adaptime/outputs/adaptime/evaluations/bayes_covariate_prediction/univariate/current_velocity/10T/medium/run_0 source_launch=selena_adaptime_3241621 launch_id=selena_adaptime_3275021 slurm_job_id=3275021 launched_at=2026-09-09T13:15:09.982164+00:00
/fslarge/scratch/users/h61084/codes/adaptime/outputs/adaptime/evaluations/bayes_covariate_prediction/univariate/current_velocity/10T/medium/run_0/metrics_summary.json
TIME run allocation action=skip run=/fslarge/scratch/users/h61084/codes/adaptime/outputs/adaptime/evaluations/full_ridge_shared/univariate/current_velocity/10T/medium/run_0 source_launch=selena_adaptime_3241621 launch_id=selena_adaptime_3275021 slurm_job_id=3275021 launched_at=2026-09-09T13:15:09.991511+00:00
/fslarge/scratch/users/h61084/codes/adaptime/outputs/adaptime/evaluations/full_ridge_shared/univariate/current_velocity/10T/medium/run_0/metrics_summary.json
TIME run allocation action=skip run=/fslarge/scratch/users/h61084/codes/adaptime/outputs/adaptime/evaluations/vanilla/univariate/current_velocity/10T/long/run_0 source_launch=selena_adaptime_3241621 launch_id=selena_adaptime_3275021 slurm_job_id=3275021 launched_at=2026-09-09T13:15:10.002456+00:00
/fslarge/scratch/users/h61084/codes/adaptime/outputs/adaptime/evaluations/vanilla/univariate/current_velocity/10T/long/run_0/metrics_summary.json
TIME run allocation action=skip run=/fslarge/scratch/users/h61084/codes/adaptime/outputs/adaptime/evaluations/covariate_prediction/univariate/current_velocity/10T/long/run_0 source_launch=selena_adaptime_3241621 launch_id=selena_adaptime_3275021 slurm_job_id=3275021 launched_at=2026-09-09T13:15:10.011975+00:00
/fslarge/scratch/users/h61084/codes/adaptime/outputs/adaptime/evaluations/covariate_prediction/univariate/current_velocity/10T/long/run_0/metrics_summary.json
TIME run allocation action=skip run=/fslarge/scratch/users/h61084/codes/adaptime/outputs/adaptime/evaluations/bayes_covariate_prediction/univariate/current_velocity/10T/long/run_0 source_launch=selena_adaptime_3241621 launch_id=selena_adaptime_3275021 slurm_job_id=3275021 launched_at=2026-09-09T13:15:10.021282+00:00
/fslarge/scratch/users/h61084/codes/adaptime/outputs/adaptime/evaluations/bayes_covariate_prediction/univariate/current_velocity/10T/long/run_0/metrics_summary.json
TIME run allocation action=skip run=/fslarge/scratch/users/h61084/codes/adaptime/outputs/adaptime/evaluations/full_ridge_shared/univariate/current_velocity/10T/long/run_0 source_launch=selena_adaptime_3241621 launch_id=selena_adaptime_3275021 slurm_job_id=3275021 launched_at=2026-09-09T13:15:10.030840+00:00
/fslarge/scratch/users/h61084/codes/adaptime/outputs/adaptime/evaluations/full_ridge_shared/univariate/current_velocity/10T/long/run_0/metrics_summary.json
TIME run allocation action=skip run=/fslarge/scratch/users/h61084/codes/adaptime/outputs/adaptime/evaluations/vanilla/univariate/current_velocity/15T/short/run_0 source_launch=selena_adaptime_3241621 launch_id=selena_adaptime_3275021 slurm_job_id=3275021 launched_at=2026-09-09T13:15:10.041684+00:00
/fslarge/scratch/users/h61084/codes/adaptime/outputs/adaptime/evaluations/vanilla/univariate/current_velocity/15T/short/run_0/metrics_summary.json
TIME run allocation action=skip run=/fslarge/scratch/users/h61084/codes/adaptime/outputs/adaptime/evaluations/covariate_prediction/univariate/current_velocity/15T/short/run_0 source_launch=selena_adaptime_3241621 launch_id=selena_adaptime_3275021 slurm_job_id=3275021 launched_at=2026-09-09T13:15:10.051392+00:00
/fslarge/scratch/users/h61084/codes/adaptime/outputs/adaptime/evaluations/covariate_prediction/univariate/current_velocity/15T/short/run_0/metrics_summary.json
TIME run allocation action=skip run=/fslarge/scratch/users/h61084/codes/adaptime/outputs/adaptime/evaluations/bayes_covariate_prediction/univariate/current_velocity/15T/short/run_0 source_launch=selena_adaptime_3241621 launch_id=selena_adaptime_3275021 slurm_job_id=3275021 launched_at=2026-09-09T13:15:10.060711+00:00
/fslarge/scratch/users/h61084/codes/adaptime/outputs/adaptime/evaluations/bayes_covariate_prediction/univariate/current_velocity/15T/short/run_0/metrics_summary.json
TIME run allocation action=skip run=/fslarge/scratch/users/h61084/codes/adaptime/outputs/adaptime/evaluations/full_ridge_shared/univariate/current_velocity/15T/short/run_0 source_launch=selena_adaptime_3241621 launch_id=selena_adaptime_3275021 slurm_job_id=3275021 launched_at=2026-09-09T13:15:10.070264+00:00
/fslarge/scratch/users/h61084/codes/adaptime/outputs/adaptime/evaluations/full_ridge_shared/univariate/current_velocity/15T/short/run_0/metrics_summary.json
TIME run allocation action=skip run=/fslarge/scratch/users/h61084/codes/adaptime/outputs/adaptime/evaluations/vanilla/univariate/current_velocity/15T/medium/run_0 source_launch=selena_adaptime_3241621 launch_id=selena_adaptime_3275021 slurm_job_id=3275021 launched_at=2026-09-09T13:15:10.081261+00:00
/fslarge/scratch/users/h61084/codes/adaptime/outputs/adaptime/evaluations/vanilla/univariate/current_velocity/15T/medium/run_0/metrics_summary.json
TIME run allocation action=skip run=/fslarge/scratch/users/h61084/codes/adaptime/outputs/adaptime/evaluations/covariate_prediction/univariate/current_velocity/15T/medium/run_0 source_launch=selena_adaptime_3241621 launch_id=selena_adaptime_3275021 slurm_job_id=3275021 launched_at=2026-09-09T13:15:10.090605+00:00
/fslarge/scratch/users/h61084/codes/adaptime/outputs/adaptime/evaluations/covariate_prediction/univariate/current_velocity/15T/medium/run_0/metrics_summary.json
TIME run allocation action=skip run=/fslarge/scratch/users/h61084/codes/adaptime/outputs/adaptime/evaluations/bayes_covariate_prediction/univariate/current_velocity/15T/medium/run_0 source_launch=selena_adaptime_3241621 launch_id=selena_adaptime_3275021 slurm_job_id=3275021 launched_at=2026-09-09T13:15:10.099957+00:00
/fslarge/scratch/users/h61084/codes/adaptime/outputs/adaptime/evaluations/bayes_covariate_prediction/univariate/current_velocity/15T/medium/run_0/metrics_summary.json
TIME run allocation action=skip run=/fslarge/scratch/users/h61084/codes/adaptime/outputs/adaptime/evaluations/full_ridge_shared/univariate/current_velocity/15T/medium/run_0 source_launch=selena_adaptime_3241621 launch_id=selena_adaptime_3275021 slurm_job_id=3275021 launched_at=2026-09-09T13:15:10.109498+00:00
/fslarge/scratch/users/h61084/codes/adaptime/outputs/adaptime/evaluations/full_ridge_shared/univariate/current_velocity/15T/medium/run_0/metrics_summary.json
TIME run allocation action=skip run=/fslarge/scratch/users/h61084/codes/adaptime/outputs/adaptime/evaluations/vanilla/univariate/current_velocity/15T/long/run_0 source_launch=selena_adaptime_3241621 launch_id=selena_adaptime_3275021 slurm_job_id=3275021 launched_at=2026-09-09T13:15:10.120380+00:00
/fslarge/scratch/users/h61084/codes/adaptime/outputs/adaptime/evaluations/vanilla/univariate/current_velocity/15T/long/run_0/metrics_summary.json
TIME run allocation action=skip run=/fslarge/scratch/users/h61084/codes/adaptime/outputs/adaptime/evaluations/covariate_prediction/univariate/current_velocity/15T/long/run_0 source_launch=selena_adaptime_3241621 launch_id=selena_adaptime_3275021 slurm_job_id=3275021 launched_at=2026-09-09T13:15:10.129752+00:00
/fslarge/scratch/users/h61084/codes/adaptime/outputs/adaptime/evaluations/covariate_prediction/univariate/current_velocity/15T/long/run_0/metrics_summary.json
TIME run allocation action=skip run=/fslarge/scratch/users/h61084/codes/adaptime/outputs/adaptime/evaluations/bayes_covariate_prediction/univariate/current_velocity/15T/long/run_0 source_launch=selena_adaptime_3241621 launch_id=selena_adaptime_3275021 slurm_job_id=3275021 launched_at=2026-09-09T13:15:10.138966+00:00
/fslarge/scratch/users/h61084/codes/adaptime/outputs/adaptime/evaluations/bayes_covariate_prediction/univariate/current_velocity/15T/long/run_0/metrics_summary.json
TIME run allocation action=skip run=/fslarge/scratch/users/h61084/codes/adaptime/outputs/adaptime/evaluations/full_ridge_shared/univariate/current_velocity/15T/long/run_0 source_launch=selena_adaptime_3241621 launch_id=selena_adaptime_3275021 slurm_job_id=3275021 launched_at=2026-09-09T13:15:10.148145+00:00
/fslarge/scratch/users/h61084/codes/adaptime/outputs/adaptime/evaluations/full_ridge_shared/univariate/current_velocity/15T/long/run_0/metrics_summary.json
TIME run allocation action=skip run=/fslarge/scratch/users/h61084/codes/adaptime/outputs/adaptime/evaluations/vanilla/univariate/current_velocity/20T/short/run_0 source_launch=selena_adaptime_3241621 launch_id=selena_adaptime_3275021 slurm_job_id=3275021 launched_at=2026-09-09T13:15:10.159316+00:00
/fslarge/scratch/users/h61084/codes/adaptime/outputs/adaptime/evaluations/vanilla/univariate/current_velocity/20T/short/run_0/metrics_summary.json
TIME run allocation action=skip run=/fslarge/scratch/users/h61084/codes/adaptime/outputs/adaptime/evaluations/covariate_prediction/univariate/current_velocity/20T/short/run_0 source_launch=selena_adaptime_3241621 launch_id=selena_adaptime_3275021 slurm_job_id=3275021 launched_at=2026-09-09T13:15:10.169028+00:00
/fslarge/scratch/users/h61084/codes/adaptime/outputs/adaptime/evaluations/covariate_prediction/univariate/current_velocity/20T/short/run_0/metrics_summary.json
TIME run allocation action=skip run=/fslarge/scratch/users/h61084/codes/adaptime/outputs/adaptime/evaluations/bayes_covariate_prediction/univariate/current_velocity/20T/short/run_0 source_launch=selena_adaptime_3241621 launch_id=selena_adaptime_3275021 slurm_job_id=3275021 launched_at=2026-09-09T13:15:10.178227+00:00
/fslarge/scratch/users/h61084/codes/adaptime/outputs/adaptime/evaluations/bayes_covariate_prediction/univariate/current_velocity/20T/short/run_0/metrics_summary.json
TIME run allocation action=skip run=/fslarge/scratch/users/h61084/codes/adaptime/outputs/adaptime/evaluations/full_ridge_shared/univariate/current_velocity/20T/short/run_0 source_launch=selena_adaptime_3241621 launch_id=selena_adaptime_3275021 slurm_job_id=3275021 launched_at=2026-09-09T13:15:10.187443+00:00
/fslarge/scratch/users/h61084/codes/adaptime/outputs/adaptime/evaluations/full_ridge_shared/univariate/current_velocity/20T/short/run_0/metrics_summary.json
TIME run allocation action=skip run=/fslarge/scratch/users/h61084/codes/adaptime/outputs/adaptime/evaluations/vanilla/univariate/current_velocity/20T/medium/run_0 source_launch=selena_adaptime_3241621 launch_id=selena_adaptime_3275021 slurm_job_id=3275021 launched_at=2026-09-09T13:15:10.198274+00:00
/fslarge/scratch/users/h61084/codes/adaptime/outputs/adaptime/evaluations/vanilla/univariate/current_velocity/20T/medium/run_0/metrics_summary.json
TIME run allocation action=skip run=/fslarge/scratch/users/h61084/codes/adaptime/outputs/adaptime/evaluations/covariate_prediction/univariate/current_velocity/20T/medium/run_0 source_launch=selena_adaptime_3241621 launch_id=selena_adaptime_3275021 slurm_job_id=3275021 launched_at=2026-09-09T13:15:10.207629+00:00
/fslarge/scratch/users/h61084/codes/adaptime/outputs/adaptime/evaluations/covariate_prediction/univariate/current_velocity/20T/medium/run_0/metrics_summary.json
TIME run allocation action=skip run=/fslarge/scratch/users/h61084/codes/adaptime/outputs/adaptime/evaluations/bayes_covariate_prediction/univariate/current_velocity/20T/medium/run_0 source_launch=selena_adaptime_3241621 launch_id=selena_adaptime_3275021 slurm_job_id=3275021 launched_at=2026-09-09T13:15:10.217220+00:00
/fslarge/scratch/users/h61084/codes/adaptime/outputs/adaptime/evaluations/bayes_covariate_prediction/univariate/current_velocity/20T/medium/run_0/metrics_summary.json
TIME run allocation action=skip run=/fslarge/scratch/users/h61084/codes/adaptime/outputs/adaptime/evaluations/full_ridge_shared/univariate/current_velocity/20T/medium/run_0 source_launch=selena_adaptime_3241621 launch_id=selena_adaptime_3275021 slurm_job_id=3275021 launched_at=2026-09-09T13:15:10.226610+00:00
/fslarge/scratch/users/h61084/codes/adaptime/outputs/adaptime/evaluations/full_ridge_shared/univariate/current_velocity/20T/medium/run_0/metrics_summary.json
TIME run allocation action=skip run=/fslarge/scratch/users/h61084/codes/adaptime/outputs/adaptime/evaluations/vanilla/univariate/current_velocity/20T/long/run_0 source_launch=selena_adaptime_3241621 launch_id=selena_adaptime_3275021 slurm_job_id=3275021 launched_at=2026-09-09T13:15:10.237607+00:00
/fslarge/scratch/users/h61084/codes/adaptime/outputs/adaptime/evaluations/vanilla/univariate/current_velocity/20T/long/run_0/metrics_summary.json
TIME run allocation action=skip run=/fslarge/scratch/users/h61084/codes/adaptime/outputs/adaptime/evaluations/covariate_prediction/univariate/current_velocity/20T/long/run_0 source_launch=selena_adaptime_3241621 launch_id=selena_adaptime_3275021 slurm_job_id=3275021 launched_at=2026-09-09T13:15:10.247095+00:00
/fslarge/scratch/users/h61084/codes/adaptime/outputs/adaptime/evaluations/covariate_prediction/univariate/current_velocity/20T/long/run_0/metrics_summary.json
TIME run allocation action=skip run=/fslarge/scratch/users/h61084/codes/adaptime/outputs/adaptime/evaluations/bayes_covariate_prediction/univariate/current_velocity/20T/long/run_0 source_launch=selena_adaptime_3241621 launch_id=selena_adaptime_3275021 slurm_job_id=3275021 launched_at=2026-09-09T13:15:10.256458+00:00
/fslarge/scratch/users/h61084/codes/adaptime/outputs/adaptime/evaluations/bayes_covariate_prediction/univariate/current_velocity/20T/long/run_0/metrics_summary.json
TIME run allocation action=skip run=/fslarge/scratch/users/h61084/codes/adaptime/outputs/adaptime/evaluations/full_ridge_shared/univariate/current_velocity/20T/long/run_0 source_launch=selena_adaptime_3241621 launch_id=selena_adaptime_3275021 slurm_job_id=3275021 launched_at=2026-09-09T13:15:10.266064+00:00
/fslarge/scratch/users/h61084/codes/adaptime/outputs/adaptime/evaluations/full_ridge_shared/univariate/current_velocity/20T/long/run_0/metrics_summary.json
TIME run allocation action=skip run=/fslarge/scratch/users/h61084/codes/adaptime/outputs/adaptime/evaluations/vanilla/univariate/current_velocity/H/short/run_0 source_launch=selena_adaptime_3241621 launch_id=selena_adaptime_3275021 slurm_job_id=3275021 launched_at=2026-09-09T13:15:10.277112+00:00
/fslarge/scratch/users/h61084/codes/adaptime/outputs/adaptime/evaluations/vanilla/univariate/current_velocity/H/short/run_0/metrics_summary.json
TIME run allocation action=skip run=/fslarge/scratch/users/h61084/codes/adaptime/outputs/adaptime/evaluations/covariate_prediction/univariate/current_velocity/H/short/run_0 source_launch=selena_adaptime_3241621 launch_id=selena_adaptime_3275021 slurm_job_id=3275021 launched_at=2026-09-09T13:15:10.286651+00:00
/fslarge/scratch/users/h61084/codes/adaptime/outputs/adaptime/evaluations/covariate_prediction/univariate/current_velocity/H/short/run_0/metrics_summary.json
TIME run allocation action=skip run=/fslarge/scratch/users/h61084/codes/adaptime/outputs/adaptime/evaluations/bayes_covariate_prediction/univariate/current_velocity/H/short/run_0 source_launch=selena_adaptime_3241621 launch_id=selena_adaptime_3275021 slurm_job_id=3275021 launched_at=2026-09-09T13:15:10.296081+00:00
/fslarge/scratch/users/h61084/codes/adaptime/outputs/adaptime/evaluations/bayes_covariate_prediction/univariate/current_velocity/H/short/run_0/metrics_summary.json
TIME run allocation action=skip run=/fslarge/scratch/users/h61084/codes/adaptime/outputs/adaptime/evaluations/full_ridge_shared/univariate/current_velocity/H/short/run_0 source_launch=selena_adaptime_3241621 launch_id=selena_adaptime_3275021 slurm_job_id=3275021 launched_at=2026-09-09T13:15:10.305498+00:00
/fslarge/scratch/users/h61084/codes/adaptime/outputs/adaptime/evaluations/full_ridge_shared/univariate/current_velocity/H/short/run_0/metrics_summary.json
TIME run allocation action=skip run=/fslarge/scratch/users/h61084/codes/adaptime/outputs/adaptime/evaluations/vanilla/univariate/current_velocity/H/medium/run_0 source_launch=selena_adaptime_3241621 launch_id=selena_adaptime_3275021 slurm_job_id=3275021 launched_at=2026-09-09T13:15:10.316322+00:00
/fslarge/scratch/users/h61084/codes/adaptime/outputs/adaptime/evaluations/vanilla/univariate/current_velocity/H/medium/run_0/metrics_summary.json
TIME run allocation action=skip run=/fslarge/scratch/users/h61084/codes/adaptime/outputs/adaptime/evaluations/covariate_prediction/univariate/current_velocity/H/medium/run_0 source_launch=selena_adaptime_3241621 launch_id=selena_adaptime_3275021 slurm_job_id=3275021 launched_at=2026-09-09T13:15:10.325825+00:00
/fslarge/scratch/users/h61084/codes/adaptime/outputs/adaptime/evaluations/covariate_prediction/univariate/current_velocity/H/medium/run_0/metrics_summary.json
TIME run allocation action=skip run=/fslarge/scratch/users/h61084/codes/adaptime/outputs/adaptime/evaluations/bayes_covariate_prediction/univariate/current_velocity/H/medium/run_0 source_launch=selena_adaptime_3241621 launch_id=selena_adaptime_3275021 slurm_job_id=3275021 launched_at=2026-09-09T13:15:10.335170+00:00
/fslarge/scratch/users/h61084/codes/adaptime/outputs/adaptime/evaluations/bayes_covariate_prediction/univariate/current_velocity/H/medium/run_0/metrics_summary.json
TIME run allocation action=skip run=/fslarge/scratch/users/h61084/codes/adaptime/outputs/adaptime/evaluations/full_ridge_shared/univariate/current_velocity/H/medium/run_0 source_launch=selena_adaptime_3241621 launch_id=selena_adaptime_3275021 slurm_job_id=3275021 launched_at=2026-09-09T13:15:10.344666+00:00
/fslarge/scratch/users/h61084/codes/adaptime/outputs/adaptime/evaluations/full_ridge_shared/univariate/current_velocity/H/medium/run_0/metrics_summary.json
TIME run allocation action=skip run=/fslarge/scratch/users/h61084/codes/adaptime/outputs/adaptime/evaluations/vanilla/univariate/current_velocity/H/long/run_0 source_launch=selena_adaptime_3241621 launch_id=selena_adaptime_3275021 slurm_job_id=3275021 launched_at=2026-09-09T13:15:10.355048+00:00
/fslarge/scratch/users/h61084/codes/adaptime/outputs/adaptime/evaluations/vanilla/univariate/current_velocity/H/long/run_0/metrics_summary.json
TIME run allocation action=skip run=/fslarge/scratch/users/h61084/codes/adaptime/outputs/adaptime/evaluations/covariate_prediction/univariate/current_velocity/H/long/run_0 source_launch=selena_adaptime_3241621 launch_id=selena_adaptime_3275021 slurm_job_id=3275021 launched_at=2026-09-09T13:15:10.364475+00:00
/fslarge/scratch/users/h61084/codes/adaptime/outputs/adaptime/evaluations/covariate_prediction/univariate/current_velocity/H/long/run_0/metrics_summary.json
TIME run allocation action=skip run=/fslarge/scratch/users/h61084/codes/adaptime/outputs/adaptime/evaluations/bayes_covariate_prediction/univariate/current_velocity/H/long/run_0 source_launch=selena_adaptime_3241621 launch_id=selena_adaptime_3275021 slurm_job_id=3275021 launched_at=2026-09-09T13:15:10.373823+00:00
/fslarge/scratch/users/h61084/codes/adaptime/outputs/adaptime/evaluations/bayes_covariate_prediction/univariate/current_velocity/H/long/run_0/metrics_summary.json
TIME run allocation action=skip run=/fslarge/scratch/users/h61084/codes/adaptime/outputs/adaptime/evaluations/full_ridge_shared/univariate/current_velocity/H/long/run_0 source_launch=selena_adaptime_3241621 launch_id=selena_adaptime_3275021 slurm_job_id=3275021 launched_at=2026-09-09T13:15:10.383004+00:00
/fslarge/scratch/users/h61084/codes/adaptime/outputs/adaptime/evaluations/full_ridge_shared/univariate/current_velocity/H/long/run_0/metrics_summary.json
TIME run allocation action=resume run=/fslarge/scratch/users/h61084/codes/adaptime/outputs/adaptime/evaluations/vanilla/univariate/CPHL/15T/short/run_0 launch_id=selena_adaptime_3275021 slurm_job_id=3275021 launched_at=2026-09-09T13:15:10.393640+00:00 resumed_from_launch=selena_adaptime_3241621 resumed_from_job=3241621
    Total instances: 240, Series during experiment: 2, Windows: 120
    Collecting ground truth and context...
    Organizing data into arrays...
    Saved predictions (quantiles) to /fslarge/scratch/users/h61084/codes/adaptime/outputs/adaptime/evaluations/vanilla/univariate/CPHL/15T/short/run_0/predictions.npz
    Computing per-window metrics...
    Saved metrics to /fslarge/scratch/users/h61084/codes/adaptime/outputs/adaptime/evaluations/vanilla/univariate/CPHL/15T/short/run_0/metrics.npz
    Saved config to /fslarge/scratch/users/h61084/codes/adaptime/outputs/adaptime/evaluations/vanilla/univariate/CPHL/15T/short/run_0/config.json
    Saved aggregate metrics to /fslarge/scratch/users/h61084/codes/adaptime/outputs/adaptime/evaluations/vanilla/univariate/CPHL/15T/short/run_0/metrics_summary.json
    Metrics summary (averaged over all series/windows/variates):
      MSE: 0.0638
      MAE: 0.1378
      RMSE: 0.1612
      MAPE: 0.1945
      sMAPE: 0.1776
      MASE: 0.6512
      ND: 0.1859
      CRPS: 0.1859
/fslarge/scratch/users/h61084/codes/adaptime/outputs/adaptime/evaluations/vanilla/univariate/CPHL/15T/short/run_0/metrics_summary.json
TIME run allocation action=new run=/fslarge/scratch/users/h61084/codes/adaptime/outputs/adaptime/evaluations/covariate_prediction/univariate/CPHL/15T/short/run_0 launch_id=selena_adaptime_3275021 slurm_job_id=3275021 launched_at=2026-09-09T13:15:10.457418+00:00
    Total instances: 240, Series during experiment: 2, Windows: 120
    Collecting ground truth and context...
    Organizing data into arrays...
    Saved predictions (quantiles) to /fslarge/scratch/users/h61084/codes/adaptime/outputs/adaptime/evaluations/covariate_prediction/univariate/CPHL/15T/short/run_0/predictions.npz
    Computing per-window metrics...
    Saved metrics to /fslarge/scratch/users/h61084/codes/adaptime/outputs/adaptime/evaluations/covariate_prediction/univariate/CPHL/15T/short/run_0/metrics.npz
    Saved config to /fslarge/scratch/users/h61084/codes/adaptime/outputs/adaptime/evaluations/covariate_prediction/univariate/CPHL/15T/short/run_0/config.json
    Saved aggregate metrics to /fslarge/scratch/users/h61084/codes/adaptime/outputs/adaptime/evaluations/covariate_prediction/univariate/CPHL/15T/short/run_0/metrics_summary.json
    Metrics summary (averaged over all series/windows/variates):
      MSE: 0.0638
      MAE: 0.1378
      RMSE: 0.1612
      MAPE: 0.1945
      sMAPE: 0.1776
      MASE: 0.6512
      ND: 0.1859
      CRPS: 0.1859
/fslarge/scratch/users/h61084/codes/adaptime/outputs/adaptime/evaluations/covariate_prediction/univariate/CPHL/15T/short/run_0/metrics_summary.json
TIME run allocation action=new run=/fslarge/scratch/users/h61084/codes/adaptime/outputs/adaptime/evaluations/bayes_covariate_prediction/univariate/CPHL/15T/short/run_0 launch_id=selena_adaptime_3275021 slurm_job_id=3275021 launched_at=2026-09-09T13:15:10.511237+00:00
    Total instances: 240, Series during experiment: 2, Windows: 120
    Collecting ground truth and context...
    Organizing data into arrays...
    Saved predictions (quantiles) to /fslarge/scratch/users/h61084/codes/adaptime/outputs/adaptime/evaluations/bayes_covariate_prediction/univariate/CPHL/15T/short/run_0/predictions.npz
    Computing per-window metrics...
    Saved metrics to /fslarge/scratch/users/h61084/codes/adaptime/outputs/adaptime/evaluations/bayes_covariate_prediction/univariate/CPHL/15T/short/run_0/metrics.npz
    Saved config to /fslarge/scratch/users/h61084/codes/adaptime/outputs/adaptime/evaluations/bayes_covariate_prediction/univariate/CPHL/15T/short/run_0/config.json
    Saved aggregate metrics to /fslarge/scratch/users/h61084/codes/adaptime/outputs/adaptime/evaluations/bayes_covariate_prediction/univariate/CPHL/15T/short/run_0/metrics_summary.json
    Metrics summary (averaged over all series/windows/variates):
      MSE: 0.0638
      MAE: 0.1378
      RMSE: 0.1612
      MAPE: 0.1945
      sMAPE: 0.1776
      MASE: 0.6512
      ND: 0.1859
      CRPS: 0.1859
/fslarge/scratch/users/h61084/codes/adaptime/outputs/adaptime/evaluations/bayes_covariate_prediction/univariate/CPHL/15T/short/run_0/metrics_summary.json
TIME run allocation action=new run=/fslarge/scratch/users/h61084/codes/adaptime/outputs/adaptime/evaluations/full_ridge_shared/univariate/CPHL/15T/short/run_0 launch_id=selena_adaptime_3275021 slurm_job_id=3275021 launched_at=2026-09-09T13:15:10.562666+00:00
    Total instances: 240, Series during experiment: 2, Windows: 120
    Collecting ground truth and context...
    Organizing data into arrays...
    Saved predictions (quantiles) to /fslarge/scratch/users/h61084/codes/adaptime/outputs/adaptime/evaluations/full_ridge_shared/univariate/CPHL/15T/short/run_0/predictions.npz
    Computing per-window metrics...
    Saved metrics to /fslarge/scratch/users/h61084/codes/adaptime/outputs/adaptime/evaluations/full_ridge_shared/univariate/CPHL/15T/short/run_0/metrics.npz
    Saved config to /fslarge/scratch/users/h61084/codes/adaptime/outputs/adaptime/evaluations/full_ridge_shared/univariate/CPHL/15T/short/run_0/config.json
    Saved aggregate metrics to /fslarge/scratch/users/h61084/codes/adaptime/outputs/adaptime/evaluations/full_ridge_shared/univariate/CPHL/15T/short/run_0/metrics_summary.json
    Metrics summary (averaged over all series/windows/variates):
      MSE: 0.0638
      MAE: 0.1378
      RMSE: 0.1612
      MAPE: 0.1945
      sMAPE: 0.1776
      MASE: 0.6512
      ND: 0.1859
      CRPS: 0.1859
/fslarge/scratch/users/h61084/codes/adaptime/outputs/adaptime/evaluations/full_ridge_shared/univariate/CPHL/15T/short/run_0/metrics_summary.json
TIME run allocation action=new run=/fslarge/scratch/users/h61084/codes/adaptime/outputs/adaptime/evaluations/vanilla/univariate/CPHL/15T/medium/run_0 launch_id=selena_adaptime_3275021 slurm_job_id=3275021 launched_at=2026-09-09T13:15:10.615031+00:00
    Total instances: 30, Series during experiment: 2, Windows: 15
    Collecting ground truth and context...
    Organizing data into arrays...
    Saved predictions (quantiles) to /fslarge/scratch/users/h61084/codes/adaptime/outputs/adaptime/evaluations/vanilla/univariate/CPHL/15T/medium/run_0/predictions.npz
    Computing per-window metrics...
    Saved metrics to /fslarge/scratch/users/h61084/codes/adaptime/outputs/adaptime/evaluations/vanilla/univariate/CPHL/15T/medium/run_0/metrics.npz
    Saved config to /fslarge/scratch/users/h61084/codes/adaptime/outputs/adaptime/evaluations/vanilla/univariate/CPHL/15T/medium/run_0/config.json
    Saved aggregate metrics to /fslarge/scratch/users/h61084/codes/adaptime/outputs/adaptime/evaluations/vanilla/univariate/CPHL/15T/medium/run_0/metrics_summary.json
    Metrics summary (averaged over all series/windows/variates):
      MSE: 0.1238
      MAE: 0.2186
      RMSE: 0.2766
      MAPE: 0.3434
      sMAPE: 0.2942
      MASE: 1.0652
      ND: 0.2928
      CRPS: 0.2928
/fslarge/scratch/users/h61084/codes/adaptime/outputs/adaptime/evaluations/vanilla/univariate/CPHL/15T/medium/run_0/metrics_summary.json
TIME run allocation action=new run=/fslarge/scratch/users/h61084/codes/adaptime/outputs/adaptime/evaluations/covariate_prediction/univariate/CPHL/15T/medium/run_0 launch_id=selena_adaptime_3275021 slurm_job_id=3275021 launched_at=2026-09-09T13:15:10.649188+00:00
    Total instances: 30, Series during experiment: 2, Windows: 15
    Collecting ground truth and context...
    Organizing data into arrays...
    Saved predictions (quantiles) to /fslarge/scratch/users/h61084/codes/adaptime/outputs/adaptime/evaluations/covariate_prediction/univariate/CPHL/15T/medium/run_0/predictions.npz
    Computing per-window metrics...
    Saved metrics to /fslarge/scratch/users/h61084/codes/adaptime/outputs/adaptime/evaluations/covariate_prediction/univariate/CPHL/15T/medium/run_0/metrics.npz
    Saved config to /fslarge/scratch/users/h61084/codes/adaptime/outputs/adaptime/evaluations/covariate_prediction/univariate/CPHL/15T/medium/run_0/config.json
    Saved aggregate metrics to /fslarge/scratch/users/h61084/codes/adaptime/outputs/adaptime/evaluations/covariate_prediction/univariate/CPHL/15T/medium/run_0/metrics_summary.json
    Metrics summary (averaged over all series/windows/variates):
      MSE: 0.1238
      MAE: 0.2186
      RMSE: 0.2766
      MAPE: 0.3434
      sMAPE: 0.2942
      MASE: 1.0652
      ND: 0.2928
      CRPS: 0.2928
/fslarge/scratch/users/h61084/codes/adaptime/outputs/adaptime/evaluations/covariate_prediction/univariate/CPHL/15T/medium/run_0/metrics_summary.json
TIME run allocation action=new run=/fslarge/scratch/users/h61084/codes/adaptime/outputs/adaptime/evaluations/bayes_covariate_prediction/univariate/CPHL/15T/medium/run_0 launch_id=selena_adaptime_3275021 slurm_job_id=3275021 launched_at=2026-09-09T13:15:10.740295+00:00
    Total instances: 30, Series during experiment: 2, Windows: 15
    Collecting ground truth and context...
    Organizing data into arrays...
    Saved predictions (quantiles) to /fslarge/scratch/users/h61084/codes/adaptime/outputs/adaptime/evaluations/bayes_covariate_prediction/univariate/CPHL/15T/medium/run_0/predictions.npz
    Computing per-window metrics...
    Saved metrics to /fslarge/scratch/users/h61084/codes/adaptime/outputs/adaptime/evaluations/bayes_covariate_prediction/univariate/CPHL/15T/medium/run_0/metrics.npz
    Saved config to /fslarge/scratch/users/h61084/codes/adaptime/outputs/adaptime/evaluations/bayes_covariate_prediction/univariate/CPHL/15T/medium/run_0/config.json
    Saved aggregate metrics to /fslarge/scratch/users/h61084/codes/adaptime/outputs/adaptime/evaluations/bayes_covariate_prediction/univariate/CPHL/15T/medium/run_0/metrics_summary.json
    Metrics summary (averaged over all series/windows/variates):
      MSE: 0.1238
      MAE: 0.2186
      RMSE: 0.2766
      MAPE: 0.3434
      sMAPE: 0.2942
      MASE: 1.0652
      ND: 0.2928
      CRPS: 0.2928
/fslarge/scratch/users/h61084/codes/adaptime/outputs/adaptime/evaluations/bayes_covariate_prediction/univariate/CPHL/15T/medium/run_0/metrics_summary.json
TIME run allocation action=new run=/fslarge/scratch/users/h61084/codes/adaptime/outputs/adaptime/evaluations/full_ridge_shared/univariate/CPHL/15T/medium/run_0 launch_id=selena_adaptime_3275021 slurm_job_id=3275021 launched_at=2026-09-09T13:15:10.772445+00:00
    Total instances: 30, Series during experiment: 2, Windows: 15
    Collecting ground truth and context...
    Organizing data into arrays...
    Saved predictions (quantiles) to /fslarge/scratch/users/h61084/codes/adaptime/outputs/adaptime/evaluations/full_ridge_shared/univariate/CPHL/15T/medium/run_0/predictions.npz
    Computing per-window metrics...
    Saved metrics to /fslarge/scratch/users/h61084/codes/adaptime/outputs/adaptime/evaluations/full_ridge_shared/univariate/CPHL/15T/medium/run_0/metrics.npz
    Saved config to /fslarge/scratch/users/h61084/codes/adaptime/outputs/adaptime/evaluations/full_ridge_shared/univariate/CPHL/15T/medium/run_0/config.json
    Saved aggregate metrics to /fslarge/scratch/users/h61084/codes/adaptime/outputs/adaptime/evaluations/full_ridge_shared/univariate/CPHL/15T/medium/run_0/metrics_summary.json
    Metrics summary (averaged over all series/windows/variates):
      MSE: 0.1238
      MAE: 0.2186
      RMSE: 0.2766
      MAPE: 0.3434
      sMAPE: 0.2942
      MASE: 1.0652
      ND: 0.2928
      CRPS: 0.2928
/fslarge/scratch/users/h61084/codes/adaptime/outputs/adaptime/evaluations/full_ridge_shared/univariate/CPHL/15T/medium/run_0/metrics_summary.json
TIME run allocation action=new run=/fslarge/scratch/users/h61084/codes/adaptime/outputs/adaptime/evaluations/vanilla/univariate/CPHL/15T/long/run_0 launch_id=selena_adaptime_3275021 slurm_job_id=3275021 launched_at=2026-09-09T13:15:10.805513+00:00
    Total instances: 10, Series during experiment: 2, Windows: 5
    Collecting ground truth and context...
    Organizing data into arrays...
    Saved predictions (quantiles) to /fslarge/scratch/users/h61084/codes/adaptime/outputs/adaptime/evaluations/vanilla/univariate/CPHL/15T/long/run_0/predictions.npz
    Computing per-window metrics...
    Saved metrics to /fslarge/scratch/users/h61084/codes/adaptime/outputs/adaptime/evaluations/vanilla/univariate/CPHL/15T/long/run_0/metrics.npz
    Saved config to /fslarge/scratch/users/h61084/codes/adaptime/outputs/adaptime/evaluations/vanilla/univariate/CPHL/15T/long/run_0/config.json
    Saved aggregate metrics to /fslarge/scratch/users/h61084/codes/adaptime/outputs/adaptime/evaluations/vanilla/univariate/CPHL/15T/long/run_0/metrics_summary.json
    Metrics summary (averaged over all series/windows/variates):
      MSE: 0.1268
      MAE: 0.2303
      RMSE: 0.3097
      MAPE: 0.3676
      sMAPE: 0.3149
      MASE: 1.1569
      ND: 0.3148
      CRPS: 0.3148
/fslarge/scratch/users/h61084/codes/adaptime/outputs/adaptime/evaluations/vanilla/univariate/CPHL/15T/long/run_0/metrics_summary.json
TIME run allocation action=new run=/fslarge/scratch/users/h61084/codes/adaptime/outputs/adaptime/evaluations/covariate_prediction/univariate/CPHL/15T/long/run_0 launch_id=selena_adaptime_3275021 slurm_job_id=3275021 launched_at=2026-09-09T13:15:10.837314+00:00
    Total instances: 10, Series during experiment: 2, Windows: 5
    Collecting ground truth and context...
    Organizing data into arrays...
    Saved predictions (quantiles) to /fslarge/scratch/users/h61084/codes/adaptime/outputs/adaptime/evaluations/covariate_prediction/univariate/CPHL/15T/long/run_0/predictions.npz
    Computing per-window metrics...
    Saved metrics to /fslarge/scratch/users/h61084/codes/adaptime/outputs/adaptime/evaluations/covariate_prediction/univariate/CPHL/15T/long/run_0/metrics.npz
    Saved config to /fslarge/scratch/users/h61084/codes/adaptime/outputs/adaptime/evaluations/covariate_prediction/univariate/CPHL/15T/long/run_0/config.json
    Saved aggregate metrics to /fslarge/scratch/users/h61084/codes/adaptime/outputs/adaptime/evaluations/covariate_prediction/univariate/CPHL/15T/long/run_0/metrics_summary.json
    Metrics summary (averaged over all series/windows/variates):
      MSE: 0.1268
      MAE: 0.2303
      RMSE: 0.3097
      MAPE: 0.3676
      sMAPE: 0.3149
      MASE: 1.1569
      ND: 0.3148
      CRPS: 0.3148
/fslarge/scratch/users/h61084/codes/adaptime/outputs/adaptime/evaluations/covariate_prediction/univariate/CPHL/15T/long/run_0/metrics_summary.json
TIME run allocation action=new run=/fslarge/scratch/users/h61084/codes/adaptime/outputs/adaptime/evaluations/bayes_covariate_prediction/univariate/CPHL/15T/long/run_0 launch_id=selena_adaptime_3275021 slurm_job_id=3275021 launched_at=2026-09-09T13:15:10.866718+00:00
    Total instances: 10, Series during experiment: 2, Windows: 5
    Collecting ground truth and context...
    Organizing data into arrays...
    Saved predictions (quantiles) to /fslarge/scratch/users/h61084/codes/adaptime/outputs/adaptime/evaluations/bayes_covariate_prediction/univariate/CPHL/15T/long/run_0/predictions.npz
    Computing per-window metrics...
    Saved metrics to /fslarge/scratch/users/h61084/codes/adaptime/outputs/adaptime/evaluations/bayes_covariate_prediction/univariate/CPHL/15T/long/run_0/metrics.npz
    Saved config to /fslarge/scratch/users/h61084/codes/adaptime/outputs/adaptime/evaluations/bayes_covariate_prediction/univariate/CPHL/15T/long/run_0/config.json
    Saved aggregate metrics to /fslarge/scratch/users/h61084/codes/adaptime/outputs/adaptime/evaluations/bayes_covariate_prediction/univariate/CPHL/15T/long/run_0/metrics_summary.json
    Metrics summary (averaged over all series/windows/variates):
      MSE: 0.1268
      MAE: 0.2303
      RMSE: 0.3097
      MAPE: 0.3676
      sMAPE: 0.3149
      MASE: 1.1569
      ND: 0.3148
      CRPS: 0.3148
/fslarge/scratch/users/h61084/codes/adaptime/outputs/adaptime/evaluations/bayes_covariate_prediction/univariate/CPHL/15T/long/run_0/metrics_summary.json
TIME run allocation action=new run=/fslarge/scratch/users/h61084/codes/adaptime/outputs/adaptime/evaluations/full_ridge_shared/univariate/CPHL/15T/long/run_0 launch_id=selena_adaptime_3275021 slurm_job_id=3275021 launched_at=2026-09-09T13:15:10.896040+00:00
    Total instances: 10, Series during experiment: 2, Windows: 5
    Collecting ground truth and context...
    Organizing data into arrays...
    Saved predictions (quantiles) to /fslarge/scratch/users/h61084/codes/adaptime/outputs/adaptime/evaluations/full_ridge_shared/univariate/CPHL/15T/long/run_0/predictions.npz
    Computing per-window metrics...
    Saved metrics to /fslarge/scratch/users/h61084/codes/adaptime/outputs/adaptime/evaluations/full_ridge_shared/univariate/CPHL/15T/long/run_0/metrics.npz
    Saved config to /fslarge/scratch/users/h61084/codes/adaptime/outputs/adaptime/evaluations/full_ridge_shared/univariate/CPHL/15T/long/run_0/config.json
    Saved aggregate metrics to /fslarge/scratch/users/h61084/codes/adaptime/outputs/adaptime/evaluations/full_ridge_shared/univariate/CPHL/15T/long/run_0/metrics_summary.json
    Metrics summary (averaged over all series/windows/variates):
      MSE: 0.1268
      MAE: 0.2303
      RMSE: 0.3097
      MAPE: 0.3676
      sMAPE: 0.3149
      MASE: 1.1569
      ND: 0.3148
      CRPS: 0.3148
/fslarge/scratch/users/h61084/codes/adaptime/outputs/adaptime/evaluations/full_ridge_shared/univariate/CPHL/15T/long/run_0/metrics_summary.json
TIME run allocation action=new run=/fslarge/scratch/users/h61084/codes/adaptime/outputs/adaptime/evaluations/vanilla/univariate/CPHL/30T/short/run_0 launch_id=selena_adaptime_3275021 slurm_job_id=3275021 launched_at=2026-09-09T13:15:10.951807+00:00
    Total instances: 240, Series during experiment: 2, Windows: 120
    Collecting ground truth and context...
    Organizing data into arrays...
    Saved predictions (quantiles) to /fslarge/scratch/users/h61084/codes/adaptime/outputs/adaptime/evaluations/vanilla/univariate/CPHL/30T/short/run_0/predictions.npz
    Computing per-window metrics...
    Saved metrics to /fslarge/scratch/users/h61084/codes/adaptime/outputs/adaptime/evaluations/vanilla/univariate/CPHL/30T/short/run_0/metrics.npz
    Saved config to /fslarge/scratch/users/h61084/codes/adaptime/outputs/adaptime/evaluations/vanilla/univariate/CPHL/30T/short/run_0/config.json
    Saved aggregate metrics to /fslarge/scratch/users/h61084/codes/adaptime/outputs/adaptime/evaluations/vanilla/univariate/CPHL/30T/short/run_0/metrics_summary.json
    Metrics summary (averaged over all series/windows/variates):
      MSE: 0.6417
      MAE: 0.4646
      RMSE: 0.5627
      MAPE: 0.3677
      sMAPE: 0.2924
      MASE: 1.3695
      ND: 0.2852
      CRPS: 0.2852
/fslarge/scratch/users/h61084/codes/adaptime/outputs/adaptime/evaluations/vanilla/univariate/CPHL/30T/short/run_0/metrics_summary.json
TIME run allocation action=new run=/fslarge/scratch/users/h61084/codes/adaptime/outputs/adaptime/evaluations/covariate_prediction/univariate/CPHL/30T/short/run_0 launch_id=selena_adaptime_3275021 slurm_job_id=3275021 launched_at=2026-09-09T13:15:11.033262+00:00
    Total instances: 240, Series during experiment: 2, Windows: 120
    Collecting ground truth and context...
    Organizing data into arrays...
    Saved predictions (quantiles) to /fslarge/scratch/users/h61084/codes/adaptime/outputs/adaptime/evaluations/covariate_prediction/univariate/CPHL/30T/short/run_0/predictions.npz
    Computing per-window metrics...
    Saved metrics to /fslarge/scratch/users/h61084/codes/adaptime/outputs/adaptime/evaluations/covariate_prediction/univariate/CPHL/30T/short/run_0/metrics.npz
    Saved config to /fslarge/scratch/users/h61084/codes/adaptime/outputs/adaptime/evaluations/covariate_prediction/univariate/CPHL/30T/short/run_0/config.json
    Saved aggregate metrics to /fslarge/scratch/users/h61084/codes/adaptime/outputs/adaptime/evaluations/covariate_prediction/univariate/CPHL/30T/short/run_0/metrics_summary.json
    Metrics summary (averaged over all series/windows/variates):
      MSE: 0.6417
      MAE: 0.4646
      RMSE: 0.5627
      MAPE: 0.3677
      sMAPE: 0.2924
      MASE: 1.3695
      ND: 0.2852
      CRPS: 0.2852
/fslarge/scratch/users/h61084/codes/adaptime/outputs/adaptime/evaluations/covariate_prediction/univariate/CPHL/30T/short/run_0/metrics_summary.json
TIME run allocation action=new run=/fslarge/scratch/users/h61084/codes/adaptime/outputs/adaptime/evaluations/bayes_covariate_prediction/univariate/CPHL/30T/short/run_0 launch_id=selena_adaptime_3275021 slurm_job_id=3275021 launched_at=2026-09-09T13:15:11.091986+00:00
    Total instances: 240, Series during experiment: 2, Windows: 120
    Collecting ground truth and context...
    Organizing data into arrays...
    Saved predictions (quantiles) to /fslarge/scratch/users/h61084/codes/adaptime/outputs/adaptime/evaluations/bayes_covariate_prediction/univariate/CPHL/30T/short/run_0/predictions.npz
    Computing per-window metrics...
    Saved metrics to /fslarge/scratch/users/h61084/codes/adaptime/outputs/adaptime/evaluations/bayes_covariate_prediction/univariate/CPHL/30T/short/run_0/metrics.npz
    Saved config to /fslarge/scratch/users/h61084/codes/adaptime/outputs/adaptime/evaluations/bayes_covariate_prediction/univariate/CPHL/30T/short/run_0/config.json
    Saved aggregate metrics to /fslarge/scratch/users/h61084/codes/adaptime/outputs/adaptime/evaluations/bayes_covariate_prediction/univariate/CPHL/30T/short/run_0/metrics_summary.json
    Metrics summary (averaged over all series/windows/variates):
      MSE: 0.6417
      MAE: 0.4646
      RMSE: 0.5627
      MAPE: 0.3677
      sMAPE: 0.2924
      MASE: 1.3695
      ND: 0.2852
      CRPS: 0.2852
/fslarge/scratch/users/h61084/codes/adaptime/outputs/adaptime/evaluations/bayes_covariate_prediction/univariate/CPHL/30T/short/run_0/metrics_summary.json
TIME run allocation action=new run=/fslarge/scratch/users/h61084/codes/adaptime/outputs/adaptime/evaluations/full_ridge_shared/univariate/CPHL/30T/short/run_0 launch_id=selena_adaptime_3275021 slurm_job_id=3275021 launched_at=2026-09-09T13:15:11.151083+00:00
    Total instances: 240, Series during experiment: 2, Windows: 120
    Collecting ground truth and context...
    Organizing data into arrays...
    Saved predictions (quantiles) to /fslarge/scratch/users/h61084/codes/adaptime/outputs/adaptime/evaluations/full_ridge_shared/univariate/CPHL/30T/short/run_0/predictions.npz
    Computing per-window metrics...
    Saved metrics to /fslarge/scratch/users/h61084/codes/adaptime/outputs/adaptime/evaluations/full_ridge_shared/univariate/CPHL/30T/short/run_0/metrics.npz
    Saved config to /fslarge/scratch/users/h61084/codes/adaptime/outputs/adaptime/evaluations/full_ridge_shared/univariate/CPHL/30T/short/run_0/config.json
    Saved aggregate metrics to /fslarge/scratch/users/h61084/codes/adaptime/outputs/adaptime/evaluations/full_ridge_shared/univariate/CPHL/30T/short/run_0/metrics_summary.json
    Metrics summary (averaged over all series/windows/variates):
      MSE: 0.6417
      MAE: 0.4646
      RMSE: 0.5627
      MAPE: 0.3677
      sMAPE: 0.2924
      MASE: 1.3695
      ND: 0.2852
      CRPS: 0.2852
/fslarge/scratch/users/h61084/codes/adaptime/outputs/adaptime/evaluations/full_ridge_shared/univariate/CPHL/30T/short/run_0/metrics_summary.json
TIME run allocation action=new run=/fslarge/scratch/users/h61084/codes/adaptime/outputs/adaptime/evaluations/vanilla/univariate/CPHL/30T/medium/run_0 launch_id=selena_adaptime_3275021 slurm_job_id=3275021 launched_at=2026-09-09T13:15:11.211661+00:00
    Total instances: 60, Series during experiment: 2, Windows: 30
    Collecting ground truth and context...
    Organizing data into arrays...
    Saved predictions (quantiles) to /fslarge/scratch/users/h61084/codes/adaptime/outputs/adaptime/evaluations/vanilla/univariate/CPHL/30T/medium/run_0/predictions.npz
    Computing per-window metrics...
    Saved metrics to /fslarge/scratch/users/h61084/codes/adaptime/outputs/adaptime/evaluations/vanilla/univariate/CPHL/30T/medium/run_0/metrics.npz
    Saved config to /fslarge/scratch/users/h61084/codes/adaptime/outputs/adaptime/evaluations/vanilla/univariate/CPHL/30T/medium/run_0/config.json
    Saved aggregate metrics to /fslarge/scratch/users/h61084/codes/adaptime/outputs/adaptime/evaluations/vanilla/univariate/CPHL/30T/medium/run_0/metrics_summary.json
    Metrics summary (averaged over all series/windows/variates):
      MSE: 0.7479
      MAE: 0.5134
      RMSE: 0.6303
      MAPE: 0.4312
      sMAPE: 0.3324
      MASE: 1.5182
      ND: 0.3229
      CRPS: 0.3229
/fslarge/scratch/users/h61084/codes/adaptime/outputs/adaptime/evaluations/vanilla/univariate/CPHL/30T/medium/run_0/metrics_summary.json
TIME run allocation action=new run=/fslarge/scratch/users/h61084/codes/adaptime/outputs/adaptime/evaluations/covariate_prediction/univariate/CPHL/30T/medium/run_0 launch_id=selena_adaptime_3275021 slurm_job_id=3275021 launched_at=2026-09-09T13:15:11.283458+00:00
    Total instances: 60, Series during experiment: 2, Windows: 30
    Collecting ground truth and context...
    Organizing data into arrays...
    Saved predictions (quantiles) to /fslarge/scratch/users/h61084/codes/adaptime/outputs/adaptime/evaluations/covariate_prediction/univariate/CPHL/30T/medium/run_0/predictions.npz
    Computing per-window metrics...
    Saved metrics to /fslarge/scratch/users/h61084/codes/adaptime/outputs/adaptime/evaluations/covariate_prediction/univariate/CPHL/30T/medium/run_0/metrics.npz
    Saved config to /fslarge/scratch/users/h61084/codes/adaptime/outputs/adaptime/evaluations/covariate_prediction/univariate/CPHL/30T/medium/run_0/config.json
    Saved aggregate metrics to /fslarge/scratch/users/h61084/codes/adaptime/outputs/adaptime/evaluations/covariate_prediction/univariate/CPHL/30T/medium/run_0/metrics_summary.json
    Metrics summary (averaged over all series/windows/variates):
      MSE: 0.7479
      MAE: 0.5134
      RMSE: 0.6303
      MAPE: 0.4312
      sMAPE: 0.3324
      MASE: 1.5182
      ND: 0.3229
      CRPS: 0.3229
/fslarge/scratch/users/h61084/codes/adaptime/outputs/adaptime/evaluations/covariate_prediction/univariate/CPHL/30T/medium/run_0/metrics_summary.json
TIME run allocation action=new run=/fslarge/scratch/users/h61084/codes/adaptime/outputs/adaptime/evaluations/bayes_covariate_prediction/univariate/CPHL/30T/medium/run_0 launch_id=selena_adaptime_3275021 slurm_job_id=3275021 launched_at=2026-09-09T13:15:11.319656+00:00
    Total instances: 60, Series during experiment: 2, Windows: 30
    Collecting ground truth and context...
    Organizing data into arrays...
    Saved predictions (quantiles) to /fslarge/scratch/users/h61084/codes/adaptime/outputs/adaptime/evaluations/bayes_covariate_prediction/univariate/CPHL/30T/medium/run_0/predictions.npz
    Computing per-window metrics...
    Saved metrics to /fslarge/scratch/users/h61084/codes/adaptime/outputs/adaptime/evaluations/bayes_covariate_prediction/univariate/CPHL/30T/medium/run_0/metrics.npz
    Saved config to /fslarge/scratch/users/h61084/codes/adaptime/outputs/adaptime/evaluations/bayes_covariate_prediction/univariate/CPHL/30T/medium/run_0/config.json
    Saved aggregate metrics to /fslarge/scratch/users/h61084/codes/adaptime/outputs/adaptime/evaluations/bayes_covariate_prediction/univariate/CPHL/30T/medium/run_0/metrics_summary.json
    Metrics summary (averaged over all series/windows/variates):
      MSE: 0.7479
      MAE: 0.5134
      RMSE: 0.6303
      MAPE: 0.4312
      sMAPE: 0.3324
      MASE: 1.5182
      ND: 0.3229
      CRPS: 0.3229
/fslarge/scratch/users/h61084/codes/adaptime/outputs/adaptime/evaluations/bayes_covariate_prediction/univariate/CPHL/30T/medium/run_0/metrics_summary.json
TIME run allocation action=new run=/fslarge/scratch/users/h61084/codes/adaptime/outputs/adaptime/evaluations/full_ridge_shared/univariate/CPHL/30T/medium/run_0 launch_id=selena_adaptime_3275021 slurm_job_id=3275021 launched_at=2026-09-09T13:15:11.355755+00:00
    Total instances: 60, Series during experiment: 2, Windows: 30
    Collecting ground truth and context...
    Organizing data into arrays...
    Saved predictions (quantiles) to /fslarge/scratch/users/h61084/codes/adaptime/outputs/adaptime/evaluations/full_ridge_shared/univariate/CPHL/30T/medium/run_0/predictions.npz
    Computing per-window metrics...
    Saved metrics to /fslarge/scratch/users/h61084/codes/adaptime/outputs/adaptime/evaluations/full_ridge_shared/univariate/CPHL/30T/medium/run_0/metrics.npz
    Saved config to /fslarge/scratch/users/h61084/codes/adaptime/outputs/adaptime/evaluations/full_ridge_shared/univariate/CPHL/30T/medium/run_0/config.json
    Saved aggregate metrics to /fslarge/scratch/users/h61084/codes/adaptime/outputs/adaptime/evaluations/full_ridge_shared/univariate/CPHL/30T/medium/run_0/metrics_summary.json
    Metrics summary (averaged over all series/windows/variates):
      MSE: 0.7479
      MAE: 0.5134
      RMSE: 0.6303
      MAPE: 0.4312
      sMAPE: 0.3324
      MASE: 1.5182
      ND: 0.3229
      CRPS: 0.3229
/fslarge/scratch/users/h61084/codes/adaptime/outputs/adaptime/evaluations/full_ridge_shared/univariate/CPHL/30T/medium/run_0/metrics_summary.json
TIME run allocation action=new run=/fslarge/scratch/users/h61084/codes/adaptime/outputs/adaptime/evaluations/vanilla/univariate/CPHL/30T/long/run_0 launch_id=selena_adaptime_3275021 slurm_job_id=3275021 launched_at=2026-09-09T13:15:11.393428+00:00
    Total instances: 20, Series during experiment: 2, Windows: 10
    Collecting ground truth and context...
    Organizing data into arrays...
    Saved predictions (quantiles) to /fslarge/scratch/users/h61084/codes/adaptime/outputs/adaptime/evaluations/vanilla/univariate/CPHL/30T/long/run_0/predictions.npz
    Computing per-window metrics...
    Saved metrics to /fslarge/scratch/users/h61084/codes/adaptime/outputs/adaptime/evaluations/vanilla/univariate/CPHL/30T/long/run_0/metrics.npz
    Saved config to /fslarge/scratch/users/h61084/codes/adaptime/outputs/adaptime/evaluations/vanilla/univariate/CPHL/30T/long/run_0/config.json
    Saved aggregate metrics to /fslarge/scratch/users/h61084/codes/adaptime/outputs/adaptime/evaluations/vanilla/univariate/CPHL/30T/long/run_0/metrics_summary.json
    Metrics summary (averaged over all series/windows/variates):
      MSE: 0.8957
      MAE: 0.5742
      RMSE: 0.7055
      MAPE: 0.5006
      sMAPE: 0.4063
      MASE: 1.7965
      ND: 0.3692
      CRPS: 0.3692
/fslarge/scratch/users/h61084/codes/adaptime/outputs/adaptime/evaluations/vanilla/univariate/CPHL/30T/long/run_0/metrics_summary.json
TIME run allocation action=new run=/fslarge/scratch/users/h61084/codes/adaptime/outputs/adaptime/evaluations/covariate_prediction/univariate/CPHL/30T/long/run_0 launch_id=selena_adaptime_3275021 slurm_job_id=3275021 launched_at=2026-09-09T13:15:11.481256+00:00
    Total instances: 20, Series during experiment: 2, Windows: 10
    Collecting ground truth and context...
    Organizing data into arrays...
    Saved predictions (quantiles) to /fslarge/scratch/users/h61084/codes/adaptime/outputs/adaptime/evaluations/covariate_prediction/univariate/CPHL/30T/long/run_0/predictions.npz
    Computing per-window metrics...
    Saved metrics to /fslarge/scratch/users/h61084/codes/adaptime/outputs/adaptime/evaluations/covariate_prediction/univariate/CPHL/30T/long/run_0/metrics.npz
    Saved config to /fslarge/scratch/users/h61084/codes/adaptime/outputs/adaptime/evaluations/covariate_prediction/univariate/CPHL/30T/long/run_0/config.json
    Saved aggregate metrics to /fslarge/scratch/users/h61084/codes/adaptime/outputs/adaptime/evaluations/covariate_prediction/univariate/CPHL/30T/long/run_0/metrics_summary.json
    Metrics summary (averaged over all series/windows/variates):
      MSE: 0.8957
      MAE: 0.5742
      RMSE: 0.7055
      MAPE: 0.5006
      sMAPE: 0.4063
      MASE: 1.7965
      ND: 0.3692
      CRPS: 0.3692
/fslarge/scratch/users/h61084/codes/adaptime/outputs/adaptime/evaluations/covariate_prediction/univariate/CPHL/30T/long/run_0/metrics_summary.json
TIME run allocation action=new run=/fslarge/scratch/users/h61084/codes/adaptime/outputs/adaptime/evaluations/bayes_covariate_prediction/univariate/CPHL/30T/long/run_0 launch_id=selena_adaptime_3275021 slurm_job_id=3275021 launched_at=2026-09-09T13:15:11.513877+00:00
    Total instances: 20, Series during experiment: 2, Windows: 10
    Collecting ground truth and context...
    Organizing data into arrays...
    Saved predictions (quantiles) to /fslarge/scratch/users/h61084/codes/adaptime/outputs/adaptime/evaluations/bayes_covariate_prediction/univariate/CPHL/30T/long/run_0/predictions.npz
    Computing per-window metrics...
    Saved metrics to /fslarge/scratch/users/h61084/codes/adaptime/outputs/adaptime/evaluations/bayes_covariate_prediction/univariate/CPHL/30T/long/run_0/metrics.npz
    Saved config to /fslarge/scratch/users/h61084/codes/adaptime/outputs/adaptime/evaluations/bayes_covariate_prediction/univariate/CPHL/30T/long/run_0/config.json
    Saved aggregate metrics to /fslarge/scratch/users/h61084/codes/adaptime/outputs/adaptime/evaluations/bayes_covariate_prediction/univariate/CPHL/30T/long/run_0/metrics_summary.json
    Metrics summary (averaged over all series/windows/variates):
      MSE: 0.8957
      MAE: 0.5742
      RMSE: 0.7055
      MAPE: 0.5006
      sMAPE: 0.4063
      MASE: 1.7965
      ND: 0.3692
      CRPS: 0.3692
/fslarge/scratch/users/h61084/codes/adaptime/outputs/adaptime/evaluations/bayes_covariate_prediction/univariate/CPHL/30T/long/run_0/metrics_summary.json
TIME run allocation action=new run=/fslarge/scratch/users/h61084/codes/adaptime/outputs/adaptime/evaluations/full_ridge_shared/univariate/CPHL/30T/long/run_0 launch_id=selena_adaptime_3275021 slurm_job_id=3275021 launched_at=2026-09-09T13:15:11.545593+00:00
    Total instances: 20, Series during experiment: 2, Windows: 10
    Collecting ground truth and context...
    Organizing data into arrays...
    Saved predictions (quantiles) to /fslarge/scratch/users/h61084/codes/adaptime/outputs/adaptime/evaluations/full_ridge_shared/univariate/CPHL/30T/long/run_0/predictions.npz
    Computing per-window metrics...
    Saved metrics to /fslarge/scratch/users/h61084/codes/adaptime/outputs/adaptime/evaluations/full_ridge_shared/univariate/CPHL/30T/long/run_0/metrics.npz
    Saved config to /fslarge/scratch/users/h61084/codes/adaptime/outputs/adaptime/evaluations/full_ridge_shared/univariate/CPHL/30T/long/run_0/config.json
    Saved aggregate metrics to /fslarge/scratch/users/h61084/codes/adaptime/outputs/adaptime/evaluations/full_ridge_shared/univariate/CPHL/30T/long/run_0/metrics_summary.json
    Metrics summary (averaged over all series/windows/variates):
      MSE: 0.8957
      MAE: 0.5742
      RMSE: 0.7055
      MAPE: 0.5006
      sMAPE: 0.4063
      MASE: 1.7965
      ND: 0.3692
      CRPS: 0.3692
/fslarge/scratch/users/h61084/codes/adaptime/outputs/adaptime/evaluations/full_ridge_shared/univariate/CPHL/30T/long/run_0/metrics_summary.json
TIME run allocation action=new run=/fslarge/scratch/users/h61084/codes/adaptime/outputs/adaptime/evaluations/vanilla/univariate/CPHL/H/short/run_0 launch_id=selena_adaptime_3275021 slurm_job_id=3275021 launched_at=2026-09-09T13:15:11.579097+00:00
    Total instances: 112, Series during experiment: 4, Windows: 28
    Collecting ground truth and context...
    Organizing data into arrays...
    Saved predictions (quantiles) to /fslarge/scratch/users/h61084/codes/adaptime/outputs/adaptime/evaluations/vanilla/univariate/CPHL/H/short/run_0/predictions.npz
    Computing per-window metrics...
    Saved metrics to /fslarge/scratch/users/h61084/codes/adaptime/outputs/adaptime/evaluations/vanilla/univariate/CPHL/H/short/run_0/metrics.npz
    Saved config to /fslarge/scratch/users/h61084/codes/adaptime/outputs/adaptime/evaluations/vanilla/univariate/CPHL/H/short/run_0/config.json
    Saved aggregate metrics to /fslarge/scratch/users/h61084/codes/adaptime/outputs/adaptime/evaluations/vanilla/univariate/CPHL/H/short/run_0/metrics_summary.json
    Metrics summary (averaged over all series/windows/variates):
      MSE: 0.3634
      MAE: 0.3390
      RMSE: 0.4102
      MAPE: 0.3331
      sMAPE: 0.2884
      MASE: 1.2422
      ND: 0.2836
      CRPS: 0.2836
/fslarge/scratch/users/h61084/codes/adaptime/outputs/adaptime/evaluations/vanilla/univariate/CPHL/H/short/run_0/metrics_summary.json
TIME run allocation action=new run=/fslarge/scratch/users/h61084/codes/adaptime/outputs/adaptime/evaluations/covariate_prediction/univariate/CPHL/H/short/run_0 launch_id=selena_adaptime_3275021 slurm_job_id=3275021 launched_at=2026-09-09T13:15:11.620216+00:00
    Total instances: 112, Series during experiment: 4, Windows: 28
    Collecting ground truth and context...
    Organizing data into arrays...
    Saved predictions (quantiles) to /fslarge/scratch/users/h61084/codes/adaptime/outputs/adaptime/evaluations/covariate_prediction/univariate/CPHL/H/short/run_0/predictions.npz
    Computing per-window metrics...
    Saved metrics to /fslarge/scratch/users/h61084/codes/adaptime/outputs/adaptime/evaluations/covariate_prediction/univariate/CPHL/H/short/run_0/metrics.npz
    Saved config to /fslarge/scratch/users/h61084/codes/adaptime/outputs/adaptime/evaluations/covariate_prediction/univariate/CPHL/H/short/run_0/config.json
    Saved aggregate metrics to /fslarge/scratch/users/h61084/codes/adaptime/outputs/adaptime/evaluations/covariate_prediction/univariate/CPHL/H/short/run_0/metrics_summary.json
    Metrics summary (averaged over all series/windows/variates):
      MSE: 0.3634
      MAE: 0.3390
      RMSE: 0.4102
      MAPE: 0.3331
      sMAPE: 0.2884
      MASE: 1.2422
      ND: 0.2836
      CRPS: 0.2836
/fslarge/scratch/users/h61084/codes/adaptime/outputs/adaptime/evaluations/covariate_prediction/univariate/CPHL/H/short/run_0/metrics_summary.json
TIME run allocation action=new run=/fslarge/scratch/users/h61084/codes/adaptime/outputs/adaptime/evaluations/bayes_covariate_prediction/univariate/CPHL/H/short/run_0 launch_id=selena_adaptime_3275021 slurm_job_id=3275021 launched_at=2026-09-09T13:15:11.658530+00:00
    Total instances: 112, Series during experiment: 4, Windows: 28
    Collecting ground truth and context...
    Organizing data into arrays...
    Saved predictions (quantiles) to /fslarge/scratch/users/h61084/codes/adaptime/outputs/adaptime/evaluations/bayes_covariate_prediction/univariate/CPHL/H/short/run_0/predictions.npz
    Computing per-window metrics...
    Saved metrics to /fslarge/scratch/users/h61084/codes/adaptime/outputs/adaptime/evaluations/bayes_covariate_prediction/univariate/CPHL/H/short/run_0/metrics.npz
    Saved config to /fslarge/scratch/users/h61084/codes/adaptime/outputs/adaptime/evaluations/bayes_covariate_prediction/univariate/CPHL/H/short/run_0/config.json
    Saved aggregate metrics to /fslarge/scratch/users/h61084/codes/adaptime/outputs/adaptime/evaluations/bayes_covariate_prediction/univariate/CPHL/H/short/run_0/metrics_summary.json
    Metrics summary (averaged over all series/windows/variates):
      MSE: 0.3634
      MAE: 0.3390
      RMSE: 0.4102
      MAPE: 0.3331
      sMAPE: 0.2884
      MASE: 1.2422
      ND: 0.2836
      CRPS: 0.2836
/fslarge/scratch/users/h61084/codes/adaptime/outputs/adaptime/evaluations/bayes_covariate_prediction/univariate/CPHL/H/short/run_0/metrics_summary.json
TIME run allocation action=new run=/fslarge/scratch/users/h61084/codes/adaptime/outputs/adaptime/evaluations/full_ridge_shared/univariate/CPHL/H/short/run_0 launch_id=selena_adaptime_3275021 slurm_job_id=3275021 launched_at=2026-09-09T13:15:11.729273+00:00
    Total instances: 112, Series during experiment: 4, Windows: 28
    Collecting ground truth and context...
    Organizing data into arrays...
    Saved predictions (quantiles) to /fslarge/scratch/users/h61084/codes/adaptime/outputs/adaptime/evaluations/full_ridge_shared/univariate/CPHL/H/short/run_0/predictions.npz
    Computing per-window metrics...
    Saved metrics to /fslarge/scratch/users/h61084/codes/adaptime/outputs/adaptime/evaluations/full_ridge_shared/univariate/CPHL/H/short/run_0/metrics.npz
    Saved config to /fslarge/scratch/users/h61084/codes/adaptime/outputs/adaptime/evaluations/full_ridge_shared/univariate/CPHL/H/short/run_0/config.json
    Saved aggregate metrics to /fslarge/scratch/users/h61084/codes/adaptime/outputs/adaptime/evaluations/full_ridge_shared/univariate/CPHL/H/short/run_0/metrics_summary.json
    Metrics summary (averaged over all series/windows/variates):
      MSE: 0.3634
      MAE: 0.3390
      RMSE: 0.4102
      MAPE: 0.3331
      sMAPE: 0.2884
      MASE: 1.2422
      ND: 0.2836
      CRPS: 0.2836
/fslarge/scratch/users/h61084/codes/adaptime/outputs/adaptime/evaluations/full_ridge_shared/univariate/CPHL/H/short/run_0/metrics_summary.json
TIME run allocation action=new run=/fslarge/scratch/users/h61084/codes/adaptime/outputs/adaptime/evaluations/vanilla/univariate/CPHL/H/medium/run_0 launch_id=selena_adaptime_3275021 slurm_job_id=3275021 launched_at=2026-09-09T13:15:11.767964+00:00
    Total instances: 16, Series during experiment: 4, Windows: 4
    Collecting ground truth and context...
    Organizing data into arrays...
    Saved predictions (quantiles) to /fslarge/scratch/users/h61084/codes/adaptime/outputs/adaptime/evaluations/vanilla/univariate/CPHL/H/medium/run_0/predictions.npz
    Computing per-window metrics...
    Saved metrics to /fslarge/scratch/users/h61084/codes/adaptime/outputs/adaptime/evaluations/vanilla/univariate/CPHL/H/medium/run_0/metrics.npz
    Saved config to /fslarge/scratch/users/h61084/codes/adaptime/outputs/adaptime/evaluations/vanilla/univariate/CPHL/H/medium/run_0/config.json
    Saved aggregate metrics to /fslarge/scratch/users/h61084/codes/adaptime/outputs/adaptime/evaluations/vanilla/univariate/CPHL/H/medium/run_0/metrics_summary.json
    Metrics summary (averaged over all series/windows/variates):
      MSE: 0.4790
      MAE: 0.4370
      RMSE: 0.5400
      MAPE: 0.4630
      sMAPE: 0.4131
      MASE: 1.8357
      ND: 0.3947
      CRPS: 0.3947
/fslarge/scratch/users/h61084/codes/adaptime/outputs/adaptime/evaluations/vanilla/univariate/CPHL/H/medium/run_0/metrics_summary.json
TIME run allocation action=new run=/fslarge/scratch/users/h61084/codes/adaptime/outputs/adaptime/evaluations/covariate_prediction/univariate/CPHL/H/medium/run_0 launch_id=selena_adaptime_3275021 slurm_job_id=3275021 launched_at=2026-09-09T13:15:11.799229+00:00
    Total instances: 16, Series during experiment: 4, Windows: 4
    Collecting ground truth and context...
    Organizing data into arrays...
    Saved predictions (quantiles) to /fslarge/scratch/users/h61084/codes/adaptime/outputs/adaptime/evaluations/covariate_prediction/univariate/CPHL/H/medium/run_0/predictions.npz
    Computing per-window metrics...
    Saved metrics to /fslarge/scratch/users/h61084/codes/adaptime/outputs/adaptime/evaluations/covariate_prediction/univariate/CPHL/H/medium/run_0/metrics.npz
    Saved config to /fslarge/scratch/users/h61084/codes/adaptime/outputs/adaptime/evaluations/covariate_prediction/univariate/CPHL/H/medium/run_0/config.json
    Saved aggregate metrics to /fslarge/scratch/users/h61084/codes/adaptime/outputs/adaptime/evaluations/covariate_prediction/univariate/CPHL/H/medium/run_0/metrics_summary.json
    Metrics summary (averaged over all series/windows/variates):
      MSE: 0.4790
      MAE: 0.4370
      RMSE: 0.5400
      MAPE: 0.4630
      sMAPE: 0.4131
      MASE: 1.8357
      ND: 0.3947
      CRPS: 0.3947
/fslarge/scratch/users/h61084/codes/adaptime/outputs/adaptime/evaluations/covariate_prediction/univariate/CPHL/H/medium/run_0/metrics_summary.json
TIME run allocation action=new run=/fslarge/scratch/users/h61084/codes/adaptime/outputs/adaptime/evaluations/bayes_covariate_prediction/univariate/CPHL/H/medium/run_0 launch_id=selena_adaptime_3275021 slurm_job_id=3275021 launched_at=2026-09-09T13:15:11.878280+00:00
    Total instances: 16, Series during experiment: 4, Windows: 4
    Collecting ground truth and context...
    Organizing data into arrays...
    Saved predictions (quantiles) to /fslarge/scratch/users/h61084/codes/adaptime/outputs/adaptime/evaluations/bayes_covariate_prediction/univariate/CPHL/H/medium/run_0/predictions.npz
    Computing per-window metrics...
    Saved metrics to /fslarge/scratch/users/h61084/codes/adaptime/outputs/adaptime/evaluations/bayes_covariate_prediction/univariate/CPHL/H/medium/run_0/metrics.npz
    Saved config to /fslarge/scratch/users/h61084/codes/adaptime/outputs/adaptime/evaluations/bayes_covariate_prediction/univariate/CPHL/H/medium/run_0/config.json
    Saved aggregate metrics to /fslarge/scratch/users/h61084/codes/adaptime/outputs/adaptime/evaluations/bayes_covariate_prediction/univariate/CPHL/H/medium/run_0/metrics_summary.json
    Metrics summary (averaged over all series/windows/variates):
      MSE: 0.4790
      MAE: 0.4370
      RMSE: 0.5400
      MAPE: 0.4630
      sMAPE: 0.4131
      MASE: 1.8357
      ND: 0.3947
      CRPS: 0.3947
/fslarge/scratch/users/h61084/codes/adaptime/outputs/adaptime/evaluations/bayes_covariate_prediction/univariate/CPHL/H/medium/run_0/metrics_summary.json
TIME run allocation action=new run=/fslarge/scratch/users/h61084/codes/adaptime/outputs/adaptime/evaluations/full_ridge_shared/univariate/CPHL/H/medium/run_0 launch_id=selena_adaptime_3275021 slurm_job_id=3275021 launched_at=2026-09-09T13:15:11.930992+00:00
    Total instances: 16, Series during experiment: 4, Windows: 4
    Collecting ground truth and context...
    Organizing data into arrays...
    Saved predictions (quantiles) to /fslarge/scratch/users/h61084/codes/adaptime/outputs/adaptime/evaluations/full_ridge_shared/univariate/CPHL/H/medium/run_0/predictions.npz
    Computing per-window metrics...
    Saved metrics to /fslarge/scratch/users/h61084/codes/adaptime/outputs/adaptime/evaluations/full_ridge_shared/univariate/CPHL/H/medium/run_0/metrics.npz
    Saved config to /fslarge/scratch/users/h61084/codes/adaptime/outputs/adaptime/evaluations/full_ridge_shared/univariate/CPHL/H/medium/run_0/config.json
    Saved aggregate metrics to /fslarge/scratch/users/h61084/codes/adaptime/outputs/adaptime/evaluations/full_ridge_shared/univariate/CPHL/H/medium/run_0/metrics_summary.json
    Metrics summary (averaged over all series/windows/variates):
      MSE: 0.4790
      MAE: 0.4370
      RMSE: 0.5400
      MAPE: 0.4630
      sMAPE: 0.4131
      MASE: 1.8357
      ND: 0.3947
      CRPS: 0.3947
/fslarge/scratch/users/h61084/codes/adaptime/outputs/adaptime/evaluations/full_ridge_shared/univariate/CPHL/H/medium/run_0/metrics_summary.json
TIME run allocation action=new run=/fslarge/scratch/users/h61084/codes/adaptime/outputs/adaptime/evaluations/vanilla/univariate/CPHL/H/long/run_0 launch_id=selena_adaptime_3275021 slurm_job_id=3275021 launched_at=2026-09-09T13:15:12.015989+00:00
    Total instances: 8, Series during experiment: 4, Windows: 2
    Collecting ground truth and context...
    Organizing data into arrays...
    Saved predictions (quantiles) to /fslarge/scratch/users/h61084/codes/adaptime/outputs/adaptime/evaluations/vanilla/univariate/CPHL/H/long/run_0/predictions.npz
    Computing per-window metrics...
    Saved metrics to /fslarge/scratch/users/h61084/codes/adaptime/outputs/adaptime/evaluations/vanilla/univariate/CPHL/H/long/run_0/metrics.npz
    Saved config to /fslarge/scratch/users/h61084/codes/adaptime/outputs/adaptime/evaluations/vanilla/univariate/CPHL/H/long/run_0/config.json
    Saved aggregate metrics to /fslarge/scratch/users/h61084/codes/adaptime/outputs/adaptime/evaluations/vanilla/univariate/CPHL/H/long/run_0/metrics_summary.json
    Metrics summary (averaged over all series/windows/variates):
      MSE: 0.5239
      MAE: 0.4664
      RMSE: 0.5840
      MAPE: 0.5131
      sMAPE: 0.4727
      MASE: 2.1391
      ND: 0.4464
      CRPS: 0.4464
/fslarge/scratch/users/h61084/codes/adaptime/outputs/adaptime/evaluations/vanilla/univariate/CPHL/H/long/run_0/metrics_summary.json
TIME run allocation action=new run=/fslarge/scratch/users/h61084/codes/adaptime/outputs/adaptime/evaluations/covariate_prediction/univariate/CPHL/H/long/run_0 launch_id=selena_adaptime_3275021 slurm_job_id=3275021 launched_at=2026-09-09T13:15:12.047228+00:00
    Total instances: 8, Series during experiment: 4, Windows: 2
    Collecting ground truth and context...
    Organizing data into arrays...
    Saved predictions (quantiles) to /fslarge/scratch/users/h61084/codes/adaptime/outputs/adaptime/evaluations/covariate_prediction/univariate/CPHL/H/long/run_0/predictions.npz
    Computing per-window metrics...
    Saved metrics to /fslarge/scratch/users/h61084/codes/adaptime/outputs/adaptime/evaluations/covariate_prediction/univariate/CPHL/H/long/run_0/metrics.npz
    Saved config to /fslarge/scratch/users/h61084/codes/adaptime/outputs/adaptime/evaluations/covariate_prediction/univariate/CPHL/H/long/run_0/config.json
    Saved aggregate metrics to /fslarge/scratch/users/h61084/codes/adaptime/outputs/adaptime/evaluations/covariate_prediction/univariate/CPHL/H/long/run_0/metrics_summary.json
    Metrics summary (averaged over all series/windows/variates):
      MSE: 0.5239
      MAE: 0.4664
      RMSE: 0.5840
      MAPE: 0.5131
      sMAPE: 0.4727
      MASE: 2.1391
      ND: 0.4464
      CRPS: 0.4464
/fslarge/scratch/users/h61084/codes/adaptime/outputs/adaptime/evaluations/covariate_prediction/univariate/CPHL/H/long/run_0/metrics_summary.json
TIME run allocation action=new run=/fslarge/scratch/users/h61084/codes/adaptime/outputs/adaptime/evaluations/bayes_covariate_prediction/univariate/CPHL/H/long/run_0 launch_id=selena_adaptime_3275021 slurm_job_id=3275021 launched_at=2026-09-09T13:15:12.076729+00:00
    Total instances: 8, Series during experiment: 4, Windows: 2
    Collecting ground truth and context...
    Organizing data into arrays...
    Saved predictions (quantiles) to /fslarge/scratch/users/h61084/codes/adaptime/outputs/adaptime/evaluations/bayes_covariate_prediction/univariate/CPHL/H/long/run_0/predictions.npz
    Computing per-window metrics...
    Saved metrics to /fslarge/scratch/users/h61084/codes/adaptime/outputs/adaptime/evaluations/bayes_covariate_prediction/univariate/CPHL/H/long/run_0/metrics.npz
    Saved config to /fslarge/scratch/users/h61084/codes/adaptime/outputs/adaptime/evaluations/bayes_covariate_prediction/univariate/CPHL/H/long/run_0/config.json
    Saved aggregate metrics to /fslarge/scratch/users/h61084/codes/adaptime/outputs/adaptime/evaluations/bayes_covariate_prediction/univariate/CPHL/H/long/run_0/metrics_summary.json
    Metrics summary (averaged over all series/windows/variates):
      MSE: 0.5239
      MAE: 0.4664
      RMSE: 0.5840
      MAPE: 0.5131
      sMAPE: 0.4727
      MASE: 2.1391
      ND: 0.4464
      CRPS: 0.4464
/fslarge/scratch/users/h61084/codes/adaptime/outputs/adaptime/evaluations/bayes_covariate_prediction/univariate/CPHL/H/long/run_0/metrics_summary.json
TIME run allocation action=new run=/fslarge/scratch/users/h61084/codes/adaptime/outputs/adaptime/evaluations/full_ridge_shared/univariate/CPHL/H/long/run_0 launch_id=selena_adaptime_3275021 slurm_job_id=3275021 launched_at=2026-09-09T13:15:12.145990+00:00
    Total instances: 8, Series during experiment: 4, Windows: 2
    Collecting ground truth and context...
    Organizing data into arrays...
    Saved predictions (quantiles) to /fslarge/scratch/users/h61084/codes/adaptime/outputs/adaptime/evaluations/full_ridge_shared/univariate/CPHL/H/long/run_0/predictions.npz
    Computing per-window metrics...
    Saved metrics to /fslarge/scratch/users/h61084/codes/adaptime/outputs/adaptime/evaluations/full_ridge_shared/univariate/CPHL/H/long/run_0/metrics.npz
    Saved config to /fslarge/scratch/users/h61084/codes/adaptime/outputs/adaptime/evaluations/full_ridge_shared/univariate/CPHL/H/long/run_0/config.json
    Saved aggregate metrics to /fslarge/scratch/users/h61084/codes/adaptime/outputs/adaptime/evaluations/full_ridge_shared/univariate/CPHL/H/long/run_0/metrics_summary.json
    Metrics summary (averaged over all series/windows/variates):
      MSE: 0.5239
      MAE: 0.4664
      RMSE: 0.5840
      MAPE: 0.5131
      sMAPE: 0.4727
      MASE: 2.1391
      ND: 0.4464
      CRPS: 0.4464
/fslarge/scratch/users/h61084/codes/adaptime/outputs/adaptime/evaluations/full_ridge_shared/univariate/CPHL/H/long/run_0/metrics_summary.json
TIME run allocation action=new run=/fslarge/scratch/users/h61084/codes/adaptime/outputs/adaptime/evaluations/vanilla/univariate/Coastal_T_S/5T/short/run_0 launch_id=selena_adaptime_3275021 slurm_job_id=3275021 launched_at=2026-09-09T13:15:12.193998+00:00
    Total instances: 6480, Series during experiment: 54, Windows: 120
    Collecting ground truth and context...
    Detected to_univariate case: 54 flat series -> 18 series x 3 variates
    Organizing data into arrays...
    Saved predictions (quantiles) to /fslarge/scratch/users/h61084/codes/adaptime/outputs/adaptime/evaluations/vanilla/univariate/Coastal_T_S/5T/short/run_0/predictions.npz
    Computing per-window metrics...
    Saved metrics to /fslarge/scratch/users/h61084/codes/adaptime/outputs/adaptime/evaluations/vanilla/univariate/Coastal_T_S/5T/short/run_0/metrics.npz
    Saved config to /fslarge/scratch/users/h61084/codes/adaptime/outputs/adaptime/evaluations/vanilla/univariate/Coastal_T_S/5T/short/run_0/config.json
    Saved aggregate metrics to /fslarge/scratch/users/h61084/codes/adaptime/outputs/adaptime/evaluations/vanilla/univariate/Coastal_T_S/5T/short/run_0/metrics_summary.json
    Metrics summary (averaged over all series/windows/variates):
      MSE: 120.9069
      MAE: 2.8447
      RMSE: 3.0168
      MAPE: 0.0864
      sMAPE: 0.0665
      MASE: 0.7891
      ND: 0.0617
      CRPS: 0.0617
/fslarge/scratch/users/h61084/codes/adaptime/outputs/adaptime/evaluations/vanilla/univariate/Coastal_T_S/5T/short/run_0/metrics_summary.json
TIME run allocation action=new run=/fslarge/scratch/users/h61084/codes/adaptime/outputs/adaptime/evaluations/covariate_prediction/univariate/Coastal_T_S/5T/short/run_0 launch_id=selena_adaptime_3275021 slurm_job_id=3275021 launched_at=2026-09-09T13:15:14.925398+00:00
    Total instances: 6480, Series during experiment: 54, Windows: 120
    Collecting ground truth and context...
    Detected to_univariate case: 54 flat series -> 18 series x 3 variates
    Organizing data into arrays...
    Saved predictions (quantiles) to /fslarge/scratch/users/h61084/codes/adaptime/outputs/adaptime/evaluations/covariate_prediction/univariate/Coastal_T_S/5T/short/run_0/predictions.npz
    Computing per-window metrics...
    Saved metrics to /fslarge/scratch/users/h61084/codes/adaptime/outputs/adaptime/evaluations/covariate_prediction/univariate/Coastal_T_S/5T/short/run_0/metrics.npz
    Saved config to /fslarge/scratch/users/h61084/codes/adaptime/outputs/adaptime/evaluations/covariate_prediction/univariate/Coastal_T_S/5T/short/run_0/config.json
    Saved aggregate metrics to /fslarge/scratch/users/h61084/codes/adaptime/outputs/adaptime/evaluations/covariate_prediction/univariate/Coastal_T_S/5T/short/run_0/metrics_summary.json
    Metrics summary (averaged over all series/windows/variates):
      MSE: 119.4174
      MAE: 2.8444
      RMSE: 3.0054
      MAPE: 0.0845
      sMAPE: 0.0667
      MASE: 0.7888
      ND: 0.0617
      CRPS: 0.0617
/fslarge/scratch/users/h61084/codes/adaptime/outputs/adaptime/evaluations/covariate_prediction/univariate/Coastal_T_S/5T/short/run_0/metrics_summary.json
TIME run allocation action=new run=/fslarge/scratch/users/h61084/codes/adaptime/outputs/adaptime/evaluations/bayes_covariate_prediction/univariate/Coastal_T_S/5T/short/run_0 launch_id=selena_adaptime_3275021 slurm_job_id=3275021 launched_at=2026-09-09T13:15:17.645972+00:00
    Total instances: 6480, Series during experiment: 54, Windows: 120
    Collecting ground truth and context...
    Detected to_univariate case: 54 flat series -> 18 series x 3 variates
    Organizing data into arrays...
    Saved predictions (quantiles) to /fslarge/scratch/users/h61084/codes/adaptime/outputs/adaptime/evaluations/bayes_covariate_prediction/univariate/Coastal_T_S/5T/short/run_0/predictions.npz
    Computing per-window metrics...
    Saved metrics to /fslarge/scratch/users/h61084/codes/adaptime/outputs/adaptime/evaluations/bayes_covariate_prediction/univariate/Coastal_T_S/5T/short/run_0/metrics.npz
    Saved config to /fslarge/scratch/users/h61084/codes/adaptime/outputs/adaptime/evaluations/bayes_covariate_prediction/univariate/Coastal_T_S/5T/short/run_0/config.json
    Saved aggregate metrics to /fslarge/scratch/users/h61084/codes/adaptime/outputs/adaptime/evaluations/bayes_covariate_prediction/univariate/Coastal_T_S/5T/short/run_0/metrics_summary.json
    Metrics summary (averaged over all series/windows/variates):
      MSE: 119.7743
      MAE: 2.8430
      RMSE: 3.0050
      MAPE: 0.0854
      sMAPE: 0.0666
      MASE: 0.7867
      ND: 0.0616
      CRPS: 0.0616
/fslarge/scratch/users/h61084/codes/adaptime/outputs/adaptime/evaluations/bayes_covariate_prediction/univariate/Coastal_T_S/5T/short/run_0/metrics_summary.json
TIME run allocation action=new run=/fslarge/scratch/users/h61084/codes/adaptime/outputs/adaptime/evaluations/full_ridge_shared/univariate/Coastal_T_S/5T/short/run_0 launch_id=selena_adaptime_3275021 slurm_job_id=3275021 launched_at=2026-09-09T13:15:20.400851+00:00
    Total instances: 6480, Series during experiment: 54, Windows: 120
    Collecting ground truth and context...
    Detected to_univariate case: 54 flat series -> 18 series x 3 variates
    Organizing data into arrays...
    Saved predictions (quantiles) to /fslarge/scratch/users/h61084/codes/adaptime/outputs/adaptime/evaluations/full_ridge_shared/univariate/Coastal_T_S/5T/short/run_0/predictions.npz
    Computing per-window metrics...
    Saved metrics to /fslarge/scratch/users/h61084/codes/adaptime/outputs/adaptime/evaluations/full_ridge_shared/univariate/Coastal_T_S/5T/short/run_0/metrics.npz
    Saved config to /fslarge/scratch/users/h61084/codes/adaptime/outputs/adaptime/evaluations/full_ridge_shared/univariate/Coastal_T_S/5T/short/run_0/config.json
    Saved aggregate metrics to /fslarge/scratch/users/h61084/codes/adaptime/outputs/adaptime/evaluations/full_ridge_shared/univariate/Coastal_T_S/5T/short/run_0/metrics_summary.json
    Metrics summary (averaged over all series/windows/variates):
      MSE: 120.9070
      MAE: 2.8447
      RMSE: 3.0168
      MAPE: 0.0864
      sMAPE: 0.0665
      MASE: 0.7891
      ND: 0.0617
      CRPS: 0.0617
/fslarge/scratch/users/h61084/codes/adaptime/outputs/adaptime/evaluations/full_ridge_shared/univariate/Coastal_T_S/5T/short/run_0/metrics_summary.json
TIME run allocation action=new run=/fslarge/scratch/users/h61084/codes/adaptime/outputs/adaptime/evaluations/vanilla/univariate/Coastal_T_S/5T/medium/run_0 launch_id=selena_adaptime_3275021 slurm_job_id=3275021 launched_at=2026-09-09T13:15:23.132108+00:00
    Total instances: 810, Series during experiment: 54, Windows: 15
    Collecting ground truth and context...
    Detected to_univariate case: 54 flat series -> 18 series x 3 variates
    Organizing data into arrays...
    Saved predictions (quantiles) to /fslarge/scratch/users/h61084/codes/adaptime/outputs/adaptime/evaluations/vanilla/univariate/Coastal_T_S/5T/medium/run_0/predictions.npz
    Computing per-window metrics...
    Saved metrics to /fslarge/scratch/users/h61084/codes/adaptime/outputs/adaptime/evaluations/vanilla/univariate/Coastal_T_S/5T/medium/run_0/metrics.npz
    Saved config to /fslarge/scratch/users/h61084/codes/adaptime/outputs/adaptime/evaluations/vanilla/univariate/Coastal_T_S/5T/medium/run_0/config.json
    Saved aggregate metrics to /fslarge/scratch/users/h61084/codes/adaptime/outputs/adaptime/evaluations/vanilla/univariate/Coastal_T_S/5T/medium/run_0/metrics_summary.json
    Metrics summary (averaged over all series/windows/variates):
      MSE: 128.4993
      MAE: 2.9649
      RMSE: 3.2445
      MAPE: 0.0920
      sMAPE: 0.0700
      MASE: 1.0223
      ND: 0.0661
      CRPS: 0.0661
/fslarge/scratch/users/h61084/codes/adaptime/outputs/adaptime/evaluations/vanilla/univariate/Coastal_T_S/5T/medium/run_0/metrics_summary.json
TIME run allocation action=new run=/fslarge/scratch/users/h61084/codes/adaptime/outputs/adaptime/evaluations/covariate_prediction/univariate/Coastal_T_S/5T/medium/run_0 launch_id=selena_adaptime_3275021 slurm_job_id=3275021 launched_at=2026-09-09T13:15:23.720354+00:00
    Total instances: 810, Series during experiment: 54, Windows: 15
    Collecting ground truth and context...
    Detected to_univariate case: 54 flat series -> 18 series x 3 variates
    Organizing data into arrays...
    Saved predictions (quantiles) to /fslarge/scratch/users/h61084/codes/adaptime/outputs/adaptime/evaluations/covariate_prediction/univariate/Coastal_T_S/5T/medium/run_0/predictions.npz
    Computing per-window metrics...
    Saved metrics to /fslarge/scratch/users/h61084/codes/adaptime/outputs/adaptime/evaluations/covariate_prediction/univariate/Coastal_T_S/5T/medium/run_0/metrics.npz
    Saved config to /fslarge/scratch/users/h61084/codes/adaptime/outputs/adaptime/evaluations/covariate_prediction/univariate/Coastal_T_S/5T/medium/run_0/config.json
    Saved aggregate metrics to /fslarge/scratch/users/h61084/codes/adaptime/outputs/adaptime/evaluations/covariate_prediction/univariate/Coastal_T_S/5T/medium/run_0/metrics_summary.json
    Metrics summary (averaged over all series/windows/variates):
      MSE: 125.4720
      MAE: 2.9754
      RMSE: 3.2390
      MAPE: 0.0876
      sMAPE: 0.0715
      MASE: 1.0405
      ND: 0.0668
      CRPS: 0.0668
/fslarge/scratch/users/h61084/codes/adaptime/outputs/adaptime/evaluations/covariate_prediction/univariate/Coastal_T_S/5T/medium/run_0/metrics_summary.json
TIME run allocation action=new run=/fslarge/scratch/users/h61084/codes/adaptime/outputs/adaptime/evaluations/bayes_covariate_prediction/univariate/Coastal_T_S/5T/medium/run_0 launch_id=selena_adaptime_3275021 slurm_job_id=3275021 launched_at=2026-09-09T13:15:24.329469+00:00
    Total instances: 810, Series during experiment: 54, Windows: 15
    Collecting ground truth and context...
    Detected to_univariate case: 54 flat series -> 18 series x 3 variates
    Organizing data into arrays...
    Saved predictions (quantiles) to /fslarge/scratch/users/h61084/codes/adaptime/outputs/adaptime/evaluations/bayes_covariate_prediction/univariate/Coastal_T_S/5T/medium/run_0/predictions.npz
    Computing per-window metrics...
    Saved metrics to /fslarge/scratch/users/h61084/codes/adaptime/outputs/adaptime/evaluations/bayes_covariate_prediction/univariate/Coastal_T_S/5T/medium/run_0/metrics.npz
    Saved config to /fslarge/scratch/users/h61084/codes/adaptime/outputs/adaptime/evaluations/bayes_covariate_prediction/univariate/Coastal_T_S/5T/medium/run_0/config.json
    Saved aggregate metrics to /fslarge/scratch/users/h61084/codes/adaptime/outputs/adaptime/evaluations/bayes_covariate_prediction/univariate/Coastal_T_S/5T/medium/run_0/metrics_summary.json
    Metrics summary (averaged over all series/windows/variates):
      MSE: 126.0367
      MAE: 2.9656
      RMSE: 3.2262
      MAPE: 0.0896
      sMAPE: 0.0708
      MASE: 1.0236
      ND: 0.0662
      CRPS: 0.0662
/fslarge/scratch/users/h61084/codes/adaptime/outputs/adaptime/evaluations/bayes_covariate_prediction/univariate/Coastal_T_S/5T/medium/run_0/metrics_summary.json
TIME run allocation action=new run=/fslarge/scratch/users/h61084/codes/adaptime/outputs/adaptime/evaluations/full_ridge_shared/univariate/Coastal_T_S/5T/medium/run_0 launch_id=selena_adaptime_3275021 slurm_job_id=3275021 launched_at=2026-09-09T13:15:24.936931+00:00
    Total instances: 810, Series during experiment: 54, Windows: 15
    Collecting ground truth and context...
    Detected to_univariate case: 54 flat series -> 18 series x 3 variates
    Organizing data into arrays...
    Saved predictions (quantiles) to /fslarge/scratch/users/h61084/codes/adaptime/outputs/adaptime/evaluations/full_ridge_shared/univariate/Coastal_T_S/5T/medium/run_0/predictions.npz
    Computing per-window metrics...
    Saved metrics to /fslarge/scratch/users/h61084/codes/adaptime/outputs/adaptime/evaluations/full_ridge_shared/univariate/Coastal_T_S/5T/medium/run_0/metrics.npz
    Saved config to /fslarge/scratch/users/h61084/codes/adaptime/outputs/adaptime/evaluations/full_ridge_shared/univariate/Coastal_T_S/5T/medium/run_0/config.json
    Saved aggregate metrics to /fslarge/scratch/users/h61084/codes/adaptime/outputs/adaptime/evaluations/full_ridge_shared/univariate/Coastal_T_S/5T/medium/run_0/metrics_summary.json
    Metrics summary (averaged over all series/windows/variates):
      MSE: 128.4970
      MAE: 2.9649
      RMSE: 3.2445
      MAPE: 0.0920
      sMAPE: 0.0700
      MASE: 1.0221
      ND: 0.0661
      CRPS: 0.0661
/fslarge/scratch/users/h61084/codes/adaptime/outputs/adaptime/evaluations/full_ridge_shared/univariate/Coastal_T_S/5T/medium/run_0/metrics_summary.json
TIME run allocation action=new run=/fslarge/scratch/users/h61084/codes/adaptime/outputs/adaptime/evaluations/vanilla/univariate/Coastal_T_S/5T/long/run_0 launch_id=selena_adaptime_3275021 slurm_job_id=3275021 launched_at=2026-09-09T13:15:25.510887+00:00
    Total instances: 270, Series during experiment: 54, Windows: 5
    Collecting ground truth and context...
    Detected to_univariate case: 54 flat series -> 18 series x 3 variates
    Organizing data into arrays...
    Saved predictions (quantiles) to /fslarge/scratch/users/h61084/codes/adaptime/outputs/adaptime/evaluations/vanilla/univariate/Coastal_T_S/5T/long/run_0/predictions.npz
    Computing per-window metrics...
    Saved metrics to /fslarge/scratch/users/h61084/codes/adaptime/outputs/adaptime/evaluations/vanilla/univariate/Coastal_T_S/5T/long/run_0/metrics.npz
    Saved config to /fslarge/scratch/users/h61084/codes/adaptime/outputs/adaptime/evaluations/vanilla/univariate/Coastal_T_S/5T/long/run_0/config.json
    Saved aggregate metrics to /fslarge/scratch/users/h61084/codes/adaptime/outputs/adaptime/evaluations/vanilla/univariate/Coastal_T_S/5T/long/run_0/metrics_summary.json
    Metrics summary (averaged over all series/windows/variates):
      MSE: 139.0195
      MAE: 3.0575
      RMSE: 3.4466
      MAPE: 0.0963
      sMAPE: 0.0721
      MASE: 1.2500
      ND: 0.0688
      CRPS: 0.0688
/fslarge/scratch/users/h61084/codes/adaptime/outputs/adaptime/evaluations/vanilla/univariate/Coastal_T_S/5T/long/run_0/metrics_summary.json
TIME run allocation action=new run=/fslarge/scratch/users/h61084/codes/adaptime/outputs/adaptime/evaluations/covariate_prediction/univariate/Coastal_T_S/5T/long/run_0 launch_id=selena_adaptime_3275021 slurm_job_id=3275021 launched_at=2026-09-09T13:15:25.893957+00:00
    Total instances: 270, Series during experiment: 54, Windows: 5
    Collecting ground truth and context...
    Detected to_univariate case: 54 flat series -> 18 series x 3 variates
    Organizing data into arrays...
    Saved predictions (quantiles) to /fslarge/scratch/users/h61084/codes/adaptime/outputs/adaptime/evaluations/covariate_prediction/univariate/Coastal_T_S/5T/long/run_0/predictions.npz
    Computing per-window metrics...
    Saved metrics to /fslarge/scratch/users/h61084/codes/adaptime/outputs/adaptime/evaluations/covariate_prediction/univariate/Coastal_T_S/5T/long/run_0/metrics.npz
    Saved config to /fslarge/scratch/users/h61084/codes/adaptime/outputs/adaptime/evaluations/covariate_prediction/univariate/Coastal_T_S/5T/long/run_0/config.json
    Saved aggregate metrics to /fslarge/scratch/users/h61084/codes/adaptime/outputs/adaptime/evaluations/covariate_prediction/univariate/Coastal_T_S/5T/long/run_0/metrics_summary.json
    Metrics summary (averaged over all series/windows/variates):
      MSE: 133.0912
      MAE: 3.0764
      RMSE: 3.4265
      MAPE: 0.0908
      sMAPE: 0.0760
      MASE: 1.2799
      ND: 0.0712
      CRPS: 0.0712
/fslarge/scratch/users/h61084/codes/adaptime/outputs/adaptime/evaluations/covariate_prediction/univariate/Coastal_T_S/5T/long/run_0/metrics_summary.json
TIME run allocation action=new run=/fslarge/scratch/users/h61084/codes/adaptime/outputs/adaptime/evaluations/bayes_covariate_prediction/univariate/Coastal_T_S/5T/long/run_0 launch_id=selena_adaptime_3275021 slurm_job_id=3275021 launched_at=2026-09-09T13:15:26.267491+00:00
    Total instances: 270, Series during experiment: 54, Windows: 5
    Collecting ground truth and context...
    Detected to_univariate case: 54 flat series -> 18 series x 3 variates
    Organizing data into arrays...
    Saved predictions (quantiles) to /fslarge/scratch/users/h61084/codes/adaptime/outputs/adaptime/evaluations/bayes_covariate_prediction/univariate/Coastal_T_S/5T/long/run_0/predictions.npz
    Computing per-window metrics...
    Saved metrics to /fslarge/scratch/users/h61084/codes/adaptime/outputs/adaptime/evaluations/bayes_covariate_prediction/univariate/Coastal_T_S/5T/long/run_0/metrics.npz
    Saved config to /fslarge/scratch/users/h61084/codes/adaptime/outputs/adaptime/evaluations/bayes_covariate_prediction/univariate/Coastal_T_S/5T/long/run_0/config.json
    Saved aggregate metrics to /fslarge/scratch/users/h61084/codes/adaptime/outputs/adaptime/evaluations/bayes_covariate_prediction/univariate/Coastal_T_S/5T/long/run_0/metrics_summary.json
    Metrics summary (averaged over all series/windows/variates):
      MSE: 133.9240
      MAE: 3.0620
      RMSE: 3.4106
      MAPE: 0.0928
      sMAPE: 0.0742
      MASE: 1.2503
      ND: 0.0699
      CRPS: 0.0699
/fslarge/scratch/users/h61084/codes/adaptime/outputs/adaptime/evaluations/bayes_covariate_prediction/univariate/Coastal_T_S/5T/long/run_0/metrics_summary.json
TIME run allocation action=new run=/fslarge/scratch/users/h61084/codes/adaptime/outputs/adaptime/evaluations/full_ridge_shared/univariate/Coastal_T_S/5T/long/run_0 launch_id=selena_adaptime_3275021 slurm_job_id=3275021 launched_at=2026-09-09T13:15:26.638703+00:00
    Total instances: 270, Series during experiment: 54, Windows: 5
    Collecting ground truth and context...
    Detected to_univariate case: 54 flat series -> 18 series x 3 variates
    Organizing data into arrays...
    Saved predictions (quantiles) to /fslarge/scratch/users/h61084/codes/adaptime/outputs/adaptime/evaluations/full_ridge_shared/univariate/Coastal_T_S/5T/long/run_0/predictions.npz
    Computing per-window metrics...
    Saved metrics to /fslarge/scratch/users/h61084/codes/adaptime/outputs/adaptime/evaluations/full_ridge_shared/univariate/Coastal_T_S/5T/long/run_0/metrics.npz
    Saved config to /fslarge/scratch/users/h61084/codes/adaptime/outputs/adaptime/evaluations/full_ridge_shared/univariate/Coastal_T_S/5T/long/run_0/config.json
    Saved aggregate metrics to /fslarge/scratch/users/h61084/codes/adaptime/outputs/adaptime/evaluations/full_ridge_shared/univariate/Coastal_T_S/5T/long/run_0/metrics_summary.json
    Metrics summary (averaged over all series/windows/variates):
      MSE: 139.0603
      MAE: 3.0645
      RMSE: 3.4532
      MAPE: 0.0965
      sMAPE: 0.0723
      MASE: 1.3464
      ND: 0.0690
      CRPS: 0.0690
/fslarge/scratch/users/h61084/codes/adaptime/outputs/adaptime/evaluations/full_ridge_shared/univariate/Coastal_T_S/5T/long/run_0/metrics_summary.json
TIME run allocation action=new run=/fslarge/scratch/users/h61084/codes/adaptime/outputs/adaptime/evaluations/vanilla/univariate/Coastal_T_S/15T/short/run_0 launch_id=selena_adaptime_3275021 slurm_job_id=3275021 launched_at=2026-09-09T13:15:27.011673+00:00
    Total instances: 1800, Series during experiment: 15, Windows: 120
    Collecting ground truth and context...
    Detected to_univariate case: 15 flat series -> 5 series x 3 variates
    Organizing data into arrays...
    Saved predictions (quantiles) to /fslarge/scratch/users/h61084/codes/adaptime/outputs/adaptime/evaluations/vanilla/univariate/Coastal_T_S/15T/short/run_0/predictions.npz
    Computing per-window metrics...
    Saved metrics to /fslarge/scratch/users/h61084/codes/adaptime/outputs/adaptime/evaluations/vanilla/univariate/Coastal_T_S/15T/short/run_0/metrics.npz
    Saved config to /fslarge/scratch/users/h61084/codes/adaptime/outputs/adaptime/evaluations/vanilla/univariate/Coastal_T_S/15T/short/run_0/config.json
    Saved aggregate metrics to /fslarge/scratch/users/h61084/codes/adaptime/outputs/adaptime/evaluations/vanilla/univariate/Coastal_T_S/15T/short/run_0/metrics_summary.json
    Metrics summary (averaged over all series/windows/variates):
      MSE: 111.0752
      MAE: 4.6570
      RMSE: 4.8515
      MAPE: 0.1344
      sMAPE: 0.1194
      MASE: 1.1296
      ND: 0.1149
      CRPS: 0.1149
/fslarge/scratch/users/h61084/codes/adaptime/outputs/adaptime/evaluations/vanilla/univariate/Coastal_T_S/15T/short/run_0/metrics_summary.json
TIME run allocation action=new run=/fslarge/scratch/users/h61084/codes/adaptime/outputs/adaptime/evaluations/covariate_prediction/univariate/Coastal_T_S/15T/short/run_0 launch_id=selena_adaptime_3275021 slurm_job_id=3275021 launched_at=2026-09-09T13:15:27.307042+00:00
    Total instances: 1800, Series during experiment: 15, Windows: 120
    Collecting ground truth and context...
    Detected to_univariate case: 15 flat series -> 5 series x 3 variates
    Organizing data into arrays...
    Saved predictions (quantiles) to /fslarge/scratch/users/h61084/codes/adaptime/outputs/adaptime/evaluations/covariate_prediction/univariate/Coastal_T_S/15T/short/run_0/predictions.npz
    Computing per-window metrics...
    Saved metrics to /fslarge/scratch/users/h61084/codes/adaptime/outputs/adaptime/evaluations/covariate_prediction/univariate/Coastal_T_S/15T/short/run_0/metrics.npz
    Saved config to /fslarge/scratch/users/h61084/codes/adaptime/outputs/adaptime/evaluations/covariate_prediction/univariate/Coastal_T_S/15T/short/run_0/config.json
    Saved aggregate metrics to /fslarge/scratch/users/h61084/codes/adaptime/outputs/adaptime/evaluations/covariate_prediction/univariate/Coastal_T_S/15T/short/run_0/metrics_summary.json
    Metrics summary (averaged over all series/windows/variates):
      MSE: 111.0752
      MAE: 4.6570
      RMSE: 4.8515
      MAPE: 0.1344
      sMAPE: 0.1194
      MASE: 1.1296
      ND: 0.1149
      CRPS: 0.1149
/fslarge/scratch/users/h61084/codes/adaptime/outputs/adaptime/evaluations/covariate_prediction/univariate/Coastal_T_S/15T/short/run_0/metrics_summary.json
TIME run allocation action=new run=/fslarge/scratch/users/h61084/codes/adaptime/outputs/adaptime/evaluations/bayes_covariate_prediction/univariate/Coastal_T_S/15T/short/run_0 launch_id=selena_adaptime_3275021 slurm_job_id=3275021 launched_at=2026-09-09T13:15:27.599888+00:00
    Total instances: 1800, Series during experiment: 15, Windows: 120
    Collecting ground truth and context...
    Detected to_univariate case: 15 flat series -> 5 series x 3 variates
    Organizing data into arrays...
    Saved predictions (quantiles) to /fslarge/scratch/users/h61084/codes/adaptime/outputs/adaptime/evaluations/bayes_covariate_prediction/univariate/Coastal_T_S/15T/short/run_0/predictions.npz
    Computing per-window metrics...
    Saved metrics to /fslarge/scratch/users/h61084/codes/adaptime/outputs/adaptime/evaluations/bayes_covariate_prediction/univariate/Coastal_T_S/15T/short/run_0/metrics.npz
    Saved config to /fslarge/scratch/users/h61084/codes/adaptime/outputs/adaptime/evaluations/bayes_covariate_prediction/univariate/Coastal_T_S/15T/short/run_0/config.json
    Saved aggregate metrics to /fslarge/scratch/users/h61084/codes/adaptime/outputs/adaptime/evaluations/bayes_covariate_prediction/univariate/Coastal_T_S/15T/short/run_0/metrics_summary.json
    Metrics summary (averaged over all series/windows/variates):
      MSE: 111.0752
      MAE: 4.6570
      RMSE: 4.8515
      MAPE: 0.1344
      sMAPE: 0.1194
      MASE: 1.1296
      ND: 0.1149
      CRPS: 0.1149
/fslarge/scratch/users/h61084/codes/adaptime/outputs/adaptime/evaluations/bayes_covariate_prediction/univariate/Coastal_T_S/15T/short/run_0/metrics_summary.json
TIME run allocation action=new run=/fslarge/scratch/users/h61084/codes/adaptime/outputs/adaptime/evaluations/full_ridge_shared/univariate/Coastal_T_S/15T/short/run_0 launch_id=selena_adaptime_3275021 slurm_job_id=3275021 launched_at=2026-09-09T13:15:27.892470+00:00
    Total instances: 1800, Series during experiment: 15, Windows: 120
    Collecting ground truth and context...
    Detected to_univariate case: 15 flat series -> 5 series x 3 variates
    Organizing data into arrays...
    Saved predictions (quantiles) to /fslarge/scratch/users/h61084/codes/adaptime/outputs/adaptime/evaluations/full_ridge_shared/univariate/Coastal_T_S/15T/short/run_0/predictions.npz
    Computing per-window metrics...
    Saved metrics to /fslarge/scratch/users/h61084/codes/adaptime/outputs/adaptime/evaluations/full_ridge_shared/univariate/Coastal_T_S/15T/short/run_0/metrics.npz
    Saved config to /fslarge/scratch/users/h61084/codes/adaptime/outputs/adaptime/evaluations/full_ridge_shared/univariate/Coastal_T_S/15T/short/run_0/config.json
    Saved aggregate metrics to /fslarge/scratch/users/h61084/codes/adaptime/outputs/adaptime/evaluations/full_ridge_shared/univariate/Coastal_T_S/15T/short/run_0/metrics_summary.json
    Metrics summary (averaged over all series/windows/variates):
      MSE: 111.0752
      MAE: 4.6570
      RMSE: 4.8515
      MAPE: 0.1344
      sMAPE: 0.1194
      MASE: 1.1296
      ND: 0.1149
      CRPS: 0.1149
/fslarge/scratch/users/h61084/codes/adaptime/outputs/adaptime/evaluations/full_ridge_shared/univariate/Coastal_T_S/15T/short/run_0/metrics_summary.json
TIME run allocation action=new run=/fslarge/scratch/users/h61084/codes/adaptime/outputs/adaptime/evaluations/vanilla/univariate/Coastal_T_S/15T/medium/run_0 launch_id=selena_adaptime_3275021 slurm_job_id=3275021 launched_at=2026-09-09T13:15:28.186745+00:00
    Total instances: 225, Series during experiment: 15, Windows: 15
    Collecting ground truth and context...
    Detected to_univariate case: 15 flat series -> 5 series x 3 variates
    Organizing data into arrays...
    Saved predictions (quantiles) to /fslarge/scratch/users/h61084/codes/adaptime/outputs/adaptime/evaluations/vanilla/univariate/Coastal_T_S/15T/medium/run_0/predictions.npz
    Computing per-window metrics...
    Saved metrics to /fslarge/scratch/users/h61084/codes/adaptime/outputs/adaptime/evaluations/vanilla/univariate/Coastal_T_S/15T/medium/run_0/metrics.npz
    Saved config to /fslarge/scratch/users/h61084/codes/adaptime/outputs/adaptime/evaluations/vanilla/univariate/Coastal_T_S/15T/medium/run_0/config.json
    Saved aggregate metrics to /fslarge/scratch/users/h61084/codes/adaptime/outputs/adaptime/evaluations/vanilla/univariate/Coastal_T_S/15T/medium/run_0/metrics_summary.json
    Metrics summary (averaged over all series/windows/variates):
      MSE: 110.3513
      MAE: 4.7092
      RMSE: 4.8814
      MAPE: 0.1370
      sMAPE: 0.1212
      MASE: 1.2530
      ND: 0.1150
      CRPS: 0.1150
/fslarge/scratch/users/h61084/codes/adaptime/outputs/adaptime/evaluations/vanilla/univariate/Coastal_T_S/15T/medium/run_0/metrics_summary.json
TIME run allocation action=new run=/fslarge/scratch/users/h61084/codes/adaptime/outputs/adaptime/evaluations/covariate_prediction/univariate/Coastal_T_S/15T/medium/run_0 launch_id=selena_adaptime_3275021 slurm_job_id=3275021 launched_at=2026-09-09T13:15:28.273429+00:00
    Total instances: 225, Series during experiment: 15, Windows: 15
    Collecting ground truth and context...
    Detected to_univariate case: 15 flat series -> 5 series x 3 variates
    Organizing data into arrays...
    Saved predictions (quantiles) to /fslarge/scratch/users/h61084/codes/adaptime/outputs/adaptime/evaluations/covariate_prediction/univariate/Coastal_T_S/15T/medium/run_0/predictions.npz
    Computing per-window metrics...
    Saved metrics to /fslarge/scratch/users/h61084/codes/adaptime/outputs/adaptime/evaluations/covariate_prediction/univariate/Coastal_T_S/15T/medium/run_0/metrics.npz
    Saved config to /fslarge/scratch/users/h61084/codes/adaptime/outputs/adaptime/evaluations/covariate_prediction/univariate/Coastal_T_S/15T/medium/run_0/config.json
    Saved aggregate metrics to /fslarge/scratch/users/h61084/codes/adaptime/outputs/adaptime/evaluations/covariate_prediction/univariate/Coastal_T_S/15T/medium/run_0/metrics_summary.json
    Metrics summary (averaged over all series/windows/variates):
      MSE: 111.8666
      MAE: 4.7109
      RMSE: 4.9198
      MAPE: 0.1403
      sMAPE: 0.1210
      MASE: 1.2759
      ND: 0.1151
      CRPS: 0.1151
/fslarge/scratch/users/h61084/codes/adaptime/outputs/adaptime/evaluations/covariate_prediction/univariate/Coastal_T_S/15T/medium/run_0/metrics_summary.json
TIME run allocation action=new run=/fslarge/scratch/users/h61084/codes/adaptime/outputs/adaptime/evaluations/bayes_covariate_prediction/univariate/Coastal_T_S/15T/medium/run_0 launch_id=selena_adaptime_3275021 slurm_job_id=3275021 launched_at=2026-09-09T13:15:28.357385+00:00
    Total instances: 225, Series during experiment: 15, Windows: 15
    Collecting ground truth and context...
    Detected to_univariate case: 15 flat series -> 5 series x 3 variates
    Organizing data into arrays...
    Saved predictions (quantiles) to /fslarge/scratch/users/h61084/codes/adaptime/outputs/adaptime/evaluations/bayes_covariate_prediction/univariate/Coastal_T_S/15T/medium/run_0/predictions.npz
    Computing per-window metrics...
    Saved metrics to /fslarge/scratch/users/h61084/codes/adaptime/outputs/adaptime/evaluations/bayes_covariate_prediction/univariate/Coastal_T_S/15T/medium/run_0/metrics.npz
    Saved config to /fslarge/scratch/users/h61084/codes/adaptime/outputs/adaptime/evaluations/bayes_covariate_prediction/univariate/Coastal_T_S/15T/medium/run_0/config.json
    Saved aggregate metrics to /fslarge/scratch/users/h61084/codes/adaptime/outputs/adaptime/evaluations/bayes_covariate_prediction/univariate/Coastal_T_S/15T/medium/run_0/metrics_summary.json
    Metrics summary (averaged over all series/windows/variates):
      MSE: 110.2177
      MAE: 4.7084
      RMSE: 4.8769
      MAPE: 0.1382
      sMAPE: 0.1211
      MASE: 1.2566
      ND: 0.1150
      CRPS: 0.1150
/fslarge/scratch/users/h61084/codes/adaptime/outputs/adaptime/evaluations/bayes_covariate_prediction/univariate/Coastal_T_S/15T/medium/run_0/metrics_summary.json
TIME run allocation action=new run=/fslarge/scratch/users/h61084/codes/adaptime/outputs/adaptime/evaluations/full_ridge_shared/univariate/Coastal_T_S/15T/medium/run_0 launch_id=selena_adaptime_3275021 slurm_job_id=3275021 launched_at=2026-09-09T13:15:28.442054+00:00
    Total instances: 225, Series during experiment: 15, Windows: 15
    Collecting ground truth and context...
    Detected to_univariate case: 15 flat series -> 5 series x 3 variates
    Organizing data into arrays...
    Saved predictions (quantiles) to /fslarge/scratch/users/h61084/codes/adaptime/outputs/adaptime/evaluations/full_ridge_shared/univariate/Coastal_T_S/15T/medium/run_0/predictions.npz
    Computing per-window metrics...
    Saved metrics to /fslarge/scratch/users/h61084/codes/adaptime/outputs/adaptime/evaluations/full_ridge_shared/univariate/Coastal_T_S/15T/medium/run_0/metrics.npz
    Saved config to /fslarge/scratch/users/h61084/codes/adaptime/outputs/adaptime/evaluations/full_ridge_shared/univariate/Coastal_T_S/15T/medium/run_0/config.json
    Saved aggregate metrics to /fslarge/scratch/users/h61084/codes/adaptime/outputs/adaptime/evaluations/full_ridge_shared/univariate/Coastal_T_S/15T/medium/run_0/metrics_summary.json
    Metrics summary (averaged over all series/windows/variates):
      MSE: 110.3520
      MAE: 4.7093
      RMSE: 4.8811
      MAPE: 0.1370
      sMAPE: 0.1212
      MASE: 1.2537
      ND: 0.1150
      CRPS: 0.1150
/fslarge/scratch/users/h61084/codes/adaptime/outputs/adaptime/evaluations/full_ridge_shared/univariate/Coastal_T_S/15T/medium/run_0/metrics_summary.json
TIME run allocation action=new run=/fslarge/scratch/users/h61084/codes/adaptime/outputs/adaptime/evaluations/vanilla/univariate/Coastal_T_S/15T/long/run_0 launch_id=selena_adaptime_3275021 slurm_job_id=3275021 launched_at=2026-09-09T13:15:28.533375+00:00
    Total instances: 75, Series during experiment: 15, Windows: 5
    Collecting ground truth and context...
    Detected to_univariate case: 15 flat series -> 5 series x 3 variates
    Organizing data into arrays...
    Saved predictions (quantiles) to /fslarge/scratch/users/h61084/codes/adaptime/outputs/adaptime/evaluations/vanilla/univariate/Coastal_T_S/15T/long/run_0/predictions.npz
    Computing per-window metrics...
    Saved metrics to /fslarge/scratch/users/h61084/codes/adaptime/outputs/adaptime/evaluations/vanilla/univariate/Coastal_T_S/15T/long/run_0/metrics.npz
    Saved config to /fslarge/scratch/users/h61084/codes/adaptime/outputs/adaptime/evaluations/vanilla/univariate/Coastal_T_S/15T/long/run_0/config.json
    Saved aggregate metrics to /fslarge/scratch/users/h61084/codes/adaptime/outputs/adaptime/evaluations/vanilla/univariate/Coastal_T_S/15T/long/run_0/metrics_summary.json
    Metrics summary (averaged over all series/windows/variates):
      MSE: 108.9629
      MAE: 4.7375
      RMSE: 4.8886
      MAPE: 0.1390
      sMAPE: 0.1226
      MASE: 1.3934
      ND: 0.1162
      CRPS: 0.1162
/fslarge/scratch/users/h61084/codes/adaptime/outputs/adaptime/evaluations/vanilla/univariate/Coastal_T_S/15T/long/run_0/metrics_summary.json
TIME run allocation action=new run=/fslarge/scratch/users/h61084/codes/adaptime/outputs/adaptime/evaluations/covariate_prediction/univariate/Coastal_T_S/15T/long/run_0 launch_id=selena_adaptime_3275021 slurm_job_id=3275021 launched_at=2026-09-09T13:15:28.598486+00:00
    Total instances: 75, Series during experiment: 15, Windows: 5
    Collecting ground truth and context...
    Detected to_univariate case: 15 flat series -> 5 series x 3 variates
    Organizing data into arrays...
    Saved predictions (quantiles) to /fslarge/scratch/users/h61084/codes/adaptime/outputs/adaptime/evaluations/covariate_prediction/univariate/Coastal_T_S/15T/long/run_0/predictions.npz
    Computing per-window metrics...
    Saved metrics to /fslarge/scratch/users/h61084/codes/adaptime/outputs/adaptime/evaluations/covariate_prediction/univariate/Coastal_T_S/15T/long/run_0/metrics.npz
    Saved config to /fslarge/scratch/users/h61084/codes/adaptime/outputs/adaptime/evaluations/covariate_prediction/univariate/Coastal_T_S/15T/long/run_0/config.json
    Saved aggregate metrics to /fslarge/scratch/users/h61084/codes/adaptime/outputs/adaptime/evaluations/covariate_prediction/univariate/Coastal_T_S/15T/long/run_0/metrics_summary.json
    Metrics summary (averaged over all series/windows/variates):
      MSE: 110.7917
      MAE: 4.7159
      RMSE: 4.9217
      MAPE: 0.1395
      sMAPE: 0.1217
      MASE: 1.3976
      ND: 0.1156
      CRPS: 0.1156
/fslarge/scratch/users/h61084/codes/adaptime/outputs/adaptime/evaluations/covariate_prediction/univariate/Coastal_T_S/15T/long/run_0/metrics_summary.json
TIME run allocation action=new run=/fslarge/scratch/users/h61084/codes/adaptime/outputs/adaptime/evaluations/bayes_covariate_prediction/univariate/Coastal_T_S/15T/long/run_0 launch_id=selena_adaptime_3275021 slurm_job_id=3275021 launched_at=2026-09-09T13:15:28.661664+00:00
    Total instances: 75, Series during experiment: 15, Windows: 5
    Collecting ground truth and context...
    Detected to_univariate case: 15 flat series -> 5 series x 3 variates
    Organizing data into arrays...
    Saved predictions (quantiles) to /fslarge/scratch/users/h61084/codes/adaptime/outputs/adaptime/evaluations/bayes_covariate_prediction/univariate/Coastal_T_S/15T/long/run_0/predictions.npz
    Computing per-window metrics...
    Saved metrics to /fslarge/scratch/users/h61084/codes/adaptime/outputs/adaptime/evaluations/bayes_covariate_prediction/univariate/Coastal_T_S/15T/long/run_0/metrics.npz
    Saved config to /fslarge/scratch/users/h61084/codes/adaptime/outputs/adaptime/evaluations/bayes_covariate_prediction/univariate/Coastal_T_S/15T/long/run_0/config.json
    Saved aggregate metrics to /fslarge/scratch/users/h61084/codes/adaptime/outputs/adaptime/evaluations/bayes_covariate_prediction/univariate/Coastal_T_S/15T/long/run_0/metrics_summary.json
    Metrics summary (averaged over all series/windows/variates):
      MSE: 108.8420
      MAE: 4.7247
      RMSE: 4.8775
      MAPE: 0.1390
      sMAPE: 0.1221
      MASE: 1.3812
      ND: 0.1158
      CRPS: 0.1158
/fslarge/scratch/users/h61084/codes/adaptime/outputs/adaptime/evaluations/bayes_covariate_prediction/univariate/Coastal_T_S/15T/long/run_0/metrics_summary.json
TIME run allocation action=new run=/fslarge/scratch/users/h61084/codes/adaptime/outputs/adaptime/evaluations/full_ridge_shared/univariate/Coastal_T_S/15T/long/run_0 launch_id=selena_adaptime_3275021 slurm_job_id=3275021 launched_at=2026-09-09T13:15:28.724249+00:00
    Total instances: 75, Series during experiment: 15, Windows: 5
    Collecting ground truth and context...
    Detected to_univariate case: 15 flat series -> 5 series x 3 variates
    Organizing data into arrays...
    Saved predictions (quantiles) to /fslarge/scratch/users/h61084/codes/adaptime/outputs/adaptime/evaluations/full_ridge_shared/univariate/Coastal_T_S/15T/long/run_0/predictions.npz
    Computing per-window metrics...
    Saved metrics to /fslarge/scratch/users/h61084/codes/adaptime/outputs/adaptime/evaluations/full_ridge_shared/univariate/Coastal_T_S/15T/long/run_0/metrics.npz
    Saved config to /fslarge/scratch/users/h61084/codes/adaptime/outputs/adaptime/evaluations/full_ridge_shared/univariate/Coastal_T_S/15T/long/run_0/config.json
    Saved aggregate metrics to /fslarge/scratch/users/h61084/codes/adaptime/outputs/adaptime/evaluations/full_ridge_shared/univariate/Coastal_T_S/15T/long/run_0/metrics_summary.json
    Metrics summary (averaged over all series/windows/variates):
      MSE: 108.9388
      MAE: 4.7370
      RMSE: 4.8862
      MAPE: 0.1390
      sMAPE: 0.1226
      MASE: 1.3852
      ND: 0.1162
      CRPS: 0.1162
/fslarge/scratch/users/h61084/codes/adaptime/outputs/adaptime/evaluations/full_ridge_shared/univariate/Coastal_T_S/15T/long/run_0/metrics_summary.json
TIME run allocation action=new run=/fslarge/scratch/users/h61084/codes/adaptime/outputs/adaptime/evaluations/vanilla/univariate/Coastal_T_S/20T/short/run_0 launch_id=selena_adaptime_3275021 slurm_job_id=3275021 launched_at=2026-09-09T13:15:28.789090+00:00
    Total instances: 360, Series during experiment: 3, Windows: 120
    Collecting ground truth and context...
    Detected to_univariate case: 3 flat series -> 1 series x 3 variates
    Organizing data into arrays...
    Saved predictions (quantiles) to /fslarge/scratch/users/h61084/codes/adaptime/outputs/adaptime/evaluations/vanilla/univariate/Coastal_T_S/20T/short/run_0/predictions.npz
    Computing per-window metrics...
    Saved metrics to /fslarge/scratch/users/h61084/codes/adaptime/outputs/adaptime/evaluations/vanilla/univariate/Coastal_T_S/20T/short/run_0/metrics.npz
    Saved config to /fslarge/scratch/users/h61084/codes/adaptime/outputs/adaptime/evaluations/vanilla/univariate/Coastal_T_S/20T/short/run_0/config.json
    Saved aggregate metrics to /fslarge/scratch/users/h61084/codes/adaptime/outputs/adaptime/evaluations/vanilla/univariate/Coastal_T_S/20T/short/run_0/metrics_summary.json
    Metrics summary (averaged over all series/windows/variates):
      MSE: 0.0064
      MAE: 0.0558
      RMSE: 0.0638
      MAPE: 0.0023
      sMAPE: 0.0023
      MASE: 0.4510
      ND: 0.0023
      CRPS: 0.0023
/fslarge/scratch/users/h61084/codes/adaptime/outputs/adaptime/evaluations/vanilla/univariate/Coastal_T_S/20T/short/run_0/metrics_summary.json
TIME run allocation action=new run=/fslarge/scratch/users/h61084/codes/adaptime/outputs/adaptime/evaluations/covariate_prediction/univariate/Coastal_T_S/20T/short/run_0 launch_id=selena_adaptime_3275021 slurm_job_id=3275021 launched_at=2026-09-09T13:15:28.854908+00:00
    Total instances: 360, Series during experiment: 3, Windows: 120
    Collecting ground truth and context...
    Detected to_univariate case: 3 flat series -> 1 series x 3 variates
    Organizing data into arrays...
    Saved predictions (quantiles) to /fslarge/scratch/users/h61084/codes/adaptime/outputs/adaptime/evaluations/covariate_prediction/univariate/Coastal_T_S/20T/short/run_0/predictions.npz
    Computing per-window metrics...
    Saved metrics to /fslarge/scratch/users/h61084/codes/adaptime/outputs/adaptime/evaluations/covariate_prediction/univariate/Coastal_T_S/20T/short/run_0/metrics.npz
    Saved config to /fslarge/scratch/users/h61084/codes/adaptime/outputs/adaptime/evaluations/covariate_prediction/univariate/Coastal_T_S/20T/short/run_0/config.json
    Saved aggregate metrics to /fslarge/scratch/users/h61084/codes/adaptime/outputs/adaptime/evaluations/covariate_prediction/univariate/Coastal_T_S/20T/short/run_0/metrics_summary.json
    Metrics summary (averaged over all series/windows/variates):
      MSE: 0.0064
      MAE: 0.0558
      RMSE: 0.0638
      MAPE: 0.0023
      sMAPE: 0.0023
      MASE: 0.4510
      ND: 0.0023
      CRPS: 0.0023
/fslarge/scratch/users/h61084/codes/adaptime/outputs/adaptime/evaluations/covariate_prediction/univariate/Coastal_T_S/20T/short/run_0/metrics_summary.json
TIME run allocation action=new run=/fslarge/scratch/users/h61084/codes/adaptime/outputs/adaptime/evaluations/bayes_covariate_prediction/univariate/Coastal_T_S/20T/short/run_0 launch_id=selena_adaptime_3275021 slurm_job_id=3275021 launched_at=2026-09-09T13:15:28.919528+00:00
    Total instances: 360, Series during experiment: 3, Windows: 120
    Collecting ground truth and context...
    Detected to_univariate case: 3 flat series -> 1 series x 3 variates
    Organizing data into arrays...
    Saved predictions (quantiles) to /fslarge/scratch/users/h61084/codes/adaptime/outputs/adaptime/evaluations/bayes_covariate_prediction/univariate/Coastal_T_S/20T/short/run_0/predictions.npz
    Computing per-window metrics...
    Saved metrics to /fslarge/scratch/users/h61084/codes/adaptime/outputs/adaptime/evaluations/bayes_covariate_prediction/univariate/Coastal_T_S/20T/short/run_0/metrics.npz
    Saved config to /fslarge/scratch/users/h61084/codes/adaptime/outputs/adaptime/evaluations/bayes_covariate_prediction/univariate/Coastal_T_S/20T/short/run_0/config.json
    Saved aggregate metrics to /fslarge/scratch/users/h61084/codes/adaptime/outputs/adaptime/evaluations/bayes_covariate_prediction/univariate/Coastal_T_S/20T/short/run_0/metrics_summary.json
    Metrics summary (averaged over all series/windows/variates):
      MSE: 0.0064
      MAE: 0.0558
      RMSE: 0.0638
      MAPE: 0.0023
      sMAPE: 0.0023
      MASE: 0.4510
      ND: 0.0023
      CRPS: 0.0023
/fslarge/scratch/users/h61084/codes/adaptime/outputs/adaptime/evaluations/bayes_covariate_prediction/univariate/Coastal_T_S/20T/short/run_0/metrics_summary.json
TIME run allocation action=new run=/fslarge/scratch/users/h61084/codes/adaptime/outputs/adaptime/evaluations/full_ridge_shared/univariate/Coastal_T_S/20T/short/run_0 launch_id=selena_adaptime_3275021 slurm_job_id=3275021 launched_at=2026-09-09T13:15:28.981287+00:00
    Total instances: 360, Series during experiment: 3, Windows: 120
    Collecting ground truth and context...
    Detected to_univariate case: 3 flat series -> 1 series x 3 variates
    Organizing data into arrays...
    Saved predictions (quantiles) to /fslarge/scratch/users/h61084/codes/adaptime/outputs/adaptime/evaluations/full_ridge_shared/univariate/Coastal_T_S/20T/short/run_0/predictions.npz
    Computing per-window metrics...
    Saved metrics to /fslarge/scratch/users/h61084/codes/adaptime/outputs/adaptime/evaluations/full_ridge_shared/univariate/Coastal_T_S/20T/short/run_0/metrics.npz
    Saved config to /fslarge/scratch/users/h61084/codes/adaptime/outputs/adaptime/evaluations/full_ridge_shared/univariate/Coastal_T_S/20T/short/run_0/config.json
    Saved aggregate metrics to /fslarge/scratch/users/h61084/codes/adaptime/outputs/adaptime/evaluations/full_ridge_shared/univariate/Coastal_T_S/20T/short/run_0/metrics_summary.json
    Metrics summary (averaged over all series/windows/variates):
      MSE: 0.0064
      MAE: 0.0558
      RMSE: 0.0638
      MAPE: 0.0023
      sMAPE: 0.0023
      MASE: 0.4510
      ND: 0.0023
      CRPS: 0.0023
/fslarge/scratch/users/h61084/codes/adaptime/outputs/adaptime/evaluations/full_ridge_shared/univariate/Coastal_T_S/20T/short/run_0/metrics_summary.json
TIME run allocation action=new run=/fslarge/scratch/users/h61084/codes/adaptime/outputs/adaptime/evaluations/vanilla/univariate/Coastal_T_S/20T/medium/run_0 launch_id=selena_adaptime_3275021 slurm_job_id=3275021 launched_at=2026-09-09T13:15:29.044664+00:00
    Total instances: 45, Series during experiment: 3, Windows: 15
    Collecting ground truth and context...
    Detected to_univariate case: 3 flat series -> 1 series x 3 variates
    Organizing data into arrays...
    Saved predictions (quantiles) to /fslarge/scratch/users/h61084/codes/adaptime/outputs/adaptime/evaluations/vanilla/univariate/Coastal_T_S/20T/medium/run_0/predictions.npz
    Computing per-window metrics...
    Saved metrics to /fslarge/scratch/users/h61084/codes/adaptime/outputs/adaptime/evaluations/vanilla/univariate/Coastal_T_S/20T/medium/run_0/metrics.npz
    Saved config to /fslarge/scratch/users/h61084/codes/adaptime/outputs/adaptime/evaluations/vanilla/univariate/Coastal_T_S/20T/medium/run_0/config.json
    Saved aggregate metrics to /fslarge/scratch/users/h61084/codes/adaptime/outputs/adaptime/evaluations/vanilla/univariate/Coastal_T_S/20T/medium/run_0/metrics_summary.json
    Metrics summary (averaged over all series/windows/variates):
      MSE: 0.0305
      MAE: 0.1290
      RMSE: 0.1561
      MAPE: 0.0053
      sMAPE: 0.0053
      MASE: 1.0186
      ND: 0.0053
      CRPS: 0.0053
/fslarge/scratch/users/h61084/codes/adaptime/outputs/adaptime/evaluations/vanilla/univariate/Coastal_T_S/20T/medium/run_0/metrics_summary.json
TIME run allocation action=new run=/fslarge/scratch/users/h61084/codes/adaptime/outputs/adaptime/evaluations/covariate_prediction/univariate/Coastal_T_S/20T/medium/run_0 launch_id=selena_adaptime_3275021 slurm_job_id=3275021 launched_at=2026-09-09T13:15:29.082307+00:00
    Total instances: 45, Series during experiment: 3, Windows: 15
    Collecting ground truth and context...
    Detected to_univariate case: 3 flat series -> 1 series x 3 variates
    Organizing data into arrays...
    Saved predictions (quantiles) to /fslarge/scratch/users/h61084/codes/adaptime/outputs/adaptime/evaluations/covariate_prediction/univariate/Coastal_T_S/20T/medium/run_0/predictions.npz
    Computing per-window metrics...
    Saved metrics to /fslarge/scratch/users/h61084/codes/adaptime/outputs/adaptime/evaluations/covariate_prediction/univariate/Coastal_T_S/20T/medium/run_0/metrics.npz
    Saved config to /fslarge/scratch/users/h61084/codes/adaptime/outputs/adaptime/evaluations/covariate_prediction/univariate/Coastal_T_S/20T/medium/run_0/config.json
    Saved aggregate metrics to /fslarge/scratch/users/h61084/codes/adaptime/outputs/adaptime/evaluations/covariate_prediction/univariate/Coastal_T_S/20T/medium/run_0/metrics_summary.json
    Metrics summary (averaged over all series/windows/variates):
      MSE: 0.0305
      MAE: 0.1290
      RMSE: 0.1561
      MAPE: 0.0053
      sMAPE: 0.0053
      MASE: 1.0186
      ND: 0.0053
      CRPS: 0.0053
/fslarge/scratch/users/h61084/codes/adaptime/outputs/adaptime/evaluations/covariate_prediction/univariate/Coastal_T_S/20T/medium/run_0/metrics_summary.json
TIME run allocation action=new run=/fslarge/scratch/users/h61084/codes/adaptime/outputs/adaptime/evaluations/bayes_covariate_prediction/univariate/Coastal_T_S/20T/medium/run_0 launch_id=selena_adaptime_3275021 slurm_job_id=3275021 launched_at=2026-09-09T13:15:29.117272+00:00
    Total instances: 45, Series during experiment: 3, Windows: 15
    Collecting ground truth and context...
    Detected to_univariate case: 3 flat series -> 1 series x 3 variates
    Organizing data into arrays...
    Saved predictions (quantiles) to /fslarge/scratch/users/h61084/codes/adaptime/outputs/adaptime/evaluations/bayes_covariate_prediction/univariate/Coastal_T_S/20T/medium/run_0/predictions.npz
    Computing per-window metrics...
    Saved metrics to /fslarge/scratch/users/h61084/codes/adaptime/outputs/adaptime/evaluations/bayes_covariate_prediction/univariate/Coastal_T_S/20T/medium/run_0/metrics.npz
    Saved config to /fslarge/scratch/users/h61084/codes/adaptime/outputs/adaptime/evaluations/bayes_covariate_prediction/univariate/Coastal_T_S/20T/medium/run_0/config.json
    Saved aggregate metrics to /fslarge/scratch/users/h61084/codes/adaptime/outputs/adaptime/evaluations/bayes_covariate_prediction/univariate/Coastal_T_S/20T/medium/run_0/metrics_summary.json
    Metrics summary (averaged over all series/windows/variates):
      MSE: 0.0305
      MAE: 0.1290
      RMSE: 0.1561
      MAPE: 0.0053
      sMAPE: 0.0053
      MASE: 1.0186
      ND: 0.0053
      CRPS: 0.0053
/fslarge/scratch/users/h61084/codes/adaptime/outputs/adaptime/evaluations/bayes_covariate_prediction/univariate/Coastal_T_S/20T/medium/run_0/metrics_summary.json
TIME run allocation action=new run=/fslarge/scratch/users/h61084/codes/adaptime/outputs/adaptime/evaluations/full_ridge_shared/univariate/Coastal_T_S/20T/medium/run_0 launch_id=selena_adaptime_3275021 slurm_job_id=3275021 launched_at=2026-09-09T13:15:29.152504+00:00
    Total instances: 45, Series during experiment: 3, Windows: 15
    Collecting ground truth and context...
    Detected to_univariate case: 3 flat series -> 1 series x 3 variates
    Organizing data into arrays...
    Saved predictions (quantiles) to /fslarge/scratch/users/h61084/codes/adaptime/outputs/adaptime/evaluations/full_ridge_shared/univariate/Coastal_T_S/20T/medium/run_0/predictions.npz
    Computing per-window metrics...
    Saved metrics to /fslarge/scratch/users/h61084/codes/adaptime/outputs/adaptime/evaluations/full_ridge_shared/univariate/Coastal_T_S/20T/medium/run_0/metrics.npz
    Saved config to /fslarge/scratch/users/h61084/codes/adaptime/outputs/adaptime/evaluations/full_ridge_shared/univariate/Coastal_T_S/20T/medium/run_0/config.json
    Saved aggregate metrics to /fslarge/scratch/users/h61084/codes/adaptime/outputs/adaptime/evaluations/full_ridge_shared/univariate/Coastal_T_S/20T/medium/run_0/metrics_summary.json
    Metrics summary (averaged over all series/windows/variates):
      MSE: 0.0305
      MAE: 0.1290
      RMSE: 0.1561
      MAPE: 0.0053
      sMAPE: 0.0053
      MASE: 1.0186
      ND: 0.0053
      CRPS: 0.0053
/fslarge/scratch/users/h61084/codes/adaptime/outputs/adaptime/evaluations/full_ridge_shared/univariate/Coastal_T_S/20T/medium/run_0/metrics_summary.json
TIME run allocation action=new run=/fslarge/scratch/users/h61084/codes/adaptime/outputs/adaptime/evaluations/vanilla/univariate/Coastal_T_S/20T/long/run_0 launch_id=selena_adaptime_3275021 slurm_job_id=3275021 launched_at=2026-09-09T13:15:29.188865+00:00
    Total instances: 15, Series during experiment: 3, Windows: 5
    Collecting ground truth and context...
    Detected to_univariate case: 3 flat series -> 1 series x 3 variates
    Organizing data into arrays...
    Saved predictions (quantiles) to /fslarge/scratch/users/h61084/codes/adaptime/outputs/adaptime/evaluations/vanilla/univariate/Coastal_T_S/20T/long/run_0/predictions.npz
    Computing per-window metrics...
    Saved metrics to /fslarge/scratch/users/h61084/codes/adaptime/outputs/adaptime/evaluations/vanilla/univariate/Coastal_T_S/20T/long/run_0/metrics.npz
    Saved config to /fslarge/scratch/users/h61084/codes/adaptime/outputs/adaptime/evaluations/vanilla/univariate/Coastal_T_S/20T/long/run_0/config.json
    Saved aggregate metrics to /fslarge/scratch/users/h61084/codes/adaptime/outputs/adaptime/evaluations/vanilla/univariate/Coastal_T_S/20T/long/run_0/metrics_summary.json
    Metrics summary (averaged over all series/windows/variates):
      MSE: 0.0822
      MAE: 0.1989
      RMSE: 0.2429
      MAPE: 0.0081
      sMAPE: 0.0080
      MASE: 1.6549
      ND: 0.0080
      CRPS: 0.0080
/fslarge/scratch/users/h61084/codes/adaptime/outputs/adaptime/evaluations/vanilla/univariate/Coastal_T_S/20T/long/run_0/metrics_summary.json
TIME run allocation action=new run=/fslarge/scratch/users/h61084/codes/adaptime/outputs/adaptime/evaluations/covariate_prediction/univariate/Coastal_T_S/20T/long/run_0 launch_id=selena_adaptime_3275021 slurm_job_id=3275021 launched_at=2026-09-09T13:15:29.223092+00:00
    Total instances: 15, Series during experiment: 3, Windows: 5
    Collecting ground truth and context...
    Detected to_univariate case: 3 flat series -> 1 series x 3 variates
    Organizing data into arrays...
    Saved predictions (quantiles) to /fslarge/scratch/users/h61084/codes/adaptime/outputs/adaptime/evaluations/covariate_prediction/univariate/Coastal_T_S/20T/long/run_0/predictions.npz
    Computing per-window metrics...
    Saved metrics to /fslarge/scratch/users/h61084/codes/adaptime/outputs/adaptime/evaluations/covariate_prediction/univariate/Coastal_T_S/20T/long/run_0/metrics.npz
    Saved config to /fslarge/scratch/users/h61084/codes/adaptime/outputs/adaptime/evaluations/covariate_prediction/univariate/Coastal_T_S/20T/long/run_0/config.json
    Saved aggregate metrics to /fslarge/scratch/users/h61084/codes/adaptime/outputs/adaptime/evaluations/covariate_prediction/univariate/Coastal_T_S/20T/long/run_0/metrics_summary.json
    Metrics summary (averaged over all series/windows/variates):
      MSE: 0.0822
      MAE: 0.1989
      RMSE: 0.2429
      MAPE: 0.0081
      sMAPE: 0.0080
      MASE: 1.6549
      ND: 0.0080
      CRPS: 0.0080
/fslarge/scratch/users/h61084/codes/adaptime/outputs/adaptime/evaluations/covariate_prediction/univariate/Coastal_T_S/20T/long/run_0/metrics_summary.json
TIME run allocation action=new run=/fslarge/scratch/users/h61084/codes/adaptime/outputs/adaptime/evaluations/bayes_covariate_prediction/univariate/Coastal_T_S/20T/long/run_0 launch_id=selena_adaptime_3275021 slurm_job_id=3275021 launched_at=2026-09-09T13:15:29.256044+00:00
    Total instances: 15, Series during experiment: 3, Windows: 5
    Collecting ground truth and context...
    Detected to_univariate case: 3 flat series -> 1 series x 3 variates
    Organizing data into arrays...
    Saved predictions (quantiles) to /fslarge/scratch/users/h61084/codes/adaptime/outputs/adaptime/evaluations/bayes_covariate_prediction/univariate/Coastal_T_S/20T/long/run_0/predictions.npz
    Computing per-window metrics...
    Saved metrics to /fslarge/scratch/users/h61084/codes/adaptime/outputs/adaptime/evaluations/bayes_covariate_prediction/univariate/Coastal_T_S/20T/long/run_0/metrics.npz
    Saved config to /fslarge/scratch/users/h61084/codes/adaptime/outputs/adaptime/evaluations/bayes_covariate_prediction/univariate/Coastal_T_S/20T/long/run_0/config.json
    Saved aggregate metrics to /fslarge/scratch/users/h61084/codes/adaptime/outputs/adaptime/evaluations/bayes_covariate_prediction/univariate/Coastal_T_S/20T/long/run_0/metrics_summary.json
    Metrics summary (averaged over all series/windows/variates):
      MSE: 0.0822
      MAE: 0.1989
      RMSE: 0.2429
      MAPE: 0.0081
      sMAPE: 0.0080
      MASE: 1.6549
      ND: 0.0080
      CRPS: 0.0080
/fslarge/scratch/users/h61084/codes/adaptime/outputs/adaptime/evaluations/bayes_covariate_prediction/univariate/Coastal_T_S/20T/long/run_0/metrics_summary.json
TIME run allocation action=new run=/fslarge/scratch/users/h61084/codes/adaptime/outputs/adaptime/evaluations/full_ridge_shared/univariate/Coastal_T_S/20T/long/run_0 launch_id=selena_adaptime_3275021 slurm_job_id=3275021 launched_at=2026-09-09T13:15:29.288474+00:00
    Total instances: 15, Series during experiment: 3, Windows: 5
    Collecting ground truth and context...
    Detected to_univariate case: 3 flat series -> 1 series x 3 variates
    Organizing data into arrays...
    Saved predictions (quantiles) to /fslarge/scratch/users/h61084/codes/adaptime/outputs/adaptime/evaluations/full_ridge_shared/univariate/Coastal_T_S/20T/long/run_0/predictions.npz
    Computing per-window metrics...
    Saved metrics to /fslarge/scratch/users/h61084/codes/adaptime/outputs/adaptime/evaluations/full_ridge_shared/univariate/Coastal_T_S/20T/long/run_0/metrics.npz
    Saved config to /fslarge/scratch/users/h61084/codes/adaptime/outputs/adaptime/evaluations/full_ridge_shared/univariate/Coastal_T_S/20T/long/run_0/config.json
    Saved aggregate metrics to /fslarge/scratch/users/h61084/codes/adaptime/outputs/adaptime/evaluations/full_ridge_shared/univariate/Coastal_T_S/20T/long/run_0/metrics_summary.json
    Metrics summary (averaged over all series/windows/variates):
      MSE: 0.0822
      MAE: 0.1989
      RMSE: 0.2429
      MAPE: 0.0081
      sMAPE: 0.0080
      MASE: 1.6549
      ND: 0.0080
      CRPS: 0.0080
/fslarge/scratch/users/h61084/codes/adaptime/outputs/adaptime/evaluations/full_ridge_shared/univariate/Coastal_T_S/20T/long/run_0/metrics_summary.json
TIME run allocation action=new run=/fslarge/scratch/users/h61084/codes/adaptime/outputs/adaptime/evaluations/vanilla/univariate/Coastal_T_S/H/short/run_0 launch_id=selena_adaptime_3275021 slurm_job_id=3275021 launched_at=2026-09-09T13:15:29.323344+00:00
    Total instances: 2016, Series during experiment: 72, Windows: 28
    Collecting ground truth and context...
    Detected to_univariate case: 72 flat series -> 24 series x 3 variates
    Organizing data into arrays...
    Saved predictions (quantiles) to /fslarge/scratch/users/h61084/codes/adaptime/outputs/adaptime/evaluations/vanilla/univariate/Coastal_T_S/H/short/run_0/predictions.npz
    Computing per-window metrics...
    Saved metrics to /fslarge/scratch/users/h61084/codes/adaptime/outputs/adaptime/evaluations/vanilla/univariate/Coastal_T_S/H/short/run_0/metrics.npz
    Saved config to /fslarge/scratch/users/h61084/codes/adaptime/outputs/adaptime/evaluations/vanilla/univariate/Coastal_T_S/H/short/run_0/config.json
    Saved aggregate metrics to /fslarge/scratch/users/h61084/codes/adaptime/outputs/adaptime/evaluations/vanilla/univariate/Coastal_T_S/H/short/run_0/metrics_summary.json
    Metrics summary (averaged over all series/windows/variates):
      MSE: 14.5924
      MAE: 1.0799
      RMSE: 1.3386
      MAPE: 0.0294
      sMAPE: 0.0275
      MASE: 0.9169
      ND: 0.0272
      CRPS: 0.0272
/fslarge/scratch/users/h61084/codes/adaptime/outputs/adaptime/evaluations/vanilla/univariate/Coastal_T_S/H/short/run_0/metrics_summary.json
TIME run allocation action=new run=/fslarge/scratch/users/h61084/codes/adaptime/outputs/adaptime/evaluations/covariate_prediction/univariate/Coastal_T_S/H/short/run_0 launch_id=selena_adaptime_3275021 slurm_job_id=3275021 launched_at=2026-09-09T13:15:29.557390+00:00
    Total instances: 2016, Series during experiment: 72, Windows: 28
    Collecting ground truth and context...
    Detected to_univariate case: 72 flat series -> 24 series x 3 variates
    Organizing data into arrays...
    Saved predictions (quantiles) to /fslarge/scratch/users/h61084/codes/adaptime/outputs/adaptime/evaluations/covariate_prediction/univariate/Coastal_T_S/H/short/run_0/predictions.npz
    Computing per-window metrics...
    Saved metrics to /fslarge/scratch/users/h61084/codes/adaptime/outputs/adaptime/evaluations/covariate_prediction/univariate/Coastal_T_S/H/short/run_0/metrics.npz
    Saved config to /fslarge/scratch/users/h61084/codes/adaptime/outputs/adaptime/evaluations/covariate_prediction/univariate/Coastal_T_S/H/short/run_0/config.json
    Saved aggregate metrics to /fslarge/scratch/users/h61084/codes/adaptime/outputs/adaptime/evaluations/covariate_prediction/univariate/Coastal_T_S/H/short/run_0/metrics_summary.json
    Metrics summary (averaged over all series/windows/variates):
      MSE: 14.5924
      MAE: 1.0799
      RMSE: 1.3386
      MAPE: 0.0294
      sMAPE: 0.0275
      MASE: 0.9169
      ND: 0.0272
      CRPS: 0.0272
/fslarge/scratch/users/h61084/codes/adaptime/outputs/adaptime/evaluations/covariate_prediction/univariate/Coastal_T_S/H/short/run_0/metrics_summary.json
TIME run allocation action=new run=/fslarge/scratch/users/h61084/codes/adaptime/outputs/adaptime/evaluations/bayes_covariate_prediction/univariate/Coastal_T_S/H/short/run_0 launch_id=selena_adaptime_3275021 slurm_job_id=3275021 launched_at=2026-09-09T13:15:29.789525+00:00
    Total instances: 2016, Series during experiment: 72, Windows: 28
    Collecting ground truth and context...
    Detected to_univariate case: 72 flat series -> 24 series x 3 variates
    Organizing data into arrays...
    Saved predictions (quantiles) to /fslarge/scratch/users/h61084/codes/adaptime/outputs/adaptime/evaluations/bayes_covariate_prediction/univariate/Coastal_T_S/H/short/run_0/predictions.npz
    Computing per-window metrics...
    Saved metrics to /fslarge/scratch/users/h61084/codes/adaptime/outputs/adaptime/evaluations/bayes_covariate_prediction/univariate/Coastal_T_S/H/short/run_0/metrics.npz
    Saved config to /fslarge/scratch/users/h61084/codes/adaptime/outputs/adaptime/evaluations/bayes_covariate_prediction/univariate/Coastal_T_S/H/short/run_0/config.json
    Saved aggregate metrics to /fslarge/scratch/users/h61084/codes/adaptime/outputs/adaptime/evaluations/bayes_covariate_prediction/univariate/Coastal_T_S/H/short/run_0/metrics_summary.json
    Metrics summary (averaged over all series/windows/variates):
      MSE: 14.5924
      MAE: 1.0799
      RMSE: 1.3386
      MAPE: 0.0294
      sMAPE: 0.0275
      MASE: 0.9169
      ND: 0.0272
      CRPS: 0.0272
/fslarge/scratch/users/h61084/codes/adaptime/outputs/adaptime/evaluations/bayes_covariate_prediction/univariate/Coastal_T_S/H/short/run_0/metrics_summary.json
TIME run allocation action=new run=/fslarge/scratch/users/h61084/codes/adaptime/outputs/adaptime/evaluations/full_ridge_shared/univariate/Coastal_T_S/H/short/run_0 launch_id=selena_adaptime_3275021 slurm_job_id=3275021 launched_at=2026-09-09T13:15:30.021861+00:00
    Total instances: 2016, Series during experiment: 72, Windows: 28
    Collecting ground truth and context...
    Detected to_univariate case: 72 flat series -> 24 series x 3 variates
    Organizing data into arrays...
    Saved predictions (quantiles) to /fslarge/scratch/users/h61084/codes/adaptime/outputs/adaptime/evaluations/full_ridge_shared/univariate/Coastal_T_S/H/short/run_0/predictions.npz
    Computing per-window metrics...
    Saved metrics to /fslarge/scratch/users/h61084/codes/adaptime/outputs/adaptime/evaluations/full_ridge_shared/univariate/Coastal_T_S/H/short/run_0/metrics.npz
    Saved config to /fslarge/scratch/users/h61084/codes/adaptime/outputs/adaptime/evaluations/full_ridge_shared/univariate/Coastal_T_S/H/short/run_0/config.json
    Saved aggregate metrics to /fslarge/scratch/users/h61084/codes/adaptime/outputs/adaptime/evaluations/full_ridge_shared/univariate/Coastal_T_S/H/short/run_0/metrics_summary.json
    Metrics summary (averaged over all series/windows/variates):
      MSE: 14.5924
      MAE: 1.0799
      RMSE: 1.3386
      MAPE: 0.0294
      sMAPE: 0.0275
      MASE: 0.9169
      ND: 0.0272
      CRPS: 0.0272
/fslarge/scratch/users/h61084/codes/adaptime/outputs/adaptime/evaluations/full_ridge_shared/univariate/Coastal_T_S/H/short/run_0/metrics_summary.json
TIME run allocation action=new run=/fslarge/scratch/users/h61084/codes/adaptime/outputs/adaptime/evaluations/vanilla/univariate/Coastal_T_S/H/medium/run_0 launch_id=selena_adaptime_3275021 slurm_job_id=3275021 launched_at=2026-09-09T13:15:30.255053+00:00
    Total instances: 288, Series during experiment: 72, Windows: 4
    Collecting ground truth and context...
    Detected to_univariate case: 72 flat series -> 24 series x 3 variates
    Organizing data into arrays...
    Saved predictions (quantiles) to /fslarge/scratch/users/h61084/codes/adaptime/outputs/adaptime/evaluations/vanilla/univariate/Coastal_T_S/H/medium/run_0/predictions.npz
    Computing per-window metrics...
    Saved metrics to /fslarge/scratch/users/h61084/codes/adaptime/outputs/adaptime/evaluations/vanilla/univariate/Coastal_T_S/H/medium/run_0/metrics.npz
    Saved config to /fslarge/scratch/users/h61084/codes/adaptime/outputs/adaptime/evaluations/vanilla/univariate/Coastal_T_S/H/medium/run_0/config.json
    Saved aggregate metrics to /fslarge/scratch/users/h61084/codes/adaptime/outputs/adaptime/evaluations/vanilla/univariate/Coastal_T_S/H/medium/run_0/metrics_summary.json
    Metrics summary (averaged over all series/windows/variates):
      MSE: 21.7698
      MAE: 1.3562
      RMSE: 1.6914
      MAPE: 0.0415
      sMAPE: 0.0363
      MASE: 1.6218
      ND: 0.0392
      CRPS: 0.0392
/fslarge/scratch/users/h61084/codes/adaptime/outputs/adaptime/evaluations/vanilla/univariate/Coastal_T_S/H/medium/run_0/metrics_summary.json
TIME run allocation action=new run=/fslarge/scratch/users/h61084/codes/adaptime/outputs/adaptime/evaluations/covariate_prediction/univariate/Coastal_T_S/H/medium/run_0 launch_id=selena_adaptime_3275021 slurm_job_id=3275021 launched_at=2026-09-09T13:15:30.337370+00:00
    Total instances: 288, Series during experiment: 72, Windows: 4
    Collecting ground truth and context...
    Detected to_univariate case: 72 flat series -> 24 series x 3 variates
    Organizing data into arrays...
    Saved predictions (quantiles) to /fslarge/scratch/users/h61084/codes/adaptime/outputs/adaptime/evaluations/covariate_prediction/univariate/Coastal_T_S/H/medium/run_0/predictions.npz
    Computing per-window metrics...
    Saved metrics to /fslarge/scratch/users/h61084/codes/adaptime/outputs/adaptime/evaluations/covariate_prediction/univariate/Coastal_T_S/H/medium/run_0/metrics.npz
    Saved config to /fslarge/scratch/users/h61084/codes/adaptime/outputs/adaptime/evaluations/covariate_prediction/univariate/Coastal_T_S/H/medium/run_0/config.json
    Saved aggregate metrics to /fslarge/scratch/users/h61084/codes/adaptime/outputs/adaptime/evaluations/covariate_prediction/univariate/Coastal_T_S/H/medium/run_0/metrics_summary.json
    Metrics summary (averaged over all series/windows/variates):
      MSE: 21.7698
      MAE: 1.3562
      RMSE: 1.6914
      MAPE: 0.0415
      sMAPE: 0.0363
      MASE: 1.6218
      ND: 0.0392
      CRPS: 0.0392
/fslarge/scratch/users/h61084/codes/adaptime/outputs/adaptime/evaluations/covariate_prediction/univariate/Coastal_T_S/H/medium/run_0/metrics_summary.json
TIME run allocation action=new run=/fslarge/scratch/users/h61084/codes/adaptime/outputs/adaptime/evaluations/bayes_covariate_prediction/univariate/Coastal_T_S/H/medium/run_0 launch_id=selena_adaptime_3275021 slurm_job_id=3275021 launched_at=2026-09-09T13:15:30.416447+00:00
    Total instances: 288, Series during experiment: 72, Windows: 4
    Collecting ground truth and context...
    Detected to_univariate case: 72 flat series -> 24 series x 3 variates
    Organizing data into arrays...
    Saved predictions (quantiles) to /fslarge/scratch/users/h61084/codes/adaptime/outputs/adaptime/evaluations/bayes_covariate_prediction/univariate/Coastal_T_S/H/medium/run_0/predictions.npz
    Computing per-window metrics...
    Saved metrics to /fslarge/scratch/users/h61084/codes/adaptime/outputs/adaptime/evaluations/bayes_covariate_prediction/univariate/Coastal_T_S/H/medium/run_0/metrics.npz
    Saved config to /fslarge/scratch/users/h61084/codes/adaptime/outputs/adaptime/evaluations/bayes_covariate_prediction/univariate/Coastal_T_S/H/medium/run_0/config.json
    Saved aggregate metrics to /fslarge/scratch/users/h61084/codes/adaptime/outputs/adaptime/evaluations/bayes_covariate_prediction/univariate/Coastal_T_S/H/medium/run_0/metrics_summary.json
    Metrics summary (averaged over all series/windows/variates):
      MSE: 21.7698
      MAE: 1.3562
      RMSE: 1.6914
      MAPE: 0.0415
      sMAPE: 0.0363
      MASE: 1.6218
      ND: 0.0392
      CRPS: 0.0392
/fslarge/scratch/users/h61084/codes/adaptime/outputs/adaptime/evaluations/bayes_covariate_prediction/univariate/Coastal_T_S/H/medium/run_0/metrics_summary.json
TIME run allocation action=new run=/fslarge/scratch/users/h61084/codes/adaptime/outputs/adaptime/evaluations/full_ridge_shared/univariate/Coastal_T_S/H/medium/run_0 launch_id=selena_adaptime_3275021 slurm_job_id=3275021 launched_at=2026-09-09T13:15:30.494941+00:00
    Total instances: 288, Series during experiment: 72, Windows: 4
    Collecting ground truth and context...
    Detected to_univariate case: 72 flat series -> 24 series x 3 variates
    Organizing data into arrays...
    Saved predictions (quantiles) to /fslarge/scratch/users/h61084/codes/adaptime/outputs/adaptime/evaluations/full_ridge_shared/univariate/Coastal_T_S/H/medium/run_0/predictions.npz
    Computing per-window metrics...
    Saved metrics to /fslarge/scratch/users/h61084/codes/adaptime/outputs/adaptime/evaluations/full_ridge_shared/univariate/Coastal_T_S/H/medium/run_0/metrics.npz
    Saved config to /fslarge/scratch/users/h61084/codes/adaptime/outputs/adaptime/evaluations/full_ridge_shared/univariate/Coastal_T_S/H/medium/run_0/config.json
    Saved aggregate metrics to /fslarge/scratch/users/h61084/codes/adaptime/outputs/adaptime/evaluations/full_ridge_shared/univariate/Coastal_T_S/H/medium/run_0/metrics_summary.json
    Metrics summary (averaged over all series/windows/variates):
      MSE: 21.7698
      MAE: 1.3562
      RMSE: 1.6914
      MAPE: 0.0415
      sMAPE: 0.0363
      MASE: 1.6218
      ND: 0.0392
      CRPS: 0.0392
/fslarge/scratch/users/h61084/codes/adaptime/outputs/adaptime/evaluations/full_ridge_shared/univariate/Coastal_T_S/H/medium/run_0/metrics_summary.json
TIME run allocation action=new run=/fslarge/scratch/users/h61084/codes/adaptime/outputs/adaptime/evaluations/vanilla/univariate/Coastal_T_S/H/long/run_0 launch_id=selena_adaptime_3275021 slurm_job_id=3275021 launched_at=2026-09-09T13:15:30.575520+00:00
    Total instances: 144, Series during experiment: 72, Windows: 2
    Collecting ground truth and context...
    Detected to_univariate case: 72 flat series -> 24 series x 3 variates
    Organizing data into arrays...
    Saved predictions (quantiles) to /fslarge/scratch/users/h61084/codes/adaptime/outputs/adaptime/evaluations/vanilla/univariate/Coastal_T_S/H/long/run_0/predictions.npz
    Computing per-window metrics...
    Saved metrics to /fslarge/scratch/users/h61084/codes/adaptime/outputs/adaptime/evaluations/vanilla/univariate/Coastal_T_S/H/long/run_0/metrics.npz
    Saved config to /fslarge/scratch/users/h61084/codes/adaptime/outputs/adaptime/evaluations/vanilla/univariate/Coastal_T_S/H/long/run_0/config.json
    Saved aggregate metrics to /fslarge/scratch/users/h61084/codes/adaptime/outputs/adaptime/evaluations/vanilla/univariate/Coastal_T_S/H/long/run_0/metrics_summary.json
    Metrics summary (averaged over all series/windows/variates):
      MSE: 23.3840
      MAE: 1.4582
      RMSE: 1.8620
      MAPE: 0.0469
      sMAPE: 0.0411
      MASE: 2.3177
      ND: 0.0416
      CRPS: 0.0416
/fslarge/scratch/users/h61084/codes/adaptime/outputs/adaptime/evaluations/vanilla/univariate/Coastal_T_S/H/long/run_0/metrics_summary.json
TIME run allocation action=new run=/fslarge/scratch/users/h61084/codes/adaptime/outputs/adaptime/evaluations/covariate_prediction/univariate/Coastal_T_S/H/long/run_0 launch_id=selena_adaptime_3275021 slurm_job_id=3275021 launched_at=2026-09-09T13:15:30.643461+00:00
    Total instances: 144, Series during experiment: 72, Windows: 2
    Collecting ground truth and context...
    Detected to_univariate case: 72 flat series -> 24 series x 3 variates
    Organizing data into arrays...
    Saved predictions (quantiles) to /fslarge/scratch/users/h61084/codes/adaptime/outputs/adaptime/evaluations/covariate_prediction/univariate/Coastal_T_S/H/long/run_0/predictions.npz
    Computing per-window metrics...
    Saved metrics to /fslarge/scratch/users/h61084/codes/adaptime/outputs/adaptime/evaluations/covariate_prediction/univariate/Coastal_T_S/H/long/run_0/metrics.npz
    Saved config to /fslarge/scratch/users/h61084/codes/adaptime/outputs/adaptime/evaluations/covariate_prediction/univariate/Coastal_T_S/H/long/run_0/config.json
    Saved aggregate metrics to /fslarge/scratch/users/h61084/codes/adaptime/outputs/adaptime/evaluations/covariate_prediction/univariate/Coastal_T_S/H/long/run_0/metrics_summary.json
    Metrics summary (averaged over all series/windows/variates):
      MSE: 23.3840
      MAE: 1.4582
      RMSE: 1.8620
      MAPE: 0.0469
      sMAPE: 0.0411
      MASE: 2.3177
      ND: 0.0416
      CRPS: 0.0416
/fslarge/scratch/users/h61084/codes/adaptime/outputs/adaptime/evaluations/covariate_prediction/univariate/Coastal_T_S/H/long/run_0/metrics_summary.json
TIME run allocation action=new run=/fslarge/scratch/users/h61084/codes/adaptime/outputs/adaptime/evaluations/bayes_covariate_prediction/univariate/Coastal_T_S/H/long/run_0 launch_id=selena_adaptime_3275021 slurm_job_id=3275021 launched_at=2026-09-09T13:15:30.709665+00:00
    Total instances: 144, Series during experiment: 72, Windows: 2
    Collecting ground truth and context...
    Detected to_univariate case: 72 flat series -> 24 series x 3 variates
    Organizing data into arrays...
    Saved predictions (quantiles) to /fslarge/scratch/users/h61084/codes/adaptime/outputs/adaptime/evaluations/bayes_covariate_prediction/univariate/Coastal_T_S/H/long/run_0/predictions.npz
    Computing per-window metrics...
    Saved metrics to /fslarge/scratch/users/h61084/codes/adaptime/outputs/adaptime/evaluations/bayes_covariate_prediction/univariate/Coastal_T_S/H/long/run_0/metrics.npz
    Saved config to /fslarge/scratch/users/h61084/codes/adaptime/outputs/adaptime/evaluations/bayes_covariate_prediction/univariate/Coastal_T_S/H/long/run_0/config.json
    Saved aggregate metrics to /fslarge/scratch/users/h61084/codes/adaptime/outputs/adaptime/evaluations/bayes_covariate_prediction/univariate/Coastal_T_S/H/long/run_0/metrics_summary.json
    Metrics summary (averaged over all series/windows/variates):
      MSE: 23.3840
      MAE: 1.4582
      RMSE: 1.8620
      MAPE: 0.0469
      sMAPE: 0.0411
      MASE: 2.3177
      ND: 0.0416
      CRPS: 0.0416
/fslarge/scratch/users/h61084/codes/adaptime/outputs/adaptime/evaluations/bayes_covariate_prediction/univariate/Coastal_T_S/H/long/run_0/metrics_summary.json
TIME run allocation action=new run=/fslarge/scratch/users/h61084/codes/adaptime/outputs/adaptime/evaluations/full_ridge_shared/univariate/Coastal_T_S/H/long/run_0 launch_id=selena_adaptime_3275021 slurm_job_id=3275021 launched_at=2026-09-09T13:15:30.775195+00:00
    Total instances: 144, Series during experiment: 72, Windows: 2
    Collecting ground truth and context...
    Detected to_univariate case: 72 flat series -> 24 series x 3 variates
    Organizing data into arrays...
    Saved predictions (quantiles) to /fslarge/scratch/users/h61084/codes/adaptime/outputs/adaptime/evaluations/full_ridge_shared/univariate/Coastal_T_S/H/long/run_0/predictions.npz
    Computing per-window metrics...
    Saved metrics to /fslarge/scratch/users/h61084/codes/adaptime/outputs/adaptime/evaluations/full_ridge_shared/univariate/Coastal_T_S/H/long/run_0/metrics.npz
    Saved config to /fslarge/scratch/users/h61084/codes/adaptime/outputs/adaptime/evaluations/full_ridge_shared/univariate/Coastal_T_S/H/long/run_0/config.json
    Saved aggregate metrics to /fslarge/scratch/users/h61084/codes/adaptime/outputs/adaptime/evaluations/full_ridge_shared/univariate/Coastal_T_S/H/long/run_0/metrics_summary.json
    Metrics summary (averaged over all series/windows/variates):
      MSE: 23.3840
      MAE: 1.4582
      RMSE: 1.8620
      MAPE: 0.0469
      sMAPE: 0.0411
      MASE: 2.3177
      ND: 0.0416
      CRPS: 0.0416
/fslarge/scratch/users/h61084/codes/adaptime/outputs/adaptime/evaluations/full_ridge_shared/univariate/Coastal_T_S/H/long/run_0/metrics_summary.json
TIME run allocation action=new run=/fslarge/scratch/users/h61084/codes/adaptime/outputs/adaptime/evaluations/vanilla/univariate/SG_Weather/D/short/run_0 launch_id=selena_adaptime_3275021 slurm_job_id=3275021 launched_at=2026-09-09T13:15:30.843257+00:00
    Total instances: 2928, Series during experiment: 24, Windows: 122
    Collecting ground truth and context...
    Detected to_univariate case: 24 flat series -> 6 series x 4 variates
    Organizing data into arrays...
    Saved predictions (quantiles) to /fslarge/scratch/users/h61084/codes/adaptime/outputs/adaptime/evaluations/vanilla/univariate/SG_Weather/D/short/run_0/predictions.npz
    Computing per-window metrics...
    Saved metrics to /fslarge/scratch/users/h61084/codes/adaptime/outputs/adaptime/evaluations/vanilla/univariate/SG_Weather/D/short/run_0/metrics.npz
    Saved config to /fslarge/scratch/users/h61084/codes/adaptime/outputs/adaptime/evaluations/vanilla/univariate/SG_Weather/D/short/run_0/config.json
    Saved aggregate metrics to /fslarge/scratch/users/h61084/codes/adaptime/outputs/adaptime/evaluations/vanilla/univariate/SG_Weather/D/short/run_0/metrics_summary.json
    Metrics summary (averaged over all series/windows/variates):
      MSE: 2268.2581
      MAE: 17.0659
      RMSE: 20.0979
      MAPE: 0.3431
      sMAPE: 0.2193
      MASE: 0.8503
      ND: 0.2265
      CRPS: 0.2265
/fslarge/scratch/users/h61084/codes/adaptime/outputs/adaptime/evaluations/vanilla/univariate/SG_Weather/D/short/run_0/metrics_summary.json
TIME run allocation action=new run=/fslarge/scratch/users/h61084/codes/adaptime/outputs/adaptime/evaluations/covariate_prediction/univariate/SG_Weather/D/short/run_0 launch_id=selena_adaptime_3275021 slurm_job_id=3275021 launched_at=2026-09-09T13:15:31.085231+00:00
    Total instances: 2928, Series during experiment: 24, Windows: 122
    Collecting ground truth and context...
    Detected to_univariate case: 24 flat series -> 6 series x 4 variates
    Organizing data into arrays...
    Saved predictions (quantiles) to /fslarge/scratch/users/h61084/codes/adaptime/outputs/adaptime/evaluations/covariate_prediction/univariate/SG_Weather/D/short/run_0/predictions.npz
    Computing per-window metrics...
    Saved metrics to /fslarge/scratch/users/h61084/codes/adaptime/outputs/adaptime/evaluations/covariate_prediction/univariate/SG_Weather/D/short/run_0/metrics.npz
    Saved config to /fslarge/scratch/users/h61084/codes/adaptime/outputs/adaptime/evaluations/covariate_prediction/univariate/SG_Weather/D/short/run_0/config.json
    Saved aggregate metrics to /fslarge/scratch/users/h61084/codes/adaptime/outputs/adaptime/evaluations/covariate_prediction/univariate/SG_Weather/D/short/run_0/metrics_summary.json
    Metrics summary (averaged over all series/windows/variates):
      MSE: 2268.2581
      MAE: 17.0659
      RMSE: 20.0979
      MAPE: 0.3431
      sMAPE: 0.2193
      MASE: 0.8503
      ND: 0.2265
      CRPS: 0.2265
/fslarge/scratch/users/h61084/codes/adaptime/outputs/adaptime/evaluations/covariate_prediction/univariate/SG_Weather/D/short/run_0/metrics_summary.json
TIME run allocation action=new run=/fslarge/scratch/users/h61084/codes/adaptime/outputs/adaptime/evaluations/bayes_covariate_prediction/univariate/SG_Weather/D/short/run_0 launch_id=selena_adaptime_3275021 slurm_job_id=3275021 launched_at=2026-09-09T13:15:31.323773+00:00
    Total instances: 2928, Series during experiment: 24, Windows: 122
    Collecting ground truth and context...
    Detected to_univariate case: 24 flat series -> 6 series x 4 variates
    Organizing data into arrays...
    Saved predictions (quantiles) to /fslarge/scratch/users/h61084/codes/adaptime/outputs/adaptime/evaluations/bayes_covariate_prediction/univariate/SG_Weather/D/short/run_0/predictions.npz
    Computing per-window metrics...
    Saved metrics to /fslarge/scratch/users/h61084/codes/adaptime/outputs/adaptime/evaluations/bayes_covariate_prediction/univariate/SG_Weather/D/short/run_0/metrics.npz
    Saved config to /fslarge/scratch/users/h61084/codes/adaptime/outputs/adaptime/evaluations/bayes_covariate_prediction/univariate/SG_Weather/D/short/run_0/config.json
    Saved aggregate metrics to /fslarge/scratch/users/h61084/codes/adaptime/outputs/adaptime/evaluations/bayes_covariate_prediction/univariate/SG_Weather/D/short/run_0/metrics_summary.json
    Metrics summary (averaged over all series/windows/variates):
      MSE: 2268.2581
      MAE: 17.0659
      RMSE: 20.0979
      MAPE: 0.3431
      sMAPE: 0.2193
      MASE: 0.8503
      ND: 0.2265
      CRPS: 0.2265
/fslarge/scratch/users/h61084/codes/adaptime/outputs/adaptime/evaluations/bayes_covariate_prediction/univariate/SG_Weather/D/short/run_0/metrics_summary.json
TIME run allocation action=new run=/fslarge/scratch/users/h61084/codes/adaptime/outputs/adaptime/evaluations/full_ridge_shared/univariate/SG_Weather/D/short/run_0 launch_id=selena_adaptime_3275021 slurm_job_id=3275021 launched_at=2026-09-09T13:15:31.564066+00:00
    Total instances: 2928, Series during experiment: 24, Windows: 122
    Collecting ground truth and context...
    Detected to_univariate case: 24 flat series -> 6 series x 4 variates
    Organizing data into arrays...
    Saved predictions (quantiles) to /fslarge/scratch/users/h61084/codes/adaptime/outputs/adaptime/evaluations/full_ridge_shared/univariate/SG_Weather/D/short/run_0/predictions.npz
    Computing per-window metrics...
    Saved metrics to /fslarge/scratch/users/h61084/codes/adaptime/outputs/adaptime/evaluations/full_ridge_shared/univariate/SG_Weather/D/short/run_0/metrics.npz
    Saved config to /fslarge/scratch/users/h61084/codes/adaptime/outputs/adaptime/evaluations/full_ridge_shared/univariate/SG_Weather/D/short/run_0/config.json
    Saved aggregate metrics to /fslarge/scratch/users/h61084/codes/adaptime/outputs/adaptime/evaluations/full_ridge_shared/univariate/SG_Weather/D/short/run_0/metrics_summary.json
    Metrics summary (averaged over all series/windows/variates):
      MSE: 2268.2581
      MAE: 17.0659
      RMSE: 20.0979
      MAPE: 0.3431
      sMAPE: 0.2193
      MASE: 0.8503
      ND: 0.2265
      CRPS: 0.2265
/fslarge/scratch/users/h61084/codes/adaptime/outputs/adaptime/evaluations/full_ridge_shared/univariate/SG_Weather/D/short/run_0/metrics_summary.json
TIME run allocation action=new run=/fslarge/scratch/users/h61084/codes/adaptime/outputs/adaptime/evaluations/vanilla/univariate/SG_Weather/D/medium/run_0 launch_id=selena_adaptime_3275021 slurm_job_id=3275021 launched_at=2026-09-09T13:15:31.803652+00:00
    Total instances: 1248, Series during experiment: 24, Windows: 52
    Collecting ground truth and context...
    Detected to_univariate case: 24 flat series -> 6 series x 4 variates
    Organizing data into arrays...
    Saved predictions (quantiles) to /fslarge/scratch/users/h61084/codes/adaptime/outputs/adaptime/evaluations/vanilla/univariate/SG_Weather/D/medium/run_0/predictions.npz
    Computing per-window metrics...
    Saved metrics to /fslarge/scratch/users/h61084/codes/adaptime/outputs/adaptime/evaluations/vanilla/univariate/SG_Weather/D/medium/run_0/metrics.npz
    Saved config to /fslarge/scratch/users/h61084/codes/adaptime/outputs/adaptime/evaluations/vanilla/univariate/SG_Weather/D/medium/run_0/config.json
    Saved aggregate metrics to /fslarge/scratch/users/h61084/codes/adaptime/outputs/adaptime/evaluations/vanilla/univariate/SG_Weather/D/medium/run_0/metrics_summary.json
    Metrics summary (averaged over all series/windows/variates):
      MSE: 2293.0161
      MAE: 17.4155
      RMSE: 22.1103
      MAPE: 0.3482
      sMAPE: 0.2234
      MASE: 0.8850
      ND: 0.2168
      CRPS: 0.2168
/fslarge/scratch/users/h61084/codes/adaptime/outputs/adaptime/evaluations/vanilla/univariate/SG_Weather/D/medium/run_0/metrics_summary.json
TIME run allocation action=new run=/fslarge/scratch/users/h61084/codes/adaptime/outputs/adaptime/evaluations/covariate_prediction/univariate/SG_Weather/D/medium/run_0 launch_id=selena_adaptime_3275021 slurm_job_id=3275021 launched_at=2026-09-09T13:15:31.925499+00:00
    Total instances: 1248, Series during experiment: 24, Windows: 52
    Collecting ground truth and context...
    Detected to_univariate case: 24 flat series -> 6 series x 4 variates
    Organizing data into arrays...
    Saved predictions (quantiles) to /fslarge/scratch/users/h61084/codes/adaptime/outputs/adaptime/evaluations/covariate_prediction/univariate/SG_Weather/D/medium/run_0/predictions.npz
    Computing per-window metrics...
    Saved metrics to /fslarge/scratch/users/h61084/codes/adaptime/outputs/adaptime/evaluations/covariate_prediction/univariate/SG_Weather/D/medium/run_0/metrics.npz
    Saved config to /fslarge/scratch/users/h61084/codes/adaptime/outputs/adaptime/evaluations/covariate_prediction/univariate/SG_Weather/D/medium/run_0/config.json
    Saved aggregate metrics to /fslarge/scratch/users/h61084/codes/adaptime/outputs/adaptime/evaluations/covariate_prediction/univariate/SG_Weather/D/medium/run_0/metrics_summary.json
    Metrics summary (averaged over all series/windows/variates):
      MSE: 2293.0161
      MAE: 17.4155
      RMSE: 22.1103
      MAPE: 0.3482
      sMAPE: 0.2234
      MASE: 0.8850
      ND: 0.2168
      CRPS: 0.2168
/fslarge/scratch/users/h61084/codes/adaptime/outputs/adaptime/evaluations/covariate_prediction/univariate/SG_Weather/D/medium/run_0/metrics_summary.json
TIME run allocation action=new run=/fslarge/scratch/users/h61084/codes/adaptime/outputs/adaptime/evaluations/bayes_covariate_prediction/univariate/SG_Weather/D/medium/run_0 launch_id=selena_adaptime_3275021 slurm_job_id=3275021 launched_at=2026-09-09T13:15:32.045364+00:00
    Total instances: 1248, Series during experiment: 24, Windows: 52
    Collecting ground truth and context...
    Detected to_univariate case: 24 flat series -> 6 series x 4 variates
    Organizing data into arrays...
    Saved predictions (quantiles) to /fslarge/scratch/users/h61084/codes/adaptime/outputs/adaptime/evaluations/bayes_covariate_prediction/univariate/SG_Weather/D/medium/run_0/predictions.npz
    Computing per-window metrics...
    Saved metrics to /fslarge/scratch/users/h61084/codes/adaptime/outputs/adaptime/evaluations/bayes_covariate_prediction/univariate/SG_Weather/D/medium/run_0/metrics.npz
    Saved config to /fslarge/scratch/users/h61084/codes/adaptime/outputs/adaptime/evaluations/bayes_covariate_prediction/univariate/SG_Weather/D/medium/run_0/config.json
    Saved aggregate metrics to /fslarge/scratch/users/h61084/codes/adaptime/outputs/adaptime/evaluations/bayes_covariate_prediction/univariate/SG_Weather/D/medium/run_0/metrics_summary.json
    Metrics summary (averaged over all series/windows/variates):
      MSE: 2293.0161
      MAE: 17.4155
      RMSE: 22.1103
      MAPE: 0.3482
      sMAPE: 0.2234
      MASE: 0.8850
      ND: 0.2168
      CRPS: 0.2168
/fslarge/scratch/users/h61084/codes/adaptime/outputs/adaptime/evaluations/bayes_covariate_prediction/univariate/SG_Weather/D/medium/run_0/metrics_summary.json
TIME run allocation action=new run=/fslarge/scratch/users/h61084/codes/adaptime/outputs/adaptime/evaluations/full_ridge_shared/univariate/SG_Weather/D/medium/run_0 launch_id=selena_adaptime_3275021 slurm_job_id=3275021 launched_at=2026-09-09T13:15:32.164913+00:00
    Total instances: 1248, Series during experiment: 24, Windows: 52
    Collecting ground truth and context...
    Detected to_univariate case: 24 flat series -> 6 series x 4 variates
    Organizing data into arrays...
    Saved predictions (quantiles) to /fslarge/scratch/users/h61084/codes/adaptime/outputs/adaptime/evaluations/full_ridge_shared/univariate/SG_Weather/D/medium/run_0/predictions.npz
    Computing per-window metrics...
    Saved metrics to /fslarge/scratch/users/h61084/codes/adaptime/outputs/adaptime/evaluations/full_ridge_shared/univariate/SG_Weather/D/medium/run_0/metrics.npz
    Saved config to /fslarge/scratch/users/h61084/codes/adaptime/outputs/adaptime/evaluations/full_ridge_shared/univariate/SG_Weather/D/medium/run_0/config.json
    Saved aggregate metrics to /fslarge/scratch/users/h61084/codes/adaptime/outputs/adaptime/evaluations/full_ridge_shared/univariate/SG_Weather/D/medium/run_0/metrics_summary.json
    Metrics summary (averaged over all series/windows/variates):
      MSE: 2293.0161
      MAE: 17.4155
      RMSE: 22.1103
      MAPE: 0.3482
      sMAPE: 0.2234
      MASE: 0.8850
      ND: 0.2168
      CRPS: 0.2168
/fslarge/scratch/users/h61084/codes/adaptime/outputs/adaptime/evaluations/full_ridge_shared/univariate/SG_Weather/D/medium/run_0/metrics_summary.json
TIME run allocation action=new run=/fslarge/scratch/users/h61084/codes/adaptime/outputs/adaptime/evaluations/vanilla/univariate/SG_Weather/D/long/run_0 launch_id=selena_adaptime_3275021 slurm_job_id=3275021 launched_at=2026-09-09T13:15:32.284864+00:00
    Total instances: 624, Series during experiment: 24, Windows: 26
    Collecting ground truth and context...
    Detected to_univariate case: 24 flat series -> 6 series x 4 variates
    Organizing data into arrays...
    Saved predictions (quantiles) to /fslarge/scratch/users/h61084/codes/adaptime/outputs/adaptime/evaluations/vanilla/univariate/SG_Weather/D/long/run_0/predictions.npz
    Computing per-window metrics...
    Saved metrics to /fslarge/scratch/users/h61084/codes/adaptime/outputs/adaptime/evaluations/vanilla/univariate/SG_Weather/D/long/run_0/metrics.npz
    Saved config to /fslarge/scratch/users/h61084/codes/adaptime/outputs/adaptime/evaluations/vanilla/univariate/SG_Weather/D/long/run_0/config.json
    Saved aggregate metrics to /fslarge/scratch/users/h61084/codes/adaptime/outputs/adaptime/evaluations/vanilla/univariate/SG_Weather/D/long/run_0/metrics_summary.json
    Metrics summary (averaged over all series/windows/variates):
      MSE: 2284.1942
      MAE: 17.4142
      RMSE: 22.9106
      MAPE: 0.3499
      sMAPE: 0.2253
      MASE: 0.8988
      ND: 0.2139
      CRPS: 0.2139
/fslarge/scratch/users/h61084/codes/adaptime/outputs/adaptime/evaluations/vanilla/univariate/SG_Weather/D/long/run_0/metrics_summary.json
TIME run allocation action=new run=/fslarge/scratch/users/h61084/codes/adaptime/outputs/adaptime/evaluations/covariate_prediction/univariate/SG_Weather/D/long/run_0 launch_id=selena_adaptime_3275021 slurm_job_id=3275021 launched_at=2026-09-09T13:15:32.363935+00:00
    Total instances: 624, Series during experiment: 24, Windows: 26
    Collecting ground truth and context...
    Detected to_univariate case: 24 flat series -> 6 series x 4 variates
    Organizing data into arrays...
    Saved predictions (quantiles) to /fslarge/scratch/users/h61084/codes/adaptime/outputs/adaptime/evaluations/covariate_prediction/univariate/SG_Weather/D/long/run_0/predictions.npz
    Computing per-window metrics...
    Saved metrics to /fslarge/scratch/users/h61084/codes/adaptime/outputs/adaptime/evaluations/covariate_prediction/univariate/SG_Weather/D/long/run_0/metrics.npz
    Saved config to /fslarge/scratch/users/h61084/codes/adaptime/outputs/adaptime/evaluations/covariate_prediction/univariate/SG_Weather/D/long/run_0/config.json
    Saved aggregate metrics to /fslarge/scratch/users/h61084/codes/adaptime/outputs/adaptime/evaluations/covariate_prediction/univariate/SG_Weather/D/long/run_0/metrics_summary.json
    Metrics summary (averaged over all series/windows/variates):
      MSE: 2284.1942
      MAE: 17.4142
      RMSE: 22.9106
      MAPE: 0.3499
      sMAPE: 0.2253
      MASE: 0.8988
      ND: 0.2139
      CRPS: 0.2139
/fslarge/scratch/users/h61084/codes/adaptime/outputs/adaptime/evaluations/covariate_prediction/univariate/SG_Weather/D/long/run_0/metrics_summary.json
TIME run allocation action=new run=/fslarge/scratch/users/h61084/codes/adaptime/outputs/adaptime/evaluations/bayes_covariate_prediction/univariate/SG_Weather/D/long/run_0 launch_id=selena_adaptime_3275021 slurm_job_id=3275021 launched_at=2026-09-09T13:15:32.440300+00:00
    Total instances: 624, Series during experiment: 24, Windows: 26
    Collecting ground truth and context...
    Detected to_univariate case: 24 flat series -> 6 series x 4 variates
    Organizing data into arrays...
    Saved predictions (quantiles) to /fslarge/scratch/users/h61084/codes/adaptime/outputs/adaptime/evaluations/bayes_covariate_prediction/univariate/SG_Weather/D/long/run_0/predictions.npz
    Computing per-window metrics...
    Saved metrics to /fslarge/scratch/users/h61084/codes/adaptime/outputs/adaptime/evaluations/bayes_covariate_prediction/univariate/SG_Weather/D/long/run_0/metrics.npz
    Saved config to /fslarge/scratch/users/h61084/codes/adaptime/outputs/adaptime/evaluations/bayes_covariate_prediction/univariate/SG_Weather/D/long/run_0/config.json
    Saved aggregate metrics to /fslarge/scratch/users/h61084/codes/adaptime/outputs/adaptime/evaluations/bayes_covariate_prediction/univariate/SG_Weather/D/long/run_0/metrics_summary.json
    Metrics summary (averaged over all series/windows/variates):
      MSE: 2284.1942
      MAE: 17.4142
      RMSE: 22.9106
      MAPE: 0.3499
      sMAPE: 0.2253
      MASE: 0.8988
      ND: 0.2139
      CRPS: 0.2139
/fslarge/scratch/users/h61084/codes/adaptime/outputs/adaptime/evaluations/bayes_covariate_prediction/univariate/SG_Weather/D/long/run_0/metrics_summary.json
TIME run allocation action=new run=/fslarge/scratch/users/h61084/codes/adaptime/outputs/adaptime/evaluations/full_ridge_shared/univariate/SG_Weather/D/long/run_0 launch_id=selena_adaptime_3275021 slurm_job_id=3275021 launched_at=2026-09-09T13:15:32.516615+00:00
    Total instances: 624, Series during experiment: 24, Windows: 26
    Collecting ground truth and context...
    Detected to_univariate case: 24 flat series -> 6 series x 4 variates
    Organizing data into arrays...
    Saved predictions (quantiles) to /fslarge/scratch/users/h61084/codes/adaptime/outputs/adaptime/evaluations/full_ridge_shared/univariate/SG_Weather/D/long/run_0/predictions.npz
    Computing per-window metrics...
    Saved metrics to /fslarge/scratch/users/h61084/codes/adaptime/outputs/adaptime/evaluations/full_ridge_shared/univariate/SG_Weather/D/long/run_0/metrics.npz
    Saved config to /fslarge/scratch/users/h61084/codes/adaptime/outputs/adaptime/evaluations/full_ridge_shared/univariate/SG_Weather/D/long/run_0/config.json
    Saved aggregate metrics to /fslarge/scratch/users/h61084/codes/adaptime/outputs/adaptime/evaluations/full_ridge_shared/univariate/SG_Weather/D/long/run_0/metrics_summary.json
    Metrics summary (averaged over all series/windows/variates):
      MSE: 2284.1942
      MAE: 17.4142
      RMSE: 22.9106
      MAPE: 0.3499
      sMAPE: 0.2253
      MASE: 0.8988
      ND: 0.2139
      CRPS: 0.2139
/fslarge/scratch/users/h61084/codes/adaptime/outputs/adaptime/evaluations/full_ridge_shared/univariate/SG_Weather/D/long/run_0/metrics_summary.json
TIME run allocation action=new run=/fslarge/scratch/users/h61084/codes/adaptime/outputs/adaptime/evaluations/vanilla/univariate/SG_PM25/H/short/run_0 launch_id=selena_adaptime_3275021 slurm_job_id=3275021 launched_at=2026-09-09T13:15:32.595575+00:00
    Total instances: 460, Series during experiment: 5, Windows: 92
    Collecting ground truth and context...
    Detected to_univariate case: 5 flat series -> 1 series x 5 variates
    Organizing data into arrays...
    Saved predictions (quantiles) to /fslarge/scratch/users/h61084/codes/adaptime/outputs/adaptime/evaluations/vanilla/univariate/SG_PM25/H/short/run_0/predictions.npz
    Computing per-window metrics...
    Saved metrics to /fslarge/scratch/users/h61084/codes/adaptime/outputs/adaptime/evaluations/vanilla/univariate/SG_PM25/H/short/run_0/metrics.npz
    Saved config to /fslarge/scratch/users/h61084/codes/adaptime/outputs/adaptime/evaluations/vanilla/univariate/SG_PM25/H/short/run_0/config.json
    Saved aggregate metrics to /fslarge/scratch/users/h61084/codes/adaptime/outputs/adaptime/evaluations/vanilla/univariate/SG_PM25/H/short/run_0/metrics_summary.json
    Metrics summary (averaged over all series/windows/variates):
      MSE: 40.9557
      MAE: 4.6339
      RMSE: 5.7175
      MAPE: 0.4953
      sMAPE: 0.3954
      MASE: 0.8815
      ND: 0.3926
      CRPS: 0.3926
/fslarge/scratch/users/h61084/codes/adaptime/outputs/adaptime/evaluations/vanilla/univariate/SG_PM25/H/short/run_0/metrics_summary.json
TIME run allocation action=new run=/fslarge/scratch/users/h61084/codes/adaptime/outputs/adaptime/evaluations/covariate_prediction/univariate/SG_PM25/H/short/run_0 launch_id=selena_adaptime_3275021 slurm_job_id=3275021 launched_at=2026-09-09T13:15:32.756237+00:00
    Total instances: 460, Series during experiment: 5, Windows: 92
    Collecting ground truth and context...
    Detected to_univariate case: 5 flat series -> 1 series x 5 variates
    Organizing data into arrays...
    Saved predictions (quantiles) to /fslarge/scratch/users/h61084/codes/adaptime/outputs/adaptime/evaluations/covariate_prediction/univariate/SG_PM25/H/short/run_0/predictions.npz
    Computing per-window metrics...
    Saved metrics to /fslarge/scratch/users/h61084/codes/adaptime/outputs/adaptime/evaluations/covariate_prediction/univariate/SG_PM25/H/short/run_0/metrics.npz
    Saved config to /fslarge/scratch/users/h61084/codes/adaptime/outputs/adaptime/evaluations/covariate_prediction/univariate/SG_PM25/H/short/run_0/config.json
    Saved aggregate metrics to /fslarge/scratch/users/h61084/codes/adaptime/outputs/adaptime/evaluations/covariate_prediction/univariate/SG_PM25/H/short/run_0/metrics_summary.json
    Metrics summary (averaged over all series/windows/variates):
      MSE: 40.9557
      MAE: 4.6339
      RMSE: 5.7175
      MAPE: 0.4953
      sMAPE: 0.3954
      MASE: 0.8815
      ND: 0.3926
      CRPS: 0.3926
/fslarge/scratch/users/h61084/codes/adaptime/outputs/adaptime/evaluations/covariate_prediction/univariate/SG_PM25/H/short/run_0/metrics_summary.json
TIME run allocation action=new run=/fslarge/scratch/users/h61084/codes/adaptime/outputs/adaptime/evaluations/bayes_covariate_prediction/univariate/SG_PM25/H/short/run_0 launch_id=selena_adaptime_3275021 slurm_job_id=3275021 launched_at=2026-09-09T13:15:32.912668+00:00
    Total instances: 460, Series during experiment: 5, Windows: 92
    Collecting ground truth and context...
    Detected to_univariate case: 5 flat series -> 1 series x 5 variates
    Organizing data into arrays...
    Saved predictions (quantiles) to /fslarge/scratch/users/h61084/codes/adaptime/outputs/adaptime/evaluations/bayes_covariate_prediction/univariate/SG_PM25/H/short/run_0/predictions.npz
    Computing per-window metrics...
    Saved metrics to /fslarge/scratch/users/h61084/codes/adaptime/outputs/adaptime/evaluations/bayes_covariate_prediction/univariate/SG_PM25/H/short/run_0/metrics.npz
    Saved config to /fslarge/scratch/users/h61084/codes/adaptime/outputs/adaptime/evaluations/bayes_covariate_prediction/univariate/SG_PM25/H/short/run_0/config.json
    Saved aggregate metrics to /fslarge/scratch/users/h61084/codes/adaptime/outputs/adaptime/evaluations/bayes_covariate_prediction/univariate/SG_PM25/H/short/run_0/metrics_summary.json
    Metrics summary (averaged over all series/windows/variates):
      MSE: 40.9557
      MAE: 4.6339
      RMSE: 5.7175
      MAPE: 0.4953
      sMAPE: 0.3954
      MASE: 0.8815
      ND: 0.3926
      CRPS: 0.3926
/fslarge/scratch/users/h61084/codes/adaptime/outputs/adaptime/evaluations/bayes_covariate_prediction/univariate/SG_PM25/H/short/run_0/metrics_summary.json
TIME run allocation action=new run=/fslarge/scratch/users/h61084/codes/adaptime/outputs/adaptime/evaluations/full_ridge_shared/univariate/SG_PM25/H/short/run_0 launch_id=selena_adaptime_3275021 slurm_job_id=3275021 launched_at=2026-09-09T13:15:33.066812+00:00
    Total instances: 460, Series during experiment: 5, Windows: 92
    Collecting ground truth and context...
    Detected to_univariate case: 5 flat series -> 1 series x 5 variates
    Organizing data into arrays...
    Saved predictions (quantiles) to /fslarge/scratch/users/h61084/codes/adaptime/outputs/adaptime/evaluations/full_ridge_shared/univariate/SG_PM25/H/short/run_0/predictions.npz
    Computing per-window metrics...
    Saved metrics to /fslarge/scratch/users/h61084/codes/adaptime/outputs/adaptime/evaluations/full_ridge_shared/univariate/SG_PM25/H/short/run_0/metrics.npz
    Saved config to /fslarge/scratch/users/h61084/codes/adaptime/outputs/adaptime/evaluations/full_ridge_shared/univariate/SG_PM25/H/short/run_0/config.json
    Saved aggregate metrics to /fslarge/scratch/users/h61084/codes/adaptime/outputs/adaptime/evaluations/full_ridge_shared/univariate/SG_PM25/H/short/run_0/metrics_summary.json
    Metrics summary (averaged over all series/windows/variates):
      MSE: 40.9557
      MAE: 4.6339
      RMSE: 5.7175
      MAPE: 0.4953
      sMAPE: 0.3954
      MASE: 0.8815
      ND: 0.3926
      CRPS: 0.3926
/fslarge/scratch/users/h61084/codes/adaptime/outputs/adaptime/evaluations/full_ridge_shared/univariate/SG_PM25/H/short/run_0/metrics_summary.json
TIME run allocation action=new run=/fslarge/scratch/users/h61084/codes/adaptime/outputs/adaptime/evaluations/vanilla/univariate/SG_PM25/H/medium/run_0 launch_id=selena_adaptime_3275021 slurm_job_id=3275021 launched_at=2026-09-09T13:15:33.221048+00:00
    Total instances: 150, Series during experiment: 5, Windows: 30
    Collecting ground truth and context...
    Detected to_univariate case: 5 flat series -> 1 series x 5 variates
    Organizing data into arrays...
    Saved predictions (quantiles) to /fslarge/scratch/users/h61084/codes/adaptime/outputs/adaptime/evaluations/vanilla/univariate/SG_PM25/H/medium/run_0/predictions.npz
    Computing per-window metrics...
    Saved metrics to /fslarge/scratch/users/h61084/codes/adaptime/outputs/adaptime/evaluations/vanilla/univariate/SG_PM25/H/medium/run_0/metrics.npz
    Saved config to /fslarge/scratch/users/h61084/codes/adaptime/outputs/adaptime/evaluations/vanilla/univariate/SG_PM25/H/medium/run_0/config.json
    Saved aggregate metrics to /fslarge/scratch/users/h61084/codes/adaptime/outputs/adaptime/evaluations/vanilla/univariate/SG_PM25/H/medium/run_0/metrics_summary.json
    Metrics summary (averaged over all series/windows/variates):
      MSE: 47.1329
      MAE: 4.9147
      RMSE: 6.2847
      MAPE: 0.5108
      sMAPE: 0.4164
      MASE: 0.9340
      ND: 0.4022
      CRPS: 0.4022
/fslarge/scratch/users/h61084/codes/adaptime/outputs/adaptime/evaluations/vanilla/univariate/SG_PM25/H/medium/run_0/metrics_summary.json
TIME run allocation action=new run=/fslarge/scratch/users/h61084/codes/adaptime/outputs/adaptime/evaluations/covariate_prediction/univariate/SG_PM25/H/medium/run_0 launch_id=selena_adaptime_3275021 slurm_job_id=3275021 launched_at=2026-09-09T13:15:33.318820+00:00
    Total instances: 150, Series during experiment: 5, Windows: 30
    Collecting ground truth and context...
    Detected to_univariate case: 5 flat series -> 1 series x 5 variates
    Organizing data into arrays...
    Saved predictions (quantiles) to /fslarge/scratch/users/h61084/codes/adaptime/outputs/adaptime/evaluations/covariate_prediction/univariate/SG_PM25/H/medium/run_0/predictions.npz
    Computing per-window metrics...
    Saved metrics to /fslarge/scratch/users/h61084/codes/adaptime/outputs/adaptime/evaluations/covariate_prediction/univariate/SG_PM25/H/medium/run_0/metrics.npz
    Saved config to /fslarge/scratch/users/h61084/codes/adaptime/outputs/adaptime/evaluations/covariate_prediction/univariate/SG_PM25/H/medium/run_0/config.json
    Saved aggregate metrics to /fslarge/scratch/users/h61084/codes/adaptime/outputs/adaptime/evaluations/covariate_prediction/univariate/SG_PM25/H/medium/run_0/metrics_summary.json
    Metrics summary (averaged over all series/windows/variates):
      MSE: 48.2045
      MAE: 5.0821
      RMSE: 6.4173
      MAPE: 0.5474
      sMAPE: 0.4300
      MASE: 0.9658
      ND: 0.4202
      CRPS: 0.4202
/fslarge/scratch/users/h61084/codes/adaptime/outputs/adaptime/evaluations/covariate_prediction/univariate/SG_PM25/H/medium/run_0/metrics_summary.json
TIME run allocation action=new run=/fslarge/scratch/users/h61084/codes/adaptime/outputs/adaptime/evaluations/bayes_covariate_prediction/univariate/SG_PM25/H/medium/run_0 launch_id=selena_adaptime_3275021 slurm_job_id=3275021 launched_at=2026-09-09T13:15:33.414391+00:00
    Total instances: 150, Series during experiment: 5, Windows: 30
    Collecting ground truth and context...
    Detected to_univariate case: 5 flat series -> 1 series x 5 variates
    Organizing data into arrays...
    Saved predictions (quantiles) to /fslarge/scratch/users/h61084/codes/adaptime/outputs/adaptime/evaluations/bayes_covariate_prediction/univariate/SG_PM25/H/medium/run_0/predictions.npz
    Computing per-window metrics...
    Saved metrics to /fslarge/scratch/users/h61084/codes/adaptime/outputs/adaptime/evaluations/bayes_covariate_prediction/univariate/SG_PM25/H/medium/run_0/metrics.npz
    Saved config to /fslarge/scratch/users/h61084/codes/adaptime/outputs/adaptime/evaluations/bayes_covariate_prediction/univariate/SG_PM25/H/medium/run_0/config.json
    Saved aggregate metrics to /fslarge/scratch/users/h61084/codes/adaptime/outputs/adaptime/evaluations/bayes_covariate_prediction/univariate/SG_PM25/H/medium/run_0/metrics_summary.json
    Metrics summary (averaged over all series/windows/variates):
      MSE: 46.7752
      MAE: 4.9403
      RMSE: 6.2826
      MAPE: 0.5234
      sMAPE: 0.4189
      MASE: 0.9390
      ND: 0.4060
      CRPS: 0.4060
/fslarge/scratch/users/h61084/codes/adaptime/outputs/adaptime/evaluations/bayes_covariate_prediction/univariate/SG_PM25/H/medium/run_0/metrics_summary.json
TIME run allocation action=new run=/fslarge/scratch/users/h61084/codes/adaptime/outputs/adaptime/evaluations/full_ridge_shared/univariate/SG_PM25/H/medium/run_0 launch_id=selena_adaptime_3275021 slurm_job_id=3275021 launched_at=2026-09-09T13:15:33.509495+00:00
    Total instances: 150, Series during experiment: 5, Windows: 30
    Collecting ground truth and context...
    Detected to_univariate case: 5 flat series -> 1 series x 5 variates
    Organizing data into arrays...
    Saved predictions (quantiles) to /fslarge/scratch/users/h61084/codes/adaptime/outputs/adaptime/evaluations/full_ridge_shared/univariate/SG_PM25/H/medium/run_0/predictions.npz
    Computing per-window metrics...
    Saved metrics to /fslarge/scratch/users/h61084/codes/adaptime/outputs/adaptime/evaluations/full_ridge_shared/univariate/SG_PM25/H/medium/run_0/metrics.npz
    Saved config to /fslarge/scratch/users/h61084/codes/adaptime/outputs/adaptime/evaluations/full_ridge_shared/univariate/SG_PM25/H/medium/run_0/config.json
    Saved aggregate metrics to /fslarge/scratch/users/h61084/codes/adaptime/outputs/adaptime/evaluations/full_ridge_shared/univariate/SG_PM25/H/medium/run_0/metrics_summary.json
    Metrics summary (averaged over all series/windows/variates):
      MSE: 47.1023
      MAE: 4.9737
      RMSE: 6.3135
      MAPE: 0.5322
      sMAPE: 0.4215
      MASE: 0.9450
      ND: 0.4105
      CRPS: 0.4105
/fslarge/scratch/users/h61084/codes/adaptime/outputs/adaptime/evaluations/full_ridge_shared/univariate/SG_PM25/H/medium/run_0/metrics_summary.json
TIME run allocation action=new run=/fslarge/scratch/users/h61084/codes/adaptime/outputs/adaptime/evaluations/vanilla/univariate/SG_PM25/H/long/run_0 launch_id=selena_adaptime_3275021 slurm_job_id=3275021 launched_at=2026-09-09T13:15:33.605892+00:00
    Total instances: 65, Series during experiment: 5, Windows: 13
    Collecting ground truth and context...
    Detected to_univariate case: 5 flat series -> 1 series x 5 variates
    Organizing data into arrays...
    Saved predictions (quantiles) to /fslarge/scratch/users/h61084/codes/adaptime/outputs/adaptime/evaluations/vanilla/univariate/SG_PM25/H/long/run_0/predictions.npz
    Computing per-window metrics...
    Saved metrics to /fslarge/scratch/users/h61084/codes/adaptime/outputs/adaptime/evaluations/vanilla/univariate/SG_PM25/H/long/run_0/metrics.npz
    Saved config to /fslarge/scratch/users/h61084/codes/adaptime/outputs/adaptime/evaluations/vanilla/univariate/SG_PM25/H/long/run_0/config.json
    Saved aggregate metrics to /fslarge/scratch/users/h61084/codes/adaptime/outputs/adaptime/evaluations/vanilla/univariate/SG_PM25/H/long/run_0/metrics_summary.json
    Metrics summary (averaged over all series/windows/variates):
      MSE: 49.1567
      MAE: 5.0626
      RMSE: 6.6204
      MAPE: 0.5347
      sMAPE: 0.4263
      MASE: 0.9633
      ND: 0.4131
      CRPS: 0.4131
/fslarge/scratch/users/h61084/codes/adaptime/outputs/adaptime/evaluations/vanilla/univariate/SG_PM25/H/long/run_0/metrics_summary.json
TIME run allocation action=new run=/fslarge/scratch/users/h61084/codes/adaptime/outputs/adaptime/evaluations/covariate_prediction/univariate/SG_PM25/H/long/run_0 launch_id=selena_adaptime_3275021 slurm_job_id=3275021 launched_at=2026-09-09T13:15:33.687719+00:00
    Total instances: 65, Series during experiment: 5, Windows: 13
    Collecting ground truth and context...
    Detected to_univariate case: 5 flat series -> 1 series x 5 variates
    Organizing data into arrays...
    Saved predictions (quantiles) to /fslarge/scratch/users/h61084/codes/adaptime/outputs/adaptime/evaluations/covariate_prediction/univariate/SG_PM25/H/long/run_0/predictions.npz
    Computing per-window metrics...
    Saved metrics to /fslarge/scratch/users/h61084/codes/adaptime/outputs/adaptime/evaluations/covariate_prediction/univariate/SG_PM25/H/long/run_0/metrics.npz
    Saved config to /fslarge/scratch/users/h61084/codes/adaptime/outputs/adaptime/evaluations/covariate_prediction/univariate/SG_PM25/H/long/run_0/config.json
    Saved aggregate metrics to /fslarge/scratch/users/h61084/codes/adaptime/outputs/adaptime/evaluations/covariate_prediction/univariate/SG_PM25/H/long/run_0/metrics_summary.json
    Metrics summary (averaged over all series/windows/variates):
      MSE: 51.3537
      MAE: 5.2460
      RMSE: 6.7759
      MAPE: 0.5652
      sMAPE: 0.4421
      MASE: 0.9969
      ND: 0.4293
      CRPS: 0.4293
/fslarge/scratch/users/h61084/codes/adaptime/outputs/adaptime/evaluations/covariate_prediction/univariate/SG_PM25/H/long/run_0/metrics_summary.json
TIME run allocation action=new run=/fslarge/scratch/users/h61084/codes/adaptime/outputs/adaptime/evaluations/bayes_covariate_prediction/univariate/SG_PM25/H/long/run_0 launch_id=selena_adaptime_3275021 slurm_job_id=3275021 launched_at=2026-09-09T13:15:33.767145+00:00
    Total instances: 65, Series during experiment: 5, Windows: 13
    Collecting ground truth and context...
    Detected to_univariate case: 5 flat series -> 1 series x 5 variates
    Organizing data into arrays...
    Saved predictions (quantiles) to /fslarge/scratch/users/h61084/codes/adaptime/outputs/adaptime/evaluations/bayes_covariate_prediction/univariate/SG_PM25/H/long/run_0/predictions.npz
    Computing per-window metrics...
    Saved metrics to /fslarge/scratch/users/h61084/codes/adaptime/outputs/adaptime/evaluations/bayes_covariate_prediction/univariate/SG_PM25/H/long/run_0/metrics.npz
    Saved config to /fslarge/scratch/users/h61084/codes/adaptime/outputs/adaptime/evaluations/bayes_covariate_prediction/univariate/SG_PM25/H/long/run_0/config.json
    Saved aggregate metrics to /fslarge/scratch/users/h61084/codes/adaptime/outputs/adaptime/evaluations/bayes_covariate_prediction/univariate/SG_PM25/H/long/run_0/metrics_summary.json
    Metrics summary (averaged over all series/windows/variates):
      MSE: 48.8871
      MAE: 5.0752
      RMSE: 6.5986
      MAPE: 0.5434
      sMAPE: 0.4287
      MASE: 0.9653
      ND: 0.4144
      CRPS: 0.4144
/fslarge/scratch/users/h61084/codes/adaptime/outputs/adaptime/evaluations/bayes_covariate_prediction/univariate/SG_PM25/H/long/run_0/metrics_summary.json
TIME run allocation action=new run=/fslarge/scratch/users/h61084/codes/adaptime/outputs/adaptime/evaluations/full_ridge_shared/univariate/SG_PM25/H/long/run_0 launch_id=selena_adaptime_3275021 slurm_job_id=3275021 launched_at=2026-09-09T13:15:33.845912+00:00
    Total instances: 65, Series during experiment: 5, Windows: 13
    Collecting ground truth and context...
    Detected to_univariate case: 5 flat series -> 1 series x 5 variates
    Organizing data into arrays...
    Saved predictions (quantiles) to /fslarge/scratch/users/h61084/codes/adaptime/outputs/adaptime/evaluations/full_ridge_shared/univariate/SG_PM25/H/long/run_0/predictions.npz
    Computing per-window metrics...
    Saved metrics to /fslarge/scratch/users/h61084/codes/adaptime/outputs/adaptime/evaluations/full_ridge_shared/univariate/SG_PM25/H/long/run_0/metrics.npz
    Saved config to /fslarge/scratch/users/h61084/codes/adaptime/outputs/adaptime/evaluations/full_ridge_shared/univariate/SG_PM25/H/long/run_0/config.json
    Saved aggregate metrics to /fslarge/scratch/users/h61084/codes/adaptime/outputs/adaptime/evaluations/full_ridge_shared/univariate/SG_PM25/H/long/run_0/metrics_summary.json
    Metrics summary (averaged over all series/windows/variates):
      MSE: 49.2934
      MAE: 5.1230
      RMSE: 6.6288
      MAPE: 0.5561
      sMAPE: 0.4325
      MASE: 0.9740
      ND: 0.4197
      CRPS: 0.4197
/fslarge/scratch/users/h61084/codes/adaptime/outputs/adaptime/evaluations/full_ridge_shared/univariate/SG_PM25/H/long/run_0/metrics_summary.json
TIME run allocation action=new run=/fslarge/scratch/users/h61084/codes/adaptime/outputs/adaptime/evaluations/vanilla/univariate/NE_China_Wind/H/short/run_0 launch_id=selena_adaptime_3275021 slurm_job_id=3275021 launched_at=2026-09-09T13:15:33.926469+00:00
    Total instances: 120, Series during experiment: 4, Windows: 30
    Collecting ground truth and context...
    Detected to_univariate case: 4 flat series -> 1 series x 4 variates
    Organizing data into arrays...
    Saved predictions (quantiles) to /fslarge/scratch/users/h61084/codes/adaptime/outputs/adaptime/evaluations/vanilla/univariate/NE_China_Wind/H/short/run_0/predictions.npz
    Computing per-window metrics...
    Saved metrics to /fslarge/scratch/users/h61084/codes/adaptime/outputs/adaptime/evaluations/vanilla/univariate/NE_China_Wind/H/short/run_0/metrics.npz
    Saved config to /fslarge/scratch/users/h61084/codes/adaptime/outputs/adaptime/evaluations/vanilla/univariate/NE_China_Wind/H/short/run_0/config.json
    Saved aggregate metrics to /fslarge/scratch/users/h61084/codes/adaptime/outputs/adaptime/evaluations/vanilla/univariate/NE_China_Wind/H/short/run_0/metrics_summary.json
    Metrics summary (averaged over all series/windows/variates):
      MSE: 0.0986
      MAE: 0.2133
      RMSE: 0.2496
      MAPE: 0.8395
      sMAPE: 0.4869
      MASE: 0.5042
      ND: 0.4323
      CRPS: 0.4323
/fslarge/scratch/users/h61084/codes/adaptime/outputs/adaptime/evaluations/vanilla/univariate/NE_China_Wind/H/short/run_0/metrics_summary.json
TIME run allocation action=new run=/fslarge/scratch/users/h61084/codes/adaptime/outputs/adaptime/evaluations/covariate_prediction/univariate/NE_China_Wind/H/short/run_0 launch_id=selena_adaptime_3275021 slurm_job_id=3275021 launched_at=2026-09-09T13:15:33.973837+00:00
    Total instances: 120, Series during experiment: 4, Windows: 30
    Collecting ground truth and context...
    Detected to_univariate case: 4 flat series -> 1 series x 4 variates
    Organizing data into arrays...
    Saved predictions (quantiles) to /fslarge/scratch/users/h61084/codes/adaptime/outputs/adaptime/evaluations/covariate_prediction/univariate/NE_China_Wind/H/short/run_0/predictions.npz
    Computing per-window metrics...
    Saved metrics to /fslarge/scratch/users/h61084/codes/adaptime/outputs/adaptime/evaluations/covariate_prediction/univariate/NE_China_Wind/H/short/run_0/metrics.npz
    Saved config to /fslarge/scratch/users/h61084/codes/adaptime/outputs/adaptime/evaluations/covariate_prediction/univariate/NE_China_Wind/H/short/run_0/config.json
    Saved aggregate metrics to /fslarge/scratch/users/h61084/codes/adaptime/outputs/adaptime/evaluations/covariate_prediction/univariate/NE_China_Wind/H/short/run_0/metrics_summary.json
    Metrics summary (averaged over all series/windows/variates):
      MSE: 0.0986
      MAE: 0.2133
      RMSE: 0.2496
      MAPE: 0.8395
      sMAPE: 0.4869
      MASE: 0.5042
      ND: 0.4323
      CRPS: 0.4323
/fslarge/scratch/users/h61084/codes/adaptime/outputs/adaptime/evaluations/covariate_prediction/univariate/NE_China_Wind/H/short/run_0/metrics_summary.json
TIME run allocation action=new run=/fslarge/scratch/users/h61084/codes/adaptime/outputs/adaptime/evaluations/bayes_covariate_prediction/univariate/NE_China_Wind/H/short/run_0 launch_id=selena_adaptime_3275021 slurm_job_id=3275021 launched_at=2026-09-09T13:15:34.018684+00:00
    Total instances: 120, Series during experiment: 4, Windows: 30
    Collecting ground truth and context...
    Detected to_univariate case: 4 flat series -> 1 series x 4 variates
    Organizing data into arrays...
    Saved predictions (quantiles) to /fslarge/scratch/users/h61084/codes/adaptime/outputs/adaptime/evaluations/bayes_covariate_prediction/univariate/NE_China_Wind/H/short/run_0/predictions.npz
    Computing per-window metrics...
    Saved metrics to /fslarge/scratch/users/h61084/codes/adaptime/outputs/adaptime/evaluations/bayes_covariate_prediction/univariate/NE_China_Wind/H/short/run_0/metrics.npz
    Saved config to /fslarge/scratch/users/h61084/codes/adaptime/outputs/adaptime/evaluations/bayes_covariate_prediction/univariate/NE_China_Wind/H/short/run_0/config.json
    Saved aggregate metrics to /fslarge/scratch/users/h61084/codes/adaptime/outputs/adaptime/evaluations/bayes_covariate_prediction/univariate/NE_China_Wind/H/short/run_0/metrics_summary.json
    Metrics summary (averaged over all series/windows/variates):
      MSE: 0.0986
      MAE: 0.2133
      RMSE: 0.2496
      MAPE: 0.8395
      sMAPE: 0.4869
      MASE: 0.5042
      ND: 0.4323
      CRPS: 0.4323
/fslarge/scratch/users/h61084/codes/adaptime/outputs/adaptime/evaluations/bayes_covariate_prediction/univariate/NE_China_Wind/H/short/run_0/metrics_summary.json
TIME run allocation action=new run=/fslarge/scratch/users/h61084/codes/adaptime/outputs/adaptime/evaluations/full_ridge_shared/univariate/NE_China_Wind/H/short/run_0 launch_id=selena_adaptime_3275021 slurm_job_id=3275021 launched_at=2026-09-09T13:15:34.063205+00:00
    Total instances: 120, Series during experiment: 4, Windows: 30
    Collecting ground truth and context...
    Detected to_univariate case: 4 flat series -> 1 series x 4 variates
    Organizing data into arrays...
    Saved predictions (quantiles) to /fslarge/scratch/users/h61084/codes/adaptime/outputs/adaptime/evaluations/full_ridge_shared/univariate/NE_China_Wind/H/short/run_0/predictions.npz
    Computing per-window metrics...
    Saved metrics to /fslarge/scratch/users/h61084/codes/adaptime/outputs/adaptime/evaluations/full_ridge_shared/univariate/NE_China_Wind/H/short/run_0/metrics.npz
    Saved config to /fslarge/scratch/users/h61084/codes/adaptime/outputs/adaptime/evaluations/full_ridge_shared/univariate/NE_China_Wind/H/short/run_0/config.json
    Saved aggregate metrics to /fslarge/scratch/users/h61084/codes/adaptime/outputs/adaptime/evaluations/full_ridge_shared/univariate/NE_China_Wind/H/short/run_0/metrics_summary.json
    Metrics summary (averaged over all series/windows/variates):
      MSE: 0.0986
      MAE: 0.2133
      RMSE: 0.2496
      MAPE: 0.8395
      sMAPE: 0.4869
      MASE: 0.5042
      ND: 0.4323
      CRPS: 0.4323
/fslarge/scratch/users/h61084/codes/adaptime/outputs/adaptime/evaluations/full_ridge_shared/univariate/NE_China_Wind/H/short/run_0/metrics_summary.json
TIME run allocation action=new run=/fslarge/scratch/users/h61084/codes/adaptime/outputs/adaptime/evaluations/vanilla/univariate/NE_China_Wind/H/medium/run_0 launch_id=selena_adaptime_3275021 slurm_job_id=3275021 launched_at=2026-09-09T13:15:34.108295+00:00
    Total instances: 40, Series during experiment: 4, Windows: 10
    Collecting ground truth and context...
    Detected to_univariate case: 4 flat series -> 1 series x 4 variates
    Organizing data into arrays...
    Saved predictions (quantiles) to /fslarge/scratch/users/h61084/codes/adaptime/outputs/adaptime/evaluations/vanilla/univariate/NE_China_Wind/H/medium/run_0/predictions.npz
    Computing per-window metrics...
    Saved metrics to /fslarge/scratch/users/h61084/codes/adaptime/outputs/adaptime/evaluations/vanilla/univariate/NE_China_Wind/H/medium/run_0/metrics.npz
    Saved config to /fslarge/scratch/users/h61084/codes/adaptime/outputs/adaptime/evaluations/vanilla/univariate/NE_China_Wind/H/medium/run_0/config.json
    Saved aggregate metrics to /fslarge/scratch/users/h61084/codes/adaptime/outputs/adaptime/evaluations/vanilla/univariate/NE_China_Wind/H/medium/run_0/metrics_summary.json
    Metrics summary (averaged over all series/windows/variates):
      MSE: 0.2382
      MAE: 0.3584
      RMSE: 0.4166
      MAPE: 0.9946
      sMAPE: 0.6860
      MASE: 0.8980
      ND: 0.5423
      CRPS: 0.5423
/fslarge/scratch/users/h61084/codes/adaptime/outputs/adaptime/evaluations/vanilla/univariate/NE_China_Wind/H/medium/run_0/metrics_summary.json
TIME run allocation action=new run=/fslarge/scratch/users/h61084/codes/adaptime/outputs/adaptime/evaluations/covariate_prediction/univariate/NE_China_Wind/H/medium/run_0 launch_id=selena_adaptime_3275021 slurm_job_id=3275021 launched_at=2026-09-09T13:15:34.146814+00:00
    Total instances: 40, Series during experiment: 4, Windows: 10
    Collecting ground truth and context...
    Detected to_univariate case: 4 flat series -> 1 series x 4 variates
    Organizing data into arrays...
    Saved predictions (quantiles) to /fslarge/scratch/users/h61084/codes/adaptime/outputs/adaptime/evaluations/covariate_prediction/univariate/NE_China_Wind/H/medium/run_0/predictions.npz
    Computing per-window metrics...
    Saved metrics to /fslarge/scratch/users/h61084/codes/adaptime/outputs/adaptime/evaluations/covariate_prediction/univariate/NE_China_Wind/H/medium/run_0/metrics.npz
    Saved config to /fslarge/scratch/users/h61084/codes/adaptime/outputs/adaptime/evaluations/covariate_prediction/univariate/NE_China_Wind/H/medium/run_0/config.json
    Saved aggregate metrics to /fslarge/scratch/users/h61084/codes/adaptime/outputs/adaptime/evaluations/covariate_prediction/univariate/NE_China_Wind/H/medium/run_0/metrics_summary.json
    Metrics summary (averaged over all series/windows/variates):
      MSE: 0.2382
      MAE: 0.3584
      RMSE: 0.4166
      MAPE: 0.9946
      sMAPE: 0.6860
      MASE: 0.8980
      ND: 0.5423
      CRPS: 0.5423
/fslarge/scratch/users/h61084/codes/adaptime/outputs/adaptime/evaluations/covariate_prediction/univariate/NE_China_Wind/H/medium/run_0/metrics_summary.json
TIME run allocation action=new run=/fslarge/scratch/users/h61084/codes/adaptime/outputs/adaptime/evaluations/bayes_covariate_prediction/univariate/NE_China_Wind/H/medium/run_0 launch_id=selena_adaptime_3275021 slurm_job_id=3275021 launched_at=2026-09-09T13:15:34.183373+00:00
    Total instances: 40, Series during experiment: 4, Windows: 10
    Collecting ground truth and context...
    Detected to_univariate case: 4 flat series -> 1 series x 4 variates
    Organizing data into arrays...
    Saved predictions (quantiles) to /fslarge/scratch/users/h61084/codes/adaptime/outputs/adaptime/evaluations/bayes_covariate_prediction/univariate/NE_China_Wind/H/medium/run_0/predictions.npz
    Computing per-window metrics...
    Saved metrics to /fslarge/scratch/users/h61084/codes/adaptime/outputs/adaptime/evaluations/bayes_covariate_prediction/univariate/NE_China_Wind/H/medium/run_0/metrics.npz
    Saved config to /fslarge/scratch/users/h61084/codes/adaptime/outputs/adaptime/evaluations/bayes_covariate_prediction/univariate/NE_China_Wind/H/medium/run_0/config.json
    Saved aggregate metrics to /fslarge/scratch/users/h61084/codes/adaptime/outputs/adaptime/evaluations/bayes_covariate_prediction/univariate/NE_China_Wind/H/medium/run_0/metrics_summary.json
    Metrics summary (averaged over all series/windows/variates):
      MSE: 0.2382
      MAE: 0.3584
      RMSE: 0.4166
      MAPE: 0.9946
      sMAPE: 0.6860
      MASE: 0.8980
      ND: 0.5423
      CRPS: 0.5423
/fslarge/scratch/users/h61084/codes/adaptime/outputs/adaptime/evaluations/bayes_covariate_prediction/univariate/NE_China_Wind/H/medium/run_0/metrics_summary.json
TIME run allocation action=new run=/fslarge/scratch/users/h61084/codes/adaptime/outputs/adaptime/evaluations/full_ridge_shared/univariate/NE_China_Wind/H/medium/run_0 launch_id=selena_adaptime_3275021 slurm_job_id=3275021 launched_at=2026-09-09T13:15:34.220508+00:00
    Total instances: 40, Series during experiment: 4, Windows: 10
    Collecting ground truth and context...
    Detected to_univariate case: 4 flat series -> 1 series x 4 variates
    Organizing data into arrays...
    Saved predictions (quantiles) to /fslarge/scratch/users/h61084/codes/adaptime/outputs/adaptime/evaluations/full_ridge_shared/univariate/NE_China_Wind/H/medium/run_0/predictions.npz
    Computing per-window metrics...
    Saved metrics to /fslarge/scratch/users/h61084/codes/adaptime/outputs/adaptime/evaluations/full_ridge_shared/univariate/NE_China_Wind/H/medium/run_0/metrics.npz
    Saved config to /fslarge/scratch/users/h61084/codes/adaptime/outputs/adaptime/evaluations/full_ridge_shared/univariate/NE_China_Wind/H/medium/run_0/config.json
    Saved aggregate metrics to /fslarge/scratch/users/h61084/codes/adaptime/outputs/adaptime/evaluations/full_ridge_shared/univariate/NE_China_Wind/H/medium/run_0/metrics_summary.json
    Metrics summary (averaged over all series/windows/variates):
      MSE: 0.2382
      MAE: 0.3584
      RMSE: 0.4166
      MAPE: 0.9946
      sMAPE: 0.6860
      MASE: 0.8980
      ND: 0.5423
      CRPS: 0.5423
/fslarge/scratch/users/h61084/codes/adaptime/outputs/adaptime/evaluations/full_ridge_shared/univariate/NE_China_Wind/H/medium/run_0/metrics_summary.json
TIME run allocation action=new run=/fslarge/scratch/users/h61084/codes/adaptime/outputs/adaptime/evaluations/vanilla/univariate/NE_China_Wind/H/long/run_0 launch_id=selena_adaptime_3275021 slurm_job_id=3275021 launched_at=2026-09-09T13:15:34.258955+00:00
    Total instances: 16, Series during experiment: 4, Windows: 4
    Collecting ground truth and context...
    Detected to_univariate case: 4 flat series -> 1 series x 4 variates
    Organizing data into arrays...
    Saved predictions (quantiles) to /fslarge/scratch/users/h61084/codes/adaptime/outputs/adaptime/evaluations/vanilla/univariate/NE_China_Wind/H/long/run_0/predictions.npz
    Computing per-window metrics...
    Saved metrics to /fslarge/scratch/users/h61084/codes/adaptime/outputs/adaptime/evaluations/vanilla/univariate/NE_China_Wind/H/long/run_0/metrics.npz
    Saved config to /fslarge/scratch/users/h61084/codes/adaptime/outputs/adaptime/evaluations/vanilla/univariate/NE_China_Wind/H/long/run_0/config.json
    Saved aggregate metrics to /fslarge/scratch/users/h61084/codes/adaptime/outputs/adaptime/evaluations/vanilla/univariate/NE_China_Wind/H/long/run_0/metrics_summary.json
    Metrics summary (averaged over all series/windows/variates):
      MSE: 0.3216
      MAE: 0.4365
      RMSE: 0.5253
      MAPE: 1.1979
      sMAPE: 0.7967
      MASE: 1.1843
      ND: 0.6048
      CRPS: 0.6048
/fslarge/scratch/users/h61084/codes/adaptime/outputs/adaptime/evaluations/vanilla/univariate/NE_China_Wind/H/long/run_0/metrics_summary.json
TIME run allocation action=new run=/fslarge/scratch/users/h61084/codes/adaptime/outputs/adaptime/evaluations/covariate_prediction/univariate/NE_China_Wind/H/long/run_0 launch_id=selena_adaptime_3275021 slurm_job_id=3275021 launched_at=2026-09-09T13:15:34.295778+00:00
    Total instances: 16, Series during experiment: 4, Windows: 4
    Collecting ground truth and context...
    Detected to_univariate case: 4 flat series -> 1 series x 4 variates
    Organizing data into arrays...
    Saved predictions (quantiles) to /fslarge/scratch/users/h61084/codes/adaptime/outputs/adaptime/evaluations/covariate_prediction/univariate/NE_China_Wind/H/long/run_0/predictions.npz
    Computing per-window metrics...
    Saved metrics to /fslarge/scratch/users/h61084/codes/adaptime/outputs/adaptime/evaluations/covariate_prediction/univariate/NE_China_Wind/H/long/run_0/metrics.npz
    Saved config to /fslarge/scratch/users/h61084/codes/adaptime/outputs/adaptime/evaluations/covariate_prediction/univariate/NE_China_Wind/H/long/run_0/config.json
    Saved aggregate metrics to /fslarge/scratch/users/h61084/codes/adaptime/outputs/adaptime/evaluations/covariate_prediction/univariate/NE_China_Wind/H/long/run_0/metrics_summary.json
    Metrics summary (averaged over all series/windows/variates):
      MSE: 0.3216
      MAE: 0.4365
      RMSE: 0.5253
      MAPE: 1.1979
      sMAPE: 0.7967
      MASE: 1.1843
      ND: 0.6048
      CRPS: 0.6048
/fslarge/scratch/users/h61084/codes/adaptime/outputs/adaptime/evaluations/covariate_prediction/univariate/NE_China_Wind/H/long/run_0/metrics_summary.json
TIME run allocation action=new run=/fslarge/scratch/users/h61084/codes/adaptime/outputs/adaptime/evaluations/bayes_covariate_prediction/univariate/NE_China_Wind/H/long/run_0 launch_id=selena_adaptime_3275021 slurm_job_id=3275021 launched_at=2026-09-09T13:15:34.329735+00:00
    Total instances: 16, Series during experiment: 4, Windows: 4
    Collecting ground truth and context...
    Detected to_univariate case: 4 flat series -> 1 series x 4 variates
    Organizing data into arrays...
    Saved predictions (quantiles) to /fslarge/scratch/users/h61084/codes/adaptime/outputs/adaptime/evaluations/bayes_covariate_prediction/univariate/NE_China_Wind/H/long/run_0/predictions.npz
    Computing per-window metrics...
    Saved metrics to /fslarge/scratch/users/h61084/codes/adaptime/outputs/adaptime/evaluations/bayes_covariate_prediction/univariate/NE_China_Wind/H/long/run_0/metrics.npz
    Saved config to /fslarge/scratch/users/h61084/codes/adaptime/outputs/adaptime/evaluations/bayes_covariate_prediction/univariate/NE_China_Wind/H/long/run_0/config.json
    Saved aggregate metrics to /fslarge/scratch/users/h61084/codes/adaptime/outputs/adaptime/evaluations/bayes_covariate_prediction/univariate/NE_China_Wind/H/long/run_0/metrics_summary.json
    Metrics summary (averaged over all series/windows/variates):
      MSE: 0.3216
      MAE: 0.4365
      RMSE: 0.5253
      MAPE: 1.1979
      sMAPE: 0.7967
      MASE: 1.1843
      ND: 0.6048
      CRPS: 0.6048
/fslarge/scratch/users/h61084/codes/adaptime/outputs/adaptime/evaluations/bayes_covariate_prediction/univariate/NE_China_Wind/H/long/run_0/metrics_summary.json
TIME run allocation action=new run=/fslarge/scratch/users/h61084/codes/adaptime/outputs/adaptime/evaluations/full_ridge_shared/univariate/NE_China_Wind/H/long/run_0 launch_id=selena_adaptime_3275021 slurm_job_id=3275021 launched_at=2026-09-09T13:15:34.364471+00:00
    Total instances: 16, Series during experiment: 4, Windows: 4
    Collecting ground truth and context...
    Detected to_univariate case: 4 flat series -> 1 series x 4 variates
    Organizing data into arrays...
    Saved predictions (quantiles) to /fslarge/scratch/users/h61084/codes/adaptime/outputs/adaptime/evaluations/full_ridge_shared/univariate/NE_China_Wind/H/long/run_0/predictions.npz
    Computing per-window metrics...
    Saved metrics to /fslarge/scratch/users/h61084/codes/adaptime/outputs/adaptime/evaluations/full_ridge_shared/univariate/NE_China_Wind/H/long/run_0/metrics.npz
    Saved config to /fslarge/scratch/users/h61084/codes/adaptime/outputs/adaptime/evaluations/full_ridge_shared/univariate/NE_China_Wind/H/long/run_0/config.json
    Saved aggregate metrics to /fslarge/scratch/users/h61084/codes/adaptime/outputs/adaptime/evaluations/full_ridge_shared/univariate/NE_China_Wind/H/long/run_0/metrics_summary.json
    Metrics summary (averaged over all series/windows/variates):
      MSE: 0.3216
      MAE: 0.4365
      RMSE: 0.5253
      MAPE: 1.1979
      sMAPE: 0.7967
      MASE: 1.1843
      ND: 0.6048
      CRPS: 0.6048
/fslarge/scratch/users/h61084/codes/adaptime/outputs/adaptime/evaluations/full_ridge_shared/univariate/NE_China_Wind/H/long/run_0/metrics_summary.json
TIME run allocation action=new run=/fslarge/scratch/users/h61084/codes/adaptime/outputs/adaptime/evaluations/vanilla/univariate/Australia_Solar/H/short/run_0 launch_id=selena_adaptime_3275021 slurm_job_id=3275021 launched_at=2026-09-09T13:15:34.402658+00:00
    Total instances: 315, Series during experiment: 3, Windows: 105
    Collecting ground truth and context...
    Detected to_univariate case: 3 flat series -> 1 series x 3 variates
    Organizing data into arrays...
    ⚠️  Predictions max value (1848281.62) exceeds float16 safe range.
    ⚠️  Applying scale factor: 100 (values will be divided)
    Saved predictions (quantiles) to /fslarge/scratch/users/h61084/codes/adaptime/outputs/adaptime/evaluations/vanilla/univariate/Australia_Solar/H/short/run_0/predictions.npz
    Computing per-window metrics...
    Saved metrics to /fslarge/scratch/users/h61084/codes/adaptime/outputs/adaptime/evaluations/vanilla/univariate/Australia_Solar/H/short/run_0/metrics.npz
    Saved config to /fslarge/scratch/users/h61084/codes/adaptime/outputs/adaptime/evaluations/vanilla/univariate/Australia_Solar/H/short/run_0/config.json
    Saved aggregate metrics to /fslarge/scratch/users/h61084/codes/adaptime/outputs/adaptime/evaluations/vanilla/univariate/Australia_Solar/H/short/run_0/metrics_summary.json
    Metrics summary (averaged over all series/windows/variates):
      MSE: 25681174568.9489
      MAE: 80595.9907
      RMSE: 105275.9097
      MAPE: 201.8888
      sMAPE: 0.5864
      MASE: 1.0930
      ND: 0.3179
      CRPS: 0.3179
/fslarge/scratch/users/h61084/codes/adaptime/outputs/adaptime/evaluations/vanilla/univariate/Australia_Solar/H/short/run_0/metrics_summary.json
TIME run allocation action=new run=/fslarge/scratch/users/h61084/codes/adaptime/outputs/adaptime/evaluations/covariate_prediction/univariate/Australia_Solar/H/short/run_0 launch_id=selena_adaptime_3275021 slurm_job_id=3275021 launched_at=2026-09-09T13:15:34.508098+00:00
    Total instances: 315, Series during experiment: 3, Windows: 105
    Collecting ground truth and context...
    Detected to_univariate case: 3 flat series -> 1 series x 3 variates
    Organizing data into arrays...
    ⚠️  Predictions max value (1848281.62) exceeds float16 safe range.
    ⚠️  Applying scale factor: 100 (values will be divided)
    Saved predictions (quantiles) to /fslarge/scratch/users/h61084/codes/adaptime/outputs/adaptime/evaluations/covariate_prediction/univariate/Australia_Solar/H/short/run_0/predictions.npz
    Computing per-window metrics...
    Saved metrics to /fslarge/scratch/users/h61084/codes/adaptime/outputs/adaptime/evaluations/covariate_prediction/univariate/Australia_Solar/H/short/run_0/metrics.npz
    Saved config to /fslarge/scratch/users/h61084/codes/adaptime/outputs/adaptime/evaluations/covariate_prediction/univariate/Australia_Solar/H/short/run_0/config.json
    Saved aggregate metrics to /fslarge/scratch/users/h61084/codes/adaptime/outputs/adaptime/evaluations/covariate_prediction/univariate/Australia_Solar/H/short/run_0/metrics_summary.json
    Metrics summary (averaged over all series/windows/variates):
      MSE: 25681174568.9489
      MAE: 80595.9907
      RMSE: 105275.9097
      MAPE: 201.8888
      sMAPE: 0.5864
      MASE: 1.0930
      ND: 0.3179
      CRPS: 0.3179
/fslarge/scratch/users/h61084/codes/adaptime/outputs/adaptime/evaluations/covariate_prediction/univariate/Australia_Solar/H/short/run_0/metrics_summary.json
TIME run allocation action=new run=/fslarge/scratch/users/h61084/codes/adaptime/outputs/adaptime/evaluations/bayes_covariate_prediction/univariate/Australia_Solar/H/short/run_0 launch_id=selena_adaptime_3275021 slurm_job_id=3275021 launched_at=2026-09-09T13:15:34.611923+00:00
    Total instances: 315, Series during experiment: 3, Windows: 105
    Collecting ground truth and context...
    Detected to_univariate case: 3 flat series -> 1 series x 3 variates
    Organizing data into arrays...
    ⚠️  Predictions max value (1848281.62) exceeds float16 safe range.
    ⚠️  Applying scale factor: 100 (values will be divided)
    Saved predictions (quantiles) to /fslarge/scratch/users/h61084/codes/adaptime/outputs/adaptime/evaluations/bayes_covariate_prediction/univariate/Australia_Solar/H/short/run_0/predictions.npz
    Computing per-window metrics...
    Saved metrics to /fslarge/scratch/users/h61084/codes/adaptime/outputs/adaptime/evaluations/bayes_covariate_prediction/univariate/Australia_Solar/H/short/run_0/metrics.npz
    Saved config to /fslarge/scratch/users/h61084/codes/adaptime/outputs/adaptime/evaluations/bayes_covariate_prediction/univariate/Australia_Solar/H/short/run_0/config.json
    Saved aggregate metrics to /fslarge/scratch/users/h61084/codes/adaptime/outputs/adaptime/evaluations/bayes_covariate_prediction/univariate/Australia_Solar/H/short/run_0/metrics_summary.json
    Metrics summary (averaged over all series/windows/variates):
      MSE: 25681174568.9489
      MAE: 80595.9907
      RMSE: 105275.9097
      MAPE: 201.8888
      sMAPE: 0.5864
      MASE: 1.0930
      ND: 0.3179
      CRPS: 0.3179
/fslarge/scratch/users/h61084/codes/adaptime/outputs/adaptime/evaluations/bayes_covariate_prediction/univariate/Australia_Solar/H/short/run_0/metrics_summary.json
TIME run allocation action=new run=/fslarge/scratch/users/h61084/codes/adaptime/outputs/adaptime/evaluations/full_ridge_shared/univariate/Australia_Solar/H/short/run_0 launch_id=selena_adaptime_3275021 slurm_job_id=3275021 launched_at=2026-09-09T13:15:34.715656+00:00
    Total instances: 315, Series during experiment: 3, Windows: 105
    Collecting ground truth and context...
    Detected to_univariate case: 3 flat series -> 1 series x 3 variates
    Organizing data into arrays...
    ⚠️  Predictions max value (1848281.62) exceeds float16 safe range.
    ⚠️  Applying scale factor: 100 (values will be divided)
    Saved predictions (quantiles) to /fslarge/scratch/users/h61084/codes/adaptime/outputs/adaptime/evaluations/full_ridge_shared/univariate/Australia_Solar/H/short/run_0/predictions.npz
    Computing per-window metrics...
    Saved metrics to /fslarge/scratch/users/h61084/codes/adaptime/outputs/adaptime/evaluations/full_ridge_shared/univariate/Australia_Solar/H/short/run_0/metrics.npz
    Saved config to /fslarge/scratch/users/h61084/codes/adaptime/outputs/adaptime/evaluations/full_ridge_shared/univariate/Australia_Solar/H/short/run_0/config.json
    Saved aggregate metrics to /fslarge/scratch/users/h61084/codes/adaptime/outputs/adaptime/evaluations/full_ridge_shared/univariate/Australia_Solar/H/short/run_0/metrics_summary.json
    Metrics summary (averaged over all series/windows/variates):
      MSE: 25681174568.9489
      MAE: 80595.9907
      RMSE: 105275.9097
      MAPE: 201.8888
      sMAPE: 0.5864
      MASE: 1.0930
      ND: 0.3179
      CRPS: 0.3179
/fslarge/scratch/users/h61084/codes/adaptime/outputs/adaptime/evaluations/full_ridge_shared/univariate/Australia_Solar/H/short/run_0/metrics_summary.json
TIME run allocation action=new run=/fslarge/scratch/users/h61084/codes/adaptime/outputs/adaptime/evaluations/vanilla/univariate/Australia_Solar/H/medium/run_0 launch_id=selena_adaptime_3275021 slurm_job_id=3275021 launched_at=2026-09-09T13:15:34.820694+00:00
    Total instances: 105, Series during experiment: 3, Windows: 35
    Collecting ground truth and context...
    Detected to_univariate case: 3 flat series -> 1 series x 3 variates
    Organizing data into arrays...
    ⚠️  Predictions max value (1855403.50) exceeds float16 safe range.
    ⚠️  Applying scale factor: 100 (values will be divided)
    Saved predictions (quantiles) to /fslarge/scratch/users/h61084/codes/adaptime/outputs/adaptime/evaluations/vanilla/univariate/Australia_Solar/H/medium/run_0/predictions.npz
    Computing per-window metrics...
    Saved metrics to /fslarge/scratch/users/h61084/codes/adaptime/outputs/adaptime/evaluations/vanilla/univariate/Australia_Solar/H/medium/run_0/metrics.npz
    Saved config to /fslarge/scratch/users/h61084/codes/adaptime/outputs/adaptime/evaluations/vanilla/univariate/Australia_Solar/H/medium/run_0/config.json
    Saved aggregate metrics to /fslarge/scratch/users/h61084/codes/adaptime/outputs/adaptime/evaluations/vanilla/univariate/Australia_Solar/H/medium/run_0/metrics_summary.json
    Metrics summary (averaged over all series/windows/variates):
      MSE: 28984573121.6620
      MAE: 86466.6106
      RMSE: 125407.8776
      MAPE: 221.1128
      sMAPE: 0.6062
      MASE: 1.2043
      ND: 0.2893
      CRPS: 0.2893
/fslarge/scratch/users/h61084/codes/adaptime/outputs/adaptime/evaluations/vanilla/univariate/Australia_Solar/H/medium/run_0/metrics_summary.json
TIME run allocation action=new run=/fslarge/scratch/users/h61084/codes/adaptime/outputs/adaptime/evaluations/covariate_prediction/univariate/Australia_Solar/H/medium/run_0 launch_id=selena_adaptime_3275021 slurm_job_id=3275021 launched_at=2026-09-09T13:15:34.887517+00:00
    Total instances: 105, Series during experiment: 3, Windows: 35
    Collecting ground truth and context...
    Detected to_univariate case: 3 flat series -> 1 series x 3 variates
    Organizing data into arrays...
    ⚠️  Predictions max value (1855403.50) exceeds float16 safe range.
    ⚠️  Applying scale factor: 100 (values will be divided)
    Saved predictions (quantiles) to /fslarge/scratch/users/h61084/codes/adaptime/outputs/adaptime/evaluations/covariate_prediction/univariate/Australia_Solar/H/medium/run_0/predictions.npz
    Computing per-window metrics...
    Saved metrics to /fslarge/scratch/users/h61084/codes/adaptime/outputs/adaptime/evaluations/covariate_prediction/univariate/Australia_Solar/H/medium/run_0/metrics.npz
    Saved config to /fslarge/scratch/users/h61084/codes/adaptime/outputs/adaptime/evaluations/covariate_prediction/univariate/Australia_Solar/H/medium/run_0/config.json
    Saved aggregate metrics to /fslarge/scratch/users/h61084/codes/adaptime/outputs/adaptime/evaluations/covariate_prediction/univariate/Australia_Solar/H/medium/run_0/metrics_summary.json
    Metrics summary (averaged over all series/windows/variates):
      MSE: 28984573121.6620
      MAE: 86466.6106
      RMSE: 125407.8776
      MAPE: 221.1128
      sMAPE: 0.6062
      MASE: 1.2043
      ND: 0.2893
      CRPS: 0.2893
/fslarge/scratch/users/h61084/codes/adaptime/outputs/adaptime/evaluations/covariate_prediction/univariate/Australia_Solar/H/medium/run_0/metrics_summary.json
TIME run allocation action=new run=/fslarge/scratch/users/h61084/codes/adaptime/outputs/adaptime/evaluations/bayes_covariate_prediction/univariate/Australia_Solar/H/medium/run_0 launch_id=selena_adaptime_3275021 slurm_job_id=3275021 launched_at=2026-09-09T13:15:34.952074+00:00
    Total instances: 105, Series during experiment: 3, Windows: 35
    Collecting ground truth and context...
    Detected to_univariate case: 3 flat series -> 1 series x 3 variates
    Organizing data into arrays...
    ⚠️  Predictions max value (1855403.50) exceeds float16 safe range.
    ⚠️  Applying scale factor: 100 (values will be divided)
    Saved predictions (quantiles) to /fslarge/scratch/users/h61084/codes/adaptime/outputs/adaptime/evaluations/bayes_covariate_prediction/univariate/Australia_Solar/H/medium/run_0/predictions.npz
    Computing per-window metrics...
    Saved metrics to /fslarge/scratch/users/h61084/codes/adaptime/outputs/adaptime/evaluations/bayes_covariate_prediction/univariate/Australia_Solar/H/medium/run_0/metrics.npz
    Saved config to /fslarge/scratch/users/h61084/codes/adaptime/outputs/adaptime/evaluations/bayes_covariate_prediction/univariate/Australia_Solar/H/medium/run_0/config.json
    Saved aggregate metrics to /fslarge/scratch/users/h61084/codes/adaptime/outputs/adaptime/evaluations/bayes_covariate_prediction/univariate/Australia_Solar/H/medium/run_0/metrics_summary.json
    Metrics summary (averaged over all series/windows/variates):
      MSE: 28984573121.6620
      MAE: 86466.6106
      RMSE: 125407.8776
      MAPE: 221.1128
      sMAPE: 0.6062
      MASE: 1.2043
      ND: 0.2893
      CRPS: 0.2893
/fslarge/scratch/users/h61084/codes/adaptime/outputs/adaptime/evaluations/bayes_covariate_prediction/univariate/Australia_Solar/H/medium/run_0/metrics_summary.json
TIME run allocation action=new run=/fslarge/scratch/users/h61084/codes/adaptime/outputs/adaptime/evaluations/full_ridge_shared/univariate/Australia_Solar/H/medium/run_0 launch_id=selena_adaptime_3275021 slurm_job_id=3275021 launched_at=2026-09-09T13:15:35.016476+00:00
    Total instances: 105, Series during experiment: 3, Windows: 35
    Collecting ground truth and context...
    Detected to_univariate case: 3 flat series -> 1 series x 3 variates
    Organizing data into arrays...
    ⚠️  Predictions max value (1855403.50) exceeds float16 safe range.
    ⚠️  Applying scale factor: 100 (values will be divided)
    Saved predictions (quantiles) to /fslarge/scratch/users/h61084/codes/adaptime/outputs/adaptime/evaluations/full_ridge_shared/univariate/Australia_Solar/H/medium/run_0/predictions.npz
    Computing per-window metrics...
    Saved metrics to /fslarge/scratch/users/h61084/codes/adaptime/outputs/adaptime/evaluations/full_ridge_shared/univariate/Australia_Solar/H/medium/run_0/metrics.npz
    Saved config to /fslarge/scratch/users/h61084/codes/adaptime/outputs/adaptime/evaluations/full_ridge_shared/univariate/Australia_Solar/H/medium/run_0/config.json
    Saved aggregate metrics to /fslarge/scratch/users/h61084/codes/adaptime/outputs/adaptime/evaluations/full_ridge_shared/univariate/Australia_Solar/H/medium/run_0/metrics_summary.json
    Metrics summary (averaged over all series/windows/variates):
      MSE: 28984573121.6620
      MAE: 86466.6106
      RMSE: 125407.8776
      MAPE: 221.1128
      sMAPE: 0.6062
      MASE: 1.2043
      ND: 0.2893
      CRPS: 0.2893
/fslarge/scratch/users/h61084/codes/adaptime/outputs/adaptime/evaluations/full_ridge_shared/univariate/Australia_Solar/H/medium/run_0/metrics_summary.json
TIME run allocation action=new run=/fslarge/scratch/users/h61084/codes/adaptime/outputs/adaptime/evaluations/vanilla/univariate/Australia_Solar/H/long/run_0 launch_id=selena_adaptime_3275021 slurm_job_id=3275021 launched_at=2026-09-09T13:15:35.082882+00:00
    Total instances: 45, Series during experiment: 3, Windows: 15
    Collecting ground truth and context...
    Detected to_univariate case: 3 flat series -> 1 series x 3 variates
    Organizing data into arrays...
    ⚠️  Predictions max value (1611371.25) exceeds float16 safe range.
    ⚠️  Applying scale factor: 100 (values will be divided)
    Saved predictions (quantiles) to /fslarge/scratch/users/h61084/codes/adaptime/outputs/adaptime/evaluations/vanilla/univariate/Australia_Solar/H/long/run_0/predictions.npz
    Computing per-window metrics...
    Saved metrics to /fslarge/scratch/users/h61084/codes/adaptime/outputs/adaptime/evaluations/vanilla/univariate/Australia_Solar/H/long/run_0/metrics.npz
    Saved config to /fslarge/scratch/users/h61084/codes/adaptime/outputs/adaptime/evaluations/vanilla/univariate/Australia_Solar/H/long/run_0/config.json
    Saved aggregate metrics to /fslarge/scratch/users/h61084/codes/adaptime/outputs/adaptime/evaluations/vanilla/univariate/Australia_Solar/H/long/run_0/metrics_summary.json
    Metrics summary (averaged over all series/windows/variates):
      MSE: 29006793062.3748
      MAE: 84644.9922
      RMSE: 131066.9759
      MAPE: 237.3807
      sMAPE: 0.6058
      MASE: 1.2377
      ND: 0.2751
      CRPS: 0.2751
/fslarge/scratch/users/h61084/codes/adaptime/outputs/adaptime/evaluations/vanilla/univariate/Australia_Solar/H/long/run_0/metrics_summary.json
TIME run allocation action=new run=/fslarge/scratch/users/h61084/codes/adaptime/outputs/adaptime/evaluations/covariate_prediction/univariate/Australia_Solar/H/long/run_0 launch_id=selena_adaptime_3275021 slurm_job_id=3275021 launched_at=2026-09-09T13:15:35.139529+00:00
    Total instances: 45, Series during experiment: 3, Windows: 15
    Collecting ground truth and context...
    Detected to_univariate case: 3 flat series -> 1 series x 3 variates
    Organizing data into arrays...
    ⚠️  Predictions max value (1611371.25) exceeds float16 safe range.
    ⚠️  Applying scale factor: 100 (values will be divided)
    Saved predictions (quantiles) to /fslarge/scratch/users/h61084/codes/adaptime/outputs/adaptime/evaluations/covariate_prediction/univariate/Australia_Solar/H/long/run_0/predictions.npz
    Computing per-window metrics...
    Saved metrics to /fslarge/scratch/users/h61084/codes/adaptime/outputs/adaptime/evaluations/covariate_prediction/univariate/Australia_Solar/H/long/run_0/metrics.npz
    Saved config to /fslarge/scratch/users/h61084/codes/adaptime/outputs/adaptime/evaluations/covariate_prediction/univariate/Australia_Solar/H/long/run_0/config.json
    Saved aggregate metrics to /fslarge/scratch/users/h61084/codes/adaptime/outputs/adaptime/evaluations/covariate_prediction/univariate/Australia_Solar/H/long/run_0/metrics_summary.json
    Metrics summary (averaged over all series/windows/variates):
      MSE: 29006793062.3748
      MAE: 84644.9922
      RMSE: 131066.9759
      MAPE: 237.3807
      sMAPE: 0.6058
      MASE: 1.2377
      ND: 0.2751
      CRPS: 0.2751
/fslarge/scratch/users/h61084/codes/adaptime/outputs/adaptime/evaluations/covariate_prediction/univariate/Australia_Solar/H/long/run_0/metrics_summary.json
TIME run allocation action=new run=/fslarge/scratch/users/h61084/codes/adaptime/outputs/adaptime/evaluations/bayes_covariate_prediction/univariate/Australia_Solar/H/long/run_0 launch_id=selena_adaptime_3275021 slurm_job_id=3275021 launched_at=2026-09-09T13:15:35.194606+00:00
    Total instances: 45, Series during experiment: 3, Windows: 15
    Collecting ground truth and context...
    Detected to_univariate case: 3 flat series -> 1 series x 3 variates
    Organizing data into arrays...
    ⚠️  Predictions max value (1611371.25) exceeds float16 safe range.
    ⚠️  Applying scale factor: 100 (values will be divided)
    Saved predictions (quantiles) to /fslarge/scratch/users/h61084/codes/adaptime/outputs/adaptime/evaluations/bayes_covariate_prediction/univariate/Australia_Solar/H/long/run_0/predictions.npz
    Computing per-window metrics...
    Saved metrics to /fslarge/scratch/users/h61084/codes/adaptime/outputs/adaptime/evaluations/bayes_covariate_prediction/univariate/Australia_Solar/H/long/run_0/metrics.npz
    Saved config to /fslarge/scratch/users/h61084/codes/adaptime/outputs/adaptime/evaluations/bayes_covariate_prediction/univariate/Australia_Solar/H/long/run_0/config.json
    Saved aggregate metrics to /fslarge/scratch/users/h61084/codes/adaptime/outputs/adaptime/evaluations/bayes_covariate_prediction/univariate/Australia_Solar/H/long/run_0/metrics_summary.json
    Metrics summary (averaged over all series/windows/variates):
      MSE: 29006793062.3748
      MAE: 84644.9922
      RMSE: 131066.9759
      MAPE: 237.3807
      sMAPE: 0.6058
      MASE: 1.2377
      ND: 0.2751
      CRPS: 0.2751
/fslarge/scratch/users/h61084/codes/adaptime/outputs/adaptime/evaluations/bayes_covariate_prediction/univariate/Australia_Solar/H/long/run_0/metrics_summary.json
TIME run allocation action=new run=/fslarge/scratch/users/h61084/codes/adaptime/outputs/adaptime/evaluations/full_ridge_shared/univariate/Australia_Solar/H/long/run_0 launch_id=selena_adaptime_3275021 slurm_job_id=3275021 launched_at=2026-09-09T13:15:35.248911+00:00
    Total instances: 45, Series during experiment: 3, Windows: 15
    Collecting ground truth and context...
    Detected to_univariate case: 3 flat series -> 1 series x 3 variates
    Organizing data into arrays...
    ⚠️  Predictions max value (1611371.25) exceeds float16 safe range.
    ⚠️  Applying scale factor: 100 (values will be divided)
    Saved predictions (quantiles) to /fslarge/scratch/users/h61084/codes/adaptime/outputs/adaptime/evaluations/full_ridge_shared/univariate/Australia_Solar/H/long/run_0/predictions.npz
    Computing per-window metrics...
    Saved metrics to /fslarge/scratch/users/h61084/codes/adaptime/outputs/adaptime/evaluations/full_ridge_shared/univariate/Australia_Solar/H/long/run_0/metrics.npz
    Saved config to /fslarge/scratch/users/h61084/codes/adaptime/outputs/adaptime/evaluations/full_ridge_shared/univariate/Australia_Solar/H/long/run_0/config.json
    Saved aggregate metrics to /fslarge/scratch/users/h61084/codes/adaptime/outputs/adaptime/evaluations/full_ridge_shared/univariate/Australia_Solar/H/long/run_0/metrics_summary.json
    Metrics summary (averaged over all series/windows/variates):
      MSE: 29006793062.3748
      MAE: 84644.9922
      RMSE: 131066.9759
      MAPE: 237.3807
      sMAPE: 0.6058
      MASE: 1.2377
      ND: 0.2751
      CRPS: 0.2751
/fslarge/scratch/users/h61084/codes/adaptime/outputs/adaptime/evaluations/full_ridge_shared/univariate/Australia_Solar/H/long/run_0/metrics_summary.json
TIME run allocation action=new run=/fslarge/scratch/users/h61084/codes/adaptime/outputs/adaptime/evaluations/vanilla/univariate/epf_electricity_price/H/short/run_0 launch_id=selena_adaptime_3275021 slurm_job_id=3275021 launched_at=2026-09-09T13:15:35.305299+00:00
    Total instances: 525, Series during experiment: 5, Windows: 105
    Collecting ground truth and context...
    Organizing data into arrays...
    Saved predictions (quantiles) to /fslarge/scratch/users/h61084/codes/adaptime/outputs/adaptime/evaluations/vanilla/univariate/epf_electricity_price/H/short/run_0/predictions.npz
    Computing per-window metrics...
    Saved metrics to /fslarge/scratch/users/h61084/codes/adaptime/outputs/adaptime/evaluations/vanilla/univariate/epf_electricity_price/H/short/run_0/metrics.npz
    Saved config to /fslarge/scratch/users/h61084/codes/adaptime/outputs/adaptime/evaluations/vanilla/univariate/epf_electricity_price/H/short/run_0/config.json
    Saved aggregate metrics to /fslarge/scratch/users/h61084/codes/adaptime/outputs/adaptime/evaluations/vanilla/univariate/epf_electricity_price/H/short/run_0/metrics_summary.json
    Metrics summary (averaged over all series/windows/variates):
      MSE: 124.5275
      MAE: 6.0704
      RMSE: 7.6309
      MAPE: 1.2407
      sMAPE: 0.1578
      MASE: 0.9583
      ND: 0.1610
      CRPS: 0.1610
/fslarge/scratch/users/h61084/codes/adaptime/outputs/adaptime/evaluations/vanilla/univariate/epf_electricity_price/H/short/run_0/metrics_summary.json
TIME run allocation action=new run=/fslarge/scratch/users/h61084/codes/adaptime/outputs/adaptime/evaluations/covariate_prediction/univariate/epf_electricity_price/H/short/run_0 launch_id=selena_adaptime_3275021 slurm_job_id=3275021 launched_at=2026-09-09T13:15:35.475782+00:00
    Total instances: 525, Series during experiment: 5, Windows: 105
    Collecting ground truth and context...
    Organizing data into arrays...
    Saved predictions (quantiles) to /fslarge/scratch/users/h61084/codes/adaptime/outputs/adaptime/evaluations/covariate_prediction/univariate/epf_electricity_price/H/short/run_0/predictions.npz
    Computing per-window metrics...
    Saved metrics to /fslarge/scratch/users/h61084/codes/adaptime/outputs/adaptime/evaluations/covariate_prediction/univariate/epf_electricity_price/H/short/run_0/metrics.npz
    Saved config to /fslarge/scratch/users/h61084/codes/adaptime/outputs/adaptime/evaluations/covariate_prediction/univariate/epf_electricity_price/H/short/run_0/config.json
    Saved aggregate metrics to /fslarge/scratch/users/h61084/codes/adaptime/outputs/adaptime/evaluations/covariate_prediction/univariate/epf_electricity_price/H/short/run_0/metrics_summary.json
    Metrics summary (averaged over all series/windows/variates):
      MSE: 128.2111
      MAE: 6.1397
      RMSE: 7.7269
      MAPE: 1.1985
      sMAPE: 0.1635
      MASE: 0.9748
      ND: 0.1625
      CRPS: 0.1625
/fslarge/scratch/users/h61084/codes/adaptime/outputs/adaptime/evaluations/covariate_prediction/univariate/epf_electricity_price/H/short/run_0/metrics_summary.json
TIME run allocation action=new run=/fslarge/scratch/users/h61084/codes/adaptime/outputs/adaptime/evaluations/bayes_covariate_prediction/univariate/epf_electricity_price/H/short/run_0 launch_id=selena_adaptime_3275021 slurm_job_id=3275021 launched_at=2026-09-09T13:15:35.644556+00:00
    Total instances: 525, Series during experiment: 5, Windows: 105
    Collecting ground truth and context...
    Organizing data into arrays...
    Saved predictions (quantiles) to /fslarge/scratch/users/h61084/codes/adaptime/outputs/adaptime/evaluations/bayes_covariate_prediction/univariate/epf_electricity_price/H/short/run_0/predictions.npz
    Computing per-window metrics...
    Saved metrics to /fslarge/scratch/users/h61084/codes/adaptime/outputs/adaptime/evaluations/bayes_covariate_prediction/univariate/epf_electricity_price/H/short/run_0/metrics.npz
    Saved config to /fslarge/scratch/users/h61084/codes/adaptime/outputs/adaptime/evaluations/bayes_covariate_prediction/univariate/epf_electricity_price/H/short/run_0/config.json
    Saved aggregate metrics to /fslarge/scratch/users/h61084/codes/adaptime/outputs/adaptime/evaluations/bayes_covariate_prediction/univariate/epf_electricity_price/H/short/run_0/metrics_summary.json
    Metrics summary (averaged over all series/windows/variates):
      MSE: 125.0816
      MAE: 6.0777
      RMSE: 7.6448
      MAPE: 1.2194
      sMAPE: 0.1600
      MASE: 0.9621
      ND: 0.1610
      CRPS: 0.1610
/fslarge/scratch/users/h61084/codes/adaptime/outputs/adaptime/evaluations/bayes_covariate_prediction/univariate/epf_electricity_price/H/short/run_0/metrics_summary.json
TIME run allocation action=new run=/fslarge/scratch/users/h61084/codes/adaptime/outputs/adaptime/evaluations/full_ridge_shared/univariate/epf_electricity_price/H/short/run_0 launch_id=selena_adaptime_3275021 slurm_job_id=3275021 launched_at=2026-09-09T13:15:35.813867+00:00
    Total instances: 525, Series during experiment: 5, Windows: 105
    Collecting ground truth and context...
    Organizing data into arrays...
    Saved predictions (quantiles) to /fslarge/scratch/users/h61084/codes/adaptime/outputs/adaptime/evaluations/full_ridge_shared/univariate/epf_electricity_price/H/short/run_0/predictions.npz
    Computing per-window metrics...
    Saved metrics to /fslarge/scratch/users/h61084/codes/adaptime/outputs/adaptime/evaluations/full_ridge_shared/univariate/epf_electricity_price/H/short/run_0/metrics.npz
    Saved config to /fslarge/scratch/users/h61084/codes/adaptime/outputs/adaptime/evaluations/full_ridge_shared/univariate/epf_electricity_price/H/short/run_0/config.json
    Saved aggregate metrics to /fslarge/scratch/users/h61084/codes/adaptime/outputs/adaptime/evaluations/full_ridge_shared/univariate/epf_electricity_price/H/short/run_0/metrics_summary.json
    Metrics summary (averaged over all series/windows/variates):
      MSE: 124.3759
      MAE: 6.0637
      RMSE: 7.6239
      MAPE: 1.2341
      sMAPE: 0.1576
      MASE: 0.9570
      ND: 0.1607
      CRPS: 0.1607
/fslarge/scratch/users/h61084/codes/adaptime/outputs/adaptime/evaluations/full_ridge_shared/univariate/epf_electricity_price/H/short/run_0/metrics_summary.json
TIME run allocation action=new run=/fslarge/scratch/users/h61084/codes/adaptime/outputs/adaptime/evaluations/vanilla/univariate/epf_electricity_price/H/medium/run_0 launch_id=selena_adaptime_3275021 slurm_job_id=3275021 launched_at=2026-09-09T13:15:35.983334+00:00
    Total instances: 175, Series during experiment: 5, Windows: 35
    Collecting ground truth and context...
    Organizing data into arrays...
    Saved predictions (quantiles) to /fslarge/scratch/users/h61084/codes/adaptime/outputs/adaptime/evaluations/vanilla/univariate/epf_electricity_price/H/medium/run_0/predictions.npz
    Computing per-window metrics...
    Saved metrics to /fslarge/scratch/users/h61084/codes/adaptime/outputs/adaptime/evaluations/vanilla/univariate/epf_electricity_price/H/medium/run_0/metrics.npz
    Saved config to /fslarge/scratch/users/h61084/codes/adaptime/outputs/adaptime/evaluations/vanilla/univariate/epf_electricity_price/H/medium/run_0/config.json
    Saved aggregate metrics to /fslarge/scratch/users/h61084/codes/adaptime/outputs/adaptime/evaluations/vanilla/univariate/epf_electricity_price/H/medium/run_0/metrics_summary.json
    Metrics summary (averaged over all series/windows/variates):
      MSE: 191.3619
      MAE: 7.6055
      RMSE: 10.0094
      MAPE: 1.7642
      sMAPE: 0.1903
      MASE: 1.2098
      ND: 0.1877
      CRPS: 0.1877
/fslarge/scratch/users/h61084/codes/adaptime/outputs/adaptime/evaluations/vanilla/univariate/epf_electricity_price/H/medium/run_0/metrics_summary.json
TIME run allocation action=new run=/fslarge/scratch/users/h61084/codes/adaptime/outputs/adaptime/evaluations/covariate_prediction/univariate/epf_electricity_price/H/medium/run_0 launch_id=selena_adaptime_3275021 slurm_job_id=3275021 launched_at=2026-09-09T13:15:36.074308+00:00
    Total instances: 175, Series during experiment: 5, Windows: 35
    Collecting ground truth and context...
    Organizing data into arrays...
    Saved predictions (quantiles) to /fslarge/scratch/users/h61084/codes/adaptime/outputs/adaptime/evaluations/covariate_prediction/univariate/epf_electricity_price/H/medium/run_0/predictions.npz
    Computing per-window metrics...
    Saved metrics to /fslarge/scratch/users/h61084/codes/adaptime/outputs/adaptime/evaluations/covariate_prediction/univariate/epf_electricity_price/H/medium/run_0/metrics.npz
    Saved config to /fslarge/scratch/users/h61084/codes/adaptime/outputs/adaptime/evaluations/covariate_prediction/univariate/epf_electricity_price/H/medium/run_0/config.json
    Saved aggregate metrics to /fslarge/scratch/users/h61084/codes/adaptime/outputs/adaptime/evaluations/covariate_prediction/univariate/epf_electricity_price/H/medium/run_0/metrics_summary.json
    Metrics summary (averaged over all series/windows/variates):
      MSE: 210.3020
      MAE: 8.0030
      RMSE: 10.4727
      MAPE: 1.8746
      sMAPE: 0.2042
      MASE: 1.2579
      ND: 0.2022
      CRPS: 0.2022
/fslarge/scratch/users/h61084/codes/adaptime/outputs/adaptime/evaluations/covariate_prediction/univariate/epf_electricity_price/H/medium/run_0/metrics_summary.json
TIME run allocation action=new run=/fslarge/scratch/users/h61084/codes/adaptime/outputs/adaptime/evaluations/bayes_covariate_prediction/univariate/epf_electricity_price/H/medium/run_0 launch_id=selena_adaptime_3275021 slurm_job_id=3275021 launched_at=2026-09-09T13:15:36.163960+00:00
    Total instances: 175, Series during experiment: 5, Windows: 35
    Collecting ground truth and context...
    Organizing data into arrays...
    Saved predictions (quantiles) to /fslarge/scratch/users/h61084/codes/adaptime/outputs/adaptime/evaluations/bayes_covariate_prediction/univariate/epf_electricity_price/H/medium/run_0/predictions.npz
    Computing per-window metrics...
    Saved metrics to /fslarge/scratch/users/h61084/codes/adaptime/outputs/adaptime/evaluations/bayes_covariate_prediction/univariate/epf_electricity_price/H/medium/run_0/metrics.npz
    Saved config to /fslarge/scratch/users/h61084/codes/adaptime/outputs/adaptime/evaluations/bayes_covariate_prediction/univariate/epf_electricity_price/H/medium/run_0/config.json
    Saved aggregate metrics to /fslarge/scratch/users/h61084/codes/adaptime/outputs/adaptime/evaluations/bayes_covariate_prediction/univariate/epf_electricity_price/H/medium/run_0/metrics_summary.json
    Metrics summary (averaged over all series/windows/variates):
      MSE: 196.3759
      MAE: 7.7083
      RMSE: 10.1345
      MAPE: 1.7579
      sMAPE: 0.1949
      MASE: 1.2203
      ND: 0.1906
      CRPS: 0.1906
/fslarge/scratch/users/h61084/codes/adaptime/outputs/adaptime/evaluations/bayes_covariate_prediction/univariate/epf_electricity_price/H/medium/run_0/metrics_summary.json
TIME run allocation action=new run=/fslarge/scratch/users/h61084/codes/adaptime/outputs/adaptime/evaluations/full_ridge_shared/univariate/epf_electricity_price/H/medium/run_0 launch_id=selena_adaptime_3275021 slurm_job_id=3275021 launched_at=2026-09-09T13:15:36.252740+00:00
    Total instances: 175, Series during experiment: 5, Windows: 35
    Collecting ground truth and context...
    Organizing data into arrays...
    Saved predictions (quantiles) to /fslarge/scratch/users/h61084/codes/adaptime/outputs/adaptime/evaluations/full_ridge_shared/univariate/epf_electricity_price/H/medium/run_0/predictions.npz
    Computing per-window metrics...
    Saved metrics to /fslarge/scratch/users/h61084/codes/adaptime/outputs/adaptime/evaluations/full_ridge_shared/univariate/epf_electricity_price/H/medium/run_0/metrics.npz
    Saved config to /fslarge/scratch/users/h61084/codes/adaptime/outputs/adaptime/evaluations/full_ridge_shared/univariate/epf_electricity_price/H/medium/run_0/config.json
    Saved aggregate metrics to /fslarge/scratch/users/h61084/codes/adaptime/outputs/adaptime/evaluations/full_ridge_shared/univariate/epf_electricity_price/H/medium/run_0/metrics_summary.json
    Metrics summary (averaged over all series/windows/variates):
      MSE: 190.2970
      MAE: 7.5566
      RMSE: 9.9645
      MAPE: 1.7524
      sMAPE: 0.1884
      MASE: 1.2008
      ND: 0.1872
      CRPS: 0.1872
/fslarge/scratch/users/h61084/codes/adaptime/outputs/adaptime/evaluations/full_ridge_shared/univariate/epf_electricity_price/H/medium/run_0/metrics_summary.json
TIME run allocation action=new run=/fslarge/scratch/users/h61084/codes/adaptime/outputs/adaptime/evaluations/vanilla/univariate/epf_electricity_price/H/long/run_0 launch_id=selena_adaptime_3275021 slurm_job_id=3275021 launched_at=2026-09-09T13:15:36.343031+00:00
    Total instances: 75, Series during experiment: 5, Windows: 15
    Collecting ground truth and context...
    Organizing data into arrays...
    Saved predictions (quantiles) to /fslarge/scratch/users/h61084/codes/adaptime/outputs/adaptime/evaluations/vanilla/univariate/epf_electricity_price/H/long/run_0/predictions.npz
    Computing per-window metrics...
    Saved metrics to /fslarge/scratch/users/h61084/codes/adaptime/outputs/adaptime/evaluations/vanilla/univariate/epf_electricity_price/H/long/run_0/metrics.npz
    Saved config to /fslarge/scratch/users/h61084/codes/adaptime/outputs/adaptime/evaluations/vanilla/univariate/epf_electricity_price/H/long/run_0/config.json
    Saved aggregate metrics to /fslarge/scratch/users/h61084/codes/adaptime/outputs/adaptime/evaluations/vanilla/univariate/epf_electricity_price/H/long/run_0/metrics_summary.json
    Metrics summary (averaged over all series/windows/variates):
      MSE: 221.4279
      MAE: 8.5088
      RMSE: 11.7802
      MAPE: 1.7855
      sMAPE: 0.2088
      MASE: 1.3994
      ND: 0.2000
      CRPS: 0.2000
/fslarge/scratch/users/h61084/codes/adaptime/outputs/adaptime/evaluations/vanilla/univariate/epf_electricity_price/H/long/run_0/metrics_summary.json
TIME run allocation action=new run=/fslarge/scratch/users/h61084/codes/adaptime/outputs/adaptime/evaluations/covariate_prediction/univariate/epf_electricity_price/H/long/run_0 launch_id=selena_adaptime_3275021 slurm_job_id=3275021 launched_at=2026-09-09T13:15:36.411024+00:00
    Total instances: 75, Series during experiment: 5, Windows: 15
    Collecting ground truth and context...
    Organizing data into arrays...
    Saved predictions (quantiles) to /fslarge/scratch/users/h61084/codes/adaptime/outputs/adaptime/evaluations/covariate_prediction/univariate/epf_electricity_price/H/long/run_0/predictions.npz
    Computing per-window metrics...
    Saved metrics to /fslarge/scratch/users/h61084/codes/adaptime/outputs/adaptime/evaluations/covariate_prediction/univariate/epf_electricity_price/H/long/run_0/metrics.npz
    Saved config to /fslarge/scratch/users/h61084/codes/adaptime/outputs/adaptime/evaluations/covariate_prediction/univariate/epf_electricity_price/H/long/run_0/config.json
    Saved aggregate metrics to /fslarge/scratch/users/h61084/codes/adaptime/outputs/adaptime/evaluations/covariate_prediction/univariate/epf_electricity_price/H/long/run_0/metrics_summary.json
    Metrics summary (averaged over all series/windows/variates):
      MSE: 236.6234
      MAE: 8.8917
      RMSE: 12.1830
      MAPE: 1.8058
      sMAPE: 0.2202
      MASE: 1.4467
      ND: 0.2087
      CRPS: 0.2087
/fslarge/scratch/users/h61084/codes/adaptime/outputs/adaptime/evaluations/covariate_prediction/univariate/epf_electricity_price/H/long/run_0/metrics_summary.json
TIME run allocation action=new run=/fslarge/scratch/users/h61084/codes/adaptime/outputs/adaptime/evaluations/bayes_covariate_prediction/univariate/epf_electricity_price/H/long/run_0 launch_id=selena_adaptime_3275021 slurm_job_id=3275021 launched_at=2026-09-09T13:15:36.475844+00:00
    Total instances: 75, Series during experiment: 5, Windows: 15
    Collecting ground truth and context...
    Organizing data into arrays...
    Saved predictions (quantiles) to /fslarge/scratch/users/h61084/codes/adaptime/outputs/adaptime/evaluations/bayes_covariate_prediction/univariate/epf_electricity_price/H/long/run_0/predictions.npz
    Computing per-window metrics...
    Saved metrics to /fslarge/scratch/users/h61084/codes/adaptime/outputs/adaptime/evaluations/bayes_covariate_prediction/univariate/epf_electricity_price/H/long/run_0/metrics.npz
    Saved config to /fslarge/scratch/users/h61084/codes/adaptime/outputs/adaptime/evaluations/bayes_covariate_prediction/univariate/epf_electricity_price/H/long/run_0/config.json
    Saved aggregate metrics to /fslarge/scratch/users/h61084/codes/adaptime/outputs/adaptime/evaluations/bayes_covariate_prediction/univariate/epf_electricity_price/H/long/run_0/metrics_summary.json
    Metrics summary (averaged over all series/windows/variates):
      MSE: 225.2223
      MAE: 8.5903
      RMSE: 11.8690
      MAPE: 1.7877
      sMAPE: 0.2112
      MASE: 1.4069
      ND: 0.2015
      CRPS: 0.2015
/fslarge/scratch/users/h61084/codes/adaptime/outputs/adaptime/evaluations/bayes_covariate_prediction/univariate/epf_electricity_price/H/long/run_0/metrics_summary.json
TIME run allocation action=new run=/fslarge/scratch/users/h61084/codes/adaptime/outputs/adaptime/evaluations/full_ridge_shared/univariate/epf_electricity_price/H/long/run_0 launch_id=selena_adaptime_3275021 slurm_job_id=3275021 launched_at=2026-09-09T13:15:36.538897+00:00
    Total instances: 75, Series during experiment: 5, Windows: 15
    Collecting ground truth and context...
    Organizing data into arrays...
    Saved predictions (quantiles) to /fslarge/scratch/users/h61084/codes/adaptime/outputs/adaptime/evaluations/full_ridge_shared/univariate/epf_electricity_price/H/long/run_0/predictions.npz
    Computing per-window metrics...
    Saved metrics to /fslarge/scratch/users/h61084/codes/adaptime/outputs/adaptime/evaluations/full_ridge_shared/univariate/epf_electricity_price/H/long/run_0/metrics.npz
    Saved config to /fslarge/scratch/users/h61084/codes/adaptime/outputs/adaptime/evaluations/full_ridge_shared/univariate/epf_electricity_price/H/long/run_0/config.json
    Saved aggregate metrics to /fslarge/scratch/users/h61084/codes/adaptime/outputs/adaptime/evaluations/full_ridge_shared/univariate/epf_electricity_price/H/long/run_0/metrics_summary.json
    Metrics summary (averaged over all series/windows/variates):
      MSE: 218.9060
      MAE: 8.4432
      RMSE: 11.7074
      MAPE: 1.7575
      sMAPE: 0.2075
      MASE: 1.3866
      ND: 0.1993
      CRPS: 0.1993
/fslarge/scratch/users/h61084/codes/adaptime/outputs/adaptime/evaluations/full_ridge_shared/univariate/epf_electricity_price/H/long/run_0/metrics_summary.json
TIME run allocation action=new run=/fslarge/scratch/users/h61084/codes/adaptime/outputs/adaptime/evaluations/vanilla/univariate/OpenElectricity_NEM/5T/short/run_0 launch_id=selena_adaptime_3275021 slurm_job_id=3275021 launched_at=2026-09-09T13:15:36.606837+00:00
    Total instances: 1680, Series during experiment: 10, Windows: 168
    Collecting ground truth and context...
    Detected to_univariate case: 10 flat series -> 1 series x 10 variates
    Organizing data into arrays...
    Saved predictions (quantiles) to /fslarge/scratch/users/h61084/codes/adaptime/outputs/adaptime/evaluations/vanilla/univariate/OpenElectricity_NEM/5T/short/run_0/predictions.npz
    Computing per-window metrics...
    Saved metrics to /fslarge/scratch/users/h61084/codes/adaptime/outputs/adaptime/evaluations/vanilla/univariate/OpenElectricity_NEM/5T/short/run_0/metrics.npz
    Saved config to /fslarge/scratch/users/h61084/codes/adaptime/outputs/adaptime/evaluations/vanilla/univariate/OpenElectricity_NEM/5T/short/run_0/config.json
    Saved aggregate metrics to /fslarge/scratch/users/h61084/codes/adaptime/outputs/adaptime/evaluations/vanilla/univariate/OpenElectricity_NEM/5T/short/run_0/metrics_summary.json
    Metrics summary (averaged over all series/windows/variates):
      MSE: 9329.7484
      MAE: 49.6822
      RMSE: 58.8919
      MAPE: 3.5202
      sMAPE: 0.1567
      MASE: 0.3870
      ND: 0.1487
      CRPS: 0.1487
/fslarge/scratch/users/h61084/codes/adaptime/outputs/adaptime/evaluations/vanilla/univariate/OpenElectricity_NEM/5T/short/run_0/metrics_summary.json
TIME run allocation action=new run=/fslarge/scratch/users/h61084/codes/adaptime/outputs/adaptime/evaluations/covariate_prediction/univariate/OpenElectricity_NEM/5T/short/run_0 launch_id=selena_adaptime_3275021 slurm_job_id=3275021 launched_at=2026-09-09T13:15:37.076204+00:00
    Total instances: 1680, Series during experiment: 10, Windows: 168
    Collecting ground truth and context...
    Detected to_univariate case: 10 flat series -> 1 series x 10 variates
    Organizing data into arrays...
    Saved predictions (quantiles) to /fslarge/scratch/users/h61084/codes/adaptime/outputs/adaptime/evaluations/covariate_prediction/univariate/OpenElectricity_NEM/5T/short/run_0/predictions.npz
    Computing per-window metrics...
    Saved metrics to /fslarge/scratch/users/h61084/codes/adaptime/outputs/adaptime/evaluations/covariate_prediction/univariate/OpenElectricity_NEM/5T/short/run_0/metrics.npz
    Saved config to /fslarge/scratch/users/h61084/codes/adaptime/outputs/adaptime/evaluations/covariate_prediction/univariate/OpenElectricity_NEM/5T/short/run_0/config.json
    Saved aggregate metrics to /fslarge/scratch/users/h61084/codes/adaptime/outputs/adaptime/evaluations/covariate_prediction/univariate/OpenElectricity_NEM/5T/short/run_0/metrics_summary.json
    Metrics summary (averaged over all series/windows/variates):
      MSE: 9329.7484
      MAE: 49.6822
      RMSE: 58.8919
      MAPE: 3.5202
      sMAPE: 0.1567
      MASE: 0.3870
      ND: 0.1487
      CRPS: 0.1487
/fslarge/scratch/users/h61084/codes/adaptime/outputs/adaptime/evaluations/covariate_prediction/univariate/OpenElectricity_NEM/5T/short/run_0/metrics_summary.json
TIME run allocation action=new run=/fslarge/scratch/users/h61084/codes/adaptime/outputs/adaptime/evaluations/bayes_covariate_prediction/univariate/OpenElectricity_NEM/5T/short/run_0 launch_id=selena_adaptime_3275021 slurm_job_id=3275021 launched_at=2026-09-09T13:15:37.539627+00:00
    Total instances: 1680, Series during experiment: 10, Windows: 168
    Collecting ground truth and context...
    Detected to_univariate case: 10 flat series -> 1 series x 10 variates
    Organizing data into arrays...
    Saved predictions (quantiles) to /fslarge/scratch/users/h61084/codes/adaptime/outputs/adaptime/evaluations/bayes_covariate_prediction/univariate/OpenElectricity_NEM/5T/short/run_0/predictions.npz
    Computing per-window metrics...
    Saved metrics to /fslarge/scratch/users/h61084/codes/adaptime/outputs/adaptime/evaluations/bayes_covariate_prediction/univariate/OpenElectricity_NEM/5T/short/run_0/metrics.npz
    Saved config to /fslarge/scratch/users/h61084/codes/adaptime/outputs/adaptime/evaluations/bayes_covariate_prediction/univariate/OpenElectricity_NEM/5T/short/run_0/config.json
    Saved aggregate metrics to /fslarge/scratch/users/h61084/codes/adaptime/outputs/adaptime/evaluations/bayes_covariate_prediction/univariate/OpenElectricity_NEM/5T/short/run_0/metrics_summary.json
    Metrics summary (averaged over all series/windows/variates):
      MSE: 9329.7484
      MAE: 49.6822
      RMSE: 58.8919
      MAPE: 3.5202
      sMAPE: 0.1567
      MASE: 0.3870
      ND: 0.1487
      CRPS: 0.1487
/fslarge/scratch/users/h61084/codes/adaptime/outputs/adaptime/evaluations/bayes_covariate_prediction/univariate/OpenElectricity_NEM/5T/short/run_0/metrics_summary.json
TIME run allocation action=new run=/fslarge/scratch/users/h61084/codes/adaptime/outputs/adaptime/evaluations/full_ridge_shared/univariate/OpenElectricity_NEM/5T/short/run_0 launch_id=selena_adaptime_3275021 slurm_job_id=3275021 launched_at=2026-09-09T13:15:38.000387+00:00
    Total instances: 1680, Series during experiment: 10, Windows: 168
    Collecting ground truth and context...
    Detected to_univariate case: 10 flat series -> 1 series x 10 variates
    Organizing data into arrays...
    Saved predictions (quantiles) to /fslarge/scratch/users/h61084/codes/adaptime/outputs/adaptime/evaluations/full_ridge_shared/univariate/OpenElectricity_NEM/5T/short/run_0/predictions.npz
    Computing per-window metrics...
    Saved metrics to /fslarge/scratch/users/h61084/codes/adaptime/outputs/adaptime/evaluations/full_ridge_shared/univariate/OpenElectricity_NEM/5T/short/run_0/metrics.npz
    Saved config to /fslarge/scratch/users/h61084/codes/adaptime/outputs/adaptime/evaluations/full_ridge_shared/univariate/OpenElectricity_NEM/5T/short/run_0/config.json
    Saved aggregate metrics to /fslarge/scratch/users/h61084/codes/adaptime/outputs/adaptime/evaluations/full_ridge_shared/univariate/OpenElectricity_NEM/5T/short/run_0/metrics_summary.json
    Metrics summary (averaged over all series/windows/variates):
      MSE: 9329.7484
      MAE: 49.6822
      RMSE: 58.8919
      MAPE: 3.5202
      sMAPE: 0.1567
      MASE: 0.3870
      ND: 0.1487
      CRPS: 0.1487
/fslarge/scratch/users/h61084/codes/adaptime/outputs/adaptime/evaluations/full_ridge_shared/univariate/OpenElectricity_NEM/5T/short/run_0/metrics_summary.json
TIME run allocation action=new run=/fslarge/scratch/users/h61084/codes/adaptime/outputs/adaptime/evaluations/vanilla/univariate/OpenElectricity_NEM/5T/medium/run_0 launch_id=selena_adaptime_3275021 slurm_job_id=3275021 launched_at=2026-09-09T13:15:38.463599+00:00
    Total instances: 420, Series during experiment: 10, Windows: 42
    Collecting ground truth and context...
    Detected to_univariate case: 10 flat series -> 1 series x 10 variates
    Organizing data into arrays...
    Saved predictions (quantiles) to /fslarge/scratch/users/h61084/codes/adaptime/outputs/adaptime/evaluations/vanilla/univariate/OpenElectricity_NEM/5T/medium/run_0/predictions.npz
    Computing per-window metrics...
    Saved metrics to /fslarge/scratch/users/h61084/codes/adaptime/outputs/adaptime/evaluations/vanilla/univariate/OpenElectricity_NEM/5T/medium/run_0/metrics.npz
    Saved config to /fslarge/scratch/users/h61084/codes/adaptime/outputs/adaptime/evaluations/vanilla/univariate/OpenElectricity_NEM/5T/medium/run_0/config.json
    Saved aggregate metrics to /fslarge/scratch/users/h61084/codes/adaptime/outputs/adaptime/evaluations/vanilla/univariate/OpenElectricity_NEM/5T/medium/run_0/metrics_summary.json
    Metrics summary (averaged over all series/windows/variates):
      MSE: 33266.1932
      MAE: 87.0124
      RMSE: 109.4158
      MAPE: 4.8053
      sMAPE: 0.2120
      MASE: 0.5804
      ND: 0.2051
      CRPS: 0.2051
/fslarge/scratch/users/h61084/codes/adaptime/outputs/adaptime/evaluations/vanilla/univariate/OpenElectricity_NEM/5T/medium/run_0/metrics_summary.json
TIME run allocation action=new run=/fslarge/scratch/users/h61084/codes/adaptime/outputs/adaptime/evaluations/covariate_prediction/univariate/OpenElectricity_NEM/5T/medium/run_0 launch_id=selena_adaptime_3275021 slurm_job_id=3275021 launched_at=2026-09-09T13:15:38.681179+00:00
    Total instances: 420, Series during experiment: 10, Windows: 42
    Collecting ground truth and context...
    Detected to_univariate case: 10 flat series -> 1 series x 10 variates
    Organizing data into arrays...
    Saved predictions (quantiles) to /fslarge/scratch/users/h61084/codes/adaptime/outputs/adaptime/evaluations/covariate_prediction/univariate/OpenElectricity_NEM/5T/medium/run_0/predictions.npz
    Computing per-window metrics...
    Saved metrics to /fslarge/scratch/users/h61084/codes/adaptime/outputs/adaptime/evaluations/covariate_prediction/univariate/OpenElectricity_NEM/5T/medium/run_0/metrics.npz
    Saved config to /fslarge/scratch/users/h61084/codes/adaptime/outputs/adaptime/evaluations/covariate_prediction/univariate/OpenElectricity_NEM/5T/medium/run_0/config.json
    Saved aggregate metrics to /fslarge/scratch/users/h61084/codes/adaptime/outputs/adaptime/evaluations/covariate_prediction/univariate/OpenElectricity_NEM/5T/medium/run_0/metrics_summary.json
    Metrics summary (averaged over all series/windows/variates):
      MSE: 30319.4011
      MAE: 86.3873
      RMSE: 107.7908
      MAPE: 5.7302
      sMAPE: 0.2194
      MASE: 0.5907
      ND: 0.2143
      CRPS: 0.2143
/fslarge/scratch/users/h61084/codes/adaptime/outputs/adaptime/evaluations/covariate_prediction/univariate/OpenElectricity_NEM/5T/medium/run_0/metrics_summary.json
TIME run allocation action=new run=/fslarge/scratch/users/h61084/codes/adaptime/outputs/adaptime/evaluations/bayes_covariate_prediction/univariate/OpenElectricity_NEM/5T/medium/run_0 launch_id=selena_adaptime_3275021 slurm_job_id=3275021 launched_at=2026-09-09T13:15:38.894555+00:00
    Total instances: 420, Series during experiment: 10, Windows: 42
    Collecting ground truth and context...
    Detected to_univariate case: 10 flat series -> 1 series x 10 variates
    Organizing data into arrays...
    Saved predictions (quantiles) to /fslarge/scratch/users/h61084/codes/adaptime/outputs/adaptime/evaluations/bayes_covariate_prediction/univariate/OpenElectricity_NEM/5T/medium/run_0/predictions.npz
    Computing per-window metrics...
    Saved metrics to /fslarge/scratch/users/h61084/codes/adaptime/outputs/adaptime/evaluations/bayes_covariate_prediction/univariate/OpenElectricity_NEM/5T/medium/run_0/metrics.npz
    Saved config to /fslarge/scratch/users/h61084/codes/adaptime/outputs/adaptime/evaluations/bayes_covariate_prediction/univariate/OpenElectricity_NEM/5T/medium/run_0/config.json
    Saved aggregate metrics to /fslarge/scratch/users/h61084/codes/adaptime/outputs/adaptime/evaluations/bayes_covariate_prediction/univariate/OpenElectricity_NEM/5T/medium/run_0/metrics_summary.json
    Metrics summary (averaged over all series/windows/variates):
      MSE: 28027.2472
      MAE: 82.9555
      RMSE: 103.5912
      MAPE: 5.2482
      sMAPE: 0.2106
      MASE: 0.5673
      ND: 0.2052
      CRPS: 0.2052
/fslarge/scratch/users/h61084/codes/adaptime/outputs/adaptime/evaluations/bayes_covariate_prediction/univariate/OpenElectricity_NEM/5T/medium/run_0/metrics_summary.json
TIME run allocation action=new run=/fslarge/scratch/users/h61084/codes/adaptime/outputs/adaptime/evaluations/full_ridge_shared/univariate/OpenElectricity_NEM/5T/medium/run_0 launch_id=selena_adaptime_3275021 slurm_job_id=3275021 launched_at=2026-09-09T13:15:39.107005+00:00
    Total instances: 420, Series during experiment: 10, Windows: 42
    Collecting ground truth and context...
    Detected to_univariate case: 10 flat series -> 1 series x 10 variates
    Organizing data into arrays...
    Saved predictions (quantiles) to /fslarge/scratch/users/h61084/codes/adaptime/outputs/adaptime/evaluations/full_ridge_shared/univariate/OpenElectricity_NEM/5T/medium/run_0/predictions.npz
    Computing per-window metrics...
    Saved metrics to /fslarge/scratch/users/h61084/codes/adaptime/outputs/adaptime/evaluations/full_ridge_shared/univariate/OpenElectricity_NEM/5T/medium/run_0/metrics.npz
    Saved config to /fslarge/scratch/users/h61084/codes/adaptime/outputs/adaptime/evaluations/full_ridge_shared/univariate/OpenElectricity_NEM/5T/medium/run_0/config.json
    Saved aggregate metrics to /fslarge/scratch/users/h61084/codes/adaptime/outputs/adaptime/evaluations/full_ridge_shared/univariate/OpenElectricity_NEM/5T/medium/run_0/metrics_summary.json
    Metrics summary (averaged over all series/windows/variates):
      MSE: 30108.2063
      MAE: 84.8567
      RMSE: 105.9778
      MAPE: 4.7197
      sMAPE: 0.2186
      MASE: 0.5876
      ND: 0.2106
      CRPS: 0.2106
/fslarge/scratch/users/h61084/codes/adaptime/outputs/adaptime/evaluations/full_ridge_shared/univariate/OpenElectricity_NEM/5T/medium/run_0/metrics_summary.json
TIME run allocation action=new run=/fslarge/scratch/users/h61084/codes/adaptime/outputs/adaptime/evaluations/vanilla/univariate/OpenElectricity_NEM/5T/long/run_0 launch_id=selena_adaptime_3275021 slurm_job_id=3275021 launched_at=2026-09-09T13:15:39.320662+00:00
    Total instances: 140, Series during experiment: 10, Windows: 14
    Collecting ground truth and context...
    Detected to_univariate case: 10 flat series -> 1 series x 10 variates
    Organizing data into arrays...
    Saved predictions (quantiles) to /fslarge/scratch/users/h61084/codes/adaptime/outputs/adaptime/evaluations/vanilla/univariate/OpenElectricity_NEM/5T/long/run_0/predictions.npz
    Computing per-window metrics...
    Saved metrics to /fslarge/scratch/users/h61084/codes/adaptime/outputs/adaptime/evaluations/vanilla/univariate/OpenElectricity_NEM/5T/long/run_0/metrics.npz
    Saved config to /fslarge/scratch/users/h61084/codes/adaptime/outputs/adaptime/evaluations/vanilla/univariate/OpenElectricity_NEM/5T/long/run_0/config.json
    Saved aggregate metrics to /fslarge/scratch/users/h61084/codes/adaptime/outputs/adaptime/evaluations/vanilla/univariate/OpenElectricity_NEM/5T/long/run_0/metrics_summary.json
    Metrics summary (averaged over all series/windows/variates):
      MSE: 47413.4168
      MAE: 108.8805
      RMSE: 144.0165
      MAPE: 4.9506
      sMAPE: 0.2605
      MASE: 0.7347
      ND: 0.2333
      CRPS: 0.2333
/fslarge/scratch/users/h61084/codes/adaptime/outputs/adaptime/evaluations/vanilla/univariate/OpenElectricity_NEM/5T/long/run_0/metrics_summary.json
TIME run allocation action=new run=/fslarge/scratch/users/h61084/codes/adaptime/outputs/adaptime/evaluations/covariate_prediction/univariate/OpenElectricity_NEM/5T/long/run_0 launch_id=selena_adaptime_3275021 slurm_job_id=3275021 launched_at=2026-09-09T13:15:39.480680+00:00
    Total instances: 140, Series during experiment: 10, Windows: 14
    Collecting ground truth and context...
    Detected to_univariate case: 10 flat series -> 1 series x 10 variates
    Organizing data into arrays...
    Saved predictions (quantiles) to /fslarge/scratch/users/h61084/codes/adaptime/outputs/adaptime/evaluations/covariate_prediction/univariate/OpenElectricity_NEM/5T/long/run_0/predictions.npz
    Computing per-window metrics...
    Saved metrics to /fslarge/scratch/users/h61084/codes/adaptime/outputs/adaptime/evaluations/covariate_prediction/univariate/OpenElectricity_NEM/5T/long/run_0/metrics.npz
    Saved config to /fslarge/scratch/users/h61084/codes/adaptime/outputs/adaptime/evaluations/covariate_prediction/univariate/OpenElectricity_NEM/5T/long/run_0/config.json
    Saved aggregate metrics to /fslarge/scratch/users/h61084/codes/adaptime/outputs/adaptime/evaluations/covariate_prediction/univariate/OpenElectricity_NEM/5T/long/run_0/metrics_summary.json
    Metrics summary (averaged over all series/windows/variates):
      MSE: 42600.0876
      MAE: 108.8984
      RMSE: 142.0705
      MAPE: 6.8563
      sMAPE: 0.2707
      MASE: 0.7393
      ND: 0.2415
      CRPS: 0.2415
/fslarge/scratch/users/h61084/codes/adaptime/outputs/adaptime/evaluations/covariate_prediction/univariate/OpenElectricity_NEM/5T/long/run_0/metrics_summary.json
TIME run allocation action=new run=/fslarge/scratch/users/h61084/codes/adaptime/outputs/adaptime/evaluations/bayes_covariate_prediction/univariate/OpenElectricity_NEM/5T/long/run_0 launch_id=selena_adaptime_3275021 slurm_job_id=3275021 launched_at=2026-09-09T13:15:39.638190+00:00
    Total instances: 140, Series during experiment: 10, Windows: 14
    Collecting ground truth and context...
    Detected to_univariate case: 10 flat series -> 1 series x 10 variates
    Organizing data into arrays...
    Saved predictions (quantiles) to /fslarge/scratch/users/h61084/codes/adaptime/outputs/adaptime/evaluations/bayes_covariate_prediction/univariate/OpenElectricity_NEM/5T/long/run_0/predictions.npz
    Computing per-window metrics...
    Saved metrics to /fslarge/scratch/users/h61084/codes/adaptime/outputs/adaptime/evaluations/bayes_covariate_prediction/univariate/OpenElectricity_NEM/5T/long/run_0/metrics.npz
    Saved config to /fslarge/scratch/users/h61084/codes/adaptime/outputs/adaptime/evaluations/bayes_covariate_prediction/univariate/OpenElectricity_NEM/5T/long/run_0/config.json
    Saved aggregate metrics to /fslarge/scratch/users/h61084/codes/adaptime/outputs/adaptime/evaluations/bayes_covariate_prediction/univariate/OpenElectricity_NEM/5T/long/run_0/metrics_summary.json
    Metrics summary (averaged over all series/windows/variates):
      MSE: 38998.7680
      MAE: 101.9593
      RMSE: 134.3472
      MAPE: 5.8344
      sMAPE: 0.2599
      MASE: 0.7092
      ND: 0.2321
      CRPS: 0.2321
/fslarge/scratch/users/h61084/codes/adaptime/outputs/adaptime/evaluations/bayes_covariate_prediction/univariate/OpenElectricity_NEM/5T/long/run_0/metrics_summary.json
TIME run allocation action=new run=/fslarge/scratch/users/h61084/codes/adaptime/outputs/adaptime/evaluations/full_ridge_shared/univariate/OpenElectricity_NEM/5T/long/run_0 launch_id=selena_adaptime_3275021 slurm_job_id=3275021 launched_at=2026-09-09T13:15:39.796555+00:00
    Total instances: 140, Series during experiment: 10, Windows: 14
    Collecting ground truth and context...
    Detected to_univariate case: 10 flat series -> 1 series x 10 variates
    Organizing data into arrays...
    Saved predictions (quantiles) to /fslarge/scratch/users/h61084/codes/adaptime/outputs/adaptime/evaluations/full_ridge_shared/univariate/OpenElectricity_NEM/5T/long/run_0/predictions.npz
    Computing per-window metrics...
    Saved metrics to /fslarge/scratch/users/h61084/codes/adaptime/outputs/adaptime/evaluations/full_ridge_shared/univariate/OpenElectricity_NEM/5T/long/run_0/metrics.npz
    Saved config to /fslarge/scratch/users/h61084/codes/adaptime/outputs/adaptime/evaluations/full_ridge_shared/univariate/OpenElectricity_NEM/5T/long/run_0/config.json
    Saved aggregate metrics to /fslarge/scratch/users/h61084/codes/adaptime/outputs/adaptime/evaluations/full_ridge_shared/univariate/OpenElectricity_NEM/5T/long/run_0/metrics_summary.json
    Metrics summary (averaged over all series/windows/variates):
      MSE: 42069.7493
      MAE: 104.3798
      RMSE: 137.6104
      MAPE: 5.8201
      sMAPE: 0.2619
      MASE: 0.7209
      ND: 0.2358
      CRPS: 0.2358
/fslarge/scratch/users/h61084/codes/adaptime/outputs/adaptime/evaluations/full_ridge_shared/univariate/OpenElectricity_NEM/5T/long/run_0/metrics_summary.json
TIME run allocation action=new run=/fslarge/scratch/users/h61084/codes/adaptime/outputs/adaptime/evaluations/vanilla/univariate/EWELD_Load/15T/short/run_0 launch_id=selena_adaptime_3275021 slurm_job_id=3275021 launched_at=2026-09-09T13:15:39.954921+00:00
    Total instances: 560, Series during experiment: 10, Windows: 56
    Collecting ground truth and context...
    Detected to_univariate case: 10 flat series -> 1 series x 10 variates
    Organizing data into arrays...
    Saved predictions (quantiles) to /fslarge/scratch/users/h61084/codes/adaptime/outputs/adaptime/evaluations/vanilla/univariate/EWELD_Load/15T/short/run_0/predictions.npz
    Computing per-window metrics...
    Saved metrics to /fslarge/scratch/users/h61084/codes/adaptime/outputs/adaptime/evaluations/vanilla/univariate/EWELD_Load/15T/short/run_0/metrics.npz
    Saved config to /fslarge/scratch/users/h61084/codes/adaptime/outputs/adaptime/evaluations/vanilla/univariate/EWELD_Load/15T/short/run_0/config.json
    Saved aggregate metrics to /fslarge/scratch/users/h61084/codes/adaptime/outputs/adaptime/evaluations/vanilla/univariate/EWELD_Load/15T/short/run_0/metrics_summary.json
    Metrics summary (averaged over all series/windows/variates):
      MSE: 1113.6207
      MAE: 12.4983
      RMSE: 16.0054
      MAPE: 0.3238
      sMAPE: 0.2765
      MASE: 0.5334
      ND: 0.3333
      CRPS: 0.3333
/fslarge/scratch/users/h61084/codes/adaptime/outputs/adaptime/evaluations/vanilla/univariate/EWELD_Load/15T/short/run_0/metrics_summary.json
TIME run allocation action=new run=/fslarge/scratch/users/h61084/codes/adaptime/outputs/adaptime/evaluations/covariate_prediction/univariate/EWELD_Load/15T/short/run_0 launch_id=selena_adaptime_3275021 slurm_job_id=3275021 launched_at=2026-09-09T13:15:40.098575+00:00
    Total instances: 560, Series during experiment: 10, Windows: 56
    Collecting ground truth and context...
    Detected to_univariate case: 10 flat series -> 1 series x 10 variates
    Organizing data into arrays...
    Saved predictions (quantiles) to /fslarge/scratch/users/h61084/codes/adaptime/outputs/adaptime/evaluations/covariate_prediction/univariate/EWELD_Load/15T/short/run_0/predictions.npz
    Computing per-window metrics...
    Saved metrics to /fslarge/scratch/users/h61084/codes/adaptime/outputs/adaptime/evaluations/covariate_prediction/univariate/EWELD_Load/15T/short/run_0/metrics.npz
    Saved config to /fslarge/scratch/users/h61084/codes/adaptime/outputs/adaptime/evaluations/covariate_prediction/univariate/EWELD_Load/15T/short/run_0/config.json
    Saved aggregate metrics to /fslarge/scratch/users/h61084/codes/adaptime/outputs/adaptime/evaluations/covariate_prediction/univariate/EWELD_Load/15T/short/run_0/metrics_summary.json
    Metrics summary (averaged over all series/windows/variates):
      MSE: 1113.6207
      MAE: 12.4983
      RMSE: 16.0054
      MAPE: 0.3238
      sMAPE: 0.2765
      MASE: 0.5334
      ND: 0.3333
      CRPS: 0.3333
/fslarge/scratch/users/h61084/codes/adaptime/outputs/adaptime/evaluations/covariate_prediction/univariate/EWELD_Load/15T/short/run_0/metrics_summary.json
TIME run allocation action=new run=/fslarge/scratch/users/h61084/codes/adaptime/outputs/adaptime/evaluations/bayes_covariate_prediction/univariate/EWELD_Load/15T/short/run_0 launch_id=selena_adaptime_3275021 slurm_job_id=3275021 launched_at=2026-09-09T13:15:40.241220+00:00
    Total instances: 560, Series during experiment: 10, Windows: 56
    Collecting ground truth and context...
    Detected to_univariate case: 10 flat series -> 1 series x 10 variates
    Organizing data into arrays...
    Saved predictions (quantiles) to /fslarge/scratch/users/h61084/codes/adaptime/outputs/adaptime/evaluations/bayes_covariate_prediction/univariate/EWELD_Load/15T/short/run_0/predictions.npz
    Computing per-window metrics...
    Saved metrics to /fslarge/scratch/users/h61084/codes/adaptime/outputs/adaptime/evaluations/bayes_covariate_prediction/univariate/EWELD_Load/15T/short/run_0/metrics.npz
    Saved config to /fslarge/scratch/users/h61084/codes/adaptime/outputs/adaptime/evaluations/bayes_covariate_prediction/univariate/EWELD_Load/15T/short/run_0/config.json
    Saved aggregate metrics to /fslarge/scratch/users/h61084/codes/adaptime/outputs/adaptime/evaluations/bayes_covariate_prediction/univariate/EWELD_Load/15T/short/run_0/metrics_summary.json
    Metrics summary (averaged over all series/windows/variates):
      MSE: 1113.6207
      MAE: 12.4983
      RMSE: 16.0054
      MAPE: 0.3238
      sMAPE: 0.2765
      MASE: 0.5334
      ND: 0.3333
      CRPS: 0.3333
/fslarge/scratch/users/h61084/codes/adaptime/outputs/adaptime/evaluations/bayes_covariate_prediction/univariate/EWELD_Load/15T/short/run_0/metrics_summary.json
TIME run allocation action=new run=/fslarge/scratch/users/h61084/codes/adaptime/outputs/adaptime/evaluations/full_ridge_shared/univariate/EWELD_Load/15T/short/run_0 launch_id=selena_adaptime_3275021 slurm_job_id=3275021 launched_at=2026-09-09T13:15:40.384159+00:00
    Total instances: 560, Series during experiment: 10, Windows: 56
    Collecting ground truth and context...
    Detected to_univariate case: 10 flat series -> 1 series x 10 variates
    Organizing data into arrays...
    Saved predictions (quantiles) to /fslarge/scratch/users/h61084/codes/adaptime/outputs/adaptime/evaluations/full_ridge_shared/univariate/EWELD_Load/15T/short/run_0/predictions.npz
    Computing per-window metrics...
    Saved metrics to /fslarge/scratch/users/h61084/codes/adaptime/outputs/adaptime/evaluations/full_ridge_shared/univariate/EWELD_Load/15T/short/run_0/metrics.npz
    Saved config to /fslarge/scratch/users/h61084/codes/adaptime/outputs/adaptime/evaluations/full_ridge_shared/univariate/EWELD_Load/15T/short/run_0/config.json
    Saved aggregate metrics to /fslarge/scratch/users/h61084/codes/adaptime/outputs/adaptime/evaluations/full_ridge_shared/univariate/EWELD_Load/15T/short/run_0/metrics_summary.json
    Metrics summary (averaged over all series/windows/variates):
      MSE: 1113.6207
      MAE: 12.4983
      RMSE: 16.0054
      MAPE: 0.3238
      sMAPE: 0.2765
      MASE: 0.5334
      ND: 0.3333
      CRPS: 0.3333
/fslarge/scratch/users/h61084/codes/adaptime/outputs/adaptime/evaluations/full_ridge_shared/univariate/EWELD_Load/15T/short/run_0/metrics_summary.json
TIME run allocation action=new run=/fslarge/scratch/users/h61084/codes/adaptime/outputs/adaptime/evaluations/vanilla/univariate/EWELD_Load/15T/medium/run_0 launch_id=selena_adaptime_3275021 slurm_job_id=3275021 launched_at=2026-09-09T13:15:40.527810+00:00
    Total instances: 140, Series during experiment: 10, Windows: 14
    Collecting ground truth and context...
    Detected to_univariate case: 10 flat series -> 1 series x 10 variates
    Organizing data into arrays...
    Saved predictions (quantiles) to /fslarge/scratch/users/h61084/codes/adaptime/outputs/adaptime/evaluations/vanilla/univariate/EWELD_Load/15T/medium/run_0/predictions.npz
    Computing per-window metrics...
    Saved metrics to /fslarge/scratch/users/h61084/codes/adaptime/outputs/adaptime/evaluations/vanilla/univariate/EWELD_Load/15T/medium/run_0/metrics.npz
    Saved config to /fslarge/scratch/users/h61084/codes/adaptime/outputs/adaptime/evaluations/vanilla/univariate/EWELD_Load/15T/medium/run_0/config.json
    Saved aggregate metrics to /fslarge/scratch/users/h61084/codes/adaptime/outputs/adaptime/evaluations/vanilla/univariate/EWELD_Load/15T/medium/run_0/metrics_summary.json
    Metrics summary (averaged over all series/windows/variates):
      MSE: 1200.0988
      MAE: 13.9604
      RMSE: 19.0042
      MAPE: 0.3690
      sMAPE: 0.3030
      MASE: 0.6379
      ND: 0.2144
      CRPS: 0.2144
/fslarge/scratch/users/h61084/codes/adaptime/outputs/adaptime/evaluations/vanilla/univariate/EWELD_Load/15T/medium/run_0/metrics_summary.json
TIME run allocation action=new run=/fslarge/scratch/users/h61084/codes/adaptime/outputs/adaptime/evaluations/covariate_prediction/univariate/EWELD_Load/15T/medium/run_0 launch_id=selena_adaptime_3275021 slurm_job_id=3275021 launched_at=2026-09-09T13:15:40.618615+00:00
    Total instances: 140, Series during experiment: 10, Windows: 14
    Collecting ground truth and context...
    Detected to_univariate case: 10 flat series -> 1 series x 10 variates
    Organizing data into arrays...
    Saved predictions (quantiles) to /fslarge/scratch/users/h61084/codes/adaptime/outputs/adaptime/evaluations/covariate_prediction/univariate/EWELD_Load/15T/medium/run_0/predictions.npz
    Computing per-window metrics...
    Saved metrics to /fslarge/scratch/users/h61084/codes/adaptime/outputs/adaptime/evaluations/covariate_prediction/univariate/EWELD_Load/15T/medium/run_0/metrics.npz
    Saved config to /fslarge/scratch/users/h61084/codes/adaptime/outputs/adaptime/evaluations/covariate_prediction/univariate/EWELD_Load/15T/medium/run_0/config.json
    Saved aggregate metrics to /fslarge/scratch/users/h61084/codes/adaptime/outputs/adaptime/evaluations/covariate_prediction/univariate/EWELD_Load/15T/medium/run_0/metrics_summary.json
    Metrics summary (averaged over all series/windows/variates):
      MSE: 1260.4309
      MAE: 14.3183
      RMSE: 19.3967
      MAPE: 0.3626
      sMAPE: 0.3087
      MASE: 0.6573
      ND: 0.2228
      CRPS: 0.2228
/fslarge/scratch/users/h61084/codes/adaptime/outputs/adaptime/evaluations/covariate_prediction/univariate/EWELD_Load/15T/medium/run_0/metrics_summary.json
TIME run allocation action=new run=/fslarge/scratch/users/h61084/codes/adaptime/outputs/adaptime/evaluations/bayes_covariate_prediction/univariate/EWELD_Load/15T/medium/run_0 launch_id=selena_adaptime_3275021 slurm_job_id=3275021 launched_at=2026-09-09T13:15:40.705179+00:00
    Total instances: 140, Series during experiment: 10, Windows: 14
    Collecting ground truth and context...
    Detected to_univariate case: 10 flat series -> 1 series x 10 variates
    Organizing data into arrays...
    Saved predictions (quantiles) to /fslarge/scratch/users/h61084/codes/adaptime/outputs/adaptime/evaluations/bayes_covariate_prediction/univariate/EWELD_Load/15T/medium/run_0/predictions.npz
    Computing per-window metrics...
    Saved metrics to /fslarge/scratch/users/h61084/codes/adaptime/outputs/adaptime/evaluations/bayes_covariate_prediction/univariate/EWELD_Load/15T/medium/run_0/metrics.npz
    Saved config to /fslarge/scratch/users/h61084/codes/adaptime/outputs/adaptime/evaluations/bayes_covariate_prediction/univariate/EWELD_Load/15T/medium/run_0/config.json
    Saved aggregate metrics to /fslarge/scratch/users/h61084/codes/adaptime/outputs/adaptime/evaluations/bayes_covariate_prediction/univariate/EWELD_Load/15T/medium/run_0/metrics_summary.json
    Metrics summary (averaged over all series/windows/variates):
      MSE: 1211.7022
      MAE: 14.0309
      RMSE: 19.0492
      MAPE: 0.3625
      sMAPE: 0.3015
      MASE: 0.6382
      ND: 0.2149
      CRPS: 0.2149
/fslarge/scratch/users/h61084/codes/adaptime/outputs/adaptime/evaluations/bayes_covariate_prediction/univariate/EWELD_Load/15T/medium/run_0/metrics_summary.json
TIME run allocation action=new run=/fslarge/scratch/users/h61084/codes/adaptime/outputs/adaptime/evaluations/full_ridge_shared/univariate/EWELD_Load/15T/medium/run_0 launch_id=selena_adaptime_3275021 slurm_job_id=3275021 launched_at=2026-09-09T13:15:40.791331+00:00
    Total instances: 140, Series during experiment: 10, Windows: 14
    Collecting ground truth and context...
    Detected to_univariate case: 10 flat series -> 1 series x 10 variates
    Organizing data into arrays...
    Saved predictions (quantiles) to /fslarge/scratch/users/h61084/codes/adaptime/outputs/adaptime/evaluations/full_ridge_shared/univariate/EWELD_Load/15T/medium/run_0/predictions.npz
    Computing per-window metrics...
    Saved metrics to /fslarge/scratch/users/h61084/codes/adaptime/outputs/adaptime/evaluations/full_ridge_shared/univariate/EWELD_Load/15T/medium/run_0/metrics.npz
    Saved config to /fslarge/scratch/users/h61084/codes/adaptime/outputs/adaptime/evaluations/full_ridge_shared/univariate/EWELD_Load/15T/medium/run_0/config.json
    Saved aggregate metrics to /fslarge/scratch/users/h61084/codes/adaptime/outputs/adaptime/evaluations/full_ridge_shared/univariate/EWELD_Load/15T/medium/run_0/metrics_summary.json
    Metrics summary (averaged over all series/windows/variates):
      MSE: 1212.8769
      MAE: 14.0392
      RMSE: 19.1187
      MAPE: 0.3744
      sMAPE: 0.3038
      MASE: 0.6413
      ND: 0.2165
      CRPS: 0.2165
/fslarge/scratch/users/h61084/codes/adaptime/outputs/adaptime/evaluations/full_ridge_shared/univariate/EWELD_Load/15T/medium/run_0/metrics_summary.json
TIME run allocation action=new run=/fslarge/scratch/users/h61084/codes/adaptime/outputs/adaptime/evaluations/vanilla/univariate/EWELD_Load/15T/long/run_0 launch_id=selena_adaptime_3275021 slurm_job_id=3275021 launched_at=2026-09-09T13:15:40.878012+00:00
    Total instances: 20, Series during experiment: 10, Windows: 2
    Collecting ground truth and context...
    Detected to_univariate case: 10 flat series -> 1 series x 10 variates
    Organizing data into arrays...
    Saved predictions (quantiles) to /fslarge/scratch/users/h61084/codes/adaptime/outputs/adaptime/evaluations/vanilla/univariate/EWELD_Load/15T/long/run_0/predictions.npz
    Computing per-window metrics...
    Saved metrics to /fslarge/scratch/users/h61084/codes/adaptime/outputs/adaptime/evaluations/vanilla/univariate/EWELD_Load/15T/long/run_0/metrics.npz
    Saved config to /fslarge/scratch/users/h61084/codes/adaptime/outputs/adaptime/evaluations/vanilla/univariate/EWELD_Load/15T/long/run_0/config.json
    Saved aggregate metrics to /fslarge/scratch/users/h61084/codes/adaptime/outputs/adaptime/evaluations/vanilla/univariate/EWELD_Load/15T/long/run_0/metrics_summary.json
    Metrics summary (averaged over all series/windows/variates):
      MSE: 1323.3334
      MAE: 15.1111
      RMSE: 21.0553
      MAPE: 0.3824
      sMAPE: 0.3302
      MASE: 0.7570
      ND: 0.2280
      CRPS: 0.2280
/fslarge/scratch/users/h61084/codes/adaptime/outputs/adaptime/evaluations/vanilla/univariate/EWELD_Load/15T/long/run_0/metrics_summary.json
TIME run allocation action=new run=/fslarge/scratch/users/h61084/codes/adaptime/outputs/adaptime/evaluations/covariate_prediction/univariate/EWELD_Load/15T/long/run_0 launch_id=selena_adaptime_3275021 slurm_job_id=3275021 launched_at=2026-09-09T13:15:40.952618+00:00
    Total instances: 20, Series during experiment: 10, Windows: 2
    Collecting ground truth and context...
    Detected to_univariate case: 10 flat series -> 1 series x 10 variates
    Organizing data into arrays...
    Saved predictions (quantiles) to /fslarge/scratch/users/h61084/codes/adaptime/outputs/adaptime/evaluations/covariate_prediction/univariate/EWELD_Load/15T/long/run_0/predictions.npz
    Computing per-window metrics...
    Saved metrics to /fslarge/scratch/users/h61084/codes/adaptime/outputs/adaptime/evaluations/covariate_prediction/univariate/EWELD_Load/15T/long/run_0/metrics.npz
    Saved config to /fslarge/scratch/users/h61084/codes/adaptime/outputs/adaptime/evaluations/covariate_prediction/univariate/EWELD_Load/15T/long/run_0/config.json
    Saved aggregate metrics to /fslarge/scratch/users/h61084/codes/adaptime/outputs/adaptime/evaluations/covariate_prediction/univariate/EWELD_Load/15T/long/run_0/metrics_summary.json
    Metrics summary (averaged over all series/windows/variates):
      MSE: 1335.3955
      MAE: 15.6617
      RMSE: 21.7973
      MAPE: 0.4404
      sMAPE: 0.3553
      MASE: 0.8055
      ND: 0.2639
      CRPS: 0.2639
/fslarge/scratch/users/h61084/codes/adaptime/outputs/adaptime/evaluations/covariate_prediction/univariate/EWELD_Load/15T/long/run_0/metrics_summary.json
TIME run allocation action=new run=/fslarge/scratch/users/h61084/codes/adaptime/outputs/adaptime/evaluations/bayes_covariate_prediction/univariate/EWELD_Load/15T/long/run_0 launch_id=selena_adaptime_3275021 slurm_job_id=3275021 launched_at=2026-09-09T13:15:41.024384+00:00
    Total instances: 20, Series during experiment: 10, Windows: 2
    Collecting ground truth and context...
    Detected to_univariate case: 10 flat series -> 1 series x 10 variates
    Organizing data into arrays...
    Saved predictions (quantiles) to /fslarge/scratch/users/h61084/codes/adaptime/outputs/adaptime/evaluations/bayes_covariate_prediction/univariate/EWELD_Load/15T/long/run_0/predictions.npz
    Computing per-window metrics...
    Saved metrics to /fslarge/scratch/users/h61084/codes/adaptime/outputs/adaptime/evaluations/bayes_covariate_prediction/univariate/EWELD_Load/15T/long/run_0/metrics.npz
    Saved config to /fslarge/scratch/users/h61084/codes/adaptime/outputs/adaptime/evaluations/bayes_covariate_prediction/univariate/EWELD_Load/15T/long/run_0/config.json
    Saved aggregate metrics to /fslarge/scratch/users/h61084/codes/adaptime/outputs/adaptime/evaluations/bayes_covariate_prediction/univariate/EWELD_Load/15T/long/run_0/metrics_summary.json
    Metrics summary (averaged over all series/windows/variates):
      MSE: 1290.1929
      MAE: 15.1388
      RMSE: 21.0369
      MAPE: 0.4000
      sMAPE: 0.3359
      MASE: 0.7652
      ND: 0.2376
      CRPS: 0.2376
/fslarge/scratch/users/h61084/codes/adaptime/outputs/adaptime/evaluations/bayes_covariate_prediction/univariate/EWELD_Load/15T/long/run_0/metrics_summary.json
TIME run allocation action=new run=/fslarge/scratch/users/h61084/codes/adaptime/outputs/adaptime/evaluations/full_ridge_shared/univariate/EWELD_Load/15T/long/run_0 launch_id=selena_adaptime_3275021 slurm_job_id=3275021 launched_at=2026-09-09T13:15:41.096698+00:00
    Total instances: 20, Series during experiment: 10, Windows: 2
    Collecting ground truth and context...
    Detected to_univariate case: 10 flat series -> 1 series x 10 variates
    Organizing data into arrays...
    Saved predictions (quantiles) to /fslarge/scratch/users/h61084/codes/adaptime/outputs/adaptime/evaluations/full_ridge_shared/univariate/EWELD_Load/15T/long/run_0/predictions.npz
    Computing per-window metrics...
    Saved metrics to /fslarge/scratch/users/h61084/codes/adaptime/outputs/adaptime/evaluations/full_ridge_shared/univariate/EWELD_Load/15T/long/run_0/metrics.npz
    Saved config to /fslarge/scratch/users/h61084/codes/adaptime/outputs/adaptime/evaluations/full_ridge_shared/univariate/EWELD_Load/15T/long/run_0/config.json
    Saved aggregate metrics to /fslarge/scratch/users/h61084/codes/adaptime/outputs/adaptime/evaluations/full_ridge_shared/univariate/EWELD_Load/15T/long/run_0/metrics_summary.json
    Metrics summary (averaged over all series/windows/variates):
      MSE: 1294.9693
      MAE: 15.1640
      RMSE: 21.0416
      MAPE: 0.3986
      sMAPE: 0.3317
      MASE: 0.7692
      ND: 0.2353
      CRPS: 0.2353
/fslarge/scratch/users/h61084/codes/adaptime/outputs/adaptime/evaluations/full_ridge_shared/univariate/EWELD_Load/15T/long/run_0/metrics_summary.json
TIME run allocation action=new run=/fslarge/scratch/users/h61084/codes/adaptime/outputs/adaptime/evaluations/vanilla/univariate/SG_Carpark/15T/short/run_0 launch_id=selena_adaptime_3275021 slurm_job_id=3275021 launched_at=2026-09-09T13:15:41.170817+00:00
    Total instances: 14868, Series during experiment: 354, Windows: 42
    Collecting ground truth and context...
    Organizing data into arrays...
    Saved predictions (quantiles) to /fslarge/scratch/users/h61084/codes/adaptime/outputs/adaptime/evaluations/vanilla/univariate/SG_Carpark/15T/short/run_0/predictions.npz
    Computing per-window metrics...
    Saved metrics to /fslarge/scratch/users/h61084/codes/adaptime/outputs/adaptime/evaluations/vanilla/univariate/SG_Carpark/15T/short/run_0/metrics.npz
    Saved config to /fslarge/scratch/users/h61084/codes/adaptime/outputs/adaptime/evaluations/vanilla/univariate/SG_Carpark/15T/short/run_0/config.json
    Saved aggregate metrics to /fslarge/scratch/users/h61084/codes/adaptime/outputs/adaptime/evaluations/vanilla/univariate/SG_Carpark/15T/short/run_0/metrics_summary.json
    Metrics summary (averaged over all series/windows/variates):
      MSE: 201.9511
      MAE: 5.3187
      RMSE: 6.8017
      MAPE: 0.0333
      sMAPE: 0.0441
      MASE: 0.3701
      ND: 0.0329
      CRPS: 0.0329
/fslarge/scratch/users/h61084/codes/adaptime/outputs/adaptime/evaluations/vanilla/univariate/SG_Carpark/15T/short/run_0/metrics_summary.json
TIME run allocation action=new run=/fslarge/scratch/users/h61084/codes/adaptime/outputs/adaptime/evaluations/covariate_prediction/univariate/SG_Carpark/15T/short/run_0 launch_id=selena_adaptime_3275021 slurm_job_id=3275021 launched_at=2026-09-09T13:15:43.079053+00:00
    Total instances: 14868, Series during experiment: 354, Windows: 42
    Collecting ground truth and context...
    Organizing data into arrays...
    Saved predictions (quantiles) to /fslarge/scratch/users/h61084/codes/adaptime/outputs/adaptime/evaluations/covariate_prediction/univariate/SG_Carpark/15T/short/run_0/predictions.npz
    Computing per-window metrics...
    Saved metrics to /fslarge/scratch/users/h61084/codes/adaptime/outputs/adaptime/evaluations/covariate_prediction/univariate/SG_Carpark/15T/short/run_0/metrics.npz
    Saved config to /fslarge/scratch/users/h61084/codes/adaptime/outputs/adaptime/evaluations/covariate_prediction/univariate/SG_Carpark/15T/short/run_0/config.json
    Saved aggregate metrics to /fslarge/scratch/users/h61084/codes/adaptime/outputs/adaptime/evaluations/covariate_prediction/univariate/SG_Carpark/15T/short/run_0/metrics_summary.json
    Metrics summary (averaged over all series/windows/variates):
      MSE: 201.9511
      MAE: 5.3187
      RMSE: 6.8017
      MAPE: 0.0333
      sMAPE: 0.0441
      MASE: 0.3701
      ND: 0.0329
      CRPS: 0.0329
/fslarge/scratch/users/h61084/codes/adaptime/outputs/adaptime/evaluations/covariate_prediction/univariate/SG_Carpark/15T/short/run_0/metrics_summary.json
TIME run allocation action=new run=/fslarge/scratch/users/h61084/codes/adaptime/outputs/adaptime/evaluations/bayes_covariate_prediction/univariate/SG_Carpark/15T/short/run_0 launch_id=selena_adaptime_3275021 slurm_job_id=3275021 launched_at=2026-09-09T13:15:44.975237+00:00
    Total instances: 14868, Series during experiment: 354, Windows: 42
    Collecting ground truth and context...
    Organizing data into arrays...
    Saved predictions (quantiles) to /fslarge/scratch/users/h61084/codes/adaptime/outputs/adaptime/evaluations/bayes_covariate_prediction/univariate/SG_Carpark/15T/short/run_0/predictions.npz
    Computing per-window metrics...
    Saved metrics to /fslarge/scratch/users/h61084/codes/adaptime/outputs/adaptime/evaluations/bayes_covariate_prediction/univariate/SG_Carpark/15T/short/run_0/metrics.npz
    Saved config to /fslarge/scratch/users/h61084/codes/adaptime/outputs/adaptime/evaluations/bayes_covariate_prediction/univariate/SG_Carpark/15T/short/run_0/config.json
    Saved aggregate metrics to /fslarge/scratch/users/h61084/codes/adaptime/outputs/adaptime/evaluations/bayes_covariate_prediction/univariate/SG_Carpark/15T/short/run_0/metrics_summary.json
    Metrics summary (averaged over all series/windows/variates):
      MSE: 201.9511
      MAE: 5.3187
      RMSE: 6.8017
      MAPE: 0.0333
      sMAPE: 0.0441
      MASE: 0.3701
      ND: 0.0329
      CRPS: 0.0329
/fslarge/scratch/users/h61084/codes/adaptime/outputs/adaptime/evaluations/bayes_covariate_prediction/univariate/SG_Carpark/15T/short/run_0/metrics_summary.json
TIME run allocation action=new run=/fslarge/scratch/users/h61084/codes/adaptime/outputs/adaptime/evaluations/full_ridge_shared/univariate/SG_Carpark/15T/short/run_0 launch_id=selena_adaptime_3275021 slurm_job_id=3275021 launched_at=2026-09-09T13:15:46.906724+00:00
    Total instances: 14868, Series during experiment: 354, Windows: 42
    Collecting ground truth and context...
    Organizing data into arrays...
    Saved predictions (quantiles) to /fslarge/scratch/users/h61084/codes/adaptime/outputs/adaptime/evaluations/full_ridge_shared/univariate/SG_Carpark/15T/short/run_0/predictions.npz
    Computing per-window metrics...
    Saved metrics to /fslarge/scratch/users/h61084/codes/adaptime/outputs/adaptime/evaluations/full_ridge_shared/univariate/SG_Carpark/15T/short/run_0/metrics.npz
    Saved config to /fslarge/scratch/users/h61084/codes/adaptime/outputs/adaptime/evaluations/full_ridge_shared/univariate/SG_Carpark/15T/short/run_0/config.json
    Saved aggregate metrics to /fslarge/scratch/users/h61084/codes/adaptime/outputs/adaptime/evaluations/full_ridge_shared/univariate/SG_Carpark/15T/short/run_0/metrics_summary.json
    Metrics summary (averaged over all series/windows/variates):
      MSE: 201.9511
      MAE: 5.3187
      RMSE: 6.8017
      MAPE: 0.0333
      sMAPE: 0.0441
      MASE: 0.3701
      ND: 0.0329
      CRPS: 0.0329
/fslarge/scratch/users/h61084/codes/adaptime/outputs/adaptime/evaluations/full_ridge_shared/univariate/SG_Carpark/15T/short/run_0/metrics_summary.json
TIME run allocation action=new run=/fslarge/scratch/users/h61084/codes/adaptime/outputs/adaptime/evaluations/vanilla/univariate/SG_Carpark/15T/medium/run_0 launch_id=selena_adaptime_3275021 slurm_job_id=3275021 launched_at=2026-09-09T13:15:48.838835+00:00
    Total instances: 2478, Series during experiment: 354, Windows: 7
    Collecting ground truth and context...
    Organizing data into arrays...
    Saved predictions (quantiles) to /fslarge/scratch/users/h61084/codes/adaptime/outputs/adaptime/evaluations/vanilla/univariate/SG_Carpark/15T/medium/run_0/predictions.npz
    Computing per-window metrics...
    Saved metrics to /fslarge/scratch/users/h61084/codes/adaptime/outputs/adaptime/evaluations/vanilla/univariate/SG_Carpark/15T/medium/run_0/metrics.npz
    Saved config to /fslarge/scratch/users/h61084/codes/adaptime/outputs/adaptime/evaluations/vanilla/univariate/SG_Carpark/15T/medium/run_0/config.json
    Saved aggregate metrics to /fslarge/scratch/users/h61084/codes/adaptime/outputs/adaptime/evaluations/vanilla/univariate/SG_Carpark/15T/medium/run_0/metrics_summary.json
    Metrics summary (averaged over all series/windows/variates):
      MSE: 435.7240
      MAE: 7.8854
      RMSE: 10.9200
      MAPE: 0.0453
      sMAPE: 0.0547
      MASE: 0.5286
      ND: 0.0430
      CRPS: 0.0430
/fslarge/scratch/users/h61084/codes/adaptime/outputs/adaptime/evaluations/vanilla/univariate/SG_Carpark/15T/medium/run_0/metrics_summary.json
TIME run allocation action=new run=/fslarge/scratch/users/h61084/codes/adaptime/outputs/adaptime/evaluations/covariate_prediction/univariate/SG_Carpark/15T/medium/run_0 launch_id=selena_adaptime_3275021 slurm_job_id=3275021 launched_at=2026-09-09T13:15:49.424056+00:00
    Total instances: 2478, Series during experiment: 354, Windows: 7
    Collecting ground truth and context...
    Organizing data into arrays...
    Saved predictions (quantiles) to /fslarge/scratch/users/h61084/codes/adaptime/outputs/adaptime/evaluations/covariate_prediction/univariate/SG_Carpark/15T/medium/run_0/predictions.npz
    Computing per-window metrics...
    Saved metrics to /fslarge/scratch/users/h61084/codes/adaptime/outputs/adaptime/evaluations/covariate_prediction/univariate/SG_Carpark/15T/medium/run_0/metrics.npz
    Saved config to /fslarge/scratch/users/h61084/codes/adaptime/outputs/adaptime/evaluations/covariate_prediction/univariate/SG_Carpark/15T/medium/run_0/config.json
    Saved aggregate metrics to /fslarge/scratch/users/h61084/codes/adaptime/outputs/adaptime/evaluations/covariate_prediction/univariate/SG_Carpark/15T/medium/run_0/metrics_summary.json
    Metrics summary (averaged over all series/windows/variates):
      MSE: 435.7240
      MAE: 7.8854
      RMSE: 10.9200
      MAPE: 0.0453
      sMAPE: 0.0547
      MASE: 0.5286
      ND: 0.0430
      CRPS: 0.0430
/fslarge/scratch/users/h61084/codes/adaptime/outputs/adaptime/evaluations/covariate_prediction/univariate/SG_Carpark/15T/medium/run_0/metrics_summary.json
TIME run allocation action=new run=/fslarge/scratch/users/h61084/codes/adaptime/outputs/adaptime/evaluations/bayes_covariate_prediction/univariate/SG_Carpark/15T/medium/run_0 launch_id=selena_adaptime_3275021 slurm_job_id=3275021 launched_at=2026-09-09T13:15:49.997403+00:00
    Total instances: 2478, Series during experiment: 354, Windows: 7
    Collecting ground truth and context...
    Organizing data into arrays...
    Saved predictions (quantiles) to /fslarge/scratch/users/h61084/codes/adaptime/outputs/adaptime/evaluations/bayes_covariate_prediction/univariate/SG_Carpark/15T/medium/run_0/predictions.npz
    Computing per-window metrics...
    Saved metrics to /fslarge/scratch/users/h61084/codes/adaptime/outputs/adaptime/evaluations/bayes_covariate_prediction/univariate/SG_Carpark/15T/medium/run_0/metrics.npz
    Saved config to /fslarge/scratch/users/h61084/codes/adaptime/outputs/adaptime/evaluations/bayes_covariate_prediction/univariate/SG_Carpark/15T/medium/run_0/config.json
    Saved aggregate metrics to /fslarge/scratch/users/h61084/codes/adaptime/outputs/adaptime/evaluations/bayes_covariate_prediction/univariate/SG_Carpark/15T/medium/run_0/metrics_summary.json
    Metrics summary (averaged over all series/windows/variates):
      MSE: 435.7240
      MAE: 7.8854
      RMSE: 10.9200
      MAPE: 0.0453
      sMAPE: 0.0547
      MASE: 0.5286
      ND: 0.0430
      CRPS: 0.0430
/fslarge/scratch/users/h61084/codes/adaptime/outputs/adaptime/evaluations/bayes_covariate_prediction/univariate/SG_Carpark/15T/medium/run_0/metrics_summary.json
TIME run allocation action=new run=/fslarge/scratch/users/h61084/codes/adaptime/outputs/adaptime/evaluations/full_ridge_shared/univariate/SG_Carpark/15T/medium/run_0 launch_id=selena_adaptime_3275021 slurm_job_id=3275021 launched_at=2026-09-09T13:15:50.574884+00:00
    Total instances: 2478, Series during experiment: 354, Windows: 7
    Collecting ground truth and context...
    Organizing data into arrays...
    Saved predictions (quantiles) to /fslarge/scratch/users/h61084/codes/adaptime/outputs/adaptime/evaluations/full_ridge_shared/univariate/SG_Carpark/15T/medium/run_0/predictions.npz
    Computing per-window metrics...
    Saved metrics to /fslarge/scratch/users/h61084/codes/adaptime/outputs/adaptime/evaluations/full_ridge_shared/univariate/SG_Carpark/15T/medium/run_0/metrics.npz
    Saved config to /fslarge/scratch/users/h61084/codes/adaptime/outputs/adaptime/evaluations/full_ridge_shared/univariate/SG_Carpark/15T/medium/run_0/config.json
    Saved aggregate metrics to /fslarge/scratch/users/h61084/codes/adaptime/outputs/adaptime/evaluations/full_ridge_shared/univariate/SG_Carpark/15T/medium/run_0/metrics_summary.json
    Metrics summary (averaged over all series/windows/variates):
      MSE: 435.7240
      MAE: 7.8854
      RMSE: 10.9200
      MAPE: 0.0453
      sMAPE: 0.0547
      MASE: 0.5286
      ND: 0.0430
      CRPS: 0.0430
/fslarge/scratch/users/h61084/codes/adaptime/outputs/adaptime/evaluations/full_ridge_shared/univariate/SG_Carpark/15T/medium/run_0/metrics_summary.json
TIME run allocation action=new run=/fslarge/scratch/users/h61084/codes/adaptime/outputs/adaptime/evaluations/vanilla/univariate/SG_Carpark/15T/long/run_0 launch_id=selena_adaptime_3275021 slurm_job_id=3275021 launched_at=2026-09-09T13:15:51.139904+00:00
    Total instances: 354, Series during experiment: 354, Windows: 1
    Collecting ground truth and context...
    Organizing data into arrays...
    Saved predictions (quantiles) to /fslarge/scratch/users/h61084/codes/adaptime/outputs/adaptime/evaluations/vanilla/univariate/SG_Carpark/15T/long/run_0/predictions.npz
    Computing per-window metrics...
    Saved metrics to /fslarge/scratch/users/h61084/codes/adaptime/outputs/adaptime/evaluations/vanilla/univariate/SG_Carpark/15T/long/run_0/metrics.npz
    Saved config to /fslarge/scratch/users/h61084/codes/adaptime/outputs/adaptime/evaluations/vanilla/univariate/SG_Carpark/15T/long/run_0/config.json
    Saved aggregate metrics to /fslarge/scratch/users/h61084/codes/adaptime/outputs/adaptime/evaluations/vanilla/univariate/SG_Carpark/15T/long/run_0/metrics_summary.json
    Metrics summary (averaged over all series/windows/variates):
      MSE: 738.5261
      MAE: 10.8760
      RMSE: 15.6459
      MAPE: 0.0632
      sMAPE: 0.0671
      MASE: 0.7260
      ND: 0.0626
      CRPS: 0.0626
/fslarge/scratch/users/h61084/codes/adaptime/outputs/adaptime/evaluations/vanilla/univariate/SG_Carpark/15T/long/run_0/metrics_summary.json
TIME run allocation action=new run=/fslarge/scratch/users/h61084/codes/adaptime/outputs/adaptime/evaluations/covariate_prediction/univariate/SG_Carpark/15T/long/run_0 launch_id=selena_adaptime_3275021 slurm_job_id=3275021 launched_at=2026-09-09T13:15:51.488538+00:00
    Total instances: 354, Series during experiment: 354, Windows: 1
    Collecting ground truth and context...
    Organizing data into arrays...
    Saved predictions (quantiles) to /fslarge/scratch/users/h61084/codes/adaptime/outputs/adaptime/evaluations/covariate_prediction/univariate/SG_Carpark/15T/long/run_0/predictions.npz
    Computing per-window metrics...
    Saved metrics to /fslarge/scratch/users/h61084/codes/adaptime/outputs/adaptime/evaluations/covariate_prediction/univariate/SG_Carpark/15T/long/run_0/metrics.npz
    Saved config to /fslarge/scratch/users/h61084/codes/adaptime/outputs/adaptime/evaluations/covariate_prediction/univariate/SG_Carpark/15T/long/run_0/config.json
    Saved aggregate metrics to /fslarge/scratch/users/h61084/codes/adaptime/outputs/adaptime/evaluations/covariate_prediction/univariate/SG_Carpark/15T/long/run_0/metrics_summary.json
    Metrics summary (averaged over all series/windows/variates):
      MSE: 738.5261
      MAE: 10.8760
      RMSE: 15.6459
      MAPE: 0.0632
      sMAPE: 0.0671
      MASE: 0.7260
      ND: 0.0626
      CRPS: 0.0626
/fslarge/scratch/users/h61084/codes/adaptime/outputs/adaptime/evaluations/covariate_prediction/univariate/SG_Carpark/15T/long/run_0/metrics_summary.json
TIME run allocation action=new run=/fslarge/scratch/users/h61084/codes/adaptime/outputs/adaptime/evaluations/bayes_covariate_prediction/univariate/SG_Carpark/15T/long/run_0 launch_id=selena_adaptime_3275021 slurm_job_id=3275021 launched_at=2026-09-09T13:15:51.851650+00:00
    Total instances: 354, Series during experiment: 354, Windows: 1
    Collecting ground truth and context...
    Organizing data into arrays...
    Saved predictions (quantiles) to /fslarge/scratch/users/h61084/codes/adaptime/outputs/adaptime/evaluations/bayes_covariate_prediction/univariate/SG_Carpark/15T/long/run_0/predictions.npz
    Computing per-window metrics...
    Saved metrics to /fslarge/scratch/users/h61084/codes/adaptime/outputs/adaptime/evaluations/bayes_covariate_prediction/univariate/SG_Carpark/15T/long/run_0/metrics.npz
    Saved config to /fslarge/scratch/users/h61084/codes/adaptime/outputs/adaptime/evaluations/bayes_covariate_prediction/univariate/SG_Carpark/15T/long/run_0/config.json
    Saved aggregate metrics to /fslarge/scratch/users/h61084/codes/adaptime/outputs/adaptime/evaluations/bayes_covariate_prediction/univariate/SG_Carpark/15T/long/run_0/metrics_summary.json
    Metrics summary (averaged over all series/windows/variates):
      MSE: 738.5261
      MAE: 10.8760
      RMSE: 15.6459
      MAPE: 0.0632
      sMAPE: 0.0671
      MASE: 0.7260
      ND: 0.0626
      CRPS: 0.0626
/fslarge/scratch/users/h61084/codes/adaptime/outputs/adaptime/evaluations/bayes_covariate_prediction/univariate/SG_Carpark/15T/long/run_0/metrics_summary.json
TIME run allocation action=new run=/fslarge/scratch/users/h61084/codes/adaptime/outputs/adaptime/evaluations/full_ridge_shared/univariate/SG_Carpark/15T/long/run_0 launch_id=selena_adaptime_3275021 slurm_job_id=3275021 launched_at=2026-09-09T13:15:52.190496+00:00
    Total instances: 354, Series during experiment: 354, Windows: 1
    Collecting ground truth and context...
    Organizing data into arrays...
    Saved predictions (quantiles) to /fslarge/scratch/users/h61084/codes/adaptime/outputs/adaptime/evaluations/full_ridge_shared/univariate/SG_Carpark/15T/long/run_0/predictions.npz
    Computing per-window metrics...
    Saved metrics to /fslarge/scratch/users/h61084/codes/adaptime/outputs/adaptime/evaluations/full_ridge_shared/univariate/SG_Carpark/15T/long/run_0/metrics.npz
    Saved config to /fslarge/scratch/users/h61084/codes/adaptime/outputs/adaptime/evaluations/full_ridge_shared/univariate/SG_Carpark/15T/long/run_0/config.json
    Saved aggregate metrics to /fslarge/scratch/users/h61084/codes/adaptime/outputs/adaptime/evaluations/full_ridge_shared/univariate/SG_Carpark/15T/long/run_0/metrics_summary.json
    Metrics summary (averaged over all series/windows/variates):
      MSE: 738.5261
      MAE: 10.8760
      RMSE: 15.6459
      MAPE: 0.0632
      sMAPE: 0.0671
      MASE: 0.7260
      ND: 0.0626
      CRPS: 0.0626
/fslarge/scratch/users/h61084/codes/adaptime/outputs/adaptime/evaluations/full_ridge_shared/univariate/SG_Carpark/15T/long/run_0/metrics_summary.json
TIME run allocation action=new run=/fslarge/scratch/users/h61084/codes/adaptime/outputs/adaptime/evaluations/vanilla/univariate/Finland_Traffic/15T/short/run_0 launch_id=selena_adaptime_3275021 slurm_job_id=3275021 launched_at=2026-09-09T13:15:52.531271+00:00
    Total instances: 186, Series during experiment: 1, Windows: 186
    Collecting ground truth and context...
    Organizing data into arrays...
    Saved predictions (quantiles) to /fslarge/scratch/users/h61084/codes/adaptime/outputs/adaptime/evaluations/vanilla/univariate/Finland_Traffic/15T/short/run_0/predictions.npz
    Computing per-window metrics...
    Saved metrics to /fslarge/scratch/users/h61084/codes/adaptime/outputs/adaptime/evaluations/vanilla/univariate/Finland_Traffic/15T/short/run_0/metrics.npz
    Saved config to /fslarge/scratch/users/h61084/codes/adaptime/outputs/adaptime/evaluations/vanilla/univariate/Finland_Traffic/15T/short/run_0/config.json
    Saved aggregate metrics to /fslarge/scratch/users/h61084/codes/adaptime/outputs/adaptime/evaluations/vanilla/univariate/Finland_Traffic/15T/short/run_0/metrics_summary.json
    Metrics summary (averaged over all series/windows/variates):
      MSE: 835.9956
      MAE: 16.5352
      RMSE: 20.3036
      MAPE: 0.2612
      sMAPE: 0.1848
      MASE: 0.4022
      ND: 0.2314
      CRPS: 0.2314
/fslarge/scratch/users/h61084/codes/adaptime/outputs/adaptime/evaluations/vanilla/univariate/Finland_Traffic/15T/short/run_0/metrics_summary.json
TIME run allocation action=new run=/fslarge/scratch/users/h61084/codes/adaptime/outputs/adaptime/evaluations/covariate_prediction/univariate/Finland_Traffic/15T/short/run_0 launch_id=selena_adaptime_3275021 slurm_job_id=3275021 launched_at=2026-09-09T13:15:52.600611+00:00
    Total instances: 186, Series during experiment: 1, Windows: 186
    Collecting ground truth and context...
    Organizing data into arrays...
    Saved predictions (quantiles) to /fslarge/scratch/users/h61084/codes/adaptime/outputs/adaptime/evaluations/covariate_prediction/univariate/Finland_Traffic/15T/short/run_0/predictions.npz
    Computing per-window metrics...
    Saved metrics to /fslarge/scratch/users/h61084/codes/adaptime/outputs/adaptime/evaluations/covariate_prediction/univariate/Finland_Traffic/15T/short/run_0/metrics.npz
    Saved config to /fslarge/scratch/users/h61084/codes/adaptime/outputs/adaptime/evaluations/covariate_prediction/univariate/Finland_Traffic/15T/short/run_0/config.json
    Saved aggregate metrics to /fslarge/scratch/users/h61084/codes/adaptime/outputs/adaptime/evaluations/covariate_prediction/univariate/Finland_Traffic/15T/short/run_0/metrics_summary.json
    Metrics summary (averaged over all series/windows/variates):
      MSE: 835.9956
      MAE: 16.5352
      RMSE: 20.3036
      MAPE: 0.2612
      sMAPE: 0.1848
      MASE: 0.4022
      ND: 0.2314
      CRPS: 0.2314
/fslarge/scratch/users/h61084/codes/adaptime/outputs/adaptime/evaluations/covariate_prediction/univariate/Finland_Traffic/15T/short/run_0/metrics_summary.json
TIME run allocation action=new run=/fslarge/scratch/users/h61084/codes/adaptime/outputs/adaptime/evaluations/bayes_covariate_prediction/univariate/Finland_Traffic/15T/short/run_0 launch_id=selena_adaptime_3275021 slurm_job_id=3275021 launched_at=2026-09-09T13:15:52.667869+00:00
    Total instances: 186, Series during experiment: 1, Windows: 186
    Collecting ground truth and context...
    Organizing data into arrays...
    Saved predictions (quantiles) to /fslarge/scratch/users/h61084/codes/adaptime/outputs/adaptime/evaluations/bayes_covariate_prediction/univariate/Finland_Traffic/15T/short/run_0/predictions.npz
    Computing per-window metrics...
    Saved metrics to /fslarge/scratch/users/h61084/codes/adaptime/outputs/adaptime/evaluations/bayes_covariate_prediction/univariate/Finland_Traffic/15T/short/run_0/metrics.npz
    Saved config to /fslarge/scratch/users/h61084/codes/adaptime/outputs/adaptime/evaluations/bayes_covariate_prediction/univariate/Finland_Traffic/15T/short/run_0/config.json
    Saved aggregate metrics to /fslarge/scratch/users/h61084/codes/adaptime/outputs/adaptime/evaluations/bayes_covariate_prediction/univariate/Finland_Traffic/15T/short/run_0/metrics_summary.json
    Metrics summary (averaged over all series/windows/variates):
      MSE: 835.9956
      MAE: 16.5352
      RMSE: 20.3036
      MAPE: 0.2612
      sMAPE: 0.1848
      MASE: 0.4022
      ND: 0.2314
      CRPS: 0.2314
/fslarge/scratch/users/h61084/codes/adaptime/outputs/adaptime/evaluations/bayes_covariate_prediction/univariate/Finland_Traffic/15T/short/run_0/metrics_summary.json
TIME run allocation action=new run=/fslarge/scratch/users/h61084/codes/adaptime/outputs/adaptime/evaluations/full_ridge_shared/univariate/Finland_Traffic/15T/short/run_0 launch_id=selena_adaptime_3275021 slurm_job_id=3275021 launched_at=2026-09-09T13:15:52.734259+00:00
    Total instances: 186, Series during experiment: 1, Windows: 186
    Collecting ground truth and context...
    Organizing data into arrays...
    Saved predictions (quantiles) to /fslarge/scratch/users/h61084/codes/adaptime/outputs/adaptime/evaluations/full_ridge_shared/univariate/Finland_Traffic/15T/short/run_0/predictions.npz
    Computing per-window metrics...
    Saved metrics to /fslarge/scratch/users/h61084/codes/adaptime/outputs/adaptime/evaluations/full_ridge_shared/univariate/Finland_Traffic/15T/short/run_0/metrics.npz
    Saved config to /fslarge/scratch/users/h61084/codes/adaptime/outputs/adaptime/evaluations/full_ridge_shared/univariate/Finland_Traffic/15T/short/run_0/config.json
    Saved aggregate metrics to /fslarge/scratch/users/h61084/codes/adaptime/outputs/adaptime/evaluations/full_ridge_shared/univariate/Finland_Traffic/15T/short/run_0/metrics_summary.json
    Metrics summary (averaged over all series/windows/variates):
      MSE: 835.9956
      MAE: 16.5352
      RMSE: 20.3036
      MAPE: 0.2612
      sMAPE: 0.1848
      MASE: 0.4022
      ND: 0.2314
      CRPS: 0.2314
/fslarge/scratch/users/h61084/codes/adaptime/outputs/adaptime/evaluations/full_ridge_shared/univariate/Finland_Traffic/15T/short/run_0/metrics_summary.json
TIME run allocation action=new run=/fslarge/scratch/users/h61084/codes/adaptime/outputs/adaptime/evaluations/vanilla/univariate/Finland_Traffic/15T/medium/run_0 launch_id=selena_adaptime_3275021 slurm_job_id=3275021 launched_at=2026-09-09T13:15:52.802314+00:00
    Total instances: 31, Series during experiment: 1, Windows: 31
    Collecting ground truth and context...
    Organizing data into arrays...
    Saved predictions (quantiles) to /fslarge/scratch/users/h61084/codes/adaptime/outputs/adaptime/evaluations/vanilla/univariate/Finland_Traffic/15T/medium/run_0/predictions.npz
    Computing per-window metrics...
    Saved metrics to /fslarge/scratch/users/h61084/codes/adaptime/outputs/adaptime/evaluations/vanilla/univariate/Finland_Traffic/15T/medium/run_0/metrics.npz
    Saved config to /fslarge/scratch/users/h61084/codes/adaptime/outputs/adaptime/evaluations/vanilla/univariate/Finland_Traffic/15T/medium/run_0/config.json
    Saved aggregate metrics to /fslarge/scratch/users/h61084/codes/adaptime/outputs/adaptime/evaluations/vanilla/univariate/Finland_Traffic/15T/medium/run_0/metrics_summary.json
    Metrics summary (averaged over all series/windows/variates):
      MSE: 1455.0135
      MAE: 22.0362
      RMSE: 30.9316
      MAPE: 0.3024
      sMAPE: 0.2171
      MASE: 0.5358
      ND: 0.1782
      CRPS: 0.1782
/fslarge/scratch/users/h61084/codes/adaptime/outputs/adaptime/evaluations/vanilla/univariate/Finland_Traffic/15T/medium/run_0/metrics_summary.json
TIME run allocation action=new run=/fslarge/scratch/users/h61084/codes/adaptime/outputs/adaptime/evaluations/covariate_prediction/univariate/Finland_Traffic/15T/medium/run_0 launch_id=selena_adaptime_3275021 slurm_job_id=3275021 launched_at=2026-09-09T13:15:52.842292+00:00
    Total instances: 31, Series during experiment: 1, Windows: 31
    Collecting ground truth and context...
    Organizing data into arrays...
    Saved predictions (quantiles) to /fslarge/scratch/users/h61084/codes/adaptime/outputs/adaptime/evaluations/covariate_prediction/univariate/Finland_Traffic/15T/medium/run_0/predictions.npz
    Computing per-window metrics...
    Saved metrics to /fslarge/scratch/users/h61084/codes/adaptime/outputs/adaptime/evaluations/covariate_prediction/univariate/Finland_Traffic/15T/medium/run_0/metrics.npz
    Saved config to /fslarge/scratch/users/h61084/codes/adaptime/outputs/adaptime/evaluations/covariate_prediction/univariate/Finland_Traffic/15T/medium/run_0/config.json
    Saved aggregate metrics to /fslarge/scratch/users/h61084/codes/adaptime/outputs/adaptime/evaluations/covariate_prediction/univariate/Finland_Traffic/15T/medium/run_0/metrics_summary.json
    Metrics summary (averaged over all series/windows/variates):
      MSE: 1349.9919
      MAE: 22.4081
      RMSE: 31.4678
      MAPE: 0.2847
      sMAPE: 0.2161
      MASE: 0.5449
      ND: 0.1817
      CRPS: 0.1817
/fslarge/scratch/users/h61084/codes/adaptime/outputs/adaptime/evaluations/covariate_prediction/univariate/Finland_Traffic/15T/medium/run_0/metrics_summary.json
TIME run allocation action=new run=/fslarge/scratch/users/h61084/codes/adaptime/outputs/adaptime/evaluations/bayes_covariate_prediction/univariate/Finland_Traffic/15T/medium/run_0 launch_id=selena_adaptime_3275021 slurm_job_id=3275021 launched_at=2026-09-09T13:15:52.879578+00:00
    Total instances: 31, Series during experiment: 1, Windows: 31
    Collecting ground truth and context...
    Organizing data into arrays...
    Saved predictions (quantiles) to /fslarge/scratch/users/h61084/codes/adaptime/outputs/adaptime/evaluations/bayes_covariate_prediction/univariate/Finland_Traffic/15T/medium/run_0/predictions.npz
    Computing per-window metrics...
    Saved metrics to /fslarge/scratch/users/h61084/codes/adaptime/outputs/adaptime/evaluations/bayes_covariate_prediction/univariate/Finland_Traffic/15T/medium/run_0/metrics.npz
    Saved config to /fslarge/scratch/users/h61084/codes/adaptime/outputs/adaptime/evaluations/bayes_covariate_prediction/univariate/Finland_Traffic/15T/medium/run_0/config.json
    Saved aggregate metrics to /fslarge/scratch/users/h61084/codes/adaptime/outputs/adaptime/evaluations/bayes_covariate_prediction/univariate/Finland_Traffic/15T/medium/run_0/metrics_summary.json
    Metrics summary (averaged over all series/windows/variates):
      MSE: 1302.1446
      MAE: 21.4608
      RMSE: 30.1969
      MAPE: 0.2895
      sMAPE: 0.2118
      MASE: 0.5218
      ND: 0.1739
      CRPS: 0.1739
/fslarge/scratch/users/h61084/codes/adaptime/outputs/adaptime/evaluations/bayes_covariate_prediction/univariate/Finland_Traffic/15T/medium/run_0/metrics_summary.json
TIME run allocation action=new run=/fslarge/scratch/users/h61084/codes/adaptime/outputs/adaptime/evaluations/full_ridge_shared/univariate/Finland_Traffic/15T/medium/run_0 launch_id=selena_adaptime_3275021 slurm_job_id=3275021 launched_at=2026-09-09T13:15:52.916728+00:00
    Total instances: 31, Series during experiment: 1, Windows: 31
    Collecting ground truth and context...
    Organizing data into arrays...
    Saved predictions (quantiles) to /fslarge/scratch/users/h61084/codes/adaptime/outputs/adaptime/evaluations/full_ridge_shared/univariate/Finland_Traffic/15T/medium/run_0/predictions.npz
    Computing per-window metrics...
    Saved metrics to /fslarge/scratch/users/h61084/codes/adaptime/outputs/adaptime/evaluations/full_ridge_shared/univariate/Finland_Traffic/15T/medium/run_0/metrics.npz
    Saved config to /fslarge/scratch/users/h61084/codes/adaptime/outputs/adaptime/evaluations/full_ridge_shared/univariate/Finland_Traffic/15T/medium/run_0/config.json
    Saved aggregate metrics to /fslarge/scratch/users/h61084/codes/adaptime/outputs/adaptime/evaluations/full_ridge_shared/univariate/Finland_Traffic/15T/medium/run_0/metrics_summary.json
    Metrics summary (averaged over all series/windows/variates):
      MSE: 1370.6792
      MAE: 22.0455
      RMSE: 30.9564
      MAPE: 0.3051
      sMAPE: 0.2159
      MASE: 0.5361
      ND: 0.1792
      CRPS: 0.1792
/fslarge/scratch/users/h61084/codes/adaptime/outputs/adaptime/evaluations/full_ridge_shared/univariate/Finland_Traffic/15T/medium/run_0/metrics_summary.json
TIME run allocation action=new run=/fslarge/scratch/users/h61084/codes/adaptime/outputs/adaptime/evaluations/vanilla/univariate/Finland_Traffic/15T/long/run_0 launch_id=selena_adaptime_3275021 slurm_job_id=3275021 launched_at=2026-09-09T13:15:52.955385+00:00
    Total instances: 4, Series during experiment: 1, Windows: 4
    Collecting ground truth and context...
    Organizing data into arrays...
    Saved predictions (quantiles) to /fslarge/scratch/users/h61084/codes/adaptime/outputs/adaptime/evaluations/vanilla/univariate/Finland_Traffic/15T/long/run_0/predictions.npz
    Computing per-window metrics...
    Saved metrics to /fslarge/scratch/users/h61084/codes/adaptime/outputs/adaptime/evaluations/vanilla/univariate/Finland_Traffic/15T/long/run_0/metrics.npz
    Saved config to /fslarge/scratch/users/h61084/codes/adaptime/outputs/adaptime/evaluations/vanilla/univariate/Finland_Traffic/15T/long/run_0/config.json
    Saved aggregate metrics to /fslarge/scratch/users/h61084/codes/adaptime/outputs/adaptime/evaluations/vanilla/univariate/Finland_Traffic/15T/long/run_0/metrics_summary.json
    Metrics summary (averaged over all series/windows/variates):
      MSE: 1830.3235
      MAE: 24.4235
      RMSE: 38.6678
      MAPE: 0.3722
      sMAPE: 0.2329
      MASE: 0.5926
      ND: 0.1891
      CRPS: 0.1891
/fslarge/scratch/users/h61084/codes/adaptime/outputs/adaptime/evaluations/vanilla/univariate/Finland_Traffic/15T/long/run_0/metrics_summary.json
TIME run allocation action=new run=/fslarge/scratch/users/h61084/codes/adaptime/outputs/adaptime/evaluations/covariate_prediction/univariate/Finland_Traffic/15T/long/run_0 launch_id=selena_adaptime_3275021 slurm_job_id=3275021 launched_at=2026-09-09T13:15:52.990585+00:00
    Total instances: 4, Series during experiment: 1, Windows: 4
    Collecting ground truth and context...
    Organizing data into arrays...
    Saved predictions (quantiles) to /fslarge/scratch/users/h61084/codes/adaptime/outputs/adaptime/evaluations/covariate_prediction/univariate/Finland_Traffic/15T/long/run_0/predictions.npz
    Computing per-window metrics...
    Saved metrics to /fslarge/scratch/users/h61084/codes/adaptime/outputs/adaptime/evaluations/covariate_prediction/univariate/Finland_Traffic/15T/long/run_0/metrics.npz
    Saved config to /fslarge/scratch/users/h61084/codes/adaptime/outputs/adaptime/evaluations/covariate_prediction/univariate/Finland_Traffic/15T/long/run_0/config.json
    Saved aggregate metrics to /fslarge/scratch/users/h61084/codes/adaptime/outputs/adaptime/evaluations/covariate_prediction/univariate/Finland_Traffic/15T/long/run_0/metrics_summary.json
    Metrics summary (averaged over all series/windows/variates):
      MSE: 1832.2120
      MAE: 24.5585
      RMSE: 38.6700
      MAPE: 0.3547
      sMAPE: 0.2268
      MASE: 0.5960
      ND: 0.1902
      CRPS: 0.1902
/fslarge/scratch/users/h61084/codes/adaptime/outputs/adaptime/evaluations/covariate_prediction/univariate/Finland_Traffic/15T/long/run_0/metrics_summary.json
TIME run allocation action=new run=/fslarge/scratch/users/h61084/codes/adaptime/outputs/adaptime/evaluations/bayes_covariate_prediction/univariate/Finland_Traffic/15T/long/run_0 launch_id=selena_adaptime_3275021 slurm_job_id=3275021 launched_at=2026-09-09T13:15:53.023347+00:00
    Total instances: 4, Series during experiment: 1, Windows: 4
    Collecting ground truth and context...
    Organizing data into arrays...
    Saved predictions (quantiles) to /fslarge/scratch/users/h61084/codes/adaptime/outputs/adaptime/evaluations/bayes_covariate_prediction/univariate/Finland_Traffic/15T/long/run_0/predictions.npz
    Computing per-window metrics...
    Saved metrics to /fslarge/scratch/users/h61084/codes/adaptime/outputs/adaptime/evaluations/bayes_covariate_prediction/univariate/Finland_Traffic/15T/long/run_0/metrics.npz
    Saved config to /fslarge/scratch/users/h61084/codes/adaptime/outputs/adaptime/evaluations/bayes_covariate_prediction/univariate/Finland_Traffic/15T/long/run_0/config.json
    Saved aggregate metrics to /fslarge/scratch/users/h61084/codes/adaptime/outputs/adaptime/evaluations/bayes_covariate_prediction/univariate/Finland_Traffic/15T/long/run_0/metrics_summary.json
    Metrics summary (averaged over all series/windows/variates):
      MSE: 1798.4011
      MAE: 24.0612
      RMSE: 38.0812
      MAPE: 0.3564
      sMAPE: 0.2253
      MASE: 0.5839
      ND: 0.1864
      CRPS: 0.1864
/fslarge/scratch/users/h61084/codes/adaptime/outputs/adaptime/evaluations/bayes_covariate_prediction/univariate/Finland_Traffic/15T/long/run_0/metrics_summary.json
TIME run allocation action=new run=/fslarge/scratch/users/h61084/codes/adaptime/outputs/adaptime/evaluations/full_ridge_shared/univariate/Finland_Traffic/15T/long/run_0 launch_id=selena_adaptime_3275021 slurm_job_id=3275021 launched_at=2026-09-09T13:15:53.055924+00:00
    Total instances: 4, Series during experiment: 1, Windows: 4
    Collecting ground truth and context...
    Organizing data into arrays...
    Saved predictions (quantiles) to /fslarge/scratch/users/h61084/codes/adaptime/outputs/adaptime/evaluations/full_ridge_shared/univariate/Finland_Traffic/15T/long/run_0/predictions.npz
    Computing per-window metrics...
    Saved metrics to /fslarge/scratch/users/h61084/codes/adaptime/outputs/adaptime/evaluations/full_ridge_shared/univariate/Finland_Traffic/15T/long/run_0/metrics.npz
    Saved config to /fslarge/scratch/users/h61084/codes/adaptime/outputs/adaptime/evaluations/full_ridge_shared/univariate/Finland_Traffic/15T/long/run_0/config.json
    Saved aggregate metrics to /fslarge/scratch/users/h61084/codes/adaptime/outputs/adaptime/evaluations/full_ridge_shared/univariate/Finland_Traffic/15T/long/run_0/metrics_summary.json
    Metrics summary (averaged over all series/windows/variates):
      MSE: 1931.0518
      MAE: 25.3123
      RMSE: 39.7114
      MAPE: 0.3924
      sMAPE: 0.2381
      MASE: 0.6142
      ND: 0.1960
      CRPS: 0.1960
/fslarge/scratch/users/h61084/codes/adaptime/outputs/adaptime/evaluations/full_ridge_shared/univariate/Finland_Traffic/15T/long/run_0/metrics_summary.json
TIME run allocation action=new run=/fslarge/scratch/users/h61084/codes/adaptime/outputs/adaptime/evaluations/vanilla/univariate/Port_Activity/D/short/run_0 launch_id=selena_adaptime_3275021 slurm_job_id=3275021 launched_at=2026-09-09T13:15:53.091325+00:00
    Total instances: 2376, Series during experiment: 198, Windows: 12
    Collecting ground truth and context...
    Detected to_univariate case: 198 flat series -> 99 series x 2 variates
    Organizing data into arrays...
    ⚠️  Predictions max value (354135.69) exceeds float16 safe range.
    ⚠️  Applying scale factor: 10 (values will be divided)
    Saved predictions (quantiles) to /fslarge/scratch/users/h61084/codes/adaptime/outputs/adaptime/evaluations/vanilla/univariate/Port_Activity/D/short/run_0/predictions.npz
    Computing per-window metrics...
    Saved metrics to /fslarge/scratch/users/h61084/codes/adaptime/outputs/adaptime/evaluations/vanilla/univariate/Port_Activity/D/short/run_0/metrics.npz
    Saved config to /fslarge/scratch/users/h61084/codes/adaptime/outputs/adaptime/evaluations/vanilla/univariate/Port_Activity/D/short/run_0/config.json
    Saved aggregate metrics to /fslarge/scratch/users/h61084/codes/adaptime/outputs/adaptime/evaluations/vanilla/univariate/Port_Activity/D/short/run_0/metrics_summary.json
    Metrics summary (averaged over all series/windows/variates):
      MSE: 949152196.0511
      MAE: 15412.2398
      RMSE: 21205.5488
      MAPE: 2.7356
      sMAPE: 0.9460
      MASE: 0.6583
      ND: 0.7443
      CRPS: 0.7443
/fslarge/scratch/users/h61084/codes/adaptime/outputs/adaptime/evaluations/vanilla/univariate/Port_Activity/D/short/run_0/metrics_summary.json
TIME run allocation action=new run=/fslarge/scratch/users/h61084/codes/adaptime/outputs/adaptime/evaluations/covariate_prediction/univariate/Port_Activity/D/short/run_0 launch_id=selena_adaptime_3275021 slurm_job_id=3275021 launched_at=2026-09-09T13:15:53.314960+00:00
    Total instances: 2376, Series during experiment: 198, Windows: 12
    Collecting ground truth and context...
    Detected to_univariate case: 198 flat series -> 99 series x 2 variates
    Organizing data into arrays...
    ⚠️  Predictions max value (354135.69) exceeds float16 safe range.
    ⚠️  Applying scale factor: 10 (values will be divided)
    Saved predictions (quantiles) to /fslarge/scratch/users/h61084/codes/adaptime/outputs/adaptime/evaluations/covariate_prediction/univariate/Port_Activity/D/short/run_0/predictions.npz
    Computing per-window metrics...
    Saved metrics to /fslarge/scratch/users/h61084/codes/adaptime/outputs/adaptime/evaluations/covariate_prediction/univariate/Port_Activity/D/short/run_0/metrics.npz
    Saved config to /fslarge/scratch/users/h61084/codes/adaptime/outputs/adaptime/evaluations/covariate_prediction/univariate/Port_Activity/D/short/run_0/config.json
    Saved aggregate metrics to /fslarge/scratch/users/h61084/codes/adaptime/outputs/adaptime/evaluations/covariate_prediction/univariate/Port_Activity/D/short/run_0/metrics_summary.json
    Metrics summary (averaged over all series/windows/variates):
      MSE: 949152196.0511
      MAE: 15412.2398
      RMSE: 21205.5488
      MAPE: 2.7356
      sMAPE: 0.9460
      MASE: 0.6583
      ND: 0.7443
      CRPS: 0.7443
/fslarge/scratch/users/h61084/codes/adaptime/outputs/adaptime/evaluations/covariate_prediction/univariate/Port_Activity/D/short/run_0/metrics_summary.json
TIME run allocation action=new run=/fslarge/scratch/users/h61084/codes/adaptime/outputs/adaptime/evaluations/bayes_covariate_prediction/univariate/Port_Activity/D/short/run_0 launch_id=selena_adaptime_3275021 slurm_job_id=3275021 launched_at=2026-09-09T13:15:53.536424+00:00
    Total instances: 2376, Series during experiment: 198, Windows: 12
    Collecting ground truth and context...
    Detected to_univariate case: 198 flat series -> 99 series x 2 variates
    Organizing data into arrays...
    ⚠️  Predictions max value (354135.69) exceeds float16 safe range.
    ⚠️  Applying scale factor: 10 (values will be divided)
    Saved predictions (quantiles) to /fslarge/scratch/users/h61084/codes/adaptime/outputs/adaptime/evaluations/bayes_covariate_prediction/univariate/Port_Activity/D/short/run_0/predictions.npz
    Computing per-window metrics...
    Saved metrics to /fslarge/scratch/users/h61084/codes/adaptime/outputs/adaptime/evaluations/bayes_covariate_prediction/univariate/Port_Activity/D/short/run_0/metrics.npz
    Saved config to /fslarge/scratch/users/h61084/codes/adaptime/outputs/adaptime/evaluations/bayes_covariate_prediction/univariate/Port_Activity/D/short/run_0/config.json
    Saved aggregate metrics to /fslarge/scratch/users/h61084/codes/adaptime/outputs/adaptime/evaluations/bayes_covariate_prediction/univariate/Port_Activity/D/short/run_0/metrics_summary.json
    Metrics summary (averaged over all series/windows/variates):
      MSE: 949152196.0511
      MAE: 15412.2398
      RMSE: 21205.5488
      MAPE: 2.7356
      sMAPE: 0.9460
      MASE: 0.6583
      ND: 0.7443
      CRPS: 0.7443
/fslarge/scratch/users/h61084/codes/adaptime/outputs/adaptime/evaluations/bayes_covariate_prediction/univariate/Port_Activity/D/short/run_0/metrics_summary.json
TIME run allocation action=new run=/fslarge/scratch/users/h61084/codes/adaptime/outputs/adaptime/evaluations/full_ridge_shared/univariate/Port_Activity/D/short/run_0 launch_id=selena_adaptime_3275021 slurm_job_id=3275021 launched_at=2026-09-09T13:15:53.758086+00:00
    Total instances: 2376, Series during experiment: 198, Windows: 12
    Collecting ground truth and context...
    Detected to_univariate case: 198 flat series -> 99 series x 2 variates
    Organizing data into arrays...
    ⚠️  Predictions max value (354135.69) exceeds float16 safe range.
    ⚠️  Applying scale factor: 10 (values will be divided)
    Saved predictions (quantiles) to /fslarge/scratch/users/h61084/codes/adaptime/outputs/adaptime/evaluations/full_ridge_shared/univariate/Port_Activity/D/short/run_0/predictions.npz
    Computing per-window metrics...
    Saved metrics to /fslarge/scratch/users/h61084/codes/adaptime/outputs/adaptime/evaluations/full_ridge_shared/univariate/Port_Activity/D/short/run_0/metrics.npz
    Saved config to /fslarge/scratch/users/h61084/codes/adaptime/outputs/adaptime/evaluations/full_ridge_shared/univariate/Port_Activity/D/short/run_0/config.json
    Saved aggregate metrics to /fslarge/scratch/users/h61084/codes/adaptime/outputs/adaptime/evaluations/full_ridge_shared/univariate/Port_Activity/D/short/run_0/metrics_summary.json
    Metrics summary (averaged over all series/windows/variates):
      MSE: 949152196.0511
      MAE: 15412.2398
      RMSE: 21205.5488
      MAPE: 2.7356
      sMAPE: 0.9460
      MASE: 0.6583
      ND: 0.7443
      CRPS: 0.7443
/fslarge/scratch/users/h61084/codes/adaptime/outputs/adaptime/evaluations/full_ridge_shared/univariate/Port_Activity/D/short/run_0/metrics_summary.json
TIME run allocation action=new run=/fslarge/scratch/users/h61084/codes/adaptime/outputs/adaptime/evaluations/vanilla/univariate/Port_Activity/W/short/run_0 launch_id=selena_adaptime_3275021 slurm_job_id=3275021 launched_at=2026-09-09T13:15:53.981426+00:00
    Total instances: 792, Series during experiment: 198, Windows: 4
    Collecting ground truth and context...
    Detected to_univariate case: 198 flat series -> 99 series x 2 variates
    Organizing data into arrays...
    ⚠️  Predictions max value (2522195.25) exceeds float16 safe range.
    ⚠️  Applying scale factor: 100 (values will be divided)
    Saved predictions (quantiles) to /fslarge/scratch/users/h61084/codes/adaptime/outputs/adaptime/evaluations/vanilla/univariate/Port_Activity/W/short/run_0/predictions.npz
    Computing per-window metrics...
    Saved metrics to /fslarge/scratch/users/h61084/codes/adaptime/outputs/adaptime/evaluations/vanilla/univariate/Port_Activity/W/short/run_0/metrics.npz
    Saved config to /fslarge/scratch/users/h61084/codes/adaptime/outputs/adaptime/evaluations/vanilla/univariate/Port_Activity/W/short/run_0/config.json
    Saved aggregate metrics to /fslarge/scratch/users/h61084/codes/adaptime/outputs/adaptime/evaluations/vanilla/univariate/Port_Activity/W/short/run_0/metrics_summary.json
    Metrics summary (averaged over all series/windows/variates):
      MSE: 5957653731.7841
      MAE: 43832.3428
      RMSE: 53649.4112
      MAPE: 0.6274
      sMAPE: 0.3413
      MASE: 0.7792
      ND: 0.3371
      CRPS: 0.3371
/fslarge/scratch/users/h61084/codes/adaptime/outputs/adaptime/evaluations/vanilla/univariate/Port_Activity/W/short/run_0/metrics_summary.json
TIME run allocation action=new run=/fslarge/scratch/users/h61084/codes/adaptime/outputs/adaptime/evaluations/covariate_prediction/univariate/Port_Activity/W/short/run_0 launch_id=selena_adaptime_3275021 slurm_job_id=3275021 launched_at=2026-09-09T13:15:54.066810+00:00
    Total instances: 792, Series during experiment: 198, Windows: 4
    Collecting ground truth and context...
    Detected to_univariate case: 198 flat series -> 99 series x 2 variates
    Organizing data into arrays...
    ⚠️  Predictions max value (2522195.25) exceeds float16 safe range.
    ⚠️  Applying scale factor: 100 (values will be divided)
    Saved predictions (quantiles) to /fslarge/scratch/users/h61084/codes/adaptime/outputs/adaptime/evaluations/covariate_prediction/univariate/Port_Activity/W/short/run_0/predictions.npz
    Computing per-window metrics...
    Saved metrics to /fslarge/scratch/users/h61084/codes/adaptime/outputs/adaptime/evaluations/covariate_prediction/univariate/Port_Activity/W/short/run_0/metrics.npz
    Saved config to /fslarge/scratch/users/h61084/codes/adaptime/outputs/adaptime/evaluations/covariate_prediction/univariate/Port_Activity/W/short/run_0/config.json
    Saved aggregate metrics to /fslarge/scratch/users/h61084/codes/adaptime/outputs/adaptime/evaluations/covariate_prediction/univariate/Port_Activity/W/short/run_0/metrics_summary.json
    Metrics summary (averaged over all series/windows/variates):
      MSE: 5957653731.7841
      MAE: 43832.3428
      RMSE: 53649.4112
      MAPE: 0.6274
      sMAPE: 0.3413
      MASE: 0.7792
      ND: 0.3371
      CRPS: 0.3371
/fslarge/scratch/users/h61084/codes/adaptime/outputs/adaptime/evaluations/covariate_prediction/univariate/Port_Activity/W/short/run_0/metrics_summary.json
TIME run allocation action=new run=/fslarge/scratch/users/h61084/codes/adaptime/outputs/adaptime/evaluations/bayes_covariate_prediction/univariate/Port_Activity/W/short/run_0 launch_id=selena_adaptime_3275021 slurm_job_id=3275021 launched_at=2026-09-09T13:15:54.150622+00:00
    Total instances: 792, Series during experiment: 198, Windows: 4
    Collecting ground truth and context...
    Detected to_univariate case: 198 flat series -> 99 series x 2 variates
    Organizing data into arrays...
    ⚠️  Predictions max value (2522195.25) exceeds float16 safe range.
    ⚠️  Applying scale factor: 100 (values will be divided)
    Saved predictions (quantiles) to /fslarge/scratch/users/h61084/codes/adaptime/outputs/adaptime/evaluations/bayes_covariate_prediction/univariate/Port_Activity/W/short/run_0/predictions.npz
    Computing per-window metrics...
    Saved metrics to /fslarge/scratch/users/h61084/codes/adaptime/outputs/adaptime/evaluations/bayes_covariate_prediction/univariate/Port_Activity/W/short/run_0/metrics.npz
    Saved config to /fslarge/scratch/users/h61084/codes/adaptime/outputs/adaptime/evaluations/bayes_covariate_prediction/univariate/Port_Activity/W/short/run_0/config.json
    Saved aggregate metrics to /fslarge/scratch/users/h61084/codes/adaptime/outputs/adaptime/evaluations/bayes_covariate_prediction/univariate/Port_Activity/W/short/run_0/metrics_summary.json
    Metrics summary (averaged over all series/windows/variates):
      MSE: 5957653731.7841
      MAE: 43832.3428
      RMSE: 53649.4112
      MAPE: 0.6274
      sMAPE: 0.3413
      MASE: 0.7792
      ND: 0.3371
      CRPS: 0.3371
/fslarge/scratch/users/h61084/codes/adaptime/outputs/adaptime/evaluations/bayes_covariate_prediction/univariate/Port_Activity/W/short/run_0/metrics_summary.json
TIME run allocation action=new run=/fslarge/scratch/users/h61084/codes/adaptime/outputs/adaptime/evaluations/full_ridge_shared/univariate/Port_Activity/W/short/run_0 launch_id=selena_adaptime_3275021 slurm_job_id=3275021 launched_at=2026-09-09T13:15:54.233959+00:00
    Total instances: 792, Series during experiment: 198, Windows: 4
    Collecting ground truth and context...
    Detected to_univariate case: 198 flat series -> 99 series x 2 variates
    Organizing data into arrays...
    ⚠️  Predictions max value (2522195.25) exceeds float16 safe range.
    ⚠️  Applying scale factor: 100 (values will be divided)
    Saved predictions (quantiles) to /fslarge/scratch/users/h61084/codes/adaptime/outputs/adaptime/evaluations/full_ridge_shared/univariate/Port_Activity/W/short/run_0/predictions.npz
    Computing per-window metrics...
    Saved metrics to /fslarge/scratch/users/h61084/codes/adaptime/outputs/adaptime/evaluations/full_ridge_shared/univariate/Port_Activity/W/short/run_0/metrics.npz
    Saved config to /fslarge/scratch/users/h61084/codes/adaptime/outputs/adaptime/evaluations/full_ridge_shared/univariate/Port_Activity/W/short/run_0/config.json
    Saved aggregate metrics to /fslarge/scratch/users/h61084/codes/adaptime/outputs/adaptime/evaluations/full_ridge_shared/univariate/Port_Activity/W/short/run_0/metrics_summary.json
    Metrics summary (averaged over all series/windows/variates):
      MSE: 5957653731.7841
      MAE: 43832.3428
      RMSE: 53649.4112
      MAPE: 0.6274
      sMAPE: 0.3413
      MASE: 0.7792
      ND: 0.3371
      CRPS: 0.3371
/fslarge/scratch/users/h61084/codes/adaptime/outputs/adaptime/evaluations/full_ridge_shared/univariate/Port_Activity/W/short/run_0/metrics_summary.json
TIME run allocation action=new run=/fslarge/scratch/users/h61084/codes/adaptime/outputs/adaptime/evaluations/vanilla/univariate/ECDC_COVID/D/short/run_0 launch_id=selena_adaptime_3275021 slurm_job_id=3275021 launched_at=2026-09-09T13:15:54.319095+00:00
    Total instances: 45, Series during experiment: 9, Windows: 5
    Collecting ground truth and context...
    Organizing data into arrays...
    Saved predictions (quantiles) to /fslarge/scratch/users/h61084/codes/adaptime/outputs/adaptime/evaluations/vanilla/univariate/ECDC_COVID/D/short/run_0/predictions.npz
    Computing per-window metrics...
    Saved metrics to /fslarge/scratch/users/h61084/codes/adaptime/outputs/adaptime/evaluations/vanilla/univariate/ECDC_COVID/D/short/run_0/metrics.npz
    Saved config to /fslarge/scratch/users/h61084/codes/adaptime/outputs/adaptime/evaluations/vanilla/univariate/ECDC_COVID/D/short/run_0/config.json
    Saved aggregate metrics to /fslarge/scratch/users/h61084/codes/adaptime/outputs/adaptime/evaluations/vanilla/univariate/ECDC_COVID/D/short/run_0/metrics_summary.json
    Metrics summary (averaged over all series/windows/variates):
      MSE: 50053.3006
      MAE: 122.2206
      RMSE: 143.2937
      MAPE: 0.5303
      sMAPE: 0.3391
      MASE: 3.2511
      ND: 0.4029
      CRPS: 0.4029
/fslarge/scratch/users/h61084/codes/adaptime/outputs/adaptime/evaluations/vanilla/univariate/ECDC_COVID/D/short/run_0/metrics_summary.json
TIME run allocation action=new run=/fslarge/scratch/users/h61084/codes/adaptime/outputs/adaptime/evaluations/covariate_prediction/univariate/ECDC_COVID/D/short/run_0 launch_id=selena_adaptime_3275021 slurm_job_id=3275021 launched_at=2026-09-09T13:15:54.352867+00:00
    Total instances: 45, Series during experiment: 9, Windows: 5
    Collecting ground truth and context...
    Organizing data into arrays...
    Saved predictions (quantiles) to /fslarge/scratch/users/h61084/codes/adaptime/outputs/adaptime/evaluations/covariate_prediction/univariate/ECDC_COVID/D/short/run_0/predictions.npz
    Computing per-window metrics...
    Saved metrics to /fslarge/scratch/users/h61084/codes/adaptime/outputs/adaptime/evaluations/covariate_prediction/univariate/ECDC_COVID/D/short/run_0/metrics.npz
    Saved config to /fslarge/scratch/users/h61084/codes/adaptime/outputs/adaptime/evaluations/covariate_prediction/univariate/ECDC_COVID/D/short/run_0/config.json
    Saved aggregate metrics to /fslarge/scratch/users/h61084/codes/adaptime/outputs/adaptime/evaluations/covariate_prediction/univariate/ECDC_COVID/D/short/run_0/metrics_summary.json
    Metrics summary (averaged over all series/windows/variates):
      MSE: 50053.3006
      MAE: 122.2206
      RMSE: 143.2937
      MAPE: 0.5303
      sMAPE: 0.3391
      MASE: 3.2511
      ND: 0.4029
      CRPS: 0.4029
/fslarge/scratch/users/h61084/codes/adaptime/outputs/adaptime/evaluations/covariate_prediction/univariate/ECDC_COVID/D/short/run_0/metrics_summary.json
TIME run allocation action=new run=/fslarge/scratch/users/h61084/codes/adaptime/outputs/adaptime/evaluations/bayes_covariate_prediction/univariate/ECDC_COVID/D/short/run_0 launch_id=selena_adaptime_3275021 slurm_job_id=3275021 launched_at=2026-09-09T13:15:54.383583+00:00
    Total instances: 45, Series during experiment: 9, Windows: 5
    Collecting ground truth and context...
    Organizing data into arrays...
    Saved predictions (quantiles) to /fslarge/scratch/users/h61084/codes/adaptime/outputs/adaptime/evaluations/bayes_covariate_prediction/univariate/ECDC_COVID/D/short/run_0/predictions.npz
    Computing per-window metrics...
    Saved metrics to /fslarge/scratch/users/h61084/codes/adaptime/outputs/adaptime/evaluations/bayes_covariate_prediction/univariate/ECDC_COVID/D/short/run_0/metrics.npz
    Saved config to /fslarge/scratch/users/h61084/codes/adaptime/outputs/adaptime/evaluations/bayes_covariate_prediction/univariate/ECDC_COVID/D/short/run_0/config.json
    Saved aggregate metrics to /fslarge/scratch/users/h61084/codes/adaptime/outputs/adaptime/evaluations/bayes_covariate_prediction/univariate/ECDC_COVID/D/short/run_0/metrics_summary.json
    Metrics summary (averaged over all series/windows/variates):
      MSE: 50053.3006
      MAE: 122.2206
      RMSE: 143.2937
      MAPE: 0.5303
      sMAPE: 0.3391
      MASE: 3.2511
      ND: 0.4029
      CRPS: 0.4029
/fslarge/scratch/users/h61084/codes/adaptime/outputs/adaptime/evaluations/bayes_covariate_prediction/univariate/ECDC_COVID/D/short/run_0/metrics_summary.json
TIME run allocation action=new run=/fslarge/scratch/users/h61084/codes/adaptime/outputs/adaptime/evaluations/full_ridge_shared/univariate/ECDC_COVID/D/short/run_0 launch_id=selena_adaptime_3275021 slurm_job_id=3275021 launched_at=2026-09-09T13:15:54.414528+00:00
    Total instances: 45, Series during experiment: 9, Windows: 5
    Collecting ground truth and context...
    Organizing data into arrays...
    Saved predictions (quantiles) to /fslarge/scratch/users/h61084/codes/adaptime/outputs/adaptime/evaluations/full_ridge_shared/univariate/ECDC_COVID/D/short/run_0/predictions.npz
    Computing per-window metrics...
    Saved metrics to /fslarge/scratch/users/h61084/codes/adaptime/outputs/adaptime/evaluations/full_ridge_shared/univariate/ECDC_COVID/D/short/run_0/metrics.npz
    Saved config to /fslarge/scratch/users/h61084/codes/adaptime/outputs/adaptime/evaluations/full_ridge_shared/univariate/ECDC_COVID/D/short/run_0/config.json
    Saved aggregate metrics to /fslarge/scratch/users/h61084/codes/adaptime/outputs/adaptime/evaluations/full_ridge_shared/univariate/ECDC_COVID/D/short/run_0/metrics_summary.json
    Metrics summary (averaged over all series/windows/variates):
      MSE: 50053.3006
      MAE: 122.2206
      RMSE: 143.2937
      MAPE: 0.5303
      sMAPE: 0.3391
      MASE: 3.2511
      ND: 0.4029
      CRPS: 0.4029
/fslarge/scratch/users/h61084/codes/adaptime/outputs/adaptime/evaluations/full_ridge_shared/univariate/ECDC_COVID/D/short/run_0/metrics_summary.json
TIME run allocation action=new run=/fslarge/scratch/users/h61084/codes/adaptime/outputs/adaptime/evaluations/vanilla/univariate/ECDC_COVID/W/short/run_0 launch_id=selena_adaptime_3275021 slurm_job_id=3275021 launched_at=2026-09-09T13:15:54.447153+00:00
    Total instances: 64, Series during experiment: 16, Windows: 4
    Collecting ground truth and context...
    Organizing data into arrays...
    Saved predictions (quantiles) to /fslarge/scratch/users/h61084/codes/adaptime/outputs/adaptime/evaluations/vanilla/univariate/ECDC_COVID/W/short/run_0/predictions.npz
    Computing per-window metrics...
    Saved metrics to /fslarge/scratch/users/h61084/codes/adaptime/outputs/adaptime/evaluations/vanilla/univariate/ECDC_COVID/W/short/run_0/metrics.npz
    Saved config to /fslarge/scratch/users/h61084/codes/adaptime/outputs/adaptime/evaluations/vanilla/univariate/ECDC_COVID/W/short/run_0/config.json
    Saved aggregate metrics to /fslarge/scratch/users/h61084/codes/adaptime/outputs/adaptime/evaluations/vanilla/univariate/ECDC_COVID/W/short/run_0/metrics_summary.json
    Metrics summary (averaged over all series/windows/variates):
      MSE: 2437815.8545
      MAE: 573.4415
      RMSE: 668.2329
      MAPE: 1.0931
      sMAPE: 0.5419
      MASE: 1.4614
      ND: 0.6585
      CRPS: 0.6585
/fslarge/scratch/users/h61084/codes/adaptime/outputs/adaptime/evaluations/vanilla/univariate/ECDC_COVID/W/short/run_0/metrics_summary.json
TIME run allocation action=new run=/fslarge/scratch/users/h61084/codes/adaptime/outputs/adaptime/evaluations/covariate_prediction/univariate/ECDC_COVID/W/short/run_0 launch_id=selena_adaptime_3275021 slurm_job_id=3275021 launched_at=2026-09-09T13:15:54.480077+00:00
    Total instances: 64, Series during experiment: 16, Windows: 4
    Collecting ground truth and context...
    Organizing data into arrays...
    Saved predictions (quantiles) to /fslarge/scratch/users/h61084/codes/adaptime/outputs/adaptime/evaluations/covariate_prediction/univariate/ECDC_COVID/W/short/run_0/predictions.npz
    Computing per-window metrics...
    Saved metrics to /fslarge/scratch/users/h61084/codes/adaptime/outputs/adaptime/evaluations/covariate_prediction/univariate/ECDC_COVID/W/short/run_0/metrics.npz
    Saved config to /fslarge/scratch/users/h61084/codes/adaptime/outputs/adaptime/evaluations/covariate_prediction/univariate/ECDC_COVID/W/short/run_0/config.json
    Saved aggregate metrics to /fslarge/scratch/users/h61084/codes/adaptime/outputs/adaptime/evaluations/covariate_prediction/univariate/ECDC_COVID/W/short/run_0/metrics_summary.json
    Metrics summary (averaged over all series/windows/variates):
      MSE: 2437815.8545
      MAE: 573.4415
      RMSE: 668.2329
      MAPE: 1.0931
      sMAPE: 0.5419
      MASE: 1.4614
      ND: 0.6585
      CRPS: 0.6585
/fslarge/scratch/users/h61084/codes/adaptime/outputs/adaptime/evaluations/covariate_prediction/univariate/ECDC_COVID/W/short/run_0/metrics_summary.json
TIME run allocation action=new run=/fslarge/scratch/users/h61084/codes/adaptime/outputs/adaptime/evaluations/bayes_covariate_prediction/univariate/ECDC_COVID/W/short/run_0 launch_id=selena_adaptime_3275021 slurm_job_id=3275021 launched_at=2026-09-09T13:15:54.510676+00:00
    Total instances: 64, Series during experiment: 16, Windows: 4
    Collecting ground truth and context...
    Organizing data into arrays...
    Saved predictions (quantiles) to /fslarge/scratch/users/h61084/codes/adaptime/outputs/adaptime/evaluations/bayes_covariate_prediction/univariate/ECDC_COVID/W/short/run_0/predictions.npz
    Computing per-window metrics...
    Saved metrics to /fslarge/scratch/users/h61084/codes/adaptime/outputs/adaptime/evaluations/bayes_covariate_prediction/univariate/ECDC_COVID/W/short/run_0/metrics.npz
    Saved config to /fslarge/scratch/users/h61084/codes/adaptime/outputs/adaptime/evaluations/bayes_covariate_prediction/univariate/ECDC_COVID/W/short/run_0/config.json
    Saved aggregate metrics to /fslarge/scratch/users/h61084/codes/adaptime/outputs/adaptime/evaluations/bayes_covariate_prediction/univariate/ECDC_COVID/W/short/run_0/metrics_summary.json
    Metrics summary (averaged over all series/windows/variates):
      MSE: 2437815.8545
      MAE: 573.4415
      RMSE: 668.2329
      MAPE: 1.0931
      sMAPE: 0.5419
      MASE: 1.4614
      ND: 0.6585
      CRPS: 0.6585
/fslarge/scratch/users/h61084/codes/adaptime/outputs/adaptime/evaluations/bayes_covariate_prediction/univariate/ECDC_COVID/W/short/run_0/metrics_summary.json
TIME run allocation action=new run=/fslarge/scratch/users/h61084/codes/adaptime/outputs/adaptime/evaluations/full_ridge_shared/univariate/ECDC_COVID/W/short/run_0 launch_id=selena_adaptime_3275021 slurm_job_id=3275021 launched_at=2026-09-09T13:15:54.541510+00:00
    Total instances: 64, Series during experiment: 16, Windows: 4
    Collecting ground truth and context...
    Organizing data into arrays...
    Saved predictions (quantiles) to /fslarge/scratch/users/h61084/codes/adaptime/outputs/adaptime/evaluations/full_ridge_shared/univariate/ECDC_COVID/W/short/run_0/predictions.npz
    Computing per-window metrics...
    Saved metrics to /fslarge/scratch/users/h61084/codes/adaptime/outputs/adaptime/evaluations/full_ridge_shared/univariate/ECDC_COVID/W/short/run_0/metrics.npz
    Saved config to /fslarge/scratch/users/h61084/codes/adaptime/outputs/adaptime/evaluations/full_ridge_shared/univariate/ECDC_COVID/W/short/run_0/config.json
    Saved aggregate metrics to /fslarge/scratch/users/h61084/codes/adaptime/outputs/adaptime/evaluations/full_ridge_shared/univariate/ECDC_COVID/W/short/run_0/metrics_summary.json
    Metrics summary (averaged over all series/windows/variates):
      MSE: 2437815.8545
      MAE: 573.4415
      RMSE: 668.2329
      MAPE: 1.0931
      sMAPE: 0.5419
      MASE: 1.4614
      ND: 0.6585
      CRPS: 0.6585
/fslarge/scratch/users/h61084/codes/adaptime/outputs/adaptime/evaluations/full_ridge_shared/univariate/ECDC_COVID/W/short/run_0/metrics_summary.json
TIME run allocation action=new run=/fslarge/scratch/users/h61084/codes/adaptime/outputs/adaptime/evaluations/vanilla/univariate/Global_Influenza/W/short/run_0 launch_id=selena_adaptime_3275021 slurm_job_id=3275021 launched_at=2026-09-09T13:15:54.573973+00:00
    Total instances: 240, Series during experiment: 60, Windows: 4
    Collecting ground truth and context...
    Detected to_univariate case: 60 flat series -> 15 series x 4 variates
    Organizing data into arrays...
    ⚠️  Predictions max value (76647.05) exceeds float16 safe range.
    ⚠️  Applying scale factor: 10 (values will be divided)
    Saved predictions (quantiles) to /fslarge/scratch/users/h61084/codes/adaptime/outputs/adaptime/evaluations/vanilla/univariate/Global_Influenza/W/short/run_0/predictions.npz
    Computing per-window metrics...
    Saved metrics to /fslarge/scratch/users/h61084/codes/adaptime/outputs/adaptime/evaluations/vanilla/univariate/Global_Influenza/W/short/run_0/metrics.npz
    Saved config to /fslarge/scratch/users/h61084/codes/adaptime/outputs/adaptime/evaluations/vanilla/univariate/Global_Influenza/W/short/run_0/config.json
    Saved aggregate metrics to /fslarge/scratch/users/h61084/codes/adaptime/outputs/adaptime/evaluations/vanilla/univariate/Global_Influenza/W/short/run_0/metrics_summary.json
    Metrics summary (averaged over all series/windows/variates):
      MSE: 2518066.9035
      MAE: 440.6013
      RMSE: 557.9441
      MAPE: 0.6219
      sMAPE: 0.4610
      MASE: 2.7027
      ND: 0.4612
      CRPS: 0.4612
/fslarge/scratch/users/h61084/codes/adaptime/outputs/adaptime/evaluations/vanilla/univariate/Global_Influenza/W/short/run_0/metrics_summary.json
TIME run allocation action=new run=/fslarge/scratch/users/h61084/codes/adaptime/outputs/adaptime/evaluations/covariate_prediction/univariate/Global_Influenza/W/short/run_0 launch_id=selena_adaptime_3275021 slurm_job_id=3275021 launched_at=2026-09-09T13:15:54.619593+00:00
    Total instances: 240, Series during experiment: 60, Windows: 4
    Collecting ground truth and context...
    Detected to_univariate case: 60 flat series -> 15 series x 4 variates
    Organizing data into arrays...
    ⚠️  Predictions max value (76647.05) exceeds float16 safe range.
    ⚠️  Applying scale factor: 10 (values will be divided)
    Saved predictions (quantiles) to /fslarge/scratch/users/h61084/codes/adaptime/outputs/adaptime/evaluations/covariate_prediction/univariate/Global_Influenza/W/short/run_0/predictions.npz
    Computing per-window metrics...
    Saved metrics to /fslarge/scratch/users/h61084/codes/adaptime/outputs/adaptime/evaluations/covariate_prediction/univariate/Global_Influenza/W/short/run_0/metrics.npz
    Saved config to /fslarge/scratch/users/h61084/codes/adaptime/outputs/adaptime/evaluations/covariate_prediction/univariate/Global_Influenza/W/short/run_0/config.json
    Saved aggregate metrics to /fslarge/scratch/users/h61084/codes/adaptime/outputs/adaptime/evaluations/covariate_prediction/univariate/Global_Influenza/W/short/run_0/metrics_summary.json
    Metrics summary (averaged over all series/windows/variates):
      MSE: 2518066.9035
      MAE: 440.6013
      RMSE: 557.9441
      MAPE: 0.6219
      sMAPE: 0.4610
      MASE: 2.7027
      ND: 0.4612
      CRPS: 0.4612
/fslarge/scratch/users/h61084/codes/adaptime/outputs/adaptime/evaluations/covariate_prediction/univariate/Global_Influenza/W/short/run_0/metrics_summary.json
TIME run allocation action=new run=/fslarge/scratch/users/h61084/codes/adaptime/outputs/adaptime/evaluations/bayes_covariate_prediction/univariate/Global_Influenza/W/short/run_0 launch_id=selena_adaptime_3275021 slurm_job_id=3275021 launched_at=2026-09-09T13:15:54.663117+00:00
    Total instances: 240, Series during experiment: 60, Windows: 4
    Collecting ground truth and context...
    Detected to_univariate case: 60 flat series -> 15 series x 4 variates
    Organizing data into arrays...
    ⚠️  Predictions max value (76647.05) exceeds float16 safe range.
    ⚠️  Applying scale factor: 10 (values will be divided)
    Saved predictions (quantiles) to /fslarge/scratch/users/h61084/codes/adaptime/outputs/adaptime/evaluations/bayes_covariate_prediction/univariate/Global_Influenza/W/short/run_0/predictions.npz
    Computing per-window metrics...
    Saved metrics to /fslarge/scratch/users/h61084/codes/adaptime/outputs/adaptime/evaluations/bayes_covariate_prediction/univariate/Global_Influenza/W/short/run_0/metrics.npz
    Saved config to /fslarge/scratch/users/h61084/codes/adaptime/outputs/adaptime/evaluations/bayes_covariate_prediction/univariate/Global_Influenza/W/short/run_0/config.json
    Saved aggregate metrics to /fslarge/scratch/users/h61084/codes/adaptime/outputs/adaptime/evaluations/bayes_covariate_prediction/univariate/Global_Influenza/W/short/run_0/metrics_summary.json
    Metrics summary (averaged over all series/windows/variates):
      MSE: 2518066.9035
      MAE: 440.6013
      RMSE: 557.9441
      MAPE: 0.6219
      sMAPE: 0.4610
      MASE: 2.7027
      ND: 0.4612
      CRPS: 0.4612
/fslarge/scratch/users/h61084/codes/adaptime/outputs/adaptime/evaluations/bayes_covariate_prediction/univariate/Global_Influenza/W/short/run_0/metrics_summary.json
TIME run allocation action=new run=/fslarge/scratch/users/h61084/codes/adaptime/outputs/adaptime/evaluations/full_ridge_shared/univariate/Global_Influenza/W/short/run_0 launch_id=selena_adaptime_3275021 slurm_job_id=3275021 launched_at=2026-09-09T13:15:54.706716+00:00
    Total instances: 240, Series during experiment: 60, Windows: 4
    Collecting ground truth and context...
    Detected to_univariate case: 60 flat series -> 15 series x 4 variates
    Organizing data into arrays...
    ⚠️  Predictions max value (76647.05) exceeds float16 safe range.
    ⚠️  Applying scale factor: 10 (values will be divided)
    Saved predictions (quantiles) to /fslarge/scratch/users/h61084/codes/adaptime/outputs/adaptime/evaluations/full_ridge_shared/univariate/Global_Influenza/W/short/run_0/predictions.npz
    Computing per-window metrics...
    Saved metrics to /fslarge/scratch/users/h61084/codes/adaptime/outputs/adaptime/evaluations/full_ridge_shared/univariate/Global_Influenza/W/short/run_0/metrics.npz
    Saved config to /fslarge/scratch/users/h61084/codes/adaptime/outputs/adaptime/evaluations/full_ridge_shared/univariate/Global_Influenza/W/short/run_0/config.json
    Saved aggregate metrics to /fslarge/scratch/users/h61084/codes/adaptime/outputs/adaptime/evaluations/full_ridge_shared/univariate/Global_Influenza/W/short/run_0/metrics_summary.json
    Metrics summary (averaged over all series/windows/variates):
      MSE: 2518066.9035
      MAE: 440.6013
      RMSE: 557.9441
      MAPE: 0.6219
      sMAPE: 0.4610
      MASE: 2.7027
      ND: 0.4612
      CRPS: 0.4612
/fslarge/scratch/users/h61084/codes/adaptime/outputs/adaptime/evaluations/full_ridge_shared/univariate/Global_Influenza/W/short/run_0/metrics_summary.json
TIME run allocation action=new run=/fslarge/scratch/users/h61084/codes/adaptime/outputs/adaptime/evaluations/vanilla/univariate/Crypto/D/short/run_0 launch_id=selena_adaptime_3275021 slurm_job_id=3275021 launched_at=2026-09-09T13:15:54.751980+00:00
    Total instances: 36, Series during experiment: 4, Windows: 9
    Collecting ground truth and context...
    Detected to_univariate case: 4 flat series -> 1 series x 4 variates
    Organizing data into arrays...
    ⚠️  Predictions max value (116893.29) exceeds float16 safe range.
    ⚠️  Applying scale factor: 10 (values will be divided)
    Saved predictions (quantiles) to /fslarge/scratch/users/h61084/codes/adaptime/outputs/adaptime/evaluations/vanilla/univariate/Crypto/D/short/run_0/predictions.npz
    Computing per-window metrics...
    Saved metrics to /fslarge/scratch/users/h61084/codes/adaptime/outputs/adaptime/evaluations/vanilla/univariate/Crypto/D/short/run_0/metrics.npz
    Saved config to /fslarge/scratch/users/h61084/codes/adaptime/outputs/adaptime/evaluations/vanilla/univariate/Crypto/D/short/run_0/config.json
    Saved aggregate metrics to /fslarge/scratch/users/h61084/codes/adaptime/outputs/adaptime/evaluations/vanilla/univariate/Crypto/D/short/run_0/metrics_summary.json
    Metrics summary (averaged over all series/windows/variates):
      MSE: 13407382.1244
      MAE: 1476.1535
      RMSE: 1767.7680
      MAPE: 0.0932
      sMAPE: 0.0935
      MASE: 6.4147
      ND: 0.0945
      CRPS: 0.0945
/fslarge/scratch/users/h61084/codes/adaptime/outputs/adaptime/evaluations/vanilla/univariate/Crypto/D/short/run_0/metrics_summary.json
TIME run allocation action=new run=/fslarge/scratch/users/h61084/codes/adaptime/outputs/adaptime/evaluations/covariate_prediction/univariate/Crypto/D/short/run_0 launch_id=selena_adaptime_3275021 slurm_job_id=3275021 launched_at=2026-09-09T13:15:54.786374+00:00
    Total instances: 36, Series during experiment: 4, Windows: 9
    Collecting ground truth and context...
    Detected to_univariate case: 4 flat series -> 1 series x 4 variates
    Organizing data into arrays...
    ⚠️  Predictions max value (116893.29) exceeds float16 safe range.
    ⚠️  Applying scale factor: 10 (values will be divided)
    Saved predictions (quantiles) to /fslarge/scratch/users/h61084/codes/adaptime/outputs/adaptime/evaluations/covariate_prediction/univariate/Crypto/D/short/run_0/predictions.npz
    Computing per-window metrics...
    Saved metrics to /fslarge/scratch/users/h61084/codes/adaptime/outputs/adaptime/evaluations/covariate_prediction/univariate/Crypto/D/short/run_0/metrics.npz
    Saved config to /fslarge/scratch/users/h61084/codes/adaptime/outputs/adaptime/evaluations/covariate_prediction/univariate/Crypto/D/short/run_0/config.json
    Saved aggregate metrics to /fslarge/scratch/users/h61084/codes/adaptime/outputs/adaptime/evaluations/covariate_prediction/univariate/Crypto/D/short/run_0/metrics_summary.json
    Metrics summary (averaged over all series/windows/variates):
      MSE: 13407382.1244
      MAE: 1476.1535
      RMSE: 1767.7680
      MAPE: 0.0932
      sMAPE: 0.0935
      MASE: 6.4147
      ND: 0.0945
      CRPS: 0.0945
/fslarge/scratch/users/h61084/codes/adaptime/outputs/adaptime/evaluations/covariate_prediction/univariate/Crypto/D/short/run_0/metrics_summary.json
TIME run allocation action=new run=/fslarge/scratch/users/h61084/codes/adaptime/outputs/adaptime/evaluations/bayes_covariate_prediction/univariate/Crypto/D/short/run_0 launch_id=selena_adaptime_3275021 slurm_job_id=3275021 launched_at=2026-09-09T13:15:54.817948+00:00
    Total instances: 36, Series during experiment: 4, Windows: 9
    Collecting ground truth and context...
    Detected to_univariate case: 4 flat series -> 1 series x 4 variates
    Organizing data into arrays...
    ⚠️  Predictions max value (116893.29) exceeds float16 safe range.
    ⚠️  Applying scale factor: 10 (values will be divided)
    Saved predictions (quantiles) to /fslarge/scratch/users/h61084/codes/adaptime/outputs/adaptime/evaluations/bayes_covariate_prediction/univariate/Crypto/D/short/run_0/predictions.npz
    Computing per-window metrics...
    Saved metrics to /fslarge/scratch/users/h61084/codes/adaptime/outputs/adaptime/evaluations/bayes_covariate_prediction/univariate/Crypto/D/short/run_0/metrics.npz
    Saved config to /fslarge/scratch/users/h61084/codes/adaptime/outputs/adaptime/evaluations/bayes_covariate_prediction/univariate/Crypto/D/short/run_0/config.json
    Saved aggregate metrics to /fslarge/scratch/users/h61084/codes/adaptime/outputs/adaptime/evaluations/bayes_covariate_prediction/univariate/Crypto/D/short/run_0/metrics_summary.json
    Metrics summary (averaged over all series/windows/variates):
      MSE: 13407382.1244
      MAE: 1476.1535
      RMSE: 1767.7680
      MAPE: 0.0932
      sMAPE: 0.0935
      MASE: 6.4147
      ND: 0.0945
      CRPS: 0.0945
/fslarge/scratch/users/h61084/codes/adaptime/outputs/adaptime/evaluations/bayes_covariate_prediction/univariate/Crypto/D/short/run_0/metrics_summary.json
TIME run allocation action=new run=/fslarge/scratch/users/h61084/codes/adaptime/outputs/adaptime/evaluations/full_ridge_shared/univariate/Crypto/D/short/run_0 launch_id=selena_adaptime_3275021 slurm_job_id=3275021 launched_at=2026-09-09T13:15:54.849573+00:00
    Total instances: 36, Series during experiment: 4, Windows: 9
    Collecting ground truth and context...
    Detected to_univariate case: 4 flat series -> 1 series x 4 variates
    Organizing data into arrays...
    ⚠️  Predictions max value (116893.29) exceeds float16 safe range.
    ⚠️  Applying scale factor: 10 (values will be divided)
    Saved predictions (quantiles) to /fslarge/scratch/users/h61084/codes/adaptime/outputs/adaptime/evaluations/full_ridge_shared/univariate/Crypto/D/short/run_0/predictions.npz
    Computing per-window metrics...
    Saved metrics to /fslarge/scratch/users/h61084/codes/adaptime/outputs/adaptime/evaluations/full_ridge_shared/univariate/Crypto/D/short/run_0/metrics.npz
    Saved config to /fslarge/scratch/users/h61084/codes/adaptime/outputs/adaptime/evaluations/full_ridge_shared/univariate/Crypto/D/short/run_0/config.json
    Saved aggregate metrics to /fslarge/scratch/users/h61084/codes/adaptime/outputs/adaptime/evaluations/full_ridge_shared/univariate/Crypto/D/short/run_0/metrics_summary.json
    Metrics summary (averaged over all series/windows/variates):
      MSE: 13407382.1244
      MAE: 1476.1535
      RMSE: 1767.7680
      MAPE: 0.0932
      sMAPE: 0.0935
      MASE: 6.4147
      ND: 0.0945
      CRPS: 0.0945
/fslarge/scratch/users/h61084/codes/adaptime/outputs/adaptime/evaluations/full_ridge_shared/univariate/Crypto/D/short/run_0/metrics_summary.json
TIME run allocation action=new run=/fslarge/scratch/users/h61084/codes/adaptime/outputs/adaptime/evaluations/vanilla/univariate/US_Term_Structure/B/short/run_0 launch_id=selena_adaptime_3275021 slurm_job_id=3275021 launched_at=2026-09-09T13:15:54.883194+00:00
    Total instances: 1400, Series during experiment: 40, Windows: 35
    Collecting ground truth and context...
    Detected to_univariate case: 40 flat series -> 1 series x 40 variates
    Organizing data into arrays...
    Saved predictions (quantiles) to /fslarge/scratch/users/h61084/codes/adaptime/outputs/adaptime/evaluations/vanilla/univariate/US_Term_Structure/B/short/run_0/predictions.npz
    Computing per-window metrics...
    Saved metrics to /fslarge/scratch/users/h61084/codes/adaptime/outputs/adaptime/evaluations/vanilla/univariate/US_Term_Structure/B/short/run_0/metrics.npz
    Saved config to /fslarge/scratch/users/h61084/codes/adaptime/outputs/adaptime/evaluations/vanilla/univariate/US_Term_Structure/B/short/run_0/config.json
    Saved aggregate metrics to /fslarge/scratch/users/h61084/codes/adaptime/outputs/adaptime/evaluations/vanilla/univariate/US_Term_Structure/B/short/run_0/metrics_summary.json
    Metrics summary (averaged over all series/windows/variates):
      MSE: 0.0231
      MAE: 0.1021
      RMSE: 0.1227
      MAPE: 0.9472
      sMAPE: 0.2692
      MASE: 1.4983
      ND: 0.2605
      CRPS: 0.2605
/fslarge/scratch/users/h61084/codes/adaptime/outputs/adaptime/evaluations/vanilla/univariate/US_Term_Structure/B/short/run_0/metrics_summary.json
TIME run allocation action=new run=/fslarge/scratch/users/h61084/codes/adaptime/outputs/adaptime/evaluations/covariate_prediction/univariate/US_Term_Structure/B/short/run_0 launch_id=selena_adaptime_3275021 slurm_job_id=3275021 launched_at=2026-09-09T13:15:55.140409+00:00
    Total instances: 1400, Series during experiment: 40, Windows: 35
    Collecting ground truth and context...
    Detected to_univariate case: 40 flat series -> 1 series x 40 variates
    Organizing data into arrays...
    Saved predictions (quantiles) to /fslarge/scratch/users/h61084/codes/adaptime/outputs/adaptime/evaluations/covariate_prediction/univariate/US_Term_Structure/B/short/run_0/predictions.npz
    Computing per-window metrics...
    Saved metrics to /fslarge/scratch/users/h61084/codes/adaptime/outputs/adaptime/evaluations/covariate_prediction/univariate/US_Term_Structure/B/short/run_0/metrics.npz
    Saved config to /fslarge/scratch/users/h61084/codes/adaptime/outputs/adaptime/evaluations/covariate_prediction/univariate/US_Term_Structure/B/short/run_0/config.json
    Saved aggregate metrics to /fslarge/scratch/users/h61084/codes/adaptime/outputs/adaptime/evaluations/covariate_prediction/univariate/US_Term_Structure/B/short/run_0/metrics_summary.json
    Metrics summary (averaged over all series/windows/variates):
      MSE: 0.0231
      MAE: 0.1021
      RMSE: 0.1227
      MAPE: 0.9472
      sMAPE: 0.2692
      MASE: 1.4983
      ND: 0.2605
      CRPS: 0.2605
/fslarge/scratch/users/h61084/codes/adaptime/outputs/adaptime/evaluations/covariate_prediction/univariate/US_Term_Structure/B/short/run_0/metrics_summary.json
TIME run allocation action=new run=/fslarge/scratch/users/h61084/codes/adaptime/outputs/adaptime/evaluations/bayes_covariate_prediction/univariate/US_Term_Structure/B/short/run_0 launch_id=selena_adaptime_3275021 slurm_job_id=3275021 launched_at=2026-09-09T13:15:55.392359+00:00
    Total instances: 1400, Series during experiment: 40, Windows: 35
    Collecting ground truth and context...
    Detected to_univariate case: 40 flat series -> 1 series x 40 variates
    Organizing data into arrays...
    Saved predictions (quantiles) to /fslarge/scratch/users/h61084/codes/adaptime/outputs/adaptime/evaluations/bayes_covariate_prediction/univariate/US_Term_Structure/B/short/run_0/predictions.npz
    Computing per-window metrics...
    Saved metrics to /fslarge/scratch/users/h61084/codes/adaptime/outputs/adaptime/evaluations/bayes_covariate_prediction/univariate/US_Term_Structure/B/short/run_0/metrics.npz
    Saved config to /fslarge/scratch/users/h61084/codes/adaptime/outputs/adaptime/evaluations/bayes_covariate_prediction/univariate/US_Term_Structure/B/short/run_0/config.json
    Saved aggregate metrics to /fslarge/scratch/users/h61084/codes/adaptime/outputs/adaptime/evaluations/bayes_covariate_prediction/univariate/US_Term_Structure/B/short/run_0/metrics_summary.json
    Metrics summary (averaged over all series/windows/variates):
      MSE: 0.0231
      MAE: 0.1021
      RMSE: 0.1227
      MAPE: 0.9472
      sMAPE: 0.2692
      MASE: 1.4983
      ND: 0.2605
      CRPS: 0.2605
/fslarge/scratch/users/h61084/codes/adaptime/outputs/adaptime/evaluations/bayes_covariate_prediction/univariate/US_Term_Structure/B/short/run_0/metrics_summary.json
TIME run allocation action=new run=/fslarge/scratch/users/h61084/codes/adaptime/outputs/adaptime/evaluations/full_ridge_shared/univariate/US_Term_Structure/B/short/run_0 launch_id=selena_adaptime_3275021 slurm_job_id=3275021 launched_at=2026-09-09T13:15:55.642681+00:00
    Total instances: 1400, Series during experiment: 40, Windows: 35
    Collecting ground truth and context...
    Detected to_univariate case: 40 flat series -> 1 series x 40 variates
    Organizing data into arrays...
    Saved predictions (quantiles) to /fslarge/scratch/users/h61084/codes/adaptime/outputs/adaptime/evaluations/full_ridge_shared/univariate/US_Term_Structure/B/short/run_0/predictions.npz
    Computing per-window metrics...
    Saved metrics to /fslarge/scratch/users/h61084/codes/adaptime/outputs/adaptime/evaluations/full_ridge_shared/univariate/US_Term_Structure/B/short/run_0/metrics.npz
    Saved config to /fslarge/scratch/users/h61084/codes/adaptime/outputs/adaptime/evaluations/full_ridge_shared/univariate/US_Term_Structure/B/short/run_0/config.json
    Saved aggregate metrics to /fslarge/scratch/users/h61084/codes/adaptime/outputs/adaptime/evaluations/full_ridge_shared/univariate/US_Term_Structure/B/short/run_0/metrics_summary.json
    Metrics summary (averaged over all series/windows/variates):
      MSE: 0.0231
      MAE: 0.1021
      RMSE: 0.1227
      MAPE: 0.9472
      sMAPE: 0.2692
      MASE: 1.4983
      ND: 0.2605
      CRPS: 0.2605
/fslarge/scratch/users/h61084/codes/adaptime/outputs/adaptime/evaluations/full_ridge_shared/univariate/US_Term_Structure/B/short/run_0/metrics_summary.json
TIME run allocation action=new run=/fslarge/scratch/users/h61084/codes/adaptime/outputs/adaptime/evaluations/vanilla/univariate/Oil_Price/B/short/run_0 launch_id=selena_adaptime_3275021 slurm_job_id=3275021 launched_at=2026-09-09T13:15:55.892389+00:00
    Total instances: 420, Series during experiment: 12, Windows: 35
    Collecting ground truth and context...
    Detected to_univariate case: 12 flat series -> 1 series x 12 variates
    Organizing data into arrays...
    Saved predictions (quantiles) to /fslarge/scratch/users/h61084/codes/adaptime/outputs/adaptime/evaluations/vanilla/univariate/Oil_Price/B/short/run_0/predictions.npz
    Computing per-window metrics...
    Saved metrics to /fslarge/scratch/users/h61084/codes/adaptime/outputs/adaptime/evaluations/vanilla/univariate/Oil_Price/B/short/run_0/metrics.npz
    Saved config to /fslarge/scratch/users/h61084/codes/adaptime/outputs/adaptime/evaluations/vanilla/univariate/Oil_Price/B/short/run_0/config.json
    Saved aggregate metrics to /fslarge/scratch/users/h61084/codes/adaptime/outputs/adaptime/evaluations/vanilla/univariate/Oil_Price/B/short/run_0/metrics_summary.json
    Metrics summary (averaged over all series/windows/variates):
      MSE: 3.0768
      MAE: 0.6699
      RMSE: 0.7766
      MAPE: 0.0572
      sMAPE: 0.0563
      MASE: 1.3665
      ND: 0.0568
      CRPS: 0.0568
/fslarge/scratch/users/h61084/codes/adaptime/outputs/adaptime/evaluations/vanilla/univariate/Oil_Price/B/short/run_0/metrics_summary.json
TIME run allocation action=new run=/fslarge/scratch/users/h61084/codes/adaptime/outputs/adaptime/evaluations/covariate_prediction/univariate/Oil_Price/B/short/run_0 launch_id=selena_adaptime_3275021 slurm_job_id=3275021 launched_at=2026-09-09T13:15:55.969155+00:00
    Total instances: 420, Series during experiment: 12, Windows: 35
    Collecting ground truth and context...
    Detected to_univariate case: 12 flat series -> 1 series x 12 variates
    Organizing data into arrays...
    Saved predictions (quantiles) to /fslarge/scratch/users/h61084/codes/adaptime/outputs/adaptime/evaluations/covariate_prediction/univariate/Oil_Price/B/short/run_0/predictions.npz
    Computing per-window metrics...
    Saved metrics to /fslarge/scratch/users/h61084/codes/adaptime/outputs/adaptime/evaluations/covariate_prediction/univariate/Oil_Price/B/short/run_0/metrics.npz
    Saved config to /fslarge/scratch/users/h61084/codes/adaptime/outputs/adaptime/evaluations/covariate_prediction/univariate/Oil_Price/B/short/run_0/config.json
    Saved aggregate metrics to /fslarge/scratch/users/h61084/codes/adaptime/outputs/adaptime/evaluations/covariate_prediction/univariate/Oil_Price/B/short/run_0/metrics_summary.json
    Metrics summary (averaged over all series/windows/variates):
      MSE: 3.0768
      MAE: 0.6699
      RMSE: 0.7766
      MAPE: 0.0572
      sMAPE: 0.0563
      MASE: 1.3665
      ND: 0.0568
      CRPS: 0.0568
/fslarge/scratch/users/h61084/codes/adaptime/outputs/adaptime/evaluations/covariate_prediction/univariate/Oil_Price/B/short/run_0/metrics_summary.json
TIME run allocation action=new run=/fslarge/scratch/users/h61084/codes/adaptime/outputs/adaptime/evaluations/bayes_covariate_prediction/univariate/Oil_Price/B/short/run_0 launch_id=selena_adaptime_3275021 slurm_job_id=3275021 launched_at=2026-09-09T13:15:56.042629+00:00
    Total instances: 420, Series during experiment: 12, Windows: 35
    Collecting ground truth and context...
    Detected to_univariate case: 12 flat series -> 1 series x 12 variates
    Organizing data into arrays...
    Saved predictions (quantiles) to /fslarge/scratch/users/h61084/codes/adaptime/outputs/adaptime/evaluations/bayes_covariate_prediction/univariate/Oil_Price/B/short/run_0/predictions.npz
    Computing per-window metrics...
    Saved metrics to /fslarge/scratch/users/h61084/codes/adaptime/outputs/adaptime/evaluations/bayes_covariate_prediction/univariate/Oil_Price/B/short/run_0/metrics.npz
    Saved config to /fslarge/scratch/users/h61084/codes/adaptime/outputs/adaptime/evaluations/bayes_covariate_prediction/univariate/Oil_Price/B/short/run_0/config.json
    Saved aggregate metrics to /fslarge/scratch/users/h61084/codes/adaptime/outputs/adaptime/evaluations/bayes_covariate_prediction/univariate/Oil_Price/B/short/run_0/metrics_summary.json
    Metrics summary (averaged over all series/windows/variates):
      MSE: 3.0768
      MAE: 0.6699
      RMSE: 0.7766
      MAPE: 0.0572
      sMAPE: 0.0563
      MASE: 1.3665
      ND: 0.0568
      CRPS: 0.0568
/fslarge/scratch/users/h61084/codes/adaptime/outputs/adaptime/evaluations/bayes_covariate_prediction/univariate/Oil_Price/B/short/run_0/metrics_summary.json
TIME run allocation action=new run=/fslarge/scratch/users/h61084/codes/adaptime/outputs/adaptime/evaluations/full_ridge_shared/univariate/Oil_Price/B/short/run_0 launch_id=selena_adaptime_3275021 slurm_job_id=3275021 launched_at=2026-09-09T13:15:56.115970+00:00
    Total instances: 420, Series during experiment: 12, Windows: 35
    Collecting ground truth and context...
    Detected to_univariate case: 12 flat series -> 1 series x 12 variates
    Organizing data into arrays...
    Saved predictions (quantiles) to /fslarge/scratch/users/h61084/codes/adaptime/outputs/adaptime/evaluations/full_ridge_shared/univariate/Oil_Price/B/short/run_0/predictions.npz
    Computing per-window metrics...
    Saved metrics to /fslarge/scratch/users/h61084/codes/adaptime/outputs/adaptime/evaluations/full_ridge_shared/univariate/Oil_Price/B/short/run_0/metrics.npz
    Saved config to /fslarge/scratch/users/h61084/codes/adaptime/outputs/adaptime/evaluations/full_ridge_shared/univariate/Oil_Price/B/short/run_0/config.json
    Saved aggregate metrics to /fslarge/scratch/users/h61084/codes/adaptime/outputs/adaptime/evaluations/full_ridge_shared/univariate/Oil_Price/B/short/run_0/metrics_summary.json
    Metrics summary (averaged over all series/windows/variates):
      MSE: 3.0768
      MAE: 0.6699
      RMSE: 0.7766
      MAPE: 0.0572
      sMAPE: 0.0563
      MASE: 1.3665
      ND: 0.0568
      CRPS: 0.0568
/fslarge/scratch/users/h61084/codes/adaptime/outputs/adaptime/evaluations/full_ridge_shared/univariate/Oil_Price/B/short/run_0/metrics_summary.json
TIME run allocation action=new run=/fslarge/scratch/users/h61084/codes/adaptime/outputs/adaptime/evaluations/vanilla/univariate/Job_Claims/W/short/run_0 launch_id=selena_adaptime_3275021 slurm_job_id=3275021 launched_at=2026-09-09T13:15:56.190871+00:00
    Total instances: 8, Series during experiment: 2, Windows: 4
    Collecting ground truth and context...
    Detected to_univariate case: 2 flat series -> 1 series x 2 variates
    Organizing data into arrays...
    ⚠️  Predictions max value (1959527.38) exceeds float16 safe range.
    ⚠️  Applying scale factor: 100 (values will be divided)
    Saved predictions (quantiles) to /fslarge/scratch/users/h61084/codes/adaptime/outputs/adaptime/evaluations/vanilla/univariate/Job_Claims/W/short/run_0/predictions.npz
    Computing per-window metrics...
    Saved metrics to /fslarge/scratch/users/h61084/codes/adaptime/outputs/adaptime/evaluations/vanilla/univariate/Job_Claims/W/short/run_0/metrics.npz
    Saved config to /fslarge/scratch/users/h61084/codes/adaptime/outputs/adaptime/evaluations/vanilla/univariate/Job_Claims/W/short/run_0/config.json
    Saved aggregate metrics to /fslarge/scratch/users/h61084/codes/adaptime/outputs/adaptime/evaluations/vanilla/univariate/Job_Claims/W/short/run_0/metrics_summary.json
    Metrics summary (averaged over all series/windows/variates):
      MSE: 773731298.4361
      MAE: 18364.7165
      RMSE: 21751.8964
      MAPE: 0.0249
      sMAPE: 0.0252
      MASE: 3.1949
      ND: 0.0250
      CRPS: 0.0250
/fslarge/scratch/users/h61084/codes/adaptime/outputs/adaptime/evaluations/vanilla/univariate/Job_Claims/W/short/run_0/metrics_summary.json
TIME run allocation action=new run=/fslarge/scratch/users/h61084/codes/adaptime/outputs/adaptime/evaluations/covariate_prediction/univariate/Job_Claims/W/short/run_0 launch_id=selena_adaptime_3275021 slurm_job_id=3275021 launched_at=2026-09-09T13:15:56.220815+00:00
    Total instances: 8, Series during experiment: 2, Windows: 4
    Collecting ground truth and context...
    Detected to_univariate case: 2 flat series -> 1 series x 2 variates
    Organizing data into arrays...
    ⚠️  Predictions max value (1959527.38) exceeds float16 safe range.
    ⚠️  Applying scale factor: 100 (values will be divided)
    Saved predictions (quantiles) to /fslarge/scratch/users/h61084/codes/adaptime/outputs/adaptime/evaluations/covariate_prediction/univariate/Job_Claims/W/short/run_0/predictions.npz
    Computing per-window metrics...
    Saved metrics to /fslarge/scratch/users/h61084/codes/adaptime/outputs/adaptime/evaluations/covariate_prediction/univariate/Job_Claims/W/short/run_0/metrics.npz
    Saved config to /fslarge/scratch/users/h61084/codes/adaptime/outputs/adaptime/evaluations/covariate_prediction/univariate/Job_Claims/W/short/run_0/config.json
    Saved aggregate metrics to /fslarge/scratch/users/h61084/codes/adaptime/outputs/adaptime/evaluations/covariate_prediction/univariate/Job_Claims/W/short/run_0/metrics_summary.json
    Metrics summary (averaged over all series/windows/variates):
      MSE: 773731298.4361
      MAE: 18364.7165
      RMSE: 21751.8964
      MAPE: 0.0249
      sMAPE: 0.0252
      MASE: 3.1949
      ND: 0.0250
      CRPS: 0.0250
/fslarge/scratch/users/h61084/codes/adaptime/outputs/adaptime/evaluations/covariate_prediction/univariate/Job_Claims/W/short/run_0/metrics_summary.json
TIME run allocation action=new run=/fslarge/scratch/users/h61084/codes/adaptime/outputs/adaptime/evaluations/bayes_covariate_prediction/univariate/Job_Claims/W/short/run_0 launch_id=selena_adaptime_3275021 slurm_job_id=3275021 launched_at=2026-09-09T13:15:56.248703+00:00
    Total instances: 8, Series during experiment: 2, Windows: 4
    Collecting ground truth and context...
    Detected to_univariate case: 2 flat series -> 1 series x 2 variates
    Organizing data into arrays...
    ⚠️  Predictions max value (1959527.38) exceeds float16 safe range.
    ⚠️  Applying scale factor: 100 (values will be divided)
    Saved predictions (quantiles) to /fslarge/scratch/users/h61084/codes/adaptime/outputs/adaptime/evaluations/bayes_covariate_prediction/univariate/Job_Claims/W/short/run_0/predictions.npz
    Computing per-window metrics...
    Saved metrics to /fslarge/scratch/users/h61084/codes/adaptime/outputs/adaptime/evaluations/bayes_covariate_prediction/univariate/Job_Claims/W/short/run_0/metrics.npz
    Saved config to /fslarge/scratch/users/h61084/codes/adaptime/outputs/adaptime/evaluations/bayes_covariate_prediction/univariate/Job_Claims/W/short/run_0/config.json
    Saved aggregate metrics to /fslarge/scratch/users/h61084/codes/adaptime/outputs/adaptime/evaluations/bayes_covariate_prediction/univariate/Job_Claims/W/short/run_0/metrics_summary.json
    Metrics summary (averaged over all series/windows/variates):
      MSE: 773731298.4361
      MAE: 18364.7165
      RMSE: 21751.8964
      MAPE: 0.0249
      sMAPE: 0.0252
      MASE: 3.1949
      ND: 0.0250
      CRPS: 0.0250
/fslarge/scratch/users/h61084/codes/adaptime/outputs/adaptime/evaluations/bayes_covariate_prediction/univariate/Job_Claims/W/short/run_0/metrics_summary.json
TIME run allocation action=new run=/fslarge/scratch/users/h61084/codes/adaptime/outputs/adaptime/evaluations/full_ridge_shared/univariate/Job_Claims/W/short/run_0 launch_id=selena_adaptime_3275021 slurm_job_id=3275021 launched_at=2026-09-09T13:15:56.276042+00:00
    Total instances: 8, Series during experiment: 2, Windows: 4
    Collecting ground truth and context...
    Detected to_univariate case: 2 flat series -> 1 series x 2 variates
    Organizing data into arrays...
    ⚠️  Predictions max value (1959527.38) exceeds float16 safe range.
    ⚠️  Applying scale factor: 100 (values will be divided)
    Saved predictions (quantiles) to /fslarge/scratch/users/h61084/codes/adaptime/outputs/adaptime/evaluations/full_ridge_shared/univariate/Job_Claims/W/short/run_0/predictions.npz
    Computing per-window metrics...
    Saved metrics to /fslarge/scratch/users/h61084/codes/adaptime/outputs/adaptime/evaluations/full_ridge_shared/univariate/Job_Claims/W/short/run_0/metrics.npz
    Saved config to /fslarge/scratch/users/h61084/codes/adaptime/outputs/adaptime/evaluations/full_ridge_shared/univariate/Job_Claims/W/short/run_0/config.json
    Saved aggregate metrics to /fslarge/scratch/users/h61084/codes/adaptime/outputs/adaptime/evaluations/full_ridge_shared/univariate/Job_Claims/W/short/run_0/metrics_summary.json
    Metrics summary (averaged over all series/windows/variates):
      MSE: 773731298.4361
      MAE: 18364.7165
      RMSE: 21751.8964
      MAPE: 0.0249
      sMAPE: 0.0252
      MASE: 3.1949
      ND: 0.0250
      CRPS: 0.0250
/fslarge/scratch/users/h61084/codes/adaptime/outputs/adaptime/evaluations/full_ridge_shared/univariate/Job_Claims/W/short/run_0/metrics_summary.json
TIME run allocation action=new run=/fslarge/scratch/users/h61084/codes/adaptime/outputs/adaptime/evaluations/vanilla/univariate/Uncertainty_1M/M/short/run_0 launch_id=selena_adaptime_3275021 slurm_job_id=3275021 launched_at=2026-09-09T13:15:56.305812+00:00
    Total instances: 21, Series during experiment: 3, Windows: 7
    Collecting ground truth and context...
    Detected to_univariate case: 3 flat series -> 1 series x 3 variates
    Organizing data into arrays...
    Saved predictions (quantiles) to /fslarge/scratch/users/h61084/codes/adaptime/outputs/adaptime/evaluations/vanilla/univariate/Uncertainty_1M/M/short/run_0/predictions.npz
    Computing per-window metrics...
    Saved metrics to /fslarge/scratch/users/h61084/codes/adaptime/outputs/adaptime/evaluations/vanilla/univariate/Uncertainty_1M/M/short/run_0/metrics.npz
    Saved config to /fslarge/scratch/users/h61084/codes/adaptime/outputs/adaptime/evaluations/vanilla/univariate/Uncertainty_1M/M/short/run_0/config.json
    Saved aggregate metrics to /fslarge/scratch/users/h61084/codes/adaptime/outputs/adaptime/evaluations/vanilla/univariate/Uncertainty_1M/M/short/run_0/metrics_summary.json
    Metrics summary (averaged over all series/windows/variates):
      MSE: 0.0012
      MAE: 0.0268
      RMSE: 0.0305
      MAPE: 0.0333
      sMAPE: 0.0328
      MASE: 0.3320
      ND: 0.0330
      CRPS: 0.0330
/fslarge/scratch/users/h61084/codes/adaptime/outputs/adaptime/evaluations/vanilla/univariate/Uncertainty_1M/M/short/run_0/metrics_summary.json
TIME run allocation action=new run=/fslarge/scratch/users/h61084/codes/adaptime/outputs/adaptime/evaluations/covariate_prediction/univariate/Uncertainty_1M/M/short/run_0 launch_id=selena_adaptime_3275021 slurm_job_id=3275021 launched_at=2026-09-09T13:15:56.337087+00:00
    Total instances: 21, Series during experiment: 3, Windows: 7
    Collecting ground truth and context...
    Detected to_univariate case: 3 flat series -> 1 series x 3 variates
    Organizing data into arrays...
    Saved predictions (quantiles) to /fslarge/scratch/users/h61084/codes/adaptime/outputs/adaptime/evaluations/covariate_prediction/univariate/Uncertainty_1M/M/short/run_0/predictions.npz
    Computing per-window metrics...
    Saved metrics to /fslarge/scratch/users/h61084/codes/adaptime/outputs/adaptime/evaluations/covariate_prediction/univariate/Uncertainty_1M/M/short/run_0/metrics.npz
    Saved config to /fslarge/scratch/users/h61084/codes/adaptime/outputs/adaptime/evaluations/covariate_prediction/univariate/Uncertainty_1M/M/short/run_0/config.json
    Saved aggregate metrics to /fslarge/scratch/users/h61084/codes/adaptime/outputs/adaptime/evaluations/covariate_prediction/univariate/Uncertainty_1M/M/short/run_0/metrics_summary.json
    Metrics summary (averaged over all series/windows/variates):
      MSE: 0.0012
      MAE: 0.0268
      RMSE: 0.0305
      MAPE: 0.0333
      sMAPE: 0.0328
      MASE: 0.3320
      ND: 0.0330
      CRPS: 0.0330
/fslarge/scratch/users/h61084/codes/adaptime/outputs/adaptime/evaluations/covariate_prediction/univariate/Uncertainty_1M/M/short/run_0/metrics_summary.json
TIME run allocation action=new run=/fslarge/scratch/users/h61084/codes/adaptime/outputs/adaptime/evaluations/bayes_covariate_prediction/univariate/Uncertainty_1M/M/short/run_0 launch_id=selena_adaptime_3275021 slurm_job_id=3275021 launched_at=2026-09-09T13:15:56.365828+00:00
    Total instances: 21, Series during experiment: 3, Windows: 7
    Collecting ground truth and context...
    Detected to_univariate case: 3 flat series -> 1 series x 3 variates
    Organizing data into arrays...
    Saved predictions (quantiles) to /fslarge/scratch/users/h61084/codes/adaptime/outputs/adaptime/evaluations/bayes_covariate_prediction/univariate/Uncertainty_1M/M/short/run_0/predictions.npz
    Computing per-window metrics...
    Saved metrics to /fslarge/scratch/users/h61084/codes/adaptime/outputs/adaptime/evaluations/bayes_covariate_prediction/univariate/Uncertainty_1M/M/short/run_0/metrics.npz
    Saved config to /fslarge/scratch/users/h61084/codes/adaptime/outputs/adaptime/evaluations/bayes_covariate_prediction/univariate/Uncertainty_1M/M/short/run_0/config.json
    Saved aggregate metrics to /fslarge/scratch/users/h61084/codes/adaptime/outputs/adaptime/evaluations/bayes_covariate_prediction/univariate/Uncertainty_1M/M/short/run_0/metrics_summary.json
    Metrics summary (averaged over all series/windows/variates):
      MSE: 0.0012
      MAE: 0.0268
      RMSE: 0.0305
      MAPE: 0.0333
      sMAPE: 0.0328
      MASE: 0.3320
      ND: 0.0330
      CRPS: 0.0330
/fslarge/scratch/users/h61084/codes/adaptime/outputs/adaptime/evaluations/bayes_covariate_prediction/univariate/Uncertainty_1M/M/short/run_0/metrics_summary.json
TIME run allocation action=new run=/fslarge/scratch/users/h61084/codes/adaptime/outputs/adaptime/evaluations/full_ridge_shared/univariate/Uncertainty_1M/M/short/run_0 launch_id=selena_adaptime_3275021 slurm_job_id=3275021 launched_at=2026-09-09T13:15:56.394663+00:00
    Total instances: 21, Series during experiment: 3, Windows: 7
    Collecting ground truth and context...
    Detected to_univariate case: 3 flat series -> 1 series x 3 variates
    Organizing data into arrays...
    Saved predictions (quantiles) to /fslarge/scratch/users/h61084/codes/adaptime/outputs/adaptime/evaluations/full_ridge_shared/univariate/Uncertainty_1M/M/short/run_0/predictions.npz
    Computing per-window metrics...
    Saved metrics to /fslarge/scratch/users/h61084/codes/adaptime/outputs/adaptime/evaluations/full_ridge_shared/univariate/Uncertainty_1M/M/short/run_0/metrics.npz
    Saved config to /fslarge/scratch/users/h61084/codes/adaptime/outputs/adaptime/evaluations/full_ridge_shared/univariate/Uncertainty_1M/M/short/run_0/config.json
    Saved aggregate metrics to /fslarge/scratch/users/h61084/codes/adaptime/outputs/adaptime/evaluations/full_ridge_shared/univariate/Uncertainty_1M/M/short/run_0/metrics_summary.json
    Metrics summary (averaged over all series/windows/variates):
      MSE: 0.0012
      MAE: 0.0268
      RMSE: 0.0305
      MAPE: 0.0333
      sMAPE: 0.0328
      MASE: 0.3320
      ND: 0.0330
      CRPS: 0.0330
/fslarge/scratch/users/h61084/codes/adaptime/outputs/adaptime/evaluations/full_ridge_shared/univariate/Uncertainty_1M/M/short/run_0/metrics_summary.json
TIME run allocation action=new run=/fslarge/scratch/users/h61084/codes/adaptime/outputs/adaptime/evaluations/vanilla/univariate/Housing_Inventory/M/short/run_0 launch_id=selena_adaptime_3275021 slurm_job_id=3275021 launched_at=2026-09-09T13:15:56.424723+00:00
    Total instances: 12, Series during experiment: 4, Windows: 3
    Collecting ground truth and context...
    Detected to_univariate case: 4 flat series -> 1 series x 4 variates
    Organizing data into arrays...
    ⚠️  Predictions max value (938584.50) exceeds float16 safe range.
    ⚠️  Applying scale factor: 100 (values will be divided)
    Saved predictions (quantiles) to /fslarge/scratch/users/h61084/codes/adaptime/outputs/adaptime/evaluations/vanilla/univariate/Housing_Inventory/M/short/run_0/predictions.npz
    Computing per-window metrics...
    Saved metrics to /fslarge/scratch/users/h61084/codes/adaptime/outputs/adaptime/evaluations/vanilla/univariate/Housing_Inventory/M/short/run_0/metrics.npz
    Saved config to /fslarge/scratch/users/h61084/codes/adaptime/outputs/adaptime/evaluations/vanilla/univariate/Housing_Inventory/M/short/run_0/config.json
    Saved aggregate metrics to /fslarge/scratch/users/h61084/codes/adaptime/outputs/adaptime/evaluations/vanilla/univariate/Housing_Inventory/M/short/run_0/metrics_summary.json
    Metrics summary (averaged over all series/windows/variates):
      MSE: 4419966111.8691
      MAE: 31923.6982
      RMSE: 35589.2656
      MAPE: 0.0681
      sMAPE: 0.0690
      MASE: 0.5630
      ND: 0.0687
      CRPS: 0.0687
/fslarge/scratch/users/h61084/codes/adaptime/outputs/adaptime/evaluations/vanilla/univariate/Housing_Inventory/M/short/run_0/metrics_summary.json
TIME run allocation action=new run=/fslarge/scratch/users/h61084/codes/adaptime/outputs/adaptime/evaluations/covariate_prediction/univariate/Housing_Inventory/M/short/run_0 launch_id=selena_adaptime_3275021 slurm_job_id=3275021 launched_at=2026-09-09T13:15:56.454219+00:00
    Total instances: 12, Series during experiment: 4, Windows: 3
    Collecting ground truth and context...
    Detected to_univariate case: 4 flat series -> 1 series x 4 variates
    Organizing data into arrays...
    ⚠️  Predictions max value (938584.50) exceeds float16 safe range.
    ⚠️  Applying scale factor: 100 (values will be divided)
    Saved predictions (quantiles) to /fslarge/scratch/users/h61084/codes/adaptime/outputs/adaptime/evaluations/covariate_prediction/univariate/Housing_Inventory/M/short/run_0/predictions.npz
    Computing per-window metrics...
    Saved metrics to /fslarge/scratch/users/h61084/codes/adaptime/outputs/adaptime/evaluations/covariate_prediction/univariate/Housing_Inventory/M/short/run_0/metrics.npz
    Saved config to /fslarge/scratch/users/h61084/codes/adaptime/outputs/adaptime/evaluations/covariate_prediction/univariate/Housing_Inventory/M/short/run_0/config.json
    Saved aggregate metrics to /fslarge/scratch/users/h61084/codes/adaptime/outputs/adaptime/evaluations/covariate_prediction/univariate/Housing_Inventory/M/short/run_0/metrics_summary.json
    Metrics summary (averaged over all series/windows/variates):
      MSE: 4419966111.8691
      MAE: 31923.6982
      RMSE: 35589.2656
      MAPE: 0.0681
      sMAPE: 0.0690
      MASE: 0.5630
      ND: 0.0687
      CRPS: 0.0687
/fslarge/scratch/users/h61084/codes/adaptime/outputs/adaptime/evaluations/covariate_prediction/univariate/Housing_Inventory/M/short/run_0/metrics_summary.json
TIME run allocation action=new run=/fslarge/scratch/users/h61084/codes/adaptime/outputs/adaptime/evaluations/bayes_covariate_prediction/univariate/Housing_Inventory/M/short/run_0 launch_id=selena_adaptime_3275021 slurm_job_id=3275021 launched_at=2026-09-09T13:15:56.481834+00:00
    Total instances: 12, Series during experiment: 4, Windows: 3
    Collecting ground truth and context...
    Detected to_univariate case: 4 flat series -> 1 series x 4 variates
    Organizing data into arrays...
    ⚠️  Predictions max value (938584.50) exceeds float16 safe range.
    ⚠️  Applying scale factor: 100 (values will be divided)
    Saved predictions (quantiles) to /fslarge/scratch/users/h61084/codes/adaptime/outputs/adaptime/evaluations/bayes_covariate_prediction/univariate/Housing_Inventory/M/short/run_0/predictions.npz
    Computing per-window metrics...
    Saved metrics to /fslarge/scratch/users/h61084/codes/adaptime/outputs/adaptime/evaluations/bayes_covariate_prediction/univariate/Housing_Inventory/M/short/run_0/metrics.npz
    Saved config to /fslarge/scratch/users/h61084/codes/adaptime/outputs/adaptime/evaluations/bayes_covariate_prediction/univariate/Housing_Inventory/M/short/run_0/config.json
    Saved aggregate metrics to /fslarge/scratch/users/h61084/codes/adaptime/outputs/adaptime/evaluations/bayes_covariate_prediction/univariate/Housing_Inventory/M/short/run_0/metrics_summary.json
    Metrics summary (averaged over all series/windows/variates):
      MSE: 4419966111.8691
      MAE: 31923.6982
      RMSE: 35589.2656
      MAPE: 0.0681
      sMAPE: 0.0690
      MASE: 0.5630
      ND: 0.0687
      CRPS: 0.0687
/fslarge/scratch/users/h61084/codes/adaptime/outputs/adaptime/evaluations/bayes_covariate_prediction/univariate/Housing_Inventory/M/short/run_0/metrics_summary.json
TIME run allocation action=new run=/fslarge/scratch/users/h61084/codes/adaptime/outputs/adaptime/evaluations/full_ridge_shared/univariate/Housing_Inventory/M/short/run_0 launch_id=selena_adaptime_3275021 slurm_job_id=3275021 launched_at=2026-09-09T13:15:56.509585+00:00
    Total instances: 12, Series during experiment: 4, Windows: 3
    Collecting ground truth and context...
    Detected to_univariate case: 4 flat series -> 1 series x 4 variates
    Organizing data into arrays...
    ⚠️  Predictions max value (938584.50) exceeds float16 safe range.
    ⚠️  Applying scale factor: 100 (values will be divided)
    Saved predictions (quantiles) to /fslarge/scratch/users/h61084/codes/adaptime/outputs/adaptime/evaluations/full_ridge_shared/univariate/Housing_Inventory/M/short/run_0/predictions.npz
    Computing per-window metrics...
    Saved metrics to /fslarge/scratch/users/h61084/codes/adaptime/outputs/adaptime/evaluations/full_ridge_shared/univariate/Housing_Inventory/M/short/run_0/metrics.npz
    Saved config to /fslarge/scratch/users/h61084/codes/adaptime/outputs/adaptime/evaluations/full_ridge_shared/univariate/Housing_Inventory/M/short/run_0/config.json
    Saved aggregate metrics to /fslarge/scratch/users/h61084/codes/adaptime/outputs/adaptime/evaluations/full_ridge_shared/univariate/Housing_Inventory/M/short/run_0/metrics_summary.json
    Metrics summary (averaged over all series/windows/variates):
      MSE: 4419966111.8691
      MAE: 31923.6982
      RMSE: 35589.2656
      MAPE: 0.0681
      sMAPE: 0.0690
      MASE: 0.5630
      ND: 0.0687
      CRPS: 0.0687
/fslarge/scratch/users/h61084/codes/adaptime/outputs/adaptime/evaluations/full_ridge_shared/univariate/Housing_Inventory/M/short/run_0/metrics_summary.json
TIME run allocation action=new run=/fslarge/scratch/users/h61084/codes/adaptime/outputs/adaptime/evaluations/vanilla/univariate/JOLTS/M/short/run_0 launch_id=selena_adaptime_3275021 slurm_job_id=3275021 launched_at=2026-09-09T13:15:56.538696+00:00
    Total instances: 30, Series during experiment: 6, Windows: 5
    Collecting ground truth and context...
    Detected to_univariate case: 6 flat series -> 1 series x 6 variates
    Organizing data into arrays...
    Saved predictions (quantiles) to /fslarge/scratch/users/h61084/codes/adaptime/outputs/adaptime/evaluations/vanilla/univariate/JOLTS/M/short/run_0/predictions.npz
    Computing per-window metrics...
    Saved metrics to /fslarge/scratch/users/h61084/codes/adaptime/outputs/adaptime/evaluations/vanilla/univariate/JOLTS/M/short/run_0/metrics.npz
    Saved config to /fslarge/scratch/users/h61084/codes/adaptime/outputs/adaptime/evaluations/vanilla/univariate/JOLTS/M/short/run_0/config.json
    Saved aggregate metrics to /fslarge/scratch/users/h61084/codes/adaptime/outputs/adaptime/evaluations/vanilla/univariate/JOLTS/M/short/run_0/metrics_summary.json
    Metrics summary (averaged over all series/windows/variates):
      MSE: 434621.7960
      MAE: 326.8781
      RMSE: 391.4143
      MAPE: 0.0783
      sMAPE: 0.0788
      MASE: 1.0340
      ND: 0.0784
      CRPS: 0.0784
/fslarge/scratch/users/h61084/codes/adaptime/outputs/adaptime/evaluations/vanilla/univariate/JOLTS/M/short/run_0/metrics_summary.json
TIME run allocation action=new run=/fslarge/scratch/users/h61084/codes/adaptime/outputs/adaptime/evaluations/covariate_prediction/univariate/JOLTS/M/short/run_0 launch_id=selena_adaptime_3275021 slurm_job_id=3275021 launched_at=2026-09-09T13:15:56.571087+00:00
    Total instances: 30, Series during experiment: 6, Windows: 5
    Collecting ground truth and context...
    Detected to_univariate case: 6 flat series -> 1 series x 6 variates
    Organizing data into arrays...
    Saved predictions (quantiles) to /fslarge/scratch/users/h61084/codes/adaptime/outputs/adaptime/evaluations/covariate_prediction/univariate/JOLTS/M/short/run_0/predictions.npz
    Computing per-window metrics...
    Saved metrics to /fslarge/scratch/users/h61084/codes/adaptime/outputs/adaptime/evaluations/covariate_prediction/univariate/JOLTS/M/short/run_0/metrics.npz
    Saved config to /fslarge/scratch/users/h61084/codes/adaptime/outputs/adaptime/evaluations/covariate_prediction/univariate/JOLTS/M/short/run_0/config.json
    Saved aggregate metrics to /fslarge/scratch/users/h61084/codes/adaptime/outputs/adaptime/evaluations/covariate_prediction/univariate/JOLTS/M/short/run_0/metrics_summary.json
    Metrics summary (averaged over all series/windows/variates):
      MSE: 434621.7960
      MAE: 326.8781
      RMSE: 391.4143
      MAPE: 0.0783
      sMAPE: 0.0788
      MASE: 1.0340
      ND: 0.0784
      CRPS: 0.0784
/fslarge/scratch/users/h61084/codes/adaptime/outputs/adaptime/evaluations/covariate_prediction/univariate/JOLTS/M/short/run_0/metrics_summary.json
TIME run allocation action=new run=/fslarge/scratch/users/h61084/codes/adaptime/outputs/adaptime/evaluations/bayes_covariate_prediction/univariate/JOLTS/M/short/run_0 launch_id=selena_adaptime_3275021 slurm_job_id=3275021 launched_at=2026-09-09T13:15:56.600204+00:00
    Total instances: 30, Series during experiment: 6, Windows: 5
    Collecting ground truth and context...
    Detected to_univariate case: 6 flat series -> 1 series x 6 variates
    Organizing data into arrays...
    Saved predictions (quantiles) to /fslarge/scratch/users/h61084/codes/adaptime/outputs/adaptime/evaluations/bayes_covariate_prediction/univariate/JOLTS/M/short/run_0/predictions.npz
    Computing per-window metrics...
    Saved metrics to /fslarge/scratch/users/h61084/codes/adaptime/outputs/adaptime/evaluations/bayes_covariate_prediction/univariate/JOLTS/M/short/run_0/metrics.npz
    Saved config to /fslarge/scratch/users/h61084/codes/adaptime/outputs/adaptime/evaluations/bayes_covariate_prediction/univariate/JOLTS/M/short/run_0/config.json
    Saved aggregate metrics to /fslarge/scratch/users/h61084/codes/adaptime/outputs/adaptime/evaluations/bayes_covariate_prediction/univariate/JOLTS/M/short/run_0/metrics_summary.json
    Metrics summary (averaged over all series/windows/variates):
      MSE: 434621.7960
      MAE: 326.8781
      RMSE: 391.4143
      MAPE: 0.0783
      sMAPE: 0.0788
      MASE: 1.0340
      ND: 0.0784
      CRPS: 0.0784
/fslarge/scratch/users/h61084/codes/adaptime/outputs/adaptime/evaluations/bayes_covariate_prediction/univariate/JOLTS/M/short/run_0/metrics_summary.json
TIME run allocation action=new run=/fslarge/scratch/users/h61084/codes/adaptime/outputs/adaptime/evaluations/full_ridge_shared/univariate/JOLTS/M/short/run_0 launch_id=selena_adaptime_3275021 slurm_job_id=3275021 launched_at=2026-09-09T13:15:56.629457+00:00
    Total instances: 30, Series during experiment: 6, Windows: 5
    Collecting ground truth and context...
    Detected to_univariate case: 6 flat series -> 1 series x 6 variates
    Organizing data into arrays...
    Saved predictions (quantiles) to /fslarge/scratch/users/h61084/codes/adaptime/outputs/adaptime/evaluations/full_ridge_shared/univariate/JOLTS/M/short/run_0/predictions.npz
    Computing per-window metrics...
    Saved metrics to /fslarge/scratch/users/h61084/codes/adaptime/outputs/adaptime/evaluations/full_ridge_shared/univariate/JOLTS/M/short/run_0/metrics.npz
    Saved config to /fslarge/scratch/users/h61084/codes/adaptime/outputs/adaptime/evaluations/full_ridge_shared/univariate/JOLTS/M/short/run_0/config.json
    Saved aggregate metrics to /fslarge/scratch/users/h61084/codes/adaptime/outputs/adaptime/evaluations/full_ridge_shared/univariate/JOLTS/M/short/run_0/metrics_summary.json
    Metrics summary (averaged over all series/windows/variates):
      MSE: 434621.7960
      MAE: 326.8781
      RMSE: 391.4143
      MAPE: 0.0783
      sMAPE: 0.0788
      MASE: 1.0340
      ND: 0.0784
      CRPS: 0.0784
/fslarge/scratch/users/h61084/codes/adaptime/outputs/adaptime/evaluations/full_ridge_shared/univariate/JOLTS/M/short/run_0/metrics_summary.json
TIME run allocation action=new run=/fslarge/scratch/users/h61084/codes/adaptime/outputs/adaptime/evaluations/vanilla/univariate/US_Labor/M/short/run_0 launch_id=selena_adaptime_3275021 slurm_job_id=3275021 launched_at=2026-09-09T13:15:56.660116+00:00
    Total instances: 70, Series during experiment: 14, Windows: 5
    Collecting ground truth and context...
    Detected to_univariate case: 14 flat series -> 1 series x 14 variates
    Organizing data into arrays...
    ⚠️  Predictions max value (170858.69) exceeds float16 safe range.
    ⚠️  Applying scale factor: 10 (values will be divided)
    Saved predictions (quantiles) to /fslarge/scratch/users/h61084/codes/adaptime/outputs/adaptime/evaluations/vanilla/univariate/US_Labor/M/short/run_0/predictions.npz
    Computing per-window metrics...
    Saved metrics to /fslarge/scratch/users/h61084/codes/adaptime/outputs/adaptime/evaluations/vanilla/univariate/US_Labor/M/short/run_0/metrics.npz
    Saved config to /fslarge/scratch/users/h61084/codes/adaptime/outputs/adaptime/evaluations/vanilla/univariate/US_Labor/M/short/run_0/config.json
    Saved aggregate metrics to /fslarge/scratch/users/h61084/codes/adaptime/outputs/adaptime/evaluations/vanilla/univariate/US_Labor/M/short/run_0/metrics_summary.json
    Metrics summary (averaged over all series/windows/variates):
      MSE: 473194.0676
      MAE: 338.2947
      RMSE: 383.6731
      MAPE: 0.0621
      sMAPE: 0.0595
      MASE: 0.8665
      ND: 0.0622
      CRPS: 0.0622
/fslarge/scratch/users/h61084/codes/adaptime/outputs/adaptime/evaluations/vanilla/univariate/US_Labor/M/short/run_0/metrics_summary.json
TIME run allocation action=new run=/fslarge/scratch/users/h61084/codes/adaptime/outputs/adaptime/evaluations/covariate_prediction/univariate/US_Labor/M/short/run_0 launch_id=selena_adaptime_3275021 slurm_job_id=3275021 launched_at=2026-09-09T13:15:56.695368+00:00
    Total instances: 70, Series during experiment: 14, Windows: 5
    Collecting ground truth and context...
    Detected to_univariate case: 14 flat series -> 1 series x 14 variates
    Organizing data into arrays...
    ⚠️  Predictions max value (170858.69) exceeds float16 safe range.
    ⚠️  Applying scale factor: 10 (values will be divided)
    Saved predictions (quantiles) to /fslarge/scratch/users/h61084/codes/adaptime/outputs/adaptime/evaluations/covariate_prediction/univariate/US_Labor/M/short/run_0/predictions.npz
    Computing per-window metrics...
    Saved metrics to /fslarge/scratch/users/h61084/codes/adaptime/outputs/adaptime/evaluations/covariate_prediction/univariate/US_Labor/M/short/run_0/metrics.npz
    Saved config to /fslarge/scratch/users/h61084/codes/adaptime/outputs/adaptime/evaluations/covariate_prediction/univariate/US_Labor/M/short/run_0/config.json
    Saved aggregate metrics to /fslarge/scratch/users/h61084/codes/adaptime/outputs/adaptime/evaluations/covariate_prediction/univariate/US_Labor/M/short/run_0/metrics_summary.json
    Metrics summary (averaged over all series/windows/variates):
      MSE: 473194.0676
      MAE: 338.2947
      RMSE: 383.6731
      MAPE: 0.0621
      sMAPE: 0.0595
      MASE: 0.8665
      ND: 0.0622
      CRPS: 0.0622
/fslarge/scratch/users/h61084/codes/adaptime/outputs/adaptime/evaluations/covariate_prediction/univariate/US_Labor/M/short/run_0/metrics_summary.json
TIME run allocation action=new run=/fslarge/scratch/users/h61084/codes/adaptime/outputs/adaptime/evaluations/bayes_covariate_prediction/univariate/US_Labor/M/short/run_0 launch_id=selena_adaptime_3275021 slurm_job_id=3275021 launched_at=2026-09-09T13:15:56.728678+00:00
    Total instances: 70, Series during experiment: 14, Windows: 5
    Collecting ground truth and context...
    Detected to_univariate case: 14 flat series -> 1 series x 14 variates
    Organizing data into arrays...
    ⚠️  Predictions max value (170858.69) exceeds float16 safe range.
    ⚠️  Applying scale factor: 10 (values will be divided)
    Saved predictions (quantiles) to /fslarge/scratch/users/h61084/codes/adaptime/outputs/adaptime/evaluations/bayes_covariate_prediction/univariate/US_Labor/M/short/run_0/predictions.npz
    Computing per-window metrics...
    Saved metrics to /fslarge/scratch/users/h61084/codes/adaptime/outputs/adaptime/evaluations/bayes_covariate_prediction/univariate/US_Labor/M/short/run_0/metrics.npz
    Saved config to /fslarge/scratch/users/h61084/codes/adaptime/outputs/adaptime/evaluations/bayes_covariate_prediction/univariate/US_Labor/M/short/run_0/config.json
    Saved aggregate metrics to /fslarge/scratch/users/h61084/codes/adaptime/outputs/adaptime/evaluations/bayes_covariate_prediction/univariate/US_Labor/M/short/run_0/metrics_summary.json
    Metrics summary (averaged over all series/windows/variates):
      MSE: 473194.0676
      MAE: 338.2947
      RMSE: 383.6731
      MAPE: 0.0621
      sMAPE: 0.0595
      MASE: 0.8665
      ND: 0.0622
      CRPS: 0.0622
/fslarge/scratch/users/h61084/codes/adaptime/outputs/adaptime/evaluations/bayes_covariate_prediction/univariate/US_Labor/M/short/run_0/metrics_summary.json
TIME run allocation action=new run=/fslarge/scratch/users/h61084/codes/adaptime/outputs/adaptime/evaluations/full_ridge_shared/univariate/US_Labor/M/short/run_0 launch_id=selena_adaptime_3275021 slurm_job_id=3275021 launched_at=2026-09-09T13:15:56.761835+00:00
    Total instances: 70, Series during experiment: 14, Windows: 5
    Collecting ground truth and context...
    Detected to_univariate case: 14 flat series -> 1 series x 14 variates
    Organizing data into arrays...
    ⚠️  Predictions max value (170858.69) exceeds float16 safe range.
    ⚠️  Applying scale factor: 10 (values will be divided)
    Saved predictions (quantiles) to /fslarge/scratch/users/h61084/codes/adaptime/outputs/adaptime/evaluations/full_ridge_shared/univariate/US_Labor/M/short/run_0/predictions.npz
    Computing per-window metrics...
    Saved metrics to /fslarge/scratch/users/h61084/codes/adaptime/outputs/adaptime/evaluations/full_ridge_shared/univariate/US_Labor/M/short/run_0/metrics.npz
    Saved config to /fslarge/scratch/users/h61084/codes/adaptime/outputs/adaptime/evaluations/full_ridge_shared/univariate/US_Labor/M/short/run_0/config.json
    Saved aggregate metrics to /fslarge/scratch/users/h61084/codes/adaptime/outputs/adaptime/evaluations/full_ridge_shared/univariate/US_Labor/M/short/run_0/metrics_summary.json
    Metrics summary (averaged over all series/windows/variates):
      MSE: 473194.0676
      MAE: 338.2947
      RMSE: 383.6731
      MAPE: 0.0621
      sMAPE: 0.0595
      MASE: 0.8665
      ND: 0.0622
      CRPS: 0.0622
/fslarge/scratch/users/h61084/codes/adaptime/outputs/adaptime/evaluations/full_ridge_shared/univariate/US_Labor/M/short/run_0/metrics_summary.json
TIME run allocation action=new run=/fslarge/scratch/users/h61084/codes/adaptime/outputs/adaptime/evaluations/vanilla/univariate/Vehicle_Supply/M/short/run_0 launch_id=selena_adaptime_3275021 slurm_job_id=3275021 launched_at=2026-09-09T13:15:56.798052+00:00
    Total instances: 30, Series during experiment: 6, Windows: 5
    Collecting ground truth and context...
    Detected to_univariate case: 6 flat series -> 1 series x 6 variates
    Organizing data into arrays...
    Saved predictions (quantiles) to /fslarge/scratch/users/h61084/codes/adaptime/outputs/adaptime/evaluations/vanilla/univariate/Vehicle_Supply/M/short/run_0/predictions.npz
    Computing per-window metrics...
    Saved metrics to /fslarge/scratch/users/h61084/codes/adaptime/outputs/adaptime/evaluations/vanilla/univariate/Vehicle_Supply/M/short/run_0/metrics.npz
    Saved config to /fslarge/scratch/users/h61084/codes/adaptime/outputs/adaptime/evaluations/vanilla/univariate/Vehicle_Supply/M/short/run_0/config.json
    Saved aggregate metrics to /fslarge/scratch/users/h61084/codes/adaptime/outputs/adaptime/evaluations/vanilla/univariate/Vehicle_Supply/M/short/run_0/metrics_summary.json
    Metrics summary (averaged over all series/windows/variates):
      MSE: 2704.5870
      MAE: 22.3202
      RMSE: 26.4496
      MAPE: 0.2518
      sMAPE: 0.2109
      MASE: 0.8042
      ND: 0.2309
      CRPS: 0.2309
/fslarge/scratch/users/h61084/codes/adaptime/outputs/adaptime/evaluations/vanilla/univariate/Vehicle_Supply/M/short/run_0/metrics_summary.json
TIME run allocation action=new run=/fslarge/scratch/users/h61084/codes/adaptime/outputs/adaptime/evaluations/covariate_prediction/univariate/Vehicle_Supply/M/short/run_0 launch_id=selena_adaptime_3275021 slurm_job_id=3275021 launched_at=2026-09-09T13:15:56.829109+00:00
    Total instances: 30, Series during experiment: 6, Windows: 5
    Collecting ground truth and context...
    Detected to_univariate case: 6 flat series -> 1 series x 6 variates
    Organizing data into arrays...
    Saved predictions (quantiles) to /fslarge/scratch/users/h61084/codes/adaptime/outputs/adaptime/evaluations/covariate_prediction/univariate/Vehicle_Supply/M/short/run_0/predictions.npz
    Computing per-window metrics...
    Saved metrics to /fslarge/scratch/users/h61084/codes/adaptime/outputs/adaptime/evaluations/covariate_prediction/univariate/Vehicle_Supply/M/short/run_0/metrics.npz
    Saved config to /fslarge/scratch/users/h61084/codes/adaptime/outputs/adaptime/evaluations/covariate_prediction/univariate/Vehicle_Supply/M/short/run_0/config.json
    Saved aggregate metrics to /fslarge/scratch/users/h61084/codes/adaptime/outputs/adaptime/evaluations/covariate_prediction/univariate/Vehicle_Supply/M/short/run_0/metrics_summary.json
    Metrics summary (averaged over all series/windows/variates):
      MSE: 2704.5870
      MAE: 22.3202
      RMSE: 26.4496
      MAPE: 0.2518
      sMAPE: 0.2109
      MASE: 0.8042
      ND: 0.2309
      CRPS: 0.2309
/fslarge/scratch/users/h61084/codes/adaptime/outputs/adaptime/evaluations/covariate_prediction/univariate/Vehicle_Supply/M/short/run_0/metrics_summary.json
TIME run allocation action=new run=/fslarge/scratch/users/h61084/codes/adaptime/outputs/adaptime/evaluations/bayes_covariate_prediction/univariate/Vehicle_Supply/M/short/run_0 launch_id=selena_adaptime_3275021 slurm_job_id=3275021 launched_at=2026-09-09T13:15:56.860233+00:00
    Total instances: 30, Series during experiment: 6, Windows: 5
    Collecting ground truth and context...
    Detected to_univariate case: 6 flat series -> 1 series x 6 variates
    Organizing data into arrays...
    Saved predictions (quantiles) to /fslarge/scratch/users/h61084/codes/adaptime/outputs/adaptime/evaluations/bayes_covariate_prediction/univariate/Vehicle_Supply/M/short/run_0/predictions.npz
    Computing per-window metrics...
    Saved metrics to /fslarge/scratch/users/h61084/codes/adaptime/outputs/adaptime/evaluations/bayes_covariate_prediction/univariate/Vehicle_Supply/M/short/run_0/metrics.npz
    Saved config to /fslarge/scratch/users/h61084/codes/adaptime/outputs/adaptime/evaluations/bayes_covariate_prediction/univariate/Vehicle_Supply/M/short/run_0/config.json
    Saved aggregate metrics to /fslarge/scratch/users/h61084/codes/adaptime/outputs/adaptime/evaluations/bayes_covariate_prediction/univariate/Vehicle_Supply/M/short/run_0/metrics_summary.json
    Metrics summary (averaged over all series/windows/variates):
      MSE: 2704.5870
      MAE: 22.3202
      RMSE: 26.4496
      MAPE: 0.2518
      sMAPE: 0.2109
      MASE: 0.8042
      ND: 0.2309
      CRPS: 0.2309
/fslarge/scratch/users/h61084/codes/adaptime/outputs/adaptime/evaluations/bayes_covariate_prediction/univariate/Vehicle_Supply/M/short/run_0/metrics_summary.json
TIME run allocation action=new run=/fslarge/scratch/users/h61084/codes/adaptime/outputs/adaptime/evaluations/full_ridge_shared/univariate/Vehicle_Supply/M/short/run_0 launch_id=selena_adaptime_3275021 slurm_job_id=3275021 launched_at=2026-09-09T13:15:56.889264+00:00
    Total instances: 30, Series during experiment: 6, Windows: 5
    Collecting ground truth and context...
    Detected to_univariate case: 6 flat series -> 1 series x 6 variates
    Organizing data into arrays...
    Saved predictions (quantiles) to /fslarge/scratch/users/h61084/codes/adaptime/outputs/adaptime/evaluations/full_ridge_shared/univariate/Vehicle_Supply/M/short/run_0/predictions.npz
    Computing per-window metrics...
    Saved metrics to /fslarge/scratch/users/h61084/codes/adaptime/outputs/adaptime/evaluations/full_ridge_shared/univariate/Vehicle_Supply/M/short/run_0/metrics.npz
    Saved config to /fslarge/scratch/users/h61084/codes/adaptime/outputs/adaptime/evaluations/full_ridge_shared/univariate/Vehicle_Supply/M/short/run_0/config.json
    Saved aggregate metrics to /fslarge/scratch/users/h61084/codes/adaptime/outputs/adaptime/evaluations/full_ridge_shared/univariate/Vehicle_Supply/M/short/run_0/metrics_summary.json
    Metrics summary (averaged over all series/windows/variates):
      MSE: 2704.5870
      MAE: 22.3202
      RMSE: 26.4496
      MAPE: 0.2518
      sMAPE: 0.2109
      MASE: 0.8042
      ND: 0.2309
      CRPS: 0.2309
/fslarge/scratch/users/h61084/codes/adaptime/outputs/adaptime/evaluations/full_ridge_shared/univariate/Vehicle_Supply/M/short/run_0/metrics_summary.json
TIME run allocation action=new run=/fslarge/scratch/users/h61084/codes/adaptime/outputs/adaptime/evaluations/vanilla/univariate/Auto_Production_SF/M/short/run_0 launch_id=selena_adaptime_3275021 slurm_job_id=3275021 launched_at=2026-09-09T13:15:56.920279+00:00
    Total instances: 5, Series during experiment: 1, Windows: 5
    Collecting ground truth and context...
    Organizing data into arrays...
    Saved predictions (quantiles) to /fslarge/scratch/users/h61084/codes/adaptime/outputs/adaptime/evaluations/vanilla/univariate/Auto_Production_SF/M/short/run_0/predictions.npz
    Computing per-window metrics...
    Saved metrics to /fslarge/scratch/users/h61084/codes/adaptime/outputs/adaptime/evaluations/vanilla/univariate/Auto_Production_SF/M/short/run_0/metrics.npz
    Saved config to /fslarge/scratch/users/h61084/codes/adaptime/outputs/adaptime/evaluations/vanilla/univariate/Auto_Production_SF/M/short/run_0/config.json
    Saved aggregate metrics to /fslarge/scratch/users/h61084/codes/adaptime/outputs/adaptime/evaluations/vanilla/univariate/Auto_Production_SF/M/short/run_0/metrics_summary.json
    Metrics summary (averaged over all series/windows/variates):
      MSE: 9.2722
      MAE: 2.3963
      RMSE: 2.9463
      MAPE: 0.0248
      sMAPE: 0.0245
      MASE: 0.6044
      ND: 0.0240
      CRPS: 0.0240
/fslarge/scratch/users/h61084/codes/adaptime/outputs/adaptime/evaluations/vanilla/univariate/Auto_Production_SF/M/short/run_0/metrics_summary.json
TIME run allocation action=new run=/fslarge/scratch/users/h61084/codes/adaptime/outputs/adaptime/evaluations/covariate_prediction/univariate/Auto_Production_SF/M/short/run_0 launch_id=selena_adaptime_3275021 slurm_job_id=3275021 launched_at=2026-09-09T13:15:56.948959+00:00
    Total instances: 5, Series during experiment: 1, Windows: 5
    Collecting ground truth and context...
    Organizing data into arrays...
    Saved predictions (quantiles) to /fslarge/scratch/users/h61084/codes/adaptime/outputs/adaptime/evaluations/covariate_prediction/univariate/Auto_Production_SF/M/short/run_0/predictions.npz
    Computing per-window metrics...
    Saved metrics to /fslarge/scratch/users/h61084/codes/adaptime/outputs/adaptime/evaluations/covariate_prediction/univariate/Auto_Production_SF/M/short/run_0/metrics.npz
    Saved config to /fslarge/scratch/users/h61084/codes/adaptime/outputs/adaptime/evaluations/covariate_prediction/univariate/Auto_Production_SF/M/short/run_0/config.json
    Saved aggregate metrics to /fslarge/scratch/users/h61084/codes/adaptime/outputs/adaptime/evaluations/covariate_prediction/univariate/Auto_Production_SF/M/short/run_0/metrics_summary.json
    Metrics summary (averaged over all series/windows/variates):
      MSE: 9.2722
      MAE: 2.3963
      RMSE: 2.9463
      MAPE: 0.0248
      sMAPE: 0.0245
      MASE: 0.6044
      ND: 0.0240
      CRPS: 0.0240
/fslarge/scratch/users/h61084/codes/adaptime/outputs/adaptime/evaluations/covariate_prediction/univariate/Auto_Production_SF/M/short/run_0/metrics_summary.json
TIME run allocation action=new run=/fslarge/scratch/users/h61084/codes/adaptime/outputs/adaptime/evaluations/bayes_covariate_prediction/univariate/Auto_Production_SF/M/short/run_0 launch_id=selena_adaptime_3275021 slurm_job_id=3275021 launched_at=2026-09-09T13:15:56.976246+00:00
    Total instances: 5, Series during experiment: 1, Windows: 5
    Collecting ground truth and context...
    Organizing data into arrays...
    Saved predictions (quantiles) to /fslarge/scratch/users/h61084/codes/adaptime/outputs/adaptime/evaluations/bayes_covariate_prediction/univariate/Auto_Production_SF/M/short/run_0/predictions.npz
    Computing per-window metrics...
    Saved metrics to /fslarge/scratch/users/h61084/codes/adaptime/outputs/adaptime/evaluations/bayes_covariate_prediction/univariate/Auto_Production_SF/M/short/run_0/metrics.npz
    Saved config to /fslarge/scratch/users/h61084/codes/adaptime/outputs/adaptime/evaluations/bayes_covariate_prediction/univariate/Auto_Production_SF/M/short/run_0/config.json
    Saved aggregate metrics to /fslarge/scratch/users/h61084/codes/adaptime/outputs/adaptime/evaluations/bayes_covariate_prediction/univariate/Auto_Production_SF/M/short/run_0/metrics_summary.json
    Metrics summary (averaged over all series/windows/variates):
      MSE: 9.2722
      MAE: 2.3963
      RMSE: 2.9463
      MAPE: 0.0248
      sMAPE: 0.0245
      MASE: 0.6044
      ND: 0.0240
      CRPS: 0.0240
/fslarge/scratch/users/h61084/codes/adaptime/outputs/adaptime/evaluations/bayes_covariate_prediction/univariate/Auto_Production_SF/M/short/run_0/metrics_summary.json
TIME run allocation action=new run=/fslarge/scratch/users/h61084/codes/adaptime/outputs/adaptime/evaluations/full_ridge_shared/univariate/Auto_Production_SF/M/short/run_0 launch_id=selena_adaptime_3275021 slurm_job_id=3275021 launched_at=2026-09-09T13:15:57.002505+00:00
    Total instances: 5, Series during experiment: 1, Windows: 5
    Collecting ground truth and context...
    Organizing data into arrays...
    Saved predictions (quantiles) to /fslarge/scratch/users/h61084/codes/adaptime/outputs/adaptime/evaluations/full_ridge_shared/univariate/Auto_Production_SF/M/short/run_0/predictions.npz
    Computing per-window metrics...
    Saved metrics to /fslarge/scratch/users/h61084/codes/adaptime/outputs/adaptime/evaluations/full_ridge_shared/univariate/Auto_Production_SF/M/short/run_0/metrics.npz
    Saved config to /fslarge/scratch/users/h61084/codes/adaptime/outputs/adaptime/evaluations/full_ridge_shared/univariate/Auto_Production_SF/M/short/run_0/config.json
    Saved aggregate metrics to /fslarge/scratch/users/h61084/codes/adaptime/outputs/adaptime/evaluations/full_ridge_shared/univariate/Auto_Production_SF/M/short/run_0/metrics_summary.json
    Metrics summary (averaged over all series/windows/variates):
      MSE: 9.2722
      MAE: 2.3963
      RMSE: 2.9463
      MAPE: 0.0248
      sMAPE: 0.0245
      MASE: 0.6044
      ND: 0.0240
      CRPS: 0.0240
/fslarge/scratch/users/h61084/codes/adaptime/outputs/adaptime/evaluations/full_ridge_shared/univariate/Auto_Production_SF/M/short/run_0/metrics_summary.json
TIME run allocation action=new run=/fslarge/scratch/users/h61084/codes/adaptime/outputs/adaptime/evaluations/vanilla/univariate/Commodity_Production/M/short/run_0 launch_id=selena_adaptime_3275021 slurm_job_id=3275021 launched_at=2026-09-09T13:15:57.031264+00:00
    Total instances: 160, Series during experiment: 32, Windows: 5
    Collecting ground truth and context...
    Organizing data into arrays...
    Saved predictions (quantiles) to /fslarge/scratch/users/h61084/codes/adaptime/outputs/adaptime/evaluations/vanilla/univariate/Commodity_Production/M/short/run_0/predictions.npz
    Computing per-window metrics...
    Saved metrics to /fslarge/scratch/users/h61084/codes/adaptime/outputs/adaptime/evaluations/vanilla/univariate/Commodity_Production/M/short/run_0/metrics.npz
    Saved config to /fslarge/scratch/users/h61084/codes/adaptime/outputs/adaptime/evaluations/vanilla/univariate/Commodity_Production/M/short/run_0/config.json
    Saved aggregate metrics to /fslarge/scratch/users/h61084/codes/adaptime/outputs/adaptime/evaluations/vanilla/univariate/Commodity_Production/M/short/run_0/metrics_summary.json
    Metrics summary (averaged over all series/windows/variates):
      MSE: 58078.3749
      MAE: 65.7979
      RMSE: 76.8030
      MAPE: 0.2059
      sMAPE: 0.1638
      MASE: 0.9052
      ND: 0.1572
      CRPS: 0.1572
/fslarge/scratch/users/h61084/codes/adaptime/outputs/adaptime/evaluations/vanilla/univariate/Commodity_Production/M/short/run_0/metrics_summary.json
TIME run allocation action=new run=/fslarge/scratch/users/h61084/codes/adaptime/outputs/adaptime/evaluations/covariate_prediction/univariate/Commodity_Production/M/short/run_0 launch_id=selena_adaptime_3275021 slurm_job_id=3275021 launched_at=2026-09-09T13:15:57.071570+00:00
    Total instances: 160, Series during experiment: 32, Windows: 5
    Collecting ground truth and context...
    Organizing data into arrays...
    Saved predictions (quantiles) to /fslarge/scratch/users/h61084/codes/adaptime/outputs/adaptime/evaluations/covariate_prediction/univariate/Commodity_Production/M/short/run_0/predictions.npz
    Computing per-window metrics...
    Saved metrics to /fslarge/scratch/users/h61084/codes/adaptime/outputs/adaptime/evaluations/covariate_prediction/univariate/Commodity_Production/M/short/run_0/metrics.npz
    Saved config to /fslarge/scratch/users/h61084/codes/adaptime/outputs/adaptime/evaluations/covariate_prediction/univariate/Commodity_Production/M/short/run_0/config.json
    Saved aggregate metrics to /fslarge/scratch/users/h61084/codes/adaptime/outputs/adaptime/evaluations/covariate_prediction/univariate/Commodity_Production/M/short/run_0/metrics_summary.json
    Metrics summary (averaged over all series/windows/variates):
      MSE: 58078.3749
      MAE: 65.7979
      RMSE: 76.8030
      MAPE: 0.2059
      sMAPE: 0.1638
      MASE: 0.9052
      ND: 0.1572
      CRPS: 0.1572
/fslarge/scratch/users/h61084/codes/adaptime/outputs/adaptime/evaluations/covariate_prediction/univariate/Commodity_Production/M/short/run_0/metrics_summary.json
TIME run allocation action=new run=/fslarge/scratch/users/h61084/codes/adaptime/outputs/adaptime/evaluations/bayes_covariate_prediction/univariate/Commodity_Production/M/short/run_0 launch_id=selena_adaptime_3275021 slurm_job_id=3275021 launched_at=2026-09-09T13:15:57.111032+00:00
    Total instances: 160, Series during experiment: 32, Windows: 5
    Collecting ground truth and context...
    Organizing data into arrays...
    Saved predictions (quantiles) to /fslarge/scratch/users/h61084/codes/adaptime/outputs/adaptime/evaluations/bayes_covariate_prediction/univariate/Commodity_Production/M/short/run_0/predictions.npz
    Computing per-window metrics...
    Saved metrics to /fslarge/scratch/users/h61084/codes/adaptime/outputs/adaptime/evaluations/bayes_covariate_prediction/univariate/Commodity_Production/M/short/run_0/metrics.npz
    Saved config to /fslarge/scratch/users/h61084/codes/adaptime/outputs/adaptime/evaluations/bayes_covariate_prediction/univariate/Commodity_Production/M/short/run_0/config.json
    Saved aggregate metrics to /fslarge/scratch/users/h61084/codes/adaptime/outputs/adaptime/evaluations/bayes_covariate_prediction/univariate/Commodity_Production/M/short/run_0/metrics_summary.json
    Metrics summary (averaged over all series/windows/variates):
      MSE: 58078.3749
      MAE: 65.7979
      RMSE: 76.8030
      MAPE: 0.2059
      sMAPE: 0.1638
      MASE: 0.9052
      ND: 0.1572
      CRPS: 0.1572
/fslarge/scratch/users/h61084/codes/adaptime/outputs/adaptime/evaluations/bayes_covariate_prediction/univariate/Commodity_Production/M/short/run_0/metrics_summary.json
TIME run allocation action=new run=/fslarge/scratch/users/h61084/codes/adaptime/outputs/adaptime/evaluations/full_ridge_shared/univariate/Commodity_Production/M/short/run_0 launch_id=selena_adaptime_3275021 slurm_job_id=3275021 launched_at=2026-09-09T13:15:57.149432+00:00
    Total instances: 160, Series during experiment: 32, Windows: 5
    Collecting ground truth and context...
    Organizing data into arrays...
    Saved predictions (quantiles) to /fslarge/scratch/users/h61084/codes/adaptime/outputs/adaptime/evaluations/full_ridge_shared/univariate/Commodity_Production/M/short/run_0/predictions.npz
    Computing per-window metrics...
    Saved metrics to /fslarge/scratch/users/h61084/codes/adaptime/outputs/adaptime/evaluations/full_ridge_shared/univariate/Commodity_Production/M/short/run_0/metrics.npz
    Saved config to /fslarge/scratch/users/h61084/codes/adaptime/outputs/adaptime/evaluations/full_ridge_shared/univariate/Commodity_Production/M/short/run_0/config.json
    Saved aggregate metrics to /fslarge/scratch/users/h61084/codes/adaptime/outputs/adaptime/evaluations/full_ridge_shared/univariate/Commodity_Production/M/short/run_0/metrics_summary.json
    Metrics summary (averaged over all series/windows/variates):
      MSE: 58078.3749
      MAE: 65.7979
      RMSE: 76.8030
      MAPE: 0.2059
      sMAPE: 0.1638
      MASE: 0.9052
      ND: 0.1572
      CRPS: 0.1572
/fslarge/scratch/users/h61084/codes/adaptime/outputs/adaptime/evaluations/full_ridge_shared/univariate/Commodity_Production/M/short/run_0/metrics_summary.json
TIME run allocation action=new run=/fslarge/scratch/users/h61084/codes/adaptime/outputs/adaptime/evaluations/vanilla/univariate/Commodity_Import/M/short/run_0 launch_id=selena_adaptime_3275021 slurm_job_id=3275021 launched_at=2026-09-09T13:15:57.189508+00:00
    Total instances: 40, Series during experiment: 8, Windows: 5
    Collecting ground truth and context...
    Organizing data into arrays...
    Saved predictions (quantiles) to /fslarge/scratch/users/h61084/codes/adaptime/outputs/adaptime/evaluations/vanilla/univariate/Commodity_Import/M/short/run_0/predictions.npz
    Computing per-window metrics...
    Saved metrics to /fslarge/scratch/users/h61084/codes/adaptime/outputs/adaptime/evaluations/vanilla/univariate/Commodity_Import/M/short/run_0/metrics.npz
    Saved config to /fslarge/scratch/users/h61084/codes/adaptime/outputs/adaptime/evaluations/vanilla/univariate/Commodity_Import/M/short/run_0/config.json
    Saved aggregate metrics to /fslarge/scratch/users/h61084/codes/adaptime/outputs/adaptime/evaluations/vanilla/univariate/Commodity_Import/M/short/run_0/metrics_summary.json
    Metrics summary (averaged over all series/windows/variates):
      MSE: 1553826.9339
      MAE: 502.5970
      RMSE: 607.3308
      MAPE: 0.3745
      sMAPE: 0.2365
      MASE: 1.4590
      ND: 0.2954
      CRPS: 0.2954
/fslarge/scratch/users/h61084/codes/adaptime/outputs/adaptime/evaluations/vanilla/univariate/Commodity_Import/M/short/run_0/metrics_summary.json
TIME run allocation action=new run=/fslarge/scratch/users/h61084/codes/adaptime/outputs/adaptime/evaluations/covariate_prediction/univariate/Commodity_Import/M/short/run_0 launch_id=selena_adaptime_3275021 slurm_job_id=3275021 launched_at=2026-09-09T13:15:57.221918+00:00
    Total instances: 40, Series during experiment: 8, Windows: 5
    Collecting ground truth and context...
    Organizing data into arrays...
    Saved predictions (quantiles) to /fslarge/scratch/users/h61084/codes/adaptime/outputs/adaptime/evaluations/covariate_prediction/univariate/Commodity_Import/M/short/run_0/predictions.npz
    Computing per-window metrics...
    Saved metrics to /fslarge/scratch/users/h61084/codes/adaptime/outputs/adaptime/evaluations/covariate_prediction/univariate/Commodity_Import/M/short/run_0/metrics.npz
    Saved config to /fslarge/scratch/users/h61084/codes/adaptime/outputs/adaptime/evaluations/covariate_prediction/univariate/Commodity_Import/M/short/run_0/config.json
    Saved aggregate metrics to /fslarge/scratch/users/h61084/codes/adaptime/outputs/adaptime/evaluations/covariate_prediction/univariate/Commodity_Import/M/short/run_0/metrics_summary.json
    Metrics summary (averaged over all series/windows/variates):
      MSE: 1553826.9339
      MAE: 502.5970
      RMSE: 607.3308
      MAPE: 0.3745
      sMAPE: 0.2365
      MASE: 1.4590
      ND: 0.2954
      CRPS: 0.2954
/fslarge/scratch/users/h61084/codes/adaptime/outputs/adaptime/evaluations/covariate_prediction/univariate/Commodity_Import/M/short/run_0/metrics_summary.json
TIME run allocation action=new run=/fslarge/scratch/users/h61084/codes/adaptime/outputs/adaptime/evaluations/bayes_covariate_prediction/univariate/Commodity_Import/M/short/run_0 launch_id=selena_adaptime_3275021 slurm_job_id=3275021 launched_at=2026-09-09T13:15:57.251835+00:00
    Total instances: 40, Series during experiment: 8, Windows: 5
    Collecting ground truth and context...
    Organizing data into arrays...
    Saved predictions (quantiles) to /fslarge/scratch/users/h61084/codes/adaptime/outputs/adaptime/evaluations/bayes_covariate_prediction/univariate/Commodity_Import/M/short/run_0/predictions.npz
    Computing per-window metrics...
    Saved metrics to /fslarge/scratch/users/h61084/codes/adaptime/outputs/adaptime/evaluations/bayes_covariate_prediction/univariate/Commodity_Import/M/short/run_0/metrics.npz
    Saved config to /fslarge/scratch/users/h61084/codes/adaptime/outputs/adaptime/evaluations/bayes_covariate_prediction/univariate/Commodity_Import/M/short/run_0/config.json
    Saved aggregate metrics to /fslarge/scratch/users/h61084/codes/adaptime/outputs/adaptime/evaluations/bayes_covariate_prediction/univariate/Commodity_Import/M/short/run_0/metrics_summary.json
    Metrics summary (averaged over all series/windows/variates):
      MSE: 1553826.9339
      MAE: 502.5970
      RMSE: 607.3308
      MAPE: 0.3745
      sMAPE: 0.2365
      MASE: 1.4590
      ND: 0.2954
      CRPS: 0.2954
/fslarge/scratch/users/h61084/codes/adaptime/outputs/adaptime/evaluations/bayes_covariate_prediction/univariate/Commodity_Import/M/short/run_0/metrics_summary.json
TIME run allocation action=new run=/fslarge/scratch/users/h61084/codes/adaptime/outputs/adaptime/evaluations/full_ridge_shared/univariate/Commodity_Import/M/short/run_0 launch_id=selena_adaptime_3275021 slurm_job_id=3275021 launched_at=2026-09-09T13:15:57.281420+00:00
    Total instances: 40, Series during experiment: 8, Windows: 5
    Collecting ground truth and context...
    Organizing data into arrays...
    Saved predictions (quantiles) to /fslarge/scratch/users/h61084/codes/adaptime/outputs/adaptime/evaluations/full_ridge_shared/univariate/Commodity_Import/M/short/run_0/predictions.npz
    Computing per-window metrics...
    Saved metrics to /fslarge/scratch/users/h61084/codes/adaptime/outputs/adaptime/evaluations/full_ridge_shared/univariate/Commodity_Import/M/short/run_0/metrics.npz
    Saved config to /fslarge/scratch/users/h61084/codes/adaptime/outputs/adaptime/evaluations/full_ridge_shared/univariate/Commodity_Import/M/short/run_0/config.json
    Saved aggregate metrics to /fslarge/scratch/users/h61084/codes/adaptime/outputs/adaptime/evaluations/full_ridge_shared/univariate/Commodity_Import/M/short/run_0/metrics_summary.json
    Metrics summary (averaged over all series/windows/variates):
      MSE: 1553826.9339
      MAE: 502.5970
      RMSE: 607.3308
      MAPE: 0.3745
      sMAPE: 0.2365
      MASE: 1.4590
      ND: 0.2954
      CRPS: 0.2954
/fslarge/scratch/users/h61084/codes/adaptime/outputs/adaptime/evaluations/full_ridge_shared/univariate/Commodity_Import/M/short/run_0/metrics_summary.json
TIME run allocation action=new run=/fslarge/scratch/users/h61084/codes/adaptime/outputs/adaptime/evaluations/vanilla/univariate/WUI_Global/Q/short/run_0 launch_id=selena_adaptime_3275021 slurm_job_id=3275021 launched_at=2026-09-09T13:15:57.312742+00:00
    Total instances: 75, Series during experiment: 15, Windows: 5
    Collecting ground truth and context...
    Detected to_univariate case: 15 flat series -> 1 series x 15 variates
    Organizing data into arrays...
    Saved predictions (quantiles) to /fslarge/scratch/users/h61084/codes/adaptime/outputs/adaptime/evaluations/vanilla/univariate/WUI_Global/Q/short/run_0/predictions.npz
    Computing per-window metrics...
    Saved metrics to /fslarge/scratch/users/h61084/codes/adaptime/outputs/adaptime/evaluations/vanilla/univariate/WUI_Global/Q/short/run_0/metrics.npz
    Saved config to /fslarge/scratch/users/h61084/codes/adaptime/outputs/adaptime/evaluations/vanilla/univariate/WUI_Global/Q/short/run_0/config.json
    Saved aggregate metrics to /fslarge/scratch/users/h61084/codes/adaptime/outputs/adaptime/evaluations/vanilla/univariate/WUI_Global/Q/short/run_0/metrics_summary.json
    Metrics summary (averaged over all series/windows/variates):
      MSE: 0.0486
      MAE: 0.1480
      RMSE: 0.1749
      MAPE: 0.5793
      sMAPE: 0.6437
      MASE: 0.9822
      ND: 0.6727
      CRPS: 0.6727
/fslarge/scratch/users/h61084/codes/adaptime/outputs/adaptime/evaluations/vanilla/univariate/WUI_Global/Q/short/run_0/metrics_summary.json
TIME run allocation action=new run=/fslarge/scratch/users/h61084/codes/adaptime/outputs/adaptime/evaluations/covariate_prediction/univariate/WUI_Global/Q/short/run_0 launch_id=selena_adaptime_3275021 slurm_job_id=3275021 launched_at=2026-09-09T13:15:57.347748+00:00
    Total instances: 75, Series during experiment: 15, Windows: 5
    Collecting ground truth and context...
    Detected to_univariate case: 15 flat series -> 1 series x 15 variates
    Organizing data into arrays...
    Saved predictions (quantiles) to /fslarge/scratch/users/h61084/codes/adaptime/outputs/adaptime/evaluations/covariate_prediction/univariate/WUI_Global/Q/short/run_0/predictions.npz
    Computing per-window metrics...
    Saved metrics to /fslarge/scratch/users/h61084/codes/adaptime/outputs/adaptime/evaluations/covariate_prediction/univariate/WUI_Global/Q/short/run_0/metrics.npz
    Saved config to /fslarge/scratch/users/h61084/codes/adaptime/outputs/adaptime/evaluations/covariate_prediction/univariate/WUI_Global/Q/short/run_0/config.json
    Saved aggregate metrics to /fslarge/scratch/users/h61084/codes/adaptime/outputs/adaptime/evaluations/covariate_prediction/univariate/WUI_Global/Q/short/run_0/metrics_summary.json
    Metrics summary (averaged over all series/windows/variates):
      MSE: 0.0486
      MAE: 0.1480
      RMSE: 0.1749
      MAPE: 0.5793
      sMAPE: 0.6437
      MASE: 0.9822
      ND: 0.6727
      CRPS: 0.6727
/fslarge/scratch/users/h61084/codes/adaptime/outputs/adaptime/evaluations/covariate_prediction/univariate/WUI_Global/Q/short/run_0/metrics_summary.json
TIME run allocation action=new run=/fslarge/scratch/users/h61084/codes/adaptime/outputs/adaptime/evaluations/bayes_covariate_prediction/univariate/WUI_Global/Q/short/run_0 launch_id=selena_adaptime_3275021 slurm_job_id=3275021 launched_at=2026-09-09T13:15:57.380737+00:00
    Total instances: 75, Series during experiment: 15, Windows: 5
    Collecting ground truth and context...
    Detected to_univariate case: 15 flat series -> 1 series x 15 variates
    Organizing data into arrays...
    Saved predictions (quantiles) to /fslarge/scratch/users/h61084/codes/adaptime/outputs/adaptime/evaluations/bayes_covariate_prediction/univariate/WUI_Global/Q/short/run_0/predictions.npz
    Computing per-window metrics...
    Saved metrics to /fslarge/scratch/users/h61084/codes/adaptime/outputs/adaptime/evaluations/bayes_covariate_prediction/univariate/WUI_Global/Q/short/run_0/metrics.npz
    Saved config to /fslarge/scratch/users/h61084/codes/adaptime/outputs/adaptime/evaluations/bayes_covariate_prediction/univariate/WUI_Global/Q/short/run_0/config.json
    Saved aggregate metrics to /fslarge/scratch/users/h61084/codes/adaptime/outputs/adaptime/evaluations/bayes_covariate_prediction/univariate/WUI_Global/Q/short/run_0/metrics_summary.json
    Metrics summary (averaged over all series/windows/variates):
      MSE: 0.0486
      MAE: 0.1480
      RMSE: 0.1749
      MAPE: 0.5793
      sMAPE: 0.6437
      MASE: 0.9822
      ND: 0.6727
      CRPS: 0.6727
/fslarge/scratch/users/h61084/codes/adaptime/outputs/adaptime/evaluations/bayes_covariate_prediction/univariate/WUI_Global/Q/short/run_0/metrics_summary.json
TIME run allocation action=new run=/fslarge/scratch/users/h61084/codes/adaptime/outputs/adaptime/evaluations/full_ridge_shared/univariate/WUI_Global/Q/short/run_0 launch_id=selena_adaptime_3275021 slurm_job_id=3275021 launched_at=2026-09-09T13:15:57.413578+00:00
    Total instances: 75, Series during experiment: 15, Windows: 5
    Collecting ground truth and context...
    Detected to_univariate case: 15 flat series -> 1 series x 15 variates
    Organizing data into arrays...
    Saved predictions (quantiles) to /fslarge/scratch/users/h61084/codes/adaptime/outputs/adaptime/evaluations/full_ridge_shared/univariate/WUI_Global/Q/short/run_0/predictions.npz
    Computing per-window metrics...
    Saved metrics to /fslarge/scratch/users/h61084/codes/adaptime/outputs/adaptime/evaluations/full_ridge_shared/univariate/WUI_Global/Q/short/run_0/metrics.npz
    Saved config to /fslarge/scratch/users/h61084/codes/adaptime/outputs/adaptime/evaluations/full_ridge_shared/univariate/WUI_Global/Q/short/run_0/config.json
    Saved aggregate metrics to /fslarge/scratch/users/h61084/codes/adaptime/outputs/adaptime/evaluations/full_ridge_shared/univariate/WUI_Global/Q/short/run_0/metrics_summary.json
    Metrics summary (averaged over all series/windows/variates):
      MSE: 0.0486
      MAE: 0.1480
      RMSE: 0.1749
      MAPE: 0.5793
      sMAPE: 0.6437
      MASE: 0.9822
      ND: 0.6727
      CRPS: 0.6727
/fslarge/scratch/users/h61084/codes/adaptime/outputs/adaptime/evaluations/full_ridge_shared/univariate/WUI_Global/Q/short/run_0/metrics_summary.json
TIME run allocation action=new run=/fslarge/scratch/users/h61084/codes/adaptime/outputs/adaptime/evaluations/vanilla/univariate/Global_Price/Q/short/run_0 launch_id=selena_adaptime_3275021 slurm_job_id=3275021 launched_at=2026-09-09T13:15:57.448147+00:00
    Total instances: 300, Series during experiment: 60, Windows: 5
    Collecting ground truth and context...
    Detected to_univariate case: 60 flat series -> 1 series x 60 variates
    Organizing data into arrays...
    Saved predictions (quantiles) to /fslarge/scratch/users/h61084/codes/adaptime/outputs/adaptime/evaluations/vanilla/univariate/Global_Price/Q/short/run_0/predictions.npz
    Computing per-window metrics...
    Saved metrics to /fslarge/scratch/users/h61084/codes/adaptime/outputs/adaptime/evaluations/vanilla/univariate/Global_Price/Q/short/run_0/metrics.npz
    Saved config to /fslarge/scratch/users/h61084/codes/adaptime/outputs/adaptime/evaluations/vanilla/univariate/Global_Price/Q/short/run_0/config.json
    Saved aggregate metrics to /fslarge/scratch/users/h61084/codes/adaptime/outputs/adaptime/evaluations/vanilla/univariate/Global_Price/Q/short/run_0/metrics_summary.json
    Metrics summary (averaged over all series/windows/variates):
      MSE: 1781288.0287
      MAE: 313.4901
      RMSE: 353.6570
      MAPE: 0.1798
      sMAPE: 0.1925
      MASE: 1.5801
      ND: 0.1810
      CRPS: 0.1810
/fslarge/scratch/users/h61084/codes/adaptime/outputs/adaptime/evaluations/vanilla/univariate/Global_Price/Q/short/run_0/metrics_summary.json
TIME run allocation action=new run=/fslarge/scratch/users/h61084/codes/adaptime/outputs/adaptime/evaluations/covariate_prediction/univariate/Global_Price/Q/short/run_0 launch_id=selena_adaptime_3275021 slurm_job_id=3275021 launched_at=2026-09-09T13:15:57.497337+00:00
    Total instances: 300, Series during experiment: 60, Windows: 5
    Collecting ground truth and context...
    Detected to_univariate case: 60 flat series -> 1 series x 60 variates
    Organizing data into arrays...
    Saved predictions (quantiles) to /fslarge/scratch/users/h61084/codes/adaptime/outputs/adaptime/evaluations/covariate_prediction/univariate/Global_Price/Q/short/run_0/predictions.npz
    Computing per-window metrics...
    Saved metrics to /fslarge/scratch/users/h61084/codes/adaptime/outputs/adaptime/evaluations/covariate_prediction/univariate/Global_Price/Q/short/run_0/metrics.npz
    Saved config to /fslarge/scratch/users/h61084/codes/adaptime/outputs/adaptime/evaluations/covariate_prediction/univariate/Global_Price/Q/short/run_0/config.json
    Saved aggregate metrics to /fslarge/scratch/users/h61084/codes/adaptime/outputs/adaptime/evaluations/covariate_prediction/univariate/Global_Price/Q/short/run_0/metrics_summary.json
    Metrics summary (averaged over all series/windows/variates):
      MSE: 1781288.0287
      MAE: 313.4901
      RMSE: 353.6570
      MAPE: 0.1798
      sMAPE: 0.1925
      MASE: 1.5801
      ND: 0.1810
      CRPS: 0.1810
/fslarge/scratch/users/h61084/codes/adaptime/outputs/adaptime/evaluations/covariate_prediction/univariate/Global_Price/Q/short/run_0/metrics_summary.json
TIME run allocation action=new run=/fslarge/scratch/users/h61084/codes/adaptime/outputs/adaptime/evaluations/bayes_covariate_prediction/univariate/Global_Price/Q/short/run_0 launch_id=selena_adaptime_3275021 slurm_job_id=3275021 launched_at=2026-09-09T13:15:57.545512+00:00
    Total instances: 300, Series during experiment: 60, Windows: 5
    Collecting ground truth and context...
    Detected to_univariate case: 60 flat series -> 1 series x 60 variates
    Organizing data into arrays...
    Saved predictions (quantiles) to /fslarge/scratch/users/h61084/codes/adaptime/outputs/adaptime/evaluations/bayes_covariate_prediction/univariate/Global_Price/Q/short/run_0/predictions.npz
    Computing per-window metrics...
    Saved metrics to /fslarge/scratch/users/h61084/codes/adaptime/outputs/adaptime/evaluations/bayes_covariate_prediction/univariate/Global_Price/Q/short/run_0/metrics.npz
    Saved config to /fslarge/scratch/users/h61084/codes/adaptime/outputs/adaptime/evaluations/bayes_covariate_prediction/univariate/Global_Price/Q/short/run_0/config.json
    Saved aggregate metrics to /fslarge/scratch/users/h61084/codes/adaptime/outputs/adaptime/evaluations/bayes_covariate_prediction/univariate/Global_Price/Q/short/run_0/metrics_summary.json
    Metrics summary (averaged over all series/windows/variates):
      MSE: 1781288.0287
      MAE: 313.4901
      RMSE: 353.6570
      MAPE: 0.1798
      sMAPE: 0.1925
      MASE: 1.5801
      ND: 0.1810
      CRPS: 0.1810
/fslarge/scratch/users/h61084/codes/adaptime/outputs/adaptime/evaluations/bayes_covariate_prediction/univariate/Global_Price/Q/short/run_0/metrics_summary.json
TIME run allocation action=new run=/fslarge/scratch/users/h61084/codes/adaptime/outputs/adaptime/evaluations/full_ridge_shared/univariate/Global_Price/Q/short/run_0 launch_id=selena_adaptime_3275021 slurm_job_id=3275021 launched_at=2026-09-09T13:15:57.593665+00:00
    Total instances: 300, Series during experiment: 60, Windows: 5
    Collecting ground truth and context...
    Detected to_univariate case: 60 flat series -> 1 series x 60 variates
    Organizing data into arrays...
    Saved predictions (quantiles) to /fslarge/scratch/users/h61084/codes/adaptime/outputs/adaptime/evaluations/full_ridge_shared/univariate/Global_Price/Q/short/run_0/predictions.npz
    Computing per-window metrics...
    Saved metrics to /fslarge/scratch/users/h61084/codes/adaptime/outputs/adaptime/evaluations/full_ridge_shared/univariate/Global_Price/Q/short/run_0/metrics.npz
    Saved config to /fslarge/scratch/users/h61084/codes/adaptime/outputs/adaptime/evaluations/full_ridge_shared/univariate/Global_Price/Q/short/run_0/config.json
    Saved aggregate metrics to /fslarge/scratch/users/h61084/codes/adaptime/outputs/adaptime/evaluations/full_ridge_shared/univariate/Global_Price/Q/short/run_0/metrics_summary.json
    Metrics summary (averaged over all series/windows/variates):
      MSE: 1781288.0287
      MAE: 313.4901
      RMSE: 353.6570
      MAPE: 0.1798
      sMAPE: 0.1925
      MASE: 1.5801
      ND: 0.1810
      CRPS: 0.1810
/fslarge/scratch/users/h61084/codes/adaptime/outputs/adaptime/evaluations/full_ridge_shared/univariate/Global_Price/Q/short/run_0/metrics_summary.json
TIME run allocation action=new run=/fslarge/scratch/users/h61084/codes/adaptime/outputs/adaptime/evaluations/vanilla/univariate/Vehicle_Sales/M/short/run_0 launch_id=selena_adaptime_3275021 slurm_job_id=3275021 launched_at=2026-09-09T13:15:57.643588+00:00
    Total instances: 50, Series during experiment: 10, Windows: 5
    Collecting ground truth and context...
    Detected to_univariate case: 10 flat series -> 1 series x 10 variates
    Organizing data into arrays...
    Saved predictions (quantiles) to /fslarge/scratch/users/h61084/codes/adaptime/outputs/adaptime/evaluations/vanilla/univariate/Vehicle_Sales/M/short/run_0/predictions.npz
    Computing per-window metrics...
    Saved metrics to /fslarge/scratch/users/h61084/codes/adaptime/outputs/adaptime/evaluations/vanilla/univariate/Vehicle_Sales/M/short/run_0/metrics.npz
    Saved config to /fslarge/scratch/users/h61084/codes/adaptime/outputs/adaptime/evaluations/vanilla/univariate/Vehicle_Sales/M/short/run_0/config.json
    Saved aggregate metrics to /fslarge/scratch/users/h61084/codes/adaptime/outputs/adaptime/evaluations/vanilla/univariate/Vehicle_Sales/M/short/run_0/metrics_summary.json
    Metrics summary (averaged over all series/windows/variates):
      MSE: 2666.5882
      MAE: 13.7315
      RMSE: 15.3027
      MAPE: 0.0899
      sMAPE: 0.0885
      MASE: 0.8236
      ND: 0.0900
      CRPS: 0.0900
/fslarge/scratch/users/h61084/codes/adaptime/outputs/adaptime/evaluations/vanilla/univariate/Vehicle_Sales/M/short/run_0/metrics_summary.json
TIME run allocation action=new run=/fslarge/scratch/users/h61084/codes/adaptime/outputs/adaptime/evaluations/covariate_prediction/univariate/Vehicle_Sales/M/short/run_0 launch_id=selena_adaptime_3275021 slurm_job_id=3275021 launched_at=2026-09-09T13:15:57.678107+00:00
    Total instances: 50, Series during experiment: 10, Windows: 5
    Collecting ground truth and context...
    Detected to_univariate case: 10 flat series -> 1 series x 10 variates
    Organizing data into arrays...
    Saved predictions (quantiles) to /fslarge/scratch/users/h61084/codes/adaptime/outputs/adaptime/evaluations/covariate_prediction/univariate/Vehicle_Sales/M/short/run_0/predictions.npz
    Computing per-window metrics...
    Saved metrics to /fslarge/scratch/users/h61084/codes/adaptime/outputs/adaptime/evaluations/covariate_prediction/univariate/Vehicle_Sales/M/short/run_0/metrics.npz
    Saved config to /fslarge/scratch/users/h61084/codes/adaptime/outputs/adaptime/evaluations/covariate_prediction/univariate/Vehicle_Sales/M/short/run_0/config.json
    Saved aggregate metrics to /fslarge/scratch/users/h61084/codes/adaptime/outputs/adaptime/evaluations/covariate_prediction/univariate/Vehicle_Sales/M/short/run_0/metrics_summary.json
    Metrics summary (averaged over all series/windows/variates):
      MSE: 2666.5882
      MAE: 13.7315
      RMSE: 15.3027
      MAPE: 0.0899
      sMAPE: 0.0885
      MASE: 0.8236
      ND: 0.0900
      CRPS: 0.0900
/fslarge/scratch/users/h61084/codes/adaptime/outputs/adaptime/evaluations/covariate_prediction/univariate/Vehicle_Sales/M/short/run_0/metrics_summary.json
TIME run allocation action=new run=/fslarge/scratch/users/h61084/codes/adaptime/outputs/adaptime/evaluations/bayes_covariate_prediction/univariate/Vehicle_Sales/M/short/run_0 launch_id=selena_adaptime_3275021 slurm_job_id=3275021 launched_at=2026-09-09T13:15:57.709758+00:00
    Total instances: 50, Series during experiment: 10, Windows: 5
    Collecting ground truth and context...
    Detected to_univariate case: 10 flat series -> 1 series x 10 variates
    Organizing data into arrays...
    Saved predictions (quantiles) to /fslarge/scratch/users/h61084/codes/adaptime/outputs/adaptime/evaluations/bayes_covariate_prediction/univariate/Vehicle_Sales/M/short/run_0/predictions.npz
    Computing per-window metrics...
    Saved metrics to /fslarge/scratch/users/h61084/codes/adaptime/outputs/adaptime/evaluations/bayes_covariate_prediction/univariate/Vehicle_Sales/M/short/run_0/metrics.npz
    Saved config to /fslarge/scratch/users/h61084/codes/adaptime/outputs/adaptime/evaluations/bayes_covariate_prediction/univariate/Vehicle_Sales/M/short/run_0/config.json
    Saved aggregate metrics to /fslarge/scratch/users/h61084/codes/adaptime/outputs/adaptime/evaluations/bayes_covariate_prediction/univariate/Vehicle_Sales/M/short/run_0/metrics_summary.json
    Metrics summary (averaged over all series/windows/variates):
      MSE: 2666.5882
      MAE: 13.7315
      RMSE: 15.3027
      MAPE: 0.0899
      sMAPE: 0.0885
      MASE: 0.8236
      ND: 0.0900
      CRPS: 0.0900
/fslarge/scratch/users/h61084/codes/adaptime/outputs/adaptime/evaluations/bayes_covariate_prediction/univariate/Vehicle_Sales/M/short/run_0/metrics_summary.json
TIME run allocation action=new run=/fslarge/scratch/users/h61084/codes/adaptime/outputs/adaptime/evaluations/full_ridge_shared/univariate/Vehicle_Sales/M/short/run_0 launch_id=selena_adaptime_3275021 slurm_job_id=3275021 launched_at=2026-09-09T13:15:57.741144+00:00
    Total instances: 50, Series during experiment: 10, Windows: 5
    Collecting ground truth and context...
    Detected to_univariate case: 10 flat series -> 1 series x 10 variates
    Organizing data into arrays...
    Saved predictions (quantiles) to /fslarge/scratch/users/h61084/codes/adaptime/outputs/adaptime/evaluations/full_ridge_shared/univariate/Vehicle_Sales/M/short/run_0/predictions.npz
    Computing per-window metrics...
    Saved metrics to /fslarge/scratch/users/h61084/codes/adaptime/outputs/adaptime/evaluations/full_ridge_shared/univariate/Vehicle_Sales/M/short/run_0/metrics.npz
    Saved config to /fslarge/scratch/users/h61084/codes/adaptime/outputs/adaptime/evaluations/full_ridge_shared/univariate/Vehicle_Sales/M/short/run_0/config.json
    Saved aggregate metrics to /fslarge/scratch/users/h61084/codes/adaptime/outputs/adaptime/evaluations/full_ridge_shared/univariate/Vehicle_Sales/M/short/run_0/metrics_summary.json
    Metrics summary (averaged over all series/windows/variates):
      MSE: 2666.5882
      MAE: 13.7315
      RMSE: 15.3027
      MAPE: 0.0899
      sMAPE: 0.0885
      MASE: 0.8236
      ND: 0.0900
      CRPS: 0.0900
/fslarge/scratch/users/h61084/codes/adaptime/outputs/adaptime/evaluations/full_ridge_shared/univariate/Vehicle_Sales/M/short/run_0/metrics_summary.json
TIME run allocation action=new run=/fslarge/scratch/users/h61084/codes/adaptime/outputs/adaptime/evaluations/vanilla/univariate/Online_Retail_2_UCI/D/short/run_0 launch_id=selena_adaptime_3275021 slurm_job_id=3275021 launched_at=2026-09-09T13:15:57.774411+00:00
    Total instances: 6, Series during experiment: 1, Windows: 6
    Collecting ground truth and context...
    Organizing data into arrays...
    ⚠️  Predictions max value (80600.97) exceeds float16 safe range.
    ⚠️  Applying scale factor: 10 (values will be divided)
    Saved predictions (quantiles) to /fslarge/scratch/users/h61084/codes/adaptime/outputs/adaptime/evaluations/vanilla/univariate/Online_Retail_2_UCI/D/short/run_0/predictions.npz
    Computing per-window metrics...
    Saved metrics to /fslarge/scratch/users/h61084/codes/adaptime/outputs/adaptime/evaluations/vanilla/univariate/Online_Retail_2_UCI/D/short/run_0/metrics.npz
    Saved config to /fslarge/scratch/users/h61084/codes/adaptime/outputs/adaptime/evaluations/vanilla/univariate/Online_Retail_2_UCI/D/short/run_0/config.json
    Saved aggregate metrics to /fslarge/scratch/users/h61084/codes/adaptime/outputs/adaptime/evaluations/vanilla/univariate/Online_Retail_2_UCI/D/short/run_0/metrics_summary.json
    Metrics summary (averaged over all series/windows/variates):
      MSE: 308363463.3661
      MAE: 10064.9795
      RMSE: 16022.4758
      MAPE: 0.3003
      sMAPE: 0.5430
      MASE: 0.6093
      ND: 0.2960
      CRPS: 0.2960
/fslarge/scratch/users/h61084/codes/adaptime/outputs/adaptime/evaluations/vanilla/univariate/Online_Retail_2_UCI/D/short/run_0/metrics_summary.json
TIME run allocation action=new run=/fslarge/scratch/users/h61084/codes/adaptime/outputs/adaptime/evaluations/covariate_prediction/univariate/Online_Retail_2_UCI/D/short/run_0 launch_id=selena_adaptime_3275021 slurm_job_id=3275021 launched_at=2026-09-09T13:15:57.803106+00:00
    Total instances: 6, Series during experiment: 1, Windows: 6
    Collecting ground truth and context...
    Organizing data into arrays...
    ⚠️  Predictions max value (80600.97) exceeds float16 safe range.
    ⚠️  Applying scale factor: 10 (values will be divided)
    Saved predictions (quantiles) to /fslarge/scratch/users/h61084/codes/adaptime/outputs/adaptime/evaluations/covariate_prediction/univariate/Online_Retail_2_UCI/D/short/run_0/predictions.npz
    Computing per-window metrics...
    Saved metrics to /fslarge/scratch/users/h61084/codes/adaptime/outputs/adaptime/evaluations/covariate_prediction/univariate/Online_Retail_2_UCI/D/short/run_0/metrics.npz
    Saved config to /fslarge/scratch/users/h61084/codes/adaptime/outputs/adaptime/evaluations/covariate_prediction/univariate/Online_Retail_2_UCI/D/short/run_0/config.json
    Saved aggregate metrics to /fslarge/scratch/users/h61084/codes/adaptime/outputs/adaptime/evaluations/covariate_prediction/univariate/Online_Retail_2_UCI/D/short/run_0/metrics_summary.json
    Metrics summary (averaged over all series/windows/variates):
      MSE: 308363463.3661
      MAE: 10064.9795
      RMSE: 16022.4758
      MAPE: 0.3003
      sMAPE: 0.5430
      MASE: 0.6093
      ND: 0.2960
      CRPS: 0.2960
/fslarge/scratch/users/h61084/codes/adaptime/outputs/adaptime/evaluations/covariate_prediction/univariate/Online_Retail_2_UCI/D/short/run_0/metrics_summary.json
TIME run allocation action=new run=/fslarge/scratch/users/h61084/codes/adaptime/outputs/adaptime/evaluations/bayes_covariate_prediction/univariate/Online_Retail_2_UCI/D/short/run_0 launch_id=selena_adaptime_3275021 slurm_job_id=3275021 launched_at=2026-09-09T13:15:57.829974+00:00
    Total instances: 6, Series during experiment: 1, Windows: 6
    Collecting ground truth and context...
    Organizing data into arrays...
    ⚠️  Predictions max value (80600.97) exceeds float16 safe range.
    ⚠️  Applying scale factor: 10 (values will be divided)
    Saved predictions (quantiles) to /fslarge/scratch/users/h61084/codes/adaptime/outputs/adaptime/evaluations/bayes_covariate_prediction/univariate/Online_Retail_2_UCI/D/short/run_0/predictions.npz
    Computing per-window metrics...
    Saved metrics to /fslarge/scratch/users/h61084/codes/adaptime/outputs/adaptime/evaluations/bayes_covariate_prediction/univariate/Online_Retail_2_UCI/D/short/run_0/metrics.npz
    Saved config to /fslarge/scratch/users/h61084/codes/adaptime/outputs/adaptime/evaluations/bayes_covariate_prediction/univariate/Online_Retail_2_UCI/D/short/run_0/config.json
    Saved aggregate metrics to /fslarge/scratch/users/h61084/codes/adaptime/outputs/adaptime/evaluations/bayes_covariate_prediction/univariate/Online_Retail_2_UCI/D/short/run_0/metrics_summary.json
    Metrics summary (averaged over all series/windows/variates):
      MSE: 308363463.3661
      MAE: 10064.9795
      RMSE: 16022.4758
      MAPE: 0.3003
      sMAPE: 0.5430
      MASE: 0.6093
      ND: 0.2960
      CRPS: 0.2960
/fslarge/scratch/users/h61084/codes/adaptime/outputs/adaptime/evaluations/bayes_covariate_prediction/univariate/Online_Retail_2_UCI/D/short/run_0/metrics_summary.json
TIME run allocation action=new run=/fslarge/scratch/users/h61084/codes/adaptime/outputs/adaptime/evaluations/full_ridge_shared/univariate/Online_Retail_2_UCI/D/short/run_0 launch_id=selena_adaptime_3275021 slurm_job_id=3275021 launched_at=2026-09-09T13:15:57.857047+00:00
    Total instances: 6, Series during experiment: 1, Windows: 6
    Collecting ground truth and context...
    Organizing data into arrays...
    ⚠️  Predictions max value (80600.97) exceeds float16 safe range.
    ⚠️  Applying scale factor: 10 (values will be divided)
    Saved predictions (quantiles) to /fslarge/scratch/users/h61084/codes/adaptime/outputs/adaptime/evaluations/full_ridge_shared/univariate/Online_Retail_2_UCI/D/short/run_0/predictions.npz
    Computing per-window metrics...
    Saved metrics to /fslarge/scratch/users/h61084/codes/adaptime/outputs/adaptime/evaluations/full_ridge_shared/univariate/Online_Retail_2_UCI/D/short/run_0/metrics.npz
    Saved config to /fslarge/scratch/users/h61084/codes/adaptime/outputs/adaptime/evaluations/full_ridge_shared/univariate/Online_Retail_2_UCI/D/short/run_0/config.json
    Saved aggregate metrics to /fslarge/scratch/users/h61084/codes/adaptime/outputs/adaptime/evaluations/full_ridge_shared/univariate/Online_Retail_2_UCI/D/short/run_0/metrics_summary.json
    Metrics summary (averaged over all series/windows/variates):
      MSE: 308363463.3661
      MAE: 10064.9795
      RMSE: 16022.4758
      MAPE: 0.3003
      sMAPE: 0.5430
      MASE: 0.6093
      ND: 0.2960
      CRPS: 0.2960
/fslarge/scratch/users/h61084/codes/adaptime/outputs/adaptime/evaluations/full_ridge_shared/univariate/Online_Retail_2_UCI/D/short/run_0/metrics_summary.json
TIME run allocation action=new run=/fslarge/scratch/users/h61084/codes/adaptime/outputs/adaptime/evaluations/vanilla/univariate/Supply_Chain_Customer/D/short/run_0 launch_id=selena_adaptime_3275021 slurm_job_id=3275021 launched_at=2026-09-09T13:15:57.885041+00:00
    Total instances: 432, Series during experiment: 36, Windows: 12
    Collecting ground truth and context...
    Detected to_univariate case: 36 flat series -> 1 series x 36 variates
    Organizing data into arrays...
    ⚠️  Predictions max value (166618.97) exceeds float16 safe range.
    ⚠️  Applying scale factor: 10 (values will be divided)
    Saved predictions (quantiles) to /fslarge/scratch/users/h61084/codes/adaptime/outputs/adaptime/evaluations/vanilla/univariate/Supply_Chain_Customer/D/short/run_0/predictions.npz
    Computing per-window metrics...
    Saved metrics to /fslarge/scratch/users/h61084/codes/adaptime/outputs/adaptime/evaluations/vanilla/univariate/Supply_Chain_Customer/D/short/run_0/metrics.npz
    Saved config to /fslarge/scratch/users/h61084/codes/adaptime/outputs/adaptime/evaluations/vanilla/univariate/Supply_Chain_Customer/D/short/run_0/config.json
    Saved aggregate metrics to /fslarge/scratch/users/h61084/codes/adaptime/outputs/adaptime/evaluations/vanilla/univariate/Supply_Chain_Customer/D/short/run_0/metrics_summary.json
    Metrics summary (averaged over all series/windows/variates):
      MSE: 29400554.9458
      MAE: 1553.1127
      RMSE: 2207.4213
      MAPE: 0.4072
      sMAPE: 0.3825
      MASE: 0.5576
      ND: 0.3354
      CRPS: 0.3354
/fslarge/scratch/users/h61084/codes/adaptime/outputs/adaptime/evaluations/vanilla/univariate/Supply_Chain_Customer/D/short/run_0/metrics_summary.json
TIME run allocation action=new run=/fslarge/scratch/users/h61084/codes/adaptime/outputs/adaptime/evaluations/covariate_prediction/univariate/Supply_Chain_Customer/D/short/run_0 launch_id=selena_adaptime_3275021 slurm_job_id=3275021 launched_at=2026-09-09T13:15:57.958743+00:00
    Total instances: 432, Series during experiment: 36, Windows: 12
    Collecting ground truth and context...
    Detected to_univariate case: 36 flat series -> 1 series x 36 variates
    Organizing data into arrays...
    ⚠️  Predictions max value (166618.97) exceeds float16 safe range.
    ⚠️  Applying scale factor: 10 (values will be divided)
    Saved predictions (quantiles) to /fslarge/scratch/users/h61084/codes/adaptime/outputs/adaptime/evaluations/covariate_prediction/univariate/Supply_Chain_Customer/D/short/run_0/predictions.npz
    Computing per-window metrics...
    Saved metrics to /fslarge/scratch/users/h61084/codes/adaptime/outputs/adaptime/evaluations/covariate_prediction/univariate/Supply_Chain_Customer/D/short/run_0/metrics.npz
    Saved config to /fslarge/scratch/users/h61084/codes/adaptime/outputs/adaptime/evaluations/covariate_prediction/univariate/Supply_Chain_Customer/D/short/run_0/config.json
    Saved aggregate metrics to /fslarge/scratch/users/h61084/codes/adaptime/outputs/adaptime/evaluations/covariate_prediction/univariate/Supply_Chain_Customer/D/short/run_0/metrics_summary.json
    Metrics summary (averaged over all series/windows/variates):
      MSE: 29400554.9458
      MAE: 1553.1127
      RMSE: 2207.4213
      MAPE: 0.4072
      sMAPE: 0.3825
      MASE: 0.5576
      ND: 0.3354
      CRPS: 0.3354
/fslarge/scratch/users/h61084/codes/adaptime/outputs/adaptime/evaluations/covariate_prediction/univariate/Supply_Chain_Customer/D/short/run_0/metrics_summary.json
TIME run allocation action=new run=/fslarge/scratch/users/h61084/codes/adaptime/outputs/adaptime/evaluations/bayes_covariate_prediction/univariate/Supply_Chain_Customer/D/short/run_0 launch_id=selena_adaptime_3275021 slurm_job_id=3275021 launched_at=2026-09-09T13:15:58.030993+00:00
    Total instances: 432, Series during experiment: 36, Windows: 12
    Collecting ground truth and context...
    Detected to_univariate case: 36 flat series -> 1 series x 36 variates
    Organizing data into arrays...
    ⚠️  Predictions max value (166618.97) exceeds float16 safe range.
    ⚠️  Applying scale factor: 10 (values will be divided)
    Saved predictions (quantiles) to /fslarge/scratch/users/h61084/codes/adaptime/outputs/adaptime/evaluations/bayes_covariate_prediction/univariate/Supply_Chain_Customer/D/short/run_0/predictions.npz
    Computing per-window metrics...
    Saved metrics to /fslarge/scratch/users/h61084/codes/adaptime/outputs/adaptime/evaluations/bayes_covariate_prediction/univariate/Supply_Chain_Customer/D/short/run_0/metrics.npz
    Saved config to /fslarge/scratch/users/h61084/codes/adaptime/outputs/adaptime/evaluations/bayes_covariate_prediction/univariate/Supply_Chain_Customer/D/short/run_0/config.json
    Saved aggregate metrics to /fslarge/scratch/users/h61084/codes/adaptime/outputs/adaptime/evaluations/bayes_covariate_prediction/univariate/Supply_Chain_Customer/D/short/run_0/metrics_summary.json
    Metrics summary (averaged over all series/windows/variates):
      MSE: 29400554.9458
      MAE: 1553.1127
      RMSE: 2207.4213
      MAPE: 0.4072
      sMAPE: 0.3825
      MASE: 0.5576
      ND: 0.3354
      CRPS: 0.3354
/fslarge/scratch/users/h61084/codes/adaptime/outputs/adaptime/evaluations/bayes_covariate_prediction/univariate/Supply_Chain_Customer/D/short/run_0/metrics_summary.json
TIME run allocation action=new run=/fslarge/scratch/users/h61084/codes/adaptime/outputs/adaptime/evaluations/full_ridge_shared/univariate/Supply_Chain_Customer/D/short/run_0 launch_id=selena_adaptime_3275021 slurm_job_id=3275021 launched_at=2026-09-09T13:15:58.102886+00:00
    Total instances: 432, Series during experiment: 36, Windows: 12
    Collecting ground truth and context...
    Detected to_univariate case: 36 flat series -> 1 series x 36 variates
    Organizing data into arrays...
    ⚠️  Predictions max value (166618.97) exceeds float16 safe range.
    ⚠️  Applying scale factor: 10 (values will be divided)
    Saved predictions (quantiles) to /fslarge/scratch/users/h61084/codes/adaptime/outputs/adaptime/evaluations/full_ridge_shared/univariate/Supply_Chain_Customer/D/short/run_0/predictions.npz
    Computing per-window metrics...
    Saved metrics to /fslarge/scratch/users/h61084/codes/adaptime/outputs/adaptime/evaluations/full_ridge_shared/univariate/Supply_Chain_Customer/D/short/run_0/metrics.npz
    Saved config to /fslarge/scratch/users/h61084/codes/adaptime/outputs/adaptime/evaluations/full_ridge_shared/univariate/Supply_Chain_Customer/D/short/run_0/config.json
    Saved aggregate metrics to /fslarge/scratch/users/h61084/codes/adaptime/outputs/adaptime/evaluations/full_ridge_shared/univariate/Supply_Chain_Customer/D/short/run_0/metrics_summary.json
    Metrics summary (averaged over all series/windows/variates):
      MSE: 29400554.9458
      MAE: 1553.1127
      RMSE: 2207.4213
      MAPE: 0.4072
      sMAPE: 0.3825
      MASE: 0.5576
      ND: 0.3354
      CRPS: 0.3354
/fslarge/scratch/users/h61084/codes/adaptime/outputs/adaptime/evaluations/full_ridge_shared/univariate/Supply_Chain_Customer/D/short/run_0/metrics_summary.json
TIME run allocation action=new run=/fslarge/scratch/users/h61084/codes/adaptime/outputs/adaptime/evaluations/vanilla/univariate/Supply_Chain_Location/D/short/run_0 launch_id=selena_adaptime_3275021 slurm_job_id=3275021 launched_at=2026-09-09T13:15:58.176438+00:00
    Total instances: 612, Series during experiment: 51, Windows: 12
    Collecting ground truth and context...
    Detected to_univariate case: 51 flat series -> 1 series x 51 variates
    Organizing data into arrays...
    ⚠️  Predictions max value (72778.27) exceeds float16 safe range.
    ⚠️  Applying scale factor: 10 (values will be divided)
    Saved predictions (quantiles) to /fslarge/scratch/users/h61084/codes/adaptime/outputs/adaptime/evaluations/vanilla/univariate/Supply_Chain_Location/D/short/run_0/predictions.npz
    Computing per-window metrics...
    Saved metrics to /fslarge/scratch/users/h61084/codes/adaptime/outputs/adaptime/evaluations/vanilla/univariate/Supply_Chain_Location/D/short/run_0/metrics.npz
    Saved config to /fslarge/scratch/users/h61084/codes/adaptime/outputs/adaptime/evaluations/vanilla/univariate/Supply_Chain_Location/D/short/run_0/config.json
    Saved aggregate metrics to /fslarge/scratch/users/h61084/codes/adaptime/outputs/adaptime/evaluations/vanilla/univariate/Supply_Chain_Location/D/short/run_0/metrics_summary.json
    Metrics summary (averaged over all series/windows/variates):
      MSE: 19273968.6441
      MAE: 1714.7489
      RMSE: 2278.6413
      MAPE: 0.4863
      sMAPE: 0.3920
      MASE: 0.6095
      ND: 0.3586
      CRPS: 0.3586
/fslarge/scratch/users/h61084/codes/adaptime/outputs/adaptime/evaluations/vanilla/univariate/Supply_Chain_Location/D/short/run_0/metrics_summary.json
TIME run allocation action=new run=/fslarge/scratch/users/h61084/codes/adaptime/outputs/adaptime/evaluations/covariate_prediction/univariate/Supply_Chain_Location/D/short/run_0 launch_id=selena_adaptime_3275021 slurm_job_id=3275021 launched_at=2026-09-09T13:15:58.268939+00:00
    Total instances: 612, Series during experiment: 51, Windows: 12
    Collecting ground truth and context...
    Detected to_univariate case: 51 flat series -> 1 series x 51 variates
    Organizing data into arrays...
    ⚠️  Predictions max value (72778.27) exceeds float16 safe range.
    ⚠️  Applying scale factor: 10 (values will be divided)
    Saved predictions (quantiles) to /fslarge/scratch/users/h61084/codes/adaptime/outputs/adaptime/evaluations/covariate_prediction/univariate/Supply_Chain_Location/D/short/run_0/predictions.npz
    Computing per-window metrics...
    Saved metrics to /fslarge/scratch/users/h61084/codes/adaptime/outputs/adaptime/evaluations/covariate_prediction/univariate/Supply_Chain_Location/D/short/run_0/metrics.npz
    Saved config to /fslarge/scratch/users/h61084/codes/adaptime/outputs/adaptime/evaluations/covariate_prediction/univariate/Supply_Chain_Location/D/short/run_0/config.json
    Saved aggregate metrics to /fslarge/scratch/users/h61084/codes/adaptime/outputs/adaptime/evaluations/covariate_prediction/univariate/Supply_Chain_Location/D/short/run_0/metrics_summary.json
    Metrics summary (averaged over all series/windows/variates):
      MSE: 19273968.6441
      MAE: 1714.7489
      RMSE: 2278.6413
      MAPE: 0.4863
      sMAPE: 0.3920
      MASE: 0.6095
      ND: 0.3586
      CRPS: 0.3586
/fslarge/scratch/users/h61084/codes/adaptime/outputs/adaptime/evaluations/covariate_prediction/univariate/Supply_Chain_Location/D/short/run_0/metrics_summary.json
TIME run allocation action=new run=/fslarge/scratch/users/h61084/codes/adaptime/outputs/adaptime/evaluations/bayes_covariate_prediction/univariate/Supply_Chain_Location/D/short/run_0 launch_id=selena_adaptime_3275021 slurm_job_id=3275021 launched_at=2026-09-09T13:15:58.360106+00:00
    Total instances: 612, Series during experiment: 51, Windows: 12
    Collecting ground truth and context...
    Detected to_univariate case: 51 flat series -> 1 series x 51 variates
    Organizing data into arrays...
    ⚠️  Predictions max value (72778.27) exceeds float16 safe range.
    ⚠️  Applying scale factor: 10 (values will be divided)
    Saved predictions (quantiles) to /fslarge/scratch/users/h61084/codes/adaptime/outputs/adaptime/evaluations/bayes_covariate_prediction/univariate/Supply_Chain_Location/D/short/run_0/predictions.npz
    Computing per-window metrics...
    Saved metrics to /fslarge/scratch/users/h61084/codes/adaptime/outputs/adaptime/evaluations/bayes_covariate_prediction/univariate/Supply_Chain_Location/D/short/run_0/metrics.npz
    Saved config to /fslarge/scratch/users/h61084/codes/adaptime/outputs/adaptime/evaluations/bayes_covariate_prediction/univariate/Supply_Chain_Location/D/short/run_0/config.json
    Saved aggregate metrics to /fslarge/scratch/users/h61084/codes/adaptime/outputs/adaptime/evaluations/bayes_covariate_prediction/univariate/Supply_Chain_Location/D/short/run_0/metrics_summary.json
    Metrics summary (averaged over all series/windows/variates):
      MSE: 19273968.6441
      MAE: 1714.7489
      RMSE: 2278.6413
      MAPE: 0.4863
      sMAPE: 0.3920
      MASE: 0.6095
      ND: 0.3586
      CRPS: 0.3586
/fslarge/scratch/users/h61084/codes/adaptime/outputs/adaptime/evaluations/bayes_covariate_prediction/univariate/Supply_Chain_Location/D/short/run_0/metrics_summary.json
TIME run allocation action=new run=/fslarge/scratch/users/h61084/codes/adaptime/outputs/adaptime/evaluations/full_ridge_shared/univariate/Supply_Chain_Location/D/short/run_0 launch_id=selena_adaptime_3275021 slurm_job_id=3275021 launched_at=2026-09-09T13:15:58.451685+00:00
    Total instances: 612, Series during experiment: 51, Windows: 12
    Collecting ground truth and context...
    Detected to_univariate case: 51 flat series -> 1 series x 51 variates
    Organizing data into arrays...
    ⚠️  Predictions max value (72778.27) exceeds float16 safe range.
    ⚠️  Applying scale factor: 10 (values will be divided)
    Saved predictions (quantiles) to /fslarge/scratch/users/h61084/codes/adaptime/outputs/adaptime/evaluations/full_ridge_shared/univariate/Supply_Chain_Location/D/short/run_0/predictions.npz
    Computing per-window metrics...
    Saved metrics to /fslarge/scratch/users/h61084/codes/adaptime/outputs/adaptime/evaluations/full_ridge_shared/univariate/Supply_Chain_Location/D/short/run_0/metrics.npz
    Saved config to /fslarge/scratch/users/h61084/codes/adaptime/outputs/adaptime/evaluations/full_ridge_shared/univariate/Supply_Chain_Location/D/short/run_0/config.json
    Saved aggregate metrics to /fslarge/scratch/users/h61084/codes/adaptime/outputs/adaptime/evaluations/full_ridge_shared/univariate/Supply_Chain_Location/D/short/run_0/metrics_summary.json
    Metrics summary (averaged over all series/windows/variates):
      MSE: 19273968.6441
      MAE: 1714.7489
      RMSE: 2278.6413
      MAPE: 0.4863
      sMAPE: 0.3920
      MASE: 0.6095
      ND: 0.3586
      CRPS: 0.3586
/fslarge/scratch/users/h61084/codes/adaptime/outputs/adaptime/evaluations/full_ridge_shared/univariate/Supply_Chain_Location/D/short/run_0/metrics_summary.json
TIME run allocation action=new run=/fslarge/scratch/users/h61084/codes/adaptime/outputs/adaptime/evaluations/vanilla/univariate/azure2019_D/5T/short/run_0 launch_id=selena_adaptime_3275021 slurm_job_id=3275021 launched_at=2026-09-09T13:15:58.544625+00:00
    Total instances: 8901, Series during experiment: 2967, Windows: 3
    Collecting ground truth and context...
    Detected to_univariate case: 2967 flat series -> 989 series x 3 variates
    Organizing data into arrays...
    Saved predictions (quantiles) to /fslarge/scratch/users/h61084/codes/adaptime/outputs/adaptime/evaluations/vanilla/univariate/azure2019_D/5T/short/run_0/predictions.npz
    Computing per-window metrics...
    Saved metrics to /fslarge/scratch/users/h61084/codes/adaptime/outputs/adaptime/evaluations/vanilla/univariate/azure2019_D/5T/short/run_0/metrics.npz
    Saved config to /fslarge/scratch/users/h61084/codes/adaptime/outputs/adaptime/evaluations/vanilla/univariate/azure2019_D/5T/short/run_0/config.json
    Saved aggregate metrics to /fslarge/scratch/users/h61084/codes/adaptime/outputs/adaptime/evaluations/vanilla/univariate/azure2019_D/5T/short/run_0/metrics_summary.json
    Metrics summary (averaged over all series/windows/variates):
      MSE: 56.4783
      MAE: 2.5913
      RMSE: 3.6721
      MAPE: 0.1969
      sMAPE: 0.1671
      MASE: 0.7139
      ND: 0.1700
      CRPS: 0.1700
/fslarge/scratch/users/h61084/codes/adaptime/outputs/adaptime/evaluations/vanilla/univariate/azure2019_D/5T/short/run_0/metrics_summary.json
TIME run allocation action=new run=/fslarge/scratch/users/h61084/codes/adaptime/outputs/adaptime/evaluations/covariate_prediction/univariate/azure2019_D/5T/short/run_0 launch_id=selena_adaptime_3275021 slurm_job_id=3275021 launched_at=2026-09-09T13:16:00.860236+00:00
    Total instances: 8901, Series during experiment: 2967, Windows: 3
    Collecting ground truth and context...
    Detected to_univariate case: 2967 flat series -> 989 series x 3 variates
    Organizing data into arrays...
    Saved predictions (quantiles) to /fslarge/scratch/users/h61084/codes/adaptime/outputs/adaptime/evaluations/covariate_prediction/univariate/azure2019_D/5T/short/run_0/predictions.npz
    Computing per-window metrics...
    Saved metrics to /fslarge/scratch/users/h61084/codes/adaptime/outputs/adaptime/evaluations/covariate_prediction/univariate/azure2019_D/5T/short/run_0/metrics.npz
    Saved config to /fslarge/scratch/users/h61084/codes/adaptime/outputs/adaptime/evaluations/covariate_prediction/univariate/azure2019_D/5T/short/run_0/config.json
    Saved aggregate metrics to /fslarge/scratch/users/h61084/codes/adaptime/outputs/adaptime/evaluations/covariate_prediction/univariate/azure2019_D/5T/short/run_0/metrics_summary.json
    Metrics summary (averaged over all series/windows/variates):
      MSE: 56.4783
      MAE: 2.5913
      RMSE: 3.6721
      MAPE: 0.1969
      sMAPE: 0.1671
      MASE: 0.7139
      ND: 0.1700
      CRPS: 0.1700
/fslarge/scratch/users/h61084/codes/adaptime/outputs/adaptime/evaluations/covariate_prediction/univariate/azure2019_D/5T/short/run_0/metrics_summary.json
TIME run allocation action=new run=/fslarge/scratch/users/h61084/codes/adaptime/outputs/adaptime/evaluations/bayes_covariate_prediction/univariate/azure2019_D/5T/short/run_0 launch_id=selena_adaptime_3275021 slurm_job_id=3275021 launched_at=2026-09-09T13:16:03.136692+00:00
    Total instances: 8901, Series during experiment: 2967, Windows: 3
    Collecting ground truth and context...
    Detected to_univariate case: 2967 flat series -> 989 series x 3 variates
    Organizing data into arrays...
    Saved predictions (quantiles) to /fslarge/scratch/users/h61084/codes/adaptime/outputs/adaptime/evaluations/bayes_covariate_prediction/univariate/azure2019_D/5T/short/run_0/predictions.npz
    Computing per-window metrics...
    Saved metrics to /fslarge/scratch/users/h61084/codes/adaptime/outputs/adaptime/evaluations/bayes_covariate_prediction/univariate/azure2019_D/5T/short/run_0/metrics.npz
    Saved config to /fslarge/scratch/users/h61084/codes/adaptime/outputs/adaptime/evaluations/bayes_covariate_prediction/univariate/azure2019_D/5T/short/run_0/config.json
    Saved aggregate metrics to /fslarge/scratch/users/h61084/codes/adaptime/outputs/adaptime/evaluations/bayes_covariate_prediction/univariate/azure2019_D/5T/short/run_0/metrics_summary.json
    Metrics summary (averaged over all series/windows/variates):
      MSE: 56.4783
      MAE: 2.5913
      RMSE: 3.6721
      MAPE: 0.1969
      sMAPE: 0.1671
      MASE: 0.7139
      ND: 0.1700
      CRPS: 0.1700
/fslarge/scratch/users/h61084/codes/adaptime/outputs/adaptime/evaluations/bayes_covariate_prediction/univariate/azure2019_D/5T/short/run_0/metrics_summary.json
TIME run allocation action=new run=/fslarge/scratch/users/h61084/codes/adaptime/outputs/adaptime/evaluations/full_ridge_shared/univariate/azure2019_D/5T/short/run_0 launch_id=selena_adaptime_3275021 slurm_job_id=3275021 launched_at=2026-09-09T13:16:05.425675+00:00
    Total instances: 8901, Series during experiment: 2967, Windows: 3
    Collecting ground truth and context...
    Detected to_univariate case: 2967 flat series -> 989 series x 3 variates
    Organizing data into arrays...
    Saved predictions (quantiles) to /fslarge/scratch/users/h61084/codes/adaptime/outputs/adaptime/evaluations/full_ridge_shared/univariate/azure2019_D/5T/short/run_0/predictions.npz
    Computing per-window metrics...
    Saved metrics to /fslarge/scratch/users/h61084/codes/adaptime/outputs/adaptime/evaluations/full_ridge_shared/univariate/azure2019_D/5T/short/run_0/metrics.npz
    Saved config to /fslarge/scratch/users/h61084/codes/adaptime/outputs/adaptime/evaluations/full_ridge_shared/univariate/azure2019_D/5T/short/run_0/config.json
    Saved aggregate metrics to /fslarge/scratch/users/h61084/codes/adaptime/outputs/adaptime/evaluations/full_ridge_shared/univariate/azure2019_D/5T/short/run_0/metrics_summary.json
    Metrics summary (averaged over all series/windows/variates):
      MSE: 56.4783
      MAE: 2.5913
      RMSE: 3.6721
      MAPE: 0.1969
      sMAPE: 0.1671
      MASE: 0.7139
      ND: 0.1700
      CRPS: 0.1700
/fslarge/scratch/users/h61084/codes/adaptime/outputs/adaptime/evaluations/full_ridge_shared/univariate/azure2019_D/5T/short/run_0/metrics_summary.json
TIME run allocation action=new run=/fslarge/scratch/users/h61084/codes/adaptime/outputs/adaptime/evaluations/vanilla/univariate/azure2019_I/5T/short/run_0 launch_id=selena_adaptime_3275021 slurm_job_id=3275021 launched_at=2026-09-09T13:16:07.698884+00:00
    Total instances: 4428, Series during experiment: 1476, Windows: 3
    Collecting ground truth and context...
    Detected to_univariate case: 1476 flat series -> 492 series x 3 variates
    Organizing data into arrays...
    Saved predictions (quantiles) to /fslarge/scratch/users/h61084/codes/adaptime/outputs/adaptime/evaluations/vanilla/univariate/azure2019_I/5T/short/run_0/predictions.npz
    Computing per-window metrics...
    Saved metrics to /fslarge/scratch/users/h61084/codes/adaptime/outputs/adaptime/evaluations/vanilla/univariate/azure2019_I/5T/short/run_0/metrics.npz
    Saved config to /fslarge/scratch/users/h61084/codes/adaptime/outputs/adaptime/evaluations/vanilla/univariate/azure2019_I/5T/short/run_0/config.json
    Saved aggregate metrics to /fslarge/scratch/users/h61084/codes/adaptime/outputs/adaptime/evaluations/vanilla/univariate/azure2019_I/5T/short/run_0/metrics_summary.json
    Metrics summary (averaged over all series/windows/variates):
      MSE: 45.2742
      MAE: 2.1450
      RMSE: 3.2101
      MAPE: 0.1791
      sMAPE: 0.1450
      MASE: 0.6721
      ND: 0.1518
      CRPS: 0.1518
/fslarge/scratch/users/h61084/codes/adaptime/outputs/adaptime/evaluations/vanilla/univariate/azure2019_I/5T/short/run_0/metrics_summary.json
TIME run allocation action=new run=/fslarge/scratch/users/h61084/codes/adaptime/outputs/adaptime/evaluations/covariate_prediction/univariate/azure2019_I/5T/short/run_0 launch_id=selena_adaptime_3275021 slurm_job_id=3275021 launched_at=2026-09-09T13:16:08.872831+00:00
    Total instances: 4428, Series during experiment: 1476, Windows: 3
    Collecting ground truth and context...
    Detected to_univariate case: 1476 flat series -> 492 series x 3 variates
    Organizing data into arrays...
    Saved predictions (quantiles) to /fslarge/scratch/users/h61084/codes/adaptime/outputs/adaptime/evaluations/covariate_prediction/univariate/azure2019_I/5T/short/run_0/predictions.npz
    Computing per-window metrics...
    Saved metrics to /fslarge/scratch/users/h61084/codes/adaptime/outputs/adaptime/evaluations/covariate_prediction/univariate/azure2019_I/5T/short/run_0/metrics.npz
    Saved config to /fslarge/scratch/users/h61084/codes/adaptime/outputs/adaptime/evaluations/covariate_prediction/univariate/azure2019_I/5T/short/run_0/config.json
    Saved aggregate metrics to /fslarge/scratch/users/h61084/codes/adaptime/outputs/adaptime/evaluations/covariate_prediction/univariate/azure2019_I/5T/short/run_0/metrics_summary.json
    Metrics summary (averaged over all series/windows/variates):
      MSE: 45.2742
      MAE: 2.1450
      RMSE: 3.2101
      MAPE: 0.1791
      sMAPE: 0.1450
      MASE: 0.6721
      ND: 0.1518
      CRPS: 0.1518
/fslarge/scratch/users/h61084/codes/adaptime/outputs/adaptime/evaluations/covariate_prediction/univariate/azure2019_I/5T/short/run_0/metrics_summary.json
TIME run allocation action=new run=/fslarge/scratch/users/h61084/codes/adaptime/outputs/adaptime/evaluations/bayes_covariate_prediction/univariate/azure2019_I/5T/short/run_0 launch_id=selena_adaptime_3275021 slurm_job_id=3275021 launched_at=2026-09-09T13:16:10.029009+00:00
    Total instances: 4428, Series during experiment: 1476, Windows: 3
    Collecting ground truth and context...
    Detected to_univariate case: 1476 flat series -> 492 series x 3 variates
    Organizing data into arrays...
    Saved predictions (quantiles) to /fslarge/scratch/users/h61084/codes/adaptime/outputs/adaptime/evaluations/bayes_covariate_prediction/univariate/azure2019_I/5T/short/run_0/predictions.npz
    Computing per-window metrics...
    Saved metrics to /fslarge/scratch/users/h61084/codes/adaptime/outputs/adaptime/evaluations/bayes_covariate_prediction/univariate/azure2019_I/5T/short/run_0/metrics.npz
    Saved config to /fslarge/scratch/users/h61084/codes/adaptime/outputs/adaptime/evaluations/bayes_covariate_prediction/univariate/azure2019_I/5T/short/run_0/config.json
    Saved aggregate metrics to /fslarge/scratch/users/h61084/codes/adaptime/outputs/adaptime/evaluations/bayes_covariate_prediction/univariate/azure2019_I/5T/short/run_0/metrics_summary.json
    Metrics summary (averaged over all series/windows/variates):
      MSE: 45.2742
      MAE: 2.1450
      RMSE: 3.2101
      MAPE: 0.1791
      sMAPE: 0.1450
      MASE: 0.6721
      ND: 0.1518
      CRPS: 0.1518
/fslarge/scratch/users/h61084/codes/adaptime/outputs/adaptime/evaluations/bayes_covariate_prediction/univariate/azure2019_I/5T/short/run_0/metrics_summary.json
TIME run allocation action=new run=/fslarge/scratch/users/h61084/codes/adaptime/outputs/adaptime/evaluations/full_ridge_shared/univariate/azure2019_I/5T/short/run_0 launch_id=selena_adaptime_3275021 slurm_job_id=3275021 launched_at=2026-09-09T13:16:11.226089+00:00
    Total instances: 4428, Series during experiment: 1476, Windows: 3
    Collecting ground truth and context...
    Detected to_univariate case: 1476 flat series -> 492 series x 3 variates
    Organizing data into arrays...
    Saved predictions (quantiles) to /fslarge/scratch/users/h61084/codes/adaptime/outputs/adaptime/evaluations/full_ridge_shared/univariate/azure2019_I/5T/short/run_0/predictions.npz
    Computing per-window metrics...
    Saved metrics to /fslarge/scratch/users/h61084/codes/adaptime/outputs/adaptime/evaluations/full_ridge_shared/univariate/azure2019_I/5T/short/run_0/metrics.npz
    Saved config to /fslarge/scratch/users/h61084/codes/adaptime/outputs/adaptime/evaluations/full_ridge_shared/univariate/azure2019_I/5T/short/run_0/config.json
    Saved aggregate metrics to /fslarge/scratch/users/h61084/codes/adaptime/outputs/adaptime/evaluations/full_ridge_shared/univariate/azure2019_I/5T/short/run_0/metrics_summary.json
    Metrics summary (averaged over all series/windows/variates):
      MSE: 45.2742
      MAE: 2.1450
      RMSE: 3.2101
      MAPE: 0.1791
      sMAPE: 0.1450
      MASE: 0.6721
      ND: 0.1518
      CRPS: 0.1518
/fslarge/scratch/users/h61084/codes/adaptime/outputs/adaptime/evaluations/full_ridge_shared/univariate/azure2019_I/5T/short/run_0/metrics_summary.json
TIME run allocation action=new run=/fslarge/scratch/users/h61084/codes/adaptime/outputs/adaptime/evaluations/vanilla/univariate/azure2019_U/5T/short/run_0 launch_id=selena_adaptime_3275021 slurm_job_id=3275021 launched_at=2026-09-09T13:16:12.426155+00:00
    Total instances: 1404, Series during experiment: 234, Windows: 6
    Collecting ground truth and context...
    Detected to_univariate case: 234 flat series -> 78 series x 3 variates
    Organizing data into arrays...
    Saved predictions (quantiles) to /fslarge/scratch/users/h61084/codes/adaptime/outputs/adaptime/evaluations/vanilla/univariate/azure2019_U/5T/short/run_0/predictions.npz
    Computing per-window metrics...
    Saved metrics to /fslarge/scratch/users/h61084/codes/adaptime/outputs/adaptime/evaluations/vanilla/univariate/azure2019_U/5T/short/run_0/metrics.npz
    Saved config to /fslarge/scratch/users/h61084/codes/adaptime/outputs/adaptime/evaluations/vanilla/univariate/azure2019_U/5T/short/run_0/config.json
    Saved aggregate metrics to /fslarge/scratch/users/h61084/codes/adaptime/outputs/adaptime/evaluations/vanilla/univariate/azure2019_U/5T/short/run_0/metrics_summary.json
    Metrics summary (averaged over all series/windows/variates):
      MSE: 69.3260
      MAE: 2.3909
      RMSE: 3.3254
      MAPE: 0.3706
      sMAPE: 0.1648
      MASE: 0.6571
      ND: 0.1773
      CRPS: 0.1773
/fslarge/scratch/users/h61084/codes/adaptime/outputs/adaptime/evaluations/vanilla/univariate/azure2019_U/5T/short/run_0/metrics_summary.json
TIME run allocation action=new run=/fslarge/scratch/users/h61084/codes/adaptime/outputs/adaptime/evaluations/covariate_prediction/univariate/azure2019_U/5T/short/run_0 launch_id=selena_adaptime_3275021 slurm_job_id=3275021 launched_at=2026-09-09T13:16:12.577343+00:00
    Total instances: 1404, Series during experiment: 234, Windows: 6
    Collecting ground truth and context...
    Detected to_univariate case: 234 flat series -> 78 series x 3 variates
    Organizing data into arrays...
    Saved predictions (quantiles) to /fslarge/scratch/users/h61084/codes/adaptime/outputs/adaptime/evaluations/covariate_prediction/univariate/azure2019_U/5T/short/run_0/predictions.npz
    Computing per-window metrics...
    Saved metrics to /fslarge/scratch/users/h61084/codes/adaptime/outputs/adaptime/evaluations/covariate_prediction/univariate/azure2019_U/5T/short/run_0/metrics.npz
    Saved config to /fslarge/scratch/users/h61084/codes/adaptime/outputs/adaptime/evaluations/covariate_prediction/univariate/azure2019_U/5T/short/run_0/config.json
    Saved aggregate metrics to /fslarge/scratch/users/h61084/codes/adaptime/outputs/adaptime/evaluations/covariate_prediction/univariate/azure2019_U/5T/short/run_0/metrics_summary.json
    Metrics summary (averaged over all series/windows/variates):
      MSE: 69.3260
      MAE: 2.3909
      RMSE: 3.3254
      MAPE: 0.3706
      sMAPE: 0.1648
      MASE: 0.6571
      ND: 0.1773
      CRPS: 0.1773
/fslarge/scratch/users/h61084/codes/adaptime/outputs/adaptime/evaluations/covariate_prediction/univariate/azure2019_U/5T/short/run_0/metrics_summary.json
TIME run allocation action=new run=/fslarge/scratch/users/h61084/codes/adaptime/outputs/adaptime/evaluations/bayes_covariate_prediction/univariate/azure2019_U/5T/short/run_0 launch_id=selena_adaptime_3275021 slurm_job_id=3275021 launched_at=2026-09-09T13:16:12.723315+00:00
    Total instances: 1404, Series during experiment: 234, Windows: 6
    Collecting ground truth and context...
    Detected to_univariate case: 234 flat series -> 78 series x 3 variates
    Organizing data into arrays...
    Saved predictions (quantiles) to /fslarge/scratch/users/h61084/codes/adaptime/outputs/adaptime/evaluations/bayes_covariate_prediction/univariate/azure2019_U/5T/short/run_0/predictions.npz
    Computing per-window metrics...
    Saved metrics to /fslarge/scratch/users/h61084/codes/adaptime/outputs/adaptime/evaluations/bayes_covariate_prediction/univariate/azure2019_U/5T/short/run_0/metrics.npz
    Saved config to /fslarge/scratch/users/h61084/codes/adaptime/outputs/adaptime/evaluations/bayes_covariate_prediction/univariate/azure2019_U/5T/short/run_0/config.json
    Saved aggregate metrics to /fslarge/scratch/users/h61084/codes/adaptime/outputs/adaptime/evaluations/bayes_covariate_prediction/univariate/azure2019_U/5T/short/run_0/metrics_summary.json
    Metrics summary (averaged over all series/windows/variates):
      MSE: 69.3260
      MAE: 2.3909
      RMSE: 3.3254
      MAPE: 0.3706
      sMAPE: 0.1648
      MASE: 0.6571
      ND: 0.1773
      CRPS: 0.1773
/fslarge/scratch/users/h61084/codes/adaptime/outputs/adaptime/evaluations/bayes_covariate_prediction/univariate/azure2019_U/5T/short/run_0/metrics_summary.json
TIME run allocation action=new run=/fslarge/scratch/users/h61084/codes/adaptime/outputs/adaptime/evaluations/full_ridge_shared/univariate/azure2019_U/5T/short/run_0 launch_id=selena_adaptime_3275021 slurm_job_id=3275021 launched_at=2026-09-09T13:16:12.868734+00:00
    Total instances: 1404, Series during experiment: 234, Windows: 6
    Collecting ground truth and context...
    Detected to_univariate case: 234 flat series -> 78 series x 3 variates
    Organizing data into arrays...
    Saved predictions (quantiles) to /fslarge/scratch/users/h61084/codes/adaptime/outputs/adaptime/evaluations/full_ridge_shared/univariate/azure2019_U/5T/short/run_0/predictions.npz
    Computing per-window metrics...
    Saved metrics to /fslarge/scratch/users/h61084/codes/adaptime/outputs/adaptime/evaluations/full_ridge_shared/univariate/azure2019_U/5T/short/run_0/metrics.npz
    Saved config to /fslarge/scratch/users/h61084/codes/adaptime/outputs/adaptime/evaluations/full_ridge_shared/univariate/azure2019_U/5T/short/run_0/config.json
    Saved aggregate metrics to /fslarge/scratch/users/h61084/codes/adaptime/outputs/adaptime/evaluations/full_ridge_shared/univariate/azure2019_U/5T/short/run_0/metrics_summary.json
    Metrics summary (averaged over all series/windows/variates):
      MSE: 69.3260
      MAE: 2.3909
      RMSE: 3.3254
      MAPE: 0.3706
      sMAPE: 0.1648
      MASE: 0.6571
      ND: 0.1773
      CRPS: 0.1773
/fslarge/scratch/users/h61084/codes/adaptime/outputs/adaptime/evaluations/full_ridge_shared/univariate/azure2019_U/5T/short/run_0/metrics_summary.json
TIME run allocation action=new run=/fslarge/scratch/users/h61084/codes/adaptime/outputs/adaptime/evaluations/vanilla/univariate/Smart_Manufacturing/H/short/run_0 launch_id=selena_adaptime_3275021 slurm_job_id=3275021 launched_at=2026-09-09T13:16:13.015893+00:00
    Total instances: 2380, Series during experiment: 170, Windows: 14
    Collecting ground truth and context...
    Detected to_univariate case: 170 flat series -> 34 series x 5 variates
    Organizing data into arrays...
    Saved predictions (quantiles) to /fslarge/scratch/users/h61084/codes/adaptime/outputs/adaptime/evaluations/vanilla/univariate/Smart_Manufacturing/H/short/run_0/predictions.npz
    Computing per-window metrics...
    Saved metrics to /fslarge/scratch/users/h61084/codes/adaptime/outputs/adaptime/evaluations/vanilla/univariate/Smart_Manufacturing/H/short/run_0/metrics.npz
    Saved config to /fslarge/scratch/users/h61084/codes/adaptime/outputs/adaptime/evaluations/vanilla/univariate/Smart_Manufacturing/H/short/run_0/config.json
    Saved aggregate metrics to /fslarge/scratch/users/h61084/codes/adaptime/outputs/adaptime/evaluations/vanilla/univariate/Smart_Manufacturing/H/short/run_0/metrics_summary.json
    Metrics summary (averaged over all series/windows/variates):
      MSE: 78.3464
      MAE: 5.7164
      RMSE: 7.0635
      MAPE: 0.3321
      sMAPE: 0.2253
      MASE: 0.7118
      ND: 0.2165
      CRPS: 0.2165
/fslarge/scratch/users/h61084/codes/adaptime/outputs/adaptime/evaluations/vanilla/univariate/Smart_Manufacturing/H/short/run_0/metrics_summary.json
TIME run allocation action=new run=/fslarge/scratch/users/h61084/codes/adaptime/outputs/adaptime/evaluations/covariate_prediction/univariate/Smart_Manufacturing/H/short/run_0 launch_id=selena_adaptime_3275021 slurm_job_id=3275021 launched_at=2026-09-09T13:16:13.230005+00:00
    Total instances: 2380, Series during experiment: 170, Windows: 14
    Collecting ground truth and context...
    Detected to_univariate case: 170 flat series -> 34 series x 5 variates
    Organizing data into arrays...
    Saved predictions (quantiles) to /fslarge/scratch/users/h61084/codes/adaptime/outputs/adaptime/evaluations/covariate_prediction/univariate/Smart_Manufacturing/H/short/run_0/predictions.npz
    Computing per-window metrics...
    Saved metrics to /fslarge/scratch/users/h61084/codes/adaptime/outputs/adaptime/evaluations/covariate_prediction/univariate/Smart_Manufacturing/H/short/run_0/metrics.npz
    Saved config to /fslarge/scratch/users/h61084/codes/adaptime/outputs/adaptime/evaluations/covariate_prediction/univariate/Smart_Manufacturing/H/short/run_0/config.json
    Saved aggregate metrics to /fslarge/scratch/users/h61084/codes/adaptime/outputs/adaptime/evaluations/covariate_prediction/univariate/Smart_Manufacturing/H/short/run_0/metrics_summary.json
    Metrics summary (averaged over all series/windows/variates):
      MSE: 78.3464
      MAE: 5.7164
      RMSE: 7.0635
      MAPE: 0.3321
      sMAPE: 0.2253
      MASE: 0.7118
      ND: 0.2165
      CRPS: 0.2165
/fslarge/scratch/users/h61084/codes/adaptime/outputs/adaptime/evaluations/covariate_prediction/univariate/Smart_Manufacturing/H/short/run_0/metrics_summary.json
TIME run allocation action=new run=/fslarge/scratch/users/h61084/codes/adaptime/outputs/adaptime/evaluations/bayes_covariate_prediction/univariate/Smart_Manufacturing/H/short/run_0 launch_id=selena_adaptime_3275021 slurm_job_id=3275021 launched_at=2026-09-09T13:16:13.440455+00:00
    Total instances: 2380, Series during experiment: 170, Windows: 14
    Collecting ground truth and context...
    Detected to_univariate case: 170 flat series -> 34 series x 5 variates
    Organizing data into arrays...
    Saved predictions (quantiles) to /fslarge/scratch/users/h61084/codes/adaptime/outputs/adaptime/evaluations/bayes_covariate_prediction/univariate/Smart_Manufacturing/H/short/run_0/predictions.npz
    Computing per-window metrics...
    Saved metrics to /fslarge/scratch/users/h61084/codes/adaptime/outputs/adaptime/evaluations/bayes_covariate_prediction/univariate/Smart_Manufacturing/H/short/run_0/metrics.npz
    Saved config to /fslarge/scratch/users/h61084/codes/adaptime/outputs/adaptime/evaluations/bayes_covariate_prediction/univariate/Smart_Manufacturing/H/short/run_0/config.json
    Saved aggregate metrics to /fslarge/scratch/users/h61084/codes/adaptime/outputs/adaptime/evaluations/bayes_covariate_prediction/univariate/Smart_Manufacturing/H/short/run_0/metrics_summary.json
    Metrics summary (averaged over all series/windows/variates):
      MSE: 78.3464
      MAE: 5.7164
      RMSE: 7.0635
      MAPE: 0.3321
      sMAPE: 0.2253
      MASE: 0.7118
      ND: 0.2165
      CRPS: 0.2165
/fslarge/scratch/users/h61084/codes/adaptime/outputs/adaptime/evaluations/bayes_covariate_prediction/univariate/Smart_Manufacturing/H/short/run_0/metrics_summary.json
TIME run allocation action=new run=/fslarge/scratch/users/h61084/codes/adaptime/outputs/adaptime/evaluations/full_ridge_shared/univariate/Smart_Manufacturing/H/short/run_0 launch_id=selena_adaptime_3275021 slurm_job_id=3275021 launched_at=2026-09-09T13:16:13.650937+00:00
    Total instances: 2380, Series during experiment: 170, Windows: 14
    Collecting ground truth and context...
    Detected to_univariate case: 170 flat series -> 34 series x 5 variates
    Organizing data into arrays...
    Saved predictions (quantiles) to /fslarge/scratch/users/h61084/codes/adaptime/outputs/adaptime/evaluations/full_ridge_shared/univariate/Smart_Manufacturing/H/short/run_0/predictions.npz
    Computing per-window metrics...
    Saved metrics to /fslarge/scratch/users/h61084/codes/adaptime/outputs/adaptime/evaluations/full_ridge_shared/univariate/Smart_Manufacturing/H/short/run_0/metrics.npz
    Saved config to /fslarge/scratch/users/h61084/codes/adaptime/outputs/adaptime/evaluations/full_ridge_shared/univariate/Smart_Manufacturing/H/short/run_0/config.json
    Saved aggregate metrics to /fslarge/scratch/users/h61084/codes/adaptime/outputs/adaptime/evaluations/full_ridge_shared/univariate/Smart_Manufacturing/H/short/run_0/metrics_summary.json
    Metrics summary (averaged over all series/windows/variates):
      MSE: 78.3464
      MAE: 5.7164
      RMSE: 7.0635
      MAPE: 0.3321
      sMAPE: 0.2253
      MASE: 0.7118
      ND: 0.2165
      CRPS: 0.2165
/fslarge/scratch/users/h61084/codes/adaptime/outputs/adaptime/evaluations/full_ridge_shared/univariate/Smart_Manufacturing/H/short/run_0/metrics_summary.json
TIME run allocation action=new run=/fslarge/scratch/users/h61084/codes/adaptime/outputs/adaptime/evaluations/vanilla/univariate/Smart_Manufacturing/H/medium/run_0 launch_id=selena_adaptime_3275021 slurm_job_id=3275021 launched_at=2026-09-09T13:16:13.864145+00:00
    Total instances: 340, Series during experiment: 170, Windows: 2
    Collecting ground truth and context...
    Detected to_univariate case: 170 flat series -> 34 series x 5 variates
    Organizing data into arrays...
    Saved predictions (quantiles) to /fslarge/scratch/users/h61084/codes/adaptime/outputs/adaptime/evaluations/vanilla/univariate/Smart_Manufacturing/H/medium/run_0/predictions.npz
    Computing per-window metrics...
    Saved metrics to /fslarge/scratch/users/h61084/codes/adaptime/outputs/adaptime/evaluations/vanilla/univariate/Smart_Manufacturing/H/medium/run_0/metrics.npz
    Saved config to /fslarge/scratch/users/h61084/codes/adaptime/outputs/adaptime/evaluations/vanilla/univariate/Smart_Manufacturing/H/medium/run_0/config.json
    Saved aggregate metrics to /fslarge/scratch/users/h61084/codes/adaptime/outputs/adaptime/evaluations/vanilla/univariate/Smart_Manufacturing/H/medium/run_0/metrics_summary.json
    Metrics summary (averaged over all series/windows/variates):
      MSE: 78.4224
      MAE: 5.7197
      RMSE: 7.1497
      MAPE: 0.3377
      sMAPE: 0.2253
      MASE: 0.7115
      ND: 0.2153
      CRPS: 0.2153
/fslarge/scratch/users/h61084/codes/adaptime/outputs/adaptime/evaluations/vanilla/univariate/Smart_Manufacturing/H/medium/run_0/metrics_summary.json
TIME run allocation action=new run=/fslarge/scratch/users/h61084/codes/adaptime/outputs/adaptime/evaluations/covariate_prediction/univariate/Smart_Manufacturing/H/medium/run_0 launch_id=selena_adaptime_3275021 slurm_job_id=3275021 launched_at=2026-09-09T13:16:13.939061+00:00
    Total instances: 340, Series during experiment: 170, Windows: 2
    Collecting ground truth and context...
    Detected to_univariate case: 170 flat series -> 34 series x 5 variates
    Organizing data into arrays...
    Saved predictions (quantiles) to /fslarge/scratch/users/h61084/codes/adaptime/outputs/adaptime/evaluations/covariate_prediction/univariate/Smart_Manufacturing/H/medium/run_0/predictions.npz
    Computing per-window metrics...
    Saved metrics to /fslarge/scratch/users/h61084/codes/adaptime/outputs/adaptime/evaluations/covariate_prediction/univariate/Smart_Manufacturing/H/medium/run_0/metrics.npz
    Saved config to /fslarge/scratch/users/h61084/codes/adaptime/outputs/adaptime/evaluations/covariate_prediction/univariate/Smart_Manufacturing/H/medium/run_0/config.json
    Saved aggregate metrics to /fslarge/scratch/users/h61084/codes/adaptime/outputs/adaptime/evaluations/covariate_prediction/univariate/Smart_Manufacturing/H/medium/run_0/metrics_summary.json
    Metrics summary (averaged over all series/windows/variates):
      MSE: 78.4224
      MAE: 5.7197
      RMSE: 7.1497
      MAPE: 0.3377
      sMAPE: 0.2253
      MASE: 0.7115
      ND: 0.2153
      CRPS: 0.2153
/fslarge/scratch/users/h61084/codes/adaptime/outputs/adaptime/evaluations/covariate_prediction/univariate/Smart_Manufacturing/H/medium/run_0/metrics_summary.json
TIME run allocation action=new run=/fslarge/scratch/users/h61084/codes/adaptime/outputs/adaptime/evaluations/bayes_covariate_prediction/univariate/Smart_Manufacturing/H/medium/run_0 launch_id=selena_adaptime_3275021 slurm_job_id=3275021 launched_at=2026-09-09T13:16:14.011670+00:00
    Total instances: 340, Series during experiment: 170, Windows: 2
    Collecting ground truth and context...
    Detected to_univariate case: 170 flat series -> 34 series x 5 variates
    Organizing data into arrays...
    Saved predictions (quantiles) to /fslarge/scratch/users/h61084/codes/adaptime/outputs/adaptime/evaluations/bayes_covariate_prediction/univariate/Smart_Manufacturing/H/medium/run_0/predictions.npz
    Computing per-window metrics...
    Saved metrics to /fslarge/scratch/users/h61084/codes/adaptime/outputs/adaptime/evaluations/bayes_covariate_prediction/univariate/Smart_Manufacturing/H/medium/run_0/metrics.npz
    Saved config to /fslarge/scratch/users/h61084/codes/adaptime/outputs/adaptime/evaluations/bayes_covariate_prediction/univariate/Smart_Manufacturing/H/medium/run_0/config.json
    Saved aggregate metrics to /fslarge/scratch/users/h61084/codes/adaptime/outputs/adaptime/evaluations/bayes_covariate_prediction/univariate/Smart_Manufacturing/H/medium/run_0/metrics_summary.json
    Metrics summary (averaged over all series/windows/variates):
      MSE: 78.4224
      MAE: 5.7197
      RMSE: 7.1497
      MAPE: 0.3377
      sMAPE: 0.2253
      MASE: 0.7115
      ND: 0.2153
      CRPS: 0.2153
/fslarge/scratch/users/h61084/codes/adaptime/outputs/adaptime/evaluations/bayes_covariate_prediction/univariate/Smart_Manufacturing/H/medium/run_0/metrics_summary.json
TIME run allocation action=new run=/fslarge/scratch/users/h61084/codes/adaptime/outputs/adaptime/evaluations/full_ridge_shared/univariate/Smart_Manufacturing/H/medium/run_0 launch_id=selena_adaptime_3275021 slurm_job_id=3275021 launched_at=2026-09-09T13:16:14.084634+00:00
    Total instances: 340, Series during experiment: 170, Windows: 2
    Collecting ground truth and context...
    Detected to_univariate case: 170 flat series -> 34 series x 5 variates
    Organizing data into arrays...
    Saved predictions (quantiles) to /fslarge/scratch/users/h61084/codes/adaptime/outputs/adaptime/evaluations/full_ridge_shared/univariate/Smart_Manufacturing/H/medium/run_0/predictions.npz
    Computing per-window metrics...
    Saved metrics to /fslarge/scratch/users/h61084/codes/adaptime/outputs/adaptime/evaluations/full_ridge_shared/univariate/Smart_Manufacturing/H/medium/run_0/metrics.npz
    Saved config to /fslarge/scratch/users/h61084/codes/adaptime/outputs/adaptime/evaluations/full_ridge_shared/univariate/Smart_Manufacturing/H/medium/run_0/config.json
    Saved aggregate metrics to /fslarge/scratch/users/h61084/codes/adaptime/outputs/adaptime/evaluations/full_ridge_shared/univariate/Smart_Manufacturing/H/medium/run_0/metrics_summary.json
    Metrics summary (averaged over all series/windows/variates):
      MSE: 78.4224
      MAE: 5.7197
      RMSE: 7.1497
      MAPE: 0.3377
      sMAPE: 0.2253
      MASE: 0.7115
      ND: 0.2153
      CRPS: 0.2153
/fslarge/scratch/users/h61084/codes/adaptime/outputs/adaptime/evaluations/full_ridge_shared/univariate/Smart_Manufacturing/H/medium/run_0/metrics_summary.json
TIME run allocation action=new run=/fslarge/scratch/users/h61084/codes/adaptime/outputs/adaptime/evaluations/vanilla/univariate/Smart_Manufacturing/H/long/run_0 launch_id=selena_adaptime_3275021 slurm_job_id=3275021 launched_at=2026-09-09T13:16:14.159106+00:00
    Total instances: 170, Series during experiment: 170, Windows: 1
    Collecting ground truth and context...
    Detected to_univariate case: 170 flat series -> 34 series x 5 variates
    Organizing data into arrays...
    Saved predictions (quantiles) to /fslarge/scratch/users/h61084/codes/adaptime/outputs/adaptime/evaluations/vanilla/univariate/Smart_Manufacturing/H/long/run_0/predictions.npz
    Computing per-window metrics...
    Saved metrics to /fslarge/scratch/users/h61084/codes/adaptime/outputs/adaptime/evaluations/vanilla/univariate/Smart_Manufacturing/H/long/run_0/metrics.npz
    Saved config to /fslarge/scratch/users/h61084/codes/adaptime/outputs/adaptime/evaluations/vanilla/univariate/Smart_Manufacturing/H/long/run_0/config.json
    Saved aggregate metrics to /fslarge/scratch/users/h61084/codes/adaptime/outputs/adaptime/evaluations/vanilla/univariate/Smart_Manufacturing/H/long/run_0/metrics_summary.json
    Metrics summary (averaged over all series/windows/variates):
      MSE: 78.4263
      MAE: 5.7196
      RMSE: 7.1591
      MAPE: 0.3402
      sMAPE: 0.2253
      MASE: 0.7110
      ND: 0.2152
      CRPS: 0.2152
/fslarge/scratch/users/h61084/codes/adaptime/outputs/adaptime/evaluations/vanilla/univariate/Smart_Manufacturing/H/long/run_0/metrics_summary.json
TIME run allocation action=new run=/fslarge/scratch/users/h61084/codes/adaptime/outputs/adaptime/evaluations/covariate_prediction/univariate/Smart_Manufacturing/H/long/run_0 launch_id=selena_adaptime_3275021 slurm_job_id=3275021 launched_at=2026-09-09T13:16:14.222015+00:00
    Total instances: 170, Series during experiment: 170, Windows: 1
    Collecting ground truth and context...
    Detected to_univariate case: 170 flat series -> 34 series x 5 variates
    Organizing data into arrays...
    Saved predictions (quantiles) to /fslarge/scratch/users/h61084/codes/adaptime/outputs/adaptime/evaluations/covariate_prediction/univariate/Smart_Manufacturing/H/long/run_0/predictions.npz
    Computing per-window metrics...
    Saved metrics to /fslarge/scratch/users/h61084/codes/adaptime/outputs/adaptime/evaluations/covariate_prediction/univariate/Smart_Manufacturing/H/long/run_0/metrics.npz
    Saved config to /fslarge/scratch/users/h61084/codes/adaptime/outputs/adaptime/evaluations/covariate_prediction/univariate/Smart_Manufacturing/H/long/run_0/config.json
    Saved aggregate metrics to /fslarge/scratch/users/h61084/codes/adaptime/outputs/adaptime/evaluations/covariate_prediction/univariate/Smart_Manufacturing/H/long/run_0/metrics_summary.json
    Metrics summary (averaged over all series/windows/variates):
      MSE: 78.4263
      MAE: 5.7196
      RMSE: 7.1591
      MAPE: 0.3402
      sMAPE: 0.2253
      MASE: 0.7110
      ND: 0.2152
      CRPS: 0.2152
/fslarge/scratch/users/h61084/codes/adaptime/outputs/adaptime/evaluations/covariate_prediction/univariate/Smart_Manufacturing/H/long/run_0/metrics_summary.json
TIME run allocation action=new run=/fslarge/scratch/users/h61084/codes/adaptime/outputs/adaptime/evaluations/bayes_covariate_prediction/univariate/Smart_Manufacturing/H/long/run_0 launch_id=selena_adaptime_3275021 slurm_job_id=3275021 launched_at=2026-09-09T13:16:14.283673+00:00
    Total instances: 170, Series during experiment: 170, Windows: 1
    Collecting ground truth and context...
    Detected to_univariate case: 170 flat series -> 34 series x 5 variates
    Organizing data into arrays...
    Saved predictions (quantiles) to /fslarge/scratch/users/h61084/codes/adaptime/outputs/adaptime/evaluations/bayes_covariate_prediction/univariate/Smart_Manufacturing/H/long/run_0/predictions.npz
    Computing per-window metrics...
    Saved metrics to /fslarge/scratch/users/h61084/codes/adaptime/outputs/adaptime/evaluations/bayes_covariate_prediction/univariate/Smart_Manufacturing/H/long/run_0/metrics.npz
    Saved config to /fslarge/scratch/users/h61084/codes/adaptime/outputs/adaptime/evaluations/bayes_covariate_prediction/univariate/Smart_Manufacturing/H/long/run_0/config.json
    Saved aggregate metrics to /fslarge/scratch/users/h61084/codes/adaptime/outputs/adaptime/evaluations/bayes_covariate_prediction/univariate/Smart_Manufacturing/H/long/run_0/metrics_summary.json
    Metrics summary (averaged over all series/windows/variates):
      MSE: 78.4263
      MAE: 5.7196
      RMSE: 7.1591
      MAPE: 0.3402
      sMAPE: 0.2253
      MASE: 0.7110
      ND: 0.2152
      CRPS: 0.2152
/fslarge/scratch/users/h61084/codes/adaptime/outputs/adaptime/evaluations/bayes_covariate_prediction/univariate/Smart_Manufacturing/H/long/run_0/metrics_summary.json
TIME run allocation action=new run=/fslarge/scratch/users/h61084/codes/adaptime/outputs/adaptime/evaluations/full_ridge_shared/univariate/Smart_Manufacturing/H/long/run_0 launch_id=selena_adaptime_3275021 slurm_job_id=3275021 launched_at=2026-09-09T13:16:14.344517+00:00
    Total instances: 170, Series during experiment: 170, Windows: 1
    Collecting ground truth and context...
    Detected to_univariate case: 170 flat series -> 34 series x 5 variates
    Organizing data into arrays...
    Saved predictions (quantiles) to /fslarge/scratch/users/h61084/codes/adaptime/outputs/adaptime/evaluations/full_ridge_shared/univariate/Smart_Manufacturing/H/long/run_0/predictions.npz
    Computing per-window metrics...
    Saved metrics to /fslarge/scratch/users/h61084/codes/adaptime/outputs/adaptime/evaluations/full_ridge_shared/univariate/Smart_Manufacturing/H/long/run_0/metrics.npz
    Saved config to /fslarge/scratch/users/h61084/codes/adaptime/outputs/adaptime/evaluations/full_ridge_shared/univariate/Smart_Manufacturing/H/long/run_0/config.json
    Saved aggregate metrics to /fslarge/scratch/users/h61084/codes/adaptime/outputs/adaptime/evaluations/full_ridge_shared/univariate/Smart_Manufacturing/H/long/run_0/metrics_summary.json
    Metrics summary (averaged over all series/windows/variates):
      MSE: 78.4263
      MAE: 5.7196
      RMSE: 7.1591
      MAPE: 0.3402
      sMAPE: 0.2253
      MASE: 0.7110
      ND: 0.2152
      CRPS: 0.2152
/fslarge/scratch/users/h61084/codes/adaptime/outputs/adaptime/evaluations/full_ridge_shared/univariate/Smart_Manufacturing/H/long/run_0/metrics_summary.json
TIME run allocation action=new run=/fslarge/scratch/users/h61084/codes/adaptime/outputs/adaptime/evaluations/vanilla/univariate/MetroPT-3/5T/short/run_0 launch_id=selena_adaptime_3275021 slurm_job_id=3275021 launched_at=2026-09-09T13:16:14.408601+00:00
    Total instances: 216, Series during experiment: 6, Windows: 36
    Collecting ground truth and context...
    Detected to_univariate case: 6 flat series -> 1 series x 6 variates
    Organizing data into arrays...
    Saved predictions (quantiles) to /fslarge/scratch/users/h61084/codes/adaptime/outputs/adaptime/evaluations/vanilla/univariate/MetroPT-3/5T/short/run_0/predictions.npz
    Computing per-window metrics...
    Saved metrics to /fslarge/scratch/users/h61084/codes/adaptime/outputs/adaptime/evaluations/vanilla/univariate/MetroPT-3/5T/short/run_0/metrics.npz
    Saved config to /fslarge/scratch/users/h61084/codes/adaptime/outputs/adaptime/evaluations/vanilla/univariate/MetroPT-3/5T/short/run_0/config.json
    Saved aggregate metrics to /fslarge/scratch/users/h61084/codes/adaptime/outputs/adaptime/evaluations/vanilla/univariate/MetroPT-3/5T/short/run_0/metrics_summary.json
    Metrics summary (averaged over all series/windows/variates):
      MSE: 3.3005
      MAE: 1.1011
      RMSE: 1.4651
      MAPE: 3.2997
      sMAPE: 0.4905
      MASE: 0.6110
      ND: 0.3142
      CRPS: 0.3142
/fslarge/scratch/users/h61084/codes/adaptime/outputs/adaptime/evaluations/vanilla/univariate/MetroPT-3/5T/short/run_0/metrics_summary.json
TIME run allocation action=new run=/fslarge/scratch/users/h61084/codes/adaptime/outputs/adaptime/evaluations/covariate_prediction/univariate/MetroPT-3/5T/short/run_0 launch_id=selena_adaptime_3275021 slurm_job_id=3275021 launched_at=2026-09-09T13:16:14.485442+00:00
    Total instances: 216, Series during experiment: 6, Windows: 36
    Collecting ground truth and context...
    Detected to_univariate case: 6 flat series -> 1 series x 6 variates
    Organizing data into arrays...
    Saved predictions (quantiles) to /fslarge/scratch/users/h61084/codes/adaptime/outputs/adaptime/evaluations/covariate_prediction/univariate/MetroPT-3/5T/short/run_0/predictions.npz
    Computing per-window metrics...
    Saved metrics to /fslarge/scratch/users/h61084/codes/adaptime/outputs/adaptime/evaluations/covariate_prediction/univariate/MetroPT-3/5T/short/run_0/metrics.npz
    Saved config to /fslarge/scratch/users/h61084/codes/adaptime/outputs/adaptime/evaluations/covariate_prediction/univariate/MetroPT-3/5T/short/run_0/config.json
    Saved aggregate metrics to /fslarge/scratch/users/h61084/codes/adaptime/outputs/adaptime/evaluations/covariate_prediction/univariate/MetroPT-3/5T/short/run_0/metrics_summary.json
    Metrics summary (averaged over all series/windows/variates):
      MSE: 3.3005
      MAE: 1.1011
      RMSE: 1.4651
      MAPE: 3.2997
      sMAPE: 0.4905
      MASE: 0.6110
      ND: 0.3142
      CRPS: 0.3142
/fslarge/scratch/users/h61084/codes/adaptime/outputs/adaptime/evaluations/covariate_prediction/univariate/MetroPT-3/5T/short/run_0/metrics_summary.json
TIME run allocation action=new run=/fslarge/scratch/users/h61084/codes/adaptime/outputs/adaptime/evaluations/bayes_covariate_prediction/univariate/MetroPT-3/5T/short/run_0 launch_id=selena_adaptime_3275021 slurm_job_id=3275021 launched_at=2026-09-09T13:16:14.560634+00:00
    Total instances: 216, Series during experiment: 6, Windows: 36
    Collecting ground truth and context...
    Detected to_univariate case: 6 flat series -> 1 series x 6 variates
    Organizing data into arrays...
    Saved predictions (quantiles) to /fslarge/scratch/users/h61084/codes/adaptime/outputs/adaptime/evaluations/bayes_covariate_prediction/univariate/MetroPT-3/5T/short/run_0/predictions.npz
    Computing per-window metrics...
    Saved metrics to /fslarge/scratch/users/h61084/codes/adaptime/outputs/adaptime/evaluations/bayes_covariate_prediction/univariate/MetroPT-3/5T/short/run_0/metrics.npz
    Saved config to /fslarge/scratch/users/h61084/codes/adaptime/outputs/adaptime/evaluations/bayes_covariate_prediction/univariate/MetroPT-3/5T/short/run_0/config.json
    Saved aggregate metrics to /fslarge/scratch/users/h61084/codes/adaptime/outputs/adaptime/evaluations/bayes_covariate_prediction/univariate/MetroPT-3/5T/short/run_0/metrics_summary.json
    Metrics summary (averaged over all series/windows/variates):
      MSE: 3.3005
      MAE: 1.1011
      RMSE: 1.4651
      MAPE: 3.2997
      sMAPE: 0.4905
      MASE: 0.6110
      ND: 0.3142
      CRPS: 0.3142
/fslarge/scratch/users/h61084/codes/adaptime/outputs/adaptime/evaluations/bayes_covariate_prediction/univariate/MetroPT-3/5T/short/run_0/metrics_summary.json
TIME run allocation action=new run=/fslarge/scratch/users/h61084/codes/adaptime/outputs/adaptime/evaluations/full_ridge_shared/univariate/MetroPT-3/5T/short/run_0 launch_id=selena_adaptime_3275021 slurm_job_id=3275021 launched_at=2026-09-09T13:16:14.635861+00:00
    Total instances: 216, Series during experiment: 6, Windows: 36
    Collecting ground truth and context...
    Detected to_univariate case: 6 flat series -> 1 series x 6 variates
    Organizing data into arrays...
    Saved predictions (quantiles) to /fslarge/scratch/users/h61084/codes/adaptime/outputs/adaptime/evaluations/full_ridge_shared/univariate/MetroPT-3/5T/short/run_0/predictions.npz
    Computing per-window metrics...
    Saved metrics to /fslarge/scratch/users/h61084/codes/adaptime/outputs/adaptime/evaluations/full_ridge_shared/univariate/MetroPT-3/5T/short/run_0/metrics.npz
    Saved config to /fslarge/scratch/users/h61084/codes/adaptime/outputs/adaptime/evaluations/full_ridge_shared/univariate/MetroPT-3/5T/short/run_0/config.json
    Saved aggregate metrics to /fslarge/scratch/users/h61084/codes/adaptime/outputs/adaptime/evaluations/full_ridge_shared/univariate/MetroPT-3/5T/short/run_0/metrics_summary.json
    Metrics summary (averaged over all series/windows/variates):
      MSE: 3.3005
      MAE: 1.1011
      RMSE: 1.4651
      MAPE: 3.2997
      sMAPE: 0.4905
      MASE: 0.6110
      ND: 0.3142
      CRPS: 0.3142
/fslarge/scratch/users/h61084/codes/adaptime/outputs/adaptime/evaluations/full_ridge_shared/univariate/MetroPT-3/5T/short/run_0/metrics_summary.json
TIME run allocation action=new run=/fslarge/scratch/users/h61084/codes/adaptime/outputs/adaptime/evaluations/vanilla/univariate/MetroPT-3/5T/medium/run_0 launch_id=selena_adaptime_3275021 slurm_job_id=3275021 launched_at=2026-09-09T13:16:14.711084+00:00
    Total instances: 36, Series during experiment: 6, Windows: 6
    Collecting ground truth and context...
    Detected to_univariate case: 6 flat series -> 1 series x 6 variates
    Organizing data into arrays...
    Saved predictions (quantiles) to /fslarge/scratch/users/h61084/codes/adaptime/outputs/adaptime/evaluations/vanilla/univariate/MetroPT-3/5T/medium/run_0/predictions.npz
    Computing per-window metrics...
    Saved metrics to /fslarge/scratch/users/h61084/codes/adaptime/outputs/adaptime/evaluations/vanilla/univariate/MetroPT-3/5T/medium/run_0/metrics.npz
    Saved config to /fslarge/scratch/users/h61084/codes/adaptime/outputs/adaptime/evaluations/vanilla/univariate/MetroPT-3/5T/medium/run_0/config.json
    Saved aggregate metrics to /fslarge/scratch/users/h61084/codes/adaptime/outputs/adaptime/evaluations/vanilla/univariate/MetroPT-3/5T/medium/run_0/metrics_summary.json
    Metrics summary (averaged over all series/windows/variates):
      MSE: 3.3363
      MAE: 1.1450
      RMSE: 1.5182
      MAPE: 3.0558
      sMAPE: 0.5167
      MASE: 0.6476
      ND: 0.3286
      CRPS: 0.3286
/fslarge/scratch/users/h61084/codes/adaptime/outputs/adaptime/evaluations/vanilla/univariate/MetroPT-3/5T/medium/run_0/metrics_summary.json
TIME run allocation action=new run=/fslarge/scratch/users/h61084/codes/adaptime/outputs/adaptime/evaluations/covariate_prediction/univariate/MetroPT-3/5T/medium/run_0 launch_id=selena_adaptime_3275021 slurm_job_id=3275021 launched_at=2026-09-09T13:16:14.767066+00:00
    Total instances: 36, Series during experiment: 6, Windows: 6
    Collecting ground truth and context...
    Detected to_univariate case: 6 flat series -> 1 series x 6 variates
    Organizing data into arrays...
    Saved predictions (quantiles) to /fslarge/scratch/users/h61084/codes/adaptime/outputs/adaptime/evaluations/covariate_prediction/univariate/MetroPT-3/5T/medium/run_0/predictions.npz
    Computing per-window metrics...
    Saved metrics to /fslarge/scratch/users/h61084/codes/adaptime/outputs/adaptime/evaluations/covariate_prediction/univariate/MetroPT-3/5T/medium/run_0/metrics.npz
    Saved config to /fslarge/scratch/users/h61084/codes/adaptime/outputs/adaptime/evaluations/covariate_prediction/univariate/MetroPT-3/5T/medium/run_0/config.json
    Saved aggregate metrics to /fslarge/scratch/users/h61084/codes/adaptime/outputs/adaptime/evaluations/covariate_prediction/univariate/MetroPT-3/5T/medium/run_0/metrics_summary.json
    Metrics summary (averaged over all series/windows/variates):
      MSE: 3.3363
      MAE: 1.1450
      RMSE: 1.5182
      MAPE: 3.0558
      sMAPE: 0.5167
      MASE: 0.6476
      ND: 0.3286
      CRPS: 0.3286
/fslarge/scratch/users/h61084/codes/adaptime/outputs/adaptime/evaluations/covariate_prediction/univariate/MetroPT-3/5T/medium/run_0/metrics_summary.json
TIME run allocation action=new run=/fslarge/scratch/users/h61084/codes/adaptime/outputs/adaptime/evaluations/bayes_covariate_prediction/univariate/MetroPT-3/5T/medium/run_0 launch_id=selena_adaptime_3275021 slurm_job_id=3275021 launched_at=2026-09-09T13:16:14.820076+00:00
    Total instances: 36, Series during experiment: 6, Windows: 6
    Collecting ground truth and context...
    Detected to_univariate case: 6 flat series -> 1 series x 6 variates
    Organizing data into arrays...
    Saved predictions (quantiles) to /fslarge/scratch/users/h61084/codes/adaptime/outputs/adaptime/evaluations/bayes_covariate_prediction/univariate/MetroPT-3/5T/medium/run_0/predictions.npz
    Computing per-window metrics...
    Saved metrics to /fslarge/scratch/users/h61084/codes/adaptime/outputs/adaptime/evaluations/bayes_covariate_prediction/univariate/MetroPT-3/5T/medium/run_0/metrics.npz
    Saved config to /fslarge/scratch/users/h61084/codes/adaptime/outputs/adaptime/evaluations/bayes_covariate_prediction/univariate/MetroPT-3/5T/medium/run_0/config.json
    Saved aggregate metrics to /fslarge/scratch/users/h61084/codes/adaptime/outputs/adaptime/evaluations/bayes_covariate_prediction/univariate/MetroPT-3/5T/medium/run_0/metrics_summary.json
    Metrics summary (averaged over all series/windows/variates):
      MSE: 3.3363
      MAE: 1.1450
      RMSE: 1.5182
      MAPE: 3.0558
      sMAPE: 0.5167
      MASE: 0.6476
      ND: 0.3286
      CRPS: 0.3286
/fslarge/scratch/users/h61084/codes/adaptime/outputs/adaptime/evaluations/bayes_covariate_prediction/univariate/MetroPT-3/5T/medium/run_0/metrics_summary.json
TIME run allocation action=new run=/fslarge/scratch/users/h61084/codes/adaptime/outputs/adaptime/evaluations/full_ridge_shared/univariate/MetroPT-3/5T/medium/run_0 launch_id=selena_adaptime_3275021 slurm_job_id=3275021 launched_at=2026-09-09T13:16:14.872757+00:00
    Total instances: 36, Series during experiment: 6, Windows: 6
    Collecting ground truth and context...
    Detected to_univariate case: 6 flat series -> 1 series x 6 variates
    Organizing data into arrays...
    Saved predictions (quantiles) to /fslarge/scratch/users/h61084/codes/adaptime/outputs/adaptime/evaluations/full_ridge_shared/univariate/MetroPT-3/5T/medium/run_0/predictions.npz
    Computing per-window metrics...
    Saved metrics to /fslarge/scratch/users/h61084/codes/adaptime/outputs/adaptime/evaluations/full_ridge_shared/univariate/MetroPT-3/5T/medium/run_0/metrics.npz
    Saved config to /fslarge/scratch/users/h61084/codes/adaptime/outputs/adaptime/evaluations/full_ridge_shared/univariate/MetroPT-3/5T/medium/run_0/config.json
    Saved aggregate metrics to /fslarge/scratch/users/h61084/codes/adaptime/outputs/adaptime/evaluations/full_ridge_shared/univariate/MetroPT-3/5T/medium/run_0/metrics_summary.json
    Metrics summary (averaged over all series/windows/variates):
      MSE: 3.3363
      MAE: 1.1450
      RMSE: 1.5182
      MAPE: 3.0558
      sMAPE: 0.5167
      MASE: 0.6476
      ND: 0.3286
      CRPS: 0.3286
/fslarge/scratch/users/h61084/codes/adaptime/outputs/adaptime/evaluations/full_ridge_shared/univariate/MetroPT-3/5T/medium/run_0/metrics_summary.json
TIME run allocation action=new run=/fslarge/scratch/users/h61084/codes/adaptime/outputs/adaptime/evaluations/vanilla/univariate/MetroPT-3/5T/long/run_0 launch_id=selena_adaptime_3275021 slurm_job_id=3275021 launched_at=2026-09-09T13:16:14.927225+00:00
    Total instances: 18, Series during experiment: 6, Windows: 3
    Collecting ground truth and context...
    Detected to_univariate case: 6 flat series -> 1 series x 6 variates
    Organizing data into arrays...
    Saved predictions (quantiles) to /fslarge/scratch/users/h61084/codes/adaptime/outputs/adaptime/evaluations/vanilla/univariate/MetroPT-3/5T/long/run_0/predictions.npz
    Computing per-window metrics...
    Saved metrics to /fslarge/scratch/users/h61084/codes/adaptime/outputs/adaptime/evaluations/vanilla/univariate/MetroPT-3/5T/long/run_0/metrics.npz
    Saved config to /fslarge/scratch/users/h61084/codes/adaptime/outputs/adaptime/evaluations/vanilla/univariate/MetroPT-3/5T/long/run_0/config.json
    Saved aggregate metrics to /fslarge/scratch/users/h61084/codes/adaptime/outputs/adaptime/evaluations/vanilla/univariate/MetroPT-3/5T/long/run_0/metrics_summary.json
    Metrics summary (averaged over all series/windows/variates):
      MSE: 3.4136
      MAE: 1.1577
      RMSE: 1.5336
      MAPE: 3.0809
      sMAPE: 0.5202
      MASE: 0.6643
      ND: 0.3314
      CRPS: 0.3314
/fslarge/scratch/users/h61084/codes/adaptime/outputs/adaptime/evaluations/vanilla/univariate/MetroPT-3/5T/long/run_0/metrics_summary.json
TIME run allocation action=new run=/fslarge/scratch/users/h61084/codes/adaptime/outputs/adaptime/evaluations/covariate_prediction/univariate/MetroPT-3/5T/long/run_0 launch_id=selena_adaptime_3275021 slurm_job_id=3275021 launched_at=2026-09-09T13:16:14.980273+00:00
    Total instances: 18, Series during experiment: 6, Windows: 3
    Collecting ground truth and context...
    Detected to_univariate case: 6 flat series -> 1 series x 6 variates
    Organizing data into arrays...
    Saved predictions (quantiles) to /fslarge/scratch/users/h61084/codes/adaptime/outputs/adaptime/evaluations/covariate_prediction/univariate/MetroPT-3/5T/long/run_0/predictions.npz
    Computing per-window metrics...
    Saved metrics to /fslarge/scratch/users/h61084/codes/adaptime/outputs/adaptime/evaluations/covariate_prediction/univariate/MetroPT-3/5T/long/run_0/metrics.npz
    Saved config to /fslarge/scratch/users/h61084/codes/adaptime/outputs/adaptime/evaluations/covariate_prediction/univariate/MetroPT-3/5T/long/run_0/config.json
    Saved aggregate metrics to /fslarge/scratch/users/h61084/codes/adaptime/outputs/adaptime/evaluations/covariate_prediction/univariate/MetroPT-3/5T/long/run_0/metrics_summary.json
    Metrics summary (averaged over all series/windows/variates):
      MSE: 3.4136
      MAE: 1.1577
      RMSE: 1.5336
      MAPE: 3.0809
      sMAPE: 0.5202
      MASE: 0.6643
      ND: 0.3314
      CRPS: 0.3314
/fslarge/scratch/users/h61084/codes/adaptime/outputs/adaptime/evaluations/covariate_prediction/univariate/MetroPT-3/5T/long/run_0/metrics_summary.json
TIME run allocation action=new run=/fslarge/scratch/users/h61084/codes/adaptime/outputs/adaptime/evaluations/bayes_covariate_prediction/univariate/MetroPT-3/5T/long/run_0 launch_id=selena_adaptime_3275021 slurm_job_id=3275021 launched_at=2026-09-09T13:16:15.030962+00:00
    Total instances: 18, Series during experiment: 6, Windows: 3
    Collecting ground truth and context...
    Detected to_univariate case: 6 flat series -> 1 series x 6 variates
    Organizing data into arrays...
    Saved predictions (quantiles) to /fslarge/scratch/users/h61084/codes/adaptime/outputs/adaptime/evaluations/bayes_covariate_prediction/univariate/MetroPT-3/5T/long/run_0/predictions.npz
    Computing per-window metrics...
    Saved metrics to /fslarge/scratch/users/h61084/codes/adaptime/outputs/adaptime/evaluations/bayes_covariate_prediction/univariate/MetroPT-3/5T/long/run_0/metrics.npz
    Saved config to /fslarge/scratch/users/h61084/codes/adaptime/outputs/adaptime/evaluations/bayes_covariate_prediction/univariate/MetroPT-3/5T/long/run_0/config.json
    Saved aggregate metrics to /fslarge/scratch/users/h61084/codes/adaptime/outputs/adaptime/evaluations/bayes_covariate_prediction/univariate/MetroPT-3/5T/long/run_0/metrics_summary.json
    Metrics summary (averaged over all series/windows/variates):
      MSE: 3.4136
      MAE: 1.1577
      RMSE: 1.5336
      MAPE: 3.0809
      sMAPE: 0.5202
      MASE: 0.6643
      ND: 0.3314
      CRPS: 0.3314
/fslarge/scratch/users/h61084/codes/adaptime/outputs/adaptime/evaluations/bayes_covariate_prediction/univariate/MetroPT-3/5T/long/run_0/metrics_summary.json
TIME run allocation action=new run=/fslarge/scratch/users/h61084/codes/adaptime/outputs/adaptime/evaluations/full_ridge_shared/univariate/MetroPT-3/5T/long/run_0 launch_id=selena_adaptime_3275021 slurm_job_id=3275021 launched_at=2026-09-09T13:16:15.082023+00:00
    Total instances: 18, Series during experiment: 6, Windows: 3
    Collecting ground truth and context...
    Detected to_univariate case: 6 flat series -> 1 series x 6 variates
    Organizing data into arrays...
    Saved predictions (quantiles) to /fslarge/scratch/users/h61084/codes/adaptime/outputs/adaptime/evaluations/full_ridge_shared/univariate/MetroPT-3/5T/long/run_0/predictions.npz
    Computing per-window metrics...
    Saved metrics to /fslarge/scratch/users/h61084/codes/adaptime/outputs/adaptime/evaluations/full_ridge_shared/univariate/MetroPT-3/5T/long/run_0/metrics.npz
    Saved config to /fslarge/scratch/users/h61084/codes/adaptime/outputs/adaptime/evaluations/full_ridge_shared/univariate/MetroPT-3/5T/long/run_0/config.json
    Saved aggregate metrics to /fslarge/scratch/users/h61084/codes/adaptime/outputs/adaptime/evaluations/full_ridge_shared/univariate/MetroPT-3/5T/long/run_0/metrics_summary.json
    Metrics summary (averaged over all series/windows/variates):
      MSE: 3.4136
      MAE: 1.1577
      RMSE: 1.5336
      MAPE: 3.0809
      sMAPE: 0.5202
      MASE: 0.6643
      ND: 0.3314
      CRPS: 0.3314
/fslarge/scratch/users/h61084/codes/adaptime/outputs/adaptime/evaluations/full_ridge_shared/univariate/MetroPT-3/5T/long/run_0/metrics_summary.json
2026-09-09 15:16:15 | task TIME-wide Adaptime method=ridge stage=pipeline completed status=success
2026-09-09 15:16:15 | stage pipeline completed status=success
2026-09-09 15:16:15 | workflow adaptime completed status=success exit_code=0
