2026-09-06 14:34:15 | workflow channels_comparison started launch_id=selena_channels_20260906T123412Z_1347 task=multivariate slurm_job_id=3163561 slurm_array_job_id=none slurm_array_task_id=none
2026-09-06 14:34:15 | stage evaluate started
2026-09-06 14:34:15 | task chronos2 comparison=multivariate covariate_mode=none target_mode=multivariate started
[2026-09-06 14:34:15] TIME runner: run_chronos2_comparison.sh
[2026-09-06 14:34:15] datasets: /scratch/users/h61084/datasets/hf_dataset
[2026-09-06 14:34:15] weights: /scratch/users/h61084/weights
[2026-09-06 14:34:15] outputs: /scratch/users/h61084/codes/improved/outputs
[2026-09-06 14:34:15] covariate mode: none
[2026-09-06 14:34:15] target mode: multivariate
Running all 38 datasets from config:
  - Water_Quality_Darwin/15T
  - current_velocity/5T
  - current_velocity/10T
  - current_velocity/15T
  - current_velocity/20T
  - current_velocity/H
  - Coastal_T_S/5T
  - Coastal_T_S/15T
  - Coastal_T_S/20T
  - Coastal_T_S/H
  - SG_Weather/D
  - SG_PM25/H
  - NE_China_Wind/H
  - Australia_Solar/H
  - OpenElectricity_NEM/5T
  - EWELD_Load/15T
  - Port_Activity/D
  - Port_Activity/W
  - Global_Influenza/W
  - Crypto/D
  - US_Term_Structure/B
  - Oil_Price/B
  - Job_Claims/W
  - Uncertainty_1M/M
  - Housing_Inventory/M
  - JOLTS/M
  - US_Labor/M
  - Vehicle_Supply/M
  - WUI_Global/Q
  - Global_Price/Q
  - Vehicle_Sales/M
  - Supply_Chain_Customer/D
  - Supply_Chain_Location/D
  - azure2019_D/5T
  - azure2019_I/5T
  - azure2019_U/5T
  - Smart_Manufacturing/H
  - MetroPT-3/5T

############################################################
# Dataset 1/38: Water_Quality_Darwin/15T
############################################################
Loading configuration...

============================================================
Dataset: Water_Quality_Darwin/15T
Model: amazon/chronos-2
Checkpoint: /fslarge/scratch/users/h61084/weights/chronos2
Terms: ['short', 'medium', 'long']
Covariate mode: none
============================================================

--- Term: short ---
  Config: prediction_length=16, test_length=1440, val_length=1440
TIME run allocation action=recompute reuse_source=/scratch/users/h61084/codes/improved/outputs/foundation_models/tasks/chronos2/multivariate reason=No completed reuse source has the expected identity and scientific configuration below /fslarge/scratch/users/h61084/codes/improved/outputs/foundation_models/tasks/chronos2/multivariate
TIME run allocation action=new run=/fslarge/scratch/users/h61084/codes/improved/outputs/channels_comparison/tasks/multivariate/chronos2/multivariate/Water_Quality_Darwin/15T/short/run_0 launch_id=selena_channels_20260906T123412Z_1347 slurm_job_id=3163561 launched_at=2026-09-06T12:35:20.657489+00:00
  Initializing Chronos pipeline (/fslarge/scratch/users/h61084/weights/chronos2)...
  Dataset info:
    - Frequency: 15T
    - Num series: 7
    - Target dim: 6
    - Target mode: multivariate
    - Covariate channels: 0
    - Series length: min=8662, max=18985, avg=15229.4
    - Test split: 1440 steps
    - Prediction length: 16
    - Windows: 90
    Processed 160/630...
    Processed 320/630...
    Processed 480/630...
    Processed 630/630...
    Total instances: 630, Series during experiment: 7, Windows: 90
    Collecting ground truth and context...
    Organizing data into arrays...
    Saved predictions (quantiles) to /fslarge/scratch/users/h61084/codes/improved/outputs/channels_comparison/tasks/multivariate/chronos2/multivariate/Water_Quality_Darwin/15T/short/run_0/predictions.npz
    Computing per-window metrics...
    Saved metrics to /fslarge/scratch/users/h61084/codes/improved/outputs/channels_comparison/tasks/multivariate/chronos2/multivariate/Water_Quality_Darwin/15T/short/run_0/metrics.npz
    Saved config to /fslarge/scratch/users/h61084/codes/improved/outputs/channels_comparison/tasks/multivariate/chronos2/multivariate/Water_Quality_Darwin/15T/short/run_0/config.json
    Saved aggregate metrics to /fslarge/scratch/users/h61084/codes/improved/outputs/channels_comparison/tasks/multivariate/chronos2/multivariate/Water_Quality_Darwin/15T/short/run_0/metrics_summary.json
    Metrics summary (averaged over all series/windows/variates):
      MSE: 2.0380
      MAE: 0.4176
      RMSE: 0.4995
      MAPE: 0.0522
      sMAPE: 0.0493
      MASE: 0.6095
      ND: 0.0503
      CRPS: 0.0398
  Completed: 7 series × 90 windows
  Output: /fslarge/scratch/users/h61084/codes/improved/outputs/channels_comparison/tasks/multivariate/chronos2/multivariate/Water_Quality_Darwin/15T/short/run_0

--- Term: medium ---
  Config: prediction_length=96, test_length=1440, val_length=1440
TIME run allocation action=recompute reuse_source=/scratch/users/h61084/codes/improved/outputs/foundation_models/tasks/chronos2/multivariate reason=No completed reuse source has the expected identity and scientific configuration below /fslarge/scratch/users/h61084/codes/improved/outputs/foundation_models/tasks/chronos2/multivariate
TIME run allocation action=new run=/fslarge/scratch/users/h61084/codes/improved/outputs/channels_comparison/tasks/multivariate/chronos2/multivariate/Water_Quality_Darwin/15T/medium/run_0 launch_id=selena_channels_20260906T123412Z_1347 slurm_job_id=3163561 launched_at=2026-09-06T12:35:41.730617+00:00
  Initializing Chronos pipeline (/fslarge/scratch/users/h61084/weights/chronos2)...
  Dataset info:
    - Frequency: 15T
    - Num series: 7
    - Target dim: 6
    - Target mode: multivariate
    - Covariate channels: 0
    - Series length: min=8662, max=18985, avg=15229.4
    - Test split: 1440 steps
    - Prediction length: 96
    - Windows: 15
    Total instances: 105, Series during experiment: 7, Windows: 15
    Collecting ground truth and context...
    Organizing data into arrays...
    Saved predictions (quantiles) to /fslarge/scratch/users/h61084/codes/improved/outputs/channels_comparison/tasks/multivariate/chronos2/multivariate/Water_Quality_Darwin/15T/medium/run_0/predictions.npz
    Computing per-window metrics...
    Saved metrics to /fslarge/scratch/users/h61084/codes/improved/outputs/channels_comparison/tasks/multivariate/chronos2/multivariate/Water_Quality_Darwin/15T/medium/run_0/metrics.npz
    Saved config to /fslarge/scratch/users/h61084/codes/improved/outputs/channels_comparison/tasks/multivariate/chronos2/multivariate/Water_Quality_Darwin/15T/medium/run_0/config.json
    Saved aggregate metrics to /fslarge/scratch/users/h61084/codes/improved/outputs/channels_comparison/tasks/multivariate/chronos2/multivariate/Water_Quality_Darwin/15T/medium/run_0/metrics_summary.json
    Metrics summary (averaged over all series/windows/variates):
      MSE: 3.2557
      MAE: 0.5578
      RMSE: 0.7192
      MAPE: 0.0681
      sMAPE: 0.0638
      MASE: 0.8598
      ND: 0.0632
      CRPS: 0.0506
  Completed: 7 series × 15 windows
  Output: /fslarge/scratch/users/h61084/codes/improved/outputs/channels_comparison/tasks/multivariate/chronos2/multivariate/Water_Quality_Darwin/15T/medium/run_0

--- Term: long ---
  Config: prediction_length=288, test_length=1440, val_length=1440
TIME run allocation action=recompute reuse_source=/scratch/users/h61084/codes/improved/outputs/foundation_models/tasks/chronos2/multivariate reason=No completed reuse source has the expected identity and scientific configuration below /fslarge/scratch/users/h61084/codes/improved/outputs/foundation_models/tasks/chronos2/multivariate
TIME run allocation action=new run=/fslarge/scratch/users/h61084/codes/improved/outputs/channels_comparison/tasks/multivariate/chronos2/multivariate/Water_Quality_Darwin/15T/long/run_0 launch_id=selena_channels_20260906T123412Z_1347 slurm_job_id=3163561 launched_at=2026-09-06T12:35:45.111232+00:00
  Initializing Chronos pipeline (/fslarge/scratch/users/h61084/weights/chronos2)...
  Dataset info:
    - Frequency: 15T
    - Num series: 7
    - Target dim: 6
    - Target mode: multivariate
    - Covariate channels: 0
    - Series length: min=8662, max=18985, avg=15229.4
    - Test split: 1440 steps
    - Prediction length: 288
    - Windows: 5
    Total instances: 35, Series during experiment: 7, Windows: 5
    Collecting ground truth and context...
    Organizing data into arrays...
    Saved predictions (quantiles) to /fslarge/scratch/users/h61084/codes/improved/outputs/channels_comparison/tasks/multivariate/chronos2/multivariate/Water_Quality_Darwin/15T/long/run_0/predictions.npz
    Computing per-window metrics...
    Saved metrics to /fslarge/scratch/users/h61084/codes/improved/outputs/channels_comparison/tasks/multivariate/chronos2/multivariate/Water_Quality_Darwin/15T/long/run_0/metrics.npz
    Saved config to /fslarge/scratch/users/h61084/codes/improved/outputs/channels_comparison/tasks/multivariate/chronos2/multivariate/Water_Quality_Darwin/15T/long/run_0/config.json
    Saved aggregate metrics to /fslarge/scratch/users/h61084/codes/improved/outputs/channels_comparison/tasks/multivariate/chronos2/multivariate/Water_Quality_Darwin/15T/long/run_0/metrics_summary.json
    Metrics summary (averaged over all series/windows/variates):
      MSE: 7.7741
      MAE: 0.8808
      RMSE: 1.1263
      MAPE: 0.0994
      sMAPE: 0.0930
      MASE: 1.3439
      ND: 0.0893
      CRPS: 0.0721
  Completed: 7 series × 5 windows
  Output: /fslarge/scratch/users/h61084/codes/improved/outputs/channels_comparison/tasks/multivariate/chronos2/multivariate/Water_Quality_Darwin/15T/long/run_0

============================================================
All experiments completed!
Results saved to: /scratch/users/h61084/codes/improved/outputs/channels_comparison/tasks/multivariate
============================================================

############################################################
# Dataset 2/38: current_velocity/5T
############################################################
Loading configuration...

============================================================
Dataset: current_velocity/5T
Model: amazon/chronos-2
Checkpoint: /fslarge/scratch/users/h61084/weights/chronos2
Terms: ['short', 'medium', 'long']
Covariate mode: none
============================================================

--- Term: short ---
  Config: prediction_length=36, test_length=4320, val_length=4320
TIME run allocation action=recompute reuse_source=/scratch/users/h61084/codes/improved/outputs/foundation_models/tasks/chronos2/multivariate reason=No completed reuse source has the expected identity and scientific configuration below /fslarge/scratch/users/h61084/codes/improved/outputs/foundation_models/tasks/chronos2/multivariate
TIME run allocation action=new run=/fslarge/scratch/users/h61084/codes/improved/outputs/channels_comparison/tasks/multivariate/chronos2/multivariate/current_velocity/5T/short/run_0 launch_id=selena_channels_20260906T123412Z_1347 slurm_job_id=3163561 launched_at=2026-09-06T12:35:46.504765+00:00
  Initializing Chronos pipeline (/fslarge/scratch/users/h61084/weights/chronos2)...
  Dataset info:
    - Frequency: 5T
    - Num series: 1
    - Target dim: 6
    - Target mode: multivariate
    - Covariate channels: 0
    - Series length: min=26486, max=26486, avg=26486.0
    - Test split: 4320 steps
    - Prediction length: 36
    - Windows: 120
    Total instances: 120, Series during experiment: 1, Windows: 120
    Collecting ground truth and context...
    Organizing data into arrays...
    Saved predictions (quantiles) to /fslarge/scratch/users/h61084/codes/improved/outputs/channels_comparison/tasks/multivariate/chronos2/multivariate/current_velocity/5T/short/run_0/predictions.npz
    Computing per-window metrics...
    Saved metrics to /fslarge/scratch/users/h61084/codes/improved/outputs/channels_comparison/tasks/multivariate/chronos2/multivariate/current_velocity/5T/short/run_0/metrics.npz
    Saved config to /fslarge/scratch/users/h61084/codes/improved/outputs/channels_comparison/tasks/multivariate/chronos2/multivariate/current_velocity/5T/short/run_0/config.json
    Saved aggregate metrics to /fslarge/scratch/users/h61084/codes/improved/outputs/channels_comparison/tasks/multivariate/chronos2/multivariate/current_velocity/5T/short/run_0/metrics_summary.json
    Metrics summary (averaged over all series/windows/variates):
      MSE: 3.0685
      MAE: 0.5618
      RMSE: 0.6694
      MAPE: 0.4378
      sMAPE: 0.3418
      MASE: 0.3707
      ND: 0.2948
      CRPS: 0.2316
  Completed: 1 series × 120 windows
  Output: /fslarge/scratch/users/h61084/codes/improved/outputs/channels_comparison/tasks/multivariate/chronos2/multivariate/current_velocity/5T/short/run_0

--- Term: medium ---
  Config: prediction_length=288, test_length=4320, val_length=4320
TIME run allocation action=recompute reuse_source=/scratch/users/h61084/codes/improved/outputs/foundation_models/tasks/chronos2/multivariate reason=No completed reuse source has the expected identity and scientific configuration below /fslarge/scratch/users/h61084/codes/improved/outputs/foundation_models/tasks/chronos2/multivariate
TIME run allocation action=new run=/fslarge/scratch/users/h61084/codes/improved/outputs/channels_comparison/tasks/multivariate/chronos2/multivariate/current_velocity/5T/medium/run_0 launch_id=selena_channels_20260906T123412Z_1347 slurm_job_id=3163561 launched_at=2026-09-06T12:35:50.288848+00:00
  Initializing Chronos pipeline (/fslarge/scratch/users/h61084/weights/chronos2)...
  Dataset info:
    - Frequency: 5T
    - Num series: 1
    - Target dim: 6
    - Target mode: multivariate
    - Covariate channels: 0
    - Series length: min=26486, max=26486, avg=26486.0
    - Test split: 4320 steps
    - Prediction length: 288
    - Windows: 15
    Total instances: 15, Series during experiment: 1, Windows: 15
    Collecting ground truth and context...
    Organizing data into arrays...
    Saved predictions (quantiles) to /fslarge/scratch/users/h61084/codes/improved/outputs/channels_comparison/tasks/multivariate/chronos2/multivariate/current_velocity/5T/medium/run_0/predictions.npz
    Computing per-window metrics...
    Saved metrics to /fslarge/scratch/users/h61084/codes/improved/outputs/channels_comparison/tasks/multivariate/chronos2/multivariate/current_velocity/5T/medium/run_0/metrics.npz
    Saved config to /fslarge/scratch/users/h61084/codes/improved/outputs/channels_comparison/tasks/multivariate/chronos2/multivariate/current_velocity/5T/medium/run_0/config.json
    Saved aggregate metrics to /fslarge/scratch/users/h61084/codes/improved/outputs/channels_comparison/tasks/multivariate/chronos2/multivariate/current_velocity/5T/medium/run_0/metrics_summary.json
    Metrics summary (averaged over all series/windows/variates):
      MSE: 5.7780
      MAE: 0.8236
      RMSE: 1.0186
      MAPE: 0.6862
      sMAPE: 0.4074
      MASE: 0.5888
      ND: 0.3592
      CRPS: 0.2829
  Completed: 1 series × 15 windows
  Output: /fslarge/scratch/users/h61084/codes/improved/outputs/channels_comparison/tasks/multivariate/chronos2/multivariate/current_velocity/5T/medium/run_0

--- Term: long ---
  Config: prediction_length=864, test_length=4320, val_length=4320
TIME run allocation action=recompute reuse_source=/scratch/users/h61084/codes/improved/outputs/foundation_models/tasks/chronos2/multivariate reason=No completed reuse source has the expected identity and scientific configuration below /fslarge/scratch/users/h61084/codes/improved/outputs/foundation_models/tasks/chronos2/multivariate
TIME run allocation action=new run=/fslarge/scratch/users/h61084/codes/improved/outputs/channels_comparison/tasks/multivariate/chronos2/multivariate/current_velocity/5T/long/run_0 launch_id=selena_channels_20260906T123412Z_1347 slurm_job_id=3163561 launched_at=2026-09-06T12:35:51.004115+00:00
  Initializing Chronos pipeline (/fslarge/scratch/users/h61084/weights/chronos2)...
  Dataset info:
    - Frequency: 5T
    - Num series: 1
    - Target dim: 6
    - Target mode: multivariate
    - Covariate channels: 0
    - Series length: min=26486, max=26486, avg=26486.0
    - Test split: 4320 steps
    - Prediction length: 864
    - Windows: 5
    Total instances: 5, Series during experiment: 1, Windows: 5
    Collecting ground truth and context...
    Organizing data into arrays...
    Saved predictions (quantiles) to /fslarge/scratch/users/h61084/codes/improved/outputs/channels_comparison/tasks/multivariate/chronos2/multivariate/current_velocity/5T/long/run_0/predictions.npz
    Computing per-window metrics...
    Saved metrics to /fslarge/scratch/users/h61084/codes/improved/outputs/channels_comparison/tasks/multivariate/chronos2/multivariate/current_velocity/5T/long/run_0/metrics.npz
    Saved config to /fslarge/scratch/users/h61084/codes/improved/outputs/channels_comparison/tasks/multivariate/chronos2/multivariate/current_velocity/5T/long/run_0/config.json
    Saved aggregate metrics to /fslarge/scratch/users/h61084/codes/improved/outputs/channels_comparison/tasks/multivariate/chronos2/multivariate/current_velocity/5T/long/run_0/metrics_summary.json
    Metrics summary (averaged over all series/windows/variates):
      MSE: 6.6002
      MAE: 0.9700
      RMSE: 1.1716
      MAPE: 0.8365
      sMAPE: 0.4826
      MASE: 0.8498
      ND: 0.4323
      CRPS: 0.3429
  Completed: 1 series × 5 windows
  Output: /fslarge/scratch/users/h61084/codes/improved/outputs/channels_comparison/tasks/multivariate/chronos2/multivariate/current_velocity/5T/long/run_0

============================================================
All experiments completed!
Results saved to: /scratch/users/h61084/codes/improved/outputs/channels_comparison/tasks/multivariate
============================================================

############################################################
# Dataset 3/38: current_velocity/10T
############################################################
Loading configuration...

============================================================
Dataset: current_velocity/10T
Model: amazon/chronos-2
Checkpoint: /fslarge/scratch/users/h61084/weights/chronos2
Terms: ['short', 'medium', 'long']
Covariate mode: none
============================================================

--- Term: short ---
  Config: prediction_length=18, test_length=2160, val_length=2160
TIME run allocation action=recompute reuse_source=/scratch/users/h61084/codes/improved/outputs/foundation_models/tasks/chronos2/multivariate reason=No completed reuse source has the expected identity and scientific configuration below /fslarge/scratch/users/h61084/codes/improved/outputs/foundation_models/tasks/chronos2/multivariate
TIME run allocation action=new run=/fslarge/scratch/users/h61084/codes/improved/outputs/channels_comparison/tasks/multivariate/chronos2/multivariate/current_velocity/10T/short/run_0 launch_id=selena_channels_20260906T123412Z_1347 slurm_job_id=3163561 launched_at=2026-09-06T12:35:51.479121+00:00
  Initializing Chronos pipeline (/fslarge/scratch/users/h61084/weights/chronos2)...
  Dataset info:
    - Frequency: 10T
    - Num series: 10
    - Target dim: 6
    - Target mode: multivariate
    - Covariate channels: 0
    - Series length: min=7481, max=31957, avg=20668.5
    - Test split: 2160 steps
    - Prediction length: 18
    - Windows: 120
    Processed 160/1200...
    Processed 320/1200...
    Processed 480/1200...
    Processed 640/1200...
    Processed 800/1200...
    Processed 960/1200...
    Processed 1120/1200...
    Total instances: 1200, Series during experiment: 10, Windows: 120
    Collecting ground truth and context...
    Organizing data into arrays...
    Saved predictions (quantiles) to /fslarge/scratch/users/h61084/codes/improved/outputs/channels_comparison/tasks/multivariate/chronos2/multivariate/current_velocity/10T/short/run_0/predictions.npz
    Computing per-window metrics...
    Saved metrics to /fslarge/scratch/users/h61084/codes/improved/outputs/channels_comparison/tasks/multivariate/chronos2/multivariate/current_velocity/10T/short/run_0/metrics.npz
    Saved config to /fslarge/scratch/users/h61084/codes/improved/outputs/channels_comparison/tasks/multivariate/chronos2/multivariate/current_velocity/10T/short/run_0/config.json
    Saved aggregate metrics to /fslarge/scratch/users/h61084/codes/improved/outputs/channels_comparison/tasks/multivariate/chronos2/multivariate/current_velocity/10T/short/run_0/metrics_summary.json
    Metrics summary (averaged over all series/windows/variates):
      MSE: 6.8678
      MAE: 0.7123
      RMSE: 0.8966
      MAPE: 2931.1289
      sMAPE: 0.4301
      MASE: 0.5195
      ND: 0.3190
      CRPS: 0.2514
  Completed: 10 series × 120 windows
  Output: /fslarge/scratch/users/h61084/codes/improved/outputs/channels_comparison/tasks/multivariate/chronos2/multivariate/current_velocity/10T/short/run_0

--- Term: medium ---
  Config: prediction_length=144, test_length=2160, val_length=2160
TIME run allocation action=recompute reuse_source=/scratch/users/h61084/codes/improved/outputs/foundation_models/tasks/chronos2/multivariate reason=No completed reuse source has the expected identity and scientific configuration below /fslarge/scratch/users/h61084/codes/improved/outputs/foundation_models/tasks/chronos2/multivariate
TIME run allocation action=new run=/fslarge/scratch/users/h61084/codes/improved/outputs/channels_comparison/tasks/multivariate/chronos2/multivariate/current_velocity/10T/medium/run_0 launch_id=selena_channels_20260906T123412Z_1347 slurm_job_id=3163561 launched_at=2026-09-06T12:36:26.443923+00:00
  Initializing Chronos pipeline (/fslarge/scratch/users/h61084/weights/chronos2)...
  Dataset info:
    - Frequency: 10T
    - Num series: 10
    - Target dim: 6
    - Target mode: multivariate
    - Covariate channels: 0
    - Series length: min=7481, max=31957, avg=20668.5
    - Test split: 2160 steps
    - Prediction length: 144
    - Windows: 15
    Processed 150/150...
    Total instances: 150, Series during experiment: 10, Windows: 15
    Collecting ground truth and context...
    Organizing data into arrays...
    Saved predictions (quantiles) to /fslarge/scratch/users/h61084/codes/improved/outputs/channels_comparison/tasks/multivariate/chronos2/multivariate/current_velocity/10T/medium/run_0/predictions.npz
    Computing per-window metrics...
    Saved metrics to /fslarge/scratch/users/h61084/codes/improved/outputs/channels_comparison/tasks/multivariate/chronos2/multivariate/current_velocity/10T/medium/run_0/metrics.npz
    Saved config to /fslarge/scratch/users/h61084/codes/improved/outputs/channels_comparison/tasks/multivariate/chronos2/multivariate/current_velocity/10T/medium/run_0/config.json
    Saved aggregate metrics to /fslarge/scratch/users/h61084/codes/improved/outputs/channels_comparison/tasks/multivariate/chronos2/multivariate/current_velocity/10T/medium/run_0/metrics_summary.json
    Metrics summary (averaged over all series/windows/variates):
      MSE: 9.6732
      MAE: 0.8863
      RMSE: 1.1857
      MAPE: 3752.3645
      sMAPE: 0.4776
      MASE: 0.6789
      ND: 0.3300
      CRPS: 0.2610
  Completed: 10 series × 15 windows
  Output: /fslarge/scratch/users/h61084/codes/improved/outputs/channels_comparison/tasks/multivariate/chronos2/multivariate/current_velocity/10T/medium/run_0

--- Term: long ---
  Config: prediction_length=432, test_length=2160, val_length=2160
TIME run allocation action=recompute reuse_source=/scratch/users/h61084/codes/improved/outputs/foundation_models/tasks/chronos2/multivariate reason=No completed reuse source has the expected identity and scientific configuration below /fslarge/scratch/users/h61084/codes/improved/outputs/foundation_models/tasks/chronos2/multivariate
TIME run allocation action=new run=/fslarge/scratch/users/h61084/codes/improved/outputs/channels_comparison/tasks/multivariate/chronos2/multivariate/current_velocity/10T/long/run_0 launch_id=selena_channels_20260906T123412Z_1347 slurm_job_id=3163561 launched_at=2026-09-06T12:36:31.358874+00:00
  Initializing Chronos pipeline (/fslarge/scratch/users/h61084/weights/chronos2)...
  Dataset info:
    - Frequency: 10T
    - Num series: 10
    - Target dim: 6
    - Target mode: multivariate
    - Covariate channels: 0
    - Series length: min=7481, max=31957, avg=20668.5
    - Test split: 2160 steps
    - Prediction length: 432
    - Windows: 5
    Total instances: 50, Series during experiment: 10, Windows: 5
    Collecting ground truth and context...
    Organizing data into arrays...
    Saved predictions (quantiles) to /fslarge/scratch/users/h61084/codes/improved/outputs/channels_comparison/tasks/multivariate/chronos2/multivariate/current_velocity/10T/long/run_0/predictions.npz
    Computing per-window metrics...
    Saved metrics to /fslarge/scratch/users/h61084/codes/improved/outputs/channels_comparison/tasks/multivariate/chronos2/multivariate/current_velocity/10T/long/run_0/metrics.npz
    Saved config to /fslarge/scratch/users/h61084/codes/improved/outputs/channels_comparison/tasks/multivariate/chronos2/multivariate/current_velocity/10T/long/run_0/config.json
    Saved aggregate metrics to /fslarge/scratch/users/h61084/codes/improved/outputs/channels_comparison/tasks/multivariate/chronos2/multivariate/current_velocity/10T/long/run_0/metrics_summary.json
    Metrics summary (averaged over all series/windows/variates):
      MSE: 11.9539
      MAE: 1.0456
      RMSE: 1.3711
      MAPE: 3797.3375
      sMAPE: 0.5294
      MASE: 0.9316
      ND: 0.3745
      CRPS: 0.2964
  Completed: 10 series × 5 windows
  Output: /fslarge/scratch/users/h61084/codes/improved/outputs/channels_comparison/tasks/multivariate/chronos2/multivariate/current_velocity/10T/long/run_0

============================================================
All experiments completed!
Results saved to: /scratch/users/h61084/codes/improved/outputs/channels_comparison/tasks/multivariate
============================================================

############################################################
# Dataset 4/38: current_velocity/15T
############################################################
Loading configuration...

============================================================
Dataset: current_velocity/15T
Model: amazon/chronos-2
Checkpoint: /fslarge/scratch/users/h61084/weights/chronos2
Terms: ['short', 'medium', 'long']
Covariate mode: none
============================================================

--- Term: short ---
  Config: prediction_length=12, test_length=1440, val_length=1440
TIME run allocation action=recompute reuse_source=/scratch/users/h61084/codes/improved/outputs/foundation_models/tasks/chronos2/multivariate reason=No completed reuse source has the expected identity and scientific configuration below /fslarge/scratch/users/h61084/codes/improved/outputs/foundation_models/tasks/chronos2/multivariate
TIME run allocation action=new run=/fslarge/scratch/users/h61084/codes/improved/outputs/channels_comparison/tasks/multivariate/chronos2/multivariate/current_velocity/15T/short/run_0 launch_id=selena_channels_20260906T123412Z_1347 slurm_job_id=3163561 launched_at=2026-09-06T12:36:33.374623+00:00
  Initializing Chronos pipeline (/fslarge/scratch/users/h61084/weights/chronos2)...
  Dataset info:
    - Frequency: 15T
    - Num series: 5
    - Target dim: 6
    - Target mode: multivariate
    - Covariate channels: 0
    - Series length: min=3710, max=17953, avg=8503.2
    - Test split: 1440 steps
    - Prediction length: 12
    - Windows: 120
    Processed 160/600...
    Processed 320/600...
    Processed 480/600...
    Total instances: 600, Series during experiment: 5, Windows: 120
    Collecting ground truth and context...
    Organizing data into arrays...
    Saved predictions (quantiles) to /fslarge/scratch/users/h61084/codes/improved/outputs/channels_comparison/tasks/multivariate/chronos2/multivariate/current_velocity/15T/short/run_0/predictions.npz
    Computing per-window metrics...
    Saved metrics to /fslarge/scratch/users/h61084/codes/improved/outputs/channels_comparison/tasks/multivariate/chronos2/multivariate/current_velocity/15T/short/run_0/metrics.npz
    Saved config to /fslarge/scratch/users/h61084/codes/improved/outputs/channels_comparison/tasks/multivariate/chronos2/multivariate/current_velocity/15T/short/run_0/config.json
    Saved aggregate metrics to /fslarge/scratch/users/h61084/codes/improved/outputs/channels_comparison/tasks/multivariate/chronos2/multivariate/current_velocity/15T/short/run_0/metrics_summary.json
    Metrics summary (averaged over all series/windows/variates):
      MSE: 6.1124
      MAE: 0.7461
      RMSE: 0.9065
      MAPE: 109460.3940
      sMAPE: 0.4606
      MASE: 0.5007
      ND: 0.3805
      CRPS: 0.2990
  Completed: 5 series × 120 windows
  Output: /fslarge/scratch/users/h61084/codes/improved/outputs/channels_comparison/tasks/multivariate/chronos2/multivariate/current_velocity/15T/short/run_0

--- Term: medium ---
  Config: prediction_length=96, test_length=1440, val_length=1440
TIME run allocation action=recompute reuse_source=/scratch/users/h61084/codes/improved/outputs/foundation_models/tasks/chronos2/multivariate reason=No completed reuse source has the expected identity and scientific configuration below /fslarge/scratch/users/h61084/codes/improved/outputs/foundation_models/tasks/chronos2/multivariate
TIME run allocation action=new run=/fslarge/scratch/users/h61084/codes/improved/outputs/channels_comparison/tasks/multivariate/chronos2/multivariate/current_velocity/15T/medium/run_0 launch_id=selena_channels_20260906T123412Z_1347 slurm_job_id=3163561 launched_at=2026-09-06T12:36:46.206062+00:00
  Initializing Chronos pipeline (/fslarge/scratch/users/h61084/weights/chronos2)...
  Dataset info:
    - Frequency: 15T
    - Num series: 5
    - Target dim: 6
    - Target mode: multivariate
    - Covariate channels: 0
    - Series length: min=3710, max=17953, avg=8503.2
    - Test split: 1440 steps
    - Prediction length: 96
    - Windows: 15
    Total instances: 75, Series during experiment: 5, Windows: 15
    Collecting ground truth and context...
    Organizing data into arrays...
    Saved predictions (quantiles) to /fslarge/scratch/users/h61084/codes/improved/outputs/channels_comparison/tasks/multivariate/chronos2/multivariate/current_velocity/15T/medium/run_0/predictions.npz
    Computing per-window metrics...
    Saved metrics to /fslarge/scratch/users/h61084/codes/improved/outputs/channels_comparison/tasks/multivariate/chronos2/multivariate/current_velocity/15T/medium/run_0/metrics.npz
    Saved config to /fslarge/scratch/users/h61084/codes/improved/outputs/channels_comparison/tasks/multivariate/chronos2/multivariate/current_velocity/15T/medium/run_0/config.json
    Saved aggregate metrics to /fslarge/scratch/users/h61084/codes/improved/outputs/channels_comparison/tasks/multivariate/chronos2/multivariate/current_velocity/15T/medium/run_0/metrics_summary.json
    Metrics summary (averaged over all series/windows/variates):
      MSE: 9.1292
      MAE: 0.9660
      RMSE: 1.2148
      MAPE: 117305.1553
      sMAPE: 0.5654
      MASE: 0.7241
      ND: 0.4307
      CRPS: 0.3379
  Completed: 5 series × 15 windows
  Output: /fslarge/scratch/users/h61084/codes/improved/outputs/channels_comparison/tasks/multivariate/chronos2/multivariate/current_velocity/15T/medium/run_0

--- Term: long ---
  Config: prediction_length=288, test_length=1440, val_length=1440
TIME run allocation action=recompute reuse_source=/scratch/users/h61084/codes/improved/outputs/foundation_models/tasks/chronos2/multivariate reason=No completed reuse source has the expected identity and scientific configuration below /fslarge/scratch/users/h61084/codes/improved/outputs/foundation_models/tasks/chronos2/multivariate
TIME run allocation action=new run=/fslarge/scratch/users/h61084/codes/improved/outputs/channels_comparison/tasks/multivariate/chronos2/multivariate/current_velocity/15T/long/run_0 launch_id=selena_channels_20260906T123412Z_1347 slurm_job_id=3163561 launched_at=2026-09-06T12:36:48.291702+00:00
  Initializing Chronos pipeline (/fslarge/scratch/users/h61084/weights/chronos2)...
  Dataset info:
    - Frequency: 15T
    - Num series: 5
    - Target dim: 6
    - Target mode: multivariate
    - Covariate channels: 0
    - Series length: min=3710, max=17953, avg=8503.2
    - Test split: 1440 steps
    - Prediction length: 288
    - Windows: 5
    Total instances: 25, Series during experiment: 5, Windows: 5
    Collecting ground truth and context...
    Organizing data into arrays...
    Saved predictions (quantiles) to /fslarge/scratch/users/h61084/codes/improved/outputs/channels_comparison/tasks/multivariate/chronos2/multivariate/current_velocity/15T/long/run_0/predictions.npz
    Computing per-window metrics...
    Saved metrics to /fslarge/scratch/users/h61084/codes/improved/outputs/channels_comparison/tasks/multivariate/chronos2/multivariate/current_velocity/15T/long/run_0/metrics.npz
    Saved config to /fslarge/scratch/users/h61084/codes/improved/outputs/channels_comparison/tasks/multivariate/chronos2/multivariate/current_velocity/15T/long/run_0/config.json
    Saved aggregate metrics to /fslarge/scratch/users/h61084/codes/improved/outputs/channels_comparison/tasks/multivariate/chronos2/multivariate/current_velocity/15T/long/run_0/metrics_summary.json
    Metrics summary (averaged over all series/windows/variates):
      MSE: 10.9029
      MAE: 1.0687
      RMSE: 1.3535
      MAPE: 104506.0226
      sMAPE: 0.5881
      MASE: 0.8331
      ND: 0.4528
      CRPS: 0.3588
  Completed: 5 series × 5 windows
  Output: /fslarge/scratch/users/h61084/codes/improved/outputs/channels_comparison/tasks/multivariate/chronos2/multivariate/current_velocity/15T/long/run_0

============================================================
All experiments completed!
Results saved to: /scratch/users/h61084/codes/improved/outputs/channels_comparison/tasks/multivariate
============================================================

############################################################
# Dataset 5/38: current_velocity/20T
############################################################
Loading configuration...

============================================================
Dataset: current_velocity/20T
Model: amazon/chronos-2
Checkpoint: /fslarge/scratch/users/h61084/weights/chronos2
Terms: ['short', 'medium', 'long']
Covariate mode: none
============================================================

--- Term: short ---
  Config: prediction_length=9, test_length=1080, val_length=1080
TIME run allocation action=recompute reuse_source=/scratch/users/h61084/codes/improved/outputs/foundation_models/tasks/chronos2/multivariate reason=No completed reuse source has the expected identity and scientific configuration below /fslarge/scratch/users/h61084/codes/improved/outputs/foundation_models/tasks/chronos2/multivariate
TIME run allocation action=new run=/fslarge/scratch/users/h61084/codes/improved/outputs/channels_comparison/tasks/multivariate/chronos2/multivariate/current_velocity/20T/short/run_0 launch_id=selena_channels_20260906T123412Z_1347 slurm_job_id=3163561 launched_at=2026-09-06T12:36:49.570816+00:00
  Initializing Chronos pipeline (/fslarge/scratch/users/h61084/weights/chronos2)...
  Dataset info:
    - Frequency: 20T
    - Num series: 27
    - Target dim: 6
    - Target mode: multivariate
    - Covariate channels: 0
    - Series length: min=2529, max=16759, avg=6460.2
    - Test split: 1080 steps
    - Prediction length: 9
    - Windows: 120
    Processed 160/3240...
    Processed 320/3240...
    Processed 480/3240...
    Processed 640/3240...
    Processed 800/3240...
    Processed 960/3240...
    Processed 1120/3240...
    Processed 1280/3240...
    Processed 1440/3240...
    Processed 1600/3240...
    Processed 1760/3240...
    Processed 1920/3240...
    Processed 2080/3240...
    Processed 2240/3240...
    Processed 2400/3240...
    Processed 2560/3240...
    Processed 2720/3240...
    Processed 2880/3240...
    Processed 3040/3240...
    Processed 3200/3240...
    Total instances: 3240, Series during experiment: 27, Windows: 120
    Collecting ground truth and context...
    Organizing data into arrays...
    Saved predictions (quantiles) to /fslarge/scratch/users/h61084/codes/improved/outputs/channels_comparison/tasks/multivariate/chronos2/multivariate/current_velocity/20T/short/run_0/predictions.npz
    Computing per-window metrics...
    Saved metrics to /fslarge/scratch/users/h61084/codes/improved/outputs/channels_comparison/tasks/multivariate/chronos2/multivariate/current_velocity/20T/short/run_0/metrics.npz
    Saved config to /fslarge/scratch/users/h61084/codes/improved/outputs/channels_comparison/tasks/multivariate/chronos2/multivariate/current_velocity/20T/short/run_0/config.json
    Saved aggregate metrics to /fslarge/scratch/users/h61084/codes/improved/outputs/channels_comparison/tasks/multivariate/chronos2/multivariate/current_velocity/20T/short/run_0/metrics_summary.json
    Metrics summary (averaged over all series/windows/variates):
      MSE: 4.1839
      MAE: 0.6081
      RMSE: 0.7147
      MAPE: 0.8974
      sMAPE: 0.4112
      MASE: 0.4727
      ND: 0.3304
      CRPS: 0.2595
  Completed: 27 series × 120 windows
  Output: /fslarge/scratch/users/h61084/codes/improved/outputs/channels_comparison/tasks/multivariate/chronos2/multivariate/current_velocity/20T/short/run_0

--- Term: medium ---
  Config: prediction_length=72, test_length=1080, val_length=1080
TIME run allocation action=recompute reuse_source=/scratch/users/h61084/codes/improved/outputs/foundation_models/tasks/chronos2/multivariate reason=No completed reuse source has the expected identity and scientific configuration below /fslarge/scratch/users/h61084/codes/improved/outputs/foundation_models/tasks/chronos2/multivariate
TIME run allocation action=new run=/fslarge/scratch/users/h61084/codes/improved/outputs/channels_comparison/tasks/multivariate/chronos2/multivariate/current_velocity/20T/medium/run_0 launch_id=selena_channels_20260906T123412Z_1347 slurm_job_id=3163561 launched_at=2026-09-06T12:37:53.435831+00:00
  Initializing Chronos pipeline (/fslarge/scratch/users/h61084/weights/chronos2)...
  Dataset info:
    - Frequency: 20T
    - Num series: 27
    - Target dim: 6
    - Target mode: multivariate
    - Covariate channels: 0
    - Series length: min=2529, max=16759, avg=6460.2
    - Test split: 1080 steps
    - Prediction length: 72
    - Windows: 15
    Processed 160/405...
    Processed 320/405...
    Total instances: 405, Series during experiment: 27, Windows: 15
    Collecting ground truth and context...
    Organizing data into arrays...
    Saved predictions (quantiles) to /fslarge/scratch/users/h61084/codes/improved/outputs/channels_comparison/tasks/multivariate/chronos2/multivariate/current_velocity/20T/medium/run_0/predictions.npz
    Computing per-window metrics...
    Saved metrics to /fslarge/scratch/users/h61084/codes/improved/outputs/channels_comparison/tasks/multivariate/chronos2/multivariate/current_velocity/20T/medium/run_0/metrics.npz
    Saved config to /fslarge/scratch/users/h61084/codes/improved/outputs/channels_comparison/tasks/multivariate/chronos2/multivariate/current_velocity/20T/medium/run_0/config.json
    Saved aggregate metrics to /fslarge/scratch/users/h61084/codes/improved/outputs/channels_comparison/tasks/multivariate/chronos2/multivariate/current_velocity/20T/medium/run_0/metrics_summary.json
    Metrics summary (averaged over all series/windows/variates):
      MSE: 7.7470
      MAE: 0.8801
      RMSE: 1.0841
      MAPE: 1.1282
      sMAPE: 0.5007
      MASE: 0.7300
      ND: 0.3761
      CRPS: 0.2974
  Completed: 27 series × 15 windows
  Output: /fslarge/scratch/users/h61084/codes/improved/outputs/channels_comparison/tasks/multivariate/chronos2/multivariate/current_velocity/20T/medium/run_0

--- Term: long ---
  Config: prediction_length=216, test_length=1080, val_length=1080
TIME run allocation action=recompute reuse_source=/scratch/users/h61084/codes/improved/outputs/foundation_models/tasks/chronos2/multivariate reason=No completed reuse source has the expected identity and scientific configuration below /fslarge/scratch/users/h61084/codes/improved/outputs/foundation_models/tasks/chronos2/multivariate
TIME run allocation action=new run=/fslarge/scratch/users/h61084/codes/improved/outputs/channels_comparison/tasks/multivariate/chronos2/multivariate/current_velocity/20T/long/run_0 launch_id=selena_channels_20260906T123412Z_1347 slurm_job_id=3163561 launched_at=2026-09-06T12:38:03.537732+00:00
  Initializing Chronos pipeline (/fslarge/scratch/users/h61084/weights/chronos2)...
  Dataset info:
    - Frequency: 20T
    - Num series: 27
    - Target dim: 6
    - Target mode: multivariate
    - Covariate channels: 0
    - Series length: min=2529, max=16759, avg=6460.2
    - Test split: 1080 steps
    - Prediction length: 216
    - Windows: 5
    Total instances: 135, Series during experiment: 27, Windows: 5
    Collecting ground truth and context...
    Organizing data into arrays...
    Saved predictions (quantiles) to /fslarge/scratch/users/h61084/codes/improved/outputs/channels_comparison/tasks/multivariate/chronos2/multivariate/current_velocity/20T/long/run_0/predictions.npz
    Computing per-window metrics...
    Saved metrics to /fslarge/scratch/users/h61084/codes/improved/outputs/channels_comparison/tasks/multivariate/chronos2/multivariate/current_velocity/20T/long/run_0/metrics.npz
    Saved config to /fslarge/scratch/users/h61084/codes/improved/outputs/channels_comparison/tasks/multivariate/chronos2/multivariate/current_velocity/20T/long/run_0/config.json
    Saved aggregate metrics to /fslarge/scratch/users/h61084/codes/improved/outputs/channels_comparison/tasks/multivariate/chronos2/multivariate/current_velocity/20T/long/run_0/metrics_summary.json
    Metrics summary (averaged over all series/windows/variates):
      MSE: 9.6822
      MAE: 1.0253
      RMSE: 1.2859
      MAPE: 1.5439
      sMAPE: 0.5923
      MASE: 1.0349
      ND: 0.4587
      CRPS: 0.3610
  Completed: 27 series × 5 windows
  Output: /fslarge/scratch/users/h61084/codes/improved/outputs/channels_comparison/tasks/multivariate/chronos2/multivariate/current_velocity/20T/long/run_0

============================================================
All experiments completed!
Results saved to: /scratch/users/h61084/codes/improved/outputs/channels_comparison/tasks/multivariate
============================================================

############################################################
# Dataset 6/38: current_velocity/H
############################################################
Loading configuration...

============================================================
Dataset: current_velocity/H
Model: amazon/chronos-2
Checkpoint: /fslarge/scratch/users/h61084/weights/chronos2
Terms: ['short', 'medium', 'long']
Covariate mode: none
============================================================

--- Term: short ---
  Config: prediction_length=24, test_length=672, val_length=672
TIME run allocation action=recompute reuse_source=/scratch/users/h61084/codes/improved/outputs/foundation_models/tasks/chronos2/multivariate reason=No completed reuse source has the expected identity and scientific configuration below /fslarge/scratch/users/h61084/codes/improved/outputs/foundation_models/tasks/chronos2/multivariate
TIME run allocation action=new run=/fslarge/scratch/users/h61084/codes/improved/outputs/channels_comparison/tasks/multivariate/chronos2/multivariate/current_velocity/H/short/run_0 launch_id=selena_channels_20260906T123412Z_1347 slurm_job_id=3163561 launched_at=2026-09-06T12:38:07.632564+00:00
  Initializing Chronos pipeline (/fslarge/scratch/users/h61084/weights/chronos2)...
  Dataset info:
    - Frequency: H
    - Num series: 21
    - Target dim: 6
    - Target mode: multivariate
    - Covariate channels: 0
    - Series length: min=2208, max=5587, avg=3502.3
    - Test split: 672 steps
    - Prediction length: 24
    - Windows: 28
    Processed 160/588...
    Processed 320/588...
    Processed 480/588...
    Total instances: 588, Series during experiment: 21, Windows: 28
    Collecting ground truth and context...
    Organizing data into arrays...
    Saved predictions (quantiles) to /fslarge/scratch/users/h61084/codes/improved/outputs/channels_comparison/tasks/multivariate/chronos2/multivariate/current_velocity/H/short/run_0/predictions.npz
    Computing per-window metrics...
    Saved metrics to /fslarge/scratch/users/h61084/codes/improved/outputs/channels_comparison/tasks/multivariate/chronos2/multivariate/current_velocity/H/short/run_0/metrics.npz
    Saved config to /fslarge/scratch/users/h61084/codes/improved/outputs/channels_comparison/tasks/multivariate/chronos2/multivariate/current_velocity/H/short/run_0/config.json
    Saved aggregate metrics to /fslarge/scratch/users/h61084/codes/improved/outputs/channels_comparison/tasks/multivariate/chronos2/multivariate/current_velocity/H/short/run_0/metrics_summary.json
    Metrics summary (averaged over all series/windows/variates):
      MSE: 6.3782
      MAE: 0.7897
      RMSE: 0.9826
      MAPE: 1942717674808.0310
      sMAPE: 0.4299
      MASE: 0.6887
      ND: 0.3268
      CRPS: 0.2570
  Completed: 21 series × 28 windows
  Output: /fslarge/scratch/users/h61084/codes/improved/outputs/channels_comparison/tasks/multivariate/chronos2/multivariate/current_velocity/H/short/run_0

--- Term: medium ---
  Config: prediction_length=168, test_length=672, val_length=672
TIME run allocation action=recompute reuse_source=/scratch/users/h61084/codes/improved/outputs/foundation_models/tasks/chronos2/multivariate reason=No completed reuse source has the expected identity and scientific configuration below /fslarge/scratch/users/h61084/codes/improved/outputs/foundation_models/tasks/chronos2/multivariate
TIME run allocation action=new run=/fslarge/scratch/users/h61084/codes/improved/outputs/channels_comparison/tasks/multivariate/chronos2/multivariate/current_velocity/H/medium/run_0 launch_id=selena_channels_20260906T123412Z_1347 slurm_job_id=3163561 launched_at=2026-09-06T12:38:15.409816+00:00
  Initializing Chronos pipeline (/fslarge/scratch/users/h61084/weights/chronos2)...
  Dataset info:
    - Frequency: H
    - Num series: 21
    - Target dim: 6
    - Target mode: multivariate
    - Covariate channels: 0
    - Series length: min=2208, max=5587, avg=3502.3
    - Test split: 672 steps
    - Prediction length: 168
    - Windows: 4
    Total instances: 84, Series during experiment: 21, Windows: 4
    Collecting ground truth and context...
    Organizing data into arrays...
    Saved predictions (quantiles) to /fslarge/scratch/users/h61084/codes/improved/outputs/channels_comparison/tasks/multivariate/chronos2/multivariate/current_velocity/H/medium/run_0/predictions.npz
    Computing per-window metrics...
    Saved metrics to /fslarge/scratch/users/h61084/codes/improved/outputs/channels_comparison/tasks/multivariate/chronos2/multivariate/current_velocity/H/medium/run_0/metrics.npz
    Saved config to /fslarge/scratch/users/h61084/codes/improved/outputs/channels_comparison/tasks/multivariate/chronos2/multivariate/current_velocity/H/medium/run_0/config.json
    Saved aggregate metrics to /fslarge/scratch/users/h61084/codes/improved/outputs/channels_comparison/tasks/multivariate/chronos2/multivariate/current_velocity/H/medium/run_0/metrics_summary.json
    Metrics summary (averaged over all series/windows/variates):
      MSE: 11.0224
      MAE: 1.1161
      RMSE: 1.3898
      MAPE: 2718915817898.0933
      sMAPE: 0.5526
      MASE: 1.1474
      ND: 0.4021
      CRPS: 0.3158
  Completed: 21 series × 4 windows
  Output: /fslarge/scratch/users/h61084/codes/improved/outputs/channels_comparison/tasks/multivariate/chronos2/multivariate/current_velocity/H/medium/run_0

--- Term: long ---
  Config: prediction_length=336, test_length=672, val_length=672
TIME run allocation action=recompute reuse_source=/scratch/users/h61084/codes/improved/outputs/foundation_models/tasks/chronos2/multivariate reason=No completed reuse source has the expected identity and scientific configuration below /fslarge/scratch/users/h61084/codes/improved/outputs/foundation_models/tasks/chronos2/multivariate
TIME run allocation action=new run=/fslarge/scratch/users/h61084/codes/improved/outputs/channels_comparison/tasks/multivariate/chronos2/multivariate/current_velocity/H/long/run_0 launch_id=selena_channels_20260906T123412Z_1347 slurm_job_id=3163561 launched_at=2026-09-06T12:38:17.092977+00:00
  Initializing Chronos pipeline (/fslarge/scratch/users/h61084/weights/chronos2)...
  Dataset info:
    - Frequency: H
    - Num series: 21
    - Target dim: 6
    - Target mode: multivariate
    - Covariate channels: 0
    - Series length: min=2208, max=5587, avg=3502.3
    - Test split: 672 steps
    - Prediction length: 336
    - Windows: 2
    Total instances: 42, Series during experiment: 21, Windows: 2
    Collecting ground truth and context...
    Organizing data into arrays...
    Saved predictions (quantiles) to /fslarge/scratch/users/h61084/codes/improved/outputs/channels_comparison/tasks/multivariate/chronos2/multivariate/current_velocity/H/long/run_0/predictions.npz
    Computing per-window metrics...
    Saved metrics to /fslarge/scratch/users/h61084/codes/improved/outputs/channels_comparison/tasks/multivariate/chronos2/multivariate/current_velocity/H/long/run_0/metrics.npz
    Saved config to /fslarge/scratch/users/h61084/codes/improved/outputs/channels_comparison/tasks/multivariate/chronos2/multivariate/current_velocity/H/long/run_0/config.json
    Saved aggregate metrics to /fslarge/scratch/users/h61084/codes/improved/outputs/channels_comparison/tasks/multivariate/chronos2/multivariate/current_velocity/H/long/run_0/metrics_summary.json
    Metrics summary (averaged over all series/windows/variates):
      MSE: 11.8888
      MAE: 1.1926
      RMSE: 1.4990
      MAPE: 2064172404923.4619
      sMAPE: 0.5932
      MASE: 1.3531
      ND: 0.4293
      CRPS: 0.3389
  Completed: 21 series × 2 windows
  Output: /fslarge/scratch/users/h61084/codes/improved/outputs/channels_comparison/tasks/multivariate/chronos2/multivariate/current_velocity/H/long/run_0

============================================================
All experiments completed!
Results saved to: /scratch/users/h61084/codes/improved/outputs/channels_comparison/tasks/multivariate
============================================================

############################################################
# Dataset 7/38: Coastal_T_S/5T
############################################################
Loading configuration...

============================================================
Dataset: Coastal_T_S/5T
Model: amazon/chronos-2
Checkpoint: /fslarge/scratch/users/h61084/weights/chronos2
Terms: ['short', 'medium', 'long']
Covariate mode: none
============================================================

--- Term: short ---
  Config: prediction_length=36, test_length=4320, val_length=4320
TIME run allocation action=recompute reuse_source=/scratch/users/h61084/codes/improved/outputs/foundation_models/tasks/chronos2/multivariate reason=No completed reuse source has the expected identity and scientific configuration below /fslarge/scratch/users/h61084/codes/improved/outputs/foundation_models/tasks/chronos2/multivariate
TIME run allocation action=new run=/fslarge/scratch/users/h61084/codes/improved/outputs/channels_comparison/tasks/multivariate/chronos2/multivariate/Coastal_T_S/5T/short/run_0 launch_id=selena_channels_20260906T123412Z_1347 slurm_job_id=3163561 launched_at=2026-09-06T12:38:18.165382+00:00
  Initializing Chronos pipeline (/fslarge/scratch/users/h61084/weights/chronos2)...
  Dataset info:
    - Frequency: 5T
    - Num series: 18
    - Target dim: 3
    - Target mode: multivariate
    - Covariate channels: 0
    - Series length: min=44614, max=105408, avg=68604.9
    - Test split: 4320 steps
    - Prediction length: 36
    - Windows: 120
    Processed 160/2160...
    Processed 320/2160...
    Processed 480/2160...
    Processed 640/2160...
    Processed 800/2160...
    Processed 960/2160...
    Processed 1120/2160...
    Processed 1280/2160...
    Processed 1440/2160...
    Processed 1600/2160...
    Processed 1760/2160...
    Processed 1920/2160...
    Processed 2080/2160...
    Total instances: 2160, Series during experiment: 18, Windows: 120
    Collecting ground truth and context...
    Organizing data into arrays...
    Saved predictions (quantiles) to /fslarge/scratch/users/h61084/codes/improved/outputs/channels_comparison/tasks/multivariate/chronos2/multivariate/Coastal_T_S/5T/short/run_0/predictions.npz
    Computing per-window metrics...
    Saved metrics to /fslarge/scratch/users/h61084/codes/improved/outputs/channels_comparison/tasks/multivariate/chronos2/multivariate/Coastal_T_S/5T/short/run_0/metrics.npz
    Saved config to /fslarge/scratch/users/h61084/codes/improved/outputs/channels_comparison/tasks/multivariate/chronos2/multivariate/Coastal_T_S/5T/short/run_0/config.json
    Saved aggregate metrics to /fslarge/scratch/users/h61084/codes/improved/outputs/channels_comparison/tasks/multivariate/chronos2/multivariate/Coastal_T_S/5T/short/run_0/metrics_summary.json
    Metrics summary (averaged over all series/windows/variates):
      MSE: 118.4740
      MAE: 2.8462
      RMSE: 2.9973
      MAPE: 0.0889
      sMAPE: 0.0666
      MASE: 0.7896
      ND: 0.0618
      CRPS: 0.0376
  Completed: 18 series × 120 windows
  Output: /fslarge/scratch/users/h61084/codes/improved/outputs/channels_comparison/tasks/multivariate/chronos2/multivariate/Coastal_T_S/5T/short/run_0

--- Term: medium ---
  Config: prediction_length=288, test_length=4320, val_length=4320
TIME run allocation action=recompute reuse_source=/scratch/users/h61084/codes/improved/outputs/foundation_models/tasks/chronos2/multivariate reason=No completed reuse source has the expected identity and scientific configuration below /fslarge/scratch/users/h61084/codes/improved/outputs/foundation_models/tasks/chronos2/multivariate
TIME run allocation action=new run=/fslarge/scratch/users/h61084/codes/improved/outputs/channels_comparison/tasks/multivariate/chronos2/multivariate/Coastal_T_S/5T/medium/run_0 launch_id=selena_channels_20260906T123412Z_1347 slurm_job_id=3163561 launched_at=2026-09-06T12:38:52.118932+00:00
  Initializing Chronos pipeline (/fslarge/scratch/users/h61084/weights/chronos2)...
  Dataset info:
    - Frequency: 5T
    - Num series: 18
    - Target dim: 3
    - Target mode: multivariate
    - Covariate channels: 0
    - Series length: min=44614, max=105408, avg=68604.9
    - Test split: 4320 steps
    - Prediction length: 288
    - Windows: 15
    Processed 160/270...
    Total instances: 270, Series during experiment: 18, Windows: 15
    Collecting ground truth and context...
    Organizing data into arrays...
    Saved predictions (quantiles) to /fslarge/scratch/users/h61084/codes/improved/outputs/channels_comparison/tasks/multivariate/chronos2/multivariate/Coastal_T_S/5T/medium/run_0/predictions.npz
    Computing per-window metrics...
    Saved metrics to /fslarge/scratch/users/h61084/codes/improved/outputs/channels_comparison/tasks/multivariate/chronos2/multivariate/Coastal_T_S/5T/medium/run_0/metrics.npz
    Saved config to /fslarge/scratch/users/h61084/codes/improved/outputs/channels_comparison/tasks/multivariate/chronos2/multivariate/Coastal_T_S/5T/medium/run_0/config.json
    Saved aggregate metrics to /fslarge/scratch/users/h61084/codes/improved/outputs/channels_comparison/tasks/multivariate/chronos2/multivariate/Coastal_T_S/5T/medium/run_0/metrics_summary.json
    Metrics summary (averaged over all series/windows/variates):
      MSE: 130.2055
      MAE: 2.9707
      RMSE: 3.2697
      MAPE: 0.0928
      sMAPE: 0.0701
      MASE: 1.0309
      ND: 0.0662
      CRPS: 0.0415
  Completed: 18 series × 15 windows
  Output: /fslarge/scratch/users/h61084/codes/improved/outputs/channels_comparison/tasks/multivariate/chronos2/multivariate/Coastal_T_S/5T/medium/run_0

--- Term: long ---
  Config: prediction_length=864, test_length=4320, val_length=4320
TIME run allocation action=recompute reuse_source=/scratch/users/h61084/codes/improved/outputs/foundation_models/tasks/chronos2/multivariate reason=No completed reuse source has the expected identity and scientific configuration below /fslarge/scratch/users/h61084/codes/improved/outputs/foundation_models/tasks/chronos2/multivariate
TIME run allocation action=new run=/fslarge/scratch/users/h61084/codes/improved/outputs/channels_comparison/tasks/multivariate/chronos2/multivariate/Coastal_T_S/5T/long/run_0 launch_id=selena_channels_20260906T123412Z_1347 slurm_job_id=3163561 launched_at=2026-09-06T12:38:57.087507+00:00
  Initializing Chronos pipeline (/fslarge/scratch/users/h61084/weights/chronos2)...
  Dataset info:
    - Frequency: 5T
    - Num series: 18
    - Target dim: 3
    - Target mode: multivariate
    - Covariate channels: 0
    - Series length: min=44614, max=105408, avg=68604.9
    - Test split: 4320 steps
    - Prediction length: 864
    - Windows: 5
    Total instances: 90, Series during experiment: 18, Windows: 5
    Collecting ground truth and context...
    Organizing data into arrays...
    Saved predictions (quantiles) to /fslarge/scratch/users/h61084/codes/improved/outputs/channels_comparison/tasks/multivariate/chronos2/multivariate/Coastal_T_S/5T/long/run_0/predictions.npz
    Computing per-window metrics...
    Saved metrics to /fslarge/scratch/users/h61084/codes/improved/outputs/channels_comparison/tasks/multivariate/chronos2/multivariate/Coastal_T_S/5T/long/run_0/metrics.npz
    Saved config to /fslarge/scratch/users/h61084/codes/improved/outputs/channels_comparison/tasks/multivariate/chronos2/multivariate/Coastal_T_S/5T/long/run_0/config.json
    Saved aggregate metrics to /fslarge/scratch/users/h61084/codes/improved/outputs/channels_comparison/tasks/multivariate/chronos2/multivariate/Coastal_T_S/5T/long/run_0/metrics_summary.json
    Metrics summary (averaged over all series/windows/variates):
      MSE: 144.3059
      MAE: 3.0682
      RMSE: 3.5010
      MAPE: 0.0974
      sMAPE: 0.0720
      MASE: 1.2524
      ND: 0.0691
      CRPS: 0.0458
  Completed: 18 series × 5 windows
  Output: /fslarge/scratch/users/h61084/codes/improved/outputs/channels_comparison/tasks/multivariate/chronos2/multivariate/Coastal_T_S/5T/long/run_0

============================================================
All experiments completed!
Results saved to: /scratch/users/h61084/codes/improved/outputs/channels_comparison/tasks/multivariate
============================================================

############################################################
# Dataset 8/38: Coastal_T_S/15T
############################################################
Loading configuration...

============================================================
Dataset: Coastal_T_S/15T
Model: amazon/chronos-2
Checkpoint: /fslarge/scratch/users/h61084/weights/chronos2
Terms: ['short', 'medium', 'long']
Covariate mode: none
============================================================

--- Term: short ---
  Config: prediction_length=12, test_length=1440, val_length=1440
TIME run allocation action=recompute reuse_source=/scratch/users/h61084/codes/improved/outputs/foundation_models/tasks/chronos2/multivariate reason=No completed reuse source has the expected identity and scientific configuration below /fslarge/scratch/users/h61084/codes/improved/outputs/foundation_models/tasks/chronos2/multivariate
TIME run allocation action=new run=/fslarge/scratch/users/h61084/codes/improved/outputs/channels_comparison/tasks/multivariate/chronos2/multivariate/Coastal_T_S/15T/short/run_0 launch_id=selena_channels_20260906T123412Z_1347 slurm_job_id=3163561 launched_at=2026-09-06T12:38:59.438108+00:00
  Initializing Chronos pipeline (/fslarge/scratch/users/h61084/weights/chronos2)...
  Dataset info:
    - Frequency: 15T
    - Num series: 5
    - Target dim: 3
    - Target mode: multivariate
    - Covariate channels: 0
    - Series length: min=16686, max=23134, avg=20870.2
    - Test split: 1440 steps
    - Prediction length: 12
    - Windows: 120
    Processed 160/600...
    Processed 320/600...
    Processed 480/600...
    Total instances: 600, Series during experiment: 5, Windows: 120
    Collecting ground truth and context...
    Organizing data into arrays...
    Saved predictions (quantiles) to /fslarge/scratch/users/h61084/codes/improved/outputs/channels_comparison/tasks/multivariate/chronos2/multivariate/Coastal_T_S/15T/short/run_0/predictions.npz
    Computing per-window metrics...
    Saved metrics to /fslarge/scratch/users/h61084/codes/improved/outputs/channels_comparison/tasks/multivariate/chronos2/multivariate/Coastal_T_S/15T/short/run_0/metrics.npz
    Saved config to /fslarge/scratch/users/h61084/codes/improved/outputs/channels_comparison/tasks/multivariate/chronos2/multivariate/Coastal_T_S/15T/short/run_0/config.json
    Saved aggregate metrics to /fslarge/scratch/users/h61084/codes/improved/outputs/channels_comparison/tasks/multivariate/chronos2/multivariate/Coastal_T_S/15T/short/run_0/metrics_summary.json
    Metrics summary (averaged over all series/windows/variates):
      MSE: 109.7022
      MAE: 4.6588
      RMSE: 4.8298
      MAPE: 0.1408
      sMAPE: 0.1191
      MASE: 1.1305
      ND: 0.1155
      CRPS: 0.0680
  Completed: 5 series × 120 windows
  Output: /fslarge/scratch/users/h61084/codes/improved/outputs/channels_comparison/tasks/multivariate/chronos2/multivariate/Coastal_T_S/15T/short/run_0

--- Term: medium ---
  Config: prediction_length=96, test_length=1440, val_length=1440
TIME run allocation action=recompute reuse_source=/scratch/users/h61084/codes/improved/outputs/foundation_models/tasks/chronos2/multivariate reason=No completed reuse source has the expected identity and scientific configuration below /fslarge/scratch/users/h61084/codes/improved/outputs/foundation_models/tasks/chronos2/multivariate
TIME run allocation action=new run=/fslarge/scratch/users/h61084/codes/improved/outputs/channels_comparison/tasks/multivariate/chronos2/multivariate/Coastal_T_S/15T/medium/run_0 launch_id=selena_channels_20260906T123412Z_1347 slurm_job_id=3163561 launched_at=2026-09-06T12:39:08.648205+00:00
  Initializing Chronos pipeline (/fslarge/scratch/users/h61084/weights/chronos2)...
  Dataset info:
    - Frequency: 15T
    - Num series: 5
    - Target dim: 3
    - Target mode: multivariate
    - Covariate channels: 0
    - Series length: min=16686, max=23134, avg=20870.2
    - Test split: 1440 steps
    - Prediction length: 96
    - Windows: 15
    Total instances: 75, Series during experiment: 5, Windows: 15
    Collecting ground truth and context...
    Organizing data into arrays...
    Saved predictions (quantiles) to /fslarge/scratch/users/h61084/codes/improved/outputs/channels_comparison/tasks/multivariate/chronos2/multivariate/Coastal_T_S/15T/medium/run_0/predictions.npz
    Computing per-window metrics...
    Saved metrics to /fslarge/scratch/users/h61084/codes/improved/outputs/channels_comparison/tasks/multivariate/chronos2/multivariate/Coastal_T_S/15T/medium/run_0/metrics.npz
    Saved config to /fslarge/scratch/users/h61084/codes/improved/outputs/channels_comparison/tasks/multivariate/chronos2/multivariate/Coastal_T_S/15T/medium/run_0/config.json
    Saved aggregate metrics to /fslarge/scratch/users/h61084/codes/improved/outputs/channels_comparison/tasks/multivariate/chronos2/multivariate/Coastal_T_S/15T/medium/run_0/metrics_summary.json
    Metrics summary (averaged over all series/windows/variates):
      MSE: 110.5401
      MAE: 4.7118
      RMSE: 4.8865
      MAPE: 0.1411
      sMAPE: 0.1210
      MASE: 1.2499
      ND: 0.1150
      CRPS: 0.0677
  Completed: 5 series × 15 windows
  Output: /fslarge/scratch/users/h61084/codes/improved/outputs/channels_comparison/tasks/multivariate/chronos2/multivariate/Coastal_T_S/15T/medium/run_0

--- Term: long ---
  Config: prediction_length=288, test_length=1440, val_length=1440
TIME run allocation action=recompute reuse_source=/scratch/users/h61084/codes/improved/outputs/foundation_models/tasks/chronos2/multivariate reason=No completed reuse source has the expected identity and scientific configuration below /fslarge/scratch/users/h61084/codes/improved/outputs/foundation_models/tasks/chronos2/multivariate
TIME run allocation action=new run=/fslarge/scratch/users/h61084/codes/improved/outputs/channels_comparison/tasks/multivariate/chronos2/multivariate/Coastal_T_S/15T/long/run_0 launch_id=selena_channels_20260906T123412Z_1347 slurm_job_id=3163561 launched_at=2026-09-06T12:39:10.038796+00:00
  Initializing Chronos pipeline (/fslarge/scratch/users/h61084/weights/chronos2)...
  Dataset info:
    - Frequency: 15T
    - Num series: 5
    - Target dim: 3
    - Target mode: multivariate
    - Covariate channels: 0
    - Series length: min=16686, max=23134, avg=20870.2
    - Test split: 1440 steps
    - Prediction length: 288
    - Windows: 5
    Total instances: 25, Series during experiment: 5, Windows: 5
    Collecting ground truth and context...
    Organizing data into arrays...
    Saved predictions (quantiles) to /fslarge/scratch/users/h61084/codes/improved/outputs/channels_comparison/tasks/multivariate/chronos2/multivariate/Coastal_T_S/15T/long/run_0/predictions.npz
    Computing per-window metrics...
    Saved metrics to /fslarge/scratch/users/h61084/codes/improved/outputs/channels_comparison/tasks/multivariate/chronos2/multivariate/Coastal_T_S/15T/long/run_0/metrics.npz
    Saved config to /fslarge/scratch/users/h61084/codes/improved/outputs/channels_comparison/tasks/multivariate/chronos2/multivariate/Coastal_T_S/15T/long/run_0/config.json
    Saved aggregate metrics to /fslarge/scratch/users/h61084/codes/improved/outputs/channels_comparison/tasks/multivariate/chronos2/multivariate/Coastal_T_S/15T/long/run_0/metrics_summary.json
    Metrics summary (averaged over all series/windows/variates):
      MSE: 108.2672
      MAE: 4.7441
      RMSE: 4.8773
      MAPE: 0.1428
      sMAPE: 0.1226
      MASE: 1.3876
      ND: 0.1164
      CRPS: 0.0690
  Completed: 5 series × 5 windows
  Output: /fslarge/scratch/users/h61084/codes/improved/outputs/channels_comparison/tasks/multivariate/chronos2/multivariate/Coastal_T_S/15T/long/run_0

============================================================
All experiments completed!
Results saved to: /scratch/users/h61084/codes/improved/outputs/channels_comparison/tasks/multivariate
============================================================

############################################################
# Dataset 9/38: Coastal_T_S/20T
############################################################
Loading configuration...

============================================================
Dataset: Coastal_T_S/20T
Model: amazon/chronos-2
Checkpoint: /fslarge/scratch/users/h61084/weights/chronos2
Terms: ['short', 'medium', 'long']
Covariate mode: none
============================================================

--- Term: short ---
  Config: prediction_length=9, test_length=1080, val_length=1080
TIME run allocation action=recompute reuse_source=/scratch/users/h61084/codes/improved/outputs/foundation_models/tasks/chronos2/multivariate reason=No completed reuse source has the expected identity and scientific configuration below /fslarge/scratch/users/h61084/codes/improved/outputs/foundation_models/tasks/chronos2/multivariate
TIME run allocation action=new run=/fslarge/scratch/users/h61084/codes/improved/outputs/channels_comparison/tasks/multivariate/chronos2/multivariate/Coastal_T_S/20T/short/run_0 launch_id=selena_channels_20260906T123412Z_1347 slurm_job_id=3163561 launched_at=2026-09-06T12:39:10.717215+00:00
  Initializing Chronos pipeline (/fslarge/scratch/users/h61084/weights/chronos2)...
  Dataset info:
    - Frequency: 20T
    - Num series: 1
    - Target dim: 3
    - Target mode: multivariate
    - Covariate channels: 0
    - Series length: min=8198, max=8198, avg=8198.0
    - Test split: 1080 steps
    - Prediction length: 9
    - Windows: 120
    Total instances: 120, Series during experiment: 1, Windows: 120
    Collecting ground truth and context...
    Organizing data into arrays...
    Saved predictions (quantiles) to /fslarge/scratch/users/h61084/codes/improved/outputs/channels_comparison/tasks/multivariate/chronos2/multivariate/Coastal_T_S/20T/short/run_0/predictions.npz
    Computing per-window metrics...
    Saved metrics to /fslarge/scratch/users/h61084/codes/improved/outputs/channels_comparison/tasks/multivariate/chronos2/multivariate/Coastal_T_S/20T/short/run_0/metrics.npz
    Saved config to /fslarge/scratch/users/h61084/codes/improved/outputs/channels_comparison/tasks/multivariate/chronos2/multivariate/Coastal_T_S/20T/short/run_0/config.json
    Saved aggregate metrics to /fslarge/scratch/users/h61084/codes/improved/outputs/channels_comparison/tasks/multivariate/chronos2/multivariate/Coastal_T_S/20T/short/run_0/metrics_summary.json
    Metrics summary (averaged over all series/windows/variates):
      MSE: 0.0067
      MAE: 0.0592
      RMSE: 0.0666
      MAPE: 0.0025
      sMAPE: 0.0025
      MASE: 0.4837
      ND: 0.0025
      CRPS: 0.0019
  Completed: 1 series × 120 windows
  Output: /fslarge/scratch/users/h61084/codes/improved/outputs/channels_comparison/tasks/multivariate/chronos2/multivariate/Coastal_T_S/20T/short/run_0

--- Term: medium ---
  Config: prediction_length=72, test_length=1080, val_length=1080
TIME run allocation action=recompute reuse_source=/scratch/users/h61084/codes/improved/outputs/foundation_models/tasks/chronos2/multivariate reason=No completed reuse source has the expected identity and scientific configuration below /fslarge/scratch/users/h61084/codes/improved/outputs/foundation_models/tasks/chronos2/multivariate
TIME run allocation action=new run=/fslarge/scratch/users/h61084/codes/improved/outputs/channels_comparison/tasks/multivariate/chronos2/multivariate/Coastal_T_S/20T/medium/run_0 launch_id=selena_channels_20260906T123412Z_1347 slurm_job_id=3163561 launched_at=2026-09-06T12:39:12.581290+00:00
  Initializing Chronos pipeline (/fslarge/scratch/users/h61084/weights/chronos2)...
  Dataset info:
    - Frequency: 20T
    - Num series: 1
    - Target dim: 3
    - Target mode: multivariate
    - Covariate channels: 0
    - Series length: min=8198, max=8198, avg=8198.0
    - Test split: 1080 steps
    - Prediction length: 72
    - Windows: 15
    Total instances: 15, Series during experiment: 1, Windows: 15
    Collecting ground truth and context...
    Organizing data into arrays...
    Saved predictions (quantiles) to /fslarge/scratch/users/h61084/codes/improved/outputs/channels_comparison/tasks/multivariate/chronos2/multivariate/Coastal_T_S/20T/medium/run_0/predictions.npz
    Computing per-window metrics...
    Saved metrics to /fslarge/scratch/users/h61084/codes/improved/outputs/channels_comparison/tasks/multivariate/chronos2/multivariate/Coastal_T_S/20T/medium/run_0/metrics.npz
    Saved config to /fslarge/scratch/users/h61084/codes/improved/outputs/channels_comparison/tasks/multivariate/chronos2/multivariate/Coastal_T_S/20T/medium/run_0/config.json
    Saved aggregate metrics to /fslarge/scratch/users/h61084/codes/improved/outputs/channels_comparison/tasks/multivariate/chronos2/multivariate/Coastal_T_S/20T/medium/run_0/metrics_summary.json
    Metrics summary (averaged over all series/windows/variates):
      MSE: 0.0283
      MAE: 0.1255
      RMSE: 0.1497
      MAPE: 0.0052
      sMAPE: 0.0052
      MASE: 0.9894
      ND: 0.0052
      CRPS: 0.0041
  Completed: 1 series × 15 windows
  Output: /fslarge/scratch/users/h61084/codes/improved/outputs/channels_comparison/tasks/multivariate/chronos2/multivariate/Coastal_T_S/20T/medium/run_0

--- Term: long ---
  Config: prediction_length=216, test_length=1080, val_length=1080
TIME run allocation action=recompute reuse_source=/scratch/users/h61084/codes/improved/outputs/foundation_models/tasks/chronos2/multivariate reason=No completed reuse source has the expected identity and scientific configuration below /fslarge/scratch/users/h61084/codes/improved/outputs/foundation_models/tasks/chronos2/multivariate
TIME run allocation action=new run=/fslarge/scratch/users/h61084/codes/improved/outputs/channels_comparison/tasks/multivariate/chronos2/multivariate/Coastal_T_S/20T/long/run_0 launch_id=selena_channels_20260906T123412Z_1347 slurm_job_id=3163561 launched_at=2026-09-06T12:39:13.185622+00:00
  Initializing Chronos pipeline (/fslarge/scratch/users/h61084/weights/chronos2)...
  Dataset info:
    - Frequency: 20T
    - Num series: 1
    - Target dim: 3
    - Target mode: multivariate
    - Covariate channels: 0
    - Series length: min=8198, max=8198, avg=8198.0
    - Test split: 1080 steps
    - Prediction length: 216
    - Windows: 5
    Total instances: 5, Series during experiment: 1, Windows: 5
    Collecting ground truth and context...
    Organizing data into arrays...
    Saved predictions (quantiles) to /fslarge/scratch/users/h61084/codes/improved/outputs/channels_comparison/tasks/multivariate/chronos2/multivariate/Coastal_T_S/20T/long/run_0/predictions.npz
    Computing per-window metrics...
    Saved metrics to /fslarge/scratch/users/h61084/codes/improved/outputs/channels_comparison/tasks/multivariate/chronos2/multivariate/Coastal_T_S/20T/long/run_0/metrics.npz
    Saved config to /fslarge/scratch/users/h61084/codes/improved/outputs/channels_comparison/tasks/multivariate/chronos2/multivariate/Coastal_T_S/20T/long/run_0/config.json
    Saved aggregate metrics to /fslarge/scratch/users/h61084/codes/improved/outputs/channels_comparison/tasks/multivariate/chronos2/multivariate/Coastal_T_S/20T/long/run_0/metrics_summary.json
    Metrics summary (averaged over all series/windows/variates):
      MSE: 0.0622
      MAE: 0.1744
      RMSE: 0.2171
      MAPE: 0.0070
      sMAPE: 0.0069
      MASE: 1.4011
      ND: 0.0069
      CRPS: 0.0055
  Completed: 1 series × 5 windows
  Output: /fslarge/scratch/users/h61084/codes/improved/outputs/channels_comparison/tasks/multivariate/chronos2/multivariate/Coastal_T_S/20T/long/run_0

============================================================
All experiments completed!
Results saved to: /scratch/users/h61084/codes/improved/outputs/channels_comparison/tasks/multivariate
============================================================

############################################################
# Dataset 10/38: Coastal_T_S/H
############################################################
Loading configuration...

============================================================
Dataset: Coastal_T_S/H
Model: amazon/chronos-2
Checkpoint: /fslarge/scratch/users/h61084/weights/chronos2
Terms: ['short', 'medium', 'long']
Covariate mode: none
============================================================

--- Term: short ---
  Config: prediction_length=24, test_length=672, val_length=672
TIME run allocation action=recompute reuse_source=/scratch/users/h61084/codes/improved/outputs/foundation_models/tasks/chronos2/multivariate reason=No completed reuse source has the expected identity and scientific configuration below /fslarge/scratch/users/h61084/codes/improved/outputs/foundation_models/tasks/chronos2/multivariate
TIME run allocation action=new run=/fslarge/scratch/users/h61084/codes/improved/outputs/channels_comparison/tasks/multivariate/chronos2/multivariate/Coastal_T_S/H/short/run_0 launch_id=selena_channels_20260906T123412Z_1347 slurm_job_id=3163561 launched_at=2026-09-06T12:39:13.673165+00:00
  Initializing Chronos pipeline (/fslarge/scratch/users/h61084/weights/chronos2)...
  Dataset info:
    - Frequency: H
    - Num series: 24
    - Target dim: 3
    - Target mode: multivariate
    - Covariate channels: 0
    - Series length: min=2733, max=8784, avg=5488.8
    - Test split: 672 steps
    - Prediction length: 24
    - Windows: 28
    Processed 160/672...
    Processed 320/672...
    Processed 480/672...
    Processed 640/672...
    Total instances: 672, Series during experiment: 24, Windows: 28
    Collecting ground truth and context...
    Organizing data into arrays...
    Saved predictions (quantiles) to /fslarge/scratch/users/h61084/codes/improved/outputs/channels_comparison/tasks/multivariate/chronos2/multivariate/Coastal_T_S/H/short/run_0/predictions.npz
    Computing per-window metrics...
    Saved metrics to /fslarge/scratch/users/h61084/codes/improved/outputs/channels_comparison/tasks/multivariate/chronos2/multivariate/Coastal_T_S/H/short/run_0/metrics.npz
    Saved config to /fslarge/scratch/users/h61084/codes/improved/outputs/channels_comparison/tasks/multivariate/chronos2/multivariate/Coastal_T_S/H/short/run_0/config.json
    Saved aggregate metrics to /fslarge/scratch/users/h61084/codes/improved/outputs/channels_comparison/tasks/multivariate/chronos2/multivariate/Coastal_T_S/H/short/run_0/metrics_summary.json
    Metrics summary (averaged over all series/windows/variates):
      MSE: 14.6389
      MAE: 1.0935
      RMSE: 1.3479
      MAPE: 0.0297
      sMAPE: 0.0279
      MASE: 0.9170
      ND: 0.0276
      CRPS: 0.0218
  Completed: 24 series × 28 windows
  Output: /fslarge/scratch/users/h61084/codes/improved/outputs/channels_comparison/tasks/multivariate/chronos2/multivariate/Coastal_T_S/H/short/run_0

--- Term: medium ---
  Config: prediction_length=168, test_length=672, val_length=672
TIME run allocation action=recompute reuse_source=/scratch/users/h61084/codes/improved/outputs/foundation_models/tasks/chronos2/multivariate reason=No completed reuse source has the expected identity and scientific configuration below /fslarge/scratch/users/h61084/codes/improved/outputs/foundation_models/tasks/chronos2/multivariate
TIME run allocation action=new run=/fslarge/scratch/users/h61084/codes/improved/outputs/channels_comparison/tasks/multivariate/chronos2/multivariate/Coastal_T_S/H/medium/run_0 launch_id=selena_channels_20260906T123412Z_1347 slurm_job_id=3163561 launched_at=2026-09-06T12:39:20.593620+00:00
  Initializing Chronos pipeline (/fslarge/scratch/users/h61084/weights/chronos2)...
  Dataset info:
    - Frequency: H
    - Num series: 24
    - Target dim: 3
    - Target mode: multivariate
    - Covariate channels: 0
    - Series length: min=2733, max=8784, avg=5488.8
    - Test split: 672 steps
    - Prediction length: 168
    - Windows: 4
    Total instances: 96, Series during experiment: 24, Windows: 4
    Collecting ground truth and context...
    Organizing data into arrays...
    Saved predictions (quantiles) to /fslarge/scratch/users/h61084/codes/improved/outputs/channels_comparison/tasks/multivariate/chronos2/multivariate/Coastal_T_S/H/medium/run_0/predictions.npz
    Computing per-window metrics...
    Saved metrics to /fslarge/scratch/users/h61084/codes/improved/outputs/channels_comparison/tasks/multivariate/chronos2/multivariate/Coastal_T_S/H/medium/run_0/metrics.npz
    Saved config to /fslarge/scratch/users/h61084/codes/improved/outputs/channels_comparison/tasks/multivariate/chronos2/multivariate/Coastal_T_S/H/medium/run_0/config.json
    Saved aggregate metrics to /fslarge/scratch/users/h61084/codes/improved/outputs/channels_comparison/tasks/multivariate/chronos2/multivariate/Coastal_T_S/H/medium/run_0/metrics_summary.json
    Metrics summary (averaged over all series/windows/variates):
      MSE: 21.6031
      MAE: 1.3657
      RMSE: 1.6965
      MAPE: 0.0417
      sMAPE: 0.0365
      MASE: 1.6186
      ND: 0.0394
      CRPS: 0.0319
  Completed: 24 series × 4 windows
  Output: /fslarge/scratch/users/h61084/codes/improved/outputs/channels_comparison/tasks/multivariate/chronos2/multivariate/Coastal_T_S/H/medium/run_0

--- Term: long ---
  Config: prediction_length=336, test_length=672, val_length=672
TIME run allocation action=recompute reuse_source=/scratch/users/h61084/codes/improved/outputs/foundation_models/tasks/chronos2/multivariate reason=No completed reuse source has the expected identity and scientific configuration below /fslarge/scratch/users/h61084/codes/improved/outputs/foundation_models/tasks/chronos2/multivariate
TIME run allocation action=new run=/fslarge/scratch/users/h61084/codes/improved/outputs/channels_comparison/tasks/multivariate/chronos2/multivariate/Coastal_T_S/H/long/run_0 launch_id=selena_channels_20260906T123412Z_1347 slurm_job_id=3163561 launched_at=2026-09-06T12:39:22.184915+00:00
  Initializing Chronos pipeline (/fslarge/scratch/users/h61084/weights/chronos2)...
  Dataset info:
    - Frequency: H
    - Num series: 24
    - Target dim: 3
    - Target mode: multivariate
    - Covariate channels: 0
    - Series length: min=2733, max=8784, avg=5488.8
    - Test split: 672 steps
    - Prediction length: 336
    - Windows: 2
    Total instances: 48, Series during experiment: 24, Windows: 2
    Collecting ground truth and context...
    Organizing data into arrays...
    Saved predictions (quantiles) to /fslarge/scratch/users/h61084/codes/improved/outputs/channels_comparison/tasks/multivariate/chronos2/multivariate/Coastal_T_S/H/long/run_0/predictions.npz
    Computing per-window metrics...
    Saved metrics to /fslarge/scratch/users/h61084/codes/improved/outputs/channels_comparison/tasks/multivariate/chronos2/multivariate/Coastal_T_S/H/long/run_0/metrics.npz
    Saved config to /fslarge/scratch/users/h61084/codes/improved/outputs/channels_comparison/tasks/multivariate/chronos2/multivariate/Coastal_T_S/H/long/run_0/config.json
    Saved aggregate metrics to /fslarge/scratch/users/h61084/codes/improved/outputs/channels_comparison/tasks/multivariate/chronos2/multivariate/Coastal_T_S/H/long/run_0/metrics_summary.json
    Metrics summary (averaged over all series/windows/variates):
      MSE: 23.2641
      MAE: 1.4689
      RMSE: 1.8648
      MAPE: 0.0475
      sMAPE: 0.0415
      MASE: 2.2994
      ND: 0.0420
      CRPS: 0.0344
  Completed: 24 series × 2 windows
  Output: /fslarge/scratch/users/h61084/codes/improved/outputs/channels_comparison/tasks/multivariate/chronos2/multivariate/Coastal_T_S/H/long/run_0

============================================================
All experiments completed!
Results saved to: /scratch/users/h61084/codes/improved/outputs/channels_comparison/tasks/multivariate
============================================================

############################################################
# Dataset 11/38: SG_Weather/D
############################################################
Loading configuration...

============================================================
Dataset: SG_Weather/D
Model: amazon/chronos-2
Checkpoint: /fslarge/scratch/users/h61084/weights/chronos2
Terms: ['short', 'medium', 'long']
Covariate mode: none
============================================================

--- Term: short ---
  Config: prediction_length=3, test_length=366, val_length=366
TIME run allocation action=recompute reuse_source=/scratch/users/h61084/codes/improved/outputs/foundation_models/tasks/chronos2/multivariate reason=No completed reuse source has the expected identity and scientific configuration below /fslarge/scratch/users/h61084/codes/improved/outputs/foundation_models/tasks/chronos2/multivariate
TIME run allocation action=new run=/fslarge/scratch/users/h61084/codes/improved/outputs/channels_comparison/tasks/multivariate/chronos2/multivariate/SG_Weather/D/short/run_0 launch_id=selena_channels_20260906T123412Z_1347 slurm_job_id=3163561 launched_at=2026-09-06T12:39:23.201373+00:00
  Initializing Chronos pipeline (/fslarge/scratch/users/h61084/weights/chronos2)...
  Dataset info:
    - Frequency: D
    - Num series: 6
    - Target dim: 4
    - Target mode: multivariate
    - Covariate channels: 0
    - Series length: min=2953, max=2953, avg=2953.0
    - Test split: 366 steps
    - Prediction length: 3
    - Windows: 122
    Processed 160/732...
    Processed 320/732...
    Processed 480/732...
    Processed 640/732...
    Total instances: 732, Series during experiment: 6, Windows: 122
    Collecting ground truth and context...
    Organizing data into arrays...
    Saved predictions (quantiles) to /fslarge/scratch/users/h61084/codes/improved/outputs/channels_comparison/tasks/multivariate/chronos2/multivariate/SG_Weather/D/short/run_0/predictions.npz
    Computing per-window metrics...
    Saved metrics to /fslarge/scratch/users/h61084/codes/improved/outputs/channels_comparison/tasks/multivariate/chronos2/multivariate/SG_Weather/D/short/run_0/metrics.npz
    Saved config to /fslarge/scratch/users/h61084/codes/improved/outputs/channels_comparison/tasks/multivariate/chronos2/multivariate/SG_Weather/D/short/run_0/config.json
    Saved aggregate metrics to /fslarge/scratch/users/h61084/codes/improved/outputs/channels_comparison/tasks/multivariate/chronos2/multivariate/SG_Weather/D/short/run_0/metrics_summary.json
    Metrics summary (averaged over all series/windows/variates):
      MSE: 2308.7725
      MAE: 17.0650
      RMSE: 20.1458
      MAPE: 0.3351
      sMAPE: 0.2199
      MASE: 0.8518
      ND: 0.2257
      CRPS: 0.1834
  Completed: 6 series × 122 windows
  Output: /fslarge/scratch/users/h61084/codes/improved/outputs/channels_comparison/tasks/multivariate/chronos2/multivariate/SG_Weather/D/short/run_0

--- Term: medium ---
  Config: prediction_length=7, test_length=366, val_length=366
TIME run allocation action=recompute reuse_source=/scratch/users/h61084/codes/improved/outputs/foundation_models/tasks/chronos2/multivariate reason=No completed reuse source has the expected identity and scientific configuration below /fslarge/scratch/users/h61084/codes/improved/outputs/foundation_models/tasks/chronos2/multivariate
TIME run allocation action=new run=/fslarge/scratch/users/h61084/codes/improved/outputs/channels_comparison/tasks/multivariate/chronos2/multivariate/SG_Weather/D/medium/run_0 launch_id=selena_channels_20260906T123412Z_1347 slurm_job_id=3163561 launched_at=2026-09-06T12:39:28.431575+00:00
  Initializing Chronos pipeline (/fslarge/scratch/users/h61084/weights/chronos2)...
  Dataset info:
    - Frequency: D
    - Num series: 6
    - Target dim: 4
    - Target mode: multivariate
    - Covariate channels: 0
    - Series length: min=2953, max=2953, avg=2953.0
    - Test split: 366 steps
    - Prediction length: 7
    - Windows: 52
    Processed 160/312...
    Processed 312/312...
    Total instances: 312, Series during experiment: 6, Windows: 52
    Collecting ground truth and context...
    Organizing data into arrays...
    Saved predictions (quantiles) to /fslarge/scratch/users/h61084/codes/improved/outputs/channels_comparison/tasks/multivariate/chronos2/multivariate/SG_Weather/D/medium/run_0/predictions.npz
    Computing per-window metrics...
    Saved metrics to /fslarge/scratch/users/h61084/codes/improved/outputs/channels_comparison/tasks/multivariate/chronos2/multivariate/SG_Weather/D/medium/run_0/metrics.npz
    Saved config to /fslarge/scratch/users/h61084/codes/improved/outputs/channels_comparison/tasks/multivariate/chronos2/multivariate/SG_Weather/D/medium/run_0/config.json
    Saved aggregate metrics to /fslarge/scratch/users/h61084/codes/improved/outputs/channels_comparison/tasks/multivariate/chronos2/multivariate/SG_Weather/D/medium/run_0/metrics_summary.json
    Metrics summary (averaged over all series/windows/variates):
      MSE: 2331.1481
      MAE: 17.3771
      RMSE: 22.2101
      MAPE: 0.3417
      sMAPE: 0.2239
      MASE: 0.8881
      ND: 0.2159
      CRPS: 0.1716
  Completed: 6 series × 52 windows
  Output: /fslarge/scratch/users/h61084/codes/improved/outputs/channels_comparison/tasks/multivariate/chronos2/multivariate/SG_Weather/D/medium/run_0

--- Term: long ---
  Config: prediction_length=14, test_length=366, val_length=366
TIME run allocation action=recompute reuse_source=/scratch/users/h61084/codes/improved/outputs/foundation_models/tasks/chronos2/multivariate reason=No completed reuse source has the expected identity and scientific configuration below /fslarge/scratch/users/h61084/codes/improved/outputs/foundation_models/tasks/chronos2/multivariate
TIME run allocation action=new run=/fslarge/scratch/users/h61084/codes/improved/outputs/channels_comparison/tasks/multivariate/chronos2/multivariate/SG_Weather/D/long/run_0 launch_id=selena_channels_20260906T123412Z_1347 slurm_job_id=3163561 launched_at=2026-09-06T12:39:30.873537+00:00
  Initializing Chronos pipeline (/fslarge/scratch/users/h61084/weights/chronos2)...
  Dataset info:
    - Frequency: D
    - Num series: 6
    - Target dim: 4
    - Target mode: multivariate
    - Covariate channels: 0
    - Series length: min=2953, max=2953, avg=2953.0
    - Test split: 366 steps
    - Prediction length: 14
    - Windows: 26
    Processed 156/156...
    Total instances: 156, Series during experiment: 6, Windows: 26
    Collecting ground truth and context...
    Organizing data into arrays...
    Saved predictions (quantiles) to /fslarge/scratch/users/h61084/codes/improved/outputs/channels_comparison/tasks/multivariate/chronos2/multivariate/SG_Weather/D/long/run_0/predictions.npz
    Computing per-window metrics...
    Saved metrics to /fslarge/scratch/users/h61084/codes/improved/outputs/channels_comparison/tasks/multivariate/chronos2/multivariate/SG_Weather/D/long/run_0/metrics.npz
    Saved config to /fslarge/scratch/users/h61084/codes/improved/outputs/channels_comparison/tasks/multivariate/chronos2/multivariate/SG_Weather/D/long/run_0/config.json
    Saved aggregate metrics to /fslarge/scratch/users/h61084/codes/improved/outputs/channels_comparison/tasks/multivariate/chronos2/multivariate/SG_Weather/D/long/run_0/metrics_summary.json
    Metrics summary (averaged over all series/windows/variates):
      MSE: 2302.8735
      MAE: 17.2973
      RMSE: 22.9371
      MAPE: 0.3422
      sMAPE: 0.2254
      MASE: 0.8997
      ND: 0.2133
      CRPS: 0.1689
  Completed: 6 series × 26 windows
  Output: /fslarge/scratch/users/h61084/codes/improved/outputs/channels_comparison/tasks/multivariate/chronos2/multivariate/SG_Weather/D/long/run_0

============================================================
All experiments completed!
Results saved to: /scratch/users/h61084/codes/improved/outputs/channels_comparison/tasks/multivariate
============================================================

############################################################
# Dataset 12/38: SG_PM25/H
############################################################
Loading configuration...

============================================================
Dataset: SG_PM25/H
Model: amazon/chronos-2
Checkpoint: /fslarge/scratch/users/h61084/weights/chronos2
Terms: ['short', 'medium', 'long']
Covariate mode: none
============================================================

--- Term: short ---
  Config: prediction_length=24, test_length=2208, val_length=2160
TIME run allocation action=recompute reuse_source=/scratch/users/h61084/codes/improved/outputs/foundation_models/tasks/chronos2/multivariate reason=No completed reuse source has the expected identity and scientific configuration below /fslarge/scratch/users/h61084/codes/improved/outputs/foundation_models/tasks/chronos2/multivariate
TIME run allocation action=new run=/fslarge/scratch/users/h61084/codes/improved/outputs/channels_comparison/tasks/multivariate/chronos2/multivariate/SG_PM25/H/short/run_0 launch_id=selena_channels_20260906T123412Z_1347 slurm_job_id=3163561 launched_at=2026-09-06T12:39:32.322117+00:00
  Initializing Chronos pipeline (/fslarge/scratch/users/h61084/weights/chronos2)...
  Dataset info:
    - Frequency: H
    - Num series: 1
    - Target dim: 5
    - Target mode: multivariate
    - Covariate channels: 0
    - Series length: min=38688, max=38688, avg=38688.0
    - Test split: 2208 steps
    - Prediction length: 24
    - Windows: 92
    Total instances: 92, Series during experiment: 1, Windows: 92
    Collecting ground truth and context...
    Organizing data into arrays...
    Saved predictions (quantiles) to /fslarge/scratch/users/h61084/codes/improved/outputs/channels_comparison/tasks/multivariate/chronos2/multivariate/SG_PM25/H/short/run_0/predictions.npz
    Computing per-window metrics...
    Saved metrics to /fslarge/scratch/users/h61084/codes/improved/outputs/channels_comparison/tasks/multivariate/chronos2/multivariate/SG_PM25/H/short/run_0/metrics.npz
    Saved config to /fslarge/scratch/users/h61084/codes/improved/outputs/channels_comparison/tasks/multivariate/chronos2/multivariate/SG_PM25/H/short/run_0/config.json
    Saved aggregate metrics to /fslarge/scratch/users/h61084/codes/improved/outputs/channels_comparison/tasks/multivariate/chronos2/multivariate/SG_PM25/H/short/run_0/metrics_summary.json
    Metrics summary (averaged over all series/windows/variates):
      MSE: 40.1058
      MAE: 4.5733
      RMSE: 5.6619
      MAPE: 0.4851
      sMAPE: 0.3903
      MASE: 0.8698
      ND: 0.3863
      CRPS: 0.3004
  Completed: 1 series × 92 windows
  Output: /fslarge/scratch/users/h61084/codes/improved/outputs/channels_comparison/tasks/multivariate/chronos2/multivariate/SG_PM25/H/short/run_0

--- Term: medium ---
  Config: prediction_length=72, test_length=2208, val_length=2160
TIME run allocation action=recompute reuse_source=/scratch/users/h61084/codes/improved/outputs/foundation_models/tasks/chronos2/multivariate reason=No completed reuse source has the expected identity and scientific configuration below /fslarge/scratch/users/h61084/codes/improved/outputs/foundation_models/tasks/chronos2/multivariate
TIME run allocation action=new run=/fslarge/scratch/users/h61084/codes/improved/outputs/channels_comparison/tasks/multivariate/chronos2/multivariate/SG_PM25/H/medium/run_0 launch_id=selena_channels_20260906T123412Z_1347 slurm_job_id=3163561 launched_at=2026-09-06T12:39:34.892262+00:00
  Initializing Chronos pipeline (/fslarge/scratch/users/h61084/weights/chronos2)...
  Dataset info:
    - Frequency: H
    - Num series: 1
    - Target dim: 5
    - Target mode: multivariate
    - Covariate channels: 0
    - Series length: min=38688, max=38688, avg=38688.0
    - Test split: 2208 steps
    - Prediction length: 72
    - Windows: 30
    Total instances: 30, Series during experiment: 1, Windows: 30
    Collecting ground truth and context...
    Organizing data into arrays...
    Saved predictions (quantiles) to /fslarge/scratch/users/h61084/codes/improved/outputs/channels_comparison/tasks/multivariate/chronos2/multivariate/SG_PM25/H/medium/run_0/predictions.npz
    Computing per-window metrics...
    Saved metrics to /fslarge/scratch/users/h61084/codes/improved/outputs/channels_comparison/tasks/multivariate/chronos2/multivariate/SG_PM25/H/medium/run_0/metrics.npz
    Saved config to /fslarge/scratch/users/h61084/codes/improved/outputs/channels_comparison/tasks/multivariate/chronos2/multivariate/SG_PM25/H/medium/run_0/config.json
    Saved aggregate metrics to /fslarge/scratch/users/h61084/codes/improved/outputs/channels_comparison/tasks/multivariate/chronos2/multivariate/SG_PM25/H/medium/run_0/metrics_summary.json
    Metrics summary (averaged over all series/windows/variates):
      MSE: 46.9083
      MAE: 4.8729
      RMSE: 6.2525
      MAPE: 0.4988
      sMAPE: 0.4131
      MASE: 0.9263
      ND: 0.3971
      CRPS: 0.3107
  Completed: 1 series × 30 windows
  Output: /fslarge/scratch/users/h61084/codes/improved/outputs/channels_comparison/tasks/multivariate/chronos2/multivariate/SG_PM25/H/medium/run_0

--- Term: long ---
  Config: prediction_length=168, test_length=2208, val_length=2160
TIME run allocation action=recompute reuse_source=/scratch/users/h61084/codes/improved/outputs/foundation_models/tasks/chronos2/multivariate reason=No completed reuse source has the expected identity and scientific configuration below /fslarge/scratch/users/h61084/codes/improved/outputs/foundation_models/tasks/chronos2/multivariate
TIME run allocation action=new run=/fslarge/scratch/users/h61084/codes/improved/outputs/channels_comparison/tasks/multivariate/chronos2/multivariate/SG_PM25/H/long/run_0 launch_id=selena_channels_20260906T123412Z_1347 slurm_job_id=3163561 launched_at=2026-09-06T12:39:35.908685+00:00
  Initializing Chronos pipeline (/fslarge/scratch/users/h61084/weights/chronos2)...
  Dataset info:
    - Frequency: H
    - Num series: 1
    - Target dim: 5
    - Target mode: multivariate
    - Covariate channels: 0
    - Series length: min=38688, max=38688, avg=38688.0
    - Test split: 2208 steps
    - Prediction length: 168
    - Windows: 13
    Total instances: 13, Series during experiment: 1, Windows: 13
    Collecting ground truth and context...
    Organizing data into arrays...
    Saved predictions (quantiles) to /fslarge/scratch/users/h61084/codes/improved/outputs/channels_comparison/tasks/multivariate/chronos2/multivariate/SG_PM25/H/long/run_0/predictions.npz
    Computing per-window metrics...
    Saved metrics to /fslarge/scratch/users/h61084/codes/improved/outputs/channels_comparison/tasks/multivariate/chronos2/multivariate/SG_PM25/H/long/run_0/metrics.npz
    Saved config to /fslarge/scratch/users/h61084/codes/improved/outputs/channels_comparison/tasks/multivariate/chronos2/multivariate/SG_PM25/H/long/run_0/config.json
    Saved aggregate metrics to /fslarge/scratch/users/h61084/codes/improved/outputs/channels_comparison/tasks/multivariate/chronos2/multivariate/SG_PM25/H/long/run_0/metrics_summary.json
    Metrics summary (averaged over all series/windows/variates):
      MSE: 49.7647
      MAE: 5.0552
      RMSE: 6.6385
      MAPE: 0.5207
      sMAPE: 0.4262
      MASE: 0.9614
      ND: 0.4102
      CRPS: 0.3205
  Completed: 1 series × 13 windows
  Output: /fslarge/scratch/users/h61084/codes/improved/outputs/channels_comparison/tasks/multivariate/chronos2/multivariate/SG_PM25/H/long/run_0

============================================================
All experiments completed!
Results saved to: /scratch/users/h61084/codes/improved/outputs/channels_comparison/tasks/multivariate
============================================================

############################################################
# Dataset 13/38: NE_China_Wind/H
############################################################
Loading configuration...

============================================================
Dataset: NE_China_Wind/H
Model: amazon/chronos-2
Checkpoint: /fslarge/scratch/users/h61084/weights/chronos2
Terms: ['short', 'medium', 'long']
Covariate mode: none
============================================================

--- Term: short ---
  Config: prediction_length=24, test_length=720, val_length=720
TIME run allocation action=recompute reuse_source=/scratch/users/h61084/codes/improved/outputs/foundation_models/tasks/chronos2/multivariate reason=No completed reuse source has the expected identity and scientific configuration below /fslarge/scratch/users/h61084/codes/improved/outputs/foundation_models/tasks/chronos2/multivariate
TIME run allocation action=new run=/fslarge/scratch/users/h61084/codes/improved/outputs/channels_comparison/tasks/multivariate/chronos2/multivariate/NE_China_Wind/H/short/run_0 launch_id=selena_channels_20260906T123412Z_1347 slurm_job_id=3163561 launched_at=2026-09-06T12:39:36.533966+00:00
  Initializing Chronos pipeline (/fslarge/scratch/users/h61084/weights/chronos2)...
  Dataset info:
    - Frequency: H
    - Num series: 1
    - Target dim: 4
    - Target mode: multivariate
    - Covariate channels: 0
    - Series length: min=8764, max=8764, avg=8764.0
    - Test split: 720 steps
    - Prediction length: 24
    - Windows: 30
    Total instances: 30, Series during experiment: 1, Windows: 30
    Collecting ground truth and context...
    Organizing data into arrays...
    Saved predictions (quantiles) to /fslarge/scratch/users/h61084/codes/improved/outputs/channels_comparison/tasks/multivariate/chronos2/multivariate/NE_China_Wind/H/short/run_0/predictions.npz
    Computing per-window metrics...
    Saved metrics to /fslarge/scratch/users/h61084/codes/improved/outputs/channels_comparison/tasks/multivariate/chronos2/multivariate/NE_China_Wind/H/short/run_0/metrics.npz
    Saved config to /fslarge/scratch/users/h61084/codes/improved/outputs/channels_comparison/tasks/multivariate/chronos2/multivariate/NE_China_Wind/H/short/run_0/config.json
    Saved aggregate metrics to /fslarge/scratch/users/h61084/codes/improved/outputs/channels_comparison/tasks/multivariate/chronos2/multivariate/NE_China_Wind/H/short/run_0/metrics_summary.json
    Metrics summary (averaged over all series/windows/variates):
      MSE: 0.0931
      MAE: 0.2095
      RMSE: 0.2445
      MAPE: 0.8137
      sMAPE: 0.4872
      MASE: 0.4965
      ND: 0.4290
      CRPS: 0.3306
  Completed: 1 series × 30 windows
  Output: /fslarge/scratch/users/h61084/codes/improved/outputs/channels_comparison/tasks/multivariate/chronos2/multivariate/NE_China_Wind/H/short/run_0

--- Term: medium ---
  Config: prediction_length=72, test_length=720, val_length=720
TIME run allocation action=recompute reuse_source=/scratch/users/h61084/codes/improved/outputs/foundation_models/tasks/chronos2/multivariate reason=No completed reuse source has the expected identity and scientific configuration below /fslarge/scratch/users/h61084/codes/improved/outputs/foundation_models/tasks/chronos2/multivariate
TIME run allocation action=new run=/fslarge/scratch/users/h61084/codes/improved/outputs/channels_comparison/tasks/multivariate/chronos2/multivariate/NE_China_Wind/H/medium/run_0 launch_id=selena_channels_20260906T123412Z_1347 slurm_job_id=3163561 launched_at=2026-09-06T12:39:37.348320+00:00
  Initializing Chronos pipeline (/fslarge/scratch/users/h61084/weights/chronos2)...
  Dataset info:
    - Frequency: H
    - Num series: 1
    - Target dim: 4
    - Target mode: multivariate
    - Covariate channels: 0
    - Series length: min=8764, max=8764, avg=8764.0
    - Test split: 720 steps
    - Prediction length: 72
    - Windows: 10
    Total instances: 10, Series during experiment: 1, Windows: 10
    Collecting ground truth and context...
    Organizing data into arrays...
    Saved predictions (quantiles) to /fslarge/scratch/users/h61084/codes/improved/outputs/channels_comparison/tasks/multivariate/chronos2/multivariate/NE_China_Wind/H/medium/run_0/predictions.npz
    Computing per-window metrics...
    Saved metrics to /fslarge/scratch/users/h61084/codes/improved/outputs/channels_comparison/tasks/multivariate/chronos2/multivariate/NE_China_Wind/H/medium/run_0/metrics.npz
    Saved config to /fslarge/scratch/users/h61084/codes/improved/outputs/channels_comparison/tasks/multivariate/chronos2/multivariate/NE_China_Wind/H/medium/run_0/config.json
    Saved aggregate metrics to /fslarge/scratch/users/h61084/codes/improved/outputs/channels_comparison/tasks/multivariate/chronos2/multivariate/NE_China_Wind/H/medium/run_0/metrics_summary.json
    Metrics summary (averaged over all series/windows/variates):
      MSE: 0.2316
      MAE: 0.3572
      RMSE: 0.4160
      MAPE: 1.0228
      sMAPE: 0.6707
      MASE: 0.8915
      ND: 0.5559
      CRPS: 0.4291
  Completed: 1 series × 10 windows
  Output: /fslarge/scratch/users/h61084/codes/improved/outputs/channels_comparison/tasks/multivariate/chronos2/multivariate/NE_China_Wind/H/medium/run_0

--- Term: long ---
  Config: prediction_length=168, test_length=720, val_length=720
TIME run allocation action=recompute reuse_source=/scratch/users/h61084/codes/improved/outputs/foundation_models/tasks/chronos2/multivariate reason=No completed reuse source has the expected identity and scientific configuration below /fslarge/scratch/users/h61084/codes/improved/outputs/foundation_models/tasks/chronos2/multivariate
TIME run allocation action=new run=/fslarge/scratch/users/h61084/codes/improved/outputs/channels_comparison/tasks/multivariate/chronos2/multivariate/NE_China_Wind/H/long/run_0 launch_id=selena_channels_20260906T123412Z_1347 slurm_job_id=3163561 launched_at=2026-09-06T12:39:37.799545+00:00
  Initializing Chronos pipeline (/fslarge/scratch/users/h61084/weights/chronos2)...
  Dataset info:
    - Frequency: H
    - Num series: 1
    - Target dim: 4
    - Target mode: multivariate
    - Covariate channels: 0
    - Series length: min=8764, max=8764, avg=8764.0
    - Test split: 720 steps
    - Prediction length: 168
    - Windows: 4
    Total instances: 4, Series during experiment: 1, Windows: 4
    Collecting ground truth and context...
    Organizing data into arrays...
    Saved predictions (quantiles) to /fslarge/scratch/users/h61084/codes/improved/outputs/channels_comparison/tasks/multivariate/chronos2/multivariate/NE_China_Wind/H/long/run_0/predictions.npz
    Computing per-window metrics...
    Saved metrics to /fslarge/scratch/users/h61084/codes/improved/outputs/channels_comparison/tasks/multivariate/chronos2/multivariate/NE_China_Wind/H/long/run_0/metrics.npz
    Saved config to /fslarge/scratch/users/h61084/codes/improved/outputs/channels_comparison/tasks/multivariate/chronos2/multivariate/NE_China_Wind/H/long/run_0/config.json
    Saved aggregate metrics to /fslarge/scratch/users/h61084/codes/improved/outputs/channels_comparison/tasks/multivariate/chronos2/multivariate/NE_China_Wind/H/long/run_0/metrics_summary.json
    Metrics summary (averaged over all series/windows/variates):
      MSE: 0.3222
      MAE: 0.4338
      RMSE: 0.5265
      MAPE: 1.2405
      sMAPE: 0.7653
      MASE: 1.2036
      ND: 0.5948
      CRPS: 0.4705
  Completed: 1 series × 4 windows
  Output: /fslarge/scratch/users/h61084/codes/improved/outputs/channels_comparison/tasks/multivariate/chronos2/multivariate/NE_China_Wind/H/long/run_0

============================================================
All experiments completed!
Results saved to: /scratch/users/h61084/codes/improved/outputs/channels_comparison/tasks/multivariate
============================================================

############################################################
# Dataset 14/38: Australia_Solar/H
############################################################
Loading configuration...

============================================================
Dataset: Australia_Solar/H
Model: amazon/chronos-2
Checkpoint: /fslarge/scratch/users/h61084/weights/chronos2
Terms: ['short', 'medium', 'long']
Covariate mode: none
============================================================

--- Term: short ---
  Config: prediction_length=24, test_length=2520, val_length=2520
TIME run allocation action=recompute reuse_source=/scratch/users/h61084/codes/improved/outputs/foundation_models/tasks/chronos2/multivariate reason=No completed reuse source has the expected identity and scientific configuration below /fslarge/scratch/users/h61084/codes/improved/outputs/foundation_models/tasks/chronos2/multivariate
TIME run allocation action=new run=/fslarge/scratch/users/h61084/codes/improved/outputs/channels_comparison/tasks/multivariate/chronos2/multivariate/Australia_Solar/H/short/run_0 launch_id=selena_channels_20260906T123412Z_1347 slurm_job_id=3163561 launched_at=2026-09-06T12:39:38.180296+00:00
  Initializing Chronos pipeline (/fslarge/scratch/users/h61084/weights/chronos2)...
  Dataset info:
    - Frequency: H
    - Num series: 1
    - Target dim: 3
    - Target mode: multivariate
    - Covariate channels: 0
    - Series length: min=35064, max=35064, avg=35064.0
    - Test split: 2520 steps
    - Prediction length: 24
    - Windows: 105
    Total instances: 105, Series during experiment: 1, Windows: 105
    Collecting ground truth and context...
    Organizing data into arrays...
    ⚠️  Predictions max value (2304407.25) exceeds float16 safe range.
    ⚠️  Applying scale factor: 100 (values will be divided)
    Saved predictions (quantiles) to /fslarge/scratch/users/h61084/codes/improved/outputs/channels_comparison/tasks/multivariate/chronos2/multivariate/Australia_Solar/H/short/run_0/predictions.npz
    Computing per-window metrics...
    Saved metrics to /fslarge/scratch/users/h61084/codes/improved/outputs/channels_comparison/tasks/multivariate/chronos2/multivariate/Australia_Solar/H/short/run_0/metrics.npz
    Saved config to /fslarge/scratch/users/h61084/codes/improved/outputs/channels_comparison/tasks/multivariate/chronos2/multivariate/Australia_Solar/H/short/run_0/config.json
    Saved aggregate metrics to /fslarge/scratch/users/h61084/codes/improved/outputs/channels_comparison/tasks/multivariate/chronos2/multivariate/Australia_Solar/H/short/run_0/metrics_summary.json
    Metrics summary (averaged over all series/windows/variates):
      MSE: 25457929678.3730
      MAE: 79236.3835
      RMSE: 104332.6507
      MAPE: 180.2696
      sMAPE: 0.5781
      MASE: 1.0802
      ND: 0.3188
      CRPS: 0.2583
  Completed: 1 series × 105 windows
  Output: /fslarge/scratch/users/h61084/codes/improved/outputs/channels_comparison/tasks/multivariate/chronos2/multivariate/Australia_Solar/H/short/run_0

--- Term: medium ---
  Config: prediction_length=72, test_length=2520, val_length=2520
TIME run allocation action=recompute reuse_source=/scratch/users/h61084/codes/improved/outputs/foundation_models/tasks/chronos2/multivariate reason=No completed reuse source has the expected identity and scientific configuration below /fslarge/scratch/users/h61084/codes/improved/outputs/foundation_models/tasks/chronos2/multivariate
TIME run allocation action=new run=/fslarge/scratch/users/h61084/codes/improved/outputs/channels_comparison/tasks/multivariate/chronos2/multivariate/Australia_Solar/H/medium/run_0 launch_id=selena_channels_20260906T123412Z_1347 slurm_job_id=3163561 launched_at=2026-09-06T12:39:39.994029+00:00
  Initializing Chronos pipeline (/fslarge/scratch/users/h61084/weights/chronos2)...
  Dataset info:
    - Frequency: H
    - Num series: 1
    - Target dim: 3
    - Target mode: multivariate
    - Covariate channels: 0
    - Series length: min=35064, max=35064, avg=35064.0
    - Test split: 2520 steps
    - Prediction length: 72
    - Windows: 35
    Total instances: 35, Series during experiment: 1, Windows: 35
    Collecting ground truth and context...
    Organizing data into arrays...
    ⚠️  Predictions max value (2562082.00) exceeds float16 safe range.
    ⚠️  Applying scale factor: 100 (values will be divided)
    Saved predictions (quantiles) to /fslarge/scratch/users/h61084/codes/improved/outputs/channels_comparison/tasks/multivariate/chronos2/multivariate/Australia_Solar/H/medium/run_0/predictions.npz
    Computing per-window metrics...
    Saved metrics to /fslarge/scratch/users/h61084/codes/improved/outputs/channels_comparison/tasks/multivariate/chronos2/multivariate/Australia_Solar/H/medium/run_0/metrics.npz
    Saved config to /fslarge/scratch/users/h61084/codes/improved/outputs/channels_comparison/tasks/multivariate/chronos2/multivariate/Australia_Solar/H/medium/run_0/config.json
    Saved aggregate metrics to /fslarge/scratch/users/h61084/codes/improved/outputs/channels_comparison/tasks/multivariate/chronos2/multivariate/Australia_Solar/H/medium/run_0/metrics_summary.json
    Metrics summary (averaged over all series/windows/variates):
      MSE: 28588427483.5201
      MAE: 84487.3575
      RMSE: 124650.6582
      MAPE: 189.1873
      sMAPE: 0.5966
      MASE: 1.1800
      ND: 0.2856
      CRPS: 0.2250
  Completed: 1 series × 35 windows
  Output: /fslarge/scratch/users/h61084/codes/improved/outputs/channels_comparison/tasks/multivariate/chronos2/multivariate/Australia_Solar/H/medium/run_0

--- Term: long ---
  Config: prediction_length=168, test_length=2520, val_length=2520
TIME run allocation action=recompute reuse_source=/scratch/users/h61084/codes/improved/outputs/foundation_models/tasks/chronos2/multivariate reason=No completed reuse source has the expected identity and scientific configuration below /fslarge/scratch/users/h61084/codes/improved/outputs/foundation_models/tasks/chronos2/multivariate
TIME run allocation action=new run=/fslarge/scratch/users/h61084/codes/improved/outputs/channels_comparison/tasks/multivariate/chronos2/multivariate/Australia_Solar/H/long/run_0 launch_id=selena_channels_20260906T123412Z_1347 slurm_job_id=3163561 launched_at=2026-09-06T12:39:40.781176+00:00
  Initializing Chronos pipeline (/fslarge/scratch/users/h61084/weights/chronos2)...
  Dataset info:
    - Frequency: H
    - Num series: 1
    - Target dim: 3
    - Target mode: multivariate
    - Covariate channels: 0
    - Series length: min=35064, max=35064, avg=35064.0
    - Test split: 2520 steps
    - Prediction length: 168
    - Windows: 15
    Total instances: 15, Series during experiment: 1, Windows: 15
    Collecting ground truth and context...
    Organizing data into arrays...
    ⚠️  Predictions max value (2639203.75) exceeds float16 safe range.
    ⚠️  Applying scale factor: 100 (values will be divided)
    Saved predictions (quantiles) to /fslarge/scratch/users/h61084/codes/improved/outputs/channels_comparison/tasks/multivariate/chronos2/multivariate/Australia_Solar/H/long/run_0/predictions.npz
    Computing per-window metrics...
    Saved metrics to /fslarge/scratch/users/h61084/codes/improved/outputs/channels_comparison/tasks/multivariate/chronos2/multivariate/Australia_Solar/H/long/run_0/metrics.npz
    Saved config to /fslarge/scratch/users/h61084/codes/improved/outputs/channels_comparison/tasks/multivariate/chronos2/multivariate/Australia_Solar/H/long/run_0/config.json
    Saved aggregate metrics to /fslarge/scratch/users/h61084/codes/improved/outputs/channels_comparison/tasks/multivariate/chronos2/multivariate/Australia_Solar/H/long/run_0/metrics_summary.json
    Metrics summary (averaged over all series/windows/variates):
      MSE: 30017692825.2820
      MAE: 84020.8932
      RMSE: 131767.4597
      MAPE: 208.0527
      sMAPE: 0.5928
      MASE: 1.2018
      ND: 0.2688
      CRPS: 0.2103
  Completed: 1 series × 15 windows
  Output: /fslarge/scratch/users/h61084/codes/improved/outputs/channels_comparison/tasks/multivariate/chronos2/multivariate/Australia_Solar/H/long/run_0

============================================================
All experiments completed!
Results saved to: /scratch/users/h61084/codes/improved/outputs/channels_comparison/tasks/multivariate
============================================================

############################################################
# Dataset 15/38: OpenElectricity_NEM/5T
############################################################
Loading configuration...

============================================================
Dataset: OpenElectricity_NEM/5T
Model: amazon/chronos-2
Checkpoint: /fslarge/scratch/users/h61084/weights/chronos2
Terms: ['short', 'medium', 'long']
Covariate mode: none
============================================================

--- Term: short ---
  Config: prediction_length=24, test_length=4032, val_length=4032
TIME run allocation action=recompute reuse_source=/scratch/users/h61084/codes/improved/outputs/foundation_models/tasks/chronos2/multivariate reason=No completed reuse source has the expected identity and scientific configuration below /fslarge/scratch/users/h61084/codes/improved/outputs/foundation_models/tasks/chronos2/multivariate
TIME run allocation action=new run=/fslarge/scratch/users/h61084/codes/improved/outputs/channels_comparison/tasks/multivariate/chronos2/multivariate/OpenElectricity_NEM/5T/short/run_0 launch_id=selena_channels_20260906T123412Z_1347 slurm_job_id=3163561 launched_at=2026-09-06T12:39:41.468279+00:00
  Initializing Chronos pipeline (/fslarge/scratch/users/h61084/weights/chronos2)...
