2026-09-06 15:26:58 | workflow channels_comparison started launch_id=selena_channels_20260906T123941Z_31210 task=univariate slurm_job_id=3164005 slurm_array_job_id=none slurm_array_task_id=none
2026-09-06 15:26:58 | stage evaluate started
2026-09-06 15:26:58 | task chronos2 comparison=univariate covariate_mode=none target_mode=univariate started
[2026-09-06 15:26:58] TIME runner: run_chronos2_comparison.sh
[2026-09-06 15:26:58] datasets: /scratch/users/h61084/datasets/hf_dataset
[2026-09-06 15:26:58] weights: /scratch/users/h61084/weights
[2026-09-06 15:26:58] outputs: /scratch/users/h61084/codes/improved/outputs
[2026-09-06 15:26:58] covariate mode: none
[2026-09-06 15:26:58] target mode: univariate
Running all 38 datasets from config:
  - Water_Quality_Darwin/15T
  - current_velocity/5T
  - current_velocity/10T
  - current_velocity/15T
  - current_velocity/20T
  - current_velocity/H
  - Coastal_T_S/5T
  - Coastal_T_S/15T
  - Coastal_T_S/20T
  - Coastal_T_S/H
  - SG_Weather/D
  - SG_PM25/H
  - NE_China_Wind/H
  - Australia_Solar/H
  - OpenElectricity_NEM/5T
  - EWELD_Load/15T
  - Port_Activity/D
  - Port_Activity/W
  - Global_Influenza/W
  - Crypto/D
  - US_Term_Structure/B
  - Oil_Price/B
  - Job_Claims/W
  - Uncertainty_1M/M
  - Housing_Inventory/M
  - JOLTS/M
  - US_Labor/M
  - Vehicle_Supply/M
  - WUI_Global/Q
  - Global_Price/Q
  - Vehicle_Sales/M
  - Supply_Chain_Customer/D
  - Supply_Chain_Location/D
  - azure2019_D/5T
  - azure2019_I/5T
  - azure2019_U/5T
  - Smart_Manufacturing/H
  - MetroPT-3/5T

############################################################
# Dataset 1/38: Water_Quality_Darwin/15T
############################################################
Loading configuration...

============================================================
Dataset: Water_Quality_Darwin/15T
Model: amazon/chronos-2
Checkpoint: /fslarge/scratch/users/h61084/weights/chronos2
Terms: ['short', 'medium', 'long']
Covariate mode: none
============================================================

--- Term: short ---
  Config: prediction_length=16, test_length=1440, val_length=1440
TIME run allocation action=skip run=/fslarge/scratch/users/h61084/codes/improved/outputs/channels_comparison/tasks/univariate/chronos2/univariate/Water_Quality_Darwin/15T/short/run_0 source_launch=selena_channels_20260906T123412Z_1347 launch_id=selena_channels_20260906T123941Z_31210 slurm_job_id=3164005 launched_at=2026-09-06T13:27:17.516564+00:00
  Reused completed task: /fslarge/scratch/users/h61084/codes/improved/outputs/channels_comparison/tasks/univariate/chronos2/univariate/Water_Quality_Darwin/15T/short/run_0

--- Term: medium ---
  Config: prediction_length=96, test_length=1440, val_length=1440
TIME run allocation action=skip run=/fslarge/scratch/users/h61084/codes/improved/outputs/channels_comparison/tasks/univariate/chronos2/univariate/Water_Quality_Darwin/15T/medium/run_0 source_launch=selena_channels_20260906T123412Z_1347 launch_id=selena_channels_20260906T123941Z_31210 slurm_job_id=3164005 launched_at=2026-09-06T13:27:17.543677+00:00
  Reused completed task: /fslarge/scratch/users/h61084/codes/improved/outputs/channels_comparison/tasks/univariate/chronos2/univariate/Water_Quality_Darwin/15T/medium/run_0

--- Term: long ---
  Config: prediction_length=288, test_length=1440, val_length=1440
TIME run allocation action=skip run=/fslarge/scratch/users/h61084/codes/improved/outputs/channels_comparison/tasks/univariate/chronos2/univariate/Water_Quality_Darwin/15T/long/run_0 source_launch=selena_channels_20260906T123412Z_1347 launch_id=selena_channels_20260906T123941Z_31210 slurm_job_id=3164005 launched_at=2026-09-06T13:27:17.571044+00:00
  Reused completed task: /fslarge/scratch/users/h61084/codes/improved/outputs/channels_comparison/tasks/univariate/chronos2/univariate/Water_Quality_Darwin/15T/long/run_0

============================================================
All experiments completed!
Results saved to: /scratch/users/h61084/codes/improved/outputs/channels_comparison/tasks/univariate
============================================================

############################################################
# Dataset 2/38: current_velocity/5T
############################################################
Loading configuration...

============================================================
Dataset: current_velocity/5T
Model: amazon/chronos-2
Checkpoint: /fslarge/scratch/users/h61084/weights/chronos2
Terms: ['short', 'medium', 'long']
Covariate mode: none
============================================================

--- Term: short ---
  Config: prediction_length=36, test_length=4320, val_length=4320
TIME run allocation action=skip run=/fslarge/scratch/users/h61084/codes/improved/outputs/channels_comparison/tasks/univariate/chronos2/univariate/current_velocity/5T/short/run_0 source_launch=selena_channels_20260906T123412Z_1347 launch_id=selena_channels_20260906T123941Z_31210 slurm_job_id=3164005 launched_at=2026-09-06T13:27:17.623821+00:00
  Reused completed task: /fslarge/scratch/users/h61084/codes/improved/outputs/channels_comparison/tasks/univariate/chronos2/univariate/current_velocity/5T/short/run_0

--- Term: medium ---
  Config: prediction_length=288, test_length=4320, val_length=4320
TIME run allocation action=skip run=/fslarge/scratch/users/h61084/codes/improved/outputs/channels_comparison/tasks/univariate/chronos2/univariate/current_velocity/5T/medium/run_0 source_launch=selena_channels_20260906T123412Z_1347 launch_id=selena_channels_20260906T123941Z_31210 slurm_job_id=3164005 launched_at=2026-09-06T13:27:17.661596+00:00
  Reused completed task: /fslarge/scratch/users/h61084/codes/improved/outputs/channels_comparison/tasks/univariate/chronos2/univariate/current_velocity/5T/medium/run_0

--- Term: long ---
  Config: prediction_length=864, test_length=4320, val_length=4320
TIME run allocation action=skip run=/fslarge/scratch/users/h61084/codes/improved/outputs/channels_comparison/tasks/univariate/chronos2/univariate/current_velocity/5T/long/run_0 source_launch=selena_channels_20260906T123412Z_1347 launch_id=selena_channels_20260906T123941Z_31210 slurm_job_id=3164005 launched_at=2026-09-06T13:27:17.698748+00:00
  Reused completed task: /fslarge/scratch/users/h61084/codes/improved/outputs/channels_comparison/tasks/univariate/chronos2/univariate/current_velocity/5T/long/run_0

============================================================
All experiments completed!
Results saved to: /scratch/users/h61084/codes/improved/outputs/channels_comparison/tasks/univariate
============================================================

############################################################
# Dataset 3/38: current_velocity/10T
############################################################
Loading configuration...

============================================================
Dataset: current_velocity/10T
Model: amazon/chronos-2
Checkpoint: /fslarge/scratch/users/h61084/weights/chronos2
Terms: ['short', 'medium', 'long']
Covariate mode: none
============================================================

--- Term: short ---
  Config: prediction_length=18, test_length=2160, val_length=2160
TIME run allocation action=skip run=/fslarge/scratch/users/h61084/codes/improved/outputs/channels_comparison/tasks/univariate/chronos2/univariate/current_velocity/10T/short/run_0 source_launch=selena_channels_20260906T123412Z_1347 launch_id=selena_channels_20260906T123941Z_31210 slurm_job_id=3164005 launched_at=2026-09-06T13:27:17.761731+00:00
  Reused completed task: /fslarge/scratch/users/h61084/codes/improved/outputs/channels_comparison/tasks/univariate/chronos2/univariate/current_velocity/10T/short/run_0

--- Term: medium ---
  Config: prediction_length=144, test_length=2160, val_length=2160
TIME run allocation action=skip run=/fslarge/scratch/users/h61084/codes/improved/outputs/channels_comparison/tasks/univariate/chronos2/univariate/current_velocity/10T/medium/run_0 source_launch=selena_channels_20260906T123412Z_1347 launch_id=selena_channels_20260906T123941Z_31210 slurm_job_id=3164005 launched_at=2026-09-06T13:27:17.804605+00:00
  Reused completed task: /fslarge/scratch/users/h61084/codes/improved/outputs/channels_comparison/tasks/univariate/chronos2/univariate/current_velocity/10T/medium/run_0

--- Term: long ---
  Config: prediction_length=432, test_length=2160, val_length=2160
TIME run allocation action=skip run=/fslarge/scratch/users/h61084/codes/improved/outputs/channels_comparison/tasks/univariate/chronos2/univariate/current_velocity/10T/long/run_0 source_launch=selena_channels_20260906T123412Z_1347 launch_id=selena_channels_20260906T123941Z_31210 slurm_job_id=3164005 launched_at=2026-09-06T13:27:17.846008+00:00
  Reused completed task: /fslarge/scratch/users/h61084/codes/improved/outputs/channels_comparison/tasks/univariate/chronos2/univariate/current_velocity/10T/long/run_0

============================================================
All experiments completed!
Results saved to: /scratch/users/h61084/codes/improved/outputs/channels_comparison/tasks/univariate
============================================================

############################################################
# Dataset 4/38: current_velocity/15T
############################################################
Loading configuration...

============================================================
Dataset: current_velocity/15T
Model: amazon/chronos-2
Checkpoint: /fslarge/scratch/users/h61084/weights/chronos2
Terms: ['short', 'medium', 'long']
Covariate mode: none
============================================================

--- Term: short ---
  Config: prediction_length=12, test_length=1440, val_length=1440
TIME run allocation action=skip run=/fslarge/scratch/users/h61084/codes/improved/outputs/channels_comparison/tasks/univariate/chronos2/univariate/current_velocity/15T/short/run_0 source_launch=selena_channels_20260906T123412Z_1347 launch_id=selena_channels_20260906T123941Z_31210 slurm_job_id=3164005 launched_at=2026-09-06T13:27:17.890603+00:00
  Reused completed task: /fslarge/scratch/users/h61084/codes/improved/outputs/channels_comparison/tasks/univariate/chronos2/univariate/current_velocity/15T/short/run_0

--- Term: medium ---
  Config: prediction_length=96, test_length=1440, val_length=1440
TIME run allocation action=skip run=/fslarge/scratch/users/h61084/codes/improved/outputs/channels_comparison/tasks/univariate/chronos2/univariate/current_velocity/15T/medium/run_0 source_launch=selena_channels_20260906T123412Z_1347 launch_id=selena_channels_20260906T123941Z_31210 slurm_job_id=3164005 launched_at=2026-09-06T13:27:17.918433+00:00
  Reused completed task: /fslarge/scratch/users/h61084/codes/improved/outputs/channels_comparison/tasks/univariate/chronos2/univariate/current_velocity/15T/medium/run_0

--- Term: long ---
  Config: prediction_length=288, test_length=1440, val_length=1440
TIME run allocation action=skip run=/fslarge/scratch/users/h61084/codes/improved/outputs/channels_comparison/tasks/univariate/chronos2/univariate/current_velocity/15T/long/run_0 source_launch=selena_channels_20260906T123412Z_1347 launch_id=selena_channels_20260906T123941Z_31210 slurm_job_id=3164005 launched_at=2026-09-06T13:27:17.945728+00:00
  Reused completed task: /fslarge/scratch/users/h61084/codes/improved/outputs/channels_comparison/tasks/univariate/chronos2/univariate/current_velocity/15T/long/run_0

============================================================
All experiments completed!
Results saved to: /scratch/users/h61084/codes/improved/outputs/channels_comparison/tasks/univariate
============================================================

############################################################
# Dataset 5/38: current_velocity/20T
############################################################
Loading configuration...

============================================================
Dataset: current_velocity/20T
Model: amazon/chronos-2
Checkpoint: /fslarge/scratch/users/h61084/weights/chronos2
Terms: ['short', 'medium', 'long']
Covariate mode: none
============================================================

--- Term: short ---
  Config: prediction_length=9, test_length=1080, val_length=1080
TIME run allocation action=skip run=/fslarge/scratch/users/h61084/codes/improved/outputs/channels_comparison/tasks/univariate/chronos2/univariate/current_velocity/20T/short/run_0 source_launch=selena_channels_20260906T123412Z_1347 launch_id=selena_channels_20260906T123941Z_31210 slurm_job_id=3164005 launched_at=2026-09-06T13:27:17.980567+00:00
  Reused completed task: /fslarge/scratch/users/h61084/codes/improved/outputs/channels_comparison/tasks/univariate/chronos2/univariate/current_velocity/20T/short/run_0

--- Term: medium ---
  Config: prediction_length=72, test_length=1080, val_length=1080
TIME run allocation action=skip run=/fslarge/scratch/users/h61084/codes/improved/outputs/channels_comparison/tasks/univariate/chronos2/univariate/current_velocity/20T/medium/run_0 source_launch=selena_channels_20260906T123412Z_1347 launch_id=selena_channels_20260906T123941Z_31210 slurm_job_id=3164005 launched_at=2026-09-06T13:27:17.994159+00:00
  Reused completed task: /fslarge/scratch/users/h61084/codes/improved/outputs/channels_comparison/tasks/univariate/chronos2/univariate/current_velocity/20T/medium/run_0

--- Term: long ---
  Config: prediction_length=216, test_length=1080, val_length=1080
TIME run allocation action=skip run=/fslarge/scratch/users/h61084/codes/improved/outputs/channels_comparison/tasks/univariate/chronos2/univariate/current_velocity/20T/long/run_0 source_launch=selena_channels_20260906T123412Z_1347 launch_id=selena_channels_20260906T123941Z_31210 slurm_job_id=3164005 launched_at=2026-09-06T13:27:18.007177+00:00
  Reused completed task: /fslarge/scratch/users/h61084/codes/improved/outputs/channels_comparison/tasks/univariate/chronos2/univariate/current_velocity/20T/long/run_0

============================================================
All experiments completed!
Results saved to: /scratch/users/h61084/codes/improved/outputs/channels_comparison/tasks/univariate
============================================================

############################################################
# Dataset 6/38: current_velocity/H
############################################################
Loading configuration...

============================================================
Dataset: current_velocity/H
Model: amazon/chronos-2
Checkpoint: /fslarge/scratch/users/h61084/weights/chronos2
Terms: ['short', 'medium', 'long']
Covariate mode: none
============================================================

--- Term: short ---
  Config: prediction_length=24, test_length=672, val_length=672
TIME run allocation action=skip run=/fslarge/scratch/users/h61084/codes/improved/outputs/channels_comparison/tasks/univariate/chronos2/univariate/current_velocity/H/short/run_0 source_launch=selena_channels_20260906T123412Z_1347 launch_id=selena_channels_20260906T123941Z_31210 slurm_job_id=3164005 launched_at=2026-09-06T13:27:18.040222+00:00
  Reused completed task: /fslarge/scratch/users/h61084/codes/improved/outputs/channels_comparison/tasks/univariate/chronos2/univariate/current_velocity/H/short/run_0

--- Term: medium ---
  Config: prediction_length=168, test_length=672, val_length=672
TIME run allocation action=skip run=/fslarge/scratch/users/h61084/codes/improved/outputs/channels_comparison/tasks/univariate/chronos2/univariate/current_velocity/H/medium/run_0 source_launch=selena_channels_20260906T123412Z_1347 launch_id=selena_channels_20260906T123941Z_31210 slurm_job_id=3164005 launched_at=2026-09-06T13:27:18.054593+00:00
  Reused completed task: /fslarge/scratch/users/h61084/codes/improved/outputs/channels_comparison/tasks/univariate/chronos2/univariate/current_velocity/H/medium/run_0

--- Term: long ---
  Config: prediction_length=336, test_length=672, val_length=672
TIME run allocation action=skip run=/fslarge/scratch/users/h61084/codes/improved/outputs/channels_comparison/tasks/univariate/chronos2/univariate/current_velocity/H/long/run_0 source_launch=selena_channels_20260906T123412Z_1347 launch_id=selena_channels_20260906T123941Z_31210 slurm_job_id=3164005 launched_at=2026-09-06T13:27:18.068668+00:00
  Reused completed task: /fslarge/scratch/users/h61084/codes/improved/outputs/channels_comparison/tasks/univariate/chronos2/univariate/current_velocity/H/long/run_0

============================================================
All experiments completed!
Results saved to: /scratch/users/h61084/codes/improved/outputs/channels_comparison/tasks/univariate
============================================================

############################################################
# Dataset 7/38: Coastal_T_S/5T
############################################################
Loading configuration...

============================================================
Dataset: Coastal_T_S/5T
Model: amazon/chronos-2
Checkpoint: /fslarge/scratch/users/h61084/weights/chronos2
Terms: ['short', 'medium', 'long']
Covariate mode: none
============================================================

--- Term: short ---
  Config: prediction_length=36, test_length=4320, val_length=4320
TIME run allocation action=skip run=/fslarge/scratch/users/h61084/codes/improved/outputs/channels_comparison/tasks/univariate/chronos2/univariate/Coastal_T_S/5T/short/run_0 source_launch=selena_channels_20260906T123412Z_1347 launch_id=selena_channels_20260906T123941Z_31210 slurm_job_id=3164005 launched_at=2026-09-06T13:27:18.158165+00:00
  Reused completed task: /fslarge/scratch/users/h61084/codes/improved/outputs/channels_comparison/tasks/univariate/chronos2/univariate/Coastal_T_S/5T/short/run_0

--- Term: medium ---
  Config: prediction_length=288, test_length=4320, val_length=4320
TIME run allocation action=skip run=/fslarge/scratch/users/h61084/codes/improved/outputs/channels_comparison/tasks/univariate/chronos2/univariate/Coastal_T_S/5T/medium/run_0 source_launch=selena_channels_20260906T123412Z_1347 launch_id=selena_channels_20260906T123941Z_31210 slurm_job_id=3164005 launched_at=2026-09-06T13:27:18.232247+00:00
  Reused completed task: /fslarge/scratch/users/h61084/codes/improved/outputs/channels_comparison/tasks/univariate/chronos2/univariate/Coastal_T_S/5T/medium/run_0

--- Term: long ---
  Config: prediction_length=864, test_length=4320, val_length=4320
TIME run allocation action=skip run=/fslarge/scratch/users/h61084/codes/improved/outputs/channels_comparison/tasks/univariate/chronos2/univariate/Coastal_T_S/5T/long/run_0 source_launch=selena_channels_20260906T123412Z_1347 launch_id=selena_channels_20260906T123941Z_31210 slurm_job_id=3164005 launched_at=2026-09-06T13:27:18.305145+00:00
  Reused completed task: /fslarge/scratch/users/h61084/codes/improved/outputs/channels_comparison/tasks/univariate/chronos2/univariate/Coastal_T_S/5T/long/run_0

============================================================
All experiments completed!
Results saved to: /scratch/users/h61084/codes/improved/outputs/channels_comparison/tasks/univariate
============================================================

############################################################
# Dataset 8/38: Coastal_T_S/15T
############################################################
Loading configuration...

============================================================
Dataset: Coastal_T_S/15T
Model: amazon/chronos-2
Checkpoint: /fslarge/scratch/users/h61084/weights/chronos2
Terms: ['short', 'medium', 'long']
Covariate mode: none
============================================================

--- Term: short ---
  Config: prediction_length=12, test_length=1440, val_length=1440
TIME run allocation action=skip run=/fslarge/scratch/users/h61084/codes/improved/outputs/channels_comparison/tasks/univariate/chronos2/univariate/Coastal_T_S/15T/short/run_0 source_launch=selena_channels_20260906T123412Z_1347 launch_id=selena_channels_20260906T123941Z_31210 slurm_job_id=3164005 launched_at=2026-09-06T13:27:18.342825+00:00
  Reused completed task: /fslarge/scratch/users/h61084/codes/improved/outputs/channels_comparison/tasks/univariate/chronos2/univariate/Coastal_T_S/15T/short/run_0

--- Term: medium ---
  Config: prediction_length=96, test_length=1440, val_length=1440
TIME run allocation action=skip run=/fslarge/scratch/users/h61084/codes/improved/outputs/channels_comparison/tasks/univariate/chronos2/univariate/Coastal_T_S/15T/medium/run_0 source_launch=selena_channels_20260906T123412Z_1347 launch_id=selena_channels_20260906T123941Z_31210 slurm_job_id=3164005 launched_at=2026-09-06T13:27:18.363154+00:00
  Reused completed task: /fslarge/scratch/users/h61084/codes/improved/outputs/channels_comparison/tasks/univariate/chronos2/univariate/Coastal_T_S/15T/medium/run_0

--- Term: long ---
  Config: prediction_length=288, test_length=1440, val_length=1440
TIME run allocation action=skip run=/fslarge/scratch/users/h61084/codes/improved/outputs/channels_comparison/tasks/univariate/chronos2/univariate/Coastal_T_S/15T/long/run_0 source_launch=selena_channels_20260906T123412Z_1347 launch_id=selena_channels_20260906T123941Z_31210 slurm_job_id=3164005 launched_at=2026-09-06T13:27:18.383622+00:00
  Reused completed task: /fslarge/scratch/users/h61084/codes/improved/outputs/channels_comparison/tasks/univariate/chronos2/univariate/Coastal_T_S/15T/long/run_0

============================================================
All experiments completed!
Results saved to: /scratch/users/h61084/codes/improved/outputs/channels_comparison/tasks/univariate
============================================================

############################################################
# Dataset 9/38: Coastal_T_S/20T
############################################################
Loading configuration...

============================================================
Dataset: Coastal_T_S/20T
Model: amazon/chronos-2
Checkpoint: /fslarge/scratch/users/h61084/weights/chronos2
Terms: ['short', 'medium', 'long']
Covariate mode: none
============================================================

--- Term: short ---
  Config: prediction_length=9, test_length=1080, val_length=1080
TIME run allocation action=skip run=/fslarge/scratch/users/h61084/codes/improved/outputs/channels_comparison/tasks/univariate/chronos2/univariate/Coastal_T_S/20T/short/run_0 source_launch=selena_channels_20260906T123412Z_1347 launch_id=selena_channels_20260906T123941Z_31210 slurm_job_id=3164005 launched_at=2026-09-06T13:27:18.410374+00:00
  Reused completed task: /fslarge/scratch/users/h61084/codes/improved/outputs/channels_comparison/tasks/univariate/chronos2/univariate/Coastal_T_S/20T/short/run_0

--- Term: medium ---
  Config: prediction_length=72, test_length=1080, val_length=1080
TIME run allocation action=skip run=/fslarge/scratch/users/h61084/codes/improved/outputs/channels_comparison/tasks/univariate/chronos2/univariate/Coastal_T_S/20T/medium/run_0 source_launch=selena_channels_20260906T123412Z_1347 launch_id=selena_channels_20260906T123941Z_31210 slurm_job_id=3164005 launched_at=2026-09-06T13:27:18.423324+00:00
  Reused completed task: /fslarge/scratch/users/h61084/codes/improved/outputs/channels_comparison/tasks/univariate/chronos2/univariate/Coastal_T_S/20T/medium/run_0

--- Term: long ---
  Config: prediction_length=216, test_length=1080, val_length=1080
TIME run allocation action=skip run=/fslarge/scratch/users/h61084/codes/improved/outputs/channels_comparison/tasks/univariate/chronos2/univariate/Coastal_T_S/20T/long/run_0 source_launch=selena_channels_20260906T123412Z_1347 launch_id=selena_channels_20260906T123941Z_31210 slurm_job_id=3164005 launched_at=2026-09-06T13:27:18.437709+00:00
  Reused completed task: /fslarge/scratch/users/h61084/codes/improved/outputs/channels_comparison/tasks/univariate/chronos2/univariate/Coastal_T_S/20T/long/run_0

============================================================
All experiments completed!
Results saved to: /scratch/users/h61084/codes/improved/outputs/channels_comparison/tasks/univariate
============================================================

############################################################
# Dataset 10/38: Coastal_T_S/H
############################################################
Loading configuration...

============================================================
Dataset: Coastal_T_S/H
Model: amazon/chronos-2
Checkpoint: /fslarge/scratch/users/h61084/weights/chronos2
Terms: ['short', 'medium', 'long']
Covariate mode: none
============================================================

--- Term: short ---
  Config: prediction_length=24, test_length=672, val_length=672
TIME run allocation action=skip run=/fslarge/scratch/users/h61084/codes/improved/outputs/channels_comparison/tasks/univariate/chronos2/univariate/Coastal_T_S/H/short/run_0 source_launch=selena_channels_20260906T123412Z_1347 launch_id=selena_channels_20260906T123941Z_31210 slurm_job_id=3164005 launched_at=2026-09-06T13:27:18.471972+00:00
  Reused completed task: /fslarge/scratch/users/h61084/codes/improved/outputs/channels_comparison/tasks/univariate/chronos2/univariate/Coastal_T_S/H/short/run_0

--- Term: medium ---
  Config: prediction_length=168, test_length=672, val_length=672
TIME run allocation action=skip run=/fslarge/scratch/users/h61084/codes/improved/outputs/channels_comparison/tasks/univariate/chronos2/univariate/Coastal_T_S/H/medium/run_0 source_launch=selena_channels_20260906T123412Z_1347 launch_id=selena_channels_20260906T123941Z_31210 slurm_job_id=3164005 launched_at=2026-09-06T13:27:18.485853+00:00
  Reused completed task: /fslarge/scratch/users/h61084/codes/improved/outputs/channels_comparison/tasks/univariate/chronos2/univariate/Coastal_T_S/H/medium/run_0

--- Term: long ---
  Config: prediction_length=336, test_length=672, val_length=672
TIME run allocation action=skip run=/fslarge/scratch/users/h61084/codes/improved/outputs/channels_comparison/tasks/univariate/chronos2/univariate/Coastal_T_S/H/long/run_0 source_launch=selena_channels_20260906T123412Z_1347 launch_id=selena_channels_20260906T123941Z_31210 slurm_job_id=3164005 launched_at=2026-09-06T13:27:18.499650+00:00
  Reused completed task: /fslarge/scratch/users/h61084/codes/improved/outputs/channels_comparison/tasks/univariate/chronos2/univariate/Coastal_T_S/H/long/run_0

============================================================
All experiments completed!
Results saved to: /scratch/users/h61084/codes/improved/outputs/channels_comparison/tasks/univariate
============================================================

############################################################
# Dataset 11/38: SG_Weather/D
############################################################
Loading configuration...

============================================================
Dataset: SG_Weather/D
Model: amazon/chronos-2
Checkpoint: /fslarge/scratch/users/h61084/weights/chronos2
Terms: ['short', 'medium', 'long']
Covariate mode: none
============================================================

--- Term: short ---
  Config: prediction_length=3, test_length=366, val_length=366
TIME run allocation action=skip run=/fslarge/scratch/users/h61084/codes/improved/outputs/channels_comparison/tasks/univariate/chronos2/univariate/SG_Weather/D/short/run_0 source_launch=selena_channels_20260906T123412Z_1347 launch_id=selena_channels_20260906T123941Z_31210 slurm_job_id=3164005 launched_at=2026-09-06T13:27:18.526182+00:00
  Reused completed task: /fslarge/scratch/users/h61084/codes/improved/outputs/channels_comparison/tasks/univariate/chronos2/univariate/SG_Weather/D/short/run_0

--- Term: medium ---
  Config: prediction_length=7, test_length=366, val_length=366
TIME run allocation action=skip run=/fslarge/scratch/users/h61084/codes/improved/outputs/channels_comparison/tasks/univariate/chronos2/univariate/SG_Weather/D/medium/run_0 source_launch=selena_channels_20260906T123412Z_1347 launch_id=selena_channels_20260906T123941Z_31210 slurm_job_id=3164005 launched_at=2026-09-06T13:27:18.537076+00:00
  Reused completed task: /fslarge/scratch/users/h61084/codes/improved/outputs/channels_comparison/tasks/univariate/chronos2/univariate/SG_Weather/D/medium/run_0

--- Term: long ---
  Config: prediction_length=14, test_length=366, val_length=366
TIME run allocation action=skip run=/fslarge/scratch/users/h61084/codes/improved/outputs/channels_comparison/tasks/univariate/chronos2/univariate/SG_Weather/D/long/run_0 source_launch=selena_channels_20260906T123412Z_1347 launch_id=selena_channels_20260906T123941Z_31210 slurm_job_id=3164005 launched_at=2026-09-06T13:27:18.547819+00:00
  Reused completed task: /fslarge/scratch/users/h61084/codes/improved/outputs/channels_comparison/tasks/univariate/chronos2/univariate/SG_Weather/D/long/run_0

============================================================
All experiments completed!
Results saved to: /scratch/users/h61084/codes/improved/outputs/channels_comparison/tasks/univariate
============================================================

############################################################
# Dataset 12/38: SG_PM25/H
############################################################
Loading configuration...

============================================================
Dataset: SG_PM25/H
Model: amazon/chronos-2
Checkpoint: /fslarge/scratch/users/h61084/weights/chronos2
Terms: ['short', 'medium', 'long']
Covariate mode: none
============================================================

--- Term: short ---
  Config: prediction_length=24, test_length=2208, val_length=2160
TIME run allocation action=skip run=/fslarge/scratch/users/h61084/codes/improved/outputs/channels_comparison/tasks/univariate/chronos2/univariate/SG_PM25/H/short/run_0 source_launch=selena_channels_20260906T123412Z_1347 launch_id=selena_channels_20260906T123941Z_31210 slurm_job_id=3164005 launched_at=2026-09-06T13:27:18.608620+00:00
  Reused completed task: /fslarge/scratch/users/h61084/codes/improved/outputs/channels_comparison/tasks/univariate/chronos2/univariate/SG_PM25/H/short/run_0

--- Term: medium ---
  Config: prediction_length=72, test_length=2208, val_length=2160
TIME run allocation action=skip run=/fslarge/scratch/users/h61084/codes/improved/outputs/channels_comparison/tasks/univariate/chronos2/univariate/SG_PM25/H/medium/run_0 source_launch=selena_channels_20260906T123412Z_1347 launch_id=selena_channels_20260906T123941Z_31210 slurm_job_id=3164005 launched_at=2026-09-06T13:27:18.654072+00:00
  Reused completed task: /fslarge/scratch/users/h61084/codes/improved/outputs/channels_comparison/tasks/univariate/chronos2/univariate/SG_PM25/H/medium/run_0

--- Term: long ---
  Config: prediction_length=168, test_length=2208, val_length=2160
TIME run allocation action=skip run=/fslarge/scratch/users/h61084/codes/improved/outputs/channels_comparison/tasks/univariate/chronos2/univariate/SG_PM25/H/long/run_0 source_launch=selena_channels_20260906T123412Z_1347 launch_id=selena_channels_20260906T123941Z_31210 slurm_job_id=3164005 launched_at=2026-09-06T13:27:18.697869+00:00
  Reused completed task: /fslarge/scratch/users/h61084/codes/improved/outputs/channels_comparison/tasks/univariate/chronos2/univariate/SG_PM25/H/long/run_0

============================================================
All experiments completed!
Results saved to: /scratch/users/h61084/codes/improved/outputs/channels_comparison/tasks/univariate
============================================================

############################################################
# Dataset 13/38: NE_China_Wind/H
############################################################
Loading configuration...

============================================================
Dataset: NE_China_Wind/H
Model: amazon/chronos-2
Checkpoint: /fslarge/scratch/users/h61084/weights/chronos2
Terms: ['short', 'medium', 'long']
Covariate mode: none
============================================================

--- Term: short ---
  Config: prediction_length=24, test_length=720, val_length=720
TIME run allocation action=skip run=/fslarge/scratch/users/h61084/codes/improved/outputs/channels_comparison/tasks/univariate/chronos2/univariate/NE_China_Wind/H/short/run_0 source_launch=selena_channels_20260906T123412Z_1347 launch_id=selena_channels_20260906T123941Z_31210 slurm_job_id=3164005 launched_at=2026-09-06T13:27:18.727132+00:00
  Reused completed task: /fslarge/scratch/users/h61084/codes/improved/outputs/channels_comparison/tasks/univariate/chronos2/univariate/NE_China_Wind/H/short/run_0

--- Term: medium ---
  Config: prediction_length=72, test_length=720, val_length=720
TIME run allocation action=skip run=/fslarge/scratch/users/h61084/codes/improved/outputs/channels_comparison/tasks/univariate/chronos2/univariate/NE_China_Wind/H/medium/run_0 source_launch=selena_channels_20260906T123412Z_1347 launch_id=selena_channels_20260906T123941Z_31210 slurm_job_id=3164005 launched_at=2026-09-06T13:27:18.741963+00:00
  Reused completed task: /fslarge/scratch/users/h61084/codes/improved/outputs/channels_comparison/tasks/univariate/chronos2/univariate/NE_China_Wind/H/medium/run_0

--- Term: long ---
  Config: prediction_length=168, test_length=720, val_length=720
TIME run allocation action=skip run=/fslarge/scratch/users/h61084/codes/improved/outputs/channels_comparison/tasks/univariate/chronos2/univariate/NE_China_Wind/H/long/run_0 source_launch=selena_channels_20260906T123412Z_1347 launch_id=selena_channels_20260906T123941Z_31210 slurm_job_id=3164005 launched_at=2026-09-06T13:27:18.756937+00:00
  Reused completed task: /fslarge/scratch/users/h61084/codes/improved/outputs/channels_comparison/tasks/univariate/chronos2/univariate/NE_China_Wind/H/long/run_0

============================================================
All experiments completed!
Results saved to: /scratch/users/h61084/codes/improved/outputs/channels_comparison/tasks/univariate
============================================================

############################################################
# Dataset 14/38: Australia_Solar/H
############################################################
Loading configuration...

============================================================
Dataset: Australia_Solar/H
Model: amazon/chronos-2
Checkpoint: /fslarge/scratch/users/h61084/weights/chronos2
Terms: ['short', 'medium', 'long']
Covariate mode: none
============================================================

--- Term: short ---
  Config: prediction_length=24, test_length=2520, val_length=2520
TIME run allocation action=resume run=/fslarge/scratch/users/h61084/codes/improved/outputs/channels_comparison/tasks/univariate/chronos2/univariate/Australia_Solar/H/short/run_0 launch_id=selena_channels_20260906T123941Z_31210 slurm_job_id=3164005 launched_at=2026-09-06T13:27:18.798371+00:00 resumed_from_launch=selena_channels_20260906T123412Z_1347 resumed_from_job=3163562
  Initializing Chronos pipeline (/fslarge/scratch/users/h61084/weights/chronos2)...
  Dataset info:
    - Frequency: H
    - Num series: 1
    - Target dim: 3
    - Target mode: univariate
    - Covariate channels: 0
    - Series length: min=35064, max=35064, avg=35064.0
    - Test split: 2520 steps
    - Prediction length: 24
    - Windows: 105
    Processed 160/315...
    Processed 315/315...
    Total instances: 315, Series during experiment: 3, Windows: 105
    Collecting ground truth and context...
    Detected to_univariate case: 3 flat series -> 1 series x 3 variates
    Organizing data into arrays...
    ⚠️  Predictions max value (2139419.75) exceeds float16 safe range.
    ⚠️  Applying scale factor: 100 (values will be divided)
    Saved predictions (quantiles) to /fslarge/scratch/users/h61084/codes/improved/outputs/channels_comparison/tasks/univariate/chronos2/univariate/Australia_Solar/H/short/run_0/predictions.npz
    Computing per-window metrics...
    Saved metrics to /fslarge/scratch/users/h61084/codes/improved/outputs/channels_comparison/tasks/univariate/chronos2/univariate/Australia_Solar/H/short/run_0/metrics.npz
    Saved config to /fslarge/scratch/users/h61084/codes/improved/outputs/channels_comparison/tasks/univariate/chronos2/univariate/Australia_Solar/H/short/run_0/config.json
    Saved aggregate metrics to /fslarge/scratch/users/h61084/codes/improved/outputs/channels_comparison/tasks/univariate/chronos2/univariate/Australia_Solar/H/short/run_0/metrics_summary.json
    Metrics summary (averaged over all series/windows/variates):
      MSE: 25681174544.7037
      MAE: 80595.9871
      RMSE: 105275.9063
      MAPE: 201.8888
      sMAPE: 0.5864
      MASE: 1.0930
      ND: 0.3179
      CRPS: 0.2604
  Completed: 1 series × 105 windows
  Output: /fslarge/scratch/users/h61084/codes/improved/outputs/channels_comparison/tasks/univariate/chronos2/univariate/Australia_Solar/H/short/run_0

--- Term: medium ---
  Config: prediction_length=72, test_length=2520, val_length=2520
TIME run allocation action=new run=/fslarge/scratch/users/h61084/codes/improved/outputs/channels_comparison/tasks/univariate/chronos2/univariate/Australia_Solar/H/medium/run_0 launch_id=selena_channels_20260906T123941Z_31210 slurm_job_id=3164005 launched_at=2026-09-06T13:27:22.186195+00:00
  Initializing Chronos pipeline (/fslarge/scratch/users/h61084/weights/chronos2)...
  Dataset info:
    - Frequency: H
    - Num series: 1
    - Target dim: 3
    - Target mode: univariate
    - Covariate channels: 0
    - Series length: min=35064, max=35064, avg=35064.0
    - Test split: 2520 steps
    - Prediction length: 72
    - Windows: 35
    Total instances: 105, Series during experiment: 3, Windows: 35
    Collecting ground truth and context...
    Detected to_univariate case: 3 flat series -> 1 series x 3 variates
    Organizing data into arrays...
    ⚠️  Predictions max value (2531519.50) exceeds float16 safe range.
    ⚠️  Applying scale factor: 100 (values will be divided)
    Saved predictions (quantiles) to /fslarge/scratch/users/h61084/codes/improved/outputs/channels_comparison/tasks/univariate/chronos2/univariate/Australia_Solar/H/medium/run_0/predictions.npz
    Computing per-window metrics...
    Saved metrics to /fslarge/scratch/users/h61084/codes/improved/outputs/channels_comparison/tasks/univariate/chronos2/univariate/Australia_Solar/H/medium/run_0/metrics.npz
    Saved config to /fslarge/scratch/users/h61084/codes/improved/outputs/channels_comparison/tasks/univariate/chronos2/univariate/Australia_Solar/H/medium/run_0/config.json
    Saved aggregate metrics to /fslarge/scratch/users/h61084/codes/improved/outputs/channels_comparison/tasks/univariate/chronos2/univariate/Australia_Solar/H/medium/run_0/metrics_summary.json
    Metrics summary (averaged over all series/windows/variates):
      MSE: 28984572396.4938
      MAE: 86466.6126
      RMSE: 125407.8798
      MAPE: 221.1130
      sMAPE: 0.6062
      MASE: 1.2043
      ND: 0.2893
      CRPS: 0.2308
  Completed: 1 series × 35 windows
  Output: /fslarge/scratch/users/h61084/codes/improved/outputs/channels_comparison/tasks/univariate/chronos2/univariate/Australia_Solar/H/medium/run_0

--- Term: long ---
  Config: prediction_length=168, test_length=2520, val_length=2520
TIME run allocation action=new run=/fslarge/scratch/users/h61084/codes/improved/outputs/channels_comparison/tasks/univariate/chronos2/univariate/Australia_Solar/H/long/run_0 launch_id=selena_channels_20260906T123941Z_31210 slurm_job_id=3164005 launched_at=2026-09-06T13:27:22.961410+00:00
  Initializing Chronos pipeline (/fslarge/scratch/users/h61084/weights/chronos2)...
  Dataset info:
    - Frequency: H
    - Num series: 1
    - Target dim: 3
    - Target mode: univariate
    - Covariate channels: 0
    - Series length: min=35064, max=35064, avg=35064.0
    - Test split: 2520 steps
    - Prediction length: 168
    - Windows: 15
    Total instances: 45, Series during experiment: 3, Windows: 15
    Collecting ground truth and context...
    Detected to_univariate case: 3 flat series -> 1 series x 3 variates
    Organizing data into arrays...
    ⚠️  Predictions max value (2566709.00) exceeds float16 safe range.
    ⚠️  Applying scale factor: 100 (values will be divided)
    Saved predictions (quantiles) to /fslarge/scratch/users/h61084/codes/improved/outputs/channels_comparison/tasks/univariate/chronos2/univariate/Australia_Solar/H/long/run_0/predictions.npz
    Computing per-window metrics...
    Saved metrics to /fslarge/scratch/users/h61084/codes/improved/outputs/channels_comparison/tasks/univariate/chronos2/univariate/Australia_Solar/H/long/run_0/metrics.npz
    Saved config to /fslarge/scratch/users/h61084/codes/improved/outputs/channels_comparison/tasks/univariate/chronos2/univariate/Australia_Solar/H/long/run_0/config.json
    Saved aggregate metrics to /fslarge/scratch/users/h61084/codes/improved/outputs/channels_comparison/tasks/univariate/chronos2/univariate/Australia_Solar/H/long/run_0/metrics_summary.json
    Metrics summary (averaged over all series/windows/variates):
      MSE: 29006789744.5272
      MAE: 84644.9899
      RMSE: 131066.9688
      MAPE: 237.3804
      sMAPE: 0.6058
      MASE: 1.2377
      ND: 0.2751
      CRPS: 0.2162
  Completed: 1 series × 15 windows
  Output: /fslarge/scratch/users/h61084/codes/improved/outputs/channels_comparison/tasks/univariate/chronos2/univariate/Australia_Solar/H/long/run_0

============================================================
All experiments completed!
Results saved to: /scratch/users/h61084/codes/improved/outputs/channels_comparison/tasks/univariate
============================================================

############################################################
# Dataset 15/38: OpenElectricity_NEM/5T
############################################################
Loading configuration...

============================================================
Dataset: OpenElectricity_NEM/5T
Model: amazon/chronos-2
Checkpoint: /fslarge/scratch/users/h61084/weights/chronos2
Terms: ['short', 'medium', 'long']
Covariate mode: none
============================================================

--- Term: short ---
  Config: prediction_length=24, test_length=4032, val_length=4032
TIME run allocation action=new run=/fslarge/scratch/users/h61084/codes/improved/outputs/channels_comparison/tasks/univariate/chronos2/univariate/OpenElectricity_NEM/5T/short/run_0 launch_id=selena_channels_20260906T123941Z_31210 slurm_job_id=3164005 launched_at=2026-09-06T13:27:23.543665+00:00
  Initializing Chronos pipeline (/fslarge/scratch/users/h61084/weights/chronos2)...
  Dataset info:
    - Frequency: 5T
    - Num series: 1
    - Target dim: 10
    - Target mode: univariate
    - Covariate channels: 0
    - Series length: min=43488, max=43488, avg=43488.0
    - Test split: 4032 steps
    - Prediction length: 24
    - Windows: 168
    Processed 160/1680...
    Processed 320/1680...
    Processed 480/1680...
    Processed 640/1680...
    Processed 800/1680...
    Processed 960/1680...
    Processed 1120/1680...
    Processed 1280/1680...
    Processed 1440/1680...
    Processed 1600/1680...
    Total instances: 1680, Series during experiment: 10, Windows: 168
    Collecting ground truth and context...
    Detected to_univariate case: 10 flat series -> 1 series x 10 variates
    Organizing data into arrays...
    Saved predictions (quantiles) to /fslarge/scratch/users/h61084/codes/improved/outputs/channels_comparison/tasks/univariate/chronos2/univariate/OpenElectricity_NEM/5T/short/run_0/predictions.npz
    Computing per-window metrics...
    Saved metrics to /fslarge/scratch/users/h61084/codes/improved/outputs/channels_comparison/tasks/univariate/chronos2/univariate/OpenElectricity_NEM/5T/short/run_0/metrics.npz
    Saved config to /fslarge/scratch/users/h61084/codes/improved/outputs/channels_comparison/tasks/univariate/chronos2/univariate/OpenElectricity_NEM/5T/short/run_0/config.json
    Saved aggregate metrics to /fslarge/scratch/users/h61084/codes/improved/outputs/channels_comparison/tasks/univariate/chronos2/univariate/OpenElectricity_NEM/5T/short/run_0/metrics_summary.json
    Metrics summary (averaged over all series/windows/variates):
      MSE: 9329.7484
      MAE: 49.6822
      RMSE: 58.8919
      MAPE: 3.5202
      sMAPE: 0.1567
      MASE: 0.3870
      ND: 0.1487
      CRPS: 0.1206
  Completed: 1 series × 168 windows
  Output: /fslarge/scratch/users/h61084/codes/improved/outputs/channels_comparison/tasks/univariate/chronos2/univariate/OpenElectricity_NEM/5T/short/run_0

--- Term: medium ---
  Config: prediction_length=96, test_length=4032, val_length=4032
TIME run allocation action=new run=/fslarge/scratch/users/h61084/codes/improved/outputs/channels_comparison/tasks/univariate/chronos2/univariate/OpenElectricity_NEM/5T/medium/run_0 launch_id=selena_channels_20260906T123941Z_31210 slurm_job_id=3164005 launched_at=2026-09-06T13:27:32.261458+00:00
  Initializing Chronos pipeline (/fslarge/scratch/users/h61084/weights/chronos2)...
  Dataset info:
    - Frequency: 5T
    - Num series: 1
    - Target dim: 10
    - Target mode: univariate
    - Covariate channels: 0
    - Series length: min=43488, max=43488, avg=43488.0
    - Test split: 4032 steps
    - Prediction length: 96
    - Windows: 42
    Processed 160/420...
    Processed 320/420...
    Total instances: 420, Series during experiment: 10, Windows: 42
    Collecting ground truth and context...
    Detected to_univariate case: 10 flat series -> 1 series x 10 variates
    Organizing data into arrays...
    Saved predictions (quantiles) to /fslarge/scratch/users/h61084/codes/improved/outputs/channels_comparison/tasks/univariate/chronos2/univariate/OpenElectricity_NEM/5T/medium/run_0/predictions.npz
    Computing per-window metrics...
    Saved metrics to /fslarge/scratch/users/h61084/codes/improved/outputs/channels_comparison/tasks/univariate/chronos2/univariate/OpenElectricity_NEM/5T/medium/run_0/metrics.npz
    Saved config to /fslarge/scratch/users/h61084/codes/improved/outputs/channels_comparison/tasks/univariate/chronos2/univariate/OpenElectricity_NEM/5T/medium/run_0/config.json
    Saved aggregate metrics to /fslarge/scratch/users/h61084/codes/improved/outputs/channels_comparison/tasks/univariate/chronos2/univariate/OpenElectricity_NEM/5T/medium/run_0/metrics_summary.json
    Metrics summary (averaged over all series/windows/variates):
      MSE: 33266.1967
      MAE: 87.0124
      RMSE: 109.4158
      MAPE: 4.8053
      sMAPE: 0.2120
      MASE: 0.5804
      ND: 0.2051
      CRPS: 0.1640
  Completed: 1 series × 42 windows
  Output: /fslarge/scratch/users/h61084/codes/improved/outputs/channels_comparison/tasks/univariate/chronos2/univariate/OpenElectricity_NEM/5T/medium/run_0

--- Term: long ---
  Config: prediction_length=288, test_length=4032, val_length=4032
TIME run allocation action=new run=/fslarge/scratch/users/h61084/codes/improved/outputs/channels_comparison/tasks/univariate/chronos2/univariate/OpenElectricity_NEM/5T/long/run_0 launch_id=selena_channels_20260906T123941Z_31210 slurm_job_id=3164005 launched_at=2026-09-06T13:27:34.757145+00:00
  Initializing Chronos pipeline (/fslarge/scratch/users/h61084/weights/chronos2)...
  Dataset info:
    - Frequency: 5T
    - Num series: 1
    - Target dim: 10
    - Target mode: univariate
    - Covariate channels: 0
    - Series length: min=43488, max=43488, avg=43488.0
    - Test split: 4032 steps
    - Prediction length: 288
    - Windows: 14
    Total instances: 140, Series during experiment: 10, Windows: 14
    Collecting ground truth and context...
    Detected to_univariate case: 10 flat series -> 1 series x 10 variates
    Organizing data into arrays...
    Saved predictions (quantiles) to /fslarge/scratch/users/h61084/codes/improved/outputs/channels_comparison/tasks/univariate/chronos2/univariate/OpenElectricity_NEM/5T/long/run_0/predictions.npz
    Computing per-window metrics...
    Saved metrics to /fslarge/scratch/users/h61084/codes/improved/outputs/channels_comparison/tasks/univariate/chronos2/univariate/OpenElectricity_NEM/5T/long/run_0/metrics.npz
    Saved config to /fslarge/scratch/users/h61084/codes/improved/outputs/channels_comparison/tasks/univariate/chronos2/univariate/OpenElectricity_NEM/5T/long/run_0/config.json
    Saved aggregate metrics to /fslarge/scratch/users/h61084/codes/improved/outputs/channels_comparison/tasks/univariate/chronos2/univariate/OpenElectricity_NEM/5T/long/run_0/metrics_summary.json
    Metrics summary (averaged over all series/windows/variates):
      MSE: 47413.4148
      MAE: 108.8805
      RMSE: 144.0165
      MAPE: 4.9506
      sMAPE: 0.2605
      MASE: 0.7347
      ND: 0.2333
      CRPS: 0.1886
  Completed: 1 series × 14 windows
  Output: /fslarge/scratch/users/h61084/codes/improved/outputs/channels_comparison/tasks/univariate/chronos2/univariate/OpenElectricity_NEM/5T/long/run_0

============================================================
All experiments completed!
Results saved to: /scratch/users/h61084/codes/improved/outputs/channels_comparison/tasks/univariate
============================================================

############################################################
# Dataset 16/38: EWELD_Load/15T
############################################################
Loading configuration...

============================================================
Dataset: EWELD_Load/15T
Model: amazon/chronos-2
Checkpoint: /fslarge/scratch/users/h61084/weights/chronos2
Terms: ['short', 'medium', 'long']
Covariate mode: none
============================================================

--- Term: short ---
  Config: prediction_length=24, test_length=1344, val_length=1344
TIME run allocation action=new run=/fslarge/scratch/users/h61084/codes/improved/outputs/channels_comparison/tasks/univariate/chronos2/univariate/EWELD_Load/15T/short/run_0 launch_id=selena_channels_20260906T123941Z_31210 slurm_job_id=3164005 launched_at=2026-09-06T13:27:35.848773+00:00
  Initializing Chronos pipeline (/fslarge/scratch/users/h61084/weights/chronos2)...
  Dataset info:
    - Frequency: 15T
    - Num series: 1
    - Target dim: 10
    - Target mode: univariate
    - Covariate channels: 0
    - Series length: min=20544, max=20544, avg=20544.0
    - Test split: 1344 steps
    - Prediction length: 24
    - Windows: 56
    Processed 160/560...
    Processed 320/560...
    Processed 480/560...
    Total instances: 560, Series during experiment: 10, Windows: 56
    Collecting ground truth and context...
    Detected to_univariate case: 10 flat series -> 1 series x 10 variates
    Organizing data into arrays...
    Saved predictions (quantiles) to /fslarge/scratch/users/h61084/codes/improved/outputs/channels_comparison/tasks/univariate/chronos2/univariate/EWELD_Load/15T/short/run_0/predictions.npz
    Computing per-window metrics...
    Saved metrics to /fslarge/scratch/users/h61084/codes/improved/outputs/channels_comparison/tasks/univariate/chronos2/univariate/EWELD_Load/15T/short/run_0/metrics.npz
    Saved config to /fslarge/scratch/users/h61084/codes/improved/outputs/channels_comparison/tasks/univariate/chronos2/univariate/EWELD_Load/15T/short/run_0/config.json
    Saved aggregate metrics to /fslarge/scratch/users/h61084/codes/improved/outputs/channels_comparison/tasks/univariate/chronos2/univariate/EWELD_Load/15T/short/run_0/metrics_summary.json
    Metrics summary (averaged over all series/windows/variates):
      MSE: 1113.6207
      MAE: 12.4983
      RMSE: 16.0054
      MAPE: 0.3238
      sMAPE: 0.2765
      MASE: 0.5334
      ND: 0.3333
      CRPS: 0.2617
  Completed: 1 series × 56 windows
  Output: /fslarge/scratch/users/h61084/codes/improved/outputs/channels_comparison/tasks/univariate/chronos2/univariate/EWELD_Load/15T/short/run_0

--- Term: medium ---
  Config: prediction_length=96, test_length=1344, val_length=1344
TIME run allocation action=new run=/fslarge/scratch/users/h61084/codes/improved/outputs/channels_comparison/tasks/univariate/chronos2/univariate/EWELD_Load/15T/medium/run_0 launch_id=selena_channels_20260906T123941Z_31210 slurm_job_id=3164005 launched_at=2026-09-06T13:27:38.900349+00:00
  Initializing Chronos pipeline (/fslarge/scratch/users/h61084/weights/chronos2)...
  Dataset info:
    - Frequency: 15T
    - Num series: 1
    - Target dim: 10
    - Target mode: univariate
    - Covariate channels: 0
    - Series length: min=20544, max=20544, avg=20544.0
    - Test split: 1344 steps
    - Prediction length: 96
    - Windows: 14
    Total instances: 140, Series during experiment: 10, Windows: 14
    Collecting ground truth and context...
    Detected to_univariate case: 10 flat series -> 1 series x 10 variates
    Organizing data into arrays...
    Saved predictions (quantiles) to /fslarge/scratch/users/h61084/codes/improved/outputs/channels_comparison/tasks/univariate/chronos2/univariate/EWELD_Load/15T/medium/run_0/predictions.npz
    Computing per-window metrics...
    Saved metrics to /fslarge/scratch/users/h61084/codes/improved/outputs/channels_comparison/tasks/univariate/chronos2/univariate/EWELD_Load/15T/medium/run_0/metrics.npz
    Saved config to /fslarge/scratch/users/h61084/codes/improved/outputs/channels_comparison/tasks/univariate/chronos2/univariate/EWELD_Load/15T/medium/run_0/config.json
    Saved aggregate metrics to /fslarge/scratch/users/h61084/codes/improved/outputs/channels_comparison/tasks/univariate/chronos2/univariate/EWELD_Load/15T/medium/run_0/metrics_summary.json
    Metrics summary (averaged over all series/windows/variates):
      MSE: 1200.0988
      MAE: 13.9604
      RMSE: 19.0042
      MAPE: 0.3690
      sMAPE: 0.3030
      MASE: 0.6379
      ND: 0.2144
      CRPS: 0.1698
  Completed: 1 series × 14 windows
  Output: /fslarge/scratch/users/h61084/codes/improved/outputs/channels_comparison/tasks/univariate/chronos2/univariate/EWELD_Load/15T/medium/run_0

--- Term: long ---
  Config: prediction_length=672, test_length=1344, val_length=1344
TIME run allocation action=new run=/fslarge/scratch/users/h61084/codes/improved/outputs/channels_comparison/tasks/univariate/chronos2/univariate/EWELD_Load/15T/long/run_0 launch_id=selena_channels_20260906T123941Z_31210 slurm_job_id=3164005 launched_at=2026-09-06T13:27:39.875779+00:00
  Initializing Chronos pipeline (/fslarge/scratch/users/h61084/weights/chronos2)...
  Dataset info:
    - Frequency: 15T
    - Num series: 1
    - Target dim: 10
    - Target mode: univariate
    - Covariate channels: 0
    - Series length: min=20544, max=20544, avg=20544.0
    - Test split: 1344 steps
    - Prediction length: 672
    - Windows: 2
    Total instances: 20, Series during experiment: 10, Windows: 2
    Collecting ground truth and context...
    Detected to_univariate case: 10 flat series -> 1 series x 10 variates
    Organizing data into arrays...
    Saved predictions (quantiles) to /fslarge/scratch/users/h61084/codes/improved/outputs/channels_comparison/tasks/univariate/chronos2/univariate/EWELD_Load/15T/long/run_0/predictions.npz
    Computing per-window metrics...
    Saved metrics to /fslarge/scratch/users/h61084/codes/improved/outputs/channels_comparison/tasks/univariate/chronos2/univariate/EWELD_Load/15T/long/run_0/metrics.npz
    Saved config to /fslarge/scratch/users/h61084/codes/improved/outputs/channels_comparison/tasks/univariate/chronos2/univariate/EWELD_Load/15T/long/run_0/config.json
    Saved aggregate metrics to /fslarge/scratch/users/h61084/codes/improved/outputs/channels_comparison/tasks/univariate/chronos2/univariate/EWELD_Load/15T/long/run_0/metrics_summary.json
    Metrics summary (averaged over all series/windows/variates):
      MSE: 1323.3335
      MAE: 15.1111
      RMSE: 21.0553
      MAPE: 0.3824
      sMAPE: 0.3302
      MASE: 0.7570
      ND: 0.2280
      CRPS: 0.1807
  Completed: 1 series × 2 windows
  Output: /fslarge/scratch/users/h61084/codes/improved/outputs/channels_comparison/tasks/univariate/chronos2/univariate/EWELD_Load/15T/long/run_0

============================================================
All experiments completed!
Results saved to: /scratch/users/h61084/codes/improved/outputs/channels_comparison/tasks/univariate
============================================================

############################################################
# Dataset 17/38: Port_Activity/D
############################################################
Loading configuration...

============================================================
Dataset: Port_Activity/D
Model: amazon/chronos-2
Checkpoint: /fslarge/scratch/users/h61084/weights/chronos2
Terms: ['short']
Covariate mode: none
============================================================

--- Term: short ---
  Config: prediction_length=30, test_length=365, val_length=90
TIME run allocation action=new run=/fslarge/scratch/users/h61084/codes/improved/outputs/channels_comparison/tasks/univariate/chronos2/univariate/Port_Activity/D/short/run_0 launch_id=selena_channels_20260906T123941Z_31210 slurm_job_id=3164005 launched_at=2026-09-06T13:27:40.282647+00:00
  Initializing Chronos pipeline (/fslarge/scratch/users/h61084/weights/chronos2)...
  Dataset info:
    - Frequency: D
    - Num series: 99
    - Target dim: 2
    - Target mode: univariate
    - Covariate channels: 0
    - Series length: min=2127, max=2127, avg=2127.0
    - Test split: 365 steps
    - Prediction length: 30
    - Windows: 12
    Processed 160/2376...
    Processed 320/2376...
    Processed 480/2376...
    Processed 640/2376...
    Processed 800/2376...
    Processed 960/2376...
    Processed 1120/2376...
    Processed 1280/2376...
    Processed 1440/2376...
    Processed 1600/2376...
    Processed 1760/2376...
    Processed 1920/2376...
    Processed 2080/2376...
    Processed 2240/2376...
    Total instances: 2376, Series during experiment: 198, Windows: 12
    Collecting ground truth and context...
    Detected to_univariate case: 198 flat series -> 99 series x 2 variates
    Organizing data into arrays...
    ⚠️  Predictions max value (517326.50) exceeds float16 safe range.
    ⚠️  Applying scale factor: 10 (values will be divided)
    Saved predictions (quantiles) to /fslarge/scratch/users/h61084/codes/improved/outputs/channels_comparison/tasks/univariate/chronos2/univariate/Port_Activity/D/short/run_0/predictions.npz
    Computing per-window metrics...
    Saved metrics to /fslarge/scratch/users/h61084/codes/improved/outputs/channels_comparison/tasks/univariate/chronos2/univariate/Port_Activity/D/short/run_0/metrics.npz
    Saved config to /fslarge/scratch/users/h61084/codes/improved/outputs/channels_comparison/tasks/univariate/chronos2/univariate/Port_Activity/D/short/run_0/config.json
    Saved aggregate metrics to /fslarge/scratch/users/h61084/codes/improved/outputs/channels_comparison/tasks/univariate/chronos2/univariate/Port_Activity/D/short/run_0/metrics_summary.json
    Metrics summary (averaged over all series/windows/variates):
      MSE: 949152199.9544
      MAE: 15412.2398
      RMSE: 21205.5489
      MAPE: 2.7356
      sMAPE: 0.9460
      MASE: 0.6583
      ND: 0.7443
      CRPS: 0.5942
  Completed: 99 series × 12 windows
  Output: /fslarge/scratch/users/h61084/codes/improved/outputs/channels_comparison/tasks/univariate/chronos2/univariate/Port_Activity/D/short/run_0

============================================================
All experiments completed!
Results saved to: /scratch/users/h61084/codes/improved/outputs/channels_comparison/tasks/univariate
============================================================

############################################################
# Dataset 18/38: Port_Activity/W
############################################################
Loading configuration...

============================================================
Dataset: Port_Activity/W
Model: amazon/chronos-2
Checkpoint: /fslarge/scratch/users/h61084/weights/chronos2
Terms: ['short']
Covariate mode: none
============================================================

--- Term: short ---
  Config: prediction_length=13, test_length=52, val_length=13
TIME run allocation action=new run=/fslarge/scratch/users/h61084/codes/improved/outputs/channels_comparison/tasks/univariate/chronos2/univariate/Port_Activity/W/short/run_0 launch_id=selena_channels_20260906T123941Z_31210 slurm_job_id=3164005 launched_at=2026-09-06T13:27:44.357053+00:00
  Initializing Chronos pipeline (/fslarge/scratch/users/h61084/weights/chronos2)...
  Dataset info:
    - Frequency: W
    - Num series: 99
    - Target dim: 2
    - Target mode: univariate
    - Covariate channels: 0
    - Series length: min=304, max=304, avg=304.0
    - Test split: 52 steps
    - Prediction length: 13
    - Windows: 4
    Processed 160/792...
    Processed 320/792...
    Processed 480/792...
    Processed 640/792...
    Processed 792/792...
    Total instances: 792, Series during experiment: 198, Windows: 4
    Collecting ground truth and context...
    Detected to_univariate case: 198 flat series -> 99 series x 2 variates
    Organizing data into arrays...
    ⚠️  Predictions max value (2925501.50) exceeds float16 safe range.
    ⚠️  Applying scale factor: 100 (values will be divided)
    Saved predictions (quantiles) to /fslarge/scratch/users/h61084/codes/improved/outputs/channels_comparison/tasks/univariate/chronos2/univariate/Port_Activity/W/short/run_0/predictions.npz
    Computing per-window metrics...
    Saved metrics to /fslarge/scratch/users/h61084/codes/improved/outputs/channels_comparison/tasks/univariate/chronos2/univariate/Port_Activity/W/short/run_0/metrics.npz
    Saved config to /fslarge/scratch/users/h61084/codes/improved/outputs/channels_comparison/tasks/univariate/chronos2/univariate/Port_Activity/W/short/run_0/config.json
    Saved aggregate metrics to /fslarge/scratch/users/h61084/codes/improved/outputs/channels_comparison/tasks/univariate/chronos2/univariate/Port_Activity/W/short/run_0/metrics_summary.json
    Metrics summary (averaged over all series/windows/variates):
      MSE: 5957653647.3256
      MAE: 43832.3428
      RMSE: 53649.4110
      MAPE: 0.6274
      sMAPE: 0.3413
      MASE: 0.7792
      ND: 0.3371
      CRPS: 0.2621
  Completed: 99 series × 4 windows
  Output: /fslarge/scratch/users/h61084/codes/improved/outputs/channels_comparison/tasks/univariate/chronos2/univariate/Port_Activity/W/short/run_0

============================================================
All experiments completed!
Results saved to: /scratch/users/h61084/codes/improved/outputs/channels_comparison/tasks/univariate
============================================================

############################################################
# Dataset 19/38: Global_Influenza/W
############################################################
Loading configuration...

============================================================
Dataset: Global_Influenza/W
Model: amazon/chronos-2
Checkpoint: /fslarge/scratch/users/h61084/weights/chronos2
Terms: ['short']
Covariate mode: none
============================================================

--- Term: short ---
  Config: prediction_length=13, test_length=52, val_length=13
TIME run allocation action=new run=/fslarge/scratch/users/h61084/codes/improved/outputs/channels_comparison/tasks/univariate/chronos2/univariate/Global_Influenza/W/short/run_0 launch_id=selena_channels_20260906T123941Z_31210 slurm_job_id=3164005 launched_at=2026-09-06T13:27:45.505671+00:00
  Initializing Chronos pipeline (/fslarge/scratch/users/h61084/weights/chronos2)...
  Dataset info:
    - Frequency: W
    - Num series: 15
    - Target dim: 4
    - Target mode: univariate
    - Covariate channels: 0
    - Series length: min=154, max=210, avg=205.6
    - Test split: 52 steps
    - Prediction length: 13
    - Windows: 4
    Processed 160/240...
    Total instances: 240, Series during experiment: 60, Windows: 4
    Collecting ground truth and context...
    Detected to_univariate case: 60 flat series -> 15 series x 4 variates
    Organizing data into arrays...
    ⚠️  Predictions max value (86244.34) exceeds float16 safe range.
    ⚠️  Applying scale factor: 10 (values will be divided)
    Saved predictions (quantiles) to /fslarge/scratch/users/h61084/codes/improved/outputs/channels_comparison/tasks/univariate/chronos2/univariate/Global_Influenza/W/short/run_0/predictions.npz
    Computing per-window metrics...
    Saved metrics to /fslarge/scratch/users/h61084/codes/improved/outputs/channels_comparison/tasks/univariate/chronos2/univariate/Global_Influenza/W/short/run_0/metrics.npz
    Saved config to /fslarge/scratch/users/h61084/codes/improved/outputs/channels_comparison/tasks/univariate/chronos2/univariate/Global_Influenza/W/short/run_0/config.json
    Saved aggregate metrics to /fslarge/scratch/users/h61084/codes/improved/outputs/channels_comparison/tasks/univariate/chronos2/univariate/Global_Influenza/W/short/run_0/metrics_summary.json
    Metrics summary (averaged over all series/windows/variates):
      MSE: 2518067.1256
      MAE: 440.6013
      RMSE: 557.9441
      MAPE: 0.6219
      sMAPE: 0.4610
      MASE: 2.7027
      ND: 0.4612
      CRPS: 0.3702
  Completed: 15 series × 4 windows
  Output: /fslarge/scratch/users/h61084/codes/improved/outputs/channels_comparison/tasks/univariate/chronos2/univariate/Global_Influenza/W/short/run_0

============================================================
All experiments completed!
Results saved to: /scratch/users/h61084/codes/improved/outputs/channels_comparison/tasks/univariate
============================================================

############################################################
# Dataset 20/38: Crypto/D
############################################################
Loading configuration...

============================================================
Dataset: Crypto/D
Model: amazon/chronos-2
Checkpoint: /fslarge/scratch/users/h61084/weights/chronos2
Terms: ['short']
Covariate mode: none
============================================================

--- Term: short ---
  Config: prediction_length=30, test_length=273, val_length=92
TIME run allocation action=new run=/fslarge/scratch/users/h61084/codes/improved/outputs/channels_comparison/tasks/univariate/chronos2/univariate/Crypto/D/short/run_0 launch_id=selena_channels_20260906T123941Z_31210 slurm_job_id=3164005 launched_at=2026-09-06T13:27:46.026085+00:00
  Initializing Chronos pipeline (/fslarge/scratch/users/h61084/weights/chronos2)...
  Dataset info:
    - Frequency: D
    - Num series: 1
    - Target dim: 4
    - Target mode: univariate
    - Covariate channels: 0
    - Series length: min=2842, max=2842, avg=2842.0
    - Test split: 273 steps
    - Prediction length: 30
    - Windows: 9
    Total instances: 36, Series during experiment: 4, Windows: 9
    Collecting ground truth and context...
    Detected to_univariate case: 4 flat series -> 1 series x 4 variates
    Organizing data into arrays...
    ⚠️  Predictions max value (127870.14) exceeds float16 safe range.
    ⚠️  Applying scale factor: 10 (values will be divided)
    Saved predictions (quantiles) to /fslarge/scratch/users/h61084/codes/improved/outputs/channels_comparison/tasks/univariate/chronos2/univariate/Crypto/D/short/run_0/predictions.npz
    Computing per-window metrics...
    Saved metrics to /fslarge/scratch/users/h61084/codes/improved/outputs/channels_comparison/tasks/univariate/chronos2/univariate/Crypto/D/short/run_0/metrics.npz
    Saved config to /fslarge/scratch/users/h61084/codes/improved/outputs/channels_comparison/tasks/univariate/chronos2/univariate/Crypto/D/short/run_0/config.json
    Saved aggregate metrics to /fslarge/scratch/users/h61084/codes/improved/outputs/channels_comparison/tasks/univariate/chronos2/univariate/Crypto/D/short/run_0/metrics_summary.json
    Metrics summary (averaged over all series/windows/variates):
      MSE: 13407378.4534
      MAE: 1476.1533
      RMSE: 1767.7677
      MAPE: 0.0932
      sMAPE: 0.0935
      MASE: 6.4147
      ND: 0.0945
      CRPS: 0.0759
  Completed: 1 series × 9 windows
  Output: /fslarge/scratch/users/h61084/codes/improved/outputs/channels_comparison/tasks/univariate/chronos2/univariate/Crypto/D/short/run_0

============================================================
All experiments completed!
Results saved to: /scratch/users/h61084/codes/improved/outputs/channels_comparison/tasks/univariate
============================================================

############################################################
# Dataset 21/38: US_Term_Structure/B
############################################################
Loading configuration...

============================================================
Dataset: US_Term_Structure/B
Model: amazon/chronos-2
Checkpoint: /fslarge/scratch/users/h61084/weights/chronos2
Terms: ['short']
Covariate mode: none
============================================================

--- Term: short ---
  Config: prediction_length=20, test_length=717, val_length=100
TIME run allocation action=new run=/fslarge/scratch/users/h61084/codes/improved/outputs/channels_comparison/tasks/univariate/chronos2/univariate/US_Term_Structure/B/short/run_0 launch_id=selena_channels_20260906T123941Z_31210 slurm_job_id=3164005 launched_at=2026-09-06T13:27:46.429191+00:00
  Initializing Chronos pipeline (/fslarge/scratch/users/h61084/weights/chronos2)...
  Dataset info:
    - Frequency: B
    - Num series: 1
    - Target dim: 40
    - Target mode: univariate
    - Covariate channels: 0
    - Series length: min=9326, max=9326, avg=9326.0
    - Test split: 717 steps
    - Prediction length: 20
    - Windows: 35
    Processed 160/1400...
    Processed 320/1400...
    Processed 480/1400...
    Processed 640/1400...
    Processed 800/1400...
    Processed 960/1400...
    Processed 1120/1400...
    Processed 1280/1400...
    Total instances: 1400, Series during experiment: 40, Windows: 35
    Collecting ground truth and context...
    Detected to_univariate case: 40 flat series -> 1 series x 40 variates
    Organizing data into arrays...
    Saved predictions (quantiles) to /fslarge/scratch/users/h61084/codes/improved/outputs/channels_comparison/tasks/univariate/chronos2/univariate/US_Term_Structure/B/short/run_0/predictions.npz
    Computing per-window metrics...
    Saved metrics to /fslarge/scratch/users/h61084/codes/improved/outputs/channels_comparison/tasks/univariate/chronos2/univariate/US_Term_Structure/B/short/run_0/metrics.npz
    Saved config to /fslarge/scratch/users/h61084/codes/improved/outputs/channels_comparison/tasks/univariate/chronos2/univariate/US_Term_Structure/B/short/run_0/config.json
    Saved aggregate metrics to /fslarge/scratch/users/h61084/codes/improved/outputs/channels_comparison/tasks/univariate/chronos2/univariate/US_Term_Structure/B/short/run_0/metrics_summary.json
    Metrics summary (averaged over all series/windows/variates):
      MSE: 0.0231
      MAE: 0.1021
      RMSE: 0.1227
      MAPE: 0.9472
      sMAPE: 0.2692
      MASE: 1.4983
      ND: 0.2605
      CRPS: 0.2083
  Completed: 1 series × 35 windows
  Output: /fslarge/scratch/users/h61084/codes/improved/outputs/channels_comparison/tasks/univariate/chronos2/univariate/US_Term_Structure/B/short/run_0

============================================================
All experiments completed!
Results saved to: /scratch/users/h61084/codes/improved/outputs/channels_comparison/tasks/univariate
============================================================

############################################################
# Dataset 22/38: Oil_Price/B
############################################################
Loading configuration...

============================================================
Dataset: Oil_Price/B
Model: amazon/chronos-2
Checkpoint: /fslarge/scratch/users/h61084/weights/chronos2
Terms: ['short']
Covariate mode: none
============================================================

--- Term: short ---
  Config: prediction_length=20, test_length=717, val_length=100
TIME run allocation action=new run=/fslarge/scratch/users/h61084/codes/improved/outputs/channels_comparison/tasks/univariate/chronos2/univariate/Oil_Price/B/short/run_0 launch_id=selena_channels_20260906T123941Z_31210 slurm_job_id=3164005 launched_at=2026-09-06T13:27:53.772065+00:00
  Initializing Chronos pipeline (/fslarge/scratch/users/h61084/weights/chronos2)...
  Dataset info:
    - Frequency: B
    - Num series: 1
    - Target dim: 12
    - Target mode: univariate
    - Covariate channels: 0
    - Series length: min=5035, max=5035, avg=5035.0
    - Test split: 717 steps
    - Prediction length: 20
    - Windows: 35
    Processed 160/420...
    Processed 320/420...
    Total instances: 420, Series during experiment: 12, Windows: 35
    Collecting ground truth and context...
    Detected to_univariate case: 12 flat series -> 1 series x 12 variates
    Organizing data into arrays...
    Saved predictions (quantiles) to /fslarge/scratch/users/h61084/codes/improved/outputs/channels_comparison/tasks/univariate/chronos2/univariate/Oil_Price/B/short/run_0/predictions.npz
    Computing per-window metrics...
    Saved metrics to /fslarge/scratch/users/h61084/codes/improved/outputs/channels_comparison/tasks/univariate/chronos2/univariate/Oil_Price/B/short/run_0/metrics.npz
    Saved config to /fslarge/scratch/users/h61084/codes/improved/outputs/channels_comparison/tasks/univariate/chronos2/univariate/Oil_Price/B/short/run_0/config.json
    Saved aggregate metrics to /fslarge/scratch/users/h61084/codes/improved/outputs/channels_comparison/tasks/univariate/chronos2/univariate/Oil_Price/B/short/run_0/metrics_summary.json
    Metrics summary (averaged over all series/windows/variates):
      MSE: 3.0768
      MAE: 0.6699
      RMSE: 0.7766
      MAPE: 0.0572
      sMAPE: 0.0563
      MASE: 1.3665
      ND: 0.0568
      CRPS: 0.0451
  Completed: 1 series × 35 windows
  Output: /fslarge/scratch/users/h61084/codes/improved/outputs/channels_comparison/tasks/univariate/chronos2/univariate/Oil_Price/B/short/run_0

============================================================
All experiments completed!
Results saved to: /scratch/users/h61084/codes/improved/outputs/channels_comparison/tasks/univariate
============================================================

############################################################
# Dataset 23/38: Job_Claims/W
############################################################
Loading configuration...

============================================================
Dataset: Job_Claims/W
Model: amazon/chronos-2
Checkpoint: /fslarge/scratch/users/h61084/weights/chronos2
Terms: ['short']
Covariate mode: none
============================================================

--- Term: short ---
  Config: prediction_length=13, test_length=52, val_length=13
TIME run allocation action=new run=/fslarge/scratch/users/h61084/codes/improved/outputs/channels_comparison/tasks/univariate/chronos2/univariate/Job_Claims/W/short/run_0 launch_id=selena_channels_20260906T123941Z_31210 slurm_job_id=3164005 launched_at=2026-09-06T13:27:55.206596+00:00
  Initializing Chronos pipeline (/fslarge/scratch/users/h61084/weights/chronos2)...
  Dataset info:
    - Frequency: W
    - Num series: 1
    - Target dim: 2
    - Target mode: univariate
    - Covariate channels: 0
    - Series length: min=196, max=196, avg=196.0
    - Test split: 52 steps
    - Prediction length: 13
    - Windows: 4
    Total instances: 8, Series during experiment: 2, Windows: 4
    Collecting ground truth and context...
    Detected to_univariate case: 2 flat series -> 1 series x 2 variates
    Organizing data into arrays...
    ⚠️  Predictions max value (2021854.25) exceeds float16 safe range.
    ⚠️  Applying scale factor: 100 (values will be divided)
    Saved predictions (quantiles) to /fslarge/scratch/users/h61084/codes/improved/outputs/channels_comparison/tasks/univariate/chronos2/univariate/Job_Claims/W/short/run_0/predictions.npz
    Computing per-window metrics...
    Saved metrics to /fslarge/scratch/users/h61084/codes/improved/outputs/channels_comparison/tasks/univariate/chronos2/univariate/Job_Claims/W/short/run_0/metrics.npz
    Saved config to /fslarge/scratch/users/h61084/codes/improved/outputs/channels_comparison/tasks/univariate/chronos2/univariate/Job_Claims/W/short/run_0/config.json
    Saved aggregate metrics to /fslarge/scratch/users/h61084/codes/improved/outputs/channels_comparison/tasks/univariate/chronos2/univariate/Job_Claims/W/short/run_0/metrics_summary.json
    Metrics summary (averaged over all series/windows/variates):
      MSE: 773731279.6952
      MAE: 18364.7180
      RMSE: 21751.8957
      MAPE: 0.0249
      sMAPE: 0.0252
      MASE: 3.1949
      ND: 0.0250
      CRPS: 0.0200
  Completed: 1 series × 4 windows
  Output: /fslarge/scratch/users/h61084/codes/improved/outputs/channels_comparison/tasks/univariate/chronos2/univariate/Job_Claims/W/short/run_0

============================================================
All experiments completed!
Results saved to: /scratch/users/h61084/codes/improved/outputs/channels_comparison/tasks/univariate
============================================================

############################################################
# Dataset 24/38: Uncertainty_1M/M
############################################################
Loading configuration...

============================================================
Dataset: Uncertainty_1M/M
Model: amazon/chronos-2
Checkpoint: /fslarge/scratch/users/h61084/weights/chronos2
Terms: ['short']
Covariate mode: none
============================================================

--- Term: short ---
  Config: prediction_length=6, test_length=42, val_length=18
TIME run allocation action=new run=/fslarge/scratch/users/h61084/codes/improved/outputs/channels_comparison/tasks/univariate/chronos2/univariate/Uncertainty_1M/M/short/run_0 launch_id=selena_channels_20260906T123941Z_31210 slurm_job_id=3164005 launched_at=2026-09-06T13:27:55.474039+00:00
  Initializing Chronos pipeline (/fslarge/scratch/users/h61084/weights/chronos2)...
  Dataset info:
    - Frequency: M
    - Num series: 1
    - Target dim: 3
    - Target mode: univariate
    - Covariate channels: 0
    - Series length: min=780, max=780, avg=780.0
    - Test split: 42 steps
    - Prediction length: 6
    - Windows: 7
    Total instances: 21, Series during experiment: 3, Windows: 7
    Collecting ground truth and context...
    Detected to_univariate case: 3 flat series -> 1 series x 3 variates
    Organizing data into arrays...
    Saved predictions (quantiles) to /fslarge/scratch/users/h61084/codes/improved/outputs/channels_comparison/tasks/univariate/chronos2/univariate/Uncertainty_1M/M/short/run_0/predictions.npz
    Computing per-window metrics...
    Saved metrics to /fslarge/scratch/users/h61084/codes/improved/outputs/channels_comparison/tasks/univariate/chronos2/univariate/Uncertainty_1M/M/short/run_0/metrics.npz
    Saved config to /fslarge/scratch/users/h61084/codes/improved/outputs/channels_comparison/tasks/univariate/chronos2/univariate/Uncertainty_1M/M/short/run_0/config.json
    Saved aggregate metrics to /fslarge/scratch/users/h61084/codes/improved/outputs/channels_comparison/tasks/univariate/chronos2/univariate/Uncertainty_1M/M/short/run_0/metrics_summary.json
    Metrics summary (averaged over all series/windows/variates):
      MSE: 0.0012
      MAE: 0.0268
      RMSE: 0.0305
      MAPE: 0.0333
      sMAPE: 0.0328
      MASE: 0.3320
      ND: 0.0330
      CRPS: 0.0257
  Completed: 1 series × 7 windows
  Output: /fslarge/scratch/users/h61084/codes/improved/outputs/channels_comparison/tasks/univariate/chronos2/univariate/Uncertainty_1M/M/short/run_0

============================================================
All experiments completed!
Results saved to: /scratch/users/h61084/codes/improved/outputs/channels_comparison/tasks/univariate
============================================================

############################################################
# Dataset 25/38: Housing_Inventory/M
############################################################
Loading configuration...

============================================================
Dataset: Housing_Inventory/M
Model: amazon/chronos-2
Checkpoint: /fslarge/scratch/users/h61084/weights/chronos2
Terms: ['short']
Covariate mode: none
============================================================

--- Term: short ---
  Config: prediction_length=12, test_length=36, val_length=12
TIME run allocation action=new run=/fslarge/scratch/users/h61084/codes/improved/outputs/channels_comparison/tasks/univariate/chronos2/univariate/Housing_Inventory/M/short/run_0 launch_id=selena_channels_20260906T123941Z_31210 slurm_job_id=3164005 launched_at=2026-09-06T13:27:55.760311+00:00
  Initializing Chronos pipeline (/fslarge/scratch/users/h61084/weights/chronos2)...
  Dataset info:
    - Frequency: M
    - Num series: 1
    - Target dim: 4
    - Target mode: univariate
    - Covariate channels: 0
    - Series length: min=114, max=114, avg=114.0
    - Test split: 36 steps
    - Prediction length: 12
    - Windows: 3
    Total instances: 12, Series during experiment: 4, Windows: 3
    Collecting ground truth and context...
    Detected to_univariate case: 4 flat series -> 1 series x 4 variates
    Organizing data into arrays...
    ⚠️  Predictions max value (1165867.62) exceeds float16 safe range.
    ⚠️  Applying scale factor: 100 (values will be divided)
    Saved predictions (quantiles) to /fslarge/scratch/users/h61084/codes/improved/outputs/channels_comparison/tasks/univariate/chronos2/univariate/Housing_Inventory/M/short/run_0/predictions.npz
    Computing per-window metrics...
    Saved metrics to /fslarge/scratch/users/h61084/codes/improved/outputs/channels_comparison/tasks/univariate/chronos2/univariate/Housing_Inventory/M/short/run_0/metrics.npz
    Saved config to /fslarge/scratch/users/h61084/codes/improved/outputs/channels_comparison/tasks/univariate/chronos2/univariate/Housing_Inventory/M/short/run_0/config.json
    Saved aggregate metrics to /fslarge/scratch/users/h61084/codes/improved/outputs/channels_comparison/tasks/univariate/chronos2/univariate/Housing_Inventory/M/short/run_0/metrics_summary.json
    Metrics summary (averaged over all series/windows/variates):
      MSE: 4419964406.4790
      MAE: 31923.6937
      RMSE: 35589.2611
      MAPE: 0.0681
      sMAPE: 0.0690
      MASE: 0.5630
      ND: 0.0687
      CRPS: 0.0524
  Completed: 1 series × 3 windows
  Output: /fslarge/scratch/users/h61084/codes/improved/outputs/channels_comparison/tasks/univariate/chronos2/univariate/Housing_Inventory/M/short/run_0

============================================================
All experiments completed!
Results saved to: /scratch/users/h61084/codes/improved/outputs/channels_comparison/tasks/univariate
============================================================

############################################################
# Dataset 26/38: JOLTS/M
############################################################
Loading configuration...

============================================================
Dataset: JOLTS/M
Model: amazon/chronos-2
Checkpoint: /fslarge/scratch/users/h61084/weights/chronos2
Terms: ['short']
Covariate mode: none
============================================================

--- Term: short ---
  Config: prediction_length=12, test_length=60, val_length=12
TIME run allocation action=new run=/fslarge/scratch/users/h61084/codes/improved/outputs/channels_comparison/tasks/univariate/chronos2/univariate/JOLTS/M/short/run_0 launch_id=selena_channels_20260906T123941Z_31210 slurm_job_id=3164005 launched_at=2026-09-06T13:27:56.029938+00:00
  Initializing Chronos pipeline (/fslarge/scratch/users/h61084/weights/chronos2)...
  Dataset info:
    - Frequency: M
    - Num series: 1
    - Target dim: 6
    - Target mode: univariate
    - Covariate channels: 0
    - Series length: min=297, max=297, avg=297.0
    - Test split: 60 steps
    - Prediction length: 12
    - Windows: 5
    Total instances: 30, Series during experiment: 6, Windows: 5
    Collecting ground truth and context...
    Detected to_univariate case: 6 flat series -> 1 series x 6 variates
    Organizing data into arrays...
    Saved predictions (quantiles) to /fslarge/scratch/users/h61084/codes/improved/outputs/channels_comparison/tasks/univariate/chronos2/univariate/JOLTS/M/short/run_0/predictions.npz
    Computing per-window metrics...
    Saved metrics to /fslarge/scratch/users/h61084/codes/improved/outputs/channels_comparison/tasks/univariate/chronos2/univariate/JOLTS/M/short/run_0/metrics.npz
    Saved config to /fslarge/scratch/users/h61084/codes/improved/outputs/channels_comparison/tasks/univariate/chronos2/univariate/JOLTS/M/short/run_0/config.json
    Saved aggregate metrics to /fslarge/scratch/users/h61084/codes/improved/outputs/channels_comparison/tasks/univariate/chronos2/univariate/JOLTS/M/short/run_0/metrics_summary.json
    Metrics summary (averaged over all series/windows/variates):
      MSE: 434621.6634
      MAE: 326.8781
      RMSE: 391.4142
      MAPE: 0.0783
      sMAPE: 0.0788
      MASE: 1.0340
      ND: 0.0784
      CRPS: 0.0637
  Completed: 1 series × 5 windows
  Output: /fslarge/scratch/users/h61084/codes/improved/outputs/channels_comparison/tasks/univariate/chronos2/univariate/JOLTS/M/short/run_0

============================================================
All experiments completed!
Results saved to: /scratch/users/h61084/codes/improved/outputs/channels_comparison/tasks/univariate
============================================================

############################################################
# Dataset 27/38: US_Labor/M
############################################################
Loading configuration...

============================================================
Dataset: US_Labor/M
Model: amazon/chronos-2
Checkpoint: /fslarge/scratch/users/h61084/weights/chronos2
Terms: ['short']
Covariate mode: none
============================================================

--- Term: short ---
  Config: prediction_length=12, test_length=60, val_length=12
TIME run allocation action=new run=/fslarge/scratch/users/h61084/codes/improved/outputs/channels_comparison/tasks/univariate/chronos2/univariate/US_Labor/M/short/run_0 launch_id=selena_channels_20260906T123941Z_31210 slurm_job_id=3164005 launched_at=2026-09-06T13:27:56.318064+00:00
  Initializing Chronos pipeline (/fslarge/scratch/users/h61084/weights/chronos2)...
  Dataset info:
    - Frequency: M
    - Num series: 1
    - Target dim: 14
    - Target mode: univariate
    - Covariate channels: 0
    - Series length: min=380, max=380, avg=380.0
    - Test split: 60 steps
    - Prediction length: 12
    - Windows: 5
    Total instances: 70, Series during experiment: 14, Windows: 5
    Collecting ground truth and context...
    Detected to_univariate case: 14 flat series -> 1 series x 14 variates
    Organizing data into arrays...
    ⚠️  Predictions max value (172096.23) exceeds float16 safe range.
    ⚠️  Applying scale factor: 10 (values will be divided)
    Saved predictions (quantiles) to /fslarge/scratch/users/h61084/codes/improved/outputs/channels_comparison/tasks/univariate/chronos2/univariate/US_Labor/M/short/run_0/predictions.npz
    Computing per-window metrics...
    Saved metrics to /fslarge/scratch/users/h61084/codes/improved/outputs/channels_comparison/tasks/univariate/chronos2/univariate/US_Labor/M/short/run_0/metrics.npz
    Saved config to /fslarge/scratch/users/h61084/codes/improved/outputs/channels_comparison/tasks/univariate/chronos2/univariate/US_Labor/M/short/run_0/config.json
    Saved aggregate metrics to /fslarge/scratch/users/h61084/codes/improved/outputs/channels_comparison/tasks/univariate/chronos2/univariate/US_Labor/M/short/run_0/metrics_summary.json
    Metrics summary (averaged over all series/windows/variates):
      MSE: 473194.6743
      MAE: 338.2949
      RMSE: 383.6733
      MAPE: 0.0621
      sMAPE: 0.0595
      MASE: 0.8665
      ND: 0.0622
      CRPS: 0.0507
  Completed: 1 series × 5 windows
  Output: /fslarge/scratch/users/h61084/codes/improved/outputs/channels_comparison/tasks/univariate/chronos2/univariate/US_Labor/M/short/run_0

============================================================
All experiments completed!
Results saved to: /scratch/users/h61084/codes/improved/outputs/channels_comparison/tasks/univariate
============================================================

############################################################
# Dataset 28/38: Vehicle_Supply/M
############################################################
Loading configuration...

============================================================
Dataset: Vehicle_Supply/M
Model: amazon/chronos-2
Checkpoint: /fslarge/scratch/users/h61084/weights/chronos2
Terms: ['short']
Covariate mode: none
============================================================

--- Term: short ---
  Config: prediction_length=12, test_length=60, val_length=12
TIME run allocation action=new run=/fslarge/scratch/users/h61084/codes/improved/outputs/channels_comparison/tasks/univariate/chronos2/univariate/Vehicle_Supply/M/short/run_0 launch_id=selena_channels_20260906T123941Z_31210 slurm_job_id=3164005 launched_at=2026-09-06T13:27:56.657644+00:00
  Initializing Chronos pipeline (/fslarge/scratch/users/h61084/weights/chronos2)...
  Dataset info:
    - Frequency: M
    - Num series: 1
    - Target dim: 6
    - Target mode: univariate
    - Covariate channels: 0
    - Series length: min=391, max=391, avg=391.0
    - Test split: 60 steps
    - Prediction length: 12
    - Windows: 5
    Total instances: 30, Series during experiment: 6, Windows: 5
    Collecting ground truth and context...
    Detected to_univariate case: 6 flat series -> 1 series x 6 variates
    Organizing data into arrays...
    Saved predictions (quantiles) to /fslarge/scratch/users/h61084/codes/improved/outputs/channels_comparison/tasks/univariate/chronos2/univariate/Vehicle_Supply/M/short/run_0/predictions.npz
    Computing per-window metrics...
    Saved metrics to /fslarge/scratch/users/h61084/codes/improved/outputs/channels_comparison/tasks/univariate/chronos2/univariate/Vehicle_Supply/M/short/run_0/metrics.npz
    Saved config to /fslarge/scratch/users/h61084/codes/improved/outputs/channels_comparison/tasks/univariate/chronos2/univariate/Vehicle_Supply/M/short/run_0/config.json
    Saved aggregate metrics to /fslarge/scratch/users/h61084/codes/improved/outputs/channels_comparison/tasks/univariate/chronos2/univariate/Vehicle_Supply/M/short/run_0/metrics_summary.json
    Metrics summary (averaged over all series/windows/variates):
      MSE: 2704.5856
      MAE: 22.3202
      RMSE: 26.4496
      MAPE: 0.2518
      sMAPE: 0.2109
      MASE: 0.8042
      ND: 0.2309
      CRPS: 0.1831
  Completed: 1 series × 5 windows
  Output: /fslarge/scratch/users/h61084/codes/improved/outputs/channels_comparison/tasks/univariate/chronos2/univariate/Vehicle_Supply/M/short/run_0

============================================================
All experiments completed!
Results saved to: /scratch/users/h61084/codes/improved/outputs/channels_comparison/tasks/univariate
============================================================

############################################################
# Dataset 29/38: WUI_Global/Q
############################################################
Loading configuration...

============================================================
Dataset: WUI_Global/Q
Model: amazon/chronos-2
Checkpoint: /fslarge/scratch/users/h61084/weights/chronos2
Terms: ['short']
Covariate mode: none
============================================================

--- Term: short ---
  Config: prediction_length=4, test_length=20, val_length=20
TIME run allocation action=new run=/fslarge/scratch/users/h61084/codes/improved/outputs/channels_comparison/tasks/univariate/chronos2/univariate/WUI_Global/Q/short/run_0 launch_id=selena_channels_20260906T123941Z_31210 slurm_job_id=3164005 launched_at=2026-09-06T13:27:56.945978+00:00
  Initializing Chronos pipeline (/fslarge/scratch/users/h61084/weights/chronos2)...
  Dataset info:
    - Frequency: Q
    - Num series: 1
    - Target dim: 15
    - Target mode: univariate
    - Covariate channels: 0
    - Series length: min=294, max=294, avg=294.0
    - Test split: 20 steps
    - Prediction length: 4
    - Windows: 5
    Total instances: 75, Series during experiment: 15, Windows: 5
    Collecting ground truth and context...
    Detected to_univariate case: 15 flat series -> 1 series x 15 variates
    Organizing data into arrays...
    Saved predictions (quantiles) to /fslarge/scratch/users/h61084/codes/improved/outputs/channels_comparison/tasks/univariate/chronos2/univariate/WUI_Global/Q/short/run_0/predictions.npz
    Computing per-window metrics...
    Saved metrics to /fslarge/scratch/users/h61084/codes/improved/outputs/channels_comparison/tasks/univariate/chronos2/univariate/WUI_Global/Q/short/run_0/metrics.npz
    Saved config to /fslarge/scratch/users/h61084/codes/improved/outputs/channels_comparison/tasks/univariate/chronos2/univariate/WUI_Global/Q/short/run_0/config.json
    Saved aggregate metrics to /fslarge/scratch/users/h61084/codes/improved/outputs/channels_comparison/tasks/univariate/chronos2/univariate/WUI_Global/Q/short/run_0/metrics_summary.json
    Metrics summary (averaged over all series/windows/variates):
      MSE: 0.0486
      MAE: 0.1480
      RMSE: 0.1749
      MAPE: 0.5793
      sMAPE: 0.6437
      MASE: 0.9822
      ND: 0.6727
      CRPS: 0.5194
  Completed: 1 series × 5 windows
  Output: /fslarge/scratch/users/h61084/codes/improved/outputs/channels_comparison/tasks/univariate/chronos2/univariate/WUI_Global/Q/short/run_0

============================================================
All experiments completed!
Results saved to: /scratch/users/h61084/codes/improved/outputs/channels_comparison/tasks/univariate
============================================================

############################################################
# Dataset 30/38: Global_Price/Q
############################################################
Loading configuration...

============================================================
Dataset: Global_Price/Q
Model: amazon/chronos-2
Checkpoint: /fslarge/scratch/users/h61084/weights/chronos2
Terms: ['short']
Covariate mode: none
============================================================

--- Term: short ---
  Config: prediction_length=4, test_length=20, val_length=8
TIME run allocation action=new run=/fslarge/scratch/users/h61084/codes/improved/outputs/channels_comparison/tasks/univariate/chronos2/univariate/Global_Price/Q/short/run_0 launch_id=selena_channels_20260906T123941Z_31210 slurm_job_id=3164005 launched_at=2026-09-06T13:27:57.287900+00:00
  Initializing Chronos pipeline (/fslarge/scratch/users/h61084/weights/chronos2)...
  Dataset info:
    - Frequency: Q
    - Num series: 1
    - Target dim: 60
    - Target mode: univariate
    - Covariate channels: 0
    - Series length: min=142, max=142, avg=142.0
    - Test split: 20 steps
    - Prediction length: 4
    - Windows: 5
    Processed 160/300...
    Total instances: 300, Series during experiment: 60, Windows: 5
    Collecting ground truth and context...
    Detected to_univariate case: 60 flat series -> 1 series x 60 variates
    Organizing data into arrays...
    Saved predictions (quantiles) to /fslarge/scratch/users/h61084/codes/improved/outputs/channels_comparison/tasks/univariate/chronos2/univariate/Global_Price/Q/short/run_0/predictions.npz
    Computing per-window metrics...
    Saved metrics to /fslarge/scratch/users/h61084/codes/improved/outputs/channels_comparison/tasks/univariate/chronos2/univariate/Global_Price/Q/short/run_0/metrics.npz
    Saved config to /fslarge/scratch/users/h61084/codes/improved/outputs/channels_comparison/tasks/univariate/chronos2/univariate/Global_Price/Q/short/run_0/config.json
    Saved aggregate metrics to /fslarge/scratch/users/h61084/codes/improved/outputs/channels_comparison/tasks/univariate/chronos2/univariate/Global_Price/Q/short/run_0/metrics_summary.json
    Metrics summary (averaged over all series/windows/variates):
      MSE: 1781287.6973
      MAE: 313.4901
      RMSE: 353.6570
      MAPE: 0.1798
      sMAPE: 0.1925
      MASE: 1.5801
      ND: 0.1810
      CRPS: 0.1474
  Completed: 1 series × 5 windows
  Output: /fslarge/scratch/users/h61084/codes/improved/outputs/channels_comparison/tasks/univariate/chronos2/univariate/Global_Price/Q/short/run_0

============================================================
All experiments completed!
Results saved to: /scratch/users/h61084/codes/improved/outputs/channels_comparison/tasks/univariate
============================================================

############################################################
# Dataset 31/38: Vehicle_Sales/M
############################################################
Loading configuration...

============================================================
Dataset: Vehicle_Sales/M
Model: amazon/chronos-2
Checkpoint: /fslarge/scratch/users/h61084/weights/chronos2
Terms: ['short']
Covariate mode: none
============================================================

--- Term: short ---
  Config: prediction_length=12, test_length=60, val_length=12
TIME run allocation action=new run=/fslarge/scratch/users/h61084/codes/improved/outputs/channels_comparison/tasks/univariate/chronos2/univariate/Vehicle_Sales/M/short/run_0 launch_id=selena_channels_20260906T123941Z_31210 slurm_job_id=3164005 launched_at=2026-09-06T13:27:57.873466+00:00
  Initializing Chronos pipeline (/fslarge/scratch/users/h61084/weights/chronos2)...
  Dataset info:
    - Frequency: M
    - Num series: 1
    - Target dim: 10
    - Target mode: univariate
    - Covariate channels: 0
    - Series length: min=596, max=596, avg=596.0
    - Test split: 60 steps
    - Prediction length: 12
    - Windows: 5
    Total instances: 50, Series during experiment: 10, Windows: 5
    Collecting ground truth and context...
    Detected to_univariate case: 10 flat series -> 1 series x 10 variates
    Organizing data into arrays...
    Saved predictions (quantiles) to /fslarge/scratch/users/h61084/codes/improved/outputs/channels_comparison/tasks/univariate/chronos2/univariate/Vehicle_Sales/M/short/run_0/predictions.npz
    Computing per-window metrics...
    Saved metrics to /fslarge/scratch/users/h61084/codes/improved/outputs/channels_comparison/tasks/univariate/chronos2/univariate/Vehicle_Sales/M/short/run_0/metrics.npz
    Saved config to /fslarge/scratch/users/h61084/codes/improved/outputs/channels_comparison/tasks/univariate/chronos2/univariate/Vehicle_Sales/M/short/run_0/config.json
    Saved aggregate metrics to /fslarge/scratch/users/h61084/codes/improved/outputs/channels_comparison/tasks/univariate/chronos2/univariate/Vehicle_Sales/M/short/run_0/metrics_summary.json
    Metrics summary (averaged over all series/windows/variates):
      MSE: 2666.5871
      MAE: 13.7315
      RMSE: 15.3027
      MAPE: 0.0899
      sMAPE: 0.0885
      MASE: 0.8236
      ND: 0.0900
      CRPS: 0.0688
  Completed: 1 series × 5 windows
  Output: /fslarge/scratch/users/h61084/codes/improved/outputs/channels_comparison/tasks/univariate/chronos2/univariate/Vehicle_Sales/M/short/run_0

============================================================
All experiments completed!
Results saved to: /scratch/users/h61084/codes/improved/outputs/channels_comparison/tasks/univariate
============================================================

############################################################
# Dataset 32/38: Supply_Chain_Customer/D
############################################################
Loading configuration...

============================================================
Dataset: Supply_Chain_Customer/D
Model: amazon/chronos-2
Checkpoint: /fslarge/scratch/users/h61084/weights/chronos2
Terms: ['short']
Covariate mode: none
============================================================

--- Term: short ---
  Config: prediction_length=30, test_length=365, val_length=90
TIME run allocation action=new run=/fslarge/scratch/users/h61084/codes/improved/outputs/channels_comparison/tasks/univariate/chronos2/univariate/Supply_Chain_Customer/D/short/run_0 launch_id=selena_channels_20260906T123941Z_31210 slurm_job_id=3164005 launched_at=2026-09-06T13:27:58.209526+00:00
  Initializing Chronos pipeline (/fslarge/scratch/users/h61084/weights/chronos2)...
  Dataset info:
    - Frequency: D
    - Num series: 1
    - Target dim: 36
    - Target mode: univariate
    - Covariate channels: 0
    - Series length: min=2007, max=2007, avg=2007.0
    - Test split: 365 steps
    - Prediction length: 30
    - Windows: 12
    Processed 160/432...
    Processed 320/432...
    Total instances: 432, Series during experiment: 36, Windows: 12
    Collecting ground truth and context...
    Detected to_univariate case: 36 flat series -> 1 series x 36 variates
    Organizing data into arrays...
    ⚠️  Predictions max value (258604.41) exceeds float16 safe range.
    ⚠️  Applying scale factor: 10 (values will be divided)
    Saved predictions (quantiles) to /fslarge/scratch/users/h61084/codes/improved/outputs/channels_comparison/tasks/univariate/chronos2/univariate/Supply_Chain_Customer/D/short/run_0/predictions.npz
    Computing per-window metrics...
    Saved metrics to /fslarge/scratch/users/h61084/codes/improved/outputs/channels_comparison/tasks/univariate/chronos2/univariate/Supply_Chain_Customer/D/short/run_0/metrics.npz
    Saved config to /fslarge/scratch/users/h61084/codes/improved/outputs/channels_comparison/tasks/univariate/chronos2/univariate/Supply_Chain_Customer/D/short/run_0/config.json
    Saved aggregate metrics to /fslarge/scratch/users/h61084/codes/improved/outputs/channels_comparison/tasks/univariate/chronos2/univariate/Supply_Chain_Customer/D/short/run_0/metrics_summary.json
    Metrics summary (averaged over all series/windows/variates):
      MSE: 29400552.8512
      MAE: 1553.1127
      RMSE: 2207.4213
      MAPE: 0.4072
      sMAPE: 0.3825
      MASE: 0.5576
      ND: 0.3354
      CRPS: 0.2600
  Completed: 1 series × 12 windows
  Output: /fslarge/scratch/users/h61084/codes/improved/outputs/channels_comparison/tasks/univariate/chronos2/univariate/Supply_Chain_Customer/D/short/run_0

============================================================
All experiments completed!
Results saved to: /scratch/users/h61084/codes/improved/outputs/channels_comparison/tasks/univariate
============================================================

############################################################
# Dataset 33/38: Supply_Chain_Location/D
############################################################
Loading configuration...

============================================================
Dataset: Supply_Chain_Location/D
Model: amazon/chronos-2
Checkpoint: /fslarge/scratch/users/h61084/weights/chronos2
Terms: ['short']
Covariate mode: none
============================================================

--- Term: short ---
  Config: prediction_length=30, test_length=365, val_length=90
TIME run allocation action=new run=/fslarge/scratch/users/h61084/codes/improved/outputs/channels_comparison/tasks/univariate/chronos2/univariate/Supply_Chain_Location/D/short/run_0 launch_id=selena_channels_20260906T123941Z_31210 slurm_job_id=3164005 launched_at=2026-09-06T13:27:59.129194+00:00
  Initializing Chronos pipeline (/fslarge/scratch/users/h61084/weights/chronos2)...
  Dataset info:
    - Frequency: D
    - Num series: 1
    - Target dim: 51
    - Target mode: univariate
    - Covariate channels: 0
    - Series length: min=2007, max=2007, avg=2007.0
    - Test split: 365 steps
    - Prediction length: 30
    - Windows: 12
    Processed 160/612...
    Processed 320/612...
    Processed 480/612...
    Total instances: 612, Series during experiment: 51, Windows: 12
    Collecting ground truth and context...
    Detected to_univariate case: 51 flat series -> 1 series x 51 variates
    Organizing data into arrays...
    ⚠️  Predictions max value (119184.34) exceeds float16 safe range.
    ⚠️  Applying scale factor: 10 (values will be divided)
    Saved predictions (quantiles) to /fslarge/scratch/users/h61084/codes/improved/outputs/channels_comparison/tasks/univariate/chronos2/univariate/Supply_Chain_Location/D/short/run_0/predictions.npz
    Computing per-window metrics...
    Saved metrics to /fslarge/scratch/users/h61084/codes/improved/outputs/channels_comparison/tasks/univariate/chronos2/univariate/Supply_Chain_Location/D/short/run_0/metrics.npz
    Saved config to /fslarge/scratch/users/h61084/codes/improved/outputs/channels_comparison/tasks/univariate/chronos2/univariate/Supply_Chain_Location/D/short/run_0/config.json
    Saved aggregate metrics to /fslarge/scratch/users/h61084/codes/improved/outputs/channels_comparison/tasks/univariate/chronos2/univariate/Supply_Chain_Location/D/short/run_0/metrics_summary.json
    Metrics summary (averaged over all series/windows/variates):
      MSE: 19273967.9560
      MAE: 1714.7489
      RMSE: 2278.6413
      MAPE: 0.4863
      sMAPE: 0.3920
      MASE: 0.6095
      ND: 0.3586
      CRPS: 0.2725
  Completed: 1 series × 12 windows
  Output: /fslarge/scratch/users/h61084/codes/improved/outputs/channels_comparison/tasks/univariate/chronos2/univariate/Supply_Chain_Location/D/short/run_0

============================================================
All experiments completed!
Results saved to: /scratch/users/h61084/codes/improved/outputs/channels_comparison/tasks/univariate
============================================================

############################################################
# Dataset 34/38: azure2019_D/5T
############################################################
Loading configuration...

============================================================
Dataset: azure2019_D/5T
Model: amazon/chronos-2
Checkpoint: /fslarge/scratch/users/h61084/weights/chronos2
Terms: ['short']
Covariate mode: none
============================================================

--- Term: short ---
  Config: prediction_length=288, test_length=864, val_length=864
TIME run allocation action=new run=/fslarge/scratch/users/h61084/codes/improved/outputs/channels_comparison/tasks/univariate/chronos2/univariate/azure2019_D/5T/short/run_0 launch_id=selena_channels_20260906T123941Z_31210 slurm_job_id=3164005 launched_at=2026-09-06T13:28:00.404447+00:00
  Initializing Chronos pipeline (/fslarge/scratch/users/h61084/weights/chronos2)...
  Dataset info:
    - Frequency: 5T
    - Num series: 989
    - Target dim: 3
    - Target mode: univariate
    - Covariate channels: 0
    - Series length: min=8073, max=8639, avg=8627.0
    - Test split: 864 steps
    - Prediction length: 288
    - Windows: 3
    Processed 160/8901...
    Processed 320/8901...
    Processed 480/8901...
    Processed 640/8901...
    Processed 800/8901...
    Processed 960/8901...
    Processed 1120/8901...
    Processed 1280/8901...
    Processed 1440/8901...
    Processed 1600/8901...
    Processed 1760/8901...
    Processed 1920/8901...
    Processed 2080/8901...
    Processed 2240/8901...
    Processed 2400/8901...
    Processed 2560/8901...
    Processed 2720/8901...
    Processed 2880/8901...
    Processed 3040/8901...
    Processed 3200/8901...
    Processed 3360/8901...
    Processed 3520/8901...
    Processed 3680/8901...
    Processed 3840/8901...
    Processed 4000/8901...
    Processed 4160/8901...
    Processed 4320/8901...
    Processed 4480/8901...
    Processed 4640/8901...
    Processed 4800/8901...
    Processed 4960/8901...
    Processed 5120/8901...
    Processed 5280/8901...
    Processed 5440/8901...
    Processed 5600/8901...
    Processed 5760/8901...
    Processed 5920/8901...
    Processed 6080/8901...
    Processed 6240/8901...
    Processed 6400/8901...
    Processed 6560/8901...
    Processed 6720/8901...
    Processed 6880/8901...
    Processed 7040/8901...
    Processed 7200/8901...
    Processed 7360/8901...
    Processed 7520/8901...
    Processed 7680/8901...
    Processed 7840/8901...
    Processed 8000/8901...
    Processed 8160/8901...
    Processed 8320/8901...
    Processed 8480/8901...
    Processed 8640/8901...
    Processed 8800/8901...
    Total instances: 8901, Series during experiment: 2967, Windows: 3
    Collecting ground truth and context...
    Detected to_univariate case: 2967 flat series -> 989 series x 3 variates
    Organizing data into arrays...
    Saved predictions (quantiles) to /fslarge/scratch/users/h61084/codes/improved/outputs/channels_comparison/tasks/univariate/chronos2/univariate/azure2019_D/5T/short/run_0/predictions.npz
    Computing per-window metrics...
    Saved metrics to /fslarge/scratch/users/h61084/codes/improved/outputs/channels_comparison/tasks/univariate/chronos2/univariate/azure2019_D/5T/short/run_0/metrics.npz
    Saved config to /fslarge/scratch/users/h61084/codes/improved/outputs/channels_comparison/tasks/univariate/chronos2/univariate/azure2019_D/5T/short/run_0/config.json
    Saved aggregate metrics to /fslarge/scratch/users/h61084/codes/improved/outputs/channels_comparison/tasks/univariate/chronos2/univariate/azure2019_D/5T/short/run_0/metrics_summary.json
    Metrics summary (averaged over all series/windows/variates):
      MSE: 56.4783
      MAE: 2.5913
      RMSE: 3.6721
      MAPE: 0.1969
      sMAPE: 0.1671
      MASE: 0.7139
      ND: 0.1700
      CRPS: 0.1380
  Completed: 989 series × 3 windows
  Output: /fslarge/scratch/users/h61084/codes/improved/outputs/channels_comparison/tasks/univariate/chronos2/univariate/azure2019_D/5T/short/run_0

============================================================
All experiments completed!
Results saved to: /scratch/users/h61084/codes/improved/outputs/channels_comparison/tasks/univariate
============================================================

############################################################
# Dataset 35/38: azure2019_I/5T
############################################################
Loading configuration...

============================================================
Dataset: azure2019_I/5T
Model: amazon/chronos-2
Checkpoint: /fslarge/scratch/users/h61084/weights/chronos2
Terms: ['short']
Covariate mode: none
============================================================

--- Term: short ---
  Config: prediction_length=288, test_length=864, val_length=864
TIME run allocation action=new run=/fslarge/scratch/users/h61084/codes/improved/outputs/channels_comparison/tasks/univariate/chronos2/univariate/azure2019_I/5T/short/run_0 launch_id=selena_channels_20260906T123941Z_31210 slurm_job_id=3164005 launched_at=2026-09-06T13:28:51.800853+00:00
  Initializing Chronos pipeline (/fslarge/scratch/users/h61084/weights/chronos2)...
  Dataset info:
    - Frequency: 5T
    - Num series: 492
    - Target dim: 3
    - Target mode: univariate
    - Covariate channels: 0
    - Series length: min=8250, max=8639, avg=8630.4
    - Test split: 864 steps
    - Prediction length: 288
    - Windows: 3
    Processed 160/4428...
    Processed 320/4428...
    Processed 480/4428...
    Processed 640/4428...
    Processed 800/4428...
    Processed 960/4428...
    Processed 1120/4428...
    Processed 1280/4428...
    Processed 1440/4428...
    Processed 1600/4428...
    Processed 1760/4428...
    Processed 1920/4428...
    Processed 2080/4428...
    Processed 2240/4428...
    Processed 2400/4428...
    Processed 2560/4428...
    Processed 2720/4428...
    Processed 2880/4428...
    Processed 3040/4428...
    Processed 3200/4428...
    Processed 3360/4428...
    Processed 3520/4428...
    Processed 3680/4428...
    Processed 3840/4428...
    Processed 4000/4428...
    Processed 4160/4428...
    Processed 4320/4428...
    Total instances: 4428, Series during experiment: 1476, Windows: 3
    Collecting ground truth and context...
    Detected to_univariate case: 1476 flat series -> 492 series x 3 variates
    Organizing data into arrays...
    Saved predictions (quantiles) to /fslarge/scratch/users/h61084/codes/improved/outputs/channels_comparison/tasks/univariate/chronos2/univariate/azure2019_I/5T/short/run_0/predictions.npz
    Computing per-window metrics...
    Saved metrics to /fslarge/scratch/users/h61084/codes/improved/outputs/channels_comparison/tasks/univariate/chronos2/univariate/azure2019_I/5T/short/run_0/metrics.npz
    Saved config to /fslarge/scratch/users/h61084/codes/improved/outputs/channels_comparison/tasks/univariate/chronos2/univariate/azure2019_I/5T/short/run_0/config.json
    Saved aggregate metrics to /fslarge/scratch/users/h61084/codes/improved/outputs/channels_comparison/tasks/univariate/chronos2/univariate/azure2019_I/5T/short/run_0/metrics_summary.json
    Metrics summary (averaged over all series/windows/variates):
      MSE: 45.2742
      MAE: 2.1450
      RMSE: 3.2101
      MAPE: 0.1791
      sMAPE: 0.1450
      MASE: 0.6721
      ND: 0.1518
      CRPS: 0.1222
  Completed: 492 series × 3 windows
  Output: /fslarge/scratch/users/h61084/codes/improved/outputs/channels_comparison/tasks/univariate/chronos2/univariate/azure2019_I/5T/short/run_0

============================================================
All experiments completed!
Results saved to: /scratch/users/h61084/codes/improved/outputs/channels_comparison/tasks/univariate
============================================================

############################################################
# Dataset 36/38: azure2019_U/5T
############################################################
Loading configuration...

============================================================
Dataset: azure2019_U/5T
Model: amazon/chronos-2
Checkpoint: /fslarge/scratch/users/h61084/weights/chronos2
Terms: ['short']
Covariate mode: none
============================================================

--- Term: short ---
  Config: prediction_length=48, test_length=288, val_length=96
TIME run allocation action=new run=/fslarge/scratch/users/h61084/codes/improved/outputs/channels_comparison/tasks/univariate/chronos2/univariate/azure2019_U/5T/short/run_0 launch_id=selena_channels_20260906T123941Z_31210 slurm_job_id=3164005 launched_at=2026-09-06T13:29:17.399597+00:00
  Initializing Chronos pipeline (/fslarge/scratch/users/h61084/weights/chronos2)...
  Dataset info:
    - Frequency: 5T
    - Num series: 78
    - Target dim: 3
    - Target mode: univariate
    - Covariate channels: 0
    - Series length: min=882, max=2006, avg=1406.1
    - Test split: 288 steps
    - Prediction length: 48
    - Windows: 6
    Processed 160/1404...
    Processed 320/1404...
    Processed 480/1404...
    Processed 640/1404...
    Processed 800/1404...
    Processed 960/1404...
    Processed 1120/1404...
    Processed 1280/1404...
    Total instances: 1404, Series during experiment: 234, Windows: 6
    Collecting ground truth and context...
    Detected to_univariate case: 234 flat series -> 78 series x 3 variates
    Organizing data into arrays...
    Saved predictions (quantiles) to /fslarge/scratch/users/h61084/codes/improved/outputs/channels_comparison/tasks/univariate/chronos2/univariate/azure2019_U/5T/short/run_0/predictions.npz
    Computing per-window metrics...
    Saved metrics to /fslarge/scratch/users/h61084/codes/improved/outputs/channels_comparison/tasks/univariate/chronos2/univariate/azure2019_U/5T/short/run_0/metrics.npz
    Saved config to /fslarge/scratch/users/h61084/codes/improved/outputs/channels_comparison/tasks/univariate/chronos2/univariate/azure2019_U/5T/short/run_0/config.json
    Saved aggregate metrics to /fslarge/scratch/users/h61084/codes/improved/outputs/channels_comparison/tasks/univariate/chronos2/univariate/azure2019_U/5T/short/run_0/metrics_summary.json
    Metrics summary (averaged over all series/windows/variates):
      MSE: 69.3260
      MAE: 2.3909
      RMSE: 3.3254
      MAPE: 0.3706
      sMAPE: 0.1648
      MASE: 0.6571
      ND: 0.1773
      CRPS: 0.1466
  Completed: 78 series × 6 windows
  Output: /fslarge/scratch/users/h61084/codes/improved/outputs/channels_comparison/tasks/univariate/chronos2/univariate/azure2019_U/5T/short/run_0

============================================================
All experiments completed!
Results saved to: /scratch/users/h61084/codes/improved/outputs/channels_comparison/tasks/univariate
============================================================

############################################################
# Dataset 37/38: Smart_Manufacturing/H
############################################################
Loading configuration...

============================================================
Dataset: Smart_Manufacturing/H
Model: amazon/chronos-2
Checkpoint: /fslarge/scratch/users/h61084/weights/chronos2
Terms: ['short', 'medium', 'long']
Covariate mode: none
============================================================

--- Term: short ---
  Config: prediction_length=24, test_length=336, val_length=336
TIME run allocation action=new run=/fslarge/scratch/users/h61084/codes/improved/outputs/channels_comparison/tasks/univariate/chronos2/univariate/Smart_Manufacturing/H/short/run_0 launch_id=selena_channels_20260906T123941Z_31210 slurm_job_id=3164005 launched_at=2026-09-06T13:29:19.517792+00:00
  Initializing Chronos pipeline (/fslarge/scratch/users/h61084/weights/chronos2)...
  Dataset info:
    - Frequency: H
    - Num series: 34
    - Target dim: 5
    - Target mode: univariate
    - Covariate channels: 0
    - Series length: min=1661, max=1667, avg=1665.9
    - Test split: 336 steps
    - Prediction length: 24
    - Windows: 14
    Processed 160/2380...
    Processed 320/2380...
    Processed 480/2380...
    Processed 640/2380...
    Processed 800/2380...
    Processed 960/2380...
    Processed 1120/2380...
    Processed 1280/2380...
    Processed 1440/2380...
    Processed 1600/2380...
    Processed 1760/2380...
    Processed 1920/2380...
    Processed 2080/2380...
    Processed 2240/2380...
    Total instances: 2380, Series during experiment: 170, Windows: 14
    Collecting ground truth and context...
    Detected to_univariate case: 170 flat series -> 34 series x 5 variates
    Organizing data into arrays...
    Saved predictions (quantiles) to /fslarge/scratch/users/h61084/codes/improved/outputs/channels_comparison/tasks/univariate/chronos2/univariate/Smart_Manufacturing/H/short/run_0/predictions.npz
    Computing per-window metrics...
    Saved metrics to /fslarge/scratch/users/h61084/codes/improved/outputs/channels_comparison/tasks/univariate/chronos2/univariate/Smart_Manufacturing/H/short/run_0/metrics.npz
    Saved config to /fslarge/scratch/users/h61084/codes/improved/outputs/channels_comparison/tasks/univariate/chronos2/univariate/Smart_Manufacturing/H/short/run_0/config.json
    Saved aggregate metrics to /fslarge/scratch/users/h61084/codes/improved/outputs/channels_comparison/tasks/univariate/chronos2/univariate/Smart_Manufacturing/H/short/run_0/metrics_summary.json
    Metrics summary (averaged over all series/windows/variates):
      MSE: 78.3464
      MAE: 5.7164
      RMSE: 7.0635
      MAPE: 0.3321
      sMAPE: 0.2253
      MASE: 0.7118
      ND: 0.2165
      CRPS: 0.1665
  Completed: 34 series × 14 windows
  Output: /fslarge/scratch/users/h61084/codes/improved/outputs/channels_comparison/tasks/univariate/chronos2/univariate/Smart_Manufacturing/H/short/run_0

--- Term: medium ---
  Config: prediction_length=168, test_length=336, val_length=336
TIME run allocation action=new run=/fslarge/scratch/users/h61084/codes/improved/outputs/channels_comparison/tasks/univariate/chronos2/univariate/Smart_Manufacturing/H/medium/run_0 launch_id=selena_channels_20260906T123941Z_31210 slurm_job_id=3164005 launched_at=2026-09-06T13:29:22.940976+00:00
  Initializing Chronos pipeline (/fslarge/scratch/users/h61084/weights/chronos2)...
  Dataset info:
    - Frequency: H
    - Num series: 34
    - Target dim: 5
    - Target mode: univariate
    - Covariate channels: 0
    - Series length: min=1661, max=1667, avg=1665.9
    - Test split: 336 steps
    - Prediction length: 168
    - Windows: 2
    Processed 160/340...
    Processed 320/340...
    Total instances: 340, Series during experiment: 170, Windows: 2
    Collecting ground truth and context...
    Detected to_univariate case: 170 flat series -> 34 series x 5 variates
    Organizing data into arrays...
    Saved predictions (quantiles) to /fslarge/scratch/users/h61084/codes/improved/outputs/channels_comparison/tasks/univariate/chronos2/univariate/Smart_Manufacturing/H/medium/run_0/predictions.npz
    Computing per-window metrics...
    Saved metrics to /fslarge/scratch/users/h61084/codes/improved/outputs/channels_comparison/tasks/univariate/chronos2/univariate/Smart_Manufacturing/H/medium/run_0/metrics.npz
    Saved config to /fslarge/scratch/users/h61084/codes/improved/outputs/channels_comparison/tasks/univariate/chronos2/univariate/Smart_Manufacturing/H/medium/run_0/config.json
    Saved aggregate metrics to /fslarge/scratch/users/h61084/codes/improved/outputs/channels_comparison/tasks/univariate/chronos2/univariate/Smart_Manufacturing/H/medium/run_0/metrics_summary.json
    Metrics summary (averaged over all series/windows/variates):
      MSE: 78.4224
      MAE: 5.7197
      RMSE: 7.1497
      MAPE: 0.3377
      sMAPE: 0.2253
      MASE: 0.7115
      ND: 0.2153
      CRPS: 0.1656
  Completed: 34 series × 2 windows
  Output: /fslarge/scratch/users/h61084/codes/improved/outputs/channels_comparison/tasks/univariate/chronos2/univariate/Smart_Manufacturing/H/medium/run_0

--- Term: long ---
  Config: prediction_length=336, test_length=336, val_length=336
TIME run allocation action=new run=/fslarge/scratch/users/h61084/codes/improved/outputs/channels_comparison/tasks/univariate/chronos2/univariate/Smart_Manufacturing/H/long/run_0 launch_id=selena_channels_20260906T123941Z_31210 slurm_job_id=3164005 launched_at=2026-09-06T13:29:23.743034+00:00
  Initializing Chronos pipeline (/fslarge/scratch/users/h61084/weights/chronos2)...
  Dataset info:
    - Frequency: H
    - Num series: 34
    - Target dim: 5
    - Target mode: univariate
    - Covariate channels: 0
    - Series length: min=1661, max=1667, avg=1665.9
    - Test split: 336 steps
    - Prediction length: 336
    - Windows: 1
    Processed 160/170...
    Total instances: 170, Series during experiment: 170, Windows: 1
    Collecting ground truth and context...
    Detected to_univariate case: 170 flat series -> 34 series x 5 variates
    Organizing data into arrays...
    Saved predictions (quantiles) to /fslarge/scratch/users/h61084/codes/improved/outputs/channels_comparison/tasks/univariate/chronos2/univariate/Smart_Manufacturing/H/long/run_0/predictions.npz
    Computing per-window metrics...
    Saved metrics to /fslarge/scratch/users/h61084/codes/improved/outputs/channels_comparison/tasks/univariate/chronos2/univariate/Smart_Manufacturing/H/long/run_0/metrics.npz
    Saved config to /fslarge/scratch/users/h61084/codes/improved/outputs/channels_comparison/tasks/univariate/chronos2/univariate/Smart_Manufacturing/H/long/run_0/config.json
    Saved aggregate metrics to /fslarge/scratch/users/h61084/codes/improved/outputs/channels_comparison/tasks/univariate/chronos2/univariate/Smart_Manufacturing/H/long/run_0/metrics_summary.json
    Metrics summary (averaged over all series/windows/variates):
      MSE: 78.4263
      MAE: 5.7196
      RMSE: 7.1591
      MAPE: 0.3402
      sMAPE: 0.2253
      MASE: 0.7110
      ND: 0.2152
      CRPS: 0.1655
  Completed: 34 series × 1 windows
  Output: /fslarge/scratch/users/h61084/codes/improved/outputs/channels_comparison/tasks/univariate/chronos2/univariate/Smart_Manufacturing/H/long/run_0

============================================================
All experiments completed!
Results saved to: /scratch/users/h61084/codes/improved/outputs/channels_comparison/tasks/univariate
============================================================

############################################################
# Dataset 38/38: MetroPT-3/5T
############################################################
Loading configuration...

============================================================
Dataset: MetroPT-3/5T
Model: amazon/chronos-2
Checkpoint: /fslarge/scratch/users/h61084/weights/chronos2
Terms: ['short', 'medium', 'long']
Covariate mode: none
============================================================

--- Term: short ---
  Config: prediction_length=48, test_length=1728, val_length=1728
TIME run allocation action=new run=/fslarge/scratch/users/h61084/codes/improved/outputs/channels_comparison/tasks/univariate/chronos2/univariate/MetroPT-3/5T/short/run_0 launch_id=selena_channels_20260906T123941Z_31210 slurm_job_id=3164005 launched_at=2026-09-06T13:29:24.320953+00:00
  Initializing Chronos pipeline (/fslarge/scratch/users/h61084/weights/chronos2)...
  Dataset info:
    - Frequency: 5T
    - Num series: 1
    - Target dim: 6
    - Target mode: univariate
    - Covariate channels: 0
    - Series length: min=17809, max=17809, avg=17809.0
    - Test split: 1728 steps
    - Prediction length: 48
    - Windows: 36
    Processed 160/216...
    Total instances: 216, Series during experiment: 6, Windows: 36
    Collecting ground truth and context...
    Detected to_univariate case: 6 flat series -> 1 series x 6 variates
    Organizing data into arrays...
    Saved predictions (quantiles) to /fslarge/scratch/users/h61084/codes/improved/outputs/channels_comparison/tasks/univariate/chronos2/univariate/MetroPT-3/5T/short/run_0/predictions.npz
    Computing per-window metrics...
    Saved metrics to /fslarge/scratch/users/h61084/codes/improved/outputs/channels_comparison/tasks/univariate/chronos2/univariate/MetroPT-3/5T/short/run_0/metrics.npz
    Saved config to /fslarge/scratch/users/h61084/codes/improved/outputs/channels_comparison/tasks/univariate/chronos2/univariate/MetroPT-3/5T/short/run_0/config.json
    Saved aggregate metrics to /fslarge/scratch/users/h61084/codes/improved/outputs/channels_comparison/tasks/univariate/chronos2/univariate/MetroPT-3/5T/short/run_0/metrics_summary.json
    Metrics summary (averaged over all series/windows/variates):
      MSE: 3.3005
      MAE: 1.1011
      RMSE: 1.4651
      MAPE: 3.2997
      sMAPE: 0.4905
      MASE: 0.6110
      ND: 0.3142
      CRPS: 0.2377
  Completed: 1 series × 36 windows
  Output: /fslarge/scratch/users/h61084/codes/improved/outputs/channels_comparison/tasks/univariate/chronos2/univariate/MetroPT-3/5T/short/run_0

--- Term: medium ---
  Config: prediction_length=288, test_length=1728, val_length=1728
TIME run allocation action=new run=/fslarge/scratch/users/h61084/codes/improved/outputs/channels_comparison/tasks/univariate/chronos2/univariate/MetroPT-3/5T/medium/run_0 launch_id=selena_channels_20260906T123941Z_31210 slurm_job_id=3164005 launched_at=2026-09-06T13:29:25.649420+00:00
  Initializing Chronos pipeline (/fslarge/scratch/users/h61084/weights/chronos2)...
  Dataset info:
    - Frequency: 5T
    - Num series: 1
    - Target dim: 6
    - Target mode: univariate
    - Covariate channels: 0
    - Series length: min=17809, max=17809, avg=17809.0
    - Test split: 1728 steps
    - Prediction length: 288
    - Windows: 6
    Total instances: 36, Series during experiment: 6, Windows: 6
    Collecting ground truth and context...
    Detected to_univariate case: 6 flat series -> 1 series x 6 variates
    Organizing data into arrays...
    Saved predictions (quantiles) to /fslarge/scratch/users/h61084/codes/improved/outputs/channels_comparison/tasks/univariate/chronos2/univariate/MetroPT-3/5T/medium/run_0/predictions.npz
    Computing per-window metrics...
    Saved metrics to /fslarge/scratch/users/h61084/codes/improved/outputs/channels_comparison/tasks/univariate/chronos2/univariate/MetroPT-3/5T/medium/run_0/metrics.npz
    Saved config to /fslarge/scratch/users/h61084/codes/improved/outputs/channels_comparison/tasks/univariate/chronos2/univariate/MetroPT-3/5T/medium/run_0/config.json
    Saved aggregate metrics to /fslarge/scratch/users/h61084/codes/improved/outputs/channels_comparison/tasks/univariate/chronos2/univariate/MetroPT-3/5T/medium/run_0/metrics_summary.json
    Metrics summary (averaged over all series/windows/variates):
      MSE: 3.3363
      MAE: 1.1450
      RMSE: 1.5182
      MAPE: 3.0558
      sMAPE: 0.5167
      MASE: 0.6476
      ND: 0.3286
      CRPS: 0.2460
  Completed: 1 series × 6 windows
  Output: /fslarge/scratch/users/h61084/codes/improved/outputs/channels_comparison/tasks/univariate/chronos2/univariate/MetroPT-3/5T/medium/run_0

--- Term: long ---
  Config: prediction_length=576, test_length=1728, val_length=1728
TIME run allocation action=new run=/fslarge/scratch/users/h61084/codes/improved/outputs/channels_comparison/tasks/univariate/chronos2/univariate/MetroPT-3/5T/long/run_0 launch_id=selena_channels_20260906T123941Z_31210 slurm_job_id=3164005 launched_at=2026-09-06T13:29:26.239434+00:00
  Initializing Chronos pipeline (/fslarge/scratch/users/h61084/weights/chronos2)...
  Dataset info:
    - Frequency: 5T
    - Num series: 1
    - Target dim: 6
    - Target mode: univariate
    - Covariate channels: 0
    - Series length: min=17809, max=17809, avg=17809.0
    - Test split: 1728 steps
    - Prediction length: 576
    - Windows: 3
    Total instances: 18, Series during experiment: 6, Windows: 3
    Collecting ground truth and context...
    Detected to_univariate case: 6 flat series -> 1 series x 6 variates
    Organizing data into arrays...
    Saved predictions (quantiles) to /fslarge/scratch/users/h61084/codes/improved/outputs/channels_comparison/tasks/univariate/chronos2/univariate/MetroPT-3/5T/long/run_0/predictions.npz
    Computing per-window metrics...
    Saved metrics to /fslarge/scratch/users/h61084/codes/improved/outputs/channels_comparison/tasks/univariate/chronos2/univariate/MetroPT-3/5T/long/run_0/metrics.npz
    Saved config to /fslarge/scratch/users/h61084/codes/improved/outputs/channels_comparison/tasks/univariate/chronos2/univariate/MetroPT-3/5T/long/run_0/config.json
    Saved aggregate metrics to /fslarge/scratch/users/h61084/codes/improved/outputs/channels_comparison/tasks/univariate/chronos2/univariate/MetroPT-3/5T/long/run_0/metrics_summary.json
    Metrics summary (averaged over all series/windows/variates):
      MSE: 3.4136
      MAE: 1.1577
      RMSE: 1.5336
      MAPE: 3.0809
      sMAPE: 0.5202
      MASE: 0.6643
      ND: 0.3314
      CRPS: 0.2483
  Completed: 1 series × 3 windows
  Output: /fslarge/scratch/users/h61084/codes/improved/outputs/channels_comparison/tasks/univariate/chronos2/univariate/MetroPT-3/5T/long/run_0

============================================================
All experiments completed!
Results saved to: /scratch/users/h61084/codes/improved/outputs/channels_comparison/tasks/univariate
============================================================

############################################################
# All 38 dataset(s) completed!
############################################################
2026-09-06 15:29:27 | task chronos2 comparison=univariate covariate_mode=none target_mode=univariate completed status=success
2026-09-06 15:29:27 | stage evaluate completed status=success
2026-09-06 15:29:27 | stage summarize started
Foundation-model summary written to /scratch/users/h61084/codes/improved/outputs/channels_comparison/summary/selena_channels_20260906T123941Z_31210/univariate/foundation_model_summary.csv and /scratch/users/h61084/codes/improved/outputs/channels_comparison/summary/selena_channels_20260906T123941Z_31210/univariate/foundation_model_summary.md

chronos2/univariate          state=completed  scaled_MASE=0.695590  inference=343.532s  coverage=74/74 timed tasks
2026-09-06 15:29:30 | stage summarize completed status=success
2026-09-06 15:29:30 | workflow channels_comparison completed status=success exit_code=0
