2026-09-01 19:35:53 | workflow foundation_models started launch_id=selena_20260901T173551Z_23108 task=seasonal_naive
2026-09-01 19:35:53 | stage evaluate started
2026-09-01 19:35:53 | task model=seasonal_naive runner=run_seasonal_naive.sh environment=uv started
[2026-09-01 19:35:53] TIME runner: run_seasonal_naive.sh
[2026-09-01 19:35:53] datasets: /scratch/users/h61084/datasets/hf_dataset
[2026-09-01 19:35:53] weights: /scratch/users/h61084/weights
[2026-09-01 19:35:53] outputs: /scratch/users/h61084/codes/improved/outputs

############################################################
# Dataset 1/1: Water_Quality_Darwin/15T
############################################################
Loading configuration...

============================================================
Model: Seasonal Naive
Dataset: Water_Quality_Darwin/15T
Terms: ['short', 'medium', 'long']
============================================================

--- Term: short ---
  Config: prediction_length=16, test_length=1440, val_length=1440
  Dataset info:
    - Frequency: 15T
    - Num series: 7
    - Target dim: 6
    - Series length: min=8662, max=18985, avg=15229.4
    - Test split: 1440 steps
    - Prediction length: 16
    - Windows: 90
    - Season length: 96
    Total instances: 3780, Series during experiment: 42, Windows: 90
    Collecting ground truth and context...
    Detected to_univariate case: 42 flat series -> 7 series x 6 variates
    Organizing data into arrays...
    Saved predictions (quantiles) to /scratch/users/h61084/codes/improved/outputs/results/seasonal_naive/Water_Quality_Darwin/15T/short/predictions.npz
    Computing per-window metrics...
    Saved metrics to /scratch/users/h61084/codes/improved/outputs/results/seasonal_naive/Water_Quality_Darwin/15T/short/metrics.npz
    Saved config to /scratch/users/h61084/codes/improved/outputs/results/seasonal_naive/Water_Quality_Darwin/15T/short/config.json
    Saved aggregate metrics to /scratch/users/h61084/codes/improved/outputs/results/seasonal_naive/Water_Quality_Darwin/15T/short/metrics_summary.json
    Metrics summary (averaged over all series/windows/variates):
      MSE: 5.2937
      MAE: 0.7755
      RMSE: 0.8820
      MAPE: 0.1066
      sMAPE: 0.1009
      MASE: 1.1139
      ND: 0.1033
      CRPS: 0.1061
  Completed: 7 series x 90 windows
  Output: /scratch/users/h61084/codes/improved/outputs/results/seasonal_naive

--- Term: medium ---
  Config: prediction_length=96, test_length=1440, val_length=1440
  Dataset info:
    - Frequency: 15T
    - Num series: 7
    - Target dim: 6
    - Series length: min=8662, max=18985, avg=15229.4
    - Test split: 1440 steps
    - Prediction length: 96
    - Windows: 15
    - Season length: 96
    Total instances: 630, Series during experiment: 42, Windows: 15
    Collecting ground truth and context...
    Detected to_univariate case: 42 flat series -> 7 series x 6 variates
    Organizing data into arrays...
    Saved predictions (quantiles) to /scratch/users/h61084/codes/improved/outputs/results/seasonal_naive/Water_Quality_Darwin/15T/medium/predictions.npz
    Computing per-window metrics...
    Saved metrics to /scratch/users/h61084/codes/improved/outputs/results/seasonal_naive/Water_Quality_Darwin/15T/medium/metrics.npz
    Saved config to /scratch/users/h61084/codes/improved/outputs/results/seasonal_naive/Water_Quality_Darwin/15T/medium/config.json
    Saved aggregate metrics to /scratch/users/h61084/codes/improved/outputs/results/seasonal_naive/Water_Quality_Darwin/15T/medium/metrics_summary.json
    Metrics summary (averaged over all series/windows/variates):
      MSE: 5.3355
      MAE: 0.7668
      RMSE: 0.9598
      MAPE: 0.1047
      sMAPE: 0.1011
      MASE: 1.1116
      ND: 0.0979
      CRPS: 0.0994
  Completed: 7 series x 15 windows
  Output: /scratch/users/h61084/codes/improved/outputs/results/seasonal_naive

--- Term: long ---
  Config: prediction_length=288, test_length=1440, val_length=1440
  Dataset info:
    - Frequency: 15T
    - Num series: 7
    - Target dim: 6
    - Series length: min=8662, max=18985, avg=15229.4
    - Test split: 1440 steps
    - Prediction length: 288
    - Windows: 5
    - Season length: 96
    Total instances: 210, Series during experiment: 42, Windows: 5
    Collecting ground truth and context...
    Detected to_univariate case: 42 flat series -> 7 series x 6 variates
    Organizing data into arrays...
    Saved predictions (quantiles) to /scratch/users/h61084/codes/improved/outputs/results/seasonal_naive/Water_Quality_Darwin/15T/long/predictions.npz
    Computing per-window metrics...
    Saved metrics to /scratch/users/h61084/codes/improved/outputs/results/seasonal_naive/Water_Quality_Darwin/15T/long/metrics.npz
    Saved config to /scratch/users/h61084/codes/improved/outputs/results/seasonal_naive/Water_Quality_Darwin/15T/long/config.json
    Saved aggregate metrics to /scratch/users/h61084/codes/improved/outputs/results/seasonal_naive/Water_Quality_Darwin/15T/long/metrics_summary.json
    Metrics summary (averaged over all series/windows/variates):
      MSE: 9.7002
      MAE: 1.1212
      RMSE: 1.4018
      MAPE: 0.1685
      sMAPE: 0.1479
      MASE: 1.6330
      ND: 0.1461
      CRPS: 0.1355
  Completed: 7 series x 5 windows
  Output: /scratch/users/h61084/codes/improved/outputs/results/seasonal_naive

============================================================
All experiments completed!
Results saved to: /scratch/users/h61084/codes/improved/outputs/results/seasonal_naive
============================================================

############################################################
# All 1 dataset(s) completed!
############################################################

############################################################
# Dataset 1/1: current_velocity/5T
############################################################
Loading configuration...

============================================================
Model: Seasonal Naive
Dataset: current_velocity/5T
Terms: ['short', 'medium', 'long']
============================================================

--- Term: short ---
  Config: prediction_length=36, test_length=4320, val_length=4320
  Dataset info:
    - Frequency: 5T
    - Num series: 1
    - Target dim: 6
    - Series length: min=26486, max=26486, avg=26486.0
    - Test split: 4320 steps
    - Prediction length: 36
    - Windows: 120
    - Season length: 288
    Total instances: 720, Series during experiment: 6, Windows: 120
    Collecting ground truth and context...
    Detected to_univariate case: 6 flat series -> 1 series x 6 variates
    Organizing data into arrays...
    Saved predictions (quantiles) to /scratch/users/h61084/codes/improved/outputs/results/seasonal_naive/current_velocity/5T/short/predictions.npz
    Computing per-window metrics...
    Saved metrics to /scratch/users/h61084/codes/improved/outputs/results/seasonal_naive/current_velocity/5T/short/metrics.npz
    Saved config to /scratch/users/h61084/codes/improved/outputs/results/seasonal_naive/current_velocity/5T/short/config.json
    Saved aggregate metrics to /scratch/users/h61084/codes/improved/outputs/results/seasonal_naive/current_velocity/5T/short/metrics_summary.json
    Metrics summary (averaged over all series/windows/variates):
      MSE: 9.0584
      MAE: 1.0802
      RMSE: 1.2213
      MAPE: 0.9707
      sMAPE: 0.5021
      MASE: 0.9204
      ND: 0.5909
      CRPS: 0.4555
  Completed: 1 series x 120 windows
  Output: /scratch/users/h61084/codes/improved/outputs/results/seasonal_naive

--- Term: medium ---
  Config: prediction_length=288, test_length=4320, val_length=4320
  Dataset info:
    - Frequency: 5T
    - Num series: 1
    - Target dim: 6
    - Series length: min=26486, max=26486, avg=26486.0
    - Test split: 4320 steps
    - Prediction length: 288
    - Windows: 15
    - Season length: 288
    Total instances: 90, Series during experiment: 6, Windows: 15
    Collecting ground truth and context...
    Detected to_univariate case: 6 flat series -> 1 series x 6 variates
    Organizing data into arrays...
    Saved predictions (quantiles) to /scratch/users/h61084/codes/improved/outputs/results/seasonal_naive/current_velocity/5T/medium/predictions.npz
    Computing per-window metrics...
    Saved metrics to /scratch/users/h61084/codes/improved/outputs/results/seasonal_naive/current_velocity/5T/medium/metrics.npz
    Saved config to /scratch/users/h61084/codes/improved/outputs/results/seasonal_naive/current_velocity/5T/medium/config.json
    Saved aggregate metrics to /scratch/users/h61084/codes/improved/outputs/results/seasonal_naive/current_velocity/5T/medium/metrics_summary.json
    Metrics summary (averaged over all series/windows/variates):
      MSE: 9.5367
      MAE: 1.1130
      RMSE: 1.3479
      MAPE: 0.9576
      sMAPE: 0.5117
      MASE: 0.9398
      ND: 0.5188
      CRPS: 0.4036
  Completed: 1 series x 15 windows
  Output: /scratch/users/h61084/codes/improved/outputs/results/seasonal_naive

--- Term: long ---
  Config: prediction_length=864, test_length=4320, val_length=4320
  Dataset info:
    - Frequency: 5T
    - Num series: 1
    - Target dim: 6
    - Series length: min=26486, max=26486, avg=26486.0
    - Test split: 4320 steps
    - Prediction length: 864
    - Windows: 5
    - Season length: 288
    Total instances: 30, Series during experiment: 6, Windows: 5
    Collecting ground truth and context...
    Detected to_univariate case: 6 flat series -> 1 series x 6 variates
    Organizing data into arrays...
    Saved predictions (quantiles) to /scratch/users/h61084/codes/improved/outputs/results/seasonal_naive/current_velocity/5T/long/predictions.npz
    Computing per-window metrics...
    Saved metrics to /scratch/users/h61084/codes/improved/outputs/results/seasonal_naive/current_velocity/5T/long/metrics.npz
    Saved config to /scratch/users/h61084/codes/improved/outputs/results/seasonal_naive/current_velocity/5T/long/config.json
    Saved aggregate metrics to /scratch/users/h61084/codes/improved/outputs/results/seasonal_naive/current_velocity/5T/long/metrics_summary.json
    Metrics summary (averaged over all series/windows/variates):
      MSE: 10.6730
      MAE: 1.1962
      RMSE: 1.4762
      MAPE: 1.0522
      sMAPE: 0.5304
      MASE: 1.1320
      ND: 0.5311
      CRPS: 0.4308
  Completed: 1 series x 5 windows
  Output: /scratch/users/h61084/codes/improved/outputs/results/seasonal_naive

============================================================
All experiments completed!
Results saved to: /scratch/users/h61084/codes/improved/outputs/results/seasonal_naive
============================================================

############################################################
# All 1 dataset(s) completed!
############################################################

############################################################
# Dataset 1/1: current_velocity/10T
############################################################
Loading configuration...

============================================================
Model: Seasonal Naive
Dataset: current_velocity/10T
Terms: ['short', 'medium', 'long']
============================================================

--- Term: short ---
  Config: prediction_length=18, test_length=2160, val_length=2160
  Dataset info:
    - Frequency: 10T
    - Num series: 10
    - Target dim: 6
    - Series length: min=7481, max=31957, avg=20668.5
    - Test split: 2160 steps
    - Prediction length: 18
    - Windows: 120
    - Season length: 144
    Total instances: 7200, Series during experiment: 60, Windows: 120
    Collecting ground truth and context...
    Detected to_univariate case: 60 flat series -> 10 series x 6 variates
    Organizing data into arrays...
    Saved predictions (quantiles) to /scratch/users/h61084/codes/improved/outputs/results/seasonal_naive/current_velocity/10T/short/predictions.npz
    Computing per-window metrics...
    Saved metrics to /scratch/users/h61084/codes/improved/outputs/results/seasonal_naive/current_velocity/10T/short/metrics.npz
    Saved config to /scratch/users/h61084/codes/improved/outputs/results/seasonal_naive/current_velocity/10T/short/config.json
    Saved aggregate metrics to /scratch/users/h61084/codes/improved/outputs/results/seasonal_naive/current_velocity/10T/short/metrics_summary.json
    Metrics summary (averaged over all series/windows/variates):
      MSE: 15.4294
      MAE: 1.1987
      RMSE: 1.4367
      MAPE: 4902.6363
      sMAPE: 0.5417
      MASE: 1.0510
      ND: 0.5612
      CRPS: 0.4452
  Completed: 10 series x 120 windows
  Output: /scratch/users/h61084/codes/improved/outputs/results/seasonal_naive

--- Term: medium ---
  Config: prediction_length=144, test_length=2160, val_length=2160
  Dataset info:
    - Frequency: 10T
    - Num series: 10
    - Target dim: 6
    - Series length: min=7481, max=31957, avg=20668.5
    - Test split: 2160 steps
    - Prediction length: 144
    - Windows: 15
    - Season length: 144
    Total instances: 900, Series during experiment: 60, Windows: 15
    Collecting ground truth and context...
    Detected to_univariate case: 60 flat series -> 10 series x 6 variates
    Organizing data into arrays...
    Saved predictions (quantiles) to /scratch/users/h61084/codes/improved/outputs/results/seasonal_naive/current_velocity/10T/medium/predictions.npz
    Computing per-window metrics...
    Saved metrics to /scratch/users/h61084/codes/improved/outputs/results/seasonal_naive/current_velocity/10T/medium/metrics.npz
    Saved config to /scratch/users/h61084/codes/improved/outputs/results/seasonal_naive/current_velocity/10T/medium/config.json
    Saved aggregate metrics to /scratch/users/h61084/codes/improved/outputs/results/seasonal_naive/current_velocity/10T/medium/metrics_summary.json
    Metrics summary (averaged over all series/windows/variates):
      MSE: 15.6006
      MAE: 1.2063
      RMSE: 1.5686
      MAPE: 5311.4935
      sMAPE: 0.5431
      MASE: 1.0585
      ND: 0.4850
      CRPS: 0.3833
  Completed: 10 series x 15 windows
  Output: /scratch/users/h61084/codes/improved/outputs/results/seasonal_naive

--- Term: long ---
  Config: prediction_length=432, test_length=2160, val_length=2160
  Dataset info:
    - Frequency: 10T
    - Num series: 10
    - Target dim: 6
    - Series length: min=7481, max=31957, avg=20668.5
    - Test split: 2160 steps
    - Prediction length: 432
    - Windows: 5
    - Season length: 144
    Total instances: 300, Series during experiment: 60, Windows: 5
    Collecting ground truth and context...
    Detected to_univariate case: 60 flat series -> 10 series x 6 variates
    Organizing data into arrays...
    Saved predictions (quantiles) to /scratch/users/h61084/codes/improved/outputs/results/seasonal_naive/current_velocity/10T/long/predictions.npz
    Computing per-window metrics...
    Saved metrics to /scratch/users/h61084/codes/improved/outputs/results/seasonal_naive/current_velocity/10T/long/metrics.npz
    Saved config to /scratch/users/h61084/codes/improved/outputs/results/seasonal_naive/current_velocity/10T/long/config.json
    Saved aggregate metrics to /scratch/users/h61084/codes/improved/outputs/results/seasonal_naive/current_velocity/10T/long/metrics_summary.json
    Metrics summary (averaged over all series/windows/variates):
      MSE: 19.8000
      MAE: 1.4363
      RMSE: 1.8539
      MAPE: 5344.8923
      sMAPE: 0.6138
      MASE: 1.4494
      ND: 0.5642
      CRPS: 0.4522
  Completed: 10 series x 5 windows
  Output: /scratch/users/h61084/codes/improved/outputs/results/seasonal_naive

============================================================
All experiments completed!
Results saved to: /scratch/users/h61084/codes/improved/outputs/results/seasonal_naive
============================================================

############################################################
# All 1 dataset(s) completed!
############################################################

############################################################
# Dataset 1/1: current_velocity/15T
############################################################
Loading configuration...

============================================================
Model: Seasonal Naive
Dataset: current_velocity/15T
Terms: ['short', 'medium', 'long']
============================================================

--- Term: short ---
  Config: prediction_length=12, test_length=1440, val_length=1440
  Dataset info:
    - Frequency: 15T
    - Num series: 5
    - Target dim: 6
    - Series length: min=3710, max=17953, avg=8503.2
    - Test split: 1440 steps
    - Prediction length: 12
    - Windows: 120
    - Season length: 96
    Total instances: 3600, Series during experiment: 30, Windows: 120
    Collecting ground truth and context...
    Detected to_univariate case: 30 flat series -> 5 series x 6 variates
    Organizing data into arrays...
    Saved predictions (quantiles) to /scratch/users/h61084/codes/improved/outputs/results/seasonal_naive/current_velocity/15T/short/predictions.npz
    Computing per-window metrics...
    Saved metrics to /scratch/users/h61084/codes/improved/outputs/results/seasonal_naive/current_velocity/15T/short/metrics.npz
    Saved config to /scratch/users/h61084/codes/improved/outputs/results/seasonal_naive/current_velocity/15T/short/config.json
    Saved aggregate metrics to /scratch/users/h61084/codes/improved/outputs/results/seasonal_naive/current_velocity/15T/short/metrics_summary.json
    Metrics summary (averaged over all series/windows/variates):
      MSE: 15.0062
      MAE: 1.2511
      RMSE: 1.4683
      MAPE: 199428.0156
      sMAPE: 0.6277
      MASE: 1.0032
      ND: 0.6919
      CRPS: 0.5430
  Completed: 5 series x 120 windows
  Output: /scratch/users/h61084/codes/improved/outputs/results/seasonal_naive

--- Term: medium ---
  Config: prediction_length=96, test_length=1440, val_length=1440
  Dataset info:
    - Frequency: 15T
    - Num series: 5
    - Target dim: 6
    - Series length: min=3710, max=17953, avg=8503.2
    - Test split: 1440 steps
    - Prediction length: 96
    - Windows: 15
    - Season length: 96
    Total instances: 450, Series during experiment: 30, Windows: 15
    Collecting ground truth and context...
    Detected to_univariate case: 30 flat series -> 5 series x 6 variates
    Organizing data into arrays...
    Saved predictions (quantiles) to /scratch/users/h61084/codes/improved/outputs/results/seasonal_naive/current_velocity/15T/medium/predictions.npz
    Computing per-window metrics...
    Saved metrics to /scratch/users/h61084/codes/improved/outputs/results/seasonal_naive/current_velocity/15T/medium/metrics.npz
    Saved config to /scratch/users/h61084/codes/improved/outputs/results/seasonal_naive/current_velocity/15T/medium/config.json
    Saved aggregate metrics to /scratch/users/h61084/codes/improved/outputs/results/seasonal_naive/current_velocity/15T/medium/metrics_summary.json
    Metrics summary (averaged over all series/windows/variates):
      MSE: 14.5856
      MAE: 1.2368
      RMSE: 1.5596
      MAPE: 216301.3962
      sMAPE: 0.6250
      MASE: 0.9995
      ND: 0.6067
      CRPS: 0.4771
  Completed: 5 series x 15 windows
  Output: /scratch/users/h61084/codes/improved/outputs/results/seasonal_naive

--- Term: long ---
  Config: prediction_length=288, test_length=1440, val_length=1440
  Dataset info:
    - Frequency: 15T
    - Num series: 5
    - Target dim: 6
    - Series length: min=3710, max=17953, avg=8503.2
    - Test split: 1440 steps
    - Prediction length: 288
    - Windows: 5
    - Season length: 96
    Total instances: 150, Series during experiment: 30, Windows: 5
    Collecting ground truth and context...
    Detected to_univariate case: 30 flat series -> 5 series x 6 variates
    Organizing data into arrays...
    Saved predictions (quantiles) to /scratch/users/h61084/codes/improved/outputs/results/seasonal_naive/current_velocity/15T/long/predictions.npz
    Computing per-window metrics...
    Saved metrics to /scratch/users/h61084/codes/improved/outputs/results/seasonal_naive/current_velocity/15T/long/metrics.npz
    Saved config to /scratch/users/h61084/codes/improved/outputs/results/seasonal_naive/current_velocity/15T/long/config.json
    Saved aggregate metrics to /scratch/users/h61084/codes/improved/outputs/results/seasonal_naive/current_velocity/15T/long/metrics_summary.json
    Metrics summary (averaged over all series/windows/variates):
      MSE: 16.0272
      MAE: 1.3284
      RMSE: 1.6703
      MAPE: 124206.0576
      sMAPE: 0.6423
      MASE: 1.1637
      ND: 0.6143
      CRPS: 0.4958
  Completed: 5 series x 5 windows
  Output: /scratch/users/h61084/codes/improved/outputs/results/seasonal_naive

============================================================
All experiments completed!
Results saved to: /scratch/users/h61084/codes/improved/outputs/results/seasonal_naive
============================================================

############################################################
# All 1 dataset(s) completed!
############################################################

############################################################
# Dataset 1/1: current_velocity/20T
############################################################
Loading configuration...

============================================================
Model: Seasonal Naive
Dataset: current_velocity/20T
Terms: ['short', 'medium', 'long']
============================================================

--- Term: short ---
  Config: prediction_length=9, test_length=1080, val_length=1080
  Dataset info:
    - Frequency: 20T
    - Num series: 27
    - Target dim: 6
    - Series length: min=2529, max=16759, avg=6460.2
    - Test split: 1080 steps
    - Prediction length: 9
    - Windows: 120
    - Season length: 72
    Total instances: 19440, Series during experiment: 162, Windows: 120
    Collecting ground truth and context...
    Detected to_univariate case: 162 flat series -> 27 series x 6 variates
    Organizing data into arrays...
    Saved predictions (quantiles) to /scratch/users/h61084/codes/improved/outputs/results/seasonal_naive/current_velocity/20T/short/predictions.npz
    Computing per-window metrics...
    Saved metrics to /scratch/users/h61084/codes/improved/outputs/results/seasonal_naive/current_velocity/20T/short/metrics.npz
    Saved config to /scratch/users/h61084/codes/improved/outputs/results/seasonal_naive/current_velocity/20T/short/config.json
    Saved aggregate metrics to /scratch/users/h61084/codes/improved/outputs/results/seasonal_naive/current_velocity/20T/short/metrics_summary.json
    Metrics summary (averaged over all series/windows/variates):
      MSE: 11.3279
      MAE: 1.0871
      RMSE: 1.2243
      MAPE: 1.8080
      sMAPE: 0.5702
      MASE: 1.0277
      ND: 0.6762
      CRPS: 0.5366
  Completed: 27 series x 120 windows
  Output: /scratch/users/h61084/codes/improved/outputs/results/seasonal_naive

--- Term: medium ---
  Config: prediction_length=72, test_length=1080, val_length=1080
  Dataset info:
    - Frequency: 20T
    - Num series: 27
    - Target dim: 6
    - Series length: min=2529, max=16759, avg=6460.2
    - Test split: 1080 steps
    - Prediction length: 72
    - Windows: 15
    - Season length: 72
    Total instances: 2430, Series during experiment: 162, Windows: 15
    Collecting ground truth and context...
    Detected to_univariate case: 162 flat series -> 27 series x 6 variates
    Organizing data into arrays...
    Saved predictions (quantiles) to /scratch/users/h61084/codes/improved/outputs/results/seasonal_naive/current_velocity/20T/medium/predictions.npz
    Computing per-window metrics...
    Saved metrics to /scratch/users/h61084/codes/improved/outputs/results/seasonal_naive/current_velocity/20T/medium/metrics.npz
    Saved config to /scratch/users/h61084/codes/improved/outputs/results/seasonal_naive/current_velocity/20T/medium/config.json
    Saved aggregate metrics to /scratch/users/h61084/codes/improved/outputs/results/seasonal_naive/current_velocity/20T/medium/metrics_summary.json
    Metrics summary (averaged over all series/windows/variates):
      MSE: 11.3168
      MAE: 1.0879
      RMSE: 1.3422
      MAPE: 1.7983
      sMAPE: 0.5694
      MASE: 1.0272
      ND: 0.5378
      CRPS: 0.4276
  Completed: 27 series x 15 windows
  Output: /scratch/users/h61084/codes/improved/outputs/results/seasonal_naive

--- Term: long ---
  Config: prediction_length=216, test_length=1080, val_length=1080
  Dataset info:
    - Frequency: 20T
    - Num series: 27
    - Target dim: 6
    - Series length: min=2529, max=16759, avg=6460.2
    - Test split: 1080 steps
    - Prediction length: 216
    - Windows: 5
    - Season length: 72
    Total instances: 810, Series during experiment: 162, Windows: 5
    Collecting ground truth and context...
    Detected to_univariate case: 162 flat series -> 27 series x 6 variates
    Organizing data into arrays...
    Saved predictions (quantiles) to /scratch/users/h61084/codes/improved/outputs/results/seasonal_naive/current_velocity/20T/long/predictions.npz
    Computing per-window metrics...
    Saved metrics to /scratch/users/h61084/codes/improved/outputs/results/seasonal_naive/current_velocity/20T/long/metrics.npz
    Saved config to /scratch/users/h61084/codes/improved/outputs/results/seasonal_naive/current_velocity/20T/long/config.json
    Saved aggregate metrics to /scratch/users/h61084/codes/improved/outputs/results/seasonal_naive/current_velocity/20T/long/metrics_summary.json
    Metrics summary (averaged over all series/windows/variates):
      MSE: 13.3451
      MAE: 1.2234
      RMSE: 1.5325
      MAPE: 2.2397
      sMAPE: 0.6363
      MASE: 1.3387
      ND: 0.6066
      CRPS: 0.4861
  Completed: 27 series x 5 windows
  Output: /scratch/users/h61084/codes/improved/outputs/results/seasonal_naive

============================================================
All experiments completed!
Results saved to: /scratch/users/h61084/codes/improved/outputs/results/seasonal_naive
============================================================

############################################################
# All 1 dataset(s) completed!
############################################################

############################################################
# Dataset 1/1: current_velocity/H
############################################################
Loading configuration...

============================================================
Model: Seasonal Naive
Dataset: current_velocity/H
Terms: ['short', 'medium', 'long']
============================================================

--- Term: short ---
  Config: prediction_length=24, test_length=672, val_length=672
  Dataset info:
    - Frequency: H
    - Num series: 21
    - Target dim: 6
    - Series length: min=2208, max=5587, avg=3502.3
    - Test split: 672 steps
    - Prediction length: 24
    - Windows: 28
    - Season length: 24
    Total instances: 3528, Series during experiment: 126, Windows: 28
    Collecting ground truth and context...
    Detected to_univariate case: 126 flat series -> 21 series x 6 variates
    Organizing data into arrays...
    Saved predictions (quantiles) to /scratch/users/h61084/codes/improved/outputs/results/seasonal_naive/current_velocity/H/short/predictions.npz
    Computing per-window metrics...
    Saved metrics to /scratch/users/h61084/codes/improved/outputs/results/seasonal_naive/current_velocity/H/short/metrics.npz
    Saved config to /scratch/users/h61084/codes/improved/outputs/results/seasonal_naive/current_velocity/H/short/config.json
    Saved aggregate metrics to /scratch/users/h61084/codes/improved/outputs/results/seasonal_naive/current_velocity/H/short/metrics_summary.json
    Metrics summary (averaged over all series/windows/variates):
      MSE: 10.4320
      MAE: 1.0379
      RMSE: 1.2879
      MAPE: 4436097434916.6680
      sMAPE: 0.5200
      MASE: 1.0445
      ND: 0.4764
      CRPS: 0.3790
  Completed: 21 series x 28 windows
  Output: /scratch/users/h61084/codes/improved/outputs/results/seasonal_naive

--- Term: medium ---
  Config: prediction_length=168, test_length=672, val_length=672
  Dataset info:
    - Frequency: H
    - Num series: 21
    - Target dim: 6
    - Series length: min=2208, max=5587, avg=3502.3
    - Test split: 672 steps
    - Prediction length: 168
    - Windows: 4
    - Season length: 24
    Total instances: 504, Series during experiment: 126, Windows: 4
    Collecting ground truth and context...
    Detected to_univariate case: 126 flat series -> 21 series x 6 variates
    Organizing data into arrays...
    Saved predictions (quantiles) to /scratch/users/h61084/codes/improved/outputs/results/seasonal_naive/current_velocity/H/medium/predictions.npz
    Computing per-window metrics...
    Saved metrics to /scratch/users/h61084/codes/improved/outputs/results/seasonal_naive/current_velocity/H/medium/metrics.npz
    Saved config to /scratch/users/h61084/codes/improved/outputs/results/seasonal_naive/current_velocity/H/medium/config.json
    Saved aggregate metrics to /scratch/users/h61084/codes/improved/outputs/results/seasonal_naive/current_velocity/H/medium/metrics_summary.json
    Metrics summary (averaged over all series/windows/variates):
      MSE: 19.6472
      MAE: 1.4859
      RMSE: 1.8658
      MAPE: 4976439540353.4492
      sMAPE: 0.6663
      MASE: 1.8644
      ND: 0.6337
      CRPS: 0.5229
  Completed: 21 series x 4 windows
  Output: /scratch/users/h61084/codes/improved/outputs/results/seasonal_naive

--- Term: long ---
  Config: prediction_length=336, test_length=672, val_length=672
  Dataset info:
    - Frequency: H
    - Num series: 21
    - Target dim: 6
    - Series length: min=2208, max=5587, avg=3502.3
    - Test split: 672 steps
    - Prediction length: 336
    - Windows: 2
    - Season length: 24
    Total instances: 252, Series during experiment: 126, Windows: 2
    Collecting ground truth and context...
    Detected to_univariate case: 126 flat series -> 21 series x 6 variates
    Organizing data into arrays...
    Saved predictions (quantiles) to /scratch/users/h61084/codes/improved/outputs/results/seasonal_naive/current_velocity/H/long/predictions.npz
    Computing per-window metrics...
    Saved metrics to /scratch/users/h61084/codes/improved/outputs/results/seasonal_naive/current_velocity/H/long/metrics.npz
    Saved config to /scratch/users/h61084/codes/improved/outputs/results/seasonal_naive/current_velocity/H/long/config.json
    Saved aggregate metrics to /scratch/users/h61084/codes/improved/outputs/results/seasonal_naive/current_velocity/H/long/metrics_summary.json
    Metrics summary (averaged over all series/windows/variates):
      MSE: 23.5647
      MAE: 1.6000
      RMSE: 2.0141
      MAPE: 4994676855185.6758
      sMAPE: 0.6899
      MASE: 2.0363
      ND: 0.6458
      CRPS: 0.5827
  Completed: 21 series x 2 windows
  Output: /scratch/users/h61084/codes/improved/outputs/results/seasonal_naive

============================================================
All experiments completed!
Results saved to: /scratch/users/h61084/codes/improved/outputs/results/seasonal_naive
============================================================

############################################################
# All 1 dataset(s) completed!
############################################################

############################################################
# Dataset 1/1: CPHL/15T
############################################################
Loading configuration...

============================================================
Model: Seasonal Naive
Dataset: CPHL/15T
Terms: ['short', 'medium', 'long']
============================================================

--- Term: short ---
  Config: prediction_length=12, test_length=1440, val_length=1440
  Dataset info:
    - Frequency: 15T
    - Num series: 2
    - Target dim: 1
    - Series length: min=9956, max=10831, avg=10393.5
    - Test split: 1440 steps
    - Prediction length: 12
    - Windows: 120
    - Season length: 96
    Total instances: 240, Series during experiment: 2, Windows: 120
    Collecting ground truth and context...
    Organizing data into arrays...
    Saved predictions (quantiles) to /scratch/users/h61084/codes/improved/outputs/results/seasonal_naive/CPHL/15T/short/predictions.npz
    Computing per-window metrics...
    Saved metrics to /scratch/users/h61084/codes/improved/outputs/results/seasonal_naive/CPHL/15T/short/metrics.npz
    Saved config to /scratch/users/h61084/codes/improved/outputs/results/seasonal_naive/CPHL/15T/short/config.json
    Saved aggregate metrics to /scratch/users/h61084/codes/improved/outputs/results/seasonal_naive/CPHL/15T/short/metrics_summary.json
    Metrics summary (averaged over all series/windows/variates):
      MSE: 0.1712
      MAE: 0.2772
      RMSE: 0.3092
      MAPE: 0.4544
      sMAPE: 0.3714
      MASE: 1.3764
      ND: 0.4333
      CRPS: 0.3527
  Completed: 2 series x 120 windows
  Output: /scratch/users/h61084/codes/improved/outputs/results/seasonal_naive

--- Term: medium ---
  Config: prediction_length=96, test_length=1440, val_length=1440
  Dataset info:
    - Frequency: 15T
    - Num series: 2
    - Target dim: 1
    - Series length: min=9956, max=10831, avg=10393.5
    - Test split: 1440 steps
    - Prediction length: 96
    - Windows: 15
    - Season length: 96
    Total instances: 30, Series during experiment: 2, Windows: 15
    Collecting ground truth and context...
    Organizing data into arrays...
    Saved predictions (quantiles) to /scratch/users/h61084/codes/improved/outputs/results/seasonal_naive/CPHL/15T/medium/predictions.npz
    Computing per-window metrics...
    Saved metrics to /scratch/users/h61084/codes/improved/outputs/results/seasonal_naive/CPHL/15T/medium/metrics.npz
    Saved config to /scratch/users/h61084/codes/improved/outputs/results/seasonal_naive/CPHL/15T/medium/config.json
    Saved aggregate metrics to /scratch/users/h61084/codes/improved/outputs/results/seasonal_naive/CPHL/15T/medium/metrics_summary.json
    Metrics summary (averaged over all series/windows/variates):
      MSE: 0.1694
      MAE: 0.2746
      RMSE: 0.3378
      MAPE: 0.4541
      sMAPE: 0.3686
      MASE: 1.3635
      ND: 0.3779
      CRPS: 0.3057
  Completed: 2 series x 15 windows
  Output: /scratch/users/h61084/codes/improved/outputs/results/seasonal_naive

--- Term: long ---
  Config: prediction_length=288, test_length=1440, val_length=1440
  Dataset info:
    - Frequency: 15T
    - Num series: 2
    - Target dim: 1
    - Series length: min=9956, max=10831, avg=10393.5
    - Test split: 1440 steps
    - Prediction length: 288
    - Windows: 5
    - Season length: 96
    Total instances: 10, Series during experiment: 2, Windows: 5
    Collecting ground truth and context...
    Organizing data into arrays...
    Saved predictions (quantiles) to /scratch/users/h61084/codes/improved/outputs/results/seasonal_naive/CPHL/15T/long/predictions.npz
    Computing per-window metrics...
    Saved metrics to /scratch/users/h61084/codes/improved/outputs/results/seasonal_naive/CPHL/15T/long/metrics.npz
    Saved config to /scratch/users/h61084/codes/improved/outputs/results/seasonal_naive/CPHL/15T/long/config.json
    Saved aggregate metrics to /scratch/users/h61084/codes/improved/outputs/results/seasonal_naive/CPHL/15T/long/metrics_summary.json
    Metrics summary (averaged over all series/windows/variates):
      MSE: 0.2282
      MAE: 0.3107
      RMSE: 0.3814
      MAPE: 0.5107
      sMAPE: 0.3771
      MASE: 1.5368
      ND: 0.4117
      CRPS: 0.3435
  Completed: 2 series x 5 windows
  Output: /scratch/users/h61084/codes/improved/outputs/results/seasonal_naive

============================================================
All experiments completed!
Results saved to: /scratch/users/h61084/codes/improved/outputs/results/seasonal_naive
============================================================

############################################################
# All 1 dataset(s) completed!
############################################################

############################################################
# Dataset 1/1: CPHL/30T
############################################################
Loading configuration...

============================================================
Model: Seasonal Naive
Dataset: CPHL/30T
Terms: ['short', 'medium', 'long']
============================================================

--- Term: short ---
  Config: prediction_length=12, test_length=1440, val_length=1440
  Dataset info:
    - Frequency: 30T
    - Num series: 2
    - Target dim: 1
    - Series length: min=11808, max=17566, avg=14687.0
    - Test split: 1440 steps
    - Prediction length: 12
    - Windows: 120
    - Season length: 48
    Total instances: 240, Series during experiment: 2, Windows: 120
    Collecting ground truth and context...
    Organizing data into arrays...
    Saved predictions (quantiles) to /scratch/users/h61084/codes/improved/outputs/results/seasonal_naive/CPHL/30T/short/predictions.npz
    Computing per-window metrics...
    Saved metrics to /scratch/users/h61084/codes/improved/outputs/results/seasonal_naive/CPHL/30T/short/metrics.npz
    Saved config to /scratch/users/h61084/codes/improved/outputs/results/seasonal_naive/CPHL/30T/short/config.json
    Saved aggregate metrics to /scratch/users/h61084/codes/improved/outputs/results/seasonal_naive/CPHL/30T/short/metrics_summary.json
    Metrics summary (averaged over all series/windows/variates):
      MSE: 1.2477
      MAE: 0.6455
      RMSE: 0.7808
      MAPE: 0.5853
      sMAPE: 0.4060
      MASE: 1.7141
      ND: 0.4331
      CRPS: 0.3556
  Completed: 2 series x 120 windows
  Output: /scratch/users/h61084/codes/improved/outputs/results/seasonal_naive

--- Term: medium ---
  Config: prediction_length=48, test_length=1440, val_length=1440
  Dataset info:
    - Frequency: 30T
    - Num series: 2
    - Target dim: 1
    - Series length: min=11808, max=17566, avg=14687.0
    - Test split: 1440 steps
    - Prediction length: 48
    - Windows: 30
    - Season length: 48
    Total instances: 60, Series during experiment: 2, Windows: 30
    Collecting ground truth and context...
    Organizing data into arrays...
    Saved predictions (quantiles) to /scratch/users/h61084/codes/improved/outputs/results/seasonal_naive/CPHL/30T/medium/predictions.npz
    Computing per-window metrics...
    Saved metrics to /scratch/users/h61084/codes/improved/outputs/results/seasonal_naive/CPHL/30T/medium/metrics.npz
    Saved config to /scratch/users/h61084/codes/improved/outputs/results/seasonal_naive/CPHL/30T/medium/config.json
    Saved aggregate metrics to /scratch/users/h61084/codes/improved/outputs/results/seasonal_naive/CPHL/30T/medium/metrics_summary.json
    Metrics summary (averaged over all series/windows/variates):
      MSE: 1.2229
      MAE: 0.6446
      RMSE: 0.7979
      MAPE: 0.5999
      sMAPE: 0.4058
      MASE: 1.7220
      ND: 0.4221
      CRPS: 0.3422
  Completed: 2 series x 30 windows
  Output: /scratch/users/h61084/codes/improved/outputs/results/seasonal_naive

--- Term: long ---
  Config: prediction_length=144, test_length=1440, val_length=1440
  Dataset info:
    - Frequency: 30T
    - Num series: 2
    - Target dim: 1
    - Series length: min=11808, max=17566, avg=14687.0
    - Test split: 1440 steps
    - Prediction length: 144
    - Windows: 10
    - Season length: 48
    Total instances: 20, Series during experiment: 2, Windows: 10
    Collecting ground truth and context...
    Organizing data into arrays...
    Saved predictions (quantiles) to /scratch/users/h61084/codes/improved/outputs/results/seasonal_naive/CPHL/30T/long/predictions.npz
    Computing per-window metrics...
    Saved metrics to /scratch/users/h61084/codes/improved/outputs/results/seasonal_naive/CPHL/30T/long/metrics.npz
    Saved config to /scratch/users/h61084/codes/improved/outputs/results/seasonal_naive/CPHL/30T/long/config.json
    Saved aggregate metrics to /scratch/users/h61084/codes/improved/outputs/results/seasonal_naive/CPHL/30T/long/metrics_summary.json
    Metrics summary (averaged over all series/windows/variates):
      MSE: 1.4760
      MAE: 0.7283
      RMSE: 0.8866
      MAPE: 0.7705
      sMAPE: 0.4908
      MASE: 2.0300
      ND: 0.4696
      CRPS: 0.3736
  Completed: 2 series x 10 windows
  Output: /scratch/users/h61084/codes/improved/outputs/results/seasonal_naive

============================================================
All experiments completed!
Results saved to: /scratch/users/h61084/codes/improved/outputs/results/seasonal_naive
============================================================

############################################################
# All 1 dataset(s) completed!
############################################################

############################################################
# Dataset 1/1: CPHL/H
############################################################
Loading configuration...

============================================================
Model: Seasonal Naive
Dataset: CPHL/H
Terms: ['short', 'medium', 'long']
============================================================

--- Term: short ---
  Config: prediction_length=24, test_length=672, val_length=672
  Dataset info:
    - Frequency: H
    - Num series: 4
    - Target dim: 1
    - Series length: min=2490, max=8783, avg=4971.2
    - Test split: 672 steps
    - Prediction length: 24
    - Windows: 28
    - Season length: 24
    Total instances: 112, Series during experiment: 4, Windows: 28
    Collecting ground truth and context...
    Organizing data into arrays...
    Saved predictions (quantiles) to /scratch/users/h61084/codes/improved/outputs/results/seasonal_naive/CPHL/H/short/predictions.npz
    Computing per-window metrics...
    Saved metrics to /scratch/users/h61084/codes/improved/outputs/results/seasonal_naive/CPHL/H/short/metrics.npz
    Saved config to /scratch/users/h61084/codes/improved/outputs/results/seasonal_naive/CPHL/H/short/config.json
    Saved aggregate metrics to /scratch/users/h61084/codes/improved/outputs/results/seasonal_naive/CPHL/H/short/metrics_summary.json
    Metrics summary (averaged over all series/windows/variates):
      MSE: 0.5701
      MAE: 0.4236
      RMSE: 0.5129
      MAPE: 0.4176
      sMAPE: 0.3578
      MASE: 1.4949
      ND: 0.3602
      CRPS: 0.2926
  Completed: 4 series x 28 windows
  Output: /scratch/users/h61084/codes/improved/outputs/results/seasonal_naive

--- Term: medium ---
  Config: prediction_length=168, test_length=672, val_length=672
  Dataset info:
    - Frequency: H
    - Num series: 4
    - Target dim: 1
    - Series length: min=2490, max=8783, avg=4971.2
    - Test split: 672 steps
    - Prediction length: 168
    - Windows: 4
    - Season length: 24
    Total instances: 16, Series during experiment: 4, Windows: 4
    Collecting ground truth and context...
    Organizing data into arrays...
    Saved predictions (quantiles) to /scratch/users/h61084/codes/improved/outputs/results/seasonal_naive/CPHL/H/medium/predictions.npz
    Computing per-window metrics...
    Saved metrics to /scratch/users/h61084/codes/improved/outputs/results/seasonal_naive/CPHL/H/medium/metrics.npz
    Saved config to /scratch/users/h61084/codes/improved/outputs/results/seasonal_naive/CPHL/H/medium/config.json
    Saved aggregate metrics to /scratch/users/h61084/codes/improved/outputs/results/seasonal_naive/CPHL/H/medium/metrics_summary.json
    Metrics summary (averaged over all series/windows/variates):
      MSE: 0.7569
      MAE: 0.5464
      RMSE: 0.6729
      MAPE: 0.6124
      sMAPE: 0.5262
      MASE: 2.2133
      ND: 0.5150
      CRPS: 0.3985
  Completed: 4 series x 4 windows
  Output: /scratch/users/h61084/codes/improved/outputs/results/seasonal_naive

--- Term: long ---
  Config: prediction_length=336, test_length=672, val_length=672
  Dataset info:
    - Frequency: H
    - Num series: 4
    - Target dim: 1
    - Series length: min=2490, max=8783, avg=4971.2
    - Test split: 672 steps
    - Prediction length: 336
    - Windows: 2
    - Season length: 24
    Total instances: 8, Series during experiment: 4, Windows: 2
    Collecting ground truth and context...
    Organizing data into arrays...
    Saved predictions (quantiles) to /scratch/users/h61084/codes/improved/outputs/results/seasonal_naive/CPHL/H/long/predictions.npz
    Computing per-window metrics...
    Saved metrics to /scratch/users/h61084/codes/improved/outputs/results/seasonal_naive/CPHL/H/long/metrics.npz
    Saved config to /scratch/users/h61084/codes/improved/outputs/results/seasonal_naive/CPHL/H/long/config.json
    Saved aggregate metrics to /scratch/users/h61084/codes/improved/outputs/results/seasonal_naive/CPHL/H/long/metrics_summary.json
    Metrics summary (averaged over all series/windows/variates):
      MSE: 0.7763
      MAE: 0.5574
      RMSE: 0.7045
      MAPE: 0.6307
      sMAPE: 0.5342
      MASE: 2.4188
      ND: 0.5338
      CRPS: 0.4441
  Completed: 4 series x 2 windows
  Output: /scratch/users/h61084/codes/improved/outputs/results/seasonal_naive

============================================================
All experiments completed!
Results saved to: /scratch/users/h61084/codes/improved/outputs/results/seasonal_naive
============================================================

############################################################
# All 1 dataset(s) completed!
############################################################

############################################################
# Dataset 1/1: Coastal_T_S/5T
############################################################
Loading configuration...

============================================================
Model: Seasonal Naive
Dataset: Coastal_T_S/5T
Terms: ['short', 'medium', 'long']
============================================================

--- Term: short ---
  Config: prediction_length=36, test_length=4320, val_length=4320
  Dataset info:
    - Frequency: 5T
    - Num series: 18
    - Target dim: 3
    - Series length: min=44614, max=105408, avg=68604.9
    - Test split: 4320 steps
    - Prediction length: 36
    - Windows: 120
    - Season length: 288
    Total instances: 6480, Series during experiment: 54, Windows: 120
    Collecting ground truth and context...
    Detected to_univariate case: 54 flat series -> 18 series x 3 variates
    Organizing data into arrays...
    Saved predictions (quantiles) to /scratch/users/h61084/codes/improved/outputs/results/seasonal_naive/Coastal_T_S/5T/short/predictions.npz
    Computing per-window metrics...
    Saved metrics to /scratch/users/h61084/codes/improved/outputs/results/seasonal_naive/Coastal_T_S/5T/short/metrics.npz
    Saved config to /scratch/users/h61084/codes/improved/outputs/results/seasonal_naive/Coastal_T_S/5T/short/config.json
    Saved aggregate metrics to /scratch/users/h61084/codes/improved/outputs/results/seasonal_naive/Coastal_T_S/5T/short/metrics_summary.json
    Metrics summary (averaged over all series/windows/variates):
      MSE: 223.2989
      MAE: 3.4530
      RMSE: 4.4807
      MAPE: 0.1143
      sMAPE: 0.0809
      MASE: 1.2739
      ND: 0.0801
      CRPS: 0.0828
  Completed: 18 series x 120 windows
  Output: /scratch/users/h61084/codes/improved/outputs/results/seasonal_naive

--- Term: medium ---
  Config: prediction_length=288, test_length=4320, val_length=4320
  Dataset info:
    - Frequency: 5T
    - Num series: 18
    - Target dim: 3
    - Series length: min=44614, max=105408, avg=68604.9
    - Test split: 4320 steps
    - Prediction length: 288
    - Windows: 15
    - Season length: 288
    Total instances: 810, Series during experiment: 54, Windows: 15
    Collecting ground truth and context...
    Detected to_univariate case: 54 flat series -> 18 series x 3 variates
    Organizing data into arrays...
    Saved predictions (quantiles) to /scratch/users/h61084/codes/improved/outputs/results/seasonal_naive/Coastal_T_S/5T/medium/predictions.npz
    Computing per-window metrics...
    Saved metrics to /scratch/users/h61084/codes/improved/outputs/results/seasonal_naive/Coastal_T_S/5T/medium/metrics.npz
    Saved config to /scratch/users/h61084/codes/improved/outputs/results/seasonal_naive/Coastal_T_S/5T/medium/config.json
    Saved aggregate metrics to /scratch/users/h61084/codes/improved/outputs/results/seasonal_naive/Coastal_T_S/5T/medium/metrics_summary.json
    Metrics summary (averaged over all series/windows/variates):
      MSE: 222.1736
      MAE: 3.4229
      RMSE: 4.4906
      MAPE: 0.1139
      sMAPE: 0.0803
      MASE: 1.2744
      ND: 0.0785
      CRPS: 0.0813
  Completed: 18 series x 15 windows
  Output: /scratch/users/h61084/codes/improved/outputs/results/seasonal_naive

--- Term: long ---
  Config: prediction_length=864, test_length=4320, val_length=4320
  Dataset info:
    - Frequency: 5T
    - Num series: 18
    - Target dim: 3
    - Series length: min=44614, max=105408, avg=68604.9
    - Test split: 4320 steps
    - Prediction length: 864
    - Windows: 5
    - Season length: 288
    Total instances: 270, Series during experiment: 54, Windows: 5
    Collecting ground truth and context...
    Detected to_univariate case: 54 flat series -> 18 series x 3 variates
    Organizing data into arrays...
    Saved predictions (quantiles) to /scratch/users/h61084/codes/improved/outputs/results/seasonal_naive/Coastal_T_S/5T/long/predictions.npz
    Computing per-window metrics...
    Saved metrics to /scratch/users/h61084/codes/improved/outputs/results/seasonal_naive/Coastal_T_S/5T/long/metrics.npz
    Saved config to /scratch/users/h61084/codes/improved/outputs/results/seasonal_naive/Coastal_T_S/5T/long/config.json
    Saved aggregate metrics to /scratch/users/h61084/codes/improved/outputs/results/seasonal_naive/Coastal_T_S/5T/long/metrics_summary.json
    Metrics summary (averaged over all series/windows/variates):
      MSE: 231.6761
      MAE: 3.7555
      RMSE: 4.8563
      MAPE: 0.1180
      sMAPE: 0.0893
      MASE: 1.5728
      ND: 0.0860
      CRPS: 0.0920
  Completed: 18 series x 5 windows
  Output: /scratch/users/h61084/codes/improved/outputs/results/seasonal_naive

============================================================
All experiments completed!
Results saved to: /scratch/users/h61084/codes/improved/outputs/results/seasonal_naive
============================================================

############################################################
# All 1 dataset(s) completed!
############################################################

############################################################
# Dataset 1/1: Coastal_T_S/15T
############################################################
Loading configuration...

============================================================
Model: Seasonal Naive
Dataset: Coastal_T_S/15T
Terms: ['short', 'medium', 'long']
============================================================

--- Term: short ---
  Config: prediction_length=12, test_length=1440, val_length=1440
  Dataset info:
    - Frequency: 15T
    - Num series: 5
    - Target dim: 3
    - Series length: min=16686, max=23134, avg=20870.2
    - Test split: 1440 steps
    - Prediction length: 12
    - Windows: 120
    - Season length: 96
    Total instances: 1800, Series during experiment: 15, Windows: 120
    Collecting ground truth and context...
    Detected to_univariate case: 15 flat series -> 5 series x 3 variates
    Organizing data into arrays...
    Saved predictions (quantiles) to /scratch/users/h61084/codes/improved/outputs/results/seasonal_naive/Coastal_T_S/15T/short/predictions.npz
    Computing per-window metrics...
    Saved metrics to /scratch/users/h61084/codes/improved/outputs/results/seasonal_naive/Coastal_T_S/15T/short/metrics.npz
    Saved config to /scratch/users/h61084/codes/improved/outputs/results/seasonal_naive/Coastal_T_S/15T/short/config.json
    Saved aggregate metrics to /scratch/users/h61084/codes/improved/outputs/results/seasonal_naive/Coastal_T_S/15T/short/metrics_summary.json
    Metrics summary (averaged over all series/windows/variates):
      MSE: 209.5404
      MAE: 5.0017
      RMSE: 6.6142
      MAPE: 0.1595
      sMAPE: 0.1240
      MASE: 1.4802
      ND: 0.1261
      CRPS: 0.1093
  Completed: 5 series x 120 windows
  Output: /scratch/users/h61084/codes/improved/outputs/results/seasonal_naive

--- Term: medium ---
  Config: prediction_length=96, test_length=1440, val_length=1440
  Dataset info:
    - Frequency: 15T
    - Num series: 5
    - Target dim: 3
    - Series length: min=16686, max=23134, avg=20870.2
    - Test split: 1440 steps
    - Prediction length: 96
    - Windows: 15
    - Season length: 96
    Total instances: 225, Series during experiment: 15, Windows: 15
    Collecting ground truth and context...
    Detected to_univariate case: 15 flat series -> 5 series x 3 variates
    Organizing data into arrays...
    Saved predictions (quantiles) to /scratch/users/h61084/codes/improved/outputs/results/seasonal_naive/Coastal_T_S/15T/medium/predictions.npz
    Computing per-window metrics...
    Saved metrics to /scratch/users/h61084/codes/improved/outputs/results/seasonal_naive/Coastal_T_S/15T/medium/metrics.npz
    Saved config to /scratch/users/h61084/codes/improved/outputs/results/seasonal_naive/Coastal_T_S/15T/medium/config.json
    Saved aggregate metrics to /scratch/users/h61084/codes/improved/outputs/results/seasonal_naive/Coastal_T_S/15T/medium/metrics_summary.json
    Metrics summary (averaged over all series/windows/variates):
      MSE: 210.3222
      MAE: 5.0075
      RMSE: 6.7120
      MAPE: 0.1580
      sMAPE: 0.1257
      MASE: 1.4830
      ND: 0.1233
      CRPS: 0.1070
  Completed: 5 series x 15 windows
  Output: /scratch/users/h61084/codes/improved/outputs/results/seasonal_naive

--- Term: long ---
  Config: prediction_length=288, test_length=1440, val_length=1440
  Dataset info:
    - Frequency: 15T
    - Num series: 5
    - Target dim: 3
    - Series length: min=16686, max=23134, avg=20870.2
    - Test split: 1440 steps
    - Prediction length: 288
    - Windows: 5
    - Season length: 96
    Total instances: 75, Series during experiment: 15, Windows: 5
    Collecting ground truth and context...
    Detected to_univariate case: 15 flat series -> 5 series x 3 variates
    Organizing data into arrays...
    Saved predictions (quantiles) to /scratch/users/h61084/codes/improved/outputs/results/seasonal_naive/Coastal_T_S/15T/long/predictions.npz
    Computing per-window metrics...
    Saved metrics to /scratch/users/h61084/codes/improved/outputs/results/seasonal_naive/Coastal_T_S/15T/long/metrics.npz
    Saved config to /scratch/users/h61084/codes/improved/outputs/results/seasonal_naive/Coastal_T_S/15T/long/config.json
    Saved aggregate metrics to /scratch/users/h61084/codes/improved/outputs/results/seasonal_naive/Coastal_T_S/15T/long/metrics_summary.json
    Metrics summary (averaged over all series/windows/variates):
      MSE: 216.6110
      MAE: 5.1921
      RMSE: 6.8451
      MAPE: 0.1591
      sMAPE: 0.1327
      MASE: 1.6456
      ND: 0.1282
      CRPS: 0.1098
  Completed: 5 series x 5 windows
  Output: /scratch/users/h61084/codes/improved/outputs/results/seasonal_naive

============================================================
All experiments completed!
Results saved to: /scratch/users/h61084/codes/improved/outputs/results/seasonal_naive
============================================================

############################################################
# All 1 dataset(s) completed!
############################################################

############################################################
# Dataset 1/1: Coastal_T_S/20T
############################################################
Loading configuration...

============================================================
Model: Seasonal Naive
Dataset: Coastal_T_S/20T
Terms: ['short', 'medium', 'long']
============================================================

--- Term: short ---
  Config: prediction_length=9, test_length=1080, val_length=1080
  Dataset info:
    - Frequency: 20T
    - Num series: 1
    - Target dim: 3
    - Series length: min=8198, max=8198, avg=8198.0
    - Test split: 1080 steps
    - Prediction length: 9
    - Windows: 120
    - Season length: 72
    Total instances: 360, Series during experiment: 3, Windows: 120
    Collecting ground truth and context...
    Detected to_univariate case: 3 flat series -> 1 series x 3 variates
    Organizing data into arrays...
    Saved predictions (quantiles) to /scratch/users/h61084/codes/improved/outputs/results/seasonal_naive/Coastal_T_S/20T/short/predictions.npz
    Computing per-window metrics...
    Saved metrics to /scratch/users/h61084/codes/improved/outputs/results/seasonal_naive/Coastal_T_S/20T/short/metrics.npz
    Saved config to /scratch/users/h61084/codes/improved/outputs/results/seasonal_naive/Coastal_T_S/20T/short/config.json
    Saved aggregate metrics to /scratch/users/h61084/codes/improved/outputs/results/seasonal_naive/Coastal_T_S/20T/short/metrics_summary.json
    Metrics summary (averaged over all series/windows/variates):
      MSE: 0.0507
      MAE: 0.1669
      RMSE: 0.1762
      MAPE: 0.0068
      sMAPE: 0.0068
      MASE: 1.2861
      ND: 0.0068
      CRPS: 0.0055
  Completed: 1 series x 120 windows
  Output: /scratch/users/h61084/codes/improved/outputs/results/seasonal_naive

--- Term: medium ---
  Config: prediction_length=72, test_length=1080, val_length=1080
  Dataset info:
    - Frequency: 20T
    - Num series: 1
    - Target dim: 3
    - Series length: min=8198, max=8198, avg=8198.0
    - Test split: 1080 steps
    - Prediction length: 72
    - Windows: 15
    - Season length: 72
    Total instances: 45, Series during experiment: 3, Windows: 15
    Collecting ground truth and context...
    Detected to_univariate case: 3 flat series -> 1 series x 3 variates
    Organizing data into arrays...
    Saved predictions (quantiles) to /scratch/users/h61084/codes/improved/outputs/results/seasonal_naive/Coastal_T_S/20T/medium/predictions.npz
    Computing per-window metrics...
    Saved metrics to /scratch/users/h61084/codes/improved/outputs/results/seasonal_naive/Coastal_T_S/20T/medium/metrics.npz
    Saved config to /scratch/users/h61084/codes/improved/outputs/results/seasonal_naive/Coastal_T_S/20T/medium/config.json
    Saved aggregate metrics to /scratch/users/h61084/codes/improved/outputs/results/seasonal_naive/Coastal_T_S/20T/medium/metrics_summary.json
    Metrics summary (averaged over all series/windows/variates):
      MSE: 0.0514
      MAE: 0.1688
      RMSE: 0.1999
      MAPE: 0.0069
      sMAPE: 0.0069
      MASE: 1.3014
      ND: 0.0069
      CRPS: 0.0055
  Completed: 1 series x 15 windows
  Output: /scratch/users/h61084/codes/improved/outputs/results/seasonal_naive

--- Term: long ---
  Config: prediction_length=216, test_length=1080, val_length=1080
  Dataset info:
    - Frequency: 20T
    - Num series: 1
    - Target dim: 3
    - Series length: min=8198, max=8198, avg=8198.0
    - Test split: 1080 steps
    - Prediction length: 216
    - Windows: 5
    - Season length: 72
    Total instances: 15, Series during experiment: 3, Windows: 5
    Collecting ground truth and context...
    Detected to_univariate case: 3 flat series -> 1 series x 3 variates
    Organizing data into arrays...
    Saved predictions (quantiles) to /scratch/users/h61084/codes/improved/outputs/results/seasonal_naive/Coastal_T_S/20T/long/predictions.npz
    Computing per-window metrics...
    Saved metrics to /scratch/users/h61084/codes/improved/outputs/results/seasonal_naive/Coastal_T_S/20T/long/metrics.npz
    Saved config to /scratch/users/h61084/codes/improved/outputs/results/seasonal_naive/Coastal_T_S/20T/long/config.json
    Saved aggregate metrics to /scratch/users/h61084/codes/improved/outputs/results/seasonal_naive/Coastal_T_S/20T/long/metrics_summary.json
    Metrics summary (averaged over all series/windows/variates):
      MSE: 0.1269
      MAE: 0.2514
      RMSE: 0.3146
      MAPE: 0.0106
      sMAPE: 0.0106
      MASE: 1.9004
      ND: 0.0106
      CRPS: 0.0083
  Completed: 1 series x 5 windows
  Output: /scratch/users/h61084/codes/improved/outputs/results/seasonal_naive

============================================================
All experiments completed!
Results saved to: /scratch/users/h61084/codes/improved/outputs/results/seasonal_naive
============================================================

############################################################
# All 1 dataset(s) completed!
############################################################

############################################################
# Dataset 1/1: Coastal_T_S/H
############################################################
Loading configuration...

============================================================
Model: Seasonal Naive
Dataset: Coastal_T_S/H
Terms: ['short', 'medium', 'long']
============================================================

--- Term: short ---
  Config: prediction_length=24, test_length=672, val_length=672
  Dataset info:
    - Frequency: H
    - Num series: 24
    - Target dim: 3
    - Series length: min=2733, max=8784, avg=5488.8
    - Test split: 672 steps
    - Prediction length: 24
    - Windows: 28
    - Season length: 24
    Total instances: 2016, Series during experiment: 72, Windows: 28
    Collecting ground truth and context...
    Detected to_univariate case: 72 flat series -> 24 series x 3 variates
    Organizing data into arrays...
    Saved predictions (quantiles) to /scratch/users/h61084/codes/improved/outputs/results/seasonal_naive/Coastal_T_S/H/short/predictions.npz
    Computing per-window metrics...
    Saved metrics to /scratch/users/h61084/codes/improved/outputs/results/seasonal_naive/Coastal_T_S/H/short/metrics.npz
    Saved config to /scratch/users/h61084/codes/improved/outputs/results/seasonal_naive/Coastal_T_S/H/short/config.json
    Saved aggregate metrics to /scratch/users/h61084/codes/improved/outputs/results/seasonal_naive/Coastal_T_S/H/short/metrics_summary.json
    Metrics summary (averaged over all series/windows/variates):
      MSE: 28.1323
      MAE: 1.5746
      RMSE: 1.9232
      MAPE: 0.0407
      sMAPE: 0.0391
      MASE: 1.2422
      ND: 0.0386
      CRPS: 0.0356
  Completed: 24 series x 28 windows
  Output: /scratch/users/h61084/codes/improved/outputs/results/seasonal_naive

--- Term: medium ---
  Config: prediction_length=168, test_length=672, val_length=672
  Dataset info:
    - Frequency: H
    - Num series: 24
    - Target dim: 3
    - Series length: min=2733, max=8784, avg=5488.8
    - Test split: 672 steps
    - Prediction length: 168
    - Windows: 4
    - Season length: 24
    Total instances: 288, Series during experiment: 72, Windows: 4
    Collecting ground truth and context...
    Detected to_univariate case: 72 flat series -> 24 series x 3 variates
    Organizing data into arrays...
    Saved predictions (quantiles) to /scratch/users/h61084/codes/improved/outputs/results/seasonal_naive/Coastal_T_S/H/medium/predictions.npz
    Computing per-window metrics...
    Saved metrics to /scratch/users/h61084/codes/improved/outputs/results/seasonal_naive/Coastal_T_S/H/medium/metrics.npz
    Saved config to /scratch/users/h61084/codes/improved/outputs/results/seasonal_naive/Coastal_T_S/H/medium/config.json
    Saved aggregate metrics to /scratch/users/h61084/codes/improved/outputs/results/seasonal_naive/Coastal_T_S/H/medium/metrics_summary.json
    Metrics summary (averaged over all series/windows/variates):
      MSE: 36.8410
      MAE: 1.9584
      RMSE: 2.4065
      MAPE: 0.0546
      sMAPE: 0.0500
      MASE: 2.1000
      ND: 0.0523
      CRPS: 0.0525
  Completed: 24 series x 4 windows
  Output: /scratch/users/h61084/codes/improved/outputs/results/seasonal_naive

--- Term: long ---
  Config: prediction_length=336, test_length=672, val_length=672
  Dataset info:
    - Frequency: H
    - Num series: 24
    - Target dim: 3
    - Series length: min=2733, max=8784, avg=5488.8
    - Test split: 672 steps
    - Prediction length: 336
    - Windows: 2
    - Season length: 24
    Total instances: 144, Series during experiment: 72, Windows: 2
    Collecting ground truth and context...
    Detected to_univariate case: 72 flat series -> 24 series x 3 variates
    Organizing data into arrays...
    Saved predictions (quantiles) to /scratch/users/h61084/codes/improved/outputs/results/seasonal_naive/Coastal_T_S/H/long/predictions.npz
    Computing per-window metrics...
    Saved metrics to /scratch/users/h61084/codes/improved/outputs/results/seasonal_naive/Coastal_T_S/H/long/metrics.npz
    Saved config to /scratch/users/h61084/codes/improved/outputs/results/seasonal_naive/Coastal_T_S/H/long/config.json
    Saved aggregate metrics to /scratch/users/h61084/codes/improved/outputs/results/seasonal_naive/Coastal_T_S/H/long/metrics_summary.json
    Metrics summary (averaged over all series/windows/variates):
      MSE: 45.2744
      MAE: 2.2945
      RMSE: 2.8030
      MAPE: 0.0667
      sMAPE: 0.0618
      MASE: 2.7665
      ND: 0.0610
      CRPS: 0.0628
  Completed: 24 series x 2 windows
  Output: /scratch/users/h61084/codes/improved/outputs/results/seasonal_naive

============================================================
All experiments completed!
Results saved to: /scratch/users/h61084/codes/improved/outputs/results/seasonal_naive
============================================================

############################################################
# All 1 dataset(s) completed!
############################################################

############################################################
# Dataset 1/1: SG_Weather/D
############################################################
Loading configuration...

============================================================
Model: Seasonal Naive
Dataset: SG_Weather/D
Terms: ['short', 'medium', 'long']
============================================================

--- Term: short ---
  Config: prediction_length=3, test_length=366, val_length=366
  Dataset info:
    - Frequency: D
    - Num series: 6
    - Target dim: 4
    - Series length: min=2953, max=2953, avg=2953.0
    - Test split: 366 steps
    - Prediction length: 3
    - Windows: 122
    - Season length: 1
    Total instances: 2928, Series during experiment: 24, Windows: 122
    Collecting ground truth and context...
    Detected to_univariate case: 24 flat series -> 6 series x 4 variates
    Organizing data into arrays...
    Saved predictions (quantiles) to /scratch/users/h61084/codes/improved/outputs/results/seasonal_naive/SG_Weather/D/short/predictions.npz
    Computing per-window metrics...
    Saved metrics to /scratch/users/h61084/codes/improved/outputs/results/seasonal_naive/SG_Weather/D/short/metrics.npz
    Saved config to /scratch/users/h61084/codes/improved/outputs/results/seasonal_naive/SG_Weather/D/short/config.json
    Saved aggregate metrics to /scratch/users/h61084/codes/improved/outputs/results/seasonal_naive/SG_Weather/D/short/metrics_summary.json
    Metrics summary (averaged over all series/windows/variates):
      MSE: 3778.0022
      MAE: 22.6066
      RMSE: 26.0693
      MAPE: 0.5252
      sMAPE: 0.2851
      MASE: 1.0955
      ND: 0.3218
      CRPS: 0.2970
  Completed: 6 series x 122 windows
  Output: /scratch/users/h61084/codes/improved/outputs/results/seasonal_naive

--- Term: medium ---
  Config: prediction_length=7, test_length=366, val_length=366
  Dataset info:
    - Frequency: D
    - Num series: 6
    - Target dim: 4
    - Series length: min=2953, max=2953, avg=2953.0
    - Test split: 366 steps
    - Prediction length: 7
    - Windows: 52
    - Season length: 1
    Total instances: 1248, Series during experiment: 24, Windows: 52
    Collecting ground truth and context...
    Detected to_univariate case: 24 flat series -> 6 series x 4 variates
    Organizing data into arrays...
    Saved predictions (quantiles) to /scratch/users/h61084/codes/improved/outputs/results/seasonal_naive/SG_Weather/D/medium/predictions.npz
    Computing per-window metrics...
    Saved metrics to /scratch/users/h61084/codes/improved/outputs/results/seasonal_naive/SG_Weather/D/medium/metrics.npz
    Saved config to /scratch/users/h61084/codes/improved/outputs/results/seasonal_naive/SG_Weather/D/medium/config.json
    Saved aggregate metrics to /scratch/users/h61084/codes/improved/outputs/results/seasonal_naive/SG_Weather/D/medium/metrics_summary.json
    Metrics summary (averaged over all series/windows/variates):
      MSE: 4318.7724
      MAE: 25.5317
      RMSE: 30.2562
      MAPE: 0.5915
      sMAPE: 0.3163
      MASE: 1.2227
      ND: 0.3403
      CRPS: 0.3188
  Completed: 6 series x 52 windows
  Output: /scratch/users/h61084/codes/improved/outputs/results/seasonal_naive

--- Term: long ---
  Config: prediction_length=14, test_length=366, val_length=366
  Dataset info:
    - Frequency: D
    - Num series: 6
    - Target dim: 4
    - Series length: min=2953, max=2953, avg=2953.0
    - Test split: 366 steps
    - Prediction length: 14
    - Windows: 26
    - Season length: 1
    Total instances: 624, Series during experiment: 24, Windows: 26
    Collecting ground truth and context...
    Detected to_univariate case: 24 flat series -> 6 series x 4 variates
    Organizing data into arrays...
    Saved predictions (quantiles) to /scratch/users/h61084/codes/improved/outputs/results/seasonal_naive/SG_Weather/D/long/predictions.npz
    Computing per-window metrics...
    Saved metrics to /scratch/users/h61084/codes/improved/outputs/results/seasonal_naive/SG_Weather/D/long/metrics.npz
    Saved config to /scratch/users/h61084/codes/improved/outputs/results/seasonal_naive/SG_Weather/D/long/config.json
    Saved aggregate metrics to /scratch/users/h61084/codes/improved/outputs/results/seasonal_naive/SG_Weather/D/long/metrics_summary.json
    Metrics summary (averaged over all series/windows/variates):
      MSE: 4087.6491
      MAE: 25.1485
      RMSE: 30.3203
      MAPE: 0.6032
      sMAPE: 0.3230
      MASE: 1.2418
      ND: 0.3293
      CRPS: 0.3462
  Completed: 6 series x 26 windows
  Output: /scratch/users/h61084/codes/improved/outputs/results/seasonal_naive

============================================================
All experiments completed!
Results saved to: /scratch/users/h61084/codes/improved/outputs/results/seasonal_naive
============================================================

############################################################
# All 1 dataset(s) completed!
############################################################

############################################################
# Dataset 1/1: SG_PM25/H
############################################################
Loading configuration...

============================================================
Model: Seasonal Naive
Dataset: SG_PM25/H
Terms: ['short', 'medium', 'long']
============================================================

--- Term: short ---
  Config: prediction_length=24, test_length=2208, val_length=2160
  Dataset info:
    - Frequency: H
    - Num series: 1
    - Target dim: 5
    - Series length: min=38688, max=38688, avg=38688.0
    - Test split: 2208 steps
    - Prediction length: 24
    - Windows: 92
    - Season length: 24
    Total instances: 460, Series during experiment: 5, Windows: 92
    Collecting ground truth and context...
    Detected to_univariate case: 5 flat series -> 1 series x 5 variates
    Organizing data into arrays...
    Saved predictions (quantiles) to /scratch/users/h61084/codes/improved/outputs/results/seasonal_naive/SG_PM25/H/short/predictions.npz
    Computing per-window metrics...
    Saved metrics to /scratch/users/h61084/codes/improved/outputs/results/seasonal_naive/SG_PM25/H/short/metrics.npz
    Saved config to /scratch/users/h61084/codes/improved/outputs/results/seasonal_naive/SG_PM25/H/short/config.json
    Saved aggregate metrics to /scratch/users/h61084/codes/improved/outputs/results/seasonal_naive/SG_PM25/H/short/metrics_summary.json
    Metrics summary (averaged over all series/windows/variates):
      MSE: 70.6040
      MAE: 6.1961
      RMSE: 7.7201
      MAPE: 0.6770
      sMAPE: 0.5113
      MASE: 1.1727
      ND: 0.5361
      CRPS: 0.4292
  Completed: 1 series x 92 windows
  Output: /scratch/users/h61084/codes/improved/outputs/results/seasonal_naive

--- Term: medium ---
  Config: prediction_length=72, test_length=2208, val_length=2160
  Dataset info:
    - Frequency: H
    - Num series: 1
    - Target dim: 5
    - Series length: min=38688, max=38688, avg=38688.0
    - Test split: 2208 steps
    - Prediction length: 72
    - Windows: 30
    - Season length: 24
    Total instances: 150, Series during experiment: 5, Windows: 30
    Collecting ground truth and context...
    Detected to_univariate case: 5 flat series -> 1 series x 5 variates
    Organizing data into arrays...
    Saved predictions (quantiles) to /scratch/users/h61084/codes/improved/outputs/results/seasonal_naive/SG_PM25/H/medium/predictions.npz
    Computing per-window metrics...
    Saved metrics to /scratch/users/h61084/codes/improved/outputs/results/seasonal_naive/SG_PM25/H/medium/metrics.npz
    Saved config to /scratch/users/h61084/codes/improved/outputs/results/seasonal_naive/SG_PM25/H/medium/config.json
    Saved aggregate metrics to /scratch/users/h61084/codes/improved/outputs/results/seasonal_naive/SG_PM25/H/medium/metrics_summary.json
    Metrics summary (averaged over all series/windows/variates):
      MSE: 73.8260
      MAE: 6.3747
      RMSE: 8.0515
      MAPE: 0.6809
      sMAPE: 0.5368
      MASE: 1.2045
      ND: 0.5325
      CRPS: 0.4375
  Completed: 1 series x 30 windows
  Output: /scratch/users/h61084/codes/improved/outputs/results/seasonal_naive

--- Term: long ---
  Config: prediction_length=168, test_length=2208, val_length=2160
  Dataset info:
    - Frequency: H
    - Num series: 1
    - Target dim: 5
    - Series length: min=38688, max=38688, avg=38688.0
    - Test split: 2208 steps
    - Prediction length: 168
    - Windows: 13
    - Season length: 24
    Total instances: 65, Series during experiment: 5, Windows: 13
    Collecting ground truth and context...
    Detected to_univariate case: 5 flat series -> 1 series x 5 variates
    Organizing data into arrays...
    Saved predictions (quantiles) to /scratch/users/h61084/codes/improved/outputs/results/seasonal_naive/SG_PM25/H/long/predictions.npz
    Computing per-window metrics...
    Saved metrics to /scratch/users/h61084/codes/improved/outputs/results/seasonal_naive/SG_PM25/H/long/metrics.npz
    Saved config to /scratch/users/h61084/codes/improved/outputs/results/seasonal_naive/SG_PM25/H/long/config.json
    Saved aggregate metrics to /scratch/users/h61084/codes/improved/outputs/results/seasonal_naive/SG_PM25/H/long/metrics_summary.json
    Metrics summary (averaged over all series/windows/variates):
      MSE: 83.6942
      MAE: 6.9389
      RMSE: 8.8424
      MAPE: 0.7680
      sMAPE: 0.5840
      MASE: 1.3094
      ND: 0.5815
      CRPS: 0.5006
  Completed: 1 series x 13 windows
  Output: /scratch/users/h61084/codes/improved/outputs/results/seasonal_naive

============================================================
All experiments completed!
Results saved to: /scratch/users/h61084/codes/improved/outputs/results/seasonal_naive
============================================================

############################################################
# All 1 dataset(s) completed!
############################################################

############################################################
# Dataset 1/1: NE_China_Wind/H
############################################################
Loading configuration...

============================================================
Model: Seasonal Naive
Dataset: NE_China_Wind/H
Terms: ['short', 'medium', 'long']
============================================================

--- Term: short ---
  Config: prediction_length=24, test_length=720, val_length=720
  Dataset info:
    - Frequency: H
    - Num series: 1
    - Target dim: 4
    - Series length: min=8764, max=8764, avg=8764.0
    - Test split: 720 steps
    - Prediction length: 24
    - Windows: 30
    - Season length: 24
    Total instances: 120, Series during experiment: 4, Windows: 30
    Collecting ground truth and context...
    Detected to_univariate case: 4 flat series -> 1 series x 4 variates
    Organizing data into arrays...
    Saved predictions (quantiles) to /scratch/users/h61084/codes/improved/outputs/results/seasonal_naive/NE_China_Wind/H/short/predictions.npz
    Computing per-window metrics...
    Saved metrics to /scratch/users/h61084/codes/improved/outputs/results/seasonal_naive/NE_China_Wind/H/short/metrics.npz
    Saved config to /scratch/users/h61084/codes/improved/outputs/results/seasonal_naive/NE_China_Wind/H/short/config.json
    Saved aggregate metrics to /scratch/users/h61084/codes/improved/outputs/results/seasonal_naive/NE_China_Wind/H/short/metrics_summary.json
    Metrics summary (averaged over all series/windows/variates):
      MSE: 0.2767
      MAE: 0.3551
      RMSE: 0.3990
      MAPE: 1.4985
      sMAPE: 0.6129
      MASE: 0.8294
      ND: 0.7001
      CRPS: 0.6100
  Completed: 1 series x 30 windows
  Output: /scratch/users/h61084/codes/improved/outputs/results/seasonal_naive

--- Term: medium ---
  Config: prediction_length=72, test_length=720, val_length=720
  Dataset info:
    - Frequency: H
    - Num series: 1
    - Target dim: 4
    - Series length: min=8764, max=8764, avg=8764.0
    - Test split: 720 steps
    - Prediction length: 72
    - Windows: 10
    - Season length: 24
    Total instances: 40, Series during experiment: 4, Windows: 10
    Collecting ground truth and context...
    Detected to_univariate case: 4 flat series -> 1 series x 4 variates
    Organizing data into arrays...
    Saved predictions (quantiles) to /scratch/users/h61084/codes/improved/outputs/results/seasonal_naive/NE_China_Wind/H/medium/predictions.npz
    Computing per-window metrics...
    Saved metrics to /scratch/users/h61084/codes/improved/outputs/results/seasonal_naive/NE_China_Wind/H/medium/metrics.npz
    Saved config to /scratch/users/h61084/codes/improved/outputs/results/seasonal_naive/NE_China_Wind/H/medium/config.json
    Saved aggregate metrics to /scratch/users/h61084/codes/improved/outputs/results/seasonal_naive/NE_China_Wind/H/medium/metrics_summary.json
    Metrics summary (averaged over all series/windows/variates):
      MSE: 0.4164
      MAE: 0.4792
      RMSE: 0.5451
      MAPE: 1.9183
      sMAPE: 0.7933
      MASE: 1.1358
      ND: 0.7933
      CRPS: 0.6725
  Completed: 1 series x 10 windows
  Output: /scratch/users/h61084/codes/improved/outputs/results/seasonal_naive

--- Term: long ---
  Config: prediction_length=168, test_length=720, val_length=720
  Dataset info:
    - Frequency: H
    - Num series: 1
    - Target dim: 4
    - Series length: min=8764, max=8764, avg=8764.0
    - Test split: 720 steps
    - Prediction length: 168
    - Windows: 4
    - Season length: 24
    Total instances: 16, Series during experiment: 4, Windows: 4
    Collecting ground truth and context...
    Detected to_univariate case: 4 flat series -> 1 series x 4 variates
    Organizing data into arrays...
    Saved predictions (quantiles) to /scratch/users/h61084/codes/improved/outputs/results/seasonal_naive/NE_China_Wind/H/long/predictions.npz
    Computing per-window metrics...
    Saved metrics to /scratch/users/h61084/codes/improved/outputs/results/seasonal_naive/NE_China_Wind/H/long/metrics.npz
    Saved config to /scratch/users/h61084/codes/improved/outputs/results/seasonal_naive/NE_China_Wind/H/long/config.json
    Saved aggregate metrics to /scratch/users/h61084/codes/improved/outputs/results/seasonal_naive/NE_China_Wind/H/long/metrics_summary.json
    Metrics summary (averaged over all series/windows/variates):
      MSE: 0.4537
      MAE: 0.5043
      RMSE: 0.6197
      MAPE: 1.9028
      sMAPE: 0.7981
      MASE: 1.3373
      ND: 0.6948
      CRPS: 0.6745
  Completed: 1 series x 4 windows
  Output: /scratch/users/h61084/codes/improved/outputs/results/seasonal_naive

============================================================
All experiments completed!
Results saved to: /scratch/users/h61084/codes/improved/outputs/results/seasonal_naive
============================================================

############################################################
# All 1 dataset(s) completed!
############################################################

############################################################
# Dataset 1/1: Australia_Solar/H
############################################################
Loading configuration...

============================================================
Model: Seasonal Naive
Dataset: Australia_Solar/H
Terms: ['short', 'medium', 'long']
============================================================

--- Term: short ---
  Config: prediction_length=24, test_length=2520, val_length=2520
  Dataset info:
    - Frequency: H
    - Num series: 1
    - Target dim: 3
    - Series length: min=35064, max=35064, avg=35064.0
    - Test split: 2520 steps
    - Prediction length: 24
    - Windows: 105
    - Season length: 24
    Total instances: 315, Series during experiment: 3, Windows: 105
    Collecting ground truth and context...
    Detected to_univariate case: 3 flat series -> 1 series x 3 variates
    Organizing data into arrays...
    ⚠️  Predictions max value (2231668.50) exceeds float16 safe range.
    ⚠️  Applying scale factor: 100 (values will be divided)
    Saved predictions (quantiles) to /scratch/users/h61084/codes/improved/outputs/results/seasonal_naive/Australia_Solar/H/short/predictions.npz
    Computing per-window metrics...
    Saved metrics to /scratch/users/h61084/codes/improved/outputs/results/seasonal_naive/Australia_Solar/H/short/metrics.npz
    Saved config to /scratch/users/h61084/codes/improved/outputs/results/seasonal_naive/Australia_Solar/H/short/config.json
    Saved aggregate metrics to /scratch/users/h61084/codes/improved/outputs/results/seasonal_naive/Australia_Solar/H/short/metrics_summary.json
    Metrics summary (averaged over all series/windows/variates):
      MSE: 39265759706.9656
      MAE: 99555.8414
      RMSE: 129264.8438
      MAPE: 1207.2438
      sMAPE: 0.6383
      MASE: 0.7023
      ND: 0.3592
      CRPS: 0.3163
  Completed: 1 series x 105 windows
  Output: /scratch/users/h61084/codes/improved/outputs/results/seasonal_naive

--- Term: medium ---
  Config: prediction_length=72, test_length=2520, val_length=2520
  Dataset info:
    - Frequency: H
    - Num series: 1
    - Target dim: 3
    - Series length: min=35064, max=35064, avg=35064.0
    - Test split: 2520 steps
    - Prediction length: 72
    - Windows: 35
    - Season length: 24
    Total instances: 105, Series during experiment: 3, Windows: 35
    Collecting ground truth and context...
    Detected to_univariate case: 3 flat series -> 1 series x 3 variates
    Organizing data into arrays...
    ⚠️  Predictions max value (2454677.75) exceeds float16 safe range.
    ⚠️  Applying scale factor: 100 (values will be divided)
    Saved predictions (quantiles) to /scratch/users/h61084/codes/improved/outputs/results/seasonal_naive/Australia_Solar/H/medium/predictions.npz
    Computing per-window metrics...
    Saved metrics to /scratch/users/h61084/codes/improved/outputs/results/seasonal_naive/Australia_Solar/H/medium/metrics.npz
    Saved config to /scratch/users/h61084/codes/improved/outputs/results/seasonal_naive/Australia_Solar/H/medium/config.json
    Saved aggregate metrics to /scratch/users/h61084/codes/improved/outputs/results/seasonal_naive/Australia_Solar/H/medium/metrics_summary.json
    Metrics summary (averaged over all series/windows/variates):
      MSE: 41853158743.2968
      MAE: 106857.0882
      RMSE: 149630.7701
      MAPE: 1351.1176
      sMAPE: 0.6858
      MASE: 0.7617
      ND: 0.3329
      CRPS: 0.3037
  Completed: 1 series x 35 windows
  Output: /scratch/users/h61084/codes/improved/outputs/results/seasonal_naive

--- Term: long ---
  Config: prediction_length=168, test_length=2520, val_length=2520
  Dataset info:
    - Frequency: H
    - Num series: 1
    - Target dim: 3
    - Series length: min=35064, max=35064, avg=35064.0
    - Test split: 2520 steps
    - Prediction length: 168
    - Windows: 15
    - Season length: 24
    Total instances: 45, Series during experiment: 3, Windows: 15
    Collecting ground truth and context...
    Detected to_univariate case: 3 flat series -> 1 series x 3 variates
    Organizing data into arrays...
    ⚠️  Predictions max value (2589712.00) exceeds float16 safe range.
    ⚠️  Applying scale factor: 100 (values will be divided)
    Saved predictions (quantiles) to /scratch/users/h61084/codes/improved/outputs/results/seasonal_naive/Australia_Solar/H/long/predictions.npz
    Computing per-window metrics...
    Saved metrics to /scratch/users/h61084/codes/improved/outputs/results/seasonal_naive/Australia_Solar/H/long/metrics.npz
    Saved config to /scratch/users/h61084/codes/improved/outputs/results/seasonal_naive/Australia_Solar/H/long/config.json
    Saved aggregate metrics to /scratch/users/h61084/codes/improved/outputs/results/seasonal_naive/Australia_Solar/H/long/metrics_summary.json
    Metrics summary (averaged over all series/windows/variates):
      MSE: 32812881242.0641
      MAE: 98996.0173
      RMSE: 144217.6854
      MAPE: 700.3631
      sMAPE: 0.6883
      MASE: 0.7275
      ND: 0.3288
      CRPS: 0.3125
  Completed: 1 series x 15 windows
  Output: /scratch/users/h61084/codes/improved/outputs/results/seasonal_naive

============================================================
All experiments completed!
Results saved to: /scratch/users/h61084/codes/improved/outputs/results/seasonal_naive
============================================================

############################################################
# All 1 dataset(s) completed!
############################################################

############################################################
# Dataset 1/1: epf_electricity_price/H
############################################################
Loading configuration...

============================================================
Model: Seasonal Naive
Dataset: epf_electricity_price/H
Terms: ['short', 'medium', 'long']
============================================================

--- Term: short ---
  Config: prediction_length=24, test_length=2520, val_length=2520
  Dataset info:
    - Frequency: H
    - Num series: 5
    - Target dim: 1
    - Series length: min=52416, max=52416, avg=52416.0
    - Test split: 2520 steps
    - Prediction length: 24
    - Windows: 105
    - Season length: 24
    Total instances: 525, Series during experiment: 5, Windows: 105
    Collecting ground truth and context...
    Organizing data into arrays...
    Saved predictions (quantiles) to /scratch/users/h61084/codes/improved/outputs/results/seasonal_naive/epf_electricity_price/H/short/predictions.npz
    Computing per-window metrics...
    Saved metrics to /scratch/users/h61084/codes/improved/outputs/results/seasonal_naive/epf_electricity_price/H/short/metrics.npz
    Saved config to /scratch/users/h61084/codes/improved/outputs/results/seasonal_naive/epf_electricity_price/H/short/config.json
    Saved aggregate metrics to /scratch/users/h61084/codes/improved/outputs/results/seasonal_naive/epf_electricity_price/H/short/metrics_summary.json
    Metrics summary (averaged over all series/windows/variates):
      MSE: 256.1833
      MAE: 9.2741
      RMSE: 11.4342
      MAPE: 1.6710
      sMAPE: 0.2325
      MASE: 1.4450
      ND: 0.2396
      CRPS: 0.1984
  Completed: 5 series x 105 windows
  Output: /scratch/users/h61084/codes/improved/outputs/results/seasonal_naive

--- Term: medium ---
  Config: prediction_length=72, test_length=2520, val_length=2520
  Dataset info:
    - Frequency: H
    - Num series: 5
    - Target dim: 1
    - Series length: min=52416, max=52416, avg=52416.0
    - Test split: 2520 steps
    - Prediction length: 72
    - Windows: 35
    - Season length: 24
    Total instances: 175, Series during experiment: 5, Windows: 35
    Collecting ground truth and context...
    Organizing data into arrays...
    Saved predictions (quantiles) to /scratch/users/h61084/codes/improved/outputs/results/seasonal_naive/epf_electricity_price/H/medium/predictions.npz
    Computing per-window metrics...
    Saved metrics to /scratch/users/h61084/codes/improved/outputs/results/seasonal_naive/epf_electricity_price/H/medium/metrics.npz
    Saved config to /scratch/users/h61084/codes/improved/outputs/results/seasonal_naive/epf_electricity_price/H/medium/config.json
    Saved aggregate metrics to /scratch/users/h61084/codes/improved/outputs/results/seasonal_naive/epf_electricity_price/H/medium/metrics_summary.json
    Metrics summary (averaged over all series/windows/variates):
      MSE: 429.3100
      MAE: 12.0745
      RMSE: 15.1735
      MAPE: 2.2382
      sMAPE: 0.2826
      MASE: 1.8645
      ND: 0.2890
      CRPS: 0.2424
  Completed: 5 series x 35 windows
  Output: /scratch/users/h61084/codes/improved/outputs/results/seasonal_naive

--- Term: long ---
  Config: prediction_length=168, test_length=2520, val_length=2520
  Dataset info:
    - Frequency: H
    - Num series: 5
    - Target dim: 1
    - Series length: min=52416, max=52416, avg=52416.0
    - Test split: 2520 steps
    - Prediction length: 168
    - Windows: 15
    - Season length: 24
    Total instances: 75, Series during experiment: 5, Windows: 15
    Collecting ground truth and context...
    Organizing data into arrays...
    Saved predictions (quantiles) to /scratch/users/h61084/codes/improved/outputs/results/seasonal_naive/epf_electricity_price/H/long/predictions.npz
    Computing per-window metrics...
    Saved metrics to /scratch/users/h61084/codes/improved/outputs/results/seasonal_naive/epf_electricity_price/H/long/metrics.npz
    Saved config to /scratch/users/h61084/codes/improved/outputs/results/seasonal_naive/epf_electricity_price/H/long/config.json
    Saved aggregate metrics to /scratch/users/h61084/codes/improved/outputs/results/seasonal_naive/epf_electricity_price/H/long/metrics_summary.json
    Metrics summary (averaged over all series/windows/variates):
      MSE: 476.2999
      MAE: 12.8322
      RMSE: 16.9119
      MAPE: 1.9149
      sMAPE: 0.3293
      MASE: 2.0013
      ND: 0.3052
      CRPS: 0.2676
  Completed: 5 series x 15 windows
  Output: /scratch/users/h61084/codes/improved/outputs/results/seasonal_naive

============================================================
All experiments completed!
Results saved to: /scratch/users/h61084/codes/improved/outputs/results/seasonal_naive
============================================================

############################################################
# All 1 dataset(s) completed!
############################################################

############################################################
# Dataset 1/1: OpenElectricity_NEM/5T
############################################################
Loading configuration...

============================================================
Model: Seasonal Naive
Dataset: OpenElectricity_NEM/5T
Terms: ['short', 'medium', 'long']
============================================================

--- Term: short ---
  Config: prediction_length=24, test_length=4032, val_length=4032
  Dataset info:
    - Frequency: 5T
    - Num series: 1
    - Target dim: 10
    - Series length: min=43488, max=43488, avg=43488.0
    - Test split: 4032 steps
    - Prediction length: 24
    - Windows: 168
    - Season length: 288
    Total instances: 1680, Series during experiment: 10, Windows: 168
    Collecting ground truth and context...
    Detected to_univariate case: 10 flat series -> 1 series x 10 variates
    Organizing data into arrays...
    Saved predictions (quantiles) to /scratch/users/h61084/codes/improved/outputs/results/seasonal_naive/OpenElectricity_NEM/5T/short/predictions.npz
    Computing per-window metrics...
    Saved metrics to /scratch/users/h61084/codes/improved/outputs/results/seasonal_naive/OpenElectricity_NEM/5T/short/metrics.npz
    Saved config to /scratch/users/h61084/codes/improved/outputs/results/seasonal_naive/OpenElectricity_NEM/5T/short/config.json
    Saved aggregate metrics to /scratch/users/h61084/codes/improved/outputs/results/seasonal_naive/OpenElectricity_NEM/5T/short/metrics_summary.json
    Metrics summary (averaged over all series/windows/variates):
      MSE: 139708.4597
      MAE: 176.2251
      RMSE: 185.8052
      MAPE: 7.6118
      sMAPE: 0.3509
      MASE: 1.0336
      ND: 0.4935
      CRPS: 0.4132
  Completed: 1 series x 168 windows
  Output: /scratch/users/h61084/codes/improved/outputs/results/seasonal_naive

--- Term: medium ---
  Config: prediction_length=96, test_length=4032, val_length=4032
  Dataset info:
    - Frequency: 5T
    - Num series: 1
    - Target dim: 10
    - Series length: min=43488, max=43488, avg=43488.0
    - Test split: 4032 steps
    - Prediction length: 96
    - Windows: 42
    - Season length: 288
    Total instances: 420, Series during experiment: 10, Windows: 42
    Collecting ground truth and context...
    Detected to_univariate case: 10 flat series -> 1 series x 10 variates
    Organizing data into arrays...
    Saved predictions (quantiles) to /scratch/users/h61084/codes/improved/outputs/results/seasonal_naive/OpenElectricity_NEM/5T/medium/predictions.npz
    Computing per-window metrics...
    Saved metrics to /scratch/users/h61084/codes/improved/outputs/results/seasonal_naive/OpenElectricity_NEM/5T/medium/metrics.npz
    Saved config to /scratch/users/h61084/codes/improved/outputs/results/seasonal_naive/OpenElectricity_NEM/5T/medium/config.json
    Saved aggregate metrics to /scratch/users/h61084/codes/improved/outputs/results/seasonal_naive/OpenElectricity_NEM/5T/medium/metrics_summary.json
    Metrics summary (averaged over all series/windows/variates):
      MSE: 138964.9748
      MAE: 178.6282
      RMSE: 206.4258
      MAPE: 7.0324
      sMAPE: 0.3476
      MASE: 1.0392
      ND: 0.4113
      CRPS: 0.3453
  Completed: 1 series x 42 windows
  Output: /scratch/users/h61084/codes/improved/outputs/results/seasonal_naive

--- Term: long ---
  Config: prediction_length=288, test_length=4032, val_length=4032
  Dataset info:
    - Frequency: 5T
    - Num series: 1
    - Target dim: 10
    - Series length: min=43488, max=43488, avg=43488.0
    - Test split: 4032 steps
    - Prediction length: 288
    - Windows: 14
    - Season length: 288
    Total instances: 140, Series during experiment: 10, Windows: 14
    Collecting ground truth and context...
    Detected to_univariate case: 10 flat series -> 1 series x 10 variates
    Organizing data into arrays...
    Saved predictions (quantiles) to /scratch/users/h61084/codes/improved/outputs/results/seasonal_naive/OpenElectricity_NEM/5T/long/predictions.npz
    Computing per-window metrics...
    Saved metrics to /scratch/users/h61084/codes/improved/outputs/results/seasonal_naive/OpenElectricity_NEM/5T/long/metrics.npz
    Saved config to /scratch/users/h61084/codes/improved/outputs/results/seasonal_naive/OpenElectricity_NEM/5T/long/config.json
    Saved aggregate metrics to /scratch/users/h61084/codes/improved/outputs/results/seasonal_naive/OpenElectricity_NEM/5T/long/metrics_summary.json
    Metrics summary (averaged over all series/windows/variates):
      MSE: 149107.8133
      MAE: 183.1389
      RMSE: 240.6648
      MAPE: 6.2411
      sMAPE: 0.3443
      MASE: 1.0459
      ND: 0.3245
      CRPS: 0.2731
  Completed: 1 series x 14 windows
  Output: /scratch/users/h61084/codes/improved/outputs/results/seasonal_naive

============================================================
All experiments completed!
Results saved to: /scratch/users/h61084/codes/improved/outputs/results/seasonal_naive
============================================================

############################################################
# All 1 dataset(s) completed!
############################################################

############################################################
# Dataset 1/1: EWELD_Load/15T
############################################################
Loading configuration...

============================================================
Model: Seasonal Naive
Dataset: EWELD_Load/15T
Terms: ['short', 'medium', 'long']
============================================================

--- Term: short ---
  Config: prediction_length=24, test_length=1344, val_length=1344
  Dataset info:
    - Frequency: 15T
    - Num series: 1
    - Target dim: 10
    - Series length: min=20544, max=20544, avg=20544.0
    - Test split: 1344 steps
    - Prediction length: 24
    - Windows: 56
    - Season length: 96
    Total instances: 560, Series during experiment: 10, Windows: 56
    Collecting ground truth and context...
    Detected to_univariate case: 10 flat series -> 1 series x 10 variates
    Organizing data into arrays...
    Saved predictions (quantiles) to /scratch/users/h61084/codes/improved/outputs/results/seasonal_naive/EWELD_Load/15T/short/predictions.npz
    Computing per-window metrics...
    Saved metrics to /scratch/users/h61084/codes/improved/outputs/results/seasonal_naive/EWELD_Load/15T/short/metrics.npz
    Saved config to /scratch/users/h61084/codes/improved/outputs/results/seasonal_naive/EWELD_Load/15T/short/config.json
    Saved aggregate metrics to /scratch/users/h61084/codes/improved/outputs/results/seasonal_naive/EWELD_Load/15T/short/metrics_summary.json
    Metrics summary (averaged over all series/windows/variates):
      MSE: 2364.2057
      MAE: 20.0447
      RMSE: 24.9703
      MAPE: 0.8170
      sMAPE: 0.4527
      MASE: 0.9625
      ND: 1.4184
      CRPS: 2.4882
  Completed: 1 series x 56 windows
  Output: /scratch/users/h61084/codes/improved/outputs/results/seasonal_naive

--- Term: medium ---
  Config: prediction_length=96, test_length=1344, val_length=1344
  Dataset info:
    - Frequency: 15T
    - Num series: 1
    - Target dim: 10
    - Series length: min=20544, max=20544, avg=20544.0
    - Test split: 1344 steps
    - Prediction length: 96
    - Windows: 14
    - Season length: 96
    Total instances: 140, Series during experiment: 10, Windows: 14
    Collecting ground truth and context...
    Detected to_univariate case: 10 flat series -> 1 series x 10 variates
    Organizing data into arrays...
    Saved predictions (quantiles) to /scratch/users/h61084/codes/improved/outputs/results/seasonal_naive/EWELD_Load/15T/medium/predictions.npz
    Computing per-window metrics...
    Saved metrics to /scratch/users/h61084/codes/improved/outputs/results/seasonal_naive/EWELD_Load/15T/medium/metrics.npz
    Saved config to /scratch/users/h61084/codes/improved/outputs/results/seasonal_naive/EWELD_Load/15T/medium/config.json
    Saved aggregate metrics to /scratch/users/h61084/codes/improved/outputs/results/seasonal_naive/EWELD_Load/15T/medium/metrics_summary.json
    Metrics summary (averaged over all series/windows/variates):
      MSE: 2356.4654
      MAE: 19.9514
      RMSE: 26.8521
      MAPE: 0.7345
      sMAPE: 0.4494
      MASE: 0.9562
      ND: 0.3555
      CRPS: 0.3213
  Completed: 1 series x 14 windows
  Output: /scratch/users/h61084/codes/improved/outputs/results/seasonal_naive

--- Term: long ---
  Config: prediction_length=672, test_length=1344, val_length=1344
  Dataset info:
    - Frequency: 15T
    - Num series: 1
    - Target dim: 10
    - Series length: min=20544, max=20544, avg=20544.0
    - Test split: 1344 steps
    - Prediction length: 672
    - Windows: 2
    - Season length: 96
    Total instances: 20, Series during experiment: 10, Windows: 2
    Collecting ground truth and context...
    Detected to_univariate case: 10 flat series -> 1 series x 10 variates
    Organizing data into arrays...
    Saved predictions (quantiles) to /scratch/users/h61084/codes/improved/outputs/results/seasonal_naive/EWELD_Load/15T/long/predictions.npz
    Computing per-window metrics...
    Saved metrics to /scratch/users/h61084/codes/improved/outputs/results/seasonal_naive/EWELD_Load/15T/long/metrics.npz
    Saved config to /scratch/users/h61084/codes/improved/outputs/results/seasonal_naive/EWELD_Load/15T/long/config.json
    Saved aggregate metrics to /scratch/users/h61084/codes/improved/outputs/results/seasonal_naive/EWELD_Load/15T/long/metrics_summary.json
    Metrics summary (averaged over all series/windows/variates):
      MSE: 2613.0027
      MAE: 20.5274
      RMSE: 28.1146
      MAPE: 0.7347
      sMAPE: 0.4801
      MASE: 1.0178
      ND: 0.3355
      CRPS: 0.3981
  Completed: 1 series x 2 windows
  Output: /scratch/users/h61084/codes/improved/outputs/results/seasonal_naive

============================================================
All experiments completed!
Results saved to: /scratch/users/h61084/codes/improved/outputs/results/seasonal_naive
============================================================

############################################################
# All 1 dataset(s) completed!
############################################################

############################################################
# Dataset 1/1: SG_Carpark/15T
############################################################
Loading configuration...

============================================================
Model: Seasonal Naive
Dataset: SG_Carpark/15T
Terms: ['short', 'medium', 'long']
============================================================

--- Term: short ---
  Config: prediction_length=16, test_length=672, val_length=672
  Dataset info:
    - Frequency: 15T
    - Num series: 354
    - Target dim: 1
    - Series length: min=14495, max=14495, avg=14495.0
    - Test split: 672 steps
    - Prediction length: 16
    - Windows: 42
    - Season length: 96
    Total instances: 14868, Series during experiment: 354, Windows: 42
    Collecting ground truth and context...
    Organizing data into arrays...
    Saved predictions (quantiles) to /scratch/users/h61084/codes/improved/outputs/results/seasonal_naive/SG_Carpark/15T/short/predictions.npz
    Computing per-window metrics...
    Saved metrics to /scratch/users/h61084/codes/improved/outputs/results/seasonal_naive/SG_Carpark/15T/short/metrics.npz
    Saved config to /scratch/users/h61084/codes/improved/outputs/results/seasonal_naive/SG_Carpark/15T/short/config.json
    Saved aggregate metrics to /scratch/users/h61084/codes/improved/outputs/results/seasonal_naive/SG_Carpark/15T/short/metrics_summary.json
    Metrics summary (averaged over all series/windows/variates):
      MSE: 988.4248
      MAE: 14.9221
      RMSE: 17.0980
      MAPE: 0.0896
      sMAPE: 0.0921
      MASE: 0.9518
      ND: 0.0858
      CRPS: 0.0782
  Completed: 354 series x 42 windows
  Output: /scratch/users/h61084/codes/improved/outputs/results/seasonal_naive

--- Term: medium ---
  Config: prediction_length=96, test_length=672, val_length=672
  Dataset info:
    - Frequency: 15T
    - Num series: 354
    - Target dim: 1
    - Series length: min=14495, max=14495, avg=14495.0
    - Test split: 672 steps
    - Prediction length: 96
    - Windows: 7
    - Season length: 96
    Total instances: 2478, Series during experiment: 354, Windows: 7
    Collecting ground truth and context...
    Organizing data into arrays...
    Saved predictions (quantiles) to /scratch/users/h61084/codes/improved/outputs/results/seasonal_naive/SG_Carpark/15T/medium/predictions.npz
    Computing per-window metrics...
    Saved metrics to /scratch/users/h61084/codes/improved/outputs/results/seasonal_naive/SG_Carpark/15T/medium/metrics.npz
    Saved config to /scratch/users/h61084/codes/improved/outputs/results/seasonal_naive/SG_Carpark/15T/medium/config.json
    Saved aggregate metrics to /scratch/users/h61084/codes/improved/outputs/results/seasonal_naive/SG_Carpark/15T/medium/metrics_summary.json
    Metrics summary (averaged over all series/windows/variates):
      MSE: 990.2661
      MAE: 14.9579
      RMSE: 19.9362
      MAPE: 0.0884
      sMAPE: 0.0915
      MASE: 0.9536
      ND: 0.0781
      CRPS: 0.0699
  Completed: 354 series x 7 windows
  Output: /scratch/users/h61084/codes/improved/outputs/results/seasonal_naive

--- Term: long ---
  Config: prediction_length=672, test_length=672, val_length=672
  Dataset info:
    - Frequency: 15T
    - Num series: 354
    - Target dim: 1
    - Series length: min=14495, max=14495, avg=14495.0
    - Test split: 672 steps
    - Prediction length: 672
    - Windows: 1
    - Season length: 96
    Total instances: 354, Series during experiment: 354, Windows: 1
    Collecting ground truth and context...
    Organizing data into arrays...
    Saved predictions (quantiles) to /scratch/users/h61084/codes/improved/outputs/results/seasonal_naive/SG_Carpark/15T/long/predictions.npz
    Computing per-window metrics...
    Saved metrics to /scratch/users/h61084/codes/improved/outputs/results/seasonal_naive/SG_Carpark/15T/long/metrics.npz
    Saved config to /scratch/users/h61084/codes/improved/outputs/results/seasonal_naive/SG_Carpark/15T/long/config.json
    Saved aggregate metrics to /scratch/users/h61084/codes/improved/outputs/results/seasonal_naive/SG_Carpark/15T/long/metrics_summary.json
    Metrics summary (averaged over all series/windows/variates):
      MSE: 1480.2983
      MAE: 21.3458
      RMSE: 28.3468
      MAPE: 0.1203
      sMAPE: 0.1222
      MASE: 1.3364
      ND: 0.1102
      CRPS: 0.1026
  Completed: 354 series x 1 windows
  Output: /scratch/users/h61084/codes/improved/outputs/results/seasonal_naive

============================================================
All experiments completed!
Results saved to: /scratch/users/h61084/codes/improved/outputs/results/seasonal_naive
============================================================

############################################################
# All 1 dataset(s) completed!
############################################################

############################################################
# Dataset 1/1: Finland_Traffic/15T
############################################################
Loading configuration...

============================================================
Model: Seasonal Naive
Dataset: Finland_Traffic/15T
Terms: ['short', 'medium', 'long']
============================================================

--- Term: short ---
  Config: prediction_length=16, test_length=2976, val_length=2880
  Dataset info:
    - Frequency: 15T
    - Num series: 1
    - Target dim: 1
    - Series length: min=35136, max=35136, avg=35136.0
    - Test split: 2976 steps
    - Prediction length: 16
    - Windows: 186
    - Season length: 96
    Total instances: 186, Series during experiment: 1, Windows: 186
    Collecting ground truth and context...
    Organizing data into arrays...
    Saved predictions (quantiles) to /scratch/users/h61084/codes/improved/outputs/results/seasonal_naive/Finland_Traffic/15T/short/predictions.npz
    Computing per-window metrics...
    Saved metrics to /scratch/users/h61084/codes/improved/outputs/results/seasonal_naive/Finland_Traffic/15T/short/metrics.npz
    Saved config to /scratch/users/h61084/codes/improved/outputs/results/seasonal_naive/Finland_Traffic/15T/short/config.json
    Saved aggregate metrics to /scratch/users/h61084/codes/improved/outputs/results/seasonal_naive/Finland_Traffic/15T/short/metrics_summary.json
    Metrics summary (averaged over all series/windows/variates):
      MSE: 2649.7312
      MAE: 33.4445
      RMSE: 39.0431
      MAPE: 0.4666
      sMAPE: 0.3918
      MASE: 0.8125
      ND: 0.4113
      CRPS: 0.5009
  Completed: 1 series x 186 windows
  Output: /scratch/users/h61084/codes/improved/outputs/results/seasonal_naive

--- Term: medium ---
  Config: prediction_length=96, test_length=2976, val_length=2880
  Dataset info:
    - Frequency: 15T
    - Num series: 1
    - Target dim: 1
    - Series length: min=35136, max=35136, avg=35136.0
    - Test split: 2976 steps
    - Prediction length: 96
    - Windows: 31
    - Season length: 96
    Total instances: 31, Series during experiment: 1, Windows: 31
    Collecting ground truth and context...
    Organizing data into arrays...
    Saved predictions (quantiles) to /scratch/users/h61084/codes/improved/outputs/results/seasonal_naive/Finland_Traffic/15T/medium/predictions.npz
    Computing per-window metrics...
    Saved metrics to /scratch/users/h61084/codes/improved/outputs/results/seasonal_naive/Finland_Traffic/15T/medium/metrics.npz
    Saved config to /scratch/users/h61084/codes/improved/outputs/results/seasonal_naive/Finland_Traffic/15T/medium/config.json
    Saved aggregate metrics to /scratch/users/h61084/codes/improved/outputs/results/seasonal_naive/Finland_Traffic/15T/medium/metrics_summary.json
    Metrics summary (averaged over all series/windows/variates):
      MSE: 2669.1705
      MAE: 34.0582
      RMSE: 46.2478
      MAPE: 0.4441
      sMAPE: 0.3896
      MASE: 0.8271
      ND: 0.2707
      CRPS: 0.2465
  Completed: 1 series x 31 windows
  Output: /scratch/users/h61084/codes/improved/outputs/results/seasonal_naive

--- Term: long ---
  Config: prediction_length=672, test_length=2976, val_length=2880
  Dataset info:
    - Frequency: 15T
    - Num series: 1
    - Target dim: 1
    - Series length: min=35136, max=35136, avg=35136.0
    - Test split: 2976 steps
    - Prediction length: 672
    - Windows: 4
    - Season length: 96
    Total instances: 4, Series during experiment: 1, Windows: 4
    Collecting ground truth and context...
    Organizing data into arrays...
    Saved predictions (quantiles) to /scratch/users/h61084/codes/improved/outputs/results/seasonal_naive/Finland_Traffic/15T/long/predictions.npz
    Computing per-window metrics...
    Saved metrics to /scratch/users/h61084/codes/improved/outputs/results/seasonal_naive/Finland_Traffic/15T/long/metrics.npz
    Saved config to /scratch/users/h61084/codes/improved/outputs/results/seasonal_naive/Finland_Traffic/15T/long/config.json
    Saved aggregate metrics to /scratch/users/h61084/codes/improved/outputs/results/seasonal_naive/Finland_Traffic/15T/long/metrics_summary.json
    Metrics summary (averaged over all series/windows/variates):
      MSE: 3783.0704
      MAE: 42.7385
      RMSE: 60.5757
      MAPE: 0.5705
      sMAPE: 0.6245
      MASE: 1.0349
      ND: 0.3247
      CRPS: 0.3474
  Completed: 1 series x 4 windows
  Output: /scratch/users/h61084/codes/improved/outputs/results/seasonal_naive

============================================================
All experiments completed!
Results saved to: /scratch/users/h61084/codes/improved/outputs/results/seasonal_naive
============================================================

############################################################
# All 1 dataset(s) completed!
############################################################

############################################################
# Dataset 1/1: Port_Activity/D
############################################################
Loading configuration...

============================================================
Model: Seasonal Naive
Dataset: Port_Activity/D
Terms: ['short']
============================================================

--- Term: short ---
  Config: prediction_length=30, test_length=365, val_length=90
  Dataset info:
    - Frequency: D
    - Num series: 99
    - Target dim: 2
    - Series length: min=2127, max=2127, avg=2127.0
    - Test split: 365 steps
    - Prediction length: 30
    - Windows: 12
    - Season length: 1
    Total instances: 2376, Series during experiment: 198, Windows: 12
    Collecting ground truth and context...
    Detected to_univariate case: 198 flat series -> 99 series x 2 variates
    Organizing data into arrays...
    ⚠️  Predictions max value (1963383.12) exceeds float16 safe range.
    ⚠️  Applying scale factor: 100 (values will be divided)
    Saved predictions (quantiles) to /scratch/users/h61084/codes/improved/outputs/results/seasonal_naive/Port_Activity/D/short/predictions.npz
    Computing per-window metrics...
    Saved metrics to /scratch/users/h61084/codes/improved/outputs/results/seasonal_naive/Port_Activity/D/short/metrics.npz
    Saved config to /scratch/users/h61084/codes/improved/outputs/results/seasonal_naive/Port_Activity/D/short/config.json
    Saved aggregate metrics to /scratch/users/h61084/codes/improved/outputs/results/seasonal_naive/Port_Activity/D/short/metrics_summary.json
    Metrics summary (averaged over all series/windows/variates):
      MSE: 2180714687.1661
      MAE: 25922.5306
      RMSE: 31099.7898
      MAPE: 9.6706
      sMAPE: 1.2275
      MASE: 1.1463
      ND: 1.9376
      CRPS: 3.4430
  Completed: 99 series x 12 windows
  Output: /scratch/users/h61084/codes/improved/outputs/results/seasonal_naive

============================================================
All experiments completed!
Results saved to: /scratch/users/h61084/codes/improved/outputs/results/seasonal_naive
============================================================

############################################################
# All 1 dataset(s) completed!
############################################################

############################################################
# Dataset 1/1: Port_Activity/W
############################################################
Loading configuration...

============================================================
Model: Seasonal Naive
Dataset: Port_Activity/W
Terms: ['short']
============================================================

--- Term: short ---
  Config: prediction_length=13, test_length=52, val_length=13
  Dataset info:
    - Frequency: W
    - Num series: 99
    - Target dim: 2
    - Series length: min=304, max=304, avg=304.0
    - Test split: 52 steps
    - Prediction length: 13
    - Windows: 4
    - Season length: 1
    Total instances: 792, Series during experiment: 198, Windows: 4
    Collecting ground truth and context...
    Detected to_univariate case: 198 flat series -> 99 series x 2 variates
    Organizing data into arrays...
    ⚠️  Predictions max value (4299998.60) exceeds float16 safe range.
    ⚠️  Applying scale factor: 100 (values will be divided)
    Saved predictions (quantiles) to /scratch/users/h61084/codes/improved/outputs/results/seasonal_naive/Port_Activity/W/short/predictions.npz
    Computing per-window metrics...
    Saved metrics to /scratch/users/h61084/codes/improved/outputs/results/seasonal_naive/Port_Activity/W/short/metrics.npz
    Saved config to /scratch/users/h61084/codes/improved/outputs/results/seasonal_naive/Port_Activity/W/short/config.json
    Saved aggregate metrics to /scratch/users/h61084/codes/improved/outputs/results/seasonal_naive/Port_Activity/W/short/metrics_summary.json
    Metrics summary (averaged over all series/windows/variates):
      MSE: 10672863471.7210
      MAE: 58068.1359
      RMSE: 68987.2684
      MAPE: 0.8457
      sMAPE: 0.4594
      MASE: 1.0266
      ND: 0.4537
      CRPS: 0.4922
  Completed: 99 series x 4 windows
  Output: /scratch/users/h61084/codes/improved/outputs/results/seasonal_naive

============================================================
All experiments completed!
Results saved to: /scratch/users/h61084/codes/improved/outputs/results/seasonal_naive
============================================================

############################################################
# All 1 dataset(s) completed!
############################################################

############################################################
# Dataset 1/1: ECDC_COVID/D
############################################################
Loading configuration...

============================================================
Model: Seasonal Naive
Dataset: ECDC_COVID/D
Terms: ['short']
============================================================

--- Term: short ---
  Config: prediction_length=30, test_length=150, val_length=30
  Dataset info:
    - Frequency: D
    - Num series: 9
    - Target dim: 1
    - Series length: min=794, max=1229, avg=1116.6
    - Test split: 150 steps
    - Prediction length: 30
    - Windows: 5
    - Season length: 1
    Total instances: 45, Series during experiment: 9, Windows: 5
    Collecting ground truth and context...
    Organizing data into arrays...
    Saved predictions (quantiles) to /scratch/users/h61084/codes/improved/outputs/results/seasonal_naive/ECDC_COVID/D/short/predictions.npz
    Computing per-window metrics...
    Saved metrics to /scratch/users/h61084/codes/improved/outputs/results/seasonal_naive/ECDC_COVID/D/short/metrics.npz
    Saved config to /scratch/users/h61084/codes/improved/outputs/results/seasonal_naive/ECDC_COVID/D/short/config.json
    Saved aggregate metrics to /scratch/users/h61084/codes/improved/outputs/results/seasonal_naive/ECDC_COVID/D/short/metrics_summary.json
    Metrics summary (averaged over all series/windows/variates):
      MSE: 49725.7921
      MAE: 131.4185
      RMSE: 150.8734
      MAPE: 0.5382
      sMAPE: 0.3947
      MASE: 3.5319
      ND: 0.4068
      CRPS: 0.6344
  Completed: 9 series x 5 windows
  Output: /scratch/users/h61084/codes/improved/outputs/results/seasonal_naive

============================================================
All experiments completed!
Results saved to: /scratch/users/h61084/codes/improved/outputs/results/seasonal_naive
============================================================

############################################################
# All 1 dataset(s) completed!
############################################################

############################################################
# Dataset 1/1: ECDC_COVID/W
############################################################
Loading configuration...

============================================================
Model: Seasonal Naive
Dataset: ECDC_COVID/W
Terms: ['short']
============================================================

--- Term: short ---
  Config: prediction_length=13, test_length=52, val_length=13
  Dataset info:
    - Frequency: W
    - Num series: 16
    - Target dim: 1
    - Series length: min=114, max=196, avg=165.4
    - Test split: 52 steps
    - Prediction length: 13
    - Windows: 4
    - Season length: 1
    Total instances: 64, Series during experiment: 16, Windows: 4
    Collecting ground truth and context...
    Organizing data into arrays...
    Saved predictions (quantiles) to /scratch/users/h61084/codes/improved/outputs/results/seasonal_naive/ECDC_COVID/W/short/predictions.npz
    Computing per-window metrics...
    Saved metrics to /scratch/users/h61084/codes/improved/outputs/results/seasonal_naive/ECDC_COVID/W/short/metrics.npz
    Saved config to /scratch/users/h61084/codes/improved/outputs/results/seasonal_naive/ECDC_COVID/W/short/config.json
    Saved aggregate metrics to /scratch/users/h61084/codes/improved/outputs/results/seasonal_naive/ECDC_COVID/W/short/metrics_summary.json
    Metrics summary (averaged over all series/windows/variates):
      MSE: 3527939.0104
      MAE: 667.1833
      RMSE: 756.8086
      MAPE: 1.2540
      sMAPE: 0.6031
      MASE: 1.5926
      ND: 0.7072
      CRPS: 0.7801
  Completed: 16 series x 4 windows
  Output: /scratch/users/h61084/codes/improved/outputs/results/seasonal_naive

============================================================
All experiments completed!
Results saved to: /scratch/users/h61084/codes/improved/outputs/results/seasonal_naive
============================================================

############################################################
# All 1 dataset(s) completed!
############################################################

############################################################
# Dataset 1/1: Global_Influenza/W
############################################################
Loading configuration...

============================================================
Model: Seasonal Naive
Dataset: Global_Influenza/W
Terms: ['short']
============================================================

--- Term: short ---
  Config: prediction_length=13, test_length=52, val_length=13
  Dataset info:
    - Frequency: W
    - Num series: 15
    - Target dim: 4
    - Series length: min=154, max=210, avg=205.6
    - Test split: 52 steps
    - Prediction length: 13
    - Windows: 4
    - Season length: 1
    Total instances: 240, Series during experiment: 60, Windows: 4
    Collecting ground truth and context...
    Detected to_univariate case: 60 flat series -> 15 series x 4 variates
    Organizing data into arrays...
    ⚠️  Predictions max value (94309.20) exceeds float16 safe range.
    ⚠️  Applying scale factor: 10 (values will be divided)
    Saved predictions (quantiles) to /scratch/users/h61084/codes/improved/outputs/results/seasonal_naive/Global_Influenza/W/short/predictions.npz
    Computing per-window metrics...
    Saved metrics to /scratch/users/h61084/codes/improved/outputs/results/seasonal_naive/Global_Influenza/W/short/metrics.npz
    Saved config to /scratch/users/h61084/codes/improved/outputs/results/seasonal_naive/Global_Influenza/W/short/config.json
    Saved aggregate metrics to /scratch/users/h61084/codes/improved/outputs/results/seasonal_naive/Global_Influenza/W/short/metrics_summary.json
    Metrics summary (averaged over all series/windows/variates):
      MSE: 7048265.8150
      MAE: 755.5660
      RMSE: 920.4073
      MAPE: 1.6961
      sMAPE: 0.6801
      MASE: 4.2735
      ND: 0.9562
      CRPS: 1.3655
  Completed: 15 series x 4 windows
  Output: /scratch/users/h61084/codes/improved/outputs/results/seasonal_naive

============================================================
All experiments completed!
Results saved to: /scratch/users/h61084/codes/improved/outputs/results/seasonal_naive
============================================================

############################################################
# All 1 dataset(s) completed!
############################################################

############################################################
# Dataset 1/1: Crypto/D
############################################################
Loading configuration...

============================================================
Model: Seasonal Naive
Dataset: Crypto/D
Terms: ['short']
============================================================

--- Term: short ---
  Config: prediction_length=30, test_length=273, val_length=92
  Dataset info:
    - Frequency: D
    - Num series: 1
    - Target dim: 4
    - Series length: min=2842, max=2842, avg=2842.0
    - Test split: 273 steps
    - Prediction length: 30
    - Windows: 9
    - Season length: 1
    Total instances: 36, Series during experiment: 4, Windows: 9
    Collecting ground truth and context...
    Detected to_univariate case: 4 flat series -> 1 series x 4 variates
    Organizing data into arrays...
    ⚠️  Predictions max value (125167.44) exceeds float16 safe range.
    ⚠️  Applying scale factor: 10 (values will be divided)
    Saved predictions (quantiles) to /scratch/users/h61084/codes/improved/outputs/results/seasonal_naive/Crypto/D/short/predictions.npz
    Computing per-window metrics...
    Saved metrics to /scratch/users/h61084/codes/improved/outputs/results/seasonal_naive/Crypto/D/short/metrics.npz
    Saved config to /scratch/users/h61084/codes/improved/outputs/results/seasonal_naive/Crypto/D/short/config.json
    Saved aggregate metrics to /scratch/users/h61084/codes/improved/outputs/results/seasonal_naive/Crypto/D/short/metrics_summary.json
    Metrics summary (averaged over all series/windows/variates):
      MSE: 11396530.4671
      MAE: 1357.8811
      RMSE: 1609.6881
      MAPE: 0.0940
      sMAPE: 0.0945
      MASE: 6.2332
      ND: 0.0951
      CRPS: 0.0835
  Completed: 1 series x 9 windows
  Output: /scratch/users/h61084/codes/improved/outputs/results/seasonal_naive

============================================================
All experiments completed!
Results saved to: /scratch/users/h61084/codes/improved/outputs/results/seasonal_naive
============================================================

############################################################
# All 1 dataset(s) completed!
############################################################

############################################################
# Dataset 1/1: US_Term_Structure/B
############################################################
Loading configuration...

============================================================
Model: Seasonal Naive
Dataset: US_Term_Structure/B
Terms: ['short']
============================================================

--- Term: short ---
  Config: prediction_length=20, test_length=717, val_length=100
  Dataset info:
    - Frequency: B
    - Num series: 1
    - Target dim: 40
    - Series length: min=9326, max=9326, avg=9326.0
    - Test split: 717 steps
    - Prediction length: 20
    - Windows: 35
    - Season length: 5
    Total instances: 1400, Series during experiment: 40, Windows: 35
    Collecting ground truth and context...
    Detected to_univariate case: 40 flat series -> 1 series x 40 variates
    Organizing data into arrays...
    Saved predictions (quantiles) to /scratch/users/h61084/codes/improved/outputs/results/seasonal_naive/US_Term_Structure/B/short/predictions.npz
    Computing per-window metrics...
    Saved metrics to /scratch/users/h61084/codes/improved/outputs/results/seasonal_naive/US_Term_Structure/B/short/metrics.npz
    Saved config to /scratch/users/h61084/codes/improved/outputs/results/seasonal_naive/US_Term_Structure/B/short/config.json
    Saved aggregate metrics to /scratch/users/h61084/codes/improved/outputs/results/seasonal_naive/US_Term_Structure/B/short/metrics_summary.json
    Metrics summary (averaged over all series/windows/variates):
      MSE: 0.0277
      MAE: 0.1193
      RMSE: 0.1388
      MAPE: 1.0684
      sMAPE: 0.3067
      MASE: 1.7249
      ND: 0.3145
      CRPS: 0.2483
  Completed: 1 series x 35 windows
  Output: /scratch/users/h61084/codes/improved/outputs/results/seasonal_naive

============================================================
All experiments completed!
Results saved to: /scratch/users/h61084/codes/improved/outputs/results/seasonal_naive
============================================================

############################################################
# All 1 dataset(s) completed!
############################################################

############################################################
# Dataset 1/1: Oil_Price/B
############################################################
Loading configuration...

============================================================
Model: Seasonal Naive
Dataset: Oil_Price/B
Terms: ['short']
============================================================

--- Term: short ---
  Config: prediction_length=20, test_length=717, val_length=100
  Dataset info:
    - Frequency: B
    - Num series: 1
    - Target dim: 12
    - Series length: min=5035, max=5035, avg=5035.0
    - Test split: 717 steps
    - Prediction length: 20
    - Windows: 35
    - Season length: 5
    Total instances: 420, Series during experiment: 12, Windows: 35
    Collecting ground truth and context...
    Detected to_univariate case: 12 flat series -> 1 series x 12 variates
    Organizing data into arrays...
    Saved predictions (quantiles) to /scratch/users/h61084/codes/improved/outputs/results/seasonal_naive/Oil_Price/B/short/predictions.npz
    Computing per-window metrics...
    Saved metrics to /scratch/users/h61084/codes/improved/outputs/results/seasonal_naive/Oil_Price/B/short/metrics.npz
    Saved config to /scratch/users/h61084/codes/improved/outputs/results/seasonal_naive/Oil_Price/B/short/config.json
    Saved aggregate metrics to /scratch/users/h61084/codes/improved/outputs/results/seasonal_naive/Oil_Price/B/short/metrics_summary.json
    Metrics summary (averaged over all series/windows/variates):
      MSE: 3.3228
      MAE: 0.7165
      RMSE: 0.8361
      MAPE: 0.0660
      sMAPE: 0.0646
      MASE: 1.5162
      ND: 0.0657
      CRPS: 0.0536
  Completed: 1 series x 35 windows
  Output: /scratch/users/h61084/codes/improved/outputs/results/seasonal_naive

============================================================
All experiments completed!
Results saved to: /scratch/users/h61084/codes/improved/outputs/results/seasonal_naive
============================================================

############################################################
# All 1 dataset(s) completed!
############################################################

############################################################
# Dataset 1/1: Job_Claims/W
############################################################
Loading configuration...

============================================================
Model: Seasonal Naive
Dataset: Job_Claims/W
Terms: ['short']
============================================================

--- Term: short ---
  Config: prediction_length=13, test_length=52, val_length=13
  Dataset info:
    - Frequency: W
    - Num series: 1
    - Target dim: 2
    - Series length: min=196, max=196, avg=196.0
    - Test split: 52 steps
    - Prediction length: 13
    - Windows: 4
    - Season length: 1
    Total instances: 8, Series during experiment: 2, Windows: 4
    Collecting ground truth and context...
    Detected to_univariate case: 2 flat series -> 1 series x 2 variates
    Organizing data into arrays...
    ⚠️  Predictions max value (2000333.75) exceeds float16 safe range.
    ⚠️  Applying scale factor: 100 (values will be divided)
    Saved predictions (quantiles) to /scratch/users/h61084/codes/improved/outputs/results/seasonal_naive/Job_Claims/W/short/predictions.npz
    Computing per-window metrics...
    Saved metrics to /scratch/users/h61084/codes/improved/outputs/results/seasonal_naive/Job_Claims/W/short/metrics.npz
    Saved config to /scratch/users/h61084/codes/improved/outputs/results/seasonal_naive/Job_Claims/W/short/config.json
    Saved aggregate metrics to /scratch/users/h61084/codes/improved/outputs/results/seasonal_naive/Job_Claims/W/short/metrics_summary.json
    Metrics summary (averaged over all series/windows/variates):
      MSE: 456295869.1397
      MAE: 13632.9092
      RMSE: 16785.8265
      MAPE: 0.0221
      sMAPE: 0.0221
      MASE: 2.5990
      ND: 0.0222
      CRPS: 0.0184
  Completed: 1 series x 4 windows
  Output: /scratch/users/h61084/codes/improved/outputs/results/seasonal_naive

============================================================
All experiments completed!
Results saved to: /scratch/users/h61084/codes/improved/outputs/results/seasonal_naive
============================================================

############################################################
# All 1 dataset(s) completed!
############################################################

############################################################
# Dataset 1/1: Uncertainty_1M/M
############################################################
Loading configuration...

============================================================
Model: Seasonal Naive
Dataset: Uncertainty_1M/M
Terms: ['short']
============================================================

--- Term: short ---
  Config: prediction_length=6, test_length=42, val_length=18
  Dataset info:
    - Frequency: M
    - Num series: 1
    - Target dim: 3
    - Series length: min=780, max=780, avg=780.0
    - Test split: 42 steps
    - Prediction length: 6
    - Windows: 7
    - Season length: 12
    Total instances: 21, Series during experiment: 3, Windows: 7
    Collecting ground truth and context...
    Detected to_univariate case: 3 flat series -> 1 series x 3 variates
    Organizing data into arrays...
    Saved predictions (quantiles) to /scratch/users/h61084/codes/improved/outputs/results/seasonal_naive/Uncertainty_1M/M/short/predictions.npz
    Computing per-window metrics...
    Saved metrics to /scratch/users/h61084/codes/improved/outputs/results/seasonal_naive/Uncertainty_1M/M/short/metrics.npz
    Saved config to /scratch/users/h61084/codes/improved/outputs/results/seasonal_naive/Uncertainty_1M/M/short/config.json
    Saved aggregate metrics to /scratch/users/h61084/codes/improved/outputs/results/seasonal_naive/Uncertainty_1M/M/short/metrics_summary.json
    Metrics summary (averaged over all series/windows/variates):
      MSE: 0.0082
      MAE: 0.0739
      RMSE: 0.0794
      MAPE: 0.0936
      sMAPE: 0.0894
      MASE: 0.9591
      ND: 0.0935
      CRPS: 0.0750
  Completed: 1 series x 7 windows
  Output: /scratch/users/h61084/codes/improved/outputs/results/seasonal_naive

============================================================
All experiments completed!
Results saved to: /scratch/users/h61084/codes/improved/outputs/results/seasonal_naive
============================================================

############################################################
# All 1 dataset(s) completed!
############################################################

############################################################
# Dataset 1/1: Housing_Inventory/M
############################################################
Loading configuration...

============================================================
Model: Seasonal Naive
Dataset: Housing_Inventory/M
Terms: ['short']
============================================================

--- Term: short ---
  Config: prediction_length=12, test_length=36, val_length=12
  Dataset info:
    - Frequency: M
    - Num series: 1
    - Target dim: 4
    - Series length: min=114, max=114, avg=114.0
    - Test split: 36 steps
    - Prediction length: 12
    - Windows: 3
    - Season length: 12
    Total instances: 12, Series during experiment: 4, Windows: 3
    Collecting ground truth and context...
    Detected to_univariate case: 4 flat series -> 1 series x 4 variates
    Organizing data into arrays...
    ⚠️  Predictions max value (1218567.87) exceeds float16 safe range.
    ⚠️  Applying scale factor: 100 (values will be divided)
    Saved predictions (quantiles) to /scratch/users/h61084/codes/improved/outputs/results/seasonal_naive/Housing_Inventory/M/short/predictions.npz
    Computing per-window metrics...
    Saved metrics to /scratch/users/h61084/codes/improved/outputs/results/seasonal_naive/Housing_Inventory/M/short/metrics.npz
    Saved config to /scratch/users/h61084/codes/improved/outputs/results/seasonal_naive/Housing_Inventory/M/short/config.json
    Saved aggregate metrics to /scratch/users/h61084/codes/improved/outputs/results/seasonal_naive/Housing_Inventory/M/short/metrics_summary.json
    Metrics summary (averaged over all series/windows/variates):
      MSE: 9693953638.7370
      MAE: 45438.8469
      RMSE: 50319.8143
      MAPE: 0.0961
      sMAPE: 0.1102
      MASE: 0.7405
      ND: 0.0948
      CRPS: 0.0717
  Completed: 1 series x 3 windows
  Output: /scratch/users/h61084/codes/improved/outputs/results/seasonal_naive

============================================================
All experiments completed!
Results saved to: /scratch/users/h61084/codes/improved/outputs/results/seasonal_naive
============================================================

############################################################
# All 1 dataset(s) completed!
############################################################

############################################################
# Dataset 1/1: JOLTS/M
############################################################
Loading configuration...

============================================================
Model: Seasonal Naive
Dataset: JOLTS/M
Terms: ['short']
============================================================

--- Term: short ---
  Config: prediction_length=12, test_length=60, val_length=12
  Dataset info:
    - Frequency: M
    - Num series: 1
    - Target dim: 6
    - Series length: min=297, max=297, avg=297.0
    - Test split: 60 steps
    - Prediction length: 12
    - Windows: 5
    - Season length: 12
    Total instances: 30, Series during experiment: 6, Windows: 5
    Collecting ground truth and context...
    Detected to_univariate case: 6 flat series -> 1 series x 6 variates
    Organizing data into arrays...
    Saved predictions (quantiles) to /scratch/users/h61084/codes/improved/outputs/results/seasonal_naive/JOLTS/M/short/predictions.npz
    Computing per-window metrics...
    Saved metrics to /scratch/users/h61084/codes/improved/outputs/results/seasonal_naive/JOLTS/M/short/metrics.npz
    Saved config to /scratch/users/h61084/codes/improved/outputs/results/seasonal_naive/JOLTS/M/short/config.json
    Saved aggregate metrics to /scratch/users/h61084/codes/improved/outputs/results/seasonal_naive/JOLTS/M/short/metrics_summary.json
    Metrics summary (averaged over all series/windows/variates):
      MSE: 1168279.2795
      MAE: 594.6745
      RMSE: 720.1724
      MAPE: 0.1279
      sMAPE: 0.1276
      MASE: 1.6951
      ND: 0.1277
      CRPS: 0.1014
  Completed: 1 series x 5 windows
  Output: /scratch/users/h61084/codes/improved/outputs/results/seasonal_naive

============================================================
All experiments completed!
Results saved to: /scratch/users/h61084/codes/improved/outputs/results/seasonal_naive
============================================================

############################################################
# All 1 dataset(s) completed!
############################################################

############################################################
# Dataset 1/1: US_Labor/M
############################################################
Loading configuration...

============================================================
Model: Seasonal Naive
Dataset: US_Labor/M
Terms: ['short']
============================================================

--- Term: short ---
  Config: prediction_length=12, test_length=60, val_length=12
  Dataset info:
    - Frequency: M
    - Num series: 1
    - Target dim: 14
    - Series length: min=380, max=380, avg=380.0
    - Test split: 60 steps
    - Prediction length: 12
    - Windows: 5
    - Season length: 12
    Total instances: 70, Series during experiment: 14, Windows: 5
    Collecting ground truth and context...
    Detected to_univariate case: 14 flat series -> 1 series x 14 variates
    Organizing data into arrays...
    ⚠️  Predictions max value (172092.44) exceeds float16 safe range.
    ⚠️  Applying scale factor: 10 (values will be divided)
    Saved predictions (quantiles) to /scratch/users/h61084/codes/improved/outputs/results/seasonal_naive/US_Labor/M/short/predictions.npz
    Computing per-window metrics...
    Saved metrics to /scratch/users/h61084/codes/improved/outputs/results/seasonal_naive/US_Labor/M/short/metrics.npz
    Saved config to /scratch/users/h61084/codes/improved/outputs/results/seasonal_naive/US_Labor/M/short/config.json
    Saved aggregate metrics to /scratch/users/h61084/codes/improved/outputs/results/seasonal_naive/US_Labor/M/short/metrics_summary.json
    Metrics summary (averaged over all series/windows/variates):
      MSE: 4331262.7400
      MAE: 891.0004
      RMSE: 970.4090
      MAPE: 0.1323
      sMAPE: 0.1196
      MASE: 1.8082
      ND: 0.1293
      CRPS: 0.1113
  Completed: 1 series x 5 windows
  Output: /scratch/users/h61084/codes/improved/outputs/results/seasonal_naive

============================================================
All experiments completed!
Results saved to: /scratch/users/h61084/codes/improved/outputs/results/seasonal_naive
============================================================

############################################################
# All 1 dataset(s) completed!
############################################################

############################################################
# Dataset 1/1: Vehicle_Supply/M
############################################################
Loading configuration...

============================================================
Model: Seasonal Naive
Dataset: Vehicle_Supply/M
Terms: ['short']
============================================================

--- Term: short ---
  Config: prediction_length=12, test_length=60, val_length=12
  Dataset info:
    - Frequency: M
    - Num series: 1
    - Target dim: 6
    - Series length: min=391, max=391, avg=391.0
    - Test split: 60 steps
    - Prediction length: 12
    - Windows: 5
    - Season length: 12
    Total instances: 30, Series during experiment: 6, Windows: 5
    Collecting ground truth and context...
    Detected to_univariate case: 6 flat series -> 1 series x 6 variates
    Organizing data into arrays...
    Saved predictions (quantiles) to /scratch/users/h61084/codes/improved/outputs/results/seasonal_naive/Vehicle_Supply/M/short/predictions.npz
    Computing per-window metrics...
    Saved metrics to /scratch/users/h61084/codes/improved/outputs/results/seasonal_naive/Vehicle_Supply/M/short/metrics.npz
    Saved config to /scratch/users/h61084/codes/improved/outputs/results/seasonal_naive/Vehicle_Supply/M/short/config.json
    Saved aggregate metrics to /scratch/users/h61084/codes/improved/outputs/results/seasonal_naive/Vehicle_Supply/M/short/metrics_summary.json
    Metrics summary (averaged over all series/windows/variates):
      MSE: 5912.6707
      MAE: 35.9292
      RMSE: 40.6230
      MAPE: 0.4597
      sMAPE: 0.3545
      MASE: 1.1406
      ND: 0.4346
      CRPS: 0.3513
  Completed: 1 series x 5 windows
  Output: /scratch/users/h61084/codes/improved/outputs/results/seasonal_naive

============================================================
All experiments completed!
Results saved to: /scratch/users/h61084/codes/improved/outputs/results/seasonal_naive
============================================================

############################################################
# All 1 dataset(s) completed!
############################################################

############################################################
# Dataset 1/1: Auto_Production_SF/M
############################################################
Loading configuration...

============================================================
Model: Seasonal Naive
Dataset: Auto_Production_SF/M
Terms: ['short']
============================================================

--- Term: short ---
  Config: prediction_length=12, test_length=60, val_length=12
  Dataset info:
    - Frequency: M
    - Num series: 1
    - Target dim: 1
    - Series length: min=367, max=367, avg=367.0
    - Test split: 60 steps
    - Prediction length: 12
    - Windows: 5
    - Season length: 12
    Total instances: 5, Series during experiment: 1, Windows: 5
    Collecting ground truth and context...
    Organizing data into arrays...
    Saved predictions (quantiles) to /scratch/users/h61084/codes/improved/outputs/results/seasonal_naive/Auto_Production_SF/M/short/predictions.npz
    Computing per-window metrics...
    Saved metrics to /scratch/users/h61084/codes/improved/outputs/results/seasonal_naive/Auto_Production_SF/M/short/metrics.npz
    Saved config to /scratch/users/h61084/codes/improved/outputs/results/seasonal_naive/Auto_Production_SF/M/short/config.json
    Saved aggregate metrics to /scratch/users/h61084/codes/improved/outputs/results/seasonal_naive/Auto_Production_SF/M/short/metrics_summary.json
    Metrics summary (averaged over all series/windows/variates):
      MSE: 27.6979
      MAE: 3.9462
      RMSE: 4.9035
      MAPE: 0.0408
      sMAPE: 0.0407
      MASE: 0.9975
      ND: 0.0396
      CRPS: 0.0319
  Completed: 1 series x 5 windows
  Output: /scratch/users/h61084/codes/improved/outputs/results/seasonal_naive

============================================================
All experiments completed!
Results saved to: /scratch/users/h61084/codes/improved/outputs/results/seasonal_naive
============================================================

############################################################
# All 1 dataset(s) completed!
############################################################

############################################################
# Dataset 1/1: Commodity_Production/M
############################################################
Loading configuration...

============================================================
Model: Seasonal Naive
Dataset: Commodity_Production/M
Terms: ['short']
============================================================

--- Term: short ---
  Config: prediction_length=12, test_length=60, val_length=12
  Dataset info:
    - Frequency: M
    - Num series: 32
    - Target dim: 1
    - Series length: min=120, max=648, avg=325.1
    - Test split: 60 steps
    - Prediction length: 12
    - Windows: 5
    - Season length: 12
    Total instances: 160, Series during experiment: 32, Windows: 5
    Collecting ground truth and context...
    Organizing data into arrays...
    Saved predictions (quantiles) to /scratch/users/h61084/codes/improved/outputs/results/seasonal_naive/Commodity_Production/M/short/predictions.npz
    Computing per-window metrics...
    Saved metrics to /scratch/users/h61084/codes/improved/outputs/results/seasonal_naive/Commodity_Production/M/short/metrics.npz
    Saved config to /scratch/users/h61084/codes/improved/outputs/results/seasonal_naive/Commodity_Production/M/short/config.json
    Saved aggregate metrics to /scratch/users/h61084/codes/improved/outputs/results/seasonal_naive/Commodity_Production/M/short/metrics_summary.json
    Metrics summary (averaged over all series/windows/variates):
      MSE: 80672.9111
      MAE: 81.9640
      RMSE: 93.8947
      MAPE: 0.2708
      sMAPE: 0.2159
      MASE: 1.2294
      ND: 0.2153
      CRPS: 0.1761
  Completed: 32 series x 5 windows
  Output: /scratch/users/h61084/codes/improved/outputs/results/seasonal_naive

============================================================
All experiments completed!
Results saved to: /scratch/users/h61084/codes/improved/outputs/results/seasonal_naive
============================================================

############################################################
# All 1 dataset(s) completed!
############################################################

############################################################
# Dataset 1/1: Commodity_Import/M
############################################################
Loading configuration...

============================================================
Model: Seasonal Naive
Dataset: Commodity_Import/M
Terms: ['short']
============================================================

--- Term: short ---
  Config: prediction_length=12, test_length=60, val_length=12
  Dataset info:
    - Frequency: M
    - Num series: 8
    - Target dim: 1
    - Series length: min=254, max=1240, avg=697.2
    - Test split: 60 steps
    - Prediction length: 12
    - Windows: 5
    - Season length: 12
    Total instances: 40, Series during experiment: 8, Windows: 5
    Collecting ground truth and context...
    Organizing data into arrays...
    Saved predictions (quantiles) to /scratch/users/h61084/codes/improved/outputs/results/seasonal_naive/Commodity_Import/M/short/predictions.npz
    Computing per-window metrics...
    Saved metrics to /scratch/users/h61084/codes/improved/outputs/results/seasonal_naive/Commodity_Import/M/short/metrics.npz
    Saved config to /scratch/users/h61084/codes/improved/outputs/results/seasonal_naive/Commodity_Import/M/short/config.json
    Saved aggregate metrics to /scratch/users/h61084/codes/improved/outputs/results/seasonal_naive/Commodity_Import/M/short/metrics_summary.json
    Metrics summary (averaged over all series/windows/variates):
      MSE: 2055849.4172
      MAE: 611.6672
      RMSE: 733.6728
      MAPE: 0.3464
      sMAPE: 0.2727
      MASE: 1.8278
      ND: 0.3112
      CRPS: 0.3290
  Completed: 8 series x 5 windows
  Output: /scratch/users/h61084/codes/improved/outputs/results/seasonal_naive

============================================================
All experiments completed!
Results saved to: /scratch/users/h61084/codes/improved/outputs/results/seasonal_naive
============================================================

############################################################
# All 1 dataset(s) completed!
############################################################

############################################################
# Dataset 1/1: WUI_Global/Q
############################################################
Loading configuration...

============================================================
Model: Seasonal Naive
Dataset: WUI_Global/Q
Terms: ['short']
============================================================

--- Term: short ---
  Config: prediction_length=4, test_length=20, val_length=20
  Dataset info:
    - Frequency: Q
    - Num series: 1
    - Target dim: 15
    - Series length: min=294, max=294, avg=294.0
    - Test split: 20 steps
    - Prediction length: 4
    - Windows: 5
    - Season length: 4
    Total instances: 75, Series during experiment: 15, Windows: 5
    Collecting ground truth and context...
    Detected to_univariate case: 15 flat series -> 1 series x 15 variates
    Organizing data into arrays...
    Saved predictions (quantiles) to /scratch/users/h61084/codes/improved/outputs/results/seasonal_naive/WUI_Global/Q/short/predictions.npz
    Computing per-window metrics...
    Saved metrics to /scratch/users/h61084/codes/improved/outputs/results/seasonal_naive/WUI_Global/Q/short/metrics.npz
    Saved config to /scratch/users/h61084/codes/improved/outputs/results/seasonal_naive/WUI_Global/Q/short/config.json
    Saved aggregate metrics to /scratch/users/h61084/codes/improved/outputs/results/seasonal_naive/WUI_Global/Q/short/metrics_summary.json
    Metrics summary (averaged over all series/windows/variates):
      MSE: 0.0747
      MAE: 0.1953
      RMSE: 0.2320
      MAPE: 0.8956
      sMAPE: 0.8408
      MASE: 1.2809
      ND: 0.9885
      CRPS: 0.7782
  Completed: 1 series x 5 windows
  Output: /scratch/users/h61084/codes/improved/outputs/results/seasonal_naive

============================================================
All experiments completed!
Results saved to: /scratch/users/h61084/codes/improved/outputs/results/seasonal_naive
============================================================

############################################################
# All 1 dataset(s) completed!
############################################################

############################################################
# Dataset 1/1: Global_Price/Q
############################################################
Loading configuration...

============================================================
Model: Seasonal Naive
Dataset: Global_Price/Q
Terms: ['short']
============================================================

--- Term: short ---
  Config: prediction_length=4, test_length=20, val_length=8
  Dataset info:
    - Frequency: Q
    - Num series: 1
    - Target dim: 60
    - Series length: min=142, max=142, avg=142.0
    - Test split: 20 steps
    - Prediction length: 4
    - Windows: 5
    - Season length: 4
    Total instances: 300, Series during experiment: 60, Windows: 5
    Collecting ground truth and context...
    Detected to_univariate case: 60 flat series -> 1 series x 60 variates
    Organizing data into arrays...
    Saved predictions (quantiles) to /scratch/users/h61084/codes/improved/outputs/results/seasonal_naive/Global_Price/Q/short/predictions.npz
    Computing per-window metrics...
    Saved metrics to /scratch/users/h61084/codes/improved/outputs/results/seasonal_naive/Global_Price/Q/short/metrics.npz
    Saved config to /scratch/users/h61084/codes/improved/outputs/results/seasonal_naive/Global_Price/Q/short/config.json
    Saved aggregate metrics to /scratch/users/h61084/codes/improved/outputs/results/seasonal_naive/Global_Price/Q/short/metrics_summary.json
    Metrics summary (averaged over all series/windows/variates):
      MSE: 2662370.6114
      MAE: 376.8257
      RMSE: 423.3287
      MAPE: 0.2209
      sMAPE: 0.2261
      MASE: 1.8657
      ND: 0.2205
      CRPS: 0.1822
  Completed: 1 series x 5 windows
  Output: /scratch/users/h61084/codes/improved/outputs/results/seasonal_naive

============================================================
All experiments completed!
Results saved to: /scratch/users/h61084/codes/improved/outputs/results/seasonal_naive
============================================================

############################################################
# All 1 dataset(s) completed!
############################################################

############################################################
# Dataset 1/1: Vehicle_Sales/M
############################################################
Loading configuration...

============================================================
Model: Seasonal Naive
Dataset: Vehicle_Sales/M
Terms: ['short']
============================================================

--- Term: short ---
  Config: prediction_length=12, test_length=60, val_length=12
  Dataset info:
    - Frequency: M
    - Num series: 1
    - Target dim: 10
    - Series length: min=596, max=596, avg=596.0
    - Test split: 60 steps
    - Prediction length: 12
    - Windows: 5
    - Season length: 12
    Total instances: 50, Series during experiment: 10, Windows: 5
    Collecting ground truth and context...
    Detected to_univariate case: 10 flat series -> 1 series x 10 variates
    Organizing data into arrays...
    Saved predictions (quantiles) to /scratch/users/h61084/codes/improved/outputs/results/seasonal_naive/Vehicle_Sales/M/short/predictions.npz
    Computing per-window metrics...
    Saved metrics to /scratch/users/h61084/codes/improved/outputs/results/seasonal_naive/Vehicle_Sales/M/short/metrics.npz
    Saved config to /scratch/users/h61084/codes/improved/outputs/results/seasonal_naive/Vehicle_Sales/M/short/config.json
    Saved aggregate metrics to /scratch/users/h61084/codes/improved/outputs/results/seasonal_naive/Vehicle_Sales/M/short/metrics_summary.json
    Metrics summary (averaged over all series/windows/variates):
      MSE: 4638.4188
      MAE: 16.4660
      RMSE: 20.1752
      MAPE: 0.1282
      sMAPE: 0.1285
      MASE: 1.2771
      ND: 0.1294
      CRPS: 0.1088
  Completed: 1 series x 5 windows
  Output: /scratch/users/h61084/codes/improved/outputs/results/seasonal_naive

============================================================
All experiments completed!
Results saved to: /scratch/users/h61084/codes/improved/outputs/results/seasonal_naive
============================================================

############################################################
# All 1 dataset(s) completed!
############################################################

############################################################
# Dataset 1/1: Online_Retail_2_UCI/D
############################################################
Loading configuration...

============================================================
Model: Seasonal Naive
Dataset: Online_Retail_2_UCI/D
Terms: ['short']
============================================================

--- Term: short ---
  Config: prediction_length=30, test_length=180, val_length=90
  Dataset info:
    - Frequency: D
    - Num series: 1
    - Target dim: 1
    - Series length: min=739, max=739, avg=739.0
    - Test split: 180 steps
    - Prediction length: 30
    - Windows: 6
    - Season length: 1
    Total instances: 6, Series during experiment: 1, Windows: 6
    Collecting ground truth and context...
    Organizing data into arrays...
    ⚠️  Predictions max value (227947.41) exceeds float16 safe range.
    ⚠️  Applying scale factor: 10 (values will be divided)
    Saved predictions (quantiles) to /scratch/users/h61084/codes/improved/outputs/results/seasonal_naive/Online_Retail_2_UCI/D/short/predictions.npz
    Computing per-window metrics...
    Saved metrics to /scratch/users/h61084/codes/improved/outputs/results/seasonal_naive/Online_Retail_2_UCI/D/short/metrics.npz
    Saved config to /scratch/users/h61084/codes/improved/outputs/results/seasonal_naive/Online_Retail_2_UCI/D/short/config.json
    Saved aggregate metrics to /scratch/users/h61084/codes/improved/outputs/results/seasonal_naive/Online_Retail_2_UCI/D/short/metrics_summary.json
    Metrics summary (averaged over all series/windows/variates):
      MSE: 1418038906.9066
      MAE: 28501.0222
      RMSE: 33975.3146
      MAPE: 0.8867
      sMAPE: 0.9124
      MASE: 1.7318
      ND: 0.8970
      CRPS: 0.8891
  Completed: 1 series x 6 windows
  Output: /scratch/users/h61084/codes/improved/outputs/results/seasonal_naive

============================================================
All experiments completed!
Results saved to: /scratch/users/h61084/codes/improved/outputs/results/seasonal_naive
============================================================

############################################################
# All 1 dataset(s) completed!
############################################################

############################################################
# Dataset 1/1: Supply_Chain_Customer/D
############################################################
Loading configuration...

============================================================
Model: Seasonal Naive
Dataset: Supply_Chain_Customer/D
Terms: ['short']
============================================================

--- Term: short ---
  Config: prediction_length=30, test_length=365, val_length=90
  Dataset info:
    - Frequency: D
    - Num series: 1
    - Target dim: 36
    - Series length: min=2007, max=2007, avg=2007.0
    - Test split: 365 steps
    - Prediction length: 30
    - Windows: 12
    - Season length: 1
    Total instances: 432, Series during experiment: 36, Windows: 12
    Collecting ground truth and context...
    Detected to_univariate case: 36 flat series -> 1 series x 36 variates
    Organizing data into arrays...
    ⚠️  Predictions max value (478190.62) exceeds float16 safe range.
    ⚠️  Applying scale factor: 10 (values will be divided)
    Saved predictions (quantiles) to /scratch/users/h61084/codes/improved/outputs/results/seasonal_naive/Supply_Chain_Customer/D/short/predictions.npz
    Computing per-window metrics...
    Saved metrics to /scratch/users/h61084/codes/improved/outputs/results/seasonal_naive/Supply_Chain_Customer/D/short/metrics.npz
    Saved config to /scratch/users/h61084/codes/improved/outputs/results/seasonal_naive/Supply_Chain_Customer/D/short/config.json
    Saved aggregate metrics to /scratch/users/h61084/codes/improved/outputs/results/seasonal_naive/Supply_Chain_Customer/D/short/metrics_summary.json
    Metrics summary (averaged over all series/windows/variates):
      MSE: 184954301.5001
      MAE: 4816.4135
      RMSE: 5767.6996
      MAPE: 1.6541
      sMAPE: 0.9598
      MASE: 1.6706
      ND: 0.9768
      CRPS: 1.0765
  Completed: 1 series x 12 windows
  Output: /scratch/users/h61084/codes/improved/outputs/results/seasonal_naive

============================================================
All experiments completed!
Results saved to: /scratch/users/h61084/codes/improved/outputs/results/seasonal_naive
============================================================

############################################################
# All 1 dataset(s) completed!
############################################################

############################################################
# Dataset 1/1: Supply_Chain_Location/D
############################################################
Loading configuration...

============================================================
Model: Seasonal Naive
Dataset: Supply_Chain_Location/D
Terms: ['short']
============================================================

--- Term: short ---
  Config: prediction_length=30, test_length=365, val_length=90
  Dataset info:
    - Frequency: D
    - Num series: 1
    - Target dim: 51
    - Series length: min=2007, max=2007, avg=2007.0
    - Test split: 365 steps
    - Prediction length: 30
    - Windows: 12
    - Season length: 1
    Total instances: 612, Series during experiment: 51, Windows: 12
    Collecting ground truth and context...
    Detected to_univariate case: 51 flat series -> 1 series x 51 variates
    Organizing data into arrays...
    ⚠️  Predictions max value (229042.36) exceeds float16 safe range.
    ⚠️  Applying scale factor: 10 (values will be divided)
    Saved predictions (quantiles) to /scratch/users/h61084/codes/improved/outputs/results/seasonal_naive/Supply_Chain_Location/D/short/predictions.npz
    Computing per-window metrics...
    Saved metrics to /scratch/users/h61084/codes/improved/outputs/results/seasonal_naive/Supply_Chain_Location/D/short/metrics.npz
    Saved config to /scratch/users/h61084/codes/improved/outputs/results/seasonal_naive/Supply_Chain_Location/D/short/config.json
    Saved aggregate metrics to /scratch/users/h61084/codes/improved/outputs/results/seasonal_naive/Supply_Chain_Location/D/short/metrics_summary.json
    Metrics summary (averaged over all series/windows/variates):
      MSE: 81647264.4200
      MAE: 3820.7722
      RMSE: 4602.2128
      MAPE: 1.6013
      sMAPE: 0.9202
      MASE: 1.5323
      ND: 0.9085
      CRPS: 1.0424
  Completed: 1 series x 12 windows
  Output: /scratch/users/h61084/codes/improved/outputs/results/seasonal_naive

============================================================
All experiments completed!
Results saved to: /scratch/users/h61084/codes/improved/outputs/results/seasonal_naive
============================================================

############################################################
# All 1 dataset(s) completed!
############################################################

############################################################
# Dataset 1/1: azure2019_D/5T
############################################################
Loading configuration...

============================================================
Model: Seasonal Naive
Dataset: azure2019_D/5T
Terms: ['short']
============================================================

--- Term: short ---
  Config: prediction_length=288, test_length=864, val_length=864
  Dataset info:
    - Frequency: 5T
    - Num series: 989
    - Target dim: 3
    - Series length: min=8073, max=8639, avg=8627.0
    - Test split: 864 steps
    - Prediction length: 288
    - Windows: 3
    - Season length: 288
    Total instances: 8901, Series during experiment: 2967, Windows: 3
    Collecting ground truth and context...
    Detected to_univariate case: 2967 flat series -> 989 series x 3 variates
    Organizing data into arrays...
    Saved predictions (quantiles) to /scratch/users/h61084/codes/improved/outputs/results/seasonal_naive/azure2019_D/5T/short/predictions.npz
    Computing per-window metrics...
    Saved metrics to /scratch/users/h61084/codes/improved/outputs/results/seasonal_naive/azure2019_D/5T/short/metrics.npz
    Saved config to /scratch/users/h61084/codes/improved/outputs/results/seasonal_naive/azure2019_D/5T/short/config.json
    Saved aggregate metrics to /scratch/users/h61084/codes/improved/outputs/results/seasonal_naive/azure2019_D/5T/short/metrics_summary.json
    Metrics summary (averaged over all series/windows/variates):
      MSE: 107.7509
      MAE: 3.8975
      RMSE: 5.2904
      MAPE: 0.4025
      sMAPE: 0.2665
      MASE: 1.0934
      ND: 0.3038
      CRPS: 0.2939
  Completed: 989 series x 3 windows
  Output: /scratch/users/h61084/codes/improved/outputs/results/seasonal_naive

============================================================
All experiments completed!
Results saved to: /scratch/users/h61084/codes/improved/outputs/results/seasonal_naive
============================================================

############################################################
# All 1 dataset(s) completed!
############################################################

############################################################
# Dataset 1/1: azure2019_I/5T
############################################################
Loading configuration...

============================================================
Model: Seasonal Naive
Dataset: azure2019_I/5T
Terms: ['short']
============================================================

--- Term: short ---
  Config: prediction_length=288, test_length=864, val_length=864
  Dataset info:
    - Frequency: 5T
    - Num series: 492
    - Target dim: 3
    - Series length: min=8250, max=8639, avg=8630.4
    - Test split: 864 steps
    - Prediction length: 288
    - Windows: 3
    - Season length: 288
    Total instances: 4428, Series during experiment: 1476, Windows: 3
    Collecting ground truth and context...
    Detected to_univariate case: 1476 flat series -> 492 series x 3 variates
    Organizing data into arrays...
    Saved predictions (quantiles) to /scratch/users/h61084/codes/improved/outputs/results/seasonal_naive/azure2019_I/5T/short/predictions.npz
    Computing per-window metrics...
    Saved metrics to /scratch/users/h61084/codes/improved/outputs/results/seasonal_naive/azure2019_I/5T/short/metrics.npz
    Saved config to /scratch/users/h61084/codes/improved/outputs/results/seasonal_naive/azure2019_I/5T/short/config.json
    Saved aggregate metrics to /scratch/users/h61084/codes/improved/outputs/results/seasonal_naive/azure2019_I/5T/short/metrics_summary.json
    Metrics summary (averaged over all series/windows/variates):
      MSE: 79.5992
      MAE: 3.2321
      RMSE: 4.5023
      MAPE: 0.3747
      sMAPE: 0.2300
      MASE: 1.0140
      ND: 0.2500
      CRPS: 0.2283
  Completed: 492 series x 3 windows
  Output: /scratch/users/h61084/codes/improved/outputs/results/seasonal_naive

============================================================
All experiments completed!
Results saved to: /scratch/users/h61084/codes/improved/outputs/results/seasonal_naive
============================================================

############################################################
# All 1 dataset(s) completed!
############################################################

############################################################
# Dataset 1/1: azure2019_U/5T
############################################################
Loading configuration...

============================================================
Model: Seasonal Naive
Dataset: azure2019_U/5T
Terms: ['short']
============================================================

--- Term: short ---
  Config: prediction_length=48, test_length=288, val_length=96
  Dataset info:
    - Frequency: 5T
    - Num series: 78
    - Target dim: 3
    - Series length: min=882, max=2006, avg=1406.1
    - Test split: 288 steps
    - Prediction length: 48
    - Windows: 6
    - Season length: 288
    Total instances: 1404, Series during experiment: 234, Windows: 6
    Collecting ground truth and context...
    Detected to_univariate case: 234 flat series -> 78 series x 3 variates
    Organizing data into arrays...
    Saved predictions (quantiles) to /scratch/users/h61084/codes/improved/outputs/results/seasonal_naive/azure2019_U/5T/short/predictions.npz
    Computing per-window metrics...
    Saved metrics to /scratch/users/h61084/codes/improved/outputs/results/seasonal_naive/azure2019_U/5T/short/metrics.npz
    Saved config to /scratch/users/h61084/codes/improved/outputs/results/seasonal_naive/azure2019_U/5T/short/config.json
    Saved aggregate metrics to /scratch/users/h61084/codes/improved/outputs/results/seasonal_naive/azure2019_U/5T/short/metrics_summary.json
    Metrics summary (averaged over all series/windows/variates):
      MSE: 139.0772
      MAE: 4.1397
      RMSE: 5.2901
      MAPE: 0.7412
      sMAPE: 0.3480
      MASE: 1.1513
      ND: 0.4547
      CRPS: 0.5746
  Completed: 78 series x 6 windows
  Output: /scratch/users/h61084/codes/improved/outputs/results/seasonal_naive

============================================================
All experiments completed!
Results saved to: /scratch/users/h61084/codes/improved/outputs/results/seasonal_naive
============================================================

############################################################
# All 1 dataset(s) completed!
############################################################

############################################################
# Dataset 1/1: Smart_Manufacturing/H
############################################################
Loading configuration...

============================================================
Model: Seasonal Naive
Dataset: Smart_Manufacturing/H
Terms: ['short', 'medium', 'long']
============================================================

--- Term: short ---
  Config: prediction_length=24, test_length=336, val_length=336
  Dataset info:
    - Frequency: H
    - Num series: 34
    - Target dim: 5
    - Series length: min=1661, max=1667, avg=1665.9
    - Test split: 336 steps
    - Prediction length: 24
    - Windows: 14
    - Season length: 24
    Total instances: 2380, Series during experiment: 170, Windows: 14
    Collecting ground truth and context...
    Detected to_univariate case: 170 flat series -> 34 series x 5 variates
    Organizing data into arrays...
    Saved predictions (quantiles) to /scratch/users/h61084/codes/improved/outputs/results/seasonal_naive/Smart_Manufacturing/H/short/predictions.npz
    Computing per-window metrics...
    Saved metrics to /scratch/users/h61084/codes/improved/outputs/results/seasonal_naive/Smart_Manufacturing/H/short/metrics.npz
    Saved config to /scratch/users/h61084/codes/improved/outputs/results/seasonal_naive/Smart_Manufacturing/H/short/config.json
    Saved aggregate metrics to /scratch/users/h61084/codes/improved/outputs/results/seasonal_naive/Smart_Manufacturing/H/short/metrics_summary.json
    Metrics summary (averaged over all series/windows/variates):
      MSE: 159.4001
      MAE: 8.1466
      RMSE: 10.0364
      MAPE: 0.4271
      sMAPE: 0.3182
      MASE: 1.0072
      ND: 0.3053
      CRPS: 0.2355
  Completed: 34 series x 14 windows
  Output: /scratch/users/h61084/codes/improved/outputs/results/seasonal_naive

--- Term: medium ---
  Config: prediction_length=168, test_length=336, val_length=336
  Dataset info:
    - Frequency: H
    - Num series: 34
    - Target dim: 5
    - Series length: min=1661, max=1667, avg=1665.9
    - Test split: 336 steps
    - Prediction length: 168
    - Windows: 2
    - Season length: 24
    Total instances: 340, Series during experiment: 170, Windows: 2
    Collecting ground truth and context...
    Detected to_univariate case: 170 flat series -> 34 series x 5 variates
    Organizing data into arrays...
    Saved predictions (quantiles) to /scratch/users/h61084/codes/improved/outputs/results/seasonal_naive/Smart_Manufacturing/H/medium/predictions.npz
    Computing per-window metrics...
    Saved metrics to /scratch/users/h61084/codes/improved/outputs/results/seasonal_naive/Smart_Manufacturing/H/medium/metrics.npz
    Saved config to /scratch/users/h61084/codes/improved/outputs/results/seasonal_naive/Smart_Manufacturing/H/medium/config.json
    Saved aggregate metrics to /scratch/users/h61084/codes/improved/outputs/results/seasonal_naive/Smart_Manufacturing/H/medium/metrics_summary.json
    Metrics summary (averaged over all series/windows/variates):
      MSE: 169.5365
      MAE: 8.3901
      RMSE: 10.4474
      MAPE: 0.4358
      sMAPE: 0.3276
      MASE: 1.0345
      ND: 0.3112
      CRPS: 0.2725
  Completed: 34 series x 2 windows
  Output: /scratch/users/h61084/codes/improved/outputs/results/seasonal_naive

--- Term: long ---
  Config: prediction_length=336, test_length=336, val_length=336
  Dataset info:
    - Frequency: H
    - Num series: 34
    - Target dim: 5
    - Series length: min=1661, max=1667, avg=1665.9
    - Test split: 336 steps
    - Prediction length: 336
    - Windows: 1
    - Season length: 24
    Total instances: 170, Series during experiment: 170, Windows: 1
    Collecting ground truth and context...
    Detected to_univariate case: 170 flat series -> 34 series x 5 variates
    Organizing data into arrays...
    Saved predictions (quantiles) to /scratch/users/h61084/codes/improved/outputs/results/seasonal_naive/Smart_Manufacturing/H/long/predictions.npz
    Computing per-window metrics...
    Saved metrics to /scratch/users/h61084/codes/improved/outputs/results/seasonal_naive/Smart_Manufacturing/H/long/metrics.npz
    Saved config to /scratch/users/h61084/codes/improved/outputs/results/seasonal_naive/Smart_Manufacturing/H/long/config.json
    Saved aggregate metrics to /scratch/users/h61084/codes/improved/outputs/results/seasonal_naive/Smart_Manufacturing/H/long/metrics_summary.json
    Metrics summary (averaged over all series/windows/variates):
      MSE: 174.3024
      MAE: 8.5392
      RMSE: 10.6194
      MAPE: 0.4414
      sMAPE: 0.3332
      MASE: 1.0542
      ND: 0.3160
      CRPS: 0.3177
  Completed: 34 series x 1 windows
  Output: /scratch/users/h61084/codes/improved/outputs/results/seasonal_naive

============================================================
All experiments completed!
Results saved to: /scratch/users/h61084/codes/improved/outputs/results/seasonal_naive
============================================================

############################################################
# All 1 dataset(s) completed!
############################################################

############################################################
# Dataset 1/1: MetroPT-3/5T
############################################################
Loading configuration...

============================================================
Model: Seasonal Naive
Dataset: MetroPT-3/5T
Terms: ['short', 'medium', 'long']
============================================================

--- Term: short ---
  Config: prediction_length=48, test_length=1728, val_length=1728
  Dataset info:
    - Frequency: 5T
    - Num series: 1
    - Target dim: 6
    - Series length: min=17809, max=17809, avg=17809.0
    - Test split: 1728 steps
    - Prediction length: 48
    - Windows: 36
    - Season length: 288
    Total instances: 216, Series during experiment: 6, Windows: 36
    Collecting ground truth and context...
    Detected to_univariate case: 6 flat series -> 1 series x 6 variates
    Organizing data into arrays...
    Saved predictions (quantiles) to /scratch/users/h61084/codes/improved/outputs/results/seasonal_naive/MetroPT-3/5T/short/predictions.npz
    Computing per-window metrics...
    Saved metrics to /scratch/users/h61084/codes/improved/outputs/results/seasonal_naive/MetroPT-3/5T/short/metrics.npz
    Saved config to /scratch/users/h61084/codes/improved/outputs/results/seasonal_naive/MetroPT-3/5T/short/config.json
    Saved aggregate metrics to /scratch/users/h61084/codes/improved/outputs/results/seasonal_naive/MetroPT-3/5T/short/metrics_summary.json
    Metrics summary (averaged over all series/windows/variates):
      MSE: 6.0911
      MAE: 1.5623
      RMSE: 1.9875
      MAPE: 12.4341
      sMAPE: 0.5419
      MASE: 0.8553
      ND: 0.4489
      CRPS: 0.3791
  Completed: 1 series x 36 windows
  Output: /scratch/users/h61084/codes/improved/outputs/results/seasonal_naive

--- Term: medium ---
  Config: prediction_length=288, test_length=1728, val_length=1728
  Dataset info:
    - Frequency: 5T
    - Num series: 1
    - Target dim: 6
    - Series length: min=17809, max=17809, avg=17809.0
    - Test split: 1728 steps
    - Prediction length: 288
    - Windows: 6
    - Season length: 288
    Total instances: 36, Series during experiment: 6, Windows: 6
    Collecting ground truth and context...
    Detected to_univariate case: 6 flat series -> 1 series x 6 variates
    Organizing data into arrays...
    Saved predictions (quantiles) to /scratch/users/h61084/codes/improved/outputs/results/seasonal_naive/MetroPT-3/5T/medium/predictions.npz
    Computing per-window metrics...
    Saved metrics to /scratch/users/h61084/codes/improved/outputs/results/seasonal_naive/MetroPT-3/5T/medium/metrics.npz
    Saved config to /scratch/users/h61084/codes/improved/outputs/results/seasonal_naive/MetroPT-3/5T/medium/config.json
    Saved aggregate metrics to /scratch/users/h61084/codes/improved/outputs/results/seasonal_naive/MetroPT-3/5T/medium/metrics_summary.json
    Metrics summary (averaged over all series/windows/variates):
      MSE: 5.8211
      MAE: 1.5201
      RMSE: 1.9850
      MAPE: 11.2560
      sMAPE: 0.5166
      MASE: 0.8225
      ND: 0.4287
      CRPS: 0.3679
  Completed: 1 series x 6 windows
  Output: /scratch/users/h61084/codes/improved/outputs/results/seasonal_naive

--- Term: long ---
  Config: prediction_length=576, test_length=1728, val_length=1728
  Dataset info:
    - Frequency: 5T
    - Num series: 1
    - Target dim: 6
    - Series length: min=17809, max=17809, avg=17809.0
    - Test split: 1728 steps
    - Prediction length: 576
    - Windows: 3
    - Season length: 288
    Total instances: 18, Series during experiment: 6, Windows: 3
    Collecting ground truth and context...
    Detected to_univariate case: 6 flat series -> 1 series x 6 variates
    Organizing data into arrays...
    Saved predictions (quantiles) to /scratch/users/h61084/codes/improved/outputs/results/seasonal_naive/MetroPT-3/5T/long/predictions.npz
    Computing per-window metrics...
    Saved metrics to /scratch/users/h61084/codes/improved/outputs/results/seasonal_naive/MetroPT-3/5T/long/metrics.npz
    Saved config to /scratch/users/h61084/codes/improved/outputs/results/seasonal_naive/MetroPT-3/5T/long/config.json
    Saved aggregate metrics to /scratch/users/h61084/codes/improved/outputs/results/seasonal_naive/MetroPT-3/5T/long/metrics_summary.json
    Metrics summary (averaged over all series/windows/variates):
      MSE: 5.4836
      MAE: 1.4980
      RMSE: 1.9592
      MAPE: 13.7570
      sMAPE: 0.5472
      MASE: 0.8715
      ND: 0.4514
      CRPS: 0.3860
  Completed: 1 series x 3 windows
  Output: /scratch/users/h61084/codes/improved/outputs/results/seasonal_naive

============================================================
All experiments completed!
Results saved to: /scratch/users/h61084/codes/improved/outputs/results/seasonal_naive
============================================================

############################################################
# All 1 dataset(s) completed!
############################################################
2026-09-01 20:20:23 | task model=seasonal_naive runner=run_seasonal_naive.sh environment=uv completed status=success
2026-09-01 20:20:23 | stage evaluate completed status=success
2026-09-01 20:20:24 | workflow foundation_models completed status=success exit_code=0
