2026-08-31 23:57:03 | workflow foundation_models started launch_id=selena_20260831T215700Z_55438 task=seasonal_naive
2026-08-31 23:57:03 | stage evaluate started
2026-08-31 23:57:03 | task model=seasonal_naive runner=run_seasonal_naive.sh environment=uv started
[2026-08-31 23:57:03] TIME runner: run_seasonal_naive.sh
[2026-08-31 23:57:03] datasets: /scratch/users/h61084/datasets/hf_dataset
[2026-08-31 23:57:03] weights: /scratch/users/h61084/weights
[2026-08-31 23:57:03] outputs: /scratch/users/h61084/codes/improved/outputs

############################################################
# Dataset 1/1: Water_Quality_Darwin/15T
############################################################
Loading configuration...

============================================================
Model: Seasonal Naive
Dataset: Water_Quality_Darwin/15T
Terms: ['short', 'medium', 'long']
============================================================

--- Term: short ---
  Config: prediction_length=16, test_length=1440, val_length=1440
  Dataset info:
    - Frequency: 15T
    - Num series: 7
    - Target dim: 6
    - Series length: min=8662, max=18985, avg=15229.4
    - Test split: 1440 steps
    - Prediction length: 16
    - Windows: 90
    - Season length: 96
    Total instances: 3780, Series during experiment: 42, Windows: 90
    Collecting ground truth and context...
    Detected to_univariate case: 42 flat series -> 7 series x 6 variates
    Organizing data into arrays...
    Saved predictions (quantiles) to /scratch/users/h61084/codes/improved/outputs/results/seasonal_naive/Water_Quality_Darwin/15T/short/predictions.npz
    Computing per-window metrics...
    Saved metrics to /scratch/users/h61084/codes/improved/outputs/results/seasonal_naive/Water_Quality_Darwin/15T/short/metrics.npz
    Saved config to /scratch/users/h61084/codes/improved/outputs/results/seasonal_naive/Water_Quality_Darwin/15T/short/config.json
    Metrics summary (averaged over all series/windows/variates):
      MSE: 5.2214
      MAE: 0.7724
      RMSE: 0.8782
      MAPE: 0.1073
      sMAPE: 0.0996
      MASE: 1.1148
      ND: 0.1041
      CRPS: 0.1062
  Completed: 7 series x 90 windows
  Output: /scratch/users/h61084/codes/improved/outputs/results/seasonal_naive

--- Term: medium ---
  Config: prediction_length=96, test_length=1440, val_length=1440
  Dataset info:
    - Frequency: 15T
    - Num series: 7
    - Target dim: 6
    - Series length: min=8662, max=18985, avg=15229.4
    - Test split: 1440 steps
    - Prediction length: 96
    - Windows: 15
    - Season length: 96
    Total instances: 630, Series during experiment: 42, Windows: 15
    Collecting ground truth and context...
    Detected to_univariate case: 42 flat series -> 7 series x 6 variates
    Organizing data into arrays...
    Saved predictions (quantiles) to /scratch/users/h61084/codes/improved/outputs/results/seasonal_naive/Water_Quality_Darwin/15T/medium/predictions.npz
    Computing per-window metrics...
    Saved metrics to /scratch/users/h61084/codes/improved/outputs/results/seasonal_naive/Water_Quality_Darwin/15T/medium/metrics.npz
    Saved config to /scratch/users/h61084/codes/improved/outputs/results/seasonal_naive/Water_Quality_Darwin/15T/medium/config.json
    Metrics summary (averaged over all series/windows/variates):
      MSE: 5.2155
      MAE: 0.7586
      RMSE: 0.9513
      MAPE: 0.1019
      sMAPE: 0.0944
      MASE: 1.1069
      ND: 0.0948
      CRPS: 0.0992
  Completed: 7 series x 15 windows
  Output: /scratch/users/h61084/codes/improved/outputs/results/seasonal_naive

--- Term: long ---
  Config: prediction_length=288, test_length=1440, val_length=1440
  Dataset info:
    - Frequency: 15T
    - Num series: 7
    - Target dim: 6
    - Series length: min=8662, max=18985, avg=15229.4
    - Test split: 1440 steps
    - Prediction length: 288
    - Windows: 5
    - Season length: 96
    Total instances: 210, Series during experiment: 42, Windows: 5
    Collecting ground truth and context...
    Detected to_univariate case: 42 flat series -> 7 series x 6 variates
    Organizing data into arrays...
    Saved predictions (quantiles) to /scratch/users/h61084/codes/improved/outputs/results/seasonal_naive/Water_Quality_Darwin/15T/long/predictions.npz
    Computing per-window metrics...
    Saved metrics to /scratch/users/h61084/codes/improved/outputs/results/seasonal_naive/Water_Quality_Darwin/15T/long/metrics.npz
    Saved config to /scratch/users/h61084/codes/improved/outputs/results/seasonal_naive/Water_Quality_Darwin/15T/long/config.json
    Metrics summary (averaged over all series/windows/variates):
      MSE: 8.9229
      MAE: 1.0649
      RMSE: 1.3471
      MAPE: 0.1587
      sMAPE: 0.1338
      MASE: 1.6120
      ND: 0.1391
      CRPS: 0.1339
  Completed: 7 series x 5 windows
  Output: /scratch/users/h61084/codes/improved/outputs/results/seasonal_naive

============================================================
All experiments completed!
Results saved to: /scratch/users/h61084/codes/improved/outputs/results/seasonal_naive
============================================================

############################################################
# All 1 dataset(s) completed!
############################################################

############################################################
# Dataset 1/1: current_velocity/5T
############################################################
Loading configuration...

============================================================
Model: Seasonal Naive
Dataset: current_velocity/5T
Terms: ['short', 'medium', 'long']
============================================================

--- Term: short ---
  Config: prediction_length=36, test_length=4320, val_length=4320
  Dataset info:
    - Frequency: 5T
    - Num series: 1
    - Target dim: 6
    - Series length: min=26486, max=26486, avg=26486.0
    - Test split: 4320 steps
    - Prediction length: 36
    - Windows: 120
    - Season length: 288
    Total instances: 720, Series during experiment: 6, Windows: 120
    Collecting ground truth and context...
    Detected to_univariate case: 6 flat series -> 1 series x 6 variates
    Organizing data into arrays...
    Saved predictions (quantiles) to /scratch/users/h61084/codes/improved/outputs/results/seasonal_naive/current_velocity/5T/short/predictions.npz
    Computing per-window metrics...
    Saved metrics to /scratch/users/h61084/codes/improved/outputs/results/seasonal_naive/current_velocity/5T/short/metrics.npz
    Saved config to /scratch/users/h61084/codes/improved/outputs/results/seasonal_naive/current_velocity/5T/short/config.json
    Metrics summary (averaged over all series/windows/variates):
      MSE: 9.2306
      MAE: 1.0864
      RMSE: 1.2295
      MAPE: 0.9551
      sMAPE: 0.5026
      MASE: 0.9239
      ND: 0.5838
      CRPS: 0.4537
  Completed: 1 series x 120 windows
  Output: /scratch/users/h61084/codes/improved/outputs/results/seasonal_naive

--- Term: medium ---
  Config: prediction_length=288, test_length=4320, val_length=4320
  Dataset info:
    - Frequency: 5T
    - Num series: 1
    - Target dim: 6
    - Series length: min=26486, max=26486, avg=26486.0
    - Test split: 4320 steps
    - Prediction length: 288
    - Windows: 15
    - Season length: 288
    Total instances: 90, Series during experiment: 6, Windows: 15
    Collecting ground truth and context...
    Detected to_univariate case: 6 flat series -> 1 series x 6 variates
    Organizing data into arrays...
    Saved predictions (quantiles) to /scratch/users/h61084/codes/improved/outputs/results/seasonal_naive/current_velocity/5T/medium/predictions.npz
    Computing per-window metrics...
    Saved metrics to /scratch/users/h61084/codes/improved/outputs/results/seasonal_naive/current_velocity/5T/medium/metrics.npz
    Saved config to /scratch/users/h61084/codes/improved/outputs/results/seasonal_naive/current_velocity/5T/medium/config.json
    Metrics summary (averaged over all series/windows/variates):
      MSE: 9.8725
      MAE: 1.1411
      RMSE: 1.3702
      MAPE: 0.9488
      sMAPE: 0.5082
      MASE: 0.9382
      ND: 0.5083
      CRPS: 0.3979
  Completed: 1 series x 15 windows
  Output: /scratch/users/h61084/codes/improved/outputs/results/seasonal_naive

--- Term: long ---
  Config: prediction_length=864, test_length=4320, val_length=4320
  Dataset info:
    - Frequency: 5T
    - Num series: 1
    - Target dim: 6
    - Series length: min=26486, max=26486, avg=26486.0
    - Test split: 4320 steps
    - Prediction length: 864
    - Windows: 5
    - Season length: 288
    Total instances: 30, Series during experiment: 6, Windows: 5
    Collecting ground truth and context...
    Detected to_univariate case: 6 flat series -> 1 series x 6 variates
    Organizing data into arrays...
    Saved predictions (quantiles) to /scratch/users/h61084/codes/improved/outputs/results/seasonal_naive/current_velocity/5T/long/predictions.npz
    Computing per-window metrics...
    Saved metrics to /scratch/users/h61084/codes/improved/outputs/results/seasonal_naive/current_velocity/5T/long/metrics.npz
    Saved config to /scratch/users/h61084/codes/improved/outputs/results/seasonal_naive/current_velocity/5T/long/config.json
    Metrics summary (averaged over all series/windows/variates):
      MSE: 9.4888
      MAE: 1.1223
      RMSE: 1.3953
      MAPE: 0.9201
      sMAPE: 0.5218
      MASE: 1.0924
      ND: 0.4942
      CRPS: 0.4124
  Completed: 1 series x 5 windows
  Output: /scratch/users/h61084/codes/improved/outputs/results/seasonal_naive

============================================================
All experiments completed!
Results saved to: /scratch/users/h61084/codes/improved/outputs/results/seasonal_naive
============================================================

############################################################
# All 1 dataset(s) completed!
############################################################

############################################################
# Dataset 1/1: current_velocity/10T
############################################################
Loading configuration...

============================================================
Model: Seasonal Naive
Dataset: current_velocity/10T
Terms: ['short', 'medium', 'long']
============================================================

--- Term: short ---
  Config: prediction_length=18, test_length=2160, val_length=2160
  Dataset info:
    - Frequency: 10T
    - Num series: 10
    - Target dim: 6
    - Series length: min=7481, max=31957, avg=20668.5
    - Test split: 2160 steps
    - Prediction length: 18
    - Windows: 120
    - Season length: 144
    Total instances: 7200, Series during experiment: 60, Windows: 120
    Collecting ground truth and context...
    Detected to_univariate case: 60 flat series -> 10 series x 6 variates
    Organizing data into arrays...
    Saved predictions (quantiles) to /scratch/users/h61084/codes/improved/outputs/results/seasonal_naive/current_velocity/10T/short/predictions.npz
    Computing per-window metrics...
    Saved metrics to /scratch/users/h61084/codes/improved/outputs/results/seasonal_naive/current_velocity/10T/short/metrics.npz
    Saved config to /scratch/users/h61084/codes/improved/outputs/results/seasonal_naive/current_velocity/10T/short/config.json
    Metrics summary (averaged over all series/windows/variates):
      MSE: 15.2555
      MAE: 1.1914
      RMSE: 1.4289
      MAPE: 5173.0785
      sMAPE: 0.5425
      MASE: 1.0525
      ND: 0.5631
      CRPS: 0.4454
  Completed: 10 series x 120 windows
  Output: /scratch/users/h61084/codes/improved/outputs/results/seasonal_naive

--- Term: medium ---
  Config: prediction_length=144, test_length=2160, val_length=2160
  Dataset info:
    - Frequency: 10T
    - Num series: 10
    - Target dim: 6
    - Series length: min=7481, max=31957, avg=20668.5
    - Test split: 2160 steps
    - Prediction length: 144
    - Windows: 15
    - Season length: 144
    Total instances: 900, Series during experiment: 60, Windows: 15
    Collecting ground truth and context...
    Detected to_univariate case: 60 flat series -> 10 series x 6 variates
    Organizing data into arrays...
    Saved predictions (quantiles) to /scratch/users/h61084/codes/improved/outputs/results/seasonal_naive/current_velocity/10T/medium/predictions.npz
    Computing per-window metrics...
    Saved metrics to /scratch/users/h61084/codes/improved/outputs/results/seasonal_naive/current_velocity/10T/medium/metrics.npz
    Saved config to /scratch/users/h61084/codes/improved/outputs/results/seasonal_naive/current_velocity/10T/medium/config.json
    Metrics summary (averaged over all series/windows/variates):
      MSE: 15.3050
      MAE: 1.1898
      RMSE: 1.5541
      MAPE: 4761.3127
      sMAPE: 0.5430
      MASE: 1.0538
      ND: 0.4837
      CRPS: 0.3824
  Completed: 10 series x 15 windows
  Output: /scratch/users/h61084/codes/improved/outputs/results/seasonal_naive

--- Term: long ---
  Config: prediction_length=432, test_length=2160, val_length=2160
  Dataset info:
    - Frequency: 10T
    - Num series: 10
    - Target dim: 6
    - Series length: min=7481, max=31957, avg=20668.5
    - Test split: 2160 steps
    - Prediction length: 432
    - Windows: 5
    - Season length: 144
    Total instances: 300, Series during experiment: 60, Windows: 5
    Collecting ground truth and context...
    Detected to_univariate case: 60 flat series -> 10 series x 6 variates
    Organizing data into arrays...
    Saved predictions (quantiles) to /scratch/users/h61084/codes/improved/outputs/results/seasonal_naive/current_velocity/10T/long/predictions.npz
    Computing per-window metrics...
    Saved metrics to /scratch/users/h61084/codes/improved/outputs/results/seasonal_naive/current_velocity/10T/long/metrics.npz
    Saved config to /scratch/users/h61084/codes/improved/outputs/results/seasonal_naive/current_velocity/10T/long/config.json
    Metrics summary (averaged over all series/windows/variates):
      MSE: 19.5805
      MAE: 1.4361
      RMSE: 1.8493
      MAPE: 6678.0582
      sMAPE: 0.6164
      MASE: 1.4422
      ND: 0.5601
      CRPS: 0.4506
  Completed: 10 series x 5 windows
  Output: /scratch/users/h61084/codes/improved/outputs/results/seasonal_naive

============================================================
All experiments completed!
Results saved to: /scratch/users/h61084/codes/improved/outputs/results/seasonal_naive
============================================================

############################################################
# All 1 dataset(s) completed!
############################################################

############################################################
# Dataset 1/1: current_velocity/15T
############################################################
Loading configuration...

============================================================
Model: Seasonal Naive
Dataset: current_velocity/15T
Terms: ['short', 'medium', 'long']
============================================================

--- Term: short ---
  Config: prediction_length=12, test_length=1440, val_length=1440
  Dataset info:
    - Frequency: 15T
    - Num series: 5
    - Target dim: 6
    - Series length: min=3710, max=17953, avg=8503.2
    - Test split: 1440 steps
    - Prediction length: 12
    - Windows: 120
    - Season length: 96
    Total instances: 3600, Series during experiment: 30, Windows: 120
    Collecting ground truth and context...
    Detected to_univariate case: 30 flat series -> 5 series x 6 variates
    Organizing data into arrays...
    Saved predictions (quantiles) to /scratch/users/h61084/codes/improved/outputs/results/seasonal_naive/current_velocity/15T/short/predictions.npz
    Computing per-window metrics...
    Saved metrics to /scratch/users/h61084/codes/improved/outputs/results/seasonal_naive/current_velocity/15T/short/metrics.npz
    Saved config to /scratch/users/h61084/codes/improved/outputs/results/seasonal_naive/current_velocity/15T/short/config.json
    Metrics summary (averaged over all series/windows/variates):
      MSE: 15.0074
      MAE: 1.2514
      RMSE: 1.4696
      MAPE: 200020.0227
      sMAPE: 0.6273
      MASE: 1.0038
      ND: 0.6923
      CRPS: 0.5436
  Completed: 5 series x 120 windows
  Output: /scratch/users/h61084/codes/improved/outputs/results/seasonal_naive

--- Term: medium ---
  Config: prediction_length=96, test_length=1440, val_length=1440
  Dataset info:
    - Frequency: 15T
    - Num series: 5
    - Target dim: 6
    - Series length: min=3710, max=17953, avg=8503.2
    - Test split: 1440 steps
    - Prediction length: 96
    - Windows: 15
    - Season length: 96
    Total instances: 450, Series during experiment: 30, Windows: 15
    Collecting ground truth and context...
    Detected to_univariate case: 30 flat series -> 5 series x 6 variates
    Organizing data into arrays...
    Saved predictions (quantiles) to /scratch/users/h61084/codes/improved/outputs/results/seasonal_naive/current_velocity/15T/medium/predictions.npz
    Computing per-window metrics...
    Saved metrics to /scratch/users/h61084/codes/improved/outputs/results/seasonal_naive/current_velocity/15T/medium/metrics.npz
    Saved config to /scratch/users/h61084/codes/improved/outputs/results/seasonal_naive/current_velocity/15T/medium/config.json
    Metrics summary (averaged over all series/windows/variates):
      MSE: 14.9415
      MAE: 1.2493
      RMSE: 1.5747
      MAPE: 201585.1218
      sMAPE: 0.6245
      MASE: 1.0022
      ND: 0.6042
      CRPS: 0.4762
  Completed: 5 series x 15 windows
  Output: /scratch/users/h61084/codes/improved/outputs/results/seasonal_naive

--- Term: long ---
  Config: prediction_length=288, test_length=1440, val_length=1440
  Dataset info:
    - Frequency: 15T
    - Num series: 5
    - Target dim: 6
    - Series length: min=3710, max=17953, avg=8503.2
    - Test split: 1440 steps
    - Prediction length: 288
    - Windows: 5
    - Season length: 96
    Total instances: 150, Series during experiment: 30, Windows: 5
    Collecting ground truth and context...
    Detected to_univariate case: 30 flat series -> 5 series x 6 variates
    Organizing data into arrays...
    Saved predictions (quantiles) to /scratch/users/h61084/codes/improved/outputs/results/seasonal_naive/current_velocity/15T/long/predictions.npz
    Computing per-window metrics...
    Saved metrics to /scratch/users/h61084/codes/improved/outputs/results/seasonal_naive/current_velocity/15T/long/metrics.npz
    Saved config to /scratch/users/h61084/codes/improved/outputs/results/seasonal_naive/current_velocity/15T/long/config.json
    Metrics summary (averaged over all series/windows/variates):
      MSE: 16.6594
      MAE: 1.3413
      RMSE: 1.6959
      MAPE: 145751.4326
      sMAPE: 0.6421
      MASE: 1.1464
      ND: 0.6126
      CRPS: 0.4956
  Completed: 5 series x 5 windows
  Output: /scratch/users/h61084/codes/improved/outputs/results/seasonal_naive

============================================================
All experiments completed!
Results saved to: /scratch/users/h61084/codes/improved/outputs/results/seasonal_naive
============================================================

############################################################
# All 1 dataset(s) completed!
############################################################

############################################################
# Dataset 1/1: current_velocity/20T
############################################################
Loading configuration...

============================================================
Model: Seasonal Naive
Dataset: current_velocity/20T
Terms: ['short', 'medium', 'long']
============================================================

--- Term: short ---
  Config: prediction_length=9, test_length=1080, val_length=1080
  Dataset info:
    - Frequency: 20T
    - Num series: 27
    - Target dim: 6
    - Series length: min=2529, max=16759, avg=6460.2
    - Test split: 1080 steps
    - Prediction length: 9
    - Windows: 120
    - Season length: 72
    Total instances: 19440, Series during experiment: 162, Windows: 120
    Collecting ground truth and context...
    Detected to_univariate case: 162 flat series -> 27 series x 6 variates
    Organizing data into arrays...
    Saved predictions (quantiles) to /scratch/users/h61084/codes/improved/outputs/results/seasonal_naive/current_velocity/20T/short/predictions.npz
    Computing per-window metrics...
    Saved metrics to /scratch/users/h61084/codes/improved/outputs/results/seasonal_naive/current_velocity/20T/short/metrics.npz
    Saved config to /scratch/users/h61084/codes/improved/outputs/results/seasonal_naive/current_velocity/20T/short/config.json
    Metrics summary (averaged over all series/windows/variates):
      MSE: 11.2637
      MAE: 1.0837
      RMSE: 1.2205
      MAPE: 1.8300
      sMAPE: 0.5701
      MASE: 1.0254
      ND: 0.6754
      CRPS: 0.5363
  Completed: 27 series x 120 windows
  Output: /scratch/users/h61084/codes/improved/outputs/results/seasonal_naive

--- Term: medium ---
  Config: prediction_length=72, test_length=1080, val_length=1080
  Dataset info:
    - Frequency: 20T
    - Num series: 27
    - Target dim: 6
    - Series length: min=2529, max=16759, avg=6460.2
    - Test split: 1080 steps
    - Prediction length: 72
    - Windows: 15
    - Season length: 72
    Total instances: 2430, Series during experiment: 162, Windows: 15
    Collecting ground truth and context...
    Detected to_univariate case: 162 flat series -> 27 series x 6 variates
    Organizing data into arrays...
    Saved predictions (quantiles) to /scratch/users/h61084/codes/improved/outputs/results/seasonal_naive/current_velocity/20T/medium/predictions.npz
    Computing per-window metrics...
    Saved metrics to /scratch/users/h61084/codes/improved/outputs/results/seasonal_naive/current_velocity/20T/medium/metrics.npz
    Saved config to /scratch/users/h61084/codes/improved/outputs/results/seasonal_naive/current_velocity/20T/medium/config.json
    Metrics summary (averaged over all series/windows/variates):
      MSE: 11.2395
      MAE: 1.0833
      RMSE: 1.3375
      MAPE: 1.7922
      sMAPE: 0.5713
      MASE: 1.0286
      ND: 0.5397
      CRPS: 0.4287
  Completed: 27 series x 15 windows
  Output: /scratch/users/h61084/codes/improved/outputs/results/seasonal_naive

--- Term: long ---
  Config: prediction_length=216, test_length=1080, val_length=1080
  Dataset info:
    - Frequency: 20T
    - Num series: 27
    - Target dim: 6
    - Series length: min=2529, max=16759, avg=6460.2
    - Test split: 1080 steps
    - Prediction length: 216
    - Windows: 5
    - Season length: 72
    Total instances: 810, Series during experiment: 162, Windows: 5
    Collecting ground truth and context...
    Detected to_univariate case: 162 flat series -> 27 series x 6 variates
    Organizing data into arrays...
    Saved predictions (quantiles) to /scratch/users/h61084/codes/improved/outputs/results/seasonal_naive/current_velocity/20T/long/predictions.npz
    Computing per-window metrics...
    Saved metrics to /scratch/users/h61084/codes/improved/outputs/results/seasonal_naive/current_velocity/20T/long/metrics.npz
    Saved config to /scratch/users/h61084/codes/improved/outputs/results/seasonal_naive/current_velocity/20T/long/config.json
    Metrics summary (averaged over all series/windows/variates):
      MSE: 13.3541
      MAE: 1.2223
      RMSE: 1.5301
      MAPE: 2.2878
      sMAPE: 0.6371
      MASE: 1.3465
      ND: 0.6136
      CRPS: 0.4923
  Completed: 27 series x 5 windows
  Output: /scratch/users/h61084/codes/improved/outputs/results/seasonal_naive

============================================================
All experiments completed!
Results saved to: /scratch/users/h61084/codes/improved/outputs/results/seasonal_naive
============================================================

############################################################
# All 1 dataset(s) completed!
############################################################

############################################################
# Dataset 1/1: current_velocity/H
############################################################
Loading configuration...

============================================================
Model: Seasonal Naive
Dataset: current_velocity/H
Terms: ['short', 'medium', 'long']
============================================================

--- Term: short ---
  Config: prediction_length=24, test_length=672, val_length=672
  Dataset info:
    - Frequency: H
    - Num series: 21
    - Target dim: 6
    - Series length: min=2208, max=5587, avg=3502.3
    - Test split: 672 steps
    - Prediction length: 24
    - Windows: 28
    - Season length: 24
    Total instances: 3528, Series during experiment: 126, Windows: 28
    Collecting ground truth and context...
    Detected to_univariate case: 126 flat series -> 21 series x 6 variates
    Organizing data into arrays...
    Saved predictions (quantiles) to /scratch/users/h61084/codes/improved/outputs/results/seasonal_naive/current_velocity/H/short/predictions.npz
    Computing per-window metrics...
    Saved metrics to /scratch/users/h61084/codes/improved/outputs/results/seasonal_naive/current_velocity/H/short/metrics.npz
    Saved config to /scratch/users/h61084/codes/improved/outputs/results/seasonal_naive/current_velocity/H/short/config.json
    Metrics summary (averaged over all series/windows/variates):
      MSE: 10.4667
      MAE: 1.0421
      RMSE: 1.2902
      MAPE: 4470928768921.5303
      sMAPE: 0.5202
      MASE: 1.0427
      ND: 0.4755
      CRPS: 0.3781
  Completed: 21 series x 28 windows
  Output: /scratch/users/h61084/codes/improved/outputs/results/seasonal_naive

--- Term: medium ---
  Config: prediction_length=168, test_length=672, val_length=672
  Dataset info:
    - Frequency: H
    - Num series: 21
    - Target dim: 6
    - Series length: min=2208, max=5587, avg=3502.3
    - Test split: 672 steps
    - Prediction length: 168
    - Windows: 4
    - Season length: 24
    Total instances: 504, Series during experiment: 126, Windows: 4
    Collecting ground truth and context...
    Detected to_univariate case: 126 flat series -> 21 series x 6 variates
    Organizing data into arrays...
    Saved predictions (quantiles) to /scratch/users/h61084/codes/improved/outputs/results/seasonal_naive/current_velocity/H/medium/predictions.npz
    Computing per-window metrics...
    Saved metrics to /scratch/users/h61084/codes/improved/outputs/results/seasonal_naive/current_velocity/H/medium/metrics.npz
    Saved config to /scratch/users/h61084/codes/improved/outputs/results/seasonal_naive/current_velocity/H/medium/config.json
    Metrics summary (averaged over all series/windows/variates):
      MSE: 19.7531
      MAE: 1.5018
      RMSE: 1.8788
      MAPE: 3837734914396.7261
      sMAPE: 0.6698
      MASE: 1.8587
      ND: 0.6278
      CRPS: 0.5216
  Completed: 21 series x 4 windows
  Output: /scratch/users/h61084/codes/improved/outputs/results/seasonal_naive

--- Term: long ---
  Config: prediction_length=336, test_length=672, val_length=672
  Dataset info:
    - Frequency: H
    - Num series: 21
    - Target dim: 6
    - Series length: min=2208, max=5587, avg=3502.3
    - Test split: 672 steps
    - Prediction length: 336
    - Windows: 2
    - Season length: 24
    Total instances: 252, Series during experiment: 126, Windows: 2
    Collecting ground truth and context...
    Detected to_univariate case: 126 flat series -> 21 series x 6 variates
    Organizing data into arrays...
    Saved predictions (quantiles) to /scratch/users/h61084/codes/improved/outputs/results/seasonal_naive/current_velocity/H/long/predictions.npz
    Computing per-window metrics...
    Saved metrics to /scratch/users/h61084/codes/improved/outputs/results/seasonal_naive/current_velocity/H/long/metrics.npz
    Saved config to /scratch/users/h61084/codes/improved/outputs/results/seasonal_naive/current_velocity/H/long/config.json
    Metrics summary (averaged over all series/windows/variates):
      MSE: 21.2776
      MAE: 1.5568
      RMSE: 1.9698
      MAPE: 4106011602027.6118
      sMAPE: 0.6832
      MASE: 2.0084
      ND: 0.6258
      CRPS: 0.5746
  Completed: 21 series x 2 windows
  Output: /scratch/users/h61084/codes/improved/outputs/results/seasonal_naive

============================================================
All experiments completed!
Results saved to: /scratch/users/h61084/codes/improved/outputs/results/seasonal_naive
============================================================

############################################################
# All 1 dataset(s) completed!
############################################################

############################################################
# Dataset 1/1: CPHL/15T
############################################################
Loading configuration...

============================================================
Model: Seasonal Naive
Dataset: CPHL/15T
Terms: ['short', 'medium', 'long']
============================================================

--- Term: short ---
  Config: prediction_length=12, test_length=1440, val_length=1440
  Dataset info:
    - Frequency: 15T
    - Num series: 2
    - Target dim: 1
    - Series length: min=9956, max=10831, avg=10393.5
    - Test split: 1440 steps
    - Prediction length: 12
    - Windows: 120
    - Season length: 96
    Total instances: 240, Series during experiment: 2, Windows: 120
    Collecting ground truth and context...
    Organizing data into arrays...
    Saved predictions (quantiles) to /scratch/users/h61084/codes/improved/outputs/results/seasonal_naive/CPHL/15T/short/predictions.npz
    Computing per-window metrics...
    Saved metrics to /scratch/users/h61084/codes/improved/outputs/results/seasonal_naive/CPHL/15T/short/metrics.npz
    Saved config to /scratch/users/h61084/codes/improved/outputs/results/seasonal_naive/CPHL/15T/short/config.json
    Metrics summary (averaged over all series/windows/variates):
      MSE: 0.1717
      MAE: 0.2781
      RMSE: 0.3106
      MAPE: 0.4554
      sMAPE: 0.3768
      MASE: 1.3754
      ND: 0.4350
      CRPS: 0.3546
  Completed: 2 series x 120 windows
  Output: /scratch/users/h61084/codes/improved/outputs/results/seasonal_naive

--- Term: medium ---
  Config: prediction_length=96, test_length=1440, val_length=1440
  Dataset info:
    - Frequency: 15T
    - Num series: 2
    - Target dim: 1
    - Series length: min=9956, max=10831, avg=10393.5
    - Test split: 1440 steps
    - Prediction length: 96
    - Windows: 15
    - Season length: 96
    Total instances: 30, Series during experiment: 2, Windows: 15
    Collecting ground truth and context...
    Organizing data into arrays...
    Saved predictions (quantiles) to /scratch/users/h61084/codes/improved/outputs/results/seasonal_naive/CPHL/15T/medium/predictions.npz
    Computing per-window metrics...
    Saved metrics to /scratch/users/h61084/codes/improved/outputs/results/seasonal_naive/CPHL/15T/medium/metrics.npz
    Saved config to /scratch/users/h61084/codes/improved/outputs/results/seasonal_naive/CPHL/15T/medium/config.json
    Metrics summary (averaged over all series/windows/variates):
      MSE: 0.1727
      MAE: 0.2772
      RMSE: 0.3420
      MAPE: 0.4518
      sMAPE: 0.3746
      MASE: 1.3737
      ND: 0.3818
      CRPS: 0.3056
  Completed: 2 series x 15 windows
  Output: /scratch/users/h61084/codes/improved/outputs/results/seasonal_naive

--- Term: long ---
  Config: prediction_length=288, test_length=1440, val_length=1440
  Dataset info:
    - Frequency: 15T
    - Num series: 2
    - Target dim: 1
    - Series length: min=9956, max=10831, avg=10393.5
    - Test split: 1440 steps
    - Prediction length: 288
    - Windows: 5
    - Season length: 96
    Total instances: 10, Series during experiment: 2, Windows: 5
    Collecting ground truth and context...
    Organizing data into arrays...
    Saved predictions (quantiles) to /scratch/users/h61084/codes/improved/outputs/results/seasonal_naive/CPHL/15T/long/predictions.npz
    Computing per-window metrics...
    Saved metrics to /scratch/users/h61084/codes/improved/outputs/results/seasonal_naive/CPHL/15T/long/metrics.npz
    Saved config to /scratch/users/h61084/codes/improved/outputs/results/seasonal_naive/CPHL/15T/long/config.json
    Metrics summary (averaged over all series/windows/variates):
      MSE: 0.2328
      MAE: 0.3158
      RMSE: 0.3912
      MAPE: 0.5025
      sMAPE: 0.3914
      MASE: 1.5681
      ND: 0.4196
      CRPS: 0.3505
  Completed: 2 series x 5 windows
  Output: /scratch/users/h61084/codes/improved/outputs/results/seasonal_naive

============================================================
All experiments completed!
Results saved to: /scratch/users/h61084/codes/improved/outputs/results/seasonal_naive
============================================================

############################################################
# All 1 dataset(s) completed!
############################################################

############################################################
# Dataset 1/1: CPHL/30T
############################################################
Loading configuration...

============================================================
Model: Seasonal Naive
Dataset: CPHL/30T
Terms: ['short', 'medium', 'long']
============================================================

--- Term: short ---
  Config: prediction_length=12, test_length=1440, val_length=1440
  Dataset info:
    - Frequency: 30T
    - Num series: 2
    - Target dim: 1
    - Series length: min=11808, max=17566, avg=14687.0
    - Test split: 1440 steps
    - Prediction length: 12
    - Windows: 120
    - Season length: 48
    Total instances: 240, Series during experiment: 2, Windows: 120
    Collecting ground truth and context...
    Organizing data into arrays...
    Saved predictions (quantiles) to /scratch/users/h61084/codes/improved/outputs/results/seasonal_naive/CPHL/30T/short/predictions.npz
    Computing per-window metrics...
    Saved metrics to /scratch/users/h61084/codes/improved/outputs/results/seasonal_naive/CPHL/30T/short/metrics.npz
    Saved config to /scratch/users/h61084/codes/improved/outputs/results/seasonal_naive/CPHL/30T/short/config.json
    Metrics summary (averaged over all series/windows/variates):
      MSE: 1.2862
      MAE: 0.6545
      RMSE: 0.7910
      MAPE: 0.6011
      sMAPE: 0.4149
      MASE: 1.7408
      ND: 0.4426
      CRPS: 0.3622
  Completed: 2 series x 120 windows
  Output: /scratch/users/h61084/codes/improved/outputs/results/seasonal_naive

--- Term: medium ---
  Config: prediction_length=48, test_length=1440, val_length=1440
  Dataset info:
    - Frequency: 30T
    - Num series: 2
    - Target dim: 1
    - Series length: min=11808, max=17566, avg=14687.0
    - Test split: 1440 steps
    - Prediction length: 48
    - Windows: 30
    - Season length: 48
    Total instances: 60, Series during experiment: 2, Windows: 30
    Collecting ground truth and context...
    Organizing data into arrays...
    Saved predictions (quantiles) to /scratch/users/h61084/codes/improved/outputs/results/seasonal_naive/CPHL/30T/medium/predictions.npz
    Computing per-window metrics...
    Saved metrics to /scratch/users/h61084/codes/improved/outputs/results/seasonal_naive/CPHL/30T/medium/metrics.npz
    Saved config to /scratch/users/h61084/codes/improved/outputs/results/seasonal_naive/CPHL/30T/medium/config.json
    Metrics summary (averaged over all series/windows/variates):
      MSE: 1.2161
      MAE: 0.6386
      RMSE: 0.7945
      MAPE: 0.5954
      sMAPE: 0.4041
      MASE: 1.7030
      ND: 0.4192
      CRPS: 0.3448
  Completed: 2 series x 30 windows
  Output: /scratch/users/h61084/codes/improved/outputs/results/seasonal_naive

--- Term: long ---
  Config: prediction_length=144, test_length=1440, val_length=1440
  Dataset info:
    - Frequency: 30T
    - Num series: 2
    - Target dim: 1
    - Series length: min=11808, max=17566, avg=14687.0
    - Test split: 1440 steps
    - Prediction length: 144
    - Windows: 10
    - Season length: 48
    Total instances: 20, Series during experiment: 2, Windows: 10
    Collecting ground truth and context...
    Organizing data into arrays...
    Saved predictions (quantiles) to /scratch/users/h61084/codes/improved/outputs/results/seasonal_naive/CPHL/30T/long/predictions.npz
    Computing per-window metrics...
    Saved metrics to /scratch/users/h61084/codes/improved/outputs/results/seasonal_naive/CPHL/30T/long/metrics.npz
    Saved config to /scratch/users/h61084/codes/improved/outputs/results/seasonal_naive/CPHL/30T/long/config.json
    Metrics summary (averaged over all series/windows/variates):
      MSE: 1.4838
      MAE: 0.7292
      RMSE: 0.8867
      MAPE: 0.7878
      sMAPE: 0.4956
      MASE: 2.0279
      ND: 0.4705
      CRPS: 0.3792
  Completed: 2 series x 10 windows
  Output: /scratch/users/h61084/codes/improved/outputs/results/seasonal_naive

============================================================
All experiments completed!
Results saved to: /scratch/users/h61084/codes/improved/outputs/results/seasonal_naive
============================================================

############################################################
# All 1 dataset(s) completed!
############################################################

############################################################
# Dataset 1/1: CPHL/H
############################################################
Loading configuration...

============================================================
Model: Seasonal Naive
Dataset: CPHL/H
Terms: ['short', 'medium', 'long']
============================================================

--- Term: short ---
  Config: prediction_length=24, test_length=672, val_length=672
  Dataset info:
    - Frequency: H
    - Num series: 4
    - Target dim: 1
    - Series length: min=2490, max=8783, avg=4971.2
    - Test split: 672 steps
    - Prediction length: 24
    - Windows: 28
    - Season length: 24
    Total instances: 112, Series during experiment: 4, Windows: 28
    Collecting ground truth and context...
    Organizing data into arrays...
    Saved predictions (quantiles) to /scratch/users/h61084/codes/improved/outputs/results/seasonal_naive/CPHL/H/short/predictions.npz
    Computing per-window metrics...
    Saved metrics to /scratch/users/h61084/codes/improved/outputs/results/seasonal_naive/CPHL/H/short/metrics.npz
    Saved config to /scratch/users/h61084/codes/improved/outputs/results/seasonal_naive/CPHL/H/short/config.json
    Metrics summary (averaged over all series/windows/variates):
      MSE: 0.5841
      MAE: 0.4308
      RMSE: 0.5194
      MAPE: 0.4285
      sMAPE: 0.3638
      MASE: 1.5202
      ND: 0.3682
      CRPS: 0.2977
  Completed: 4 series x 28 windows
  Output: /scratch/users/h61084/codes/improved/outputs/results/seasonal_naive

--- Term: medium ---
  Config: prediction_length=168, test_length=672, val_length=672
  Dataset info:
    - Frequency: H
    - Num series: 4
    - Target dim: 1
    - Series length: min=2490, max=8783, avg=4971.2
    - Test split: 672 steps
    - Prediction length: 168
    - Windows: 4
    - Season length: 24
    Total instances: 16, Series during experiment: 4, Windows: 4
    Collecting ground truth and context...
    Organizing data into arrays...
    Saved predictions (quantiles) to /scratch/users/h61084/codes/improved/outputs/results/seasonal_naive/CPHL/H/medium/predictions.npz
    Computing per-window metrics...
    Saved metrics to /scratch/users/h61084/codes/improved/outputs/results/seasonal_naive/CPHL/H/medium/metrics.npz
    Saved config to /scratch/users/h61084/codes/improved/outputs/results/seasonal_naive/CPHL/H/medium/config.json
    Metrics summary (averaged over all series/windows/variates):
      MSE: 0.7088
      MAE: 0.5258
      RMSE: 0.6510
      MAPE: 0.5883
      sMAPE: 0.4922
      MASE: 2.1462
      ND: 0.4939
      CRPS: 0.3947
  Completed: 4 series x 4 windows
  Output: /scratch/users/h61084/codes/improved/outputs/results/seasonal_naive

--- Term: long ---
  Config: prediction_length=336, test_length=672, val_length=672
  Dataset info:
    - Frequency: H
    - Num series: 4
    - Target dim: 1
    - Series length: min=2490, max=8783, avg=4971.2
    - Test split: 672 steps
    - Prediction length: 336
    - Windows: 2
    - Season length: 24
    Total instances: 8, Series during experiment: 4, Windows: 2
    Collecting ground truth and context...
    Organizing data into arrays...
    Saved predictions (quantiles) to /scratch/users/h61084/codes/improved/outputs/results/seasonal_naive/CPHL/H/long/predictions.npz
    Computing per-window metrics...
    Saved metrics to /scratch/users/h61084/codes/improved/outputs/results/seasonal_naive/CPHL/H/long/metrics.npz
    Saved config to /scratch/users/h61084/codes/improved/outputs/results/seasonal_naive/CPHL/H/long/config.json
    Metrics summary (averaged over all series/windows/variates):
      MSE: 0.7891
      MAE: 0.5430
      RMSE: 0.6940
      MAPE: 0.5720
      sMAPE: 0.5161
      MASE: 2.3039
      ND: 0.5029
      CRPS: 0.4282
  Completed: 4 series x 2 windows
  Output: /scratch/users/h61084/codes/improved/outputs/results/seasonal_naive

============================================================
All experiments completed!
Results saved to: /scratch/users/h61084/codes/improved/outputs/results/seasonal_naive
============================================================

############################################################
# All 1 dataset(s) completed!
############################################################

############################################################
# Dataset 1/1: Coastal_T_S/5T
############################################################
Loading configuration...

============================================================
Model: Seasonal Naive
Dataset: Coastal_T_S/5T
Terms: ['short', 'medium', 'long']
============================================================

--- Term: short ---
  Config: prediction_length=36, test_length=4320, val_length=4320
  Dataset info:
    - Frequency: 5T
    - Num series: 18
    - Target dim: 3
    - Series length: min=44614, max=105408, avg=68604.9
    - Test split: 4320 steps
    - Prediction length: 36
    - Windows: 120
    - Season length: 288
    Total instances: 6480, Series during experiment: 54, Windows: 120
    Collecting ground truth and context...
    Detected to_univariate case: 54 flat series -> 18 series x 3 variates
    Organizing data into arrays...
    Saved predictions (quantiles) to /scratch/users/h61084/codes/improved/outputs/results/seasonal_naive/Coastal_T_S/5T/short/predictions.npz
    Computing per-window metrics...
    Saved metrics to /scratch/users/h61084/codes/improved/outputs/results/seasonal_naive/Coastal_T_S/5T/short/metrics.npz
    Saved config to /scratch/users/h61084/codes/improved/outputs/results/seasonal_naive/Coastal_T_S/5T/short/config.json
    Metrics summary (averaged over all series/windows/variates):
      MSE: 223.9826
      MAE: 3.4682
      RMSE: 4.4918
      MAPE: 0.1147
      sMAPE: 0.0813
      MASE: 1.2752
      ND: 0.0804
      CRPS: 0.0828
  Completed: 18 series x 120 windows
  Output: /scratch/users/h61084/codes/improved/outputs/results/seasonal_naive

--- Term: medium ---
  Config: prediction_length=288, test_length=4320, val_length=4320
  Dataset info:
    - Frequency: 5T
    - Num series: 18
    - Target dim: 3
    - Series length: min=44614, max=105408, avg=68604.9
    - Test split: 4320 steps
    - Prediction length: 288
    - Windows: 15
    - Season length: 288
    Total instances: 810, Series during experiment: 54, Windows: 15
    Collecting ground truth and context...
    Detected to_univariate case: 54 flat series -> 18 series x 3 variates
    Organizing data into arrays...
    Saved predictions (quantiles) to /scratch/users/h61084/codes/improved/outputs/results/seasonal_naive/Coastal_T_S/5T/medium/predictions.npz
    Computing per-window metrics...
    Saved metrics to /scratch/users/h61084/codes/improved/outputs/results/seasonal_naive/Coastal_T_S/5T/medium/metrics.npz
    Saved config to /scratch/users/h61084/codes/improved/outputs/results/seasonal_naive/Coastal_T_S/5T/medium/config.json
    Metrics summary (averaged over all series/windows/variates):
      MSE: 222.0153
      MAE: 3.3965
      RMSE: 4.5041
      MAPE: 0.1134
      sMAPE: 0.0797
      MASE: 1.2745
      ND: 0.0788
      CRPS: 0.0823
  Completed: 18 series x 15 windows
  Output: /scratch/users/h61084/codes/improved/outputs/results/seasonal_naive

--- Term: long ---
  Config: prediction_length=864, test_length=4320, val_length=4320
  Dataset info:
    - Frequency: 5T
    - Num series: 18
    - Target dim: 3
    - Series length: min=44614, max=105408, avg=68604.9
    - Test split: 4320 steps
    - Prediction length: 864
    - Windows: 5
    - Season length: 288
    Total instances: 270, Series during experiment: 54, Windows: 5
    Collecting ground truth and context...
    Detected to_univariate case: 54 flat series -> 18 series x 3 variates
    Organizing data into arrays...
    Saved predictions (quantiles) to /scratch/users/h61084/codes/improved/outputs/results/seasonal_naive/Coastal_T_S/5T/long/predictions.npz
    Computing per-window metrics...
    Saved metrics to /scratch/users/h61084/codes/improved/outputs/results/seasonal_naive/Coastal_T_S/5T/long/metrics.npz
    Saved config to /scratch/users/h61084/codes/improved/outputs/results/seasonal_naive/Coastal_T_S/5T/long/config.json
    Metrics summary (averaged over all series/windows/variates):
      MSE: 232.9889
      MAE: 3.7614
      RMSE: 4.8676
      MAPE: 0.1206
      sMAPE: 0.0880
      MASE: 1.5514
      ND: 0.0873
      CRPS: 0.0928
  Completed: 18 series x 5 windows
  Output: /scratch/users/h61084/codes/improved/outputs/results/seasonal_naive

============================================================
All experiments completed!
Results saved to: /scratch/users/h61084/codes/improved/outputs/results/seasonal_naive
============================================================

############################################################
# All 1 dataset(s) completed!
############################################################

############################################################
# Dataset 1/1: Coastal_T_S/15T
############################################################
Loading configuration...

============================================================
Model: Seasonal Naive
Dataset: Coastal_T_S/15T
Terms: ['short', 'medium', 'long']
============================================================

--- Term: short ---
  Config: prediction_length=12, test_length=1440, val_length=1440
  Dataset info:
    - Frequency: 15T
    - Num series: 5
    - Target dim: 3
    - Series length: min=16686, max=23134, avg=20870.2
    - Test split: 1440 steps
    - Prediction length: 12
    - Windows: 120
    - Season length: 96
    Total instances: 1800, Series during experiment: 15, Windows: 120
    Collecting ground truth and context...
    Detected to_univariate case: 15 flat series -> 5 series x 3 variates
    Organizing data into arrays...
    Saved predictions (quantiles) to /scratch/users/h61084/codes/improved/outputs/results/seasonal_naive/Coastal_T_S/15T/short/predictions.npz
    Computing per-window metrics...
    Saved metrics to /scratch/users/h61084/codes/improved/outputs/results/seasonal_naive/Coastal_T_S/15T/short/metrics.npz
    Saved config to /scratch/users/h61084/codes/improved/outputs/results/seasonal_naive/Coastal_T_S/15T/short/config.json
    Metrics summary (averaged over all series/windows/variates):
      MSE: 210.5264
      MAE: 5.0346
      RMSE: 6.6338
      MAPE: 0.1595
      sMAPE: 0.1255
      MASE: 1.4844
      ND: 0.1265
      CRPS: 0.1093
  Completed: 5 series x 120 windows
  Output: /scratch/users/h61084/codes/improved/outputs/results/seasonal_naive

--- Term: medium ---
  Config: prediction_length=96, test_length=1440, val_length=1440
  Dataset info:
    - Frequency: 15T
    - Num series: 5
    - Target dim: 3
    - Series length: min=16686, max=23134, avg=20870.2
    - Test split: 1440 steps
    - Prediction length: 96
    - Windows: 15
    - Season length: 96
    Total instances: 225, Series during experiment: 15, Windows: 15
    Collecting ground truth and context...
    Detected to_univariate case: 15 flat series -> 5 series x 3 variates
    Organizing data into arrays...
    Saved predictions (quantiles) to /scratch/users/h61084/codes/improved/outputs/results/seasonal_naive/Coastal_T_S/15T/medium/predictions.npz
    Computing per-window metrics...
    Saved metrics to /scratch/users/h61084/codes/improved/outputs/results/seasonal_naive/Coastal_T_S/15T/medium/metrics.npz
    Saved config to /scratch/users/h61084/codes/improved/outputs/results/seasonal_naive/Coastal_T_S/15T/medium/config.json
    Metrics summary (averaged over all series/windows/variates):
      MSE: 205.7104
      MAE: 4.9686
      RMSE: 6.6542
      MAPE: 0.1582
      sMAPE: 0.1232
      MASE: 1.4799
      ND: 0.1223
      CRPS: 0.1064
  Completed: 5 series x 15 windows
  Output: /scratch/users/h61084/codes/improved/outputs/results/seasonal_naive

--- Term: long ---
  Config: prediction_length=288, test_length=1440, val_length=1440
  Dataset info:
    - Frequency: 15T
    - Num series: 5
    - Target dim: 3
    - Series length: min=16686, max=23134, avg=20870.2
    - Test split: 1440 steps
    - Prediction length: 288
    - Windows: 5
    - Season length: 96
    Total instances: 75, Series during experiment: 15, Windows: 5
    Collecting ground truth and context...
    Detected to_univariate case: 15 flat series -> 5 series x 3 variates
    Organizing data into arrays...
    Saved predictions (quantiles) to /scratch/users/h61084/codes/improved/outputs/results/seasonal_naive/Coastal_T_S/15T/long/predictions.npz
    Computing per-window metrics...
    Saved metrics to /scratch/users/h61084/codes/improved/outputs/results/seasonal_naive/Coastal_T_S/15T/long/metrics.npz
    Saved config to /scratch/users/h61084/codes/improved/outputs/results/seasonal_naive/Coastal_T_S/15T/long/config.json
    Metrics summary (averaged over all series/windows/variates):
      MSE: 215.6745
      MAE: 5.1518
      RMSE: 6.8247
      MAPE: 0.1608
      sMAPE: 0.1285
      MASE: 1.6315
      ND: 0.1272
      CRPS: 0.1096
  Completed: 5 series x 5 windows
  Output: /scratch/users/h61084/codes/improved/outputs/results/seasonal_naive

============================================================
All experiments completed!
Results saved to: /scratch/users/h61084/codes/improved/outputs/results/seasonal_naive
============================================================

############################################################
# All 1 dataset(s) completed!
############################################################

############################################################
# Dataset 1/1: Coastal_T_S/20T
############################################################
Loading configuration...

============================================================
Model: Seasonal Naive
Dataset: Coastal_T_S/20T
Terms: ['short', 'medium', 'long']
============================================================

--- Term: short ---
  Config: prediction_length=9, test_length=1080, val_length=1080
  Dataset info:
    - Frequency: 20T
    - Num series: 1
    - Target dim: 3
    - Series length: min=8198, max=8198, avg=8198.0
    - Test split: 1080 steps
    - Prediction length: 9
    - Windows: 120
    - Season length: 72
    Total instances: 360, Series during experiment: 3, Windows: 120
    Collecting ground truth and context...
    Detected to_univariate case: 3 flat series -> 1 series x 3 variates
    Organizing data into arrays...
    Saved predictions (quantiles) to /scratch/users/h61084/codes/improved/outputs/results/seasonal_naive/Coastal_T_S/20T/short/predictions.npz
    Computing per-window metrics...
    Saved metrics to /scratch/users/h61084/codes/improved/outputs/results/seasonal_naive/Coastal_T_S/20T/short/metrics.npz
    Saved config to /scratch/users/h61084/codes/improved/outputs/results/seasonal_naive/Coastal_T_S/20T/short/config.json
    Metrics summary (averaged over all series/windows/variates):
      MSE: 0.0508
      MAE: 0.1670
      RMSE: 0.1763
      MAPE: 0.0068
      sMAPE: 0.0068
      MASE: 1.2779
      ND: 0.0068
      CRPS: 0.0055
  Completed: 1 series x 120 windows
  Output: /scratch/users/h61084/codes/improved/outputs/results/seasonal_naive

--- Term: medium ---
  Config: prediction_length=72, test_length=1080, val_length=1080
  Dataset info:
    - Frequency: 20T
    - Num series: 1
    - Target dim: 3
    - Series length: min=8198, max=8198, avg=8198.0
    - Test split: 1080 steps
    - Prediction length: 72
    - Windows: 15
    - Season length: 72
    Total instances: 45, Series during experiment: 3, Windows: 15
    Collecting ground truth and context...
    Detected to_univariate case: 3 flat series -> 1 series x 3 variates
    Organizing data into arrays...
    Saved predictions (quantiles) to /scratch/users/h61084/codes/improved/outputs/results/seasonal_naive/Coastal_T_S/20T/medium/predictions.npz
    Computing per-window metrics...
    Saved metrics to /scratch/users/h61084/codes/improved/outputs/results/seasonal_naive/Coastal_T_S/20T/medium/metrics.npz
    Saved config to /scratch/users/h61084/codes/improved/outputs/results/seasonal_naive/Coastal_T_S/20T/medium/config.json
    Metrics summary (averaged over all series/windows/variates):
      MSE: 0.0519
      MAE: 0.1683
      RMSE: 0.1986
      MAPE: 0.0069
      sMAPE: 0.0069
      MASE: 1.2980
      ND: 0.0068
      CRPS: 0.0055
  Completed: 1 series x 15 windows
  Output: /scratch/users/h61084/codes/improved/outputs/results/seasonal_naive

--- Term: long ---
  Config: prediction_length=216, test_length=1080, val_length=1080
  Dataset info:
    - Frequency: 20T
    - Num series: 1
    - Target dim: 3
    - Series length: min=8198, max=8198, avg=8198.0
    - Test split: 1080 steps
    - Prediction length: 216
    - Windows: 5
    - Season length: 72
    Total instances: 15, Series during experiment: 3, Windows: 5
    Collecting ground truth and context...
    Detected to_univariate case: 3 flat series -> 1 series x 3 variates
    Organizing data into arrays...
    Saved predictions (quantiles) to /scratch/users/h61084/codes/improved/outputs/results/seasonal_naive/Coastal_T_S/20T/long/predictions.npz
    Computing per-window metrics...
    Saved metrics to /scratch/users/h61084/codes/improved/outputs/results/seasonal_naive/Coastal_T_S/20T/long/metrics.npz
    Saved config to /scratch/users/h61084/codes/improved/outputs/results/seasonal_naive/Coastal_T_S/20T/long/config.json
    Metrics summary (averaged over all series/windows/variates):
      MSE: 0.1173
      MAE: 0.2406
      RMSE: 0.3035
      MAPE: 0.0101
      sMAPE: 0.0101
      MASE: 1.8152
      ND: 0.0101
      CRPS: 0.0082
  Completed: 1 series x 5 windows
  Output: /scratch/users/h61084/codes/improved/outputs/results/seasonal_naive

============================================================
All experiments completed!
Results saved to: /scratch/users/h61084/codes/improved/outputs/results/seasonal_naive
============================================================

############################################################
# All 1 dataset(s) completed!
############################################################

############################################################
# Dataset 1/1: Coastal_T_S/H
############################################################
Loading configuration...

============================================================
Model: Seasonal Naive
Dataset: Coastal_T_S/H
Terms: ['short', 'medium', 'long']
============================================================

--- Term: short ---
  Config: prediction_length=24, test_length=672, val_length=672
  Dataset info:
    - Frequency: H
    - Num series: 24
    - Target dim: 3
    - Series length: min=2733, max=8784, avg=5488.8
    - Test split: 672 steps
    - Prediction length: 24
    - Windows: 28
    - Season length: 24
    Total instances: 2016, Series during experiment: 72, Windows: 28
    Collecting ground truth and context...
    Detected to_univariate case: 72 flat series -> 24 series x 3 variates
    Organizing data into arrays...
    Saved predictions (quantiles) to /scratch/users/h61084/codes/improved/outputs/results/seasonal_naive/Coastal_T_S/H/short/predictions.npz
    Computing per-window metrics...
    Saved metrics to /scratch/users/h61084/codes/improved/outputs/results/seasonal_naive/Coastal_T_S/H/short/metrics.npz
    Saved config to /scratch/users/h61084/codes/improved/outputs/results/seasonal_naive/Coastal_T_S/H/short/config.json
    Metrics summary (averaged over all series/windows/variates):
      MSE: 27.7461
      MAE: 1.5508
      RMSE: 1.9043
      MAPE: 0.0402
      sMAPE: 0.0385
      MASE: 1.2387
      ND: 0.0381
      CRPS: 0.0355
  Completed: 24 series x 28 windows
  Output: /scratch/users/h61084/codes/improved/outputs/results/seasonal_naive

--- Term: medium ---
  Config: prediction_length=168, test_length=672, val_length=672
  Dataset info:
    - Frequency: H
    - Num series: 24
    - Target dim: 3
    - Series length: min=2733, max=8784, avg=5488.8
    - Test split: 672 steps
    - Prediction length: 168
    - Windows: 4
    - Season length: 24
    Total instances: 288, Series during experiment: 72, Windows: 4
    Collecting ground truth and context...
    Detected to_univariate case: 72 flat series -> 24 series x 3 variates
    Organizing data into arrays...
    Saved predictions (quantiles) to /scratch/users/h61084/codes/improved/outputs/results/seasonal_naive/Coastal_T_S/H/medium/predictions.npz
    Computing per-window metrics...
    Saved metrics to /scratch/users/h61084/codes/improved/outputs/results/seasonal_naive/Coastal_T_S/H/medium/metrics.npz
    Saved config to /scratch/users/h61084/codes/improved/outputs/results/seasonal_naive/Coastal_T_S/H/medium/config.json
    Metrics summary (averaged over all series/windows/variates):
      MSE: 38.3717
      MAE: 2.0169
      RMSE: 2.4697
      MAPE: 0.0568
      sMAPE: 0.0515
      MASE: 2.1014
      ND: 0.0541
      CRPS: 0.0525
  Completed: 24 series x 4 windows
  Output: /scratch/users/h61084/codes/improved/outputs/results/seasonal_naive

--- Term: long ---
  Config: prediction_length=336, test_length=672, val_length=672
  Dataset info:
    - Frequency: H
    - Num series: 24
    - Target dim: 3
    - Series length: min=2733, max=8784, avg=5488.8
    - Test split: 672 steps
    - Prediction length: 336
    - Windows: 2
    - Season length: 24
    Total instances: 144, Series during experiment: 72, Windows: 2
    Collecting ground truth and context...
    Detected to_univariate case: 72 flat series -> 24 series x 3 variates
    Organizing data into arrays...
    Saved predictions (quantiles) to /scratch/users/h61084/codes/improved/outputs/results/seasonal_naive/Coastal_T_S/H/long/predictions.npz
    Computing per-window metrics...
    Saved metrics to /scratch/users/h61084/codes/improved/outputs/results/seasonal_naive/Coastal_T_S/H/long/metrics.npz
    Saved config to /scratch/users/h61084/codes/improved/outputs/results/seasonal_naive/Coastal_T_S/H/long/config.json
    Metrics summary (averaged over all series/windows/variates):
      MSE: 36.6225
      MAE: 1.9809
      RMSE: 2.4898
      MAPE: 0.0584
      sMAPE: 0.0542
      MASE: 2.6750
      ND: 0.0539
      CRPS: 0.0610
  Completed: 24 series x 2 windows
  Output: /scratch/users/h61084/codes/improved/outputs/results/seasonal_naive

============================================================
All experiments completed!
Results saved to: /scratch/users/h61084/codes/improved/outputs/results/seasonal_naive
============================================================

############################################################
# All 1 dataset(s) completed!
############################################################

############################################################
# Dataset 1/1: SG_Weather/D
############################################################
Loading configuration...

============================================================
Model: Seasonal Naive
Dataset: SG_Weather/D
Terms: ['short', 'medium', 'long']
============================================================

--- Term: short ---
  Config: prediction_length=3, test_length=366, val_length=366
  Dataset info:
    - Frequency: D
    - Num series: 6
    - Target dim: 4
    - Series length: min=2953, max=2953, avg=2953.0
    - Test split: 366 steps
    - Prediction length: 3
    - Windows: 122
    - Season length: 1
    Total instances: 2928, Series during experiment: 24, Windows: 122
    Collecting ground truth and context...
    Detected to_univariate case: 24 flat series -> 6 series x 4 variates
    Organizing data into arrays...
    Saved predictions (quantiles) to /scratch/users/h61084/codes/improved/outputs/results/seasonal_naive/SG_Weather/D/short/predictions.npz
    Computing per-window metrics...
    Saved metrics to /scratch/users/h61084/codes/improved/outputs/results/seasonal_naive/SG_Weather/D/short/metrics.npz
    Saved config to /scratch/users/h61084/codes/improved/outputs/results/seasonal_naive/SG_Weather/D/short/config.json
    Metrics summary (averaged over all series/windows/variates):
      MSE: 3728.8068
      MAE: 22.5169
      RMSE: 25.9375
      MAPE: 0.5297
      sMAPE: 0.2866
      MASE: 1.0903
      ND: 0.3273
      CRPS: 0.2983
  Completed: 6 series x 122 windows
  Output: /scratch/users/h61084/codes/improved/outputs/results/seasonal_naive

--- Term: medium ---
  Config: prediction_length=7, test_length=366, val_length=366
  Dataset info:
    - Frequency: D
    - Num series: 6
    - Target dim: 4
    - Series length: min=2953, max=2953, avg=2953.0
    - Test split: 366 steps
    - Prediction length: 7
    - Windows: 52
    - Season length: 1
    Total instances: 1248, Series during experiment: 24, Windows: 52
    Collecting ground truth and context...
    Detected to_univariate case: 24 flat series -> 6 series x 4 variates
    Organizing data into arrays...
    Saved predictions (quantiles) to /scratch/users/h61084/codes/improved/outputs/results/seasonal_naive/SG_Weather/D/medium/predictions.npz
    Computing per-window metrics...
    Saved metrics to /scratch/users/h61084/codes/improved/outputs/results/seasonal_naive/SG_Weather/D/medium/metrics.npz
    Saved config to /scratch/users/h61084/codes/improved/outputs/results/seasonal_naive/SG_Weather/D/medium/config.json
    Metrics summary (averaged over all series/windows/variates):
      MSE: 4226.5513
      MAE: 25.3889
      RMSE: 30.0009
      MAPE: 0.5862
      sMAPE: 0.3139
      MASE: 1.2086
      ND: 0.3417
      CRPS: 0.3196
  Completed: 6 series x 52 windows
  Output: /scratch/users/h61084/codes/improved/outputs/results/seasonal_naive

--- Term: long ---
  Config: prediction_length=14, test_length=366, val_length=366
  Dataset info:
    - Frequency: D
    - Num series: 6
    - Target dim: 4
    - Series length: min=2953, max=2953, avg=2953.0
    - Test split: 366 steps
    - Prediction length: 14
    - Windows: 26
    - Season length: 1
    Total instances: 624, Series during experiment: 24, Windows: 26
    Collecting ground truth and context...
    Detected to_univariate case: 24 flat series -> 6 series x 4 variates
    Organizing data into arrays...
    Saved predictions (quantiles) to /scratch/users/h61084/codes/improved/outputs/results/seasonal_naive/SG_Weather/D/long/predictions.npz
    Computing per-window metrics...
    Saved metrics to /scratch/users/h61084/codes/improved/outputs/results/seasonal_naive/SG_Weather/D/long/metrics.npz
    Saved config to /scratch/users/h61084/codes/improved/outputs/results/seasonal_naive/SG_Weather/D/long/config.json
    Metrics summary (averaged over all series/windows/variates):
      MSE: 4022.0721
      MAE: 25.2405
      RMSE: 30.4760
      MAPE: 0.5861
      sMAPE: 0.3206
      MASE: 1.2526
      ND: 0.3287
      CRPS: 0.3473
  Completed: 6 series x 26 windows
  Output: /scratch/users/h61084/codes/improved/outputs/results/seasonal_naive

============================================================
All experiments completed!
Results saved to: /scratch/users/h61084/codes/improved/outputs/results/seasonal_naive
============================================================

############################################################
# All 1 dataset(s) completed!
############################################################

############################################################
# Dataset 1/1: SG_PM25/H
############################################################
Loading configuration...

============================================================
Model: Seasonal Naive
Dataset: SG_PM25/H
Terms: ['short', 'medium', 'long']
============================================================

--- Term: short ---
  Config: prediction_length=24, test_length=2208, val_length=2160
  Dataset info:
    - Frequency: H
    - Num series: 1
    - Target dim: 5
    - Series length: min=38688, max=38688, avg=38688.0
    - Test split: 2208 steps
    - Prediction length: 24
    - Windows: 92
    - Season length: 24
    Total instances: 460, Series during experiment: 5, Windows: 92
    Collecting ground truth and context...
    Detected to_univariate case: 5 flat series -> 1 series x 5 variates
    Organizing data into arrays...
    Saved predictions (quantiles) to /scratch/users/h61084/codes/improved/outputs/results/seasonal_naive/SG_PM25/H/short/predictions.npz
    Computing per-window metrics...
    Saved metrics to /scratch/users/h61084/codes/improved/outputs/results/seasonal_naive/SG_PM25/H/short/metrics.npz
    Saved config to /scratch/users/h61084/codes/improved/outputs/results/seasonal_naive/SG_PM25/H/short/config.json
    Metrics summary (averaged over all series/windows/variates):
      MSE: 71.5655
      MAE: 6.2295
      RMSE: 7.7601
      MAPE: 0.6795
      sMAPE: 0.5160
      MASE: 1.1788
      ND: 0.5387
      CRPS: 0.4308
  Completed: 1 series x 92 windows
  Output: /scratch/users/h61084/codes/improved/outputs/results/seasonal_naive

--- Term: medium ---
  Config: prediction_length=72, test_length=2208, val_length=2160
  Dataset info:
    - Frequency: H
    - Num series: 1
    - Target dim: 5
    - Series length: min=38688, max=38688, avg=38688.0
    - Test split: 2208 steps
    - Prediction length: 72
    - Windows: 30
    - Season length: 24
    Total instances: 150, Series during experiment: 5, Windows: 30
    Collecting ground truth and context...
    Detected to_univariate case: 5 flat series -> 1 series x 5 variates
    Organizing data into arrays...
    Saved predictions (quantiles) to /scratch/users/h61084/codes/improved/outputs/results/seasonal_naive/SG_PM25/H/medium/predictions.npz
    Computing per-window metrics...
    Saved metrics to /scratch/users/h61084/codes/improved/outputs/results/seasonal_naive/SG_PM25/H/medium/metrics.npz
    Saved config to /scratch/users/h61084/codes/improved/outputs/results/seasonal_naive/SG_PM25/H/medium/config.json
    Metrics summary (averaged over all series/windows/variates):
      MSE: 72.7752
      MAE: 6.3362
      RMSE: 8.0339
      MAPE: 0.6892
      sMAPE: 0.5251
      MASE: 1.1977
      ND: 0.5311
      CRPS: 0.4390
  Completed: 1 series x 30 windows
  Output: /scratch/users/h61084/codes/improved/outputs/results/seasonal_naive

--- Term: long ---
  Config: prediction_length=168, test_length=2208, val_length=2160
  Dataset info:
    - Frequency: H
    - Num series: 1
    - Target dim: 5
    - Series length: min=38688, max=38688, avg=38688.0
    - Test split: 2208 steps
    - Prediction length: 168
    - Windows: 13
    - Season length: 24
    Total instances: 65, Series during experiment: 5, Windows: 13
    Collecting ground truth and context...
    Detected to_univariate case: 5 flat series -> 1 series x 5 variates
    Organizing data into arrays...
    Saved predictions (quantiles) to /scratch/users/h61084/codes/improved/outputs/results/seasonal_naive/SG_PM25/H/long/predictions.npz
    Computing per-window metrics...
    Saved metrics to /scratch/users/h61084/codes/improved/outputs/results/seasonal_naive/SG_PM25/H/long/metrics.npz
    Saved config to /scratch/users/h61084/codes/improved/outputs/results/seasonal_naive/SG_PM25/H/long/config.json
    Metrics summary (averaged over all series/windows/variates):
      MSE: 84.5113
      MAE: 6.9728
      RMSE: 8.8822
      MAPE: 0.7910
      sMAPE: 0.5646
      MASE: 1.3165
      ND: 0.5848
      CRPS: 0.5068
  Completed: 1 series x 13 windows
  Output: /scratch/users/h61084/codes/improved/outputs/results/seasonal_naive

============================================================
All experiments completed!
Results saved to: /scratch/users/h61084/codes/improved/outputs/results/seasonal_naive
============================================================

############################################################
# All 1 dataset(s) completed!
############################################################

############################################################
# Dataset 1/1: NE_China_Wind/H
############################################################
Loading configuration...

============================================================
Model: Seasonal Naive
Dataset: NE_China_Wind/H
Terms: ['short', 'medium', 'long']
============================================================

--- Term: short ---
  Config: prediction_length=24, test_length=720, val_length=720
  Dataset info:
    - Frequency: H
    - Num series: 1
    - Target dim: 4
    - Series length: min=8764, max=8764, avg=8764.0
    - Test split: 720 steps
    - Prediction length: 24
    - Windows: 30
    - Season length: 24
    Total instances: 120, Series during experiment: 4, Windows: 30
    Collecting ground truth and context...
    Detected to_univariate case: 4 flat series -> 1 series x 4 variates
    Organizing data into arrays...
    Saved predictions (quantiles) to /scratch/users/h61084/codes/improved/outputs/results/seasonal_naive/NE_China_Wind/H/short/predictions.npz
    Computing per-window metrics...
    Saved metrics to /scratch/users/h61084/codes/improved/outputs/results/seasonal_naive/NE_China_Wind/H/short/metrics.npz
    Saved config to /scratch/users/h61084/codes/improved/outputs/results/seasonal_naive/NE_China_Wind/H/short/config.json
    Metrics summary (averaged over all series/windows/variates):
      MSE: 0.2642
      MAE: 0.3589
      RMSE: 0.4029
      MAPE: 1.6566
      sMAPE: 0.6470
      MASE: 0.8356
      ND: 0.7738
      CRPS: 0.6389
  Completed: 1 series x 30 windows
  Output: /scratch/users/h61084/codes/improved/outputs/results/seasonal_naive

--- Term: medium ---
  Config: prediction_length=72, test_length=720, val_length=720
  Dataset info:
    - Frequency: H
    - Num series: 1
    - Target dim: 4
    - Series length: min=8764, max=8764, avg=8764.0
    - Test split: 720 steps
    - Prediction length: 72
    - Windows: 10
    - Season length: 24
    Total instances: 40, Series during experiment: 4, Windows: 10
    Collecting ground truth and context...
    Detected to_univariate case: 4 flat series -> 1 series x 4 variates
    Organizing data into arrays...
    Saved predictions (quantiles) to /scratch/users/h61084/codes/improved/outputs/results/seasonal_naive/NE_China_Wind/H/medium/predictions.npz
    Computing per-window metrics...
    Saved metrics to /scratch/users/h61084/codes/improved/outputs/results/seasonal_naive/NE_China_Wind/H/medium/metrics.npz
    Saved config to /scratch/users/h61084/codes/improved/outputs/results/seasonal_naive/NE_China_Wind/H/medium/config.json
    Metrics summary (averaged over all series/windows/variates):
      MSE: 0.4174
      MAE: 0.4655
      RMSE: 0.5325
      MAPE: 1.9841
      sMAPE: 0.7504
      MASE: 1.1112
      ND: 0.7588
      CRPS: 0.6626
  Completed: 1 series x 10 windows
  Output: /scratch/users/h61084/codes/improved/outputs/results/seasonal_naive

--- Term: long ---
  Config: prediction_length=168, test_length=720, val_length=720
  Dataset info:
    - Frequency: H
    - Num series: 1
    - Target dim: 4
    - Series length: min=8764, max=8764, avg=8764.0
    - Test split: 720 steps
    - Prediction length: 168
    - Windows: 4
    - Season length: 24
    Total instances: 16, Series during experiment: 4, Windows: 4
    Collecting ground truth and context...
    Detected to_univariate case: 4 flat series -> 1 series x 4 variates
    Organizing data into arrays...
    Saved predictions (quantiles) to /scratch/users/h61084/codes/improved/outputs/results/seasonal_naive/NE_China_Wind/H/long/predictions.npz
    Computing per-window metrics...
    Saved metrics to /scratch/users/h61084/codes/improved/outputs/results/seasonal_naive/NE_China_Wind/H/long/metrics.npz
    Saved config to /scratch/users/h61084/codes/improved/outputs/results/seasonal_naive/NE_China_Wind/H/long/config.json
    Metrics summary (averaged over all series/windows/variates):
      MSE: 0.5346
      MAE: 0.5466
      RMSE: 0.6583
      MAPE: 1.8457
      sMAPE: 0.8340
      MASE: 1.4124
      ND: 0.7685
      CRPS: 0.6956
  Completed: 1 series x 4 windows
  Output: /scratch/users/h61084/codes/improved/outputs/results/seasonal_naive

============================================================
All experiments completed!
Results saved to: /scratch/users/h61084/codes/improved/outputs/results/seasonal_naive
============================================================

############################################################
# All 1 dataset(s) completed!
############################################################

############################################################
# Dataset 1/1: Australia_Solar/H
############################################################
Loading configuration...

============================================================
Model: Seasonal Naive
Dataset: Australia_Solar/H
Terms: ['short', 'medium', 'long']
============================================================

--- Term: short ---
  Config: prediction_length=24, test_length=2520, val_length=2520
  Dataset info:
    - Frequency: H
    - Num series: 1
    - Target dim: 3
    - Series length: min=35064, max=35064, avg=35064.0
    - Test split: 2520 steps
    - Prediction length: 24
    - Windows: 105
    - Season length: 24
    Total instances: 315, Series during experiment: 3, Windows: 105
    Collecting ground truth and context...
    Detected to_univariate case: 3 flat series -> 1 series x 3 variates
    Organizing data into arrays...
    ⚠️  Predictions max value (2247829.25) exceeds float16 safe range.
    ⚠️  Applying scale factor: 100 (values will be divided)
    Saved predictions (quantiles) to /scratch/users/h61084/codes/improved/outputs/results/seasonal_naive/Australia_Solar/H/short/predictions.npz
    Computing per-window metrics...
    Saved metrics to /scratch/users/h61084/codes/improved/outputs/results/seasonal_naive/Australia_Solar/H/short/metrics.npz
    Saved config to /scratch/users/h61084/codes/improved/outputs/results/seasonal_naive/Australia_Solar/H/short/config.json
    Metrics summary (averaged over all series/windows/variates):
      MSE: 39746279167.9119
      MAE: 99981.5991
      RMSE: 130695.3897
      MAPE: 1253.7527
      sMAPE: 0.6259
      MASE: 0.7076
      ND: 0.3587
      CRPS: 0.3167
  Completed: 1 series x 105 windows
  Output: /scratch/users/h61084/codes/improved/outputs/results/seasonal_naive

--- Term: medium ---
  Config: prediction_length=72, test_length=2520, val_length=2520
  Dataset info:
    - Frequency: H
    - Num series: 1
    - Target dim: 3
    - Series length: min=35064, max=35064, avg=35064.0
    - Test split: 2520 steps
    - Prediction length: 72
    - Windows: 35
    - Season length: 24
    Total instances: 105, Series during experiment: 3, Windows: 35
    Collecting ground truth and context...
    Detected to_univariate case: 3 flat series -> 1 series x 3 variates
    Organizing data into arrays...
    ⚠️  Predictions max value (2454677.75) exceeds float16 safe range.
    ⚠️  Applying scale factor: 100 (values will be divided)
    Saved predictions (quantiles) to /scratch/users/h61084/codes/improved/outputs/results/seasonal_naive/Australia_Solar/H/medium/predictions.npz
    Computing per-window metrics...
    Saved metrics to /scratch/users/h61084/codes/improved/outputs/results/seasonal_naive/Australia_Solar/H/medium/metrics.npz
    Saved config to /scratch/users/h61084/codes/improved/outputs/results/seasonal_naive/Australia_Solar/H/medium/config.json
    Metrics summary (averaged over all series/windows/variates):
      MSE: 42021060287.4138
      MAE: 106906.8170
      RMSE: 150288.6278
      MAPE: 1377.0705
      sMAPE: 0.6693
      MASE: 0.7654
      ND: 0.3364
      CRPS: 0.3042
  Completed: 1 series x 35 windows
  Output: /scratch/users/h61084/codes/improved/outputs/results/seasonal_naive

--- Term: long ---
  Config: prediction_length=168, test_length=2520, val_length=2520
  Dataset info:
    - Frequency: H
    - Num series: 1
    - Target dim: 3
    - Series length: min=35064, max=35064, avg=35064.0
    - Test split: 2520 steps
    - Prediction length: 168
    - Windows: 15
    - Season length: 24
    Total instances: 45, Series during experiment: 3, Windows: 15
    Collecting ground truth and context...
    Detected to_univariate case: 3 flat series -> 1 series x 3 variates
    Organizing data into arrays...
    ⚠️  Predictions max value (2491878.19) exceeds float16 safe range.
    ⚠️  Applying scale factor: 100 (values will be divided)
    Saved predictions (quantiles) to /scratch/users/h61084/codes/improved/outputs/results/seasonal_naive/Australia_Solar/H/long/predictions.npz
    Computing per-window metrics...
    Saved metrics to /scratch/users/h61084/codes/improved/outputs/results/seasonal_naive/Australia_Solar/H/long/metrics.npz
    Saved config to /scratch/users/h61084/codes/improved/outputs/results/seasonal_naive/Australia_Solar/H/long/config.json
    Metrics summary (averaged over all series/windows/variates):
      MSE: 31396666031.6761
      MAE: 96388.8353
      RMSE: 141026.2188
      MAPE: 709.9177
      sMAPE: 0.6654
      MASE: 0.7056
      ND: 0.3158
      CRPS: 0.3093
  Completed: 1 series x 15 windows
  Output: /scratch/users/h61084/codes/improved/outputs/results/seasonal_naive

============================================================
All experiments completed!
Results saved to: /scratch/users/h61084/codes/improved/outputs/results/seasonal_naive
============================================================

############################################################
# All 1 dataset(s) completed!
############################################################

############################################################
# Dataset 1/1: epf_electricity_price/H
############################################################
Loading configuration...

============================================================
Model: Seasonal Naive
Dataset: epf_electricity_price/H
Terms: ['short', 'medium', 'long']
============================================================

--- Term: short ---
  Config: prediction_length=24, test_length=2520, val_length=2520
  Dataset info:
    - Frequency: H
    - Num series: 5
    - Target dim: 1
    - Series length: min=52416, max=52416, avg=52416.0
    - Test split: 2520 steps
    - Prediction length: 24
    - Windows: 105
    - Season length: 24
    Total instances: 525, Series during experiment: 5, Windows: 105
    Collecting ground truth and context...
    Organizing data into arrays...
    Saved predictions (quantiles) to /scratch/users/h61084/codes/improved/outputs/results/seasonal_naive/epf_electricity_price/H/short/predictions.npz
    Computing per-window metrics...
    Saved metrics to /scratch/users/h61084/codes/improved/outputs/results/seasonal_naive/epf_electricity_price/H/short/metrics.npz
    Saved config to /scratch/users/h61084/codes/improved/outputs/results/seasonal_naive/epf_electricity_price/H/short/config.json
    Metrics summary (averaged over all series/windows/variates):
      MSE: 254.9599
      MAE: 9.2838
      RMSE: 11.4410
      MAPE: 1.6488
      sMAPE: 0.2334
      MASE: 1.4437
      ND: 0.2394
      CRPS: 0.1980
  Completed: 5 series x 105 windows
  Output: /scratch/users/h61084/codes/improved/outputs/results/seasonal_naive

--- Term: medium ---
  Config: prediction_length=72, test_length=2520, val_length=2520
  Dataset info:
    - Frequency: H
    - Num series: 5
    - Target dim: 1
    - Series length: min=52416, max=52416, avg=52416.0
    - Test split: 2520 steps
    - Prediction length: 72
    - Windows: 35
    - Season length: 24
    Total instances: 175, Series during experiment: 5, Windows: 35
    Collecting ground truth and context...
    Organizing data into arrays...
    Saved predictions (quantiles) to /scratch/users/h61084/codes/improved/outputs/results/seasonal_naive/epf_electricity_price/H/medium/predictions.npz
    Computing per-window metrics...
    Saved metrics to /scratch/users/h61084/codes/improved/outputs/results/seasonal_naive/epf_electricity_price/H/medium/metrics.npz
    Saved config to /scratch/users/h61084/codes/improved/outputs/results/seasonal_naive/epf_electricity_price/H/medium/config.json
    Metrics summary (averaged over all series/windows/variates):
      MSE: 441.6874
      MAE: 12.3084
      RMSE: 15.4118
      MAPE: 2.2327
      sMAPE: 0.2897
      MASE: 1.9090
      ND: 0.2958
      CRPS: 0.2454
  Completed: 5 series x 35 windows
  Output: /scratch/users/h61084/codes/improved/outputs/results/seasonal_naive

--- Term: long ---
  Config: prediction_length=168, test_length=2520, val_length=2520
  Dataset info:
    - Frequency: H
    - Num series: 5
    - Target dim: 1
    - Series length: min=52416, max=52416, avg=52416.0
    - Test split: 2520 steps
    - Prediction length: 168
    - Windows: 15
    - Season length: 24
    Total instances: 75, Series during experiment: 5, Windows: 15
    Collecting ground truth and context...
    Organizing data into arrays...
    Saved predictions (quantiles) to /scratch/users/h61084/codes/improved/outputs/results/seasonal_naive/epf_electricity_price/H/long/predictions.npz
    Computing per-window metrics...
    Saved metrics to /scratch/users/h61084/codes/improved/outputs/results/seasonal_naive/epf_electricity_price/H/long/metrics.npz
    Saved config to /scratch/users/h61084/codes/improved/outputs/results/seasonal_naive/epf_electricity_price/H/long/config.json
    Metrics summary (averaged over all series/windows/variates):
      MSE: 482.9790
      MAE: 13.1721
      RMSE: 17.1530
      MAPE: 1.8412
      sMAPE: 0.3269
      MASE: 2.0675
      ND: 0.3089
      CRPS: 0.2632
  Completed: 5 series x 15 windows
  Output: /scratch/users/h61084/codes/improved/outputs/results/seasonal_naive

============================================================
All experiments completed!
Results saved to: /scratch/users/h61084/codes/improved/outputs/results/seasonal_naive
============================================================

############################################################
# All 1 dataset(s) completed!
############################################################

############################################################
# Dataset 1/1: OpenElectricity_NEM/5T
############################################################
Loading configuration...

============================================================
Model: Seasonal Naive
Dataset: OpenElectricity_NEM/5T
Terms: ['short', 'medium', 'long']
============================================================

--- Term: short ---
  Config: prediction_length=24, test_length=4032, val_length=4032
  Dataset info:
    - Frequency: 5T
    - Num series: 1
    - Target dim: 10
    - Series length: min=43488, max=43488, avg=43488.0
    - Test split: 4032 steps
    - Prediction length: 24
    - Windows: 168
    - Season length: 288
    Total instances: 1680, Series during experiment: 10, Windows: 168
    Collecting ground truth and context...
    Detected to_univariate case: 10 flat series -> 1 series x 10 variates
    Organizing data into arrays...
    Saved predictions (quantiles) to /scratch/users/h61084/codes/improved/outputs/results/seasonal_naive/OpenElectricity_NEM/5T/short/predictions.npz
    Computing per-window metrics...
    Saved metrics to /scratch/users/h61084/codes/improved/outputs/results/seasonal_naive/OpenElectricity_NEM/5T/short/metrics.npz
    Saved config to /scratch/users/h61084/codes/improved/outputs/results/seasonal_naive/OpenElectricity_NEM/5T/short/config.json
    Metrics summary (averaged over all series/windows/variates):
      MSE: 142517.5009
      MAE: 177.3573
      RMSE: 186.9253
      MAPE: 7.1573
      sMAPE: 0.3504
      MASE: 1.0373
      ND: 0.4902
      CRPS: 0.4135
  Completed: 1 series x 168 windows
  Output: /scratch/users/h61084/codes/improved/outputs/results/seasonal_naive

--- Term: medium ---
  Config: prediction_length=96, test_length=4032, val_length=4032
  Dataset info:
    - Frequency: 5T
    - Num series: 1
    - Target dim: 10
    - Series length: min=43488, max=43488, avg=43488.0
    - Test split: 4032 steps
    - Prediction length: 96
    - Windows: 42
    - Season length: 288
    Total instances: 420, Series during experiment: 10, Windows: 42
    Collecting ground truth and context...
    Detected to_univariate case: 10 flat series -> 1 series x 10 variates
    Organizing data into arrays...
    Saved predictions (quantiles) to /scratch/users/h61084/codes/improved/outputs/results/seasonal_naive/OpenElectricity_NEM/5T/medium/predictions.npz
    Computing per-window metrics...
    Saved metrics to /scratch/users/h61084/codes/improved/outputs/results/seasonal_naive/OpenElectricity_NEM/5T/medium/metrics.npz
    Saved config to /scratch/users/h61084/codes/improved/outputs/results/seasonal_naive/OpenElectricity_NEM/5T/medium/config.json
    Metrics summary (averaged over all series/windows/variates):
      MSE: 141299.1050
      MAE: 180.5830
      RMSE: 208.0103
      MAPE: 7.4263
      sMAPE: 0.3559
      MASE: 1.0557
      ND: 0.4250
      CRPS: 0.3492
  Completed: 1 series x 42 windows
  Output: /scratch/users/h61084/codes/improved/outputs/results/seasonal_naive

--- Term: long ---
  Config: prediction_length=288, test_length=4032, val_length=4032
  Dataset info:
    - Frequency: 5T
    - Num series: 1
    - Target dim: 10
    - Series length: min=43488, max=43488, avg=43488.0
    - Test split: 4032 steps
    - Prediction length: 288
    - Windows: 14
    - Season length: 288
    Total instances: 140, Series during experiment: 10, Windows: 14
    Collecting ground truth and context...
    Detected to_univariate case: 10 flat series -> 1 series x 10 variates
    Organizing data into arrays...
    Saved predictions (quantiles) to /scratch/users/h61084/codes/improved/outputs/results/seasonal_naive/OpenElectricity_NEM/5T/long/predictions.npz
    Computing per-window metrics...
    Saved metrics to /scratch/users/h61084/codes/improved/outputs/results/seasonal_naive/OpenElectricity_NEM/5T/long/metrics.npz
    Saved config to /scratch/users/h61084/codes/improved/outputs/results/seasonal_naive/OpenElectricity_NEM/5T/long/config.json
    Metrics summary (averaged over all series/windows/variates):
      MSE: 138468.2464
      MAE: 177.0259
      RMSE: 235.8189
      MAPE: 6.9949
      sMAPE: 0.3386
      MASE: 1.0288
      ND: 0.3191
      CRPS: 0.2723
  Completed: 1 series x 14 windows
  Output: /scratch/users/h61084/codes/improved/outputs/results/seasonal_naive

============================================================
All experiments completed!
Results saved to: /scratch/users/h61084/codes/improved/outputs/results/seasonal_naive
============================================================

############################################################
# All 1 dataset(s) completed!
############################################################

############################################################
# Dataset 1/1: EWELD_Load/15T
############################################################
Loading configuration...

============================================================
Model: Seasonal Naive
Dataset: EWELD_Load/15T
Terms: ['short', 'medium', 'long']
============================================================

--- Term: short ---
  Config: prediction_length=24, test_length=1344, val_length=1344
  Dataset info:
    - Frequency: 15T
    - Num series: 1
    - Target dim: 10
    - Series length: min=20544, max=20544, avg=20544.0
    - Test split: 1344 steps
    - Prediction length: 24
    - Windows: 56
    - Season length: 96
    Total instances: 560, Series during experiment: 10, Windows: 56
    Collecting ground truth and context...
    Detected to_univariate case: 10 flat series -> 1 series x 10 variates
    Organizing data into arrays...
    Saved predictions (quantiles) to /scratch/users/h61084/codes/improved/outputs/results/seasonal_naive/EWELD_Load/15T/short/predictions.npz
    Computing per-window metrics...
    Saved metrics to /scratch/users/h61084/codes/improved/outputs/results/seasonal_naive/EWELD_Load/15T/short/metrics.npz
    Saved config to /scratch/users/h61084/codes/improved/outputs/results/seasonal_naive/EWELD_Load/15T/short/config.json
    Metrics summary (averaged over all series/windows/variates):
      MSE: 2330.9058
      MAE: 19.8336
      RMSE: 24.7015
      MAPE: 0.7836
      sMAPE: 0.4519
      MASE: 0.9531
      ND: 1.3451
      CRPS: 2.4203
  Completed: 1 series x 56 windows
  Output: /scratch/users/h61084/codes/improved/outputs/results/seasonal_naive

--- Term: medium ---
  Config: prediction_length=96, test_length=1344, val_length=1344
  Dataset info:
    - Frequency: 15T
    - Num series: 1
    - Target dim: 10
    - Series length: min=20544, max=20544, avg=20544.0
    - Test split: 1344 steps
    - Prediction length: 96
    - Windows: 14
    - Season length: 96
    Total instances: 140, Series during experiment: 10, Windows: 14
    Collecting ground truth and context...
    Detected to_univariate case: 10 flat series -> 1 series x 10 variates
    Organizing data into arrays...
    Saved predictions (quantiles) to /scratch/users/h61084/codes/improved/outputs/results/seasonal_naive/EWELD_Load/15T/medium/predictions.npz
    Computing per-window metrics...
    Saved metrics to /scratch/users/h61084/codes/improved/outputs/results/seasonal_naive/EWELD_Load/15T/medium/metrics.npz
    Saved config to /scratch/users/h61084/codes/improved/outputs/results/seasonal_naive/EWELD_Load/15T/medium/config.json
    Metrics summary (averaged over all series/windows/variates):
      MSE: 2331.4366
      MAE: 19.9853
      RMSE: 26.7289
      MAPE: 0.7687
      sMAPE: 0.4471
      MASE: 0.9611
      ND: 0.3504
      CRPS: 0.3231
  Completed: 1 series x 14 windows
  Output: /scratch/users/h61084/codes/improved/outputs/results/seasonal_naive

--- Term: long ---
  Config: prediction_length=672, test_length=1344, val_length=1344
  Dataset info:
    - Frequency: 15T
    - Num series: 1
    - Target dim: 10
    - Series length: min=20544, max=20544, avg=20544.0
    - Test split: 1344 steps
    - Prediction length: 672
    - Windows: 2
    - Season length: 96
    Total instances: 20, Series during experiment: 10, Windows: 2
    Collecting ground truth and context...
    Detected to_univariate case: 10 flat series -> 1 series x 10 variates
    Organizing data into arrays...
    Saved predictions (quantiles) to /scratch/users/h61084/codes/improved/outputs/results/seasonal_naive/EWELD_Load/15T/long/predictions.npz
    Computing per-window metrics...
    Saved metrics to /scratch/users/h61084/codes/improved/outputs/results/seasonal_naive/EWELD_Load/15T/long/metrics.npz
    Saved config to /scratch/users/h61084/codes/improved/outputs/results/seasonal_naive/EWELD_Load/15T/long/config.json
    Metrics summary (averaged over all series/windows/variates):
      MSE: 2856.8946
      MAE: 21.1649
      RMSE: 28.7723
      MAPE: 0.6810
      sMAPE: 0.5120
      MASE: 1.0176
      ND: 0.3453
      CRPS: 0.4020
  Completed: 1 series x 2 windows
  Output: /scratch/users/h61084/codes/improved/outputs/results/seasonal_naive

============================================================
All experiments completed!
Results saved to: /scratch/users/h61084/codes/improved/outputs/results/seasonal_naive
============================================================

############################################################
# All 1 dataset(s) completed!
############################################################

############################################################
# Dataset 1/1: SG_Carpark/15T
############################################################
Loading configuration...

============================================================
Model: Seasonal Naive
Dataset: SG_Carpark/15T
Terms: ['short', 'medium', 'long']
============================================================

--- Term: short ---
  Config: prediction_length=16, test_length=672, val_length=672
  Dataset info:
    - Frequency: 15T
    - Num series: 354
    - Target dim: 1
    - Series length: min=14495, max=14495, avg=14495.0
    - Test split: 672 steps
    - Prediction length: 16
    - Windows: 42
    - Season length: 96
    Total instances: 14868, Series during experiment: 354, Windows: 42
    Collecting ground truth and context...
    Organizing data into arrays...
    Saved predictions (quantiles) to /scratch/users/h61084/codes/improved/outputs/results/seasonal_naive/SG_Carpark/15T/short/predictions.npz
    Computing per-window metrics...
    Saved metrics to /scratch/users/h61084/codes/improved/outputs/results/seasonal_naive/SG_Carpark/15T/short/metrics.npz
    Saved config to /scratch/users/h61084/codes/improved/outputs/results/seasonal_naive/SG_Carpark/15T/short/config.json
    Metrics summary (averaged over all series/windows/variates):
      MSE: 986.4302
      MAE: 14.9549
      RMSE: 17.1303
      MAPE: 0.0899
      sMAPE: 0.0922
      MASE: 0.9535
      ND: 0.0858
      CRPS: 0.0784
  Completed: 354 series x 42 windows
  Output: /scratch/users/h61084/codes/improved/outputs/results/seasonal_naive

--- Term: medium ---
  Config: prediction_length=96, test_length=672, val_length=672
  Dataset info:
    - Frequency: 15T
    - Num series: 354
    - Target dim: 1
    - Series length: min=14495, max=14495, avg=14495.0
    - Test split: 672 steps
    - Prediction length: 96
    - Windows: 7
    - Season length: 96
    Total instances: 2478, Series during experiment: 354, Windows: 7
    Collecting ground truth and context...
    Organizing data into arrays...
    Saved predictions (quantiles) to /scratch/users/h61084/codes/improved/outputs/results/seasonal_naive/SG_Carpark/15T/medium/predictions.npz
    Computing per-window metrics...
    Saved metrics to /scratch/users/h61084/codes/improved/outputs/results/seasonal_naive/SG_Carpark/15T/medium/metrics.npz
    Saved config to /scratch/users/h61084/codes/improved/outputs/results/seasonal_naive/SG_Carpark/15T/medium/config.json
    Metrics summary (averaged over all series/windows/variates):
      MSE: 996.4476
      MAE: 15.0435
      RMSE: 20.0164
      MAPE: 0.0890
      sMAPE: 0.0925
      MASE: 0.9594
      ND: 0.0787
      CRPS: 0.0701
  Completed: 354 series x 7 windows
  Output: /scratch/users/h61084/codes/improved/outputs/results/seasonal_naive

--- Term: long ---
  Config: prediction_length=672, test_length=672, val_length=672
  Dataset info:
    - Frequency: 15T
    - Num series: 354
    - Target dim: 1
    - Series length: min=14495, max=14495, avg=14495.0
    - Test split: 672 steps
    - Prediction length: 672
    - Windows: 1
    - Season length: 96
    Total instances: 354, Series during experiment: 354, Windows: 1
    Collecting ground truth and context...
    Organizing data into arrays...
    Saved predictions (quantiles) to /scratch/users/h61084/codes/improved/outputs/results/seasonal_naive/SG_Carpark/15T/long/predictions.npz
    Computing per-window metrics...
    Saved metrics to /scratch/users/h61084/codes/improved/outputs/results/seasonal_naive/SG_Carpark/15T/long/metrics.npz
    Saved config to /scratch/users/h61084/codes/improved/outputs/results/seasonal_naive/SG_Carpark/15T/long/config.json
    Metrics summary (averaged over all series/windows/variates):
      MSE: 1486.6648
      MAE: 21.2678
      RMSE: 28.3670
      MAPE: 0.1184
      sMAPE: 0.1218
      MASE: 1.3310
      ND: 0.1097
      CRPS: 0.1021
  Completed: 354 series x 1 windows
  Output: /scratch/users/h61084/codes/improved/outputs/results/seasonal_naive

============================================================
All experiments completed!
Results saved to: /scratch/users/h61084/codes/improved/outputs/results/seasonal_naive
============================================================

############################################################
# All 1 dataset(s) completed!
############################################################

############################################################
# Dataset 1/1: Finland_Traffic/15T
############################################################
Loading configuration...

============================================================
Model: Seasonal Naive
Dataset: Finland_Traffic/15T
Terms: ['short', 'medium', 'long']
============================================================

--- Term: short ---
  Config: prediction_length=16, test_length=2976, val_length=2880
  Dataset info:
    - Frequency: 15T
    - Num series: 1
    - Target dim: 1
    - Series length: min=35136, max=35136, avg=35136.0
    - Test split: 2976 steps
    - Prediction length: 16
    - Windows: 186
    - Season length: 96
    Total instances: 186, Series during experiment: 1, Windows: 186
    Collecting ground truth and context...
    Organizing data into arrays...
    Saved predictions (quantiles) to /scratch/users/h61084/codes/improved/outputs/results/seasonal_naive/Finland_Traffic/15T/short/predictions.npz
    Computing per-window metrics...
    Saved metrics to /scratch/users/h61084/codes/improved/outputs/results/seasonal_naive/Finland_Traffic/15T/short/metrics.npz
    Saved config to /scratch/users/h61084/codes/improved/outputs/results/seasonal_naive/Finland_Traffic/15T/short/config.json
    Metrics summary (averaged over all series/windows/variates):
      MSE: 2740.7542
      MAE: 34.2359
      RMSE: 39.7911
      MAPE: 0.4575
      sMAPE: 0.3830
      MASE: 0.8317
      ND: 0.3976
      CRPS: 0.5092
  Completed: 1 series x 186 windows
  Output: /scratch/users/h61084/codes/improved/outputs/results/seasonal_naive

--- Term: medium ---
  Config: prediction_length=96, test_length=2976, val_length=2880
  Dataset info:
    - Frequency: 15T
    - Num series: 1
    - Target dim: 1
    - Series length: min=35136, max=35136, avg=35136.0
    - Test split: 2976 steps
    - Prediction length: 96
    - Windows: 31
    - Season length: 96
    Total instances: 31, Series during experiment: 1, Windows: 31
    Collecting ground truth and context...
    Organizing data into arrays...
    Saved predictions (quantiles) to /scratch/users/h61084/codes/improved/outputs/results/seasonal_naive/Finland_Traffic/15T/medium/predictions.npz
    Computing per-window metrics...
    Saved metrics to /scratch/users/h61084/codes/improved/outputs/results/seasonal_naive/Finland_Traffic/15T/medium/metrics.npz
    Saved config to /scratch/users/h61084/codes/improved/outputs/results/seasonal_naive/Finland_Traffic/15T/medium/config.json
    Metrics summary (averaged over all series/windows/variates):
      MSE: 2663.2214
      MAE: 33.5935
      RMSE: 46.1058
      MAPE: 0.4369
      sMAPE: 0.3972
      MASE: 0.8157
      ND: 0.2671
      CRPS: 0.2460
  Completed: 1 series x 31 windows
  Output: /scratch/users/h61084/codes/improved/outputs/results/seasonal_naive

--- Term: long ---
  Config: prediction_length=672, test_length=2976, val_length=2880
  Dataset info:
    - Frequency: 15T
    - Num series: 1
    - Target dim: 1
    - Series length: min=35136, max=35136, avg=35136.0
    - Test split: 2976 steps
    - Prediction length: 672
    - Windows: 4
    - Season length: 96
    Total instances: 4, Series during experiment: 1, Windows: 4
    Collecting ground truth and context...
    Organizing data into arrays...
    Saved predictions (quantiles) to /scratch/users/h61084/codes/improved/outputs/results/seasonal_naive/Finland_Traffic/15T/long/predictions.npz
    Computing per-window metrics...
    Saved metrics to /scratch/users/h61084/codes/improved/outputs/results/seasonal_naive/Finland_Traffic/15T/long/metrics.npz
    Saved config to /scratch/users/h61084/codes/improved/outputs/results/seasonal_naive/Finland_Traffic/15T/long/config.json
    Metrics summary (averaged over all series/windows/variates):
      MSE: 3620.6244
      MAE: 42.2617
      RMSE: 59.5111
      MAPE: 0.5670
      sMAPE: 0.4491
      MASE: 1.0233
      ND: 0.3211
      CRPS: 0.3379
  Completed: 1 series x 4 windows
  Output: /scratch/users/h61084/codes/improved/outputs/results/seasonal_naive

============================================================
All experiments completed!
Results saved to: /scratch/users/h61084/codes/improved/outputs/results/seasonal_naive
============================================================

############################################################
# All 1 dataset(s) completed!
############################################################

############################################################
# Dataset 1/1: Port_Activity/D
############################################################
Loading configuration...

============================================================
Model: Seasonal Naive
Dataset: Port_Activity/D
Terms: ['short']
============================================================

--- Term: short ---
  Config: prediction_length=30, test_length=365, val_length=90
  Dataset info:
    - Frequency: D
    - Num series: 99
    - Target dim: 2
    - Series length: min=2127, max=2127, avg=2127.0
    - Test split: 365 steps
    - Prediction length: 30
    - Windows: 12
    - Season length: 1
    Total instances: 2376, Series during experiment: 198, Windows: 12
    Collecting ground truth and context...
    Detected to_univariate case: 198 flat series -> 99 series x 2 variates
    Organizing data into arrays...
    ⚠️  Predictions max value (1910190.15) exceeds float16 safe range.
    ⚠️  Applying scale factor: 100 (values will be divided)
    Saved predictions (quantiles) to /scratch/users/h61084/codes/improved/outputs/results/seasonal_naive/Port_Activity/D/short/predictions.npz
    Computing per-window metrics...
    Saved metrics to /scratch/users/h61084/codes/improved/outputs/results/seasonal_naive/Port_Activity/D/short/metrics.npz
    Saved config to /scratch/users/h61084/codes/improved/outputs/results/seasonal_naive/Port_Activity/D/short/config.json
    Metrics summary (averaged over all series/windows/variates):
      MSE: 2348608178.0849
      MAE: 26135.5371
      RMSE: 31294.2660
      MAPE: 9.3278
      sMAPE: 1.2165
      MASE: 1.1462
      ND: 1.8857
      CRPS: 3.4508
  Completed: 99 series x 12 windows
  Output: /scratch/users/h61084/codes/improved/outputs/results/seasonal_naive

============================================================
All experiments completed!
Results saved to: /scratch/users/h61084/codes/improved/outputs/results/seasonal_naive
============================================================

############################################################
# All 1 dataset(s) completed!
############################################################

############################################################
# Dataset 1/1: Port_Activity/W
############################################################
Loading configuration...

============================================================
Model: Seasonal Naive
Dataset: Port_Activity/W
Terms: ['short']
============================================================

--- Term: short ---
  Config: prediction_length=13, test_length=52, val_length=13
  Dataset info:
    - Frequency: W
    - Num series: 99
    - Target dim: 2
    - Series length: min=304, max=304, avg=304.0
    - Test split: 52 steps
    - Prediction length: 13
    - Windows: 4
    - Season length: 1
    Total instances: 792, Series during experiment: 198, Windows: 4
    Collecting ground truth and context...
    Detected to_univariate case: 198 flat series -> 99 series x 2 variates
    Organizing data into arrays...
    ⚠️  Predictions max value (4321556.00) exceeds float16 safe range.
    ⚠️  Applying scale factor: 100 (values will be divided)
    Saved predictions (quantiles) to /scratch/users/h61084/codes/improved/outputs/results/seasonal_naive/Port_Activity/W/short/predictions.npz
    Computing per-window metrics...
    Saved metrics to /scratch/users/h61084/codes/improved/outputs/results/seasonal_naive/Port_Activity/W/short/metrics.npz
    Saved config to /scratch/users/h61084/codes/improved/outputs/results/seasonal_naive/Port_Activity/W/short/config.json
    Metrics summary (averaged over all series/windows/variates):
      MSE: 10964484198.6336
      MAE: 58608.3397
      RMSE: 69441.5206
      MAPE: 0.7702
      sMAPE: 0.4675
      MASE: 1.0400
      ND: 0.4529
      CRPS: 0.4929
  Completed: 99 series x 4 windows
  Output: /scratch/users/h61084/codes/improved/outputs/results/seasonal_naive

============================================================
All experiments completed!
Results saved to: /scratch/users/h61084/codes/improved/outputs/results/seasonal_naive
============================================================

############################################################
# All 1 dataset(s) completed!
############################################################

############################################################
# Dataset 1/1: ECDC_COVID/D
############################################################
Loading configuration...

============================================================
Model: Seasonal Naive
Dataset: ECDC_COVID/D
Terms: ['short']
============================================================

--- Term: short ---
  Config: prediction_length=30, test_length=150, val_length=30
  Dataset info:
    - Frequency: D
    - Num series: 9
    - Target dim: 1
    - Series length: min=794, max=1229, avg=1116.6
    - Test split: 150 steps
    - Prediction length: 30
    - Windows: 5
    - Season length: 1
    Total instances: 45, Series during experiment: 9, Windows: 5
    Collecting ground truth and context...
    Organizing data into arrays...
    Saved predictions (quantiles) to /scratch/users/h61084/codes/improved/outputs/results/seasonal_naive/ECDC_COVID/D/short/predictions.npz
    Computing per-window metrics...
    Saved metrics to /scratch/users/h61084/codes/improved/outputs/results/seasonal_naive/ECDC_COVID/D/short/metrics.npz
    Saved config to /scratch/users/h61084/codes/improved/outputs/results/seasonal_naive/ECDC_COVID/D/short/config.json
    Metrics summary (averaged over all series/windows/variates):
      MSE: 58163.1432
      MAE: 141.6742
      RMSE: 161.5147
      MAPE: 0.6006
      sMAPE: 0.4020
      MASE: 3.6283
      ND: 0.4490
      CRPS: 0.6795
  Completed: 9 series x 5 windows
  Output: /scratch/users/h61084/codes/improved/outputs/results/seasonal_naive

============================================================
All experiments completed!
Results saved to: /scratch/users/h61084/codes/improved/outputs/results/seasonal_naive
============================================================

############################################################
# All 1 dataset(s) completed!
############################################################

############################################################
# Dataset 1/1: ECDC_COVID/W
############################################################
Loading configuration...

============================================================
Model: Seasonal Naive
Dataset: ECDC_COVID/W
Terms: ['short']
============================================================

--- Term: short ---
  Config: prediction_length=13, test_length=52, val_length=13
  Dataset info:
    - Frequency: W
    - Num series: 16
    - Target dim: 1
    - Series length: min=114, max=196, avg=165.4
    - Test split: 52 steps
    - Prediction length: 13
    - Windows: 4
    - Season length: 1
    Total instances: 64, Series during experiment: 16, Windows: 4
    Collecting ground truth and context...
    Organizing data into arrays...
    Saved predictions (quantiles) to /scratch/users/h61084/codes/improved/outputs/results/seasonal_naive/ECDC_COVID/W/short/predictions.npz
    Computing per-window metrics...
    Saved metrics to /scratch/users/h61084/codes/improved/outputs/results/seasonal_naive/ECDC_COVID/W/short/metrics.npz
    Saved config to /scratch/users/h61084/codes/improved/outputs/results/seasonal_naive/ECDC_COVID/W/short/config.json
    Metrics summary (averaged over all series/windows/variates):
      MSE: 3519784.2868
      MAE: 655.6681
      RMSE: 743.3049
      MAPE: 1.0988
      sMAPE: 0.5757
      MASE: 1.6134
      ND: 0.6928
      CRPS: 0.7782
  Completed: 16 series x 4 windows
  Output: /scratch/users/h61084/codes/improved/outputs/results/seasonal_naive

============================================================
All experiments completed!
Results saved to: /scratch/users/h61084/codes/improved/outputs/results/seasonal_naive
============================================================

############################################################
# All 1 dataset(s) completed!
############################################################

############################################################
# Dataset 1/1: Global_Influenza/W
############################################################
Loading configuration...

============================================================
Model: Seasonal Naive
Dataset: Global_Influenza/W
Terms: ['short']
============================================================

--- Term: short ---
  Config: prediction_length=13, test_length=52, val_length=13
  Dataset info:
    - Frequency: W
    - Num series: 15
    - Target dim: 4
    - Series length: min=154, max=210, avg=205.6
    - Test split: 52 steps
    - Prediction length: 13
    - Windows: 4
    - Season length: 1
    Total instances: 240, Series during experiment: 60, Windows: 4
    Collecting ground truth and context...
    Detected to_univariate case: 60 flat series -> 15 series x 4 variates
    Organizing data into arrays...
    ⚠️  Predictions max value (94309.20) exceeds float16 safe range.
    ⚠️  Applying scale factor: 10 (values will be divided)
    Saved predictions (quantiles) to /scratch/users/h61084/codes/improved/outputs/results/seasonal_naive/Global_Influenza/W/short/predictions.npz
    Computing per-window metrics...
    Saved metrics to /scratch/users/h61084/codes/improved/outputs/results/seasonal_naive/Global_Influenza/W/short/metrics.npz
    Saved config to /scratch/users/h61084/codes/improved/outputs/results/seasonal_naive/Global_Influenza/W/short/config.json
    Metrics summary (averaged over all series/windows/variates):
      MSE: 6769379.0194
      MAE: 757.9824
      RMSE: 922.7936
      MAPE: 1.8238
      sMAPE: 0.7066
      MASE: 4.3195
      ND: 0.9995
      CRPS: 1.3666
  Completed: 15 series x 4 windows
  Output: /scratch/users/h61084/codes/improved/outputs/results/seasonal_naive

============================================================
All experiments completed!
Results saved to: /scratch/users/h61084/codes/improved/outputs/results/seasonal_naive
============================================================

############################################################
# All 1 dataset(s) completed!
############################################################

############################################################
# Dataset 1/1: Crypto/D
############################################################
Loading configuration...

============================================================
Model: Seasonal Naive
Dataset: Crypto/D
Terms: ['short']
============================================================

--- Term: short ---
  Config: prediction_length=30, test_length=273, val_length=92
  Dataset info:
    - Frequency: D
    - Num series: 1
    - Target dim: 4
    - Series length: min=2842, max=2842, avg=2842.0
    - Test split: 273 steps
    - Prediction length: 30
    - Windows: 9
    - Season length: 1
    Total instances: 36, Series during experiment: 4, Windows: 9
    Collecting ground truth and context...
    Detected to_univariate case: 4 flat series -> 1 series x 4 variates
    Organizing data into arrays...
    ⚠️  Predictions max value (125025.82) exceeds float16 safe range.
    ⚠️  Applying scale factor: 10 (values will be divided)
    Saved predictions (quantiles) to /scratch/users/h61084/codes/improved/outputs/results/seasonal_naive/Crypto/D/short/predictions.npz
    Computing per-window metrics...
    Saved metrics to /scratch/users/h61084/codes/improved/outputs/results/seasonal_naive/Crypto/D/short/metrics.npz
    Saved config to /scratch/users/h61084/codes/improved/outputs/results/seasonal_naive/Crypto/D/short/config.json
    Metrics summary (averaged over all series/windows/variates):
      MSE: 12121919.5974
      MAE: 1399.5619
      RMSE: 1651.4162
      MAPE: 0.0960
      sMAPE: 0.0954
      MASE: 6.3678
      ND: 0.0969
      CRPS: 0.0843
  Completed: 1 series x 9 windows
  Output: /scratch/users/h61084/codes/improved/outputs/results/seasonal_naive

============================================================
All experiments completed!
Results saved to: /scratch/users/h61084/codes/improved/outputs/results/seasonal_naive
============================================================

############################################################
# All 1 dataset(s) completed!
############################################################

############################################################
# Dataset 1/1: US_Term_Structure/B
############################################################
Loading configuration...

============================================================
Model: Seasonal Naive
Dataset: US_Term_Structure/B
Terms: ['short']
============================================================

--- Term: short ---
  Config: prediction_length=20, test_length=717, val_length=100
  Dataset info:
    - Frequency: B
    - Num series: 1
    - Target dim: 40
    - Series length: min=9326, max=9326, avg=9326.0
    - Test split: 717 steps
    - Prediction length: 20
    - Windows: 35
    - Season length: 5
    Total instances: 1400, Series during experiment: 40, Windows: 35
    Collecting ground truth and context...
    Detected to_univariate case: 40 flat series -> 1 series x 40 variates
    Organizing data into arrays...
    Saved predictions (quantiles) to /scratch/users/h61084/codes/improved/outputs/results/seasonal_naive/US_Term_Structure/B/short/predictions.npz
    Computing per-window metrics...
    Saved metrics to /scratch/users/h61084/codes/improved/outputs/results/seasonal_naive/US_Term_Structure/B/short/metrics.npz
    Saved config to /scratch/users/h61084/codes/improved/outputs/results/seasonal_naive/US_Term_Structure/B/short/config.json
    Metrics summary (averaged over all series/windows/variates):
      MSE: 0.0282
      MAE: 0.1202
      RMSE: 0.1399
      MAPE: 1.0744
      sMAPE: 0.3070
      MASE: 1.7372
      ND: 0.3154
      CRPS: 0.2487
  Completed: 1 series x 35 windows
  Output: /scratch/users/h61084/codes/improved/outputs/results/seasonal_naive

============================================================
All experiments completed!
Results saved to: /scratch/users/h61084/codes/improved/outputs/results/seasonal_naive
============================================================

############################################################
# All 1 dataset(s) completed!
############################################################

############################################################
# Dataset 1/1: Oil_Price/B
############################################################
Loading configuration...

============================================================
Model: Seasonal Naive
Dataset: Oil_Price/B
Terms: ['short']
============================================================

--- Term: short ---
  Config: prediction_length=20, test_length=717, val_length=100
  Dataset info:
    - Frequency: B
    - Num series: 1
    - Target dim: 12
    - Series length: min=5035, max=5035, avg=5035.0
    - Test split: 717 steps
    - Prediction length: 20
    - Windows: 35
    - Season length: 5
    Total instances: 420, Series during experiment: 12, Windows: 35
    Collecting ground truth and context...
    Detected to_univariate case: 12 flat series -> 1 series x 12 variates
    Organizing data into arrays...
    Saved predictions (quantiles) to /scratch/users/h61084/codes/improved/outputs/results/seasonal_naive/Oil_Price/B/short/predictions.npz
    Computing per-window metrics...
    Saved metrics to /scratch/users/h61084/codes/improved/outputs/results/seasonal_naive/Oil_Price/B/short/metrics.npz
    Saved config to /scratch/users/h61084/codes/improved/outputs/results/seasonal_naive/Oil_Price/B/short/config.json
    Metrics summary (averaged over all series/windows/variates):
      MSE: 3.3614
      MAE: 0.7220
      RMSE: 0.8454
      MAPE: 0.0667
      sMAPE: 0.0653
      MASE: 1.5314
      ND: 0.0665
      CRPS: 0.0542
  Completed: 1 series x 35 windows
  Output: /scratch/users/h61084/codes/improved/outputs/results/seasonal_naive

============================================================
All experiments completed!
Results saved to: /scratch/users/h61084/codes/improved/outputs/results/seasonal_naive
============================================================

############################################################
# All 1 dataset(s) completed!
############################################################

############################################################
# Dataset 1/1: Job_Claims/W
############################################################
Loading configuration...

============================================================
Model: Seasonal Naive
Dataset: Job_Claims/W
Terms: ['short']
============================================================

--- Term: short ---
  Config: prediction_length=13, test_length=52, val_length=13
  Dataset info:
    - Frequency: W
    - Num series: 1
    - Target dim: 2
    - Series length: min=196, max=196, avg=196.0
    - Test split: 52 steps
    - Prediction length: 13
    - Windows: 4
    - Season length: 1
    Total instances: 8, Series during experiment: 2, Windows: 4
    Collecting ground truth and context...
    Detected to_univariate case: 2 flat series -> 1 series x 2 variates
    Organizing data into arrays...
    ⚠️  Predictions max value (1993042.23) exceeds float16 safe range.
    ⚠️  Applying scale factor: 100 (values will be divided)
    Saved predictions (quantiles) to /scratch/users/h61084/codes/improved/outputs/results/seasonal_naive/Job_Claims/W/short/predictions.npz
    Computing per-window metrics...
    Saved metrics to /scratch/users/h61084/codes/improved/outputs/results/seasonal_naive/Job_Claims/W/short/metrics.npz
    Saved config to /scratch/users/h61084/codes/improved/outputs/results/seasonal_naive/Job_Claims/W/short/config.json
    Metrics summary (averaged over all series/windows/variates):
      MSE: 488249815.1874
      MAE: 14113.2559
      RMSE: 17319.6999
      MAPE: 0.0227
      sMAPE: 0.0226
      MASE: 2.6703
      ND: 0.0227
      CRPS: 0.0189
  Completed: 1 series x 4 windows
  Output: /scratch/users/h61084/codes/improved/outputs/results/seasonal_naive

============================================================
All experiments completed!
Results saved to: /scratch/users/h61084/codes/improved/outputs/results/seasonal_naive
============================================================

############################################################
# All 1 dataset(s) completed!
############################################################

############################################################
# Dataset 1/1: Uncertainty_1M/M
############################################################
Loading configuration...

============================================================
Model: Seasonal Naive
Dataset: Uncertainty_1M/M
Terms: ['short']
============================================================

--- Term: short ---
  Config: prediction_length=6, test_length=42, val_length=18
  Dataset info:
    - Frequency: M
    - Num series: 1
    - Target dim: 3
    - Series length: min=780, max=780, avg=780.0
    - Test split: 42 steps
    - Prediction length: 6
    - Windows: 7
    - Season length: 12
    Total instances: 21, Series during experiment: 3, Windows: 7
    Collecting ground truth and context...
    Detected to_univariate case: 3 flat series -> 1 series x 3 variates
    Organizing data into arrays...
    Saved predictions (quantiles) to /scratch/users/h61084/codes/improved/outputs/results/seasonal_naive/Uncertainty_1M/M/short/predictions.npz
    Computing per-window metrics...
    Saved metrics to /scratch/users/h61084/codes/improved/outputs/results/seasonal_naive/Uncertainty_1M/M/short/metrics.npz
    Saved config to /scratch/users/h61084/codes/improved/outputs/results/seasonal_naive/Uncertainty_1M/M/short/config.json
    Metrics summary (averaged over all series/windows/variates):
      MSE: 0.0092
      MAE: 0.0778
      RMSE: 0.0829
      MAPE: 0.0982
      sMAPE: 0.0934
      MASE: 1.0045
      ND: 0.0981
      CRPS: 0.0764
  Completed: 1 series x 7 windows
  Output: /scratch/users/h61084/codes/improved/outputs/results/seasonal_naive

============================================================
All experiments completed!
Results saved to: /scratch/users/h61084/codes/improved/outputs/results/seasonal_naive
============================================================

############################################################
# All 1 dataset(s) completed!
############################################################

############################################################
# Dataset 1/1: Housing_Inventory/M
############################################################
Loading configuration...

============================================================
Model: Seasonal Naive
Dataset: Housing_Inventory/M
Terms: ['short']
============================================================

--- Term: short ---
  Config: prediction_length=12, test_length=36, val_length=12
  Dataset info:
    - Frequency: M
    - Num series: 1
    - Target dim: 4
    - Series length: min=114, max=114, avg=114.0
    - Test split: 36 steps
    - Prediction length: 12
    - Windows: 3
    - Season length: 12
    Total instances: 12, Series during experiment: 4, Windows: 3
    Collecting ground truth and context...
    Detected to_univariate case: 4 flat series -> 1 series x 4 variates
    Organizing data into arrays...
    ⚠️  Predictions max value (1219252.94) exceeds float16 safe range.
    ⚠️  Applying scale factor: 100 (values will be divided)
    Saved predictions (quantiles) to /scratch/users/h61084/codes/improved/outputs/results/seasonal_naive/Housing_Inventory/M/short/predictions.npz
    Computing per-window metrics...
    Saved metrics to /scratch/users/h61084/codes/improved/outputs/results/seasonal_naive/Housing_Inventory/M/short/metrics.npz
    Saved config to /scratch/users/h61084/codes/improved/outputs/results/seasonal_naive/Housing_Inventory/M/short/config.json
    Metrics summary (averaged over all series/windows/variates):
      MSE: 6501340767.6282
      MAE: 36567.3587
      RMSE: 41628.9790
      MAPE: 0.0920
      sMAPE: 0.1045
      MASE: 0.7492
      ND: 0.0904
      CRPS: 0.0706
  Completed: 1 series x 3 windows
  Output: /scratch/users/h61084/codes/improved/outputs/results/seasonal_naive

============================================================
All experiments completed!
Results saved to: /scratch/users/h61084/codes/improved/outputs/results/seasonal_naive
============================================================

############################################################
# All 1 dataset(s) completed!
############################################################

############################################################
# Dataset 1/1: JOLTS/M
############################################################
Loading configuration...

============================================================
Model: Seasonal Naive
Dataset: JOLTS/M
Terms: ['short']
============================================================

--- Term: short ---
  Config: prediction_length=12, test_length=60, val_length=12
  Dataset info:
    - Frequency: M
    - Num series: 1
    - Target dim: 6
    - Series length: min=297, max=297, avg=297.0
    - Test split: 60 steps
    - Prediction length: 12
    - Windows: 5
    - Season length: 12
    Total instances: 30, Series during experiment: 6, Windows: 5
    Collecting ground truth and context...
    Detected to_univariate case: 6 flat series -> 1 series x 6 variates
    Organizing data into arrays...
    Saved predictions (quantiles) to /scratch/users/h61084/codes/improved/outputs/results/seasonal_naive/JOLTS/M/short/predictions.npz
    Computing per-window metrics...
    Saved metrics to /scratch/users/h61084/codes/improved/outputs/results/seasonal_naive/JOLTS/M/short/metrics.npz
    Saved config to /scratch/users/h61084/codes/improved/outputs/results/seasonal_naive/JOLTS/M/short/config.json
    Metrics summary (averaged over all series/windows/variates):
      MSE: 1143521.5266
      MAE: 586.4046
      RMSE: 711.9416
      MAPE: 0.1270
      sMAPE: 0.1269
      MASE: 1.6874
      ND: 0.1266
      CRPS: 0.1002
  Completed: 1 series x 5 windows
  Output: /scratch/users/h61084/codes/improved/outputs/results/seasonal_naive

============================================================
All experiments completed!
Results saved to: /scratch/users/h61084/codes/improved/outputs/results/seasonal_naive
============================================================

############################################################
# All 1 dataset(s) completed!
############################################################

############################################################
# Dataset 1/1: US_Labor/M
############################################################
Loading configuration...

============================================================
Model: Seasonal Naive
Dataset: US_Labor/M
Terms: ['short']
============================================================

--- Term: short ---
  Config: prediction_length=12, test_length=60, val_length=12
  Dataset info:
    - Frequency: M
    - Num series: 1
    - Target dim: 14
    - Series length: min=380, max=380, avg=380.0
    - Test split: 60 steps
    - Prediction length: 12
    - Windows: 5
    - Season length: 12
    Total instances: 70, Series during experiment: 14, Windows: 5
    Collecting ground truth and context...
    Detected to_univariate case: 14 flat series -> 1 series x 14 variates
    Organizing data into arrays...
    ⚠️  Predictions max value (172092.44) exceeds float16 safe range.
    ⚠️  Applying scale factor: 10 (values will be divided)
    Saved predictions (quantiles) to /scratch/users/h61084/codes/improved/outputs/results/seasonal_naive/US_Labor/M/short/predictions.npz
    Computing per-window metrics...
    Saved metrics to /scratch/users/h61084/codes/improved/outputs/results/seasonal_naive/US_Labor/M/short/metrics.npz
    Saved config to /scratch/users/h61084/codes/improved/outputs/results/seasonal_naive/US_Labor/M/short/config.json
    Metrics summary (averaged over all series/windows/variates):
      MSE: 4220492.4734
      MAE: 878.4256
      RMSE: 962.5243
      MAPE: 0.1302
      sMAPE: 0.1185
      MASE: 1.7885
      ND: 0.1273
      CRPS: 0.1103
  Completed: 1 series x 5 windows
  Output: /scratch/users/h61084/codes/improved/outputs/results/seasonal_naive

============================================================
All experiments completed!
Results saved to: /scratch/users/h61084/codes/improved/outputs/results/seasonal_naive
============================================================

############################################################
# All 1 dataset(s) completed!
############################################################

############################################################
# Dataset 1/1: Vehicle_Supply/M
############################################################
Loading configuration...

============================================================
Model: Seasonal Naive
Dataset: Vehicle_Supply/M
Terms: ['short']
============================================================

--- Term: short ---
  Config: prediction_length=12, test_length=60, val_length=12
  Dataset info:
    - Frequency: M
    - Num series: 1
    - Target dim: 6
    - Series length: min=391, max=391, avg=391.0
    - Test split: 60 steps
    - Prediction length: 12
    - Windows: 5
    - Season length: 12
    Total instances: 30, Series during experiment: 6, Windows: 5
    Collecting ground truth and context...
    Detected to_univariate case: 6 flat series -> 1 series x 6 variates
    Organizing data into arrays...
    Saved predictions (quantiles) to /scratch/users/h61084/codes/improved/outputs/results/seasonal_naive/Vehicle_Supply/M/short/predictions.npz
    Computing per-window metrics...
    Saved metrics to /scratch/users/h61084/codes/improved/outputs/results/seasonal_naive/Vehicle_Supply/M/short/metrics.npz
    Saved config to /scratch/users/h61084/codes/improved/outputs/results/seasonal_naive/Vehicle_Supply/M/short/config.json
    Metrics summary (averaged over all series/windows/variates):
      MSE: 5458.4787
      MAE: 32.8594
      RMSE: 37.4364
      MAPE: 0.4616
      sMAPE: 0.3388
      MASE: 1.1497
      ND: 0.4372
      CRPS: 0.3582
  Completed: 1 series x 5 windows
  Output: /scratch/users/h61084/codes/improved/outputs/results/seasonal_naive

============================================================
All experiments completed!
Results saved to: /scratch/users/h61084/codes/improved/outputs/results/seasonal_naive
============================================================

############################################################
# All 1 dataset(s) completed!
############################################################

############################################################
# Dataset 1/1: Auto_Production_SF/M
############################################################
Loading configuration...

============================================================
Model: Seasonal Naive
Dataset: Auto_Production_SF/M
Terms: ['short']
============================================================

--- Term: short ---
  Config: prediction_length=12, test_length=60, val_length=12
  Dataset info:
    - Frequency: M
    - Num series: 1
    - Target dim: 1
    - Series length: min=367, max=367, avg=367.0
    - Test split: 60 steps
    - Prediction length: 12
    - Windows: 5
    - Season length: 12
    Total instances: 5, Series during experiment: 1, Windows: 5
    Collecting ground truth and context...
    Organizing data into arrays...
    Saved predictions (quantiles) to /scratch/users/h61084/codes/improved/outputs/results/seasonal_naive/Auto_Production_SF/M/short/predictions.npz
    Computing per-window metrics...
    Saved metrics to /scratch/users/h61084/codes/improved/outputs/results/seasonal_naive/Auto_Production_SF/M/short/metrics.npz
    Saved config to /scratch/users/h61084/codes/improved/outputs/results/seasonal_naive/Auto_Production_SF/M/short/config.json
    Metrics summary (averaged over all series/windows/variates):
      MSE: 27.1828
      MAE: 3.8849
      RMSE: 4.8657
      MAPE: 0.0398
      sMAPE: 0.0398
      MASE: 0.9822
      ND: 0.0389
      CRPS: 0.0317
  Completed: 1 series x 5 windows
  Output: /scratch/users/h61084/codes/improved/outputs/results/seasonal_naive

============================================================
All experiments completed!
Results saved to: /scratch/users/h61084/codes/improved/outputs/results/seasonal_naive
============================================================

############################################################
# All 1 dataset(s) completed!
############################################################

############################################################
# Dataset 1/1: Commodity_Production/M
############################################################
Loading configuration...

============================================================
Model: Seasonal Naive
Dataset: Commodity_Production/M
Terms: ['short']
============================================================

--- Term: short ---
  Config: prediction_length=12, test_length=60, val_length=12
  Dataset info:
    - Frequency: M
    - Num series: 32
    - Target dim: 1
    - Series length: min=120, max=648, avg=325.1
    - Test split: 60 steps
    - Prediction length: 12
    - Windows: 5
    - Season length: 12
    Total instances: 160, Series during experiment: 32, Windows: 5
    Collecting ground truth and context...
    Organizing data into arrays...
    Saved predictions (quantiles) to /scratch/users/h61084/codes/improved/outputs/results/seasonal_naive/Commodity_Production/M/short/predictions.npz
    Computing per-window metrics...
    Saved metrics to /scratch/users/h61084/codes/improved/outputs/results/seasonal_naive/Commodity_Production/M/short/metrics.npz
    Saved config to /scratch/users/h61084/codes/improved/outputs/results/seasonal_naive/Commodity_Production/M/short/config.json
    Metrics summary (averaged over all series/windows/variates):
      MSE: 88181.2477
      MAE: 87.6045
      RMSE: 100.7448
      MAPE: 0.2699
      sMAPE: 0.2150
      MASE: 1.2282
      ND: 0.2115
      CRPS: 0.1741
  Completed: 32 series x 5 windows
  Output: /scratch/users/h61084/codes/improved/outputs/results/seasonal_naive

============================================================
All experiments completed!
Results saved to: /scratch/users/h61084/codes/improved/outputs/results/seasonal_naive
============================================================

############################################################
# All 1 dataset(s) completed!
############################################################

############################################################
# Dataset 1/1: Commodity_Import/M
############################################################
Loading configuration...

============================================================
Model: Seasonal Naive
Dataset: Commodity_Import/M
Terms: ['short']
============================================================

--- Term: short ---
  Config: prediction_length=12, test_length=60, val_length=12
  Dataset info:
    - Frequency: M
    - Num series: 8
    - Target dim: 1
    - Series length: min=254, max=1240, avg=697.2
    - Test split: 60 steps
    - Prediction length: 12
    - Windows: 5
    - Season length: 12
    Total instances: 40, Series during experiment: 8, Windows: 5
    Collecting ground truth and context...
    Organizing data into arrays...
    Saved predictions (quantiles) to /scratch/users/h61084/codes/improved/outputs/results/seasonal_naive/Commodity_Import/M/short/predictions.npz
    Computing per-window metrics...
    Saved metrics to /scratch/users/h61084/codes/improved/outputs/results/seasonal_naive/Commodity_Import/M/short/metrics.npz
    Saved config to /scratch/users/h61084/codes/improved/outputs/results/seasonal_naive/Commodity_Import/M/short/config.json
    Metrics summary (averaged over all series/windows/variates):
      MSE: 2042791.6477
      MAE: 610.9718
      RMSE: 732.4591
      MAPE: 0.3784
      sMAPE: 0.2987
      MASE: 1.8395
      ND: 0.3274
      CRPS: 0.3262
  Completed: 8 series x 5 windows
  Output: /scratch/users/h61084/codes/improved/outputs/results/seasonal_naive

============================================================
All experiments completed!
Results saved to: /scratch/users/h61084/codes/improved/outputs/results/seasonal_naive
============================================================

############################################################
# All 1 dataset(s) completed!
############################################################

############################################################
# Dataset 1/1: WUI_Global/Q
############################################################
Loading configuration...

============================================================
Model: Seasonal Naive
Dataset: WUI_Global/Q
Terms: ['short']
============================================================

--- Term: short ---
  Config: prediction_length=4, test_length=20, val_length=20
  Dataset info:
    - Frequency: Q
    - Num series: 1
    - Target dim: 15
    - Series length: min=294, max=294, avg=294.0
    - Test split: 20 steps
    - Prediction length: 4
    - Windows: 5
    - Season length: 4
    Total instances: 75, Series during experiment: 15, Windows: 5
    Collecting ground truth and context...
    Detected to_univariate case: 15 flat series -> 1 series x 15 variates
    Organizing data into arrays...
    Saved predictions (quantiles) to /scratch/users/h61084/codes/improved/outputs/results/seasonal_naive/WUI_Global/Q/short/predictions.npz
    Computing per-window metrics...
    Saved metrics to /scratch/users/h61084/codes/improved/outputs/results/seasonal_naive/WUI_Global/Q/short/metrics.npz
    Saved config to /scratch/users/h61084/codes/improved/outputs/results/seasonal_naive/WUI_Global/Q/short/config.json
    Metrics summary (averaged over all series/windows/variates):
      MSE: 0.0764
      MAE: 0.1970
      RMSE: 0.2347
      MAPE: 0.9110
      sMAPE: 0.8291
      MASE: 1.2927
      ND: 0.9727
      CRPS: 0.7806
  Completed: 1 series x 5 windows
  Output: /scratch/users/h61084/codes/improved/outputs/results/seasonal_naive

============================================================
All experiments completed!
Results saved to: /scratch/users/h61084/codes/improved/outputs/results/seasonal_naive
============================================================

############################################################
# All 1 dataset(s) completed!
############################################################

############################################################
# Dataset 1/1: Global_Price/Q
############################################################
Loading configuration...

============================================================
Model: Seasonal Naive
Dataset: Global_Price/Q
Terms: ['short']
============================================================

--- Term: short ---
  Config: prediction_length=4, test_length=20, val_length=8
  Dataset info:
    - Frequency: Q
    - Num series: 1
    - Target dim: 60
    - Series length: min=142, max=142, avg=142.0
    - Test split: 20 steps
    - Prediction length: 4
    - Windows: 5
    - Season length: 4
    Total instances: 300, Series during experiment: 60, Windows: 5
    Collecting ground truth and context...
    Detected to_univariate case: 60 flat series -> 1 series x 60 variates
    Organizing data into arrays...
    Saved predictions (quantiles) to /scratch/users/h61084/codes/improved/outputs/results/seasonal_naive/Global_Price/Q/short/predictions.npz
    Computing per-window metrics...
    Saved metrics to /scratch/users/h61084/codes/improved/outputs/results/seasonal_naive/Global_Price/Q/short/metrics.npz
    Saved config to /scratch/users/h61084/codes/improved/outputs/results/seasonal_naive/Global_Price/Q/short/config.json
    Metrics summary (averaged over all series/windows/variates):
      MSE: 2867460.2287
      MAE: 390.9360
      RMSE: 436.8168
      MAPE: 0.2215
      sMAPE: 0.2273
      MASE: 1.8750
      ND: 0.2211
      CRPS: 0.1826
  Completed: 1 series x 5 windows
  Output: /scratch/users/h61084/codes/improved/outputs/results/seasonal_naive

============================================================
All experiments completed!
Results saved to: /scratch/users/h61084/codes/improved/outputs/results/seasonal_naive
============================================================

############################################################
# All 1 dataset(s) completed!
############################################################

############################################################
# Dataset 1/1: Vehicle_Sales/M
############################################################
Loading configuration...

============================================================
Model: Seasonal Naive
Dataset: Vehicle_Sales/M
Terms: ['short']
============================================================

--- Term: short ---
  Config: prediction_length=12, test_length=60, val_length=12
  Dataset info:
    - Frequency: M
    - Num series: 1
    - Target dim: 10
    - Series length: min=596, max=596, avg=596.0
    - Test split: 60 steps
    - Prediction length: 12
    - Windows: 5
    - Season length: 12
    Total instances: 50, Series during experiment: 10, Windows: 5
    Collecting ground truth and context...
    Detected to_univariate case: 10 flat series -> 1 series x 10 variates
    Organizing data into arrays...
    Saved predictions (quantiles) to /scratch/users/h61084/codes/improved/outputs/results/seasonal_naive/Vehicle_Sales/M/short/predictions.npz
    Computing per-window metrics...
    Saved metrics to /scratch/users/h61084/codes/improved/outputs/results/seasonal_naive/Vehicle_Sales/M/short/metrics.npz
    Saved config to /scratch/users/h61084/codes/improved/outputs/results/seasonal_naive/Vehicle_Sales/M/short/config.json
    Metrics summary (averaged over all series/windows/variates):
      MSE: 4240.4095
      MAE: 15.4341
      RMSE: 19.1401
      MAPE: 0.1325
      sMAPE: 0.1327
      MASE: 1.2956
      ND: 0.1335
      CRPS: 0.1101
  Completed: 1 series x 5 windows
  Output: /scratch/users/h61084/codes/improved/outputs/results/seasonal_naive

============================================================
All experiments completed!
Results saved to: /scratch/users/h61084/codes/improved/outputs/results/seasonal_naive
============================================================

############################################################
# All 1 dataset(s) completed!
############################################################

############################################################
# Dataset 1/1: Online_Retail_2_UCI/D
############################################################
Loading configuration...

============================================================
Model: Seasonal Naive
Dataset: Online_Retail_2_UCI/D
Terms: ['short']
============================================================

--- Term: short ---
  Config: prediction_length=30, test_length=180, val_length=90
  Dataset info:
    - Frequency: D
    - Num series: 1
    - Target dim: 1
    - Series length: min=739, max=739, avg=739.0
    - Test split: 180 steps
    - Prediction length: 30
    - Windows: 6
    - Season length: 1
    Total instances: 6, Series during experiment: 1, Windows: 6
    Collecting ground truth and context...
    Organizing data into arrays...
    ⚠️  Predictions max value (227947.41) exceeds float16 safe range.
    ⚠️  Applying scale factor: 10 (values will be divided)
    Saved predictions (quantiles) to /scratch/users/h61084/codes/improved/outputs/results/seasonal_naive/Online_Retail_2_UCI/D/short/predictions.npz
    Computing per-window metrics...
    Saved metrics to /scratch/users/h61084/codes/improved/outputs/results/seasonal_naive/Online_Retail_2_UCI/D/short/metrics.npz
    Saved config to /scratch/users/h61084/codes/improved/outputs/results/seasonal_naive/Online_Retail_2_UCI/D/short/config.json
    Metrics summary (averaged over all series/windows/variates):
      MSE: 1466447722.0147
      MAE: 30018.4168
      RMSE: 35726.3366
      MAPE: 0.9665
      sMAPE: 0.9763
      MASE: 1.8269
      ND: 0.9669
      CRPS: 0.8744
  Completed: 1 series x 6 windows
  Output: /scratch/users/h61084/codes/improved/outputs/results/seasonal_naive

============================================================
All experiments completed!
Results saved to: /scratch/users/h61084/codes/improved/outputs/results/seasonal_naive
============================================================

############################################################
# All 1 dataset(s) completed!
############################################################

############################################################
# Dataset 1/1: Supply_Chain_Customer/D
############################################################
Loading configuration...

============================================================
Model: Seasonal Naive
Dataset: Supply_Chain_Customer/D
Terms: ['short']
============================================================

--- Term: short ---
  Config: prediction_length=30, test_length=365, val_length=90
  Dataset info:
    - Frequency: D
    - Num series: 1
    - Target dim: 36
    - Series length: min=2007, max=2007, avg=2007.0
    - Test split: 365 steps
    - Prediction length: 30
    - Windows: 12
    - Season length: 1
    Total instances: 432, Series during experiment: 36, Windows: 12
    Collecting ground truth and context...
    Detected to_univariate case: 36 flat series -> 1 series x 36 variates
    Organizing data into arrays...
    ⚠️  Predictions max value (484642.56) exceeds float16 safe range.
    ⚠️  Applying scale factor: 10 (values will be divided)
    Saved predictions (quantiles) to /scratch/users/h61084/codes/improved/outputs/results/seasonal_naive/Supply_Chain_Customer/D/short/predictions.npz
    Computing per-window metrics...
    Saved metrics to /scratch/users/h61084/codes/improved/outputs/results/seasonal_naive/Supply_Chain_Customer/D/short/metrics.npz
    Saved config to /scratch/users/h61084/codes/improved/outputs/results/seasonal_naive/Supply_Chain_Customer/D/short/config.json
    Metrics summary (averaged over all series/windows/variates):
      MSE: 176018832.1459
      MAE: 4664.2584
      RMSE: 5698.5294
      MAPE: 1.6185
      sMAPE: 0.9469
      MASE: 1.6403
      ND: 0.9651
      CRPS: 1.0647
  Completed: 1 series x 12 windows
  Output: /scratch/users/h61084/codes/improved/outputs/results/seasonal_naive

============================================================
All experiments completed!
Results saved to: /scratch/users/h61084/codes/improved/outputs/results/seasonal_naive
============================================================

############################################################
# All 1 dataset(s) completed!
############################################################

############################################################
# Dataset 1/1: Supply_Chain_Location/D
############################################################
Loading configuration...

============================================================
Model: Seasonal Naive
Dataset: Supply_Chain_Location/D
Terms: ['short']
============================================================

--- Term: short ---
  Config: prediction_length=30, test_length=365, val_length=90
  Dataset info:
    - Frequency: D
    - Num series: 1
    - Target dim: 51
    - Series length: min=2007, max=2007, avg=2007.0
    - Test split: 365 steps
    - Prediction length: 30
    - Windows: 12
    - Season length: 1
    Total instances: 612, Series during experiment: 51, Windows: 12
    Collecting ground truth and context...
    Detected to_univariate case: 51 flat series -> 1 series x 51 variates
    Organizing data into arrays...
    ⚠️  Predictions max value (241383.70) exceeds float16 safe range.
    ⚠️  Applying scale factor: 10 (values will be divided)
    Saved predictions (quantiles) to /scratch/users/h61084/codes/improved/outputs/results/seasonal_naive/Supply_Chain_Location/D/short/predictions.npz
    Computing per-window metrics...
    Saved metrics to /scratch/users/h61084/codes/improved/outputs/results/seasonal_naive/Supply_Chain_Location/D/short/metrics.npz
    Saved config to /scratch/users/h61084/codes/improved/outputs/results/seasonal_naive/Supply_Chain_Location/D/short/config.json
    Metrics summary (averaged over all series/windows/variates):
      MSE: 83336973.9169
      MAE: 3818.4698
      RMSE: 4618.0137
      MAPE: 1.5910
      sMAPE: 0.9350
      MASE: 1.5517
      ND: 0.9218
      CRPS: 1.0510
  Completed: 1 series x 12 windows
  Output: /scratch/users/h61084/codes/improved/outputs/results/seasonal_naive

============================================================
All experiments completed!
Results saved to: /scratch/users/h61084/codes/improved/outputs/results/seasonal_naive
============================================================

############################################################
# All 1 dataset(s) completed!
############################################################

############################################################
# Dataset 1/1: azure2019_D/5T
############################################################
Loading configuration...

============================================================
Model: Seasonal Naive
Dataset: azure2019_D/5T
Terms: ['short']
============================================================

--- Term: short ---
  Config: prediction_length=288, test_length=864, val_length=864
  Dataset info:
    - Frequency: 5T
    - Num series: 989
    - Target dim: 3
    - Series length: min=8073, max=8639, avg=8627.0
    - Test split: 864 steps
    - Prediction length: 288
    - Windows: 3
    - Season length: 288
    Total instances: 8901, Series during experiment: 2967, Windows: 3
    Collecting ground truth and context...
    Detected to_univariate case: 2967 flat series -> 989 series x 3 variates
    Organizing data into arrays...
    Saved predictions (quantiles) to /scratch/users/h61084/codes/improved/outputs/results/seasonal_naive/azure2019_D/5T/short/predictions.npz
    Computing per-window metrics...
    Saved metrics to /scratch/users/h61084/codes/improved/outputs/results/seasonal_naive/azure2019_D/5T/short/metrics.npz
    Saved config to /scratch/users/h61084/codes/improved/outputs/results/seasonal_naive/azure2019_D/5T/short/config.json
    Metrics summary (averaged over all series/windows/variates):
      MSE: 108.7054
      MAE: 3.9136
      RMSE: 5.3028
      MAPE: 0.4046
      sMAPE: 0.2677
      MASE: 1.0951
      ND: 0.3050
      CRPS: 0.2934
  Completed: 989 series x 3 windows
  Output: /scratch/users/h61084/codes/improved/outputs/results/seasonal_naive

============================================================
All experiments completed!
Results saved to: /scratch/users/h61084/codes/improved/outputs/results/seasonal_naive
============================================================

############################################################
# All 1 dataset(s) completed!
############################################################

############################################################
# Dataset 1/1: azure2019_I/5T
############################################################
Loading configuration...

============================================================
Model: Seasonal Naive
Dataset: azure2019_I/5T
Terms: ['short']
============================================================

--- Term: short ---
  Config: prediction_length=288, test_length=864, val_length=864
  Dataset info:
    - Frequency: 5T
    - Num series: 492
    - Target dim: 3
    - Series length: min=8250, max=8639, avg=8630.4
    - Test split: 864 steps
    - Prediction length: 288
    - Windows: 3
    - Season length: 288
    Total instances: 4428, Series during experiment: 1476, Windows: 3
    Collecting ground truth and context...
    Detected to_univariate case: 1476 flat series -> 492 series x 3 variates
    Organizing data into arrays...
    Saved predictions (quantiles) to /scratch/users/h61084/codes/improved/outputs/results/seasonal_naive/azure2019_I/5T/short/predictions.npz
    Computing per-window metrics...
    Saved metrics to /scratch/users/h61084/codes/improved/outputs/results/seasonal_naive/azure2019_I/5T/short/metrics.npz
    Saved config to /scratch/users/h61084/codes/improved/outputs/results/seasonal_naive/azure2019_I/5T/short/config.json
    Metrics summary (averaged over all series/windows/variates):
      MSE: 79.6986
      MAE: 3.2300
      RMSE: 4.5032
      MAPE: 0.3751
      sMAPE: 0.2284
      MASE: 1.0152
      ND: 0.2508
      CRPS: 0.2294
  Completed: 492 series x 3 windows
  Output: /scratch/users/h61084/codes/improved/outputs/results/seasonal_naive

============================================================
All experiments completed!
Results saved to: /scratch/users/h61084/codes/improved/outputs/results/seasonal_naive
============================================================

############################################################
# All 1 dataset(s) completed!
############################################################

############################################################
# Dataset 1/1: azure2019_U/5T
############################################################
Loading configuration...

============================================================
Model: Seasonal Naive
Dataset: azure2019_U/5T
Terms: ['short']
============================================================

--- Term: short ---
  Config: prediction_length=48, test_length=288, val_length=96
  Dataset info:
    - Frequency: 5T
    - Num series: 78
    - Target dim: 3
    - Series length: min=882, max=2006, avg=1406.1
    - Test split: 288 steps
    - Prediction length: 48
    - Windows: 6
    - Season length: 288
    Total instances: 1404, Series during experiment: 234, Windows: 6
    Collecting ground truth and context...
    Detected to_univariate case: 234 flat series -> 78 series x 3 variates
    Organizing data into arrays...
    Saved predictions (quantiles) to /scratch/users/h61084/codes/improved/outputs/results/seasonal_naive/azure2019_U/5T/short/predictions.npz
    Computing per-window metrics...
    Saved metrics to /scratch/users/h61084/codes/improved/outputs/results/seasonal_naive/azure2019_U/5T/short/metrics.npz
    Saved config to /scratch/users/h61084/codes/improved/outputs/results/seasonal_naive/azure2019_U/5T/short/config.json
    Metrics summary (averaged over all series/windows/variates):
      MSE: 136.5811
      MAE: 4.1358
      RMSE: 5.2856
      MAPE: 0.7485
      sMAPE: 0.3463
      MASE: 1.1507
      ND: 0.4514
      CRPS: 0.5773
  Completed: 78 series x 6 windows
  Output: /scratch/users/h61084/codes/improved/outputs/results/seasonal_naive

============================================================
All experiments completed!
Results saved to: /scratch/users/h61084/codes/improved/outputs/results/seasonal_naive
============================================================

############################################################
# All 1 dataset(s) completed!
############################################################

############################################################
# Dataset 1/1: Smart_Manufacturing/H
############################################################
Loading configuration...

============================================================
Model: Seasonal Naive
Dataset: Smart_Manufacturing/H
Terms: ['short', 'medium', 'long']
============================================================

--- Term: short ---
  Config: prediction_length=24, test_length=336, val_length=336
  Dataset info:
    - Frequency: H
    - Num series: 34
    - Target dim: 5
    - Series length: min=1661, max=1667, avg=1665.9
    - Test split: 336 steps
    - Prediction length: 24
    - Windows: 14
    - Season length: 24
    Total instances: 2380, Series during experiment: 170, Windows: 14
    Collecting ground truth and context...
    Detected to_univariate case: 170 flat series -> 34 series x 5 variates
    Organizing data into arrays...
    Saved predictions (quantiles) to /scratch/users/h61084/codes/improved/outputs/results/seasonal_naive/Smart_Manufacturing/H/short/predictions.npz
    Computing per-window metrics...
    Saved metrics to /scratch/users/h61084/codes/improved/outputs/results/seasonal_naive/Smart_Manufacturing/H/short/metrics.npz
    Saved config to /scratch/users/h61084/codes/improved/outputs/results/seasonal_naive/Smart_Manufacturing/H/short/config.json
    Metrics summary (averaged over all series/windows/variates):
      MSE: 159.2497
      MAE: 8.1470
      RMSE: 10.0273
      MAPE: 0.4278
      sMAPE: 0.3172
      MASE: 1.0066
      ND: 0.3051
      CRPS: 0.2354
  Completed: 34 series x 14 windows
  Output: /scratch/users/h61084/codes/improved/outputs/results/seasonal_naive

--- Term: medium ---
  Config: prediction_length=168, test_length=336, val_length=336
  Dataset info:
    - Frequency: H
    - Num series: 34
    - Target dim: 5
    - Series length: min=1661, max=1667, avg=1665.9
    - Test split: 336 steps
    - Prediction length: 168
    - Windows: 2
    - Season length: 24
    Total instances: 340, Series during experiment: 170, Windows: 2
    Collecting ground truth and context...
    Detected to_univariate case: 170 flat series -> 34 series x 5 variates
    Organizing data into arrays...
    Saved predictions (quantiles) to /scratch/users/h61084/codes/improved/outputs/results/seasonal_naive/Smart_Manufacturing/H/medium/predictions.npz
    Computing per-window metrics...
    Saved metrics to /scratch/users/h61084/codes/improved/outputs/results/seasonal_naive/Smart_Manufacturing/H/medium/metrics.npz
    Saved config to /scratch/users/h61084/codes/improved/outputs/results/seasonal_naive/Smart_Manufacturing/H/medium/config.json
    Metrics summary (averaged over all series/windows/variates):
      MSE: 170.9489
      MAE: 8.3964
      RMSE: 10.4714
      MAPE: 0.4363
      sMAPE: 0.3311
      MASE: 1.0351
      ND: 0.3121
      CRPS: 0.2724
  Completed: 34 series x 2 windows
  Output: /scratch/users/h61084/codes/improved/outputs/results/seasonal_naive

--- Term: long ---
  Config: prediction_length=336, test_length=336, val_length=336
  Dataset info:
    - Frequency: H
    - Num series: 34
    - Target dim: 5
    - Series length: min=1661, max=1667, avg=1665.9
    - Test split: 336 steps
    - Prediction length: 336
    - Windows: 1
    - Season length: 24
    Total instances: 170, Series during experiment: 170, Windows: 1
    Collecting ground truth and context...
    Detected to_univariate case: 170 flat series -> 34 series x 5 variates
    Organizing data into arrays...
    Saved predictions (quantiles) to /scratch/users/h61084/codes/improved/outputs/results/seasonal_naive/Smart_Manufacturing/H/long/predictions.npz
    Computing per-window metrics...
    Saved metrics to /scratch/users/h61084/codes/improved/outputs/results/seasonal_naive/Smart_Manufacturing/H/long/metrics.npz
    Saved config to /scratch/users/h61084/codes/improved/outputs/results/seasonal_naive/Smart_Manufacturing/H/long/config.json
    Metrics summary (averaged over all series/windows/variates):
      MSE: 176.0101
      MAE: 8.5738
      RMSE: 10.6524
      MAPE: 0.4485
      sMAPE: 0.3367
      MASE: 1.0587
      ND: 0.3182
      CRPS: 0.3172
  Completed: 34 series x 1 windows
  Output: /scratch/users/h61084/codes/improved/outputs/results/seasonal_naive

============================================================
All experiments completed!
Results saved to: /scratch/users/h61084/codes/improved/outputs/results/seasonal_naive
============================================================

############################################################
# All 1 dataset(s) completed!
############################################################

############################################################
# Dataset 1/1: MetroPT-3/5T
############################################################
Loading configuration...

============================================================
Model: Seasonal Naive
Dataset: MetroPT-3/5T
Terms: ['short', 'medium', 'long']
============================================================

--- Term: short ---
  Config: prediction_length=48, test_length=1728, val_length=1728
  Dataset info:
    - Frequency: 5T
    - Num series: 1
    - Target dim: 6
    - Series length: min=17809, max=17809, avg=17809.0
    - Test split: 1728 steps
    - Prediction length: 48
    - Windows: 36
    - Season length: 288
    Total instances: 216, Series during experiment: 6, Windows: 36
    Collecting ground truth and context...
    Detected to_univariate case: 6 flat series -> 1 series x 6 variates
    Organizing data into arrays...
    Saved predictions (quantiles) to /scratch/users/h61084/codes/improved/outputs/results/seasonal_naive/MetroPT-3/5T/short/predictions.npz
    Computing per-window metrics...
    Saved metrics to /scratch/users/h61084/codes/improved/outputs/results/seasonal_naive/MetroPT-3/5T/short/metrics.npz
    Saved config to /scratch/users/h61084/codes/improved/outputs/results/seasonal_naive/MetroPT-3/5T/short/config.json
    Metrics summary (averaged over all series/windows/variates):
      MSE: 5.9941
      MAE: 1.5580
      RMSE: 1.9754
      MAPE: 12.0838
      sMAPE: 0.5485
      MASE: 0.8526
      ND: 0.4490
      CRPS: 0.3805
  Completed: 1 series x 36 windows
  Output: /scratch/users/h61084/codes/improved/outputs/results/seasonal_naive

--- Term: medium ---
  Config: prediction_length=288, test_length=1728, val_length=1728
  Dataset info:
    - Frequency: 5T
    - Num series: 1
    - Target dim: 6
    - Series length: min=17809, max=17809, avg=17809.0
    - Test split: 1728 steps
    - Prediction length: 288
    - Windows: 6
    - Season length: 288
    Total instances: 36, Series during experiment: 6, Windows: 6
    Collecting ground truth and context...
    Detected to_univariate case: 6 flat series -> 1 series x 6 variates
    Organizing data into arrays...
    Saved predictions (quantiles) to /scratch/users/h61084/codes/improved/outputs/results/seasonal_naive/MetroPT-3/5T/medium/predictions.npz
    Computing per-window metrics...
    Saved metrics to /scratch/users/h61084/codes/improved/outputs/results/seasonal_naive/MetroPT-3/5T/medium/metrics.npz
    Saved config to /scratch/users/h61084/codes/improved/outputs/results/seasonal_naive/MetroPT-3/5T/medium/config.json
    Metrics summary (averaged over all series/windows/variates):
      MSE: 5.7945
      MAE: 1.5317
      RMSE: 1.9835
      MAPE: 12.5538
      sMAPE: 0.5319
      MASE: 0.8288
      ND: 0.4359
      CRPS: 0.3690
  Completed: 1 series x 6 windows
  Output: /scratch/users/h61084/codes/improved/outputs/results/seasonal_naive

--- Term: long ---
  Config: prediction_length=576, test_length=1728, val_length=1728
  Dataset info:
    - Frequency: 5T
    - Num series: 1
    - Target dim: 6
    - Series length: min=17809, max=17809, avg=17809.0
    - Test split: 1728 steps
    - Prediction length: 576
    - Windows: 3
    - Season length: 288
    Total instances: 18, Series during experiment: 6, Windows: 3
    Collecting ground truth and context...
    Detected to_univariate case: 6 flat series -> 1 series x 6 variates
    Organizing data into arrays...
    Saved predictions (quantiles) to /scratch/users/h61084/codes/improved/outputs/results/seasonal_naive/MetroPT-3/5T/long/predictions.npz
    Computing per-window metrics...
    Saved metrics to /scratch/users/h61084/codes/improved/outputs/results/seasonal_naive/MetroPT-3/5T/long/metrics.npz
    Saved config to /scratch/users/h61084/codes/improved/outputs/results/seasonal_naive/MetroPT-3/5T/long/config.json
    Metrics summary (averaged over all series/windows/variates):
      MSE: 5.5754
      MAE: 1.5172
      RMSE: 1.9664
      MAPE: 15.3706
      sMAPE: 0.5170
      MASE: 0.8384
      ND: 0.4611
      CRPS: 0.3930
  Completed: 1 series x 3 windows
  Output: /scratch/users/h61084/codes/improved/outputs/results/seasonal_naive

============================================================
All experiments completed!
Results saved to: /scratch/users/h61084/codes/improved/outputs/results/seasonal_naive
============================================================

############################################################
# All 1 dataset(s) completed!
############################################################
2026-09-01 00:40:39 | task model=seasonal_naive runner=run_seasonal_naive.sh environment=uv completed status=success
2026-09-01 00:40:39 | stage evaluate completed status=success
2026-09-01 00:40:39 | workflow foundation_models completed status=success exit_code=0
