2026-09-05 22:25:43 | workflow foundation_models started launch_id=selena_20260905T202540Z_30178 task=seasonal_naive slurm_job_id=3157894 slurm_array_job_id=none slurm_array_task_id=none
2026-09-05 22:25:43 | stage evaluate started
2026-09-05 22:25:43 | task model=seasonal_naive runner=run_seasonal_naive.sh environment=uv covariate_mode=none target_mode=auto started
[2026-09-05 22:25:43] TIME runner: run_seasonal_naive.sh
[2026-09-05 22:25:43] datasets: /scratch/users/h61084/datasets/hf_dataset
[2026-09-05 22:25:43] weights: /scratch/users/h61084/weights
[2026-09-05 22:25:43] outputs: /scratch/users/h61084/codes/improved/outputs
[2026-09-05 22:25:43] covariate mode: none
[2026-09-05 22:25:43] target mode: auto

############################################################
# Dataset 1/1: Water_Quality_Darwin/15T
############################################################
Loading configuration...

============================================================
Model: Seasonal Naive
Dataset: Water_Quality_Darwin/15T
Terms: ['short', 'medium', 'long']
============================================================

--- Term: short ---
  Config: prediction_length=16, test_length=1440, val_length=1440
TIME run allocation action=new run=/fslarge/scratch/users/h61084/codes/improved/outputs/foundation_models/tasks/seasonal_naive/univariate/Water_Quality_Darwin/15T/short/run_0 launch_id=selena_20260905T202540Z_30178 slurm_job_id=3157894 launched_at=2026-09-05T20:25:52.646693+00:00
  Dataset info:
    - Frequency: 15T
    - Num series: 7
    - Target dim: 6
    - Target mode: univariate
    - Series length: min=8662, max=18985, avg=15229.4
    - Test split: 1440 steps
    - Prediction length: 16
    - Windows: 90
    - Season length: 96
    Total instances: 3780, Series during experiment: 42, Windows: 90
    Collecting ground truth and context...
    Detected to_univariate case: 42 flat series -> 7 series x 6 variates
    Organizing data into arrays...
    Saved predictions (quantiles) to /fslarge/scratch/users/h61084/codes/improved/outputs/foundation_models/tasks/seasonal_naive/univariate/Water_Quality_Darwin/15T/short/run_0/predictions.npz
    Computing per-window metrics...
    Saved metrics to /fslarge/scratch/users/h61084/codes/improved/outputs/foundation_models/tasks/seasonal_naive/univariate/Water_Quality_Darwin/15T/short/run_0/metrics.npz
    Saved config to /fslarge/scratch/users/h61084/codes/improved/outputs/foundation_models/tasks/seasonal_naive/univariate/Water_Quality_Darwin/15T/short/run_0/config.json
    Saved aggregate metrics to /fslarge/scratch/users/h61084/codes/improved/outputs/foundation_models/tasks/seasonal_naive/univariate/Water_Quality_Darwin/15T/short/run_0/metrics_summary.json
    Metrics summary (averaged over all series/windows/variates):
      MSE: 5.1474
      MAE: 0.7690
      RMSE: 0.8761
      MAPE: 0.1072
      sMAPE: 0.1002
      MASE: 1.1108
      ND: 0.1038
      CRPS: 0.1051
  Completed: 7 series x 90 windows
  Output: /fslarge/scratch/users/h61084/codes/improved/outputs/foundation_models/tasks/seasonal_naive/univariate/Water_Quality_Darwin/15T/short/run_0

--- Term: medium ---
  Config: prediction_length=96, test_length=1440, val_length=1440
TIME run allocation action=new run=/fslarge/scratch/users/h61084/codes/improved/outputs/foundation_models/tasks/seasonal_naive/univariate/Water_Quality_Darwin/15T/medium/run_0 launch_id=selena_20260905T202540Z_30178 slurm_job_id=3157894 launched_at=2026-09-05T20:26:26.006263+00:00
  Dataset info:
    - Frequency: 15T
    - Num series: 7
    - Target dim: 6
    - Target mode: univariate
    - Series length: min=8662, max=18985, avg=15229.4
    - Test split: 1440 steps
    - Prediction length: 96
    - Windows: 15
    - Season length: 96
    Total instances: 630, Series during experiment: 42, Windows: 15
    Collecting ground truth and context...
    Detected to_univariate case: 42 flat series -> 7 series x 6 variates
    Organizing data into arrays...
    Saved predictions (quantiles) to /fslarge/scratch/users/h61084/codes/improved/outputs/foundation_models/tasks/seasonal_naive/univariate/Water_Quality_Darwin/15T/medium/run_0/predictions.npz
    Computing per-window metrics...
    Saved metrics to /fslarge/scratch/users/h61084/codes/improved/outputs/foundation_models/tasks/seasonal_naive/univariate/Water_Quality_Darwin/15T/medium/run_0/metrics.npz
    Saved config to /fslarge/scratch/users/h61084/codes/improved/outputs/foundation_models/tasks/seasonal_naive/univariate/Water_Quality_Darwin/15T/medium/run_0/config.json
    Saved aggregate metrics to /fslarge/scratch/users/h61084/codes/improved/outputs/foundation_models/tasks/seasonal_naive/univariate/Water_Quality_Darwin/15T/medium/run_0/metrics_summary.json
    Metrics summary (averaged over all series/windows/variates):
      MSE: 5.4231
      MAE: 0.7718
      RMSE: 0.9647
      MAPE: 0.1023
      sMAPE: 0.0964
      MASE: 1.1135
      ND: 0.0954
      CRPS: 0.0985
  Completed: 7 series x 15 windows
  Output: /fslarge/scratch/users/h61084/codes/improved/outputs/foundation_models/tasks/seasonal_naive/univariate/Water_Quality_Darwin/15T/medium/run_0

--- Term: long ---
  Config: prediction_length=288, test_length=1440, val_length=1440
TIME run allocation action=new run=/fslarge/scratch/users/h61084/codes/improved/outputs/foundation_models/tasks/seasonal_naive/univariate/Water_Quality_Darwin/15T/long/run_0 launch_id=selena_20260905T202540Z_30178 slurm_job_id=3157894 launched_at=2026-09-05T20:26:42.516109+00:00
  Dataset info:
    - Frequency: 15T
    - Num series: 7
    - Target dim: 6
    - Target mode: univariate
    - Series length: min=8662, max=18985, avg=15229.4
    - Test split: 1440 steps
    - Prediction length: 288
    - Windows: 5
    - Season length: 96
    Total instances: 210, Series during experiment: 42, Windows: 5
    Collecting ground truth and context...
    Detected to_univariate case: 42 flat series -> 7 series x 6 variates
    Organizing data into arrays...
    Saved predictions (quantiles) to /fslarge/scratch/users/h61084/codes/improved/outputs/foundation_models/tasks/seasonal_naive/univariate/Water_Quality_Darwin/15T/long/run_0/predictions.npz
    Computing per-window metrics...
    Saved metrics to /fslarge/scratch/users/h61084/codes/improved/outputs/foundation_models/tasks/seasonal_naive/univariate/Water_Quality_Darwin/15T/long/run_0/metrics.npz
    Saved config to /fslarge/scratch/users/h61084/codes/improved/outputs/foundation_models/tasks/seasonal_naive/univariate/Water_Quality_Darwin/15T/long/run_0/config.json
    Saved aggregate metrics to /fslarge/scratch/users/h61084/codes/improved/outputs/foundation_models/tasks/seasonal_naive/univariate/Water_Quality_Darwin/15T/long/run_0/metrics_summary.json
    Metrics summary (averaged over all series/windows/variates):
      MSE: 9.4562
      MAE: 1.0908
      RMSE: 1.3710
      MAPE: 0.1589
      sMAPE: 0.1358
      MASE: 1.6196
      ND: 0.1373
      CRPS: 0.1372
  Completed: 7 series x 5 windows
  Output: /fslarge/scratch/users/h61084/codes/improved/outputs/foundation_models/tasks/seasonal_naive/univariate/Water_Quality_Darwin/15T/long/run_0

============================================================
All experiments completed!
Results saved to: /scratch/users/h61084/codes/improved/outputs/foundation_models/tasks
============================================================

############################################################
# All 1 dataset(s) completed!
############################################################

############################################################
# Dataset 1/1: current_velocity/5T
############################################################
Loading configuration...

============================================================
Model: Seasonal Naive
Dataset: current_velocity/5T
Terms: ['short', 'medium', 'long']
============================================================

--- Term: short ---
  Config: prediction_length=36, test_length=4320, val_length=4320
TIME run allocation action=new run=/fslarge/scratch/users/h61084/codes/improved/outputs/foundation_models/tasks/seasonal_naive/univariate/current_velocity/5T/short/run_0 launch_id=selena_20260905T202540Z_30178 slurm_job_id=3157894 launched_at=2026-09-05T20:27:00.920055+00:00
  Dataset info:
    - Frequency: 5T
    - Num series: 1
    - Target dim: 6
    - Target mode: univariate
    - Series length: min=26486, max=26486, avg=26486.0
    - Test split: 4320 steps
    - Prediction length: 36
    - Windows: 120
    - Season length: 288
    Total instances: 720, Series during experiment: 6, Windows: 120
    Collecting ground truth and context...
    Detected to_univariate case: 6 flat series -> 1 series x 6 variates
    Organizing data into arrays...
    Saved predictions (quantiles) to /fslarge/scratch/users/h61084/codes/improved/outputs/foundation_models/tasks/seasonal_naive/univariate/current_velocity/5T/short/run_0/predictions.npz
    Computing per-window metrics...
    Saved metrics to /fslarge/scratch/users/h61084/codes/improved/outputs/foundation_models/tasks/seasonal_naive/univariate/current_velocity/5T/short/run_0/metrics.npz
    Saved config to /fslarge/scratch/users/h61084/codes/improved/outputs/foundation_models/tasks/seasonal_naive/univariate/current_velocity/5T/short/run_0/config.json
    Saved aggregate metrics to /fslarge/scratch/users/h61084/codes/improved/outputs/foundation_models/tasks/seasonal_naive/univariate/current_velocity/5T/short/run_0/metrics_summary.json
    Metrics summary (averaged over all series/windows/variates):
      MSE: 9.3514
      MAE: 1.1007
      RMSE: 1.2416
      MAPE: 0.9644
      sMAPE: 0.5039
      MASE: 0.9257
      ND: 0.5887
      CRPS: 0.4555
  Completed: 1 series x 120 windows
  Output: /fslarge/scratch/users/h61084/codes/improved/outputs/foundation_models/tasks/seasonal_naive/univariate/current_velocity/5T/short/run_0

--- Term: medium ---
  Config: prediction_length=288, test_length=4320, val_length=4320
TIME run allocation action=new run=/fslarge/scratch/users/h61084/codes/improved/outputs/foundation_models/tasks/seasonal_naive/univariate/current_velocity/5T/medium/run_0 launch_id=selena_20260905T202540Z_30178 slurm_job_id=3157894 launched_at=2026-09-05T20:27:12.655864+00:00
  Dataset info:
    - Frequency: 5T
    - Num series: 1
    - Target dim: 6
    - Target mode: univariate
    - Series length: min=26486, max=26486, avg=26486.0
    - Test split: 4320 steps
    - Prediction length: 288
    - Windows: 15
    - Season length: 288
    Total instances: 90, Series during experiment: 6, Windows: 15
    Collecting ground truth and context...
    Detected to_univariate case: 6 flat series -> 1 series x 6 variates
    Organizing data into arrays...
    Saved predictions (quantiles) to /fslarge/scratch/users/h61084/codes/improved/outputs/foundation_models/tasks/seasonal_naive/univariate/current_velocity/5T/medium/run_0/predictions.npz
    Computing per-window metrics...
    Saved metrics to /fslarge/scratch/users/h61084/codes/improved/outputs/foundation_models/tasks/seasonal_naive/univariate/current_velocity/5T/medium/run_0/metrics.npz
    Saved config to /fslarge/scratch/users/h61084/codes/improved/outputs/foundation_models/tasks/seasonal_naive/univariate/current_velocity/5T/medium/run_0/config.json
    Saved aggregate metrics to /fslarge/scratch/users/h61084/codes/improved/outputs/foundation_models/tasks/seasonal_naive/univariate/current_velocity/5T/medium/run_0/metrics_summary.json
    Metrics summary (averaged over all series/windows/variates):
      MSE: 9.2541
      MAE: 1.0942
      RMSE: 1.3276
      MAPE: 0.9472
      sMAPE: 0.4995
      MASE: 0.9268
      ND: 0.5046
      CRPS: 0.3976
  Completed: 1 series x 15 windows
  Output: /fslarge/scratch/users/h61084/codes/improved/outputs/foundation_models/tasks/seasonal_naive/univariate/current_velocity/5T/medium/run_0

--- Term: long ---
  Config: prediction_length=864, test_length=4320, val_length=4320
TIME run allocation action=new run=/fslarge/scratch/users/h61084/codes/improved/outputs/foundation_models/tasks/seasonal_naive/univariate/current_velocity/5T/long/run_0 launch_id=selena_20260905T202540Z_30178 slurm_job_id=3157894 launched_at=2026-09-05T20:27:19.212484+00:00
  Dataset info:
    - Frequency: 5T
    - Num series: 1
    - Target dim: 6
    - Target mode: univariate
    - Series length: min=26486, max=26486, avg=26486.0
    - Test split: 4320 steps
    - Prediction length: 864
    - Windows: 5
    - Season length: 288
    Total instances: 30, Series during experiment: 6, Windows: 5
    Collecting ground truth and context...
    Detected to_univariate case: 6 flat series -> 1 series x 6 variates
    Organizing data into arrays...
    Saved predictions (quantiles) to /fslarge/scratch/users/h61084/codes/improved/outputs/foundation_models/tasks/seasonal_naive/univariate/current_velocity/5T/long/run_0/predictions.npz
    Computing per-window metrics...
    Saved metrics to /fslarge/scratch/users/h61084/codes/improved/outputs/foundation_models/tasks/seasonal_naive/univariate/current_velocity/5T/long/run_0/metrics.npz
    Saved config to /fslarge/scratch/users/h61084/codes/improved/outputs/foundation_models/tasks/seasonal_naive/univariate/current_velocity/5T/long/run_0/config.json
    Saved aggregate metrics to /fslarge/scratch/users/h61084/codes/improved/outputs/foundation_models/tasks/seasonal_naive/univariate/current_velocity/5T/long/run_0/metrics_summary.json
    Metrics summary (averaged over all series/windows/variates):
      MSE: 8.1225
      MAE: 1.0483
      RMSE: 1.3025
      MAPE: 1.0526
      sMAPE: 0.5217
      MASE: 1.1070
      ND: 0.5313
      CRPS: 0.4322
  Completed: 1 series x 5 windows
  Output: /fslarge/scratch/users/h61084/codes/improved/outputs/foundation_models/tasks/seasonal_naive/univariate/current_velocity/5T/long/run_0

============================================================
All experiments completed!
Results saved to: /scratch/users/h61084/codes/improved/outputs/foundation_models/tasks
============================================================

############################################################
# All 1 dataset(s) completed!
############################################################

############################################################
# Dataset 1/1: current_velocity/10T
############################################################
Loading configuration...

============================================================
Model: Seasonal Naive
Dataset: current_velocity/10T
Terms: ['short', 'medium', 'long']
============================================================

--- Term: short ---
  Config: prediction_length=18, test_length=2160, val_length=2160
TIME run allocation action=new run=/fslarge/scratch/users/h61084/codes/improved/outputs/foundation_models/tasks/seasonal_naive/univariate/current_velocity/10T/short/run_0 launch_id=selena_20260905T202540Z_30178 slurm_job_id=3157894 launched_at=2026-09-05T20:27:28.815482+00:00
  Dataset info:
    - Frequency: 10T
    - Num series: 10
    - Target dim: 6
    - Target mode: univariate
    - Series length: min=7481, max=31957, avg=20668.5
    - Test split: 2160 steps
    - Prediction length: 18
    - Windows: 120
    - Season length: 144
    Total instances: 7200, Series during experiment: 60, Windows: 120
    Collecting ground truth and context...
    Detected to_univariate case: 60 flat series -> 10 series x 6 variates
    Organizing data into arrays...
    Saved predictions (quantiles) to /fslarge/scratch/users/h61084/codes/improved/outputs/foundation_models/tasks/seasonal_naive/univariate/current_velocity/10T/short/run_0/predictions.npz
    Computing per-window metrics...
    Saved metrics to /fslarge/scratch/users/h61084/codes/improved/outputs/foundation_models/tasks/seasonal_naive/univariate/current_velocity/10T/short/run_0/metrics.npz
    Saved config to /fslarge/scratch/users/h61084/codes/improved/outputs/foundation_models/tasks/seasonal_naive/univariate/current_velocity/10T/short/run_0/config.json
    Saved aggregate metrics to /fslarge/scratch/users/h61084/codes/improved/outputs/foundation_models/tasks/seasonal_naive/univariate/current_velocity/10T/short/run_0/metrics_summary.json
    Metrics summary (averaged over all series/windows/variates):
      MSE: 15.5729
      MAE: 1.2031
      RMSE: 1.4400
      MAPE: 4827.1644
      sMAPE: 0.5433
      MASE: 1.0547
      ND: 0.5624
      CRPS: 0.4456
  Completed: 10 series x 120 windows
  Output: /fslarge/scratch/users/h61084/codes/improved/outputs/foundation_models/tasks/seasonal_naive/univariate/current_velocity/10T/short/run_0

--- Term: medium ---
  Config: prediction_length=144, test_length=2160, val_length=2160
TIME run allocation action=new run=/fslarge/scratch/users/h61084/codes/improved/outputs/foundation_models/tasks/seasonal_naive/univariate/current_velocity/10T/medium/run_0 launch_id=selena_20260905T202540Z_30178 slurm_job_id=3157894 launched_at=2026-09-05T20:28:32.144853+00:00
  Dataset info:
    - Frequency: 10T
    - Num series: 10
    - Target dim: 6
    - Target mode: univariate
    - Series length: min=7481, max=31957, avg=20668.5
    - Test split: 2160 steps
    - Prediction length: 144
    - Windows: 15
    - Season length: 144
    Total instances: 900, Series during experiment: 60, Windows: 15
    Collecting ground truth and context...
    Detected to_univariate case: 60 flat series -> 10 series x 6 variates
    Organizing data into arrays...
    Saved predictions (quantiles) to /fslarge/scratch/users/h61084/codes/improved/outputs/foundation_models/tasks/seasonal_naive/univariate/current_velocity/10T/medium/run_0/predictions.npz
    Computing per-window metrics...
    Saved metrics to /fslarge/scratch/users/h61084/codes/improved/outputs/foundation_models/tasks/seasonal_naive/univariate/current_velocity/10T/medium/run_0/metrics.npz
    Saved config to /fslarge/scratch/users/h61084/codes/improved/outputs/foundation_models/tasks/seasonal_naive/univariate/current_velocity/10T/medium/run_0/config.json
    Saved aggregate metrics to /fslarge/scratch/users/h61084/codes/improved/outputs/foundation_models/tasks/seasonal_naive/univariate/current_velocity/10T/medium/run_0/metrics_summary.json
    Metrics summary (averaged over all series/windows/variates):
      MSE: 15.4679
      MAE: 1.2048
      RMSE: 1.5657
      MAPE: 4781.2637
      sMAPE: 0.5438
      MASE: 1.0548
      ND: 0.4835
      CRPS: 0.3820
  Completed: 10 series x 15 windows
  Output: /fslarge/scratch/users/h61084/codes/improved/outputs/foundation_models/tasks/seasonal_naive/univariate/current_velocity/10T/medium/run_0

--- Term: long ---
  Config: prediction_length=432, test_length=2160, val_length=2160
TIME run allocation action=new run=/fslarge/scratch/users/h61084/codes/improved/outputs/foundation_models/tasks/seasonal_naive/univariate/current_velocity/10T/long/run_0 launch_id=selena_20260905T202540Z_30178 slurm_job_id=3157894 launched_at=2026-09-05T20:29:06.156570+00:00
  Dataset info:
    - Frequency: 10T
    - Num series: 10
    - Target dim: 6
    - Target mode: univariate
    - Series length: min=7481, max=31957, avg=20668.5
    - Test split: 2160 steps
    - Prediction length: 432
    - Windows: 5
    - Season length: 144
    Total instances: 300, Series during experiment: 60, Windows: 5
    Collecting ground truth and context...
    Detected to_univariate case: 60 flat series -> 10 series x 6 variates
    Organizing data into arrays...
    Saved predictions (quantiles) to /fslarge/scratch/users/h61084/codes/improved/outputs/foundation_models/tasks/seasonal_naive/univariate/current_velocity/10T/long/run_0/predictions.npz
    Computing per-window metrics...
    Saved metrics to /fslarge/scratch/users/h61084/codes/improved/outputs/foundation_models/tasks/seasonal_naive/univariate/current_velocity/10T/long/run_0/metrics.npz
    Saved config to /fslarge/scratch/users/h61084/codes/improved/outputs/foundation_models/tasks/seasonal_naive/univariate/current_velocity/10T/long/run_0/config.json
    Saved aggregate metrics to /fslarge/scratch/users/h61084/codes/improved/outputs/foundation_models/tasks/seasonal_naive/univariate/current_velocity/10T/long/run_0/metrics_summary.json
    Metrics summary (averaged over all series/windows/variates):
      MSE: 20.7346
      MAE: 1.4710
      RMSE: 1.8834
      MAPE: 6565.1913
      sMAPE: 0.6161
      MASE: 1.4591
      ND: 0.5675
      CRPS: 0.4548
  Completed: 10 series x 5 windows
  Output: /fslarge/scratch/users/h61084/codes/improved/outputs/foundation_models/tasks/seasonal_naive/univariate/current_velocity/10T/long/run_0

============================================================
All experiments completed!
Results saved to: /scratch/users/h61084/codes/improved/outputs/foundation_models/tasks
============================================================

############################################################
# All 1 dataset(s) completed!
############################################################

############################################################
# Dataset 1/1: current_velocity/15T
############################################################
Loading configuration...

============================================================
Model: Seasonal Naive
Dataset: current_velocity/15T
Terms: ['short', 'medium', 'long']
============================================================

--- Term: short ---
  Config: prediction_length=12, test_length=1440, val_length=1440
TIME run allocation action=new run=/fslarge/scratch/users/h61084/codes/improved/outputs/foundation_models/tasks/seasonal_naive/univariate/current_velocity/15T/short/run_0 launch_id=selena_20260905T202540Z_30178 slurm_job_id=3157894 launched_at=2026-09-05T20:29:40.924123+00:00
  Dataset info:
    - Frequency: 15T
    - Num series: 5
    - Target dim: 6
    - Target mode: univariate
    - Series length: min=3710, max=17953, avg=8503.2
    - Test split: 1440 steps
    - Prediction length: 12
    - Windows: 120
    - Season length: 96
    Total instances: 3600, Series during experiment: 30, Windows: 120
    Collecting ground truth and context...
    Detected to_univariate case: 30 flat series -> 5 series x 6 variates
    Organizing data into arrays...
    Saved predictions (quantiles) to /fslarge/scratch/users/h61084/codes/improved/outputs/foundation_models/tasks/seasonal_naive/univariate/current_velocity/15T/short/run_0/predictions.npz
    Computing per-window metrics...
    Saved metrics to /fslarge/scratch/users/h61084/codes/improved/outputs/foundation_models/tasks/seasonal_naive/univariate/current_velocity/15T/short/run_0/metrics.npz
    Saved config to /fslarge/scratch/users/h61084/codes/improved/outputs/foundation_models/tasks/seasonal_naive/univariate/current_velocity/15T/short/run_0/config.json
    Saved aggregate metrics to /fslarge/scratch/users/h61084/codes/improved/outputs/foundation_models/tasks/seasonal_naive/univariate/current_velocity/15T/short/run_0/metrics_summary.json
    Metrics summary (averaged over all series/windows/variates):
      MSE: 14.9040
      MAE: 1.2532
      RMSE: 1.4692
      MAPE: 177990.0739
      sMAPE: 0.6271
      MASE: 1.0037
      ND: 0.6927
      CRPS: 0.5440
  Completed: 5 series x 120 windows
  Output: /fslarge/scratch/users/h61084/codes/improved/outputs/foundation_models/tasks/seasonal_naive/univariate/current_velocity/15T/short/run_0

--- Term: medium ---
  Config: prediction_length=96, test_length=1440, val_length=1440
TIME run allocation action=new run=/fslarge/scratch/users/h61084/codes/improved/outputs/foundation_models/tasks/seasonal_naive/univariate/current_velocity/15T/medium/run_0 launch_id=selena_20260905T202540Z_30178 slurm_job_id=3157894 launched_at=2026-09-05T20:30:05.646948+00:00
  Dataset info:
    - Frequency: 15T
    - Num series: 5
    - Target dim: 6
    - Target mode: univariate
    - Series length: min=3710, max=17953, avg=8503.2
    - Test split: 1440 steps
    - Prediction length: 96
    - Windows: 15
    - Season length: 96
    Total instances: 450, Series during experiment: 30, Windows: 15
    Collecting ground truth and context...
    Detected to_univariate case: 30 flat series -> 5 series x 6 variates
    Organizing data into arrays...
    Saved predictions (quantiles) to /fslarge/scratch/users/h61084/codes/improved/outputs/foundation_models/tasks/seasonal_naive/univariate/current_velocity/15T/medium/run_0/predictions.npz
    Computing per-window metrics...
    Saved metrics to /fslarge/scratch/users/h61084/codes/improved/outputs/foundation_models/tasks/seasonal_naive/univariate/current_velocity/15T/medium/run_0/metrics.npz
    Saved config to /fslarge/scratch/users/h61084/codes/improved/outputs/foundation_models/tasks/seasonal_naive/univariate/current_velocity/15T/medium/run_0/config.json
    Saved aggregate metrics to /fslarge/scratch/users/h61084/codes/improved/outputs/foundation_models/tasks/seasonal_naive/univariate/current_velocity/15T/medium/run_0/metrics_summary.json
    Metrics summary (averaged over all series/windows/variates):
      MSE: 14.4623
      MAE: 1.2314
      RMSE: 1.5543
      MAPE: 195148.7145
      sMAPE: 0.6245
      MASE: 1.0009
      ND: 0.6050
      CRPS: 0.4751
  Completed: 5 series x 15 windows
  Output: /fslarge/scratch/users/h61084/codes/improved/outputs/foundation_models/tasks/seasonal_naive/univariate/current_velocity/15T/medium/run_0

--- Term: long ---
  Config: prediction_length=288, test_length=1440, val_length=1440
TIME run allocation action=new run=/fslarge/scratch/users/h61084/codes/improved/outputs/foundation_models/tasks/seasonal_naive/univariate/current_velocity/15T/long/run_0 launch_id=selena_20260905T202540Z_30178 slurm_job_id=3157894 launched_at=2026-09-05T20:30:17.353385+00:00
  Dataset info:
    - Frequency: 15T
    - Num series: 5
    - Target dim: 6
    - Target mode: univariate
    - Series length: min=3710, max=17953, avg=8503.2
    - Test split: 1440 steps
    - Prediction length: 288
    - Windows: 5
    - Season length: 96
    Total instances: 150, Series during experiment: 30, Windows: 5
    Collecting ground truth and context...
    Detected to_univariate case: 30 flat series -> 5 series x 6 variates
    Organizing data into arrays...
    Saved predictions (quantiles) to /fslarge/scratch/users/h61084/codes/improved/outputs/foundation_models/tasks/seasonal_naive/univariate/current_velocity/15T/long/run_0/predictions.npz
    Computing per-window metrics...
    Saved metrics to /fslarge/scratch/users/h61084/codes/improved/outputs/foundation_models/tasks/seasonal_naive/univariate/current_velocity/15T/long/run_0/metrics.npz
    Saved config to /fslarge/scratch/users/h61084/codes/improved/outputs/foundation_models/tasks/seasonal_naive/univariate/current_velocity/15T/long/run_0/config.json
    Saved aggregate metrics to /fslarge/scratch/users/h61084/codes/improved/outputs/foundation_models/tasks/seasonal_naive/univariate/current_velocity/15T/long/run_0/metrics_summary.json
    Metrics summary (averaged over all series/windows/variates):
      MSE: 16.1366
      MAE: 1.3151
      RMSE: 1.6649
      MAPE: 126447.5368
      sMAPE: 0.6436
      MASE: 1.1380
      ND: 0.6111
      CRPS: 0.4965
  Completed: 5 series x 5 windows
  Output: /fslarge/scratch/users/h61084/codes/improved/outputs/foundation_models/tasks/seasonal_naive/univariate/current_velocity/15T/long/run_0

============================================================
All experiments completed!
Results saved to: /scratch/users/h61084/codes/improved/outputs/foundation_models/tasks
============================================================

############################################################
# All 1 dataset(s) completed!
############################################################

############################################################
# Dataset 1/1: current_velocity/20T
############################################################
Loading configuration...

============================================================
Model: Seasonal Naive
Dataset: current_velocity/20T
Terms: ['short', 'medium', 'long']
============================================================

--- Term: short ---
  Config: prediction_length=9, test_length=1080, val_length=1080
TIME run allocation action=new run=/fslarge/scratch/users/h61084/codes/improved/outputs/foundation_models/tasks/seasonal_naive/univariate/current_velocity/20T/short/run_0 launch_id=selena_20260905T202540Z_30178 slurm_job_id=3157894 launched_at=2026-09-05T20:30:31.189200+00:00
  Dataset info:
    - Frequency: 20T
    - Num series: 27
    - Target dim: 6
    - Target mode: univariate
    - Series length: min=2529, max=16759, avg=6460.2
    - Test split: 1080 steps
    - Prediction length: 9
    - Windows: 120
    - Season length: 72
    Total instances: 19440, Series during experiment: 162, Windows: 120
    Collecting ground truth and context...
    Detected to_univariate case: 162 flat series -> 27 series x 6 variates
    Organizing data into arrays...
    Saved predictions (quantiles) to /fslarge/scratch/users/h61084/codes/improved/outputs/foundation_models/tasks/seasonal_naive/univariate/current_velocity/20T/short/run_0/predictions.npz
    Computing per-window metrics...
    Saved metrics to /fslarge/scratch/users/h61084/codes/improved/outputs/foundation_models/tasks/seasonal_naive/univariate/current_velocity/20T/short/run_0/metrics.npz
    Saved config to /fslarge/scratch/users/h61084/codes/improved/outputs/foundation_models/tasks/seasonal_naive/univariate/current_velocity/20T/short/run_0/config.json
    Saved aggregate metrics to /fslarge/scratch/users/h61084/codes/improved/outputs/foundation_models/tasks/seasonal_naive/univariate/current_velocity/20T/short/run_0/metrics_summary.json
    Metrics summary (averaged over all series/windows/variates):
      MSE: 11.3446
      MAE: 1.0879
      RMSE: 1.2252
      MAPE: 1.8067
      sMAPE: 0.5688
      MASE: 1.0264
      ND: 0.6752
      CRPS: 0.5365
  Completed: 27 series x 120 windows
  Output: /fslarge/scratch/users/h61084/codes/improved/outputs/foundation_models/tasks/seasonal_naive/univariate/current_velocity/20T/short/run_0

--- Term: medium ---
  Config: prediction_length=72, test_length=1080, val_length=1080
TIME run allocation action=new run=/fslarge/scratch/users/h61084/codes/improved/outputs/foundation_models/tasks/seasonal_naive/univariate/current_velocity/20T/medium/run_0 launch_id=selena_20260905T202540Z_30178 slurm_job_id=3157894 launched_at=2026-09-05T20:32:20.416775+00:00
  Dataset info:
    - Frequency: 20T
    - Num series: 27
    - Target dim: 6
    - Target mode: univariate
    - Series length: min=2529, max=16759, avg=6460.2
    - Test split: 1080 steps
    - Prediction length: 72
    - Windows: 15
    - Season length: 72
    Total instances: 2430, Series during experiment: 162, Windows: 15
    Collecting ground truth and context...
    Detected to_univariate case: 162 flat series -> 27 series x 6 variates
    Organizing data into arrays...
    Saved predictions (quantiles) to /fslarge/scratch/users/h61084/codes/improved/outputs/foundation_models/tasks/seasonal_naive/univariate/current_velocity/20T/medium/run_0/predictions.npz
    Computing per-window metrics...
    Saved metrics to /fslarge/scratch/users/h61084/codes/improved/outputs/foundation_models/tasks/seasonal_naive/univariate/current_velocity/20T/medium/run_0/metrics.npz
    Saved config to /fslarge/scratch/users/h61084/codes/improved/outputs/foundation_models/tasks/seasonal_naive/univariate/current_velocity/20T/medium/run_0/config.json
    Saved aggregate metrics to /fslarge/scratch/users/h61084/codes/improved/outputs/foundation_models/tasks/seasonal_naive/univariate/current_velocity/20T/medium/run_0/metrics_summary.json
    Metrics summary (averaged over all series/windows/variates):
      MSE: 11.3615
      MAE: 1.0897
      RMSE: 1.3447
      MAPE: 1.8065
      sMAPE: 0.5708
      MASE: 1.0281
      ND: 0.5397
      CRPS: 0.4281
  Completed: 27 series x 15 windows
  Output: /fslarge/scratch/users/h61084/codes/improved/outputs/foundation_models/tasks/seasonal_naive/univariate/current_velocity/20T/medium/run_0

--- Term: long ---
  Config: prediction_length=216, test_length=1080, val_length=1080
TIME run allocation action=new run=/fslarge/scratch/users/h61084/codes/improved/outputs/foundation_models/tasks/seasonal_naive/univariate/current_velocity/20T/long/run_0 launch_id=selena_20260905T202540Z_30178 slurm_job_id=3157894 launched_at=2026-09-05T20:33:08.947757+00:00
  Dataset info:
    - Frequency: 20T
    - Num series: 27
    - Target dim: 6
    - Target mode: univariate
    - Series length: min=2529, max=16759, avg=6460.2
    - Test split: 1080 steps
    - Prediction length: 216
    - Windows: 5
    - Season length: 72
    Total instances: 810, Series during experiment: 162, Windows: 5
    Collecting ground truth and context...
    Detected to_univariate case: 162 flat series -> 27 series x 6 variates
    Organizing data into arrays...
    Saved predictions (quantiles) to /fslarge/scratch/users/h61084/codes/improved/outputs/foundation_models/tasks/seasonal_naive/univariate/current_velocity/20T/long/run_0/predictions.npz
    Computing per-window metrics...
    Saved metrics to /fslarge/scratch/users/h61084/codes/improved/outputs/foundation_models/tasks/seasonal_naive/univariate/current_velocity/20T/long/run_0/metrics.npz
    Saved config to /fslarge/scratch/users/h61084/codes/improved/outputs/foundation_models/tasks/seasonal_naive/univariate/current_velocity/20T/long/run_0/config.json
    Saved aggregate metrics to /fslarge/scratch/users/h61084/codes/improved/outputs/foundation_models/tasks/seasonal_naive/univariate/current_velocity/20T/long/run_0/metrics_summary.json
    Metrics summary (averaged over all series/windows/variates):
      MSE: 13.6064
      MAE: 1.2387
      RMSE: 1.5460
      MAPE: 2.3085
      sMAPE: 0.6387
      MASE: 1.3422
      ND: 0.6138
      CRPS: 0.4928
  Completed: 27 series x 5 windows
  Output: /fslarge/scratch/users/h61084/codes/improved/outputs/foundation_models/tasks/seasonal_naive/univariate/current_velocity/20T/long/run_0

============================================================
All experiments completed!
Results saved to: /scratch/users/h61084/codes/improved/outputs/foundation_models/tasks
============================================================

############################################################
# All 1 dataset(s) completed!
############################################################

############################################################
# Dataset 1/1: current_velocity/H
############################################################
Loading configuration...

============================================================
Model: Seasonal Naive
Dataset: current_velocity/H
Terms: ['short', 'medium', 'long']
============================================================

--- Term: short ---
  Config: prediction_length=24, test_length=672, val_length=672
TIME run allocation action=new run=/fslarge/scratch/users/h61084/codes/improved/outputs/foundation_models/tasks/seasonal_naive/univariate/current_velocity/H/short/run_0 launch_id=selena_20260905T202540Z_30178 slurm_job_id=3157894 launched_at=2026-09-05T20:33:56.085857+00:00
  Dataset info:
    - Frequency: H
    - Num series: 21
    - Target dim: 6
    - Target mode: univariate
    - Series length: min=2208, max=5587, avg=3502.3
    - Test split: 672 steps
    - Prediction length: 24
    - Windows: 28
    - Season length: 24
    Total instances: 3528, Series during experiment: 126, Windows: 28
    Collecting ground truth and context...
    Detected to_univariate case: 126 flat series -> 21 series x 6 variates
    Organizing data into arrays...
    Saved predictions (quantiles) to /fslarge/scratch/users/h61084/codes/improved/outputs/foundation_models/tasks/seasonal_naive/univariate/current_velocity/H/short/run_0/predictions.npz
    Computing per-window metrics...
    Saved metrics to /fslarge/scratch/users/h61084/codes/improved/outputs/foundation_models/tasks/seasonal_naive/univariate/current_velocity/H/short/run_0/metrics.npz
    Saved config to /fslarge/scratch/users/h61084/codes/improved/outputs/foundation_models/tasks/seasonal_naive/univariate/current_velocity/H/short/run_0/config.json
    Saved aggregate metrics to /fslarge/scratch/users/h61084/codes/improved/outputs/foundation_models/tasks/seasonal_naive/univariate/current_velocity/H/short/run_0/metrics_summary.json
    Metrics summary (averaged over all series/windows/variates):
      MSE: 10.3371
      MAE: 1.0383
      RMSE: 1.2864
      MAPE: 4259288481481.4307
      sMAPE: 0.5196
      MASE: 1.0423
      ND: 0.4752
      CRPS: 0.3780
  Completed: 21 series x 28 windows
  Output: /fslarge/scratch/users/h61084/codes/improved/outputs/foundation_models/tasks/seasonal_naive/univariate/current_velocity/H/short/run_0

--- Term: medium ---
  Config: prediction_length=168, test_length=672, val_length=672
TIME run allocation action=new run=/fslarge/scratch/users/h61084/codes/improved/outputs/foundation_models/tasks/seasonal_naive/univariate/current_velocity/H/medium/run_0 launch_id=selena_20260905T202540Z_30178 slurm_job_id=3157894 launched_at=2026-09-05T20:34:29.705375+00:00
  Dataset info:
    - Frequency: H
    - Num series: 21
    - Target dim: 6
    - Target mode: univariate
    - Series length: min=2208, max=5587, avg=3502.3
    - Test split: 672 steps
    - Prediction length: 168
    - Windows: 4
    - Season length: 24
    Total instances: 504, Series during experiment: 126, Windows: 4
    Collecting ground truth and context...
    Detected to_univariate case: 126 flat series -> 21 series x 6 variates
    Organizing data into arrays...
    Saved predictions (quantiles) to /fslarge/scratch/users/h61084/codes/improved/outputs/foundation_models/tasks/seasonal_naive/univariate/current_velocity/H/medium/run_0/predictions.npz
    Computing per-window metrics...
    Saved metrics to /fslarge/scratch/users/h61084/codes/improved/outputs/foundation_models/tasks/seasonal_naive/univariate/current_velocity/H/medium/run_0/metrics.npz
    Saved config to /fslarge/scratch/users/h61084/codes/improved/outputs/foundation_models/tasks/seasonal_naive/univariate/current_velocity/H/medium/run_0/config.json
    Saved aggregate metrics to /fslarge/scratch/users/h61084/codes/improved/outputs/foundation_models/tasks/seasonal_naive/univariate/current_velocity/H/medium/run_0/metrics_summary.json
    Metrics summary (averaged over all series/windows/variates):
      MSE: 20.2337
      MAE: 1.5144
      RMSE: 1.8911
      MAPE: 4299568533911.3735
      sMAPE: 0.6687
      MASE: 1.8591
      ND: 0.6267
      CRPS: 0.5199
  Completed: 21 series x 4 windows
  Output: /fslarge/scratch/users/h61084/codes/improved/outputs/foundation_models/tasks/seasonal_naive/univariate/current_velocity/H/medium/run_0

--- Term: long ---
  Config: prediction_length=336, test_length=672, val_length=672
TIME run allocation action=new run=/fslarge/scratch/users/h61084/codes/improved/outputs/foundation_models/tasks/seasonal_naive/univariate/current_velocity/H/long/run_0 launch_id=selena_20260905T202540Z_30178 slurm_job_id=3157894 launched_at=2026-09-05T20:34:50.844904+00:00
  Dataset info:
    - Frequency: H
    - Num series: 21
    - Target dim: 6
    - Target mode: univariate
    - Series length: min=2208, max=5587, avg=3502.3
    - Test split: 672 steps
    - Prediction length: 336
    - Windows: 2
    - Season length: 24
    Total instances: 252, Series during experiment: 126, Windows: 2
    Collecting ground truth and context...
    Detected to_univariate case: 126 flat series -> 21 series x 6 variates
    Organizing data into arrays...
    Saved predictions (quantiles) to /fslarge/scratch/users/h61084/codes/improved/outputs/foundation_models/tasks/seasonal_naive/univariate/current_velocity/H/long/run_0/predictions.npz
    Computing per-window metrics...
    Saved metrics to /fslarge/scratch/users/h61084/codes/improved/outputs/foundation_models/tasks/seasonal_naive/univariate/current_velocity/H/long/run_0/metrics.npz
    Saved config to /fslarge/scratch/users/h61084/codes/improved/outputs/foundation_models/tasks/seasonal_naive/univariate/current_velocity/H/long/run_0/config.json
    Saved aggregate metrics to /fslarge/scratch/users/h61084/codes/improved/outputs/foundation_models/tasks/seasonal_naive/univariate/current_velocity/H/long/run_0/metrics_summary.json
    Metrics summary (averaged over all series/windows/variates):
      MSE: 23.5479
      MAE: 1.6206
      RMSE: 2.0239
      MAPE: 6275677406898.4824
      sMAPE: 0.6877
      MASE: 2.0059
      ND: 0.6285
      CRPS: 0.5725
  Completed: 21 series x 2 windows
  Output: /fslarge/scratch/users/h61084/codes/improved/outputs/foundation_models/tasks/seasonal_naive/univariate/current_velocity/H/long/run_0

============================================================
All experiments completed!
Results saved to: /scratch/users/h61084/codes/improved/outputs/foundation_models/tasks
============================================================

############################################################
# All 1 dataset(s) completed!
############################################################

############################################################
# Dataset 1/1: CPHL/15T
############################################################
Loading configuration...

============================================================
Model: Seasonal Naive
Dataset: CPHL/15T
Terms: ['short', 'medium', 'long']
============================================================

--- Term: short ---
  Config: prediction_length=12, test_length=1440, val_length=1440
TIME run allocation action=new run=/fslarge/scratch/users/h61084/codes/improved/outputs/foundation_models/tasks/seasonal_naive/univariate/CPHL/15T/short/run_0 launch_id=selena_20260905T202540Z_30178 slurm_job_id=3157894 launched_at=2026-09-05T20:35:14.796499+00:00
  Dataset info:
    - Frequency: 15T
    - Num series: 2
    - Target dim: 1
    - Target mode: univariate
    - Series length: min=9956, max=10831, avg=10393.5
    - Test split: 1440 steps
    - Prediction length: 12
    - Windows: 120
    - Season length: 96
    Total instances: 240, Series during experiment: 2, Windows: 120
    Collecting ground truth and context...
    Organizing data into arrays...
    Saved predictions (quantiles) to /fslarge/scratch/users/h61084/codes/improved/outputs/foundation_models/tasks/seasonal_naive/univariate/CPHL/15T/short/run_0/predictions.npz
    Computing per-window metrics...
    Saved metrics to /fslarge/scratch/users/h61084/codes/improved/outputs/foundation_models/tasks/seasonal_naive/univariate/CPHL/15T/short/run_0/metrics.npz
    Saved config to /fslarge/scratch/users/h61084/codes/improved/outputs/foundation_models/tasks/seasonal_naive/univariate/CPHL/15T/short/run_0/config.json
    Saved aggregate metrics to /fslarge/scratch/users/h61084/codes/improved/outputs/foundation_models/tasks/seasonal_naive/univariate/CPHL/15T/short/run_0/metrics_summary.json
    Metrics summary (averaged over all series/windows/variates):
      MSE: 0.1701
      MAE: 0.2781
      RMSE: 0.3104
      MAPE: 0.4555
      sMAPE: 0.3787
      MASE: 1.3808
      ND: 0.4351
      CRPS: 0.3519
  Completed: 2 series x 120 windows
  Output: /fslarge/scratch/users/h61084/codes/improved/outputs/foundation_models/tasks/seasonal_naive/univariate/CPHL/15T/short/run_0

--- Term: medium ---
  Config: prediction_length=96, test_length=1440, val_length=1440
TIME run allocation action=new run=/fslarge/scratch/users/h61084/codes/improved/outputs/foundation_models/tasks/seasonal_naive/univariate/CPHL/15T/medium/run_0 launch_id=selena_20260905T202540Z_30178 slurm_job_id=3157894 launched_at=2026-09-05T20:35:18.914130+00:00
  Dataset info:
    - Frequency: 15T
    - Num series: 2
    - Target dim: 1
    - Target mode: univariate
    - Series length: min=9956, max=10831, avg=10393.5
    - Test split: 1440 steps
    - Prediction length: 96
    - Windows: 15
    - Season length: 96
    Total instances: 30, Series during experiment: 2, Windows: 15
    Collecting ground truth and context...
    Organizing data into arrays...
    Saved predictions (quantiles) to /fslarge/scratch/users/h61084/codes/improved/outputs/foundation_models/tasks/seasonal_naive/univariate/CPHL/15T/medium/run_0/predictions.npz
    Computing per-window metrics...
    Saved metrics to /fslarge/scratch/users/h61084/codes/improved/outputs/foundation_models/tasks/seasonal_naive/univariate/CPHL/15T/medium/run_0/metrics.npz
    Saved config to /fslarge/scratch/users/h61084/codes/improved/outputs/foundation_models/tasks/seasonal_naive/univariate/CPHL/15T/medium/run_0/config.json
    Saved aggregate metrics to /fslarge/scratch/users/h61084/codes/improved/outputs/foundation_models/tasks/seasonal_naive/univariate/CPHL/15T/medium/run_0/metrics_summary.json
    Metrics summary (averaged over all series/windows/variates):
      MSE: 0.1741
      MAE: 0.2799
      RMSE: 0.3447
      MAPE: 0.4597
      sMAPE: 0.3781
      MASE: 1.3890
      ND: 0.3860
      CRPS: 0.3128
  Completed: 2 series x 15 windows
  Output: /fslarge/scratch/users/h61084/codes/improved/outputs/foundation_models/tasks/seasonal_naive/univariate/CPHL/15T/medium/run_0

--- Term: long ---
  Config: prediction_length=288, test_length=1440, val_length=1440
TIME run allocation action=new run=/fslarge/scratch/users/h61084/codes/improved/outputs/foundation_models/tasks/seasonal_naive/univariate/CPHL/15T/long/run_0 launch_id=selena_20260905T202540Z_30178 slurm_job_id=3157894 launched_at=2026-09-05T20:35:19.709229+00:00
  Dataset info:
    - Frequency: 15T
    - Num series: 2
    - Target dim: 1
    - Target mode: univariate
    - Series length: min=9956, max=10831, avg=10393.5
    - Test split: 1440 steps
    - Prediction length: 288
    - Windows: 5
    - Season length: 96
    Total instances: 10, Series during experiment: 2, Windows: 5
    Collecting ground truth and context...
    Organizing data into arrays...
    Saved predictions (quantiles) to /fslarge/scratch/users/h61084/codes/improved/outputs/foundation_models/tasks/seasonal_naive/univariate/CPHL/15T/long/run_0/predictions.npz
    Computing per-window metrics...
    Saved metrics to /fslarge/scratch/users/h61084/codes/improved/outputs/foundation_models/tasks/seasonal_naive/univariate/CPHL/15T/long/run_0/metrics.npz
    Saved config to /fslarge/scratch/users/h61084/codes/improved/outputs/foundation_models/tasks/seasonal_naive/univariate/CPHL/15T/long/run_0/config.json
    Saved aggregate metrics to /fslarge/scratch/users/h61084/codes/improved/outputs/foundation_models/tasks/seasonal_naive/univariate/CPHL/15T/long/run_0/metrics_summary.json
    Metrics summary (averaged over all series/windows/variates):
      MSE: 0.2426
      MAE: 0.3202
      RMSE: 0.3911
      MAPE: 0.5309
      sMAPE: 0.3836
      MASE: 1.5863
      ND: 0.4262
      CRPS: 0.3486
  Completed: 2 series x 5 windows
  Output: /fslarge/scratch/users/h61084/codes/improved/outputs/foundation_models/tasks/seasonal_naive/univariate/CPHL/15T/long/run_0

============================================================
All experiments completed!
Results saved to: /scratch/users/h61084/codes/improved/outputs/foundation_models/tasks
============================================================

############################################################
# All 1 dataset(s) completed!
############################################################

############################################################
# Dataset 1/1: CPHL/30T
############################################################
Loading configuration...

============================================================
Model: Seasonal Naive
Dataset: CPHL/30T
Terms: ['short', 'medium', 'long']
============================================================

--- Term: short ---
  Config: prediction_length=12, test_length=1440, val_length=1440
TIME run allocation action=new run=/fslarge/scratch/users/h61084/codes/improved/outputs/foundation_models/tasks/seasonal_naive/univariate/CPHL/30T/short/run_0 launch_id=selena_20260905T202540Z_30178 slurm_job_id=3157894 launched_at=2026-09-05T20:35:23.706458+00:00
  Dataset info:
    - Frequency: 30T
    - Num series: 2
    - Target dim: 1
    - Target mode: univariate
    - Series length: min=11808, max=17566, avg=14687.0
    - Test split: 1440 steps
    - Prediction length: 12
    - Windows: 120
    - Season length: 48
    Total instances: 240, Series during experiment: 2, Windows: 120
    Collecting ground truth and context...
    Organizing data into arrays...
    Saved predictions (quantiles) to /fslarge/scratch/users/h61084/codes/improved/outputs/foundation_models/tasks/seasonal_naive/univariate/CPHL/30T/short/run_0/predictions.npz
    Computing per-window metrics...
    Saved metrics to /fslarge/scratch/users/h61084/codes/improved/outputs/foundation_models/tasks/seasonal_naive/univariate/CPHL/30T/short/run_0/metrics.npz
    Saved config to /fslarge/scratch/users/h61084/codes/improved/outputs/foundation_models/tasks/seasonal_naive/univariate/CPHL/30T/short/run_0/config.json
    Saved aggregate metrics to /fslarge/scratch/users/h61084/codes/improved/outputs/foundation_models/tasks/seasonal_naive/univariate/CPHL/30T/short/run_0/metrics_summary.json
    Metrics summary (averaged over all series/windows/variates):
      MSE: 1.2808
      MAE: 0.6535
      RMSE: 0.7889
      MAPE: 0.5937
      sMAPE: 0.4086
      MASE: 1.7311
      ND: 0.4401
      CRPS: 0.3602
  Completed: 2 series x 120 windows
  Output: /fslarge/scratch/users/h61084/codes/improved/outputs/foundation_models/tasks/seasonal_naive/univariate/CPHL/30T/short/run_0

--- Term: medium ---
  Config: prediction_length=48, test_length=1440, val_length=1440
TIME run allocation action=new run=/fslarge/scratch/users/h61084/codes/improved/outputs/foundation_models/tasks/seasonal_naive/univariate/CPHL/30T/medium/run_0 launch_id=selena_20260905T202540Z_30178 slurm_job_id=3157894 launched_at=2026-09-05T20:35:27.460090+00:00
  Dataset info:
    - Frequency: 30T
    - Num series: 2
    - Target dim: 1
    - Target mode: univariate
    - Series length: min=11808, max=17566, avg=14687.0
    - Test split: 1440 steps
    - Prediction length: 48
    - Windows: 30
    - Season length: 48
    Total instances: 60, Series during experiment: 2, Windows: 30
    Collecting ground truth and context...
    Organizing data into arrays...
    Saved predictions (quantiles) to /fslarge/scratch/users/h61084/codes/improved/outputs/foundation_models/tasks/seasonal_naive/univariate/CPHL/30T/medium/run_0/predictions.npz
    Computing per-window metrics...
    Saved metrics to /fslarge/scratch/users/h61084/codes/improved/outputs/foundation_models/tasks/seasonal_naive/univariate/CPHL/30T/medium/run_0/metrics.npz
    Saved config to /fslarge/scratch/users/h61084/codes/improved/outputs/foundation_models/tasks/seasonal_naive/univariate/CPHL/30T/medium/run_0/config.json
    Saved aggregate metrics to /fslarge/scratch/users/h61084/codes/improved/outputs/foundation_models/tasks/seasonal_naive/univariate/CPHL/30T/medium/run_0/metrics_summary.json
    Metrics summary (averaged over all series/windows/variates):
      MSE: 1.2253
      MAE: 0.6421
      RMSE: 0.7966
      MAPE: 0.6017
      sMAPE: 0.4100
      MASE: 1.7145
      ND: 0.4227
      CRPS: 0.3454
  Completed: 2 series x 30 windows
  Output: /fslarge/scratch/users/h61084/codes/improved/outputs/foundation_models/tasks/seasonal_naive/univariate/CPHL/30T/medium/run_0

--- Term: long ---
  Config: prediction_length=144, test_length=1440, val_length=1440
TIME run allocation action=new run=/fslarge/scratch/users/h61084/codes/improved/outputs/foundation_models/tasks/seasonal_naive/univariate/CPHL/30T/long/run_0 launch_id=selena_20260905T202540Z_30178 slurm_job_id=3157894 launched_at=2026-09-05T20:35:28.382580+00:00
  Dataset info:
    - Frequency: 30T
    - Num series: 2
    - Target dim: 1
    - Target mode: univariate
    - Series length: min=11808, max=17566, avg=14687.0
    - Test split: 1440 steps
    - Prediction length: 144
    - Windows: 10
    - Season length: 48
    Total instances: 20, Series during experiment: 2, Windows: 10
    Collecting ground truth and context...
    Organizing data into arrays...
    Saved predictions (quantiles) to /fslarge/scratch/users/h61084/codes/improved/outputs/foundation_models/tasks/seasonal_naive/univariate/CPHL/30T/long/run_0/predictions.npz
    Computing per-window metrics...
    Saved metrics to /fslarge/scratch/users/h61084/codes/improved/outputs/foundation_models/tasks/seasonal_naive/univariate/CPHL/30T/long/run_0/metrics.npz
    Saved config to /fslarge/scratch/users/h61084/codes/improved/outputs/foundation_models/tasks/seasonal_naive/univariate/CPHL/30T/long/run_0/config.json
    Saved aggregate metrics to /fslarge/scratch/users/h61084/codes/improved/outputs/foundation_models/tasks/seasonal_naive/univariate/CPHL/30T/long/run_0/metrics_summary.json
    Metrics summary (averaged over all series/windows/variates):
      MSE: 1.4486
      MAE: 0.7206
      RMSE: 0.8792
      MAPE: 0.7769
      sMAPE: 0.5108
      MASE: 2.0264
      ND: 0.4758
      CRPS: 0.3753
  Completed: 2 series x 10 windows
  Output: /fslarge/scratch/users/h61084/codes/improved/outputs/foundation_models/tasks/seasonal_naive/univariate/CPHL/30T/long/run_0

============================================================
All experiments completed!
Results saved to: /scratch/users/h61084/codes/improved/outputs/foundation_models/tasks
============================================================

############################################################
# All 1 dataset(s) completed!
############################################################

############################################################
# Dataset 1/1: CPHL/H
############################################################
Loading configuration...

============================================================
Model: Seasonal Naive
Dataset: CPHL/H
Terms: ['short', 'medium', 'long']
============================================================

--- Term: short ---
  Config: prediction_length=24, test_length=672, val_length=672
TIME run allocation action=new run=/fslarge/scratch/users/h61084/codes/improved/outputs/foundation_models/tasks/seasonal_naive/univariate/CPHL/H/short/run_0 launch_id=selena_20260905T202540Z_30178 slurm_job_id=3157894 launched_at=2026-09-05T20:35:32.454746+00:00
  Dataset info:
    - Frequency: H
    - Num series: 4
    - Target dim: 1
    - Target mode: univariate
    - Series length: min=2490, max=8783, avg=4971.2
    - Test split: 672 steps
    - Prediction length: 24
    - Windows: 28
    - Season length: 24
    Total instances: 112, Series during experiment: 4, Windows: 28
    Collecting ground truth and context...
    Organizing data into arrays...
    Saved predictions (quantiles) to /fslarge/scratch/users/h61084/codes/improved/outputs/foundation_models/tasks/seasonal_naive/univariate/CPHL/H/short/run_0/predictions.npz
    Computing per-window metrics...
    Saved metrics to /fslarge/scratch/users/h61084/codes/improved/outputs/foundation_models/tasks/seasonal_naive/univariate/CPHL/H/short/run_0/metrics.npz
    Saved config to /fslarge/scratch/users/h61084/codes/improved/outputs/foundation_models/tasks/seasonal_naive/univariate/CPHL/H/short/run_0/config.json
    Saved aggregate metrics to /fslarge/scratch/users/h61084/codes/improved/outputs/foundation_models/tasks/seasonal_naive/univariate/CPHL/H/short/run_0/metrics_summary.json
    Metrics summary (averaged over all series/windows/variates):
      MSE: 0.5618
      MAE: 0.4228
      RMSE: 0.5114
      MAPE: 0.4212
      sMAPE: 0.3595
      MASE: 1.5024
      ND: 0.3610
      CRPS: 0.2944
  Completed: 4 series x 28 windows
  Output: /fslarge/scratch/users/h61084/codes/improved/outputs/foundation_models/tasks/seasonal_naive/univariate/CPHL/H/short/run_0

--- Term: medium ---
  Config: prediction_length=168, test_length=672, val_length=672
TIME run allocation action=new run=/fslarge/scratch/users/h61084/codes/improved/outputs/foundation_models/tasks/seasonal_naive/univariate/CPHL/H/medium/run_0 launch_id=selena_20260905T202540Z_30178 slurm_job_id=3157894 launched_at=2026-09-05T20:35:35.658980+00:00
  Dataset info:
    - Frequency: H
    - Num series: 4
    - Target dim: 1
    - Target mode: univariate
    - Series length: min=2490, max=8783, avg=4971.2
    - Test split: 672 steps
    - Prediction length: 168
    - Windows: 4
    - Season length: 24
    Total instances: 16, Series during experiment: 4, Windows: 4
    Collecting ground truth and context...
    Organizing data into arrays...
    Saved predictions (quantiles) to /fslarge/scratch/users/h61084/codes/improved/outputs/foundation_models/tasks/seasonal_naive/univariate/CPHL/H/medium/run_0/predictions.npz
    Computing per-window metrics...
    Saved metrics to /fslarge/scratch/users/h61084/codes/improved/outputs/foundation_models/tasks/seasonal_naive/univariate/CPHL/H/medium/run_0/metrics.npz
    Saved config to /fslarge/scratch/users/h61084/codes/improved/outputs/foundation_models/tasks/seasonal_naive/univariate/CPHL/H/medium/run_0/config.json
    Saved aggregate metrics to /fslarge/scratch/users/h61084/codes/improved/outputs/foundation_models/tasks/seasonal_naive/univariate/CPHL/H/medium/run_0/metrics_summary.json
    Metrics summary (averaged over all series/windows/variates):
      MSE: 0.7374
      MAE: 0.5334
      RMSE: 0.6604
      MAPE: 0.5706
      sMAPE: 0.5067
      MASE: 2.1348
      ND: 0.4953
      CRPS: 0.3924
  Completed: 4 series x 4 windows
  Output: /fslarge/scratch/users/h61084/codes/improved/outputs/foundation_models/tasks/seasonal_naive/univariate/CPHL/H/medium/run_0

--- Term: long ---
  Config: prediction_length=336, test_length=672, val_length=672
TIME run allocation action=new run=/fslarge/scratch/users/h61084/codes/improved/outputs/foundation_models/tasks/seasonal_naive/univariate/CPHL/H/long/run_0 launch_id=selena_20260905T202540Z_30178 slurm_job_id=3157894 launched_at=2026-09-05T20:35:36.346452+00:00
  Dataset info:
    - Frequency: H
    - Num series: 4
    - Target dim: 1
    - Target mode: univariate
    - Series length: min=2490, max=8783, avg=4971.2
    - Test split: 672 steps
    - Prediction length: 336
    - Windows: 2
    - Season length: 24
    Total instances: 8, Series during experiment: 4, Windows: 2
    Collecting ground truth and context...
    Organizing data into arrays...
    Saved predictions (quantiles) to /fslarge/scratch/users/h61084/codes/improved/outputs/foundation_models/tasks/seasonal_naive/univariate/CPHL/H/long/run_0/predictions.npz
    Computing per-window metrics...
    Saved metrics to /fslarge/scratch/users/h61084/codes/improved/outputs/foundation_models/tasks/seasonal_naive/univariate/CPHL/H/long/run_0/metrics.npz
    Saved config to /fslarge/scratch/users/h61084/codes/improved/outputs/foundation_models/tasks/seasonal_naive/univariate/CPHL/H/long/run_0/config.json
    Saved aggregate metrics to /fslarge/scratch/users/h61084/codes/improved/outputs/foundation_models/tasks/seasonal_naive/univariate/CPHL/H/long/run_0/metrics_summary.json
    Metrics summary (averaged over all series/windows/variates):
      MSE: 0.9302
      MAE: 0.5952
      RMSE: 0.7512
      MAPE: 0.5782
      sMAPE: 0.5940
      MASE: 2.4684
      ND: 0.5360
      CRPS: 0.4312
  Completed: 4 series x 2 windows
  Output: /fslarge/scratch/users/h61084/codes/improved/outputs/foundation_models/tasks/seasonal_naive/univariate/CPHL/H/long/run_0

============================================================
All experiments completed!
Results saved to: /scratch/users/h61084/codes/improved/outputs/foundation_models/tasks
============================================================

############################################################
# All 1 dataset(s) completed!
############################################################

############################################################
# Dataset 1/1: Coastal_T_S/5T
############################################################
Loading configuration...

============================================================
Model: Seasonal Naive
Dataset: Coastal_T_S/5T
Terms: ['short', 'medium', 'long']
============================================================

--- Term: short ---
  Config: prediction_length=36, test_length=4320, val_length=4320
TIME run allocation action=new run=/fslarge/scratch/users/h61084/codes/improved/outputs/foundation_models/tasks/seasonal_naive/univariate/Coastal_T_S/5T/short/run_0 launch_id=selena_20260905T202540Z_30178 slurm_job_id=3157894 launched_at=2026-09-05T20:35:40.465755+00:00
  Dataset info:
    - Frequency: 5T
    - Num series: 18
    - Target dim: 3
    - Target mode: univariate
    - Series length: min=44614, max=105408, avg=68604.9
    - Test split: 4320 steps
    - Prediction length: 36
    - Windows: 120
    - Season length: 288
    Total instances: 6480, Series during experiment: 54, Windows: 120
    Collecting ground truth and context...
    Detected to_univariate case: 54 flat series -> 18 series x 3 variates
    Organizing data into arrays...
    Saved predictions (quantiles) to /fslarge/scratch/users/h61084/codes/improved/outputs/foundation_models/tasks/seasonal_naive/univariate/Coastal_T_S/5T/short/run_0/predictions.npz
    Computing per-window metrics...
    Saved metrics to /fslarge/scratch/users/h61084/codes/improved/outputs/foundation_models/tasks/seasonal_naive/univariate/Coastal_T_S/5T/short/run_0/metrics.npz
    Saved config to /fslarge/scratch/users/h61084/codes/improved/outputs/foundation_models/tasks/seasonal_naive/univariate/Coastal_T_S/5T/short/run_0/config.json
    Saved aggregate metrics to /fslarge/scratch/users/h61084/codes/improved/outputs/foundation_models/tasks/seasonal_naive/univariate/Coastal_T_S/5T/short/run_0/metrics_summary.json
    Metrics summary (averaged over all series/windows/variates):
      MSE: 222.7592
      MAE: 3.4443
      RMSE: 4.4693
      MAPE: 0.1137
      sMAPE: 0.0806
      MASE: 1.2746
      ND: 0.0795
      CRPS: 0.0827
  Completed: 18 series x 120 windows
  Output: /fslarge/scratch/users/h61084/codes/improved/outputs/foundation_models/tasks/seasonal_naive/univariate/Coastal_T_S/5T/short/run_0

--- Term: medium ---
  Config: prediction_length=288, test_length=4320, val_length=4320
TIME run allocation action=new run=/fslarge/scratch/users/h61084/codes/improved/outputs/foundation_models/tasks/seasonal_naive/univariate/Coastal_T_S/5T/medium/run_0 launch_id=selena_20260905T202540Z_30178 slurm_job_id=3157894 launched_at=2026-09-05T20:37:22.257704+00:00
  Dataset info:
    - Frequency: 5T
    - Num series: 18
    - Target dim: 3
    - Target mode: univariate
    - Series length: min=44614, max=105408, avg=68604.9
    - Test split: 4320 steps
    - Prediction length: 288
    - Windows: 15
    - Season length: 288
    Total instances: 810, Series during experiment: 54, Windows: 15
    Collecting ground truth and context...
    Detected to_univariate case: 54 flat series -> 18 series x 3 variates
    Organizing data into arrays...
    Saved predictions (quantiles) to /fslarge/scratch/users/h61084/codes/improved/outputs/foundation_models/tasks/seasonal_naive/univariate/Coastal_T_S/5T/medium/run_0/predictions.npz
    Computing per-window metrics...
    Saved metrics to /fslarge/scratch/users/h61084/codes/improved/outputs/foundation_models/tasks/seasonal_naive/univariate/Coastal_T_S/5T/medium/run_0/metrics.npz
    Saved config to /fslarge/scratch/users/h61084/codes/improved/outputs/foundation_models/tasks/seasonal_naive/univariate/Coastal_T_S/5T/medium/run_0/config.json
    Saved aggregate metrics to /fslarge/scratch/users/h61084/codes/improved/outputs/foundation_models/tasks/seasonal_naive/univariate/Coastal_T_S/5T/medium/run_0/metrics_summary.json
    Metrics summary (averaged over all series/windows/variates):
      MSE: 222.1945
      MAE: 3.3848
      RMSE: 4.4927
      MAPE: 0.1129
      sMAPE: 0.0799
      MASE: 1.2731
      ND: 0.0784
      CRPS: 0.0819
  Completed: 18 series x 15 windows
  Output: /fslarge/scratch/users/h61084/codes/improved/outputs/foundation_models/tasks/seasonal_naive/univariate/Coastal_T_S/5T/medium/run_0

--- Term: long ---
  Config: prediction_length=864, test_length=4320, val_length=4320
TIME run allocation action=new run=/fslarge/scratch/users/h61084/codes/improved/outputs/foundation_models/tasks/seasonal_naive/univariate/Coastal_T_S/5T/long/run_0 launch_id=selena_20260905T202540Z_30178 slurm_job_id=3157894 launched_at=2026-09-05T20:38:21.957912+00:00
  Dataset info:
    - Frequency: 5T
    - Num series: 18
    - Target dim: 3
    - Target mode: univariate
    - Series length: min=44614, max=105408, avg=68604.9
    - Test split: 4320 steps
    - Prediction length: 864
    - Windows: 5
    - Season length: 288
    Total instances: 270, Series during experiment: 54, Windows: 5
    Collecting ground truth and context...
    Detected to_univariate case: 54 flat series -> 18 series x 3 variates
    Organizing data into arrays...
    Saved predictions (quantiles) to /fslarge/scratch/users/h61084/codes/improved/outputs/foundation_models/tasks/seasonal_naive/univariate/Coastal_T_S/5T/long/run_0/predictions.npz
    Computing per-window metrics...
    Saved metrics to /fslarge/scratch/users/h61084/codes/improved/outputs/foundation_models/tasks/seasonal_naive/univariate/Coastal_T_S/5T/long/run_0/metrics.npz
    Saved config to /fslarge/scratch/users/h61084/codes/improved/outputs/foundation_models/tasks/seasonal_naive/univariate/Coastal_T_S/5T/long/run_0/config.json
    Saved aggregate metrics to /fslarge/scratch/users/h61084/codes/improved/outputs/foundation_models/tasks/seasonal_naive/univariate/Coastal_T_S/5T/long/run_0/metrics_summary.json
    Metrics summary (averaged over all series/windows/variates):
      MSE: 226.2879
      MAE: 3.6025
      RMSE: 4.6982
      MAPE: 0.1177
      sMAPE: 0.0840
      MASE: 1.5506
      ND: 0.0829
      CRPS: 0.0914
  Completed: 18 series x 5 windows
  Output: /fslarge/scratch/users/h61084/codes/improved/outputs/foundation_models/tasks/seasonal_naive/univariate/Coastal_T_S/5T/long/run_0

============================================================
All experiments completed!
Results saved to: /scratch/users/h61084/codes/improved/outputs/foundation_models/tasks
============================================================

############################################################
# All 1 dataset(s) completed!
############################################################

############################################################
# Dataset 1/1: Coastal_T_S/15T
############################################################
Loading configuration...

============================================================
Model: Seasonal Naive
Dataset: Coastal_T_S/15T
Terms: ['short', 'medium', 'long']
============================================================

--- Term: short ---
  Config: prediction_length=12, test_length=1440, val_length=1440
TIME run allocation action=new run=/fslarge/scratch/users/h61084/codes/improved/outputs/foundation_models/tasks/seasonal_naive/univariate/Coastal_T_S/15T/short/run_0 launch_id=selena_20260905T202540Z_30178 slurm_job_id=3157894 launched_at=2026-09-05T20:39:21.492472+00:00
  Dataset info:
    - Frequency: 15T
    - Num series: 5
    - Target dim: 3
    - Target mode: univariate
    - Series length: min=16686, max=23134, avg=20870.2
    - Test split: 1440 steps
    - Prediction length: 12
    - Windows: 120
    - Season length: 96
    Total instances: 1800, Series during experiment: 15, Windows: 120
    Collecting ground truth and context...
    Detected to_univariate case: 15 flat series -> 5 series x 3 variates
    Organizing data into arrays...
    Saved predictions (quantiles) to /fslarge/scratch/users/h61084/codes/improved/outputs/foundation_models/tasks/seasonal_naive/univariate/Coastal_T_S/15T/short/run_0/predictions.npz
    Computing per-window metrics...
    Saved metrics to /fslarge/scratch/users/h61084/codes/improved/outputs/foundation_models/tasks/seasonal_naive/univariate/Coastal_T_S/15T/short/run_0/metrics.npz
    Saved config to /fslarge/scratch/users/h61084/codes/improved/outputs/foundation_models/tasks/seasonal_naive/univariate/Coastal_T_S/15T/short/run_0/config.json
    Saved aggregate metrics to /fslarge/scratch/users/h61084/codes/improved/outputs/foundation_models/tasks/seasonal_naive/univariate/Coastal_T_S/15T/short/run_0/metrics_summary.json
    Metrics summary (averaged over all series/windows/variates):
      MSE: 208.6275
      MAE: 4.9935
      RMSE: 6.6013
      MAPE: 0.1589
      sMAPE: 0.1238
      MASE: 1.4849
      ND: 0.1255
      CRPS: 0.1087
  Completed: 5 series x 120 windows
  Output: /fslarge/scratch/users/h61084/codes/improved/outputs/foundation_models/tasks/seasonal_naive/univariate/Coastal_T_S/15T/short/run_0

--- Term: medium ---
  Config: prediction_length=96, test_length=1440, val_length=1440
TIME run allocation action=new run=/fslarge/scratch/users/h61084/codes/improved/outputs/foundation_models/tasks/seasonal_naive/univariate/Coastal_T_S/15T/medium/run_0 launch_id=selena_20260905T202540Z_30178 slurm_job_id=3157894 launched_at=2026-09-05T20:39:36.452507+00:00
  Dataset info:
    - Frequency: 15T
    - Num series: 5
    - Target dim: 3
    - Target mode: univariate
    - Series length: min=16686, max=23134, avg=20870.2
    - Test split: 1440 steps
    - Prediction length: 96
    - Windows: 15
    - Season length: 96
    Total instances: 225, Series during experiment: 15, Windows: 15
    Collecting ground truth and context...
    Detected to_univariate case: 15 flat series -> 5 series x 3 variates
    Organizing data into arrays...
    Saved predictions (quantiles) to /fslarge/scratch/users/h61084/codes/improved/outputs/foundation_models/tasks/seasonal_naive/univariate/Coastal_T_S/15T/medium/run_0/predictions.npz
    Computing per-window metrics...
    Saved metrics to /fslarge/scratch/users/h61084/codes/improved/outputs/foundation_models/tasks/seasonal_naive/univariate/Coastal_T_S/15T/medium/run_0/metrics.npz
    Saved config to /fslarge/scratch/users/h61084/codes/improved/outputs/foundation_models/tasks/seasonal_naive/univariate/Coastal_T_S/15T/medium/run_0/config.json
    Saved aggregate metrics to /fslarge/scratch/users/h61084/codes/improved/outputs/foundation_models/tasks/seasonal_naive/univariate/Coastal_T_S/15T/medium/run_0/metrics_summary.json
    Metrics summary (averaged over all series/windows/variates):
      MSE: 210.7781
      MAE: 5.0418
      RMSE: 6.7249
      MAPE: 0.1611
      sMAPE: 0.1248
      MASE: 1.4881
      ND: 0.1241
      CRPS: 0.1072
  Completed: 5 series x 15 windows
  Output: /fslarge/scratch/users/h61084/codes/improved/outputs/foundation_models/tasks/seasonal_naive/univariate/Coastal_T_S/15T/medium/run_0

--- Term: long ---
  Config: prediction_length=288, test_length=1440, val_length=1440
TIME run allocation action=new run=/fslarge/scratch/users/h61084/codes/improved/outputs/foundation_models/tasks/seasonal_naive/univariate/Coastal_T_S/15T/long/run_0 launch_id=selena_20260905T202540Z_30178 slurm_job_id=3157894 launched_at=2026-09-05T20:39:42.528021+00:00
  Dataset info:
    - Frequency: 15T
    - Num series: 5
    - Target dim: 3
    - Target mode: univariate
    - Series length: min=16686, max=23134, avg=20870.2
    - Test split: 1440 steps
    - Prediction length: 288
    - Windows: 5
    - Season length: 96
    Total instances: 75, Series during experiment: 15, Windows: 5
    Collecting ground truth and context...
    Detected to_univariate case: 15 flat series -> 5 series x 3 variates
    Organizing data into arrays...
    Saved predictions (quantiles) to /fslarge/scratch/users/h61084/codes/improved/outputs/foundation_models/tasks/seasonal_naive/univariate/Coastal_T_S/15T/long/run_0/predictions.npz
    Computing per-window metrics...
    Saved metrics to /fslarge/scratch/users/h61084/codes/improved/outputs/foundation_models/tasks/seasonal_naive/univariate/Coastal_T_S/15T/long/run_0/metrics.npz
    Saved config to /fslarge/scratch/users/h61084/codes/improved/outputs/foundation_models/tasks/seasonal_naive/univariate/Coastal_T_S/15T/long/run_0/config.json
    Saved aggregate metrics to /fslarge/scratch/users/h61084/codes/improved/outputs/foundation_models/tasks/seasonal_naive/univariate/Coastal_T_S/15T/long/run_0/metrics_summary.json
    Metrics summary (averaged over all series/windows/variates):
      MSE: 213.4692
      MAE: 5.1556
      RMSE: 6.8190
      MAPE: 0.1604
      sMAPE: 0.1292
      MASE: 1.6572
      ND: 0.1273
      CRPS: 0.1094
  Completed: 5 series x 5 windows
  Output: /fslarge/scratch/users/h61084/codes/improved/outputs/foundation_models/tasks/seasonal_naive/univariate/Coastal_T_S/15T/long/run_0

============================================================
All experiments completed!
Results saved to: /scratch/users/h61084/codes/improved/outputs/foundation_models/tasks
============================================================

############################################################
# All 1 dataset(s) completed!
############################################################

############################################################
# Dataset 1/1: Coastal_T_S/20T
############################################################
Loading configuration...

============================================================
Model: Seasonal Naive
Dataset: Coastal_T_S/20T
Terms: ['short', 'medium', 'long']
============================================================

--- Term: short ---
  Config: prediction_length=9, test_length=1080, val_length=1080
TIME run allocation action=new run=/fslarge/scratch/users/h61084/codes/improved/outputs/foundation_models/tasks/seasonal_naive/univariate/Coastal_T_S/20T/short/run_0 launch_id=selena_20260905T202540Z_30178 slurm_job_id=3157894 launched_at=2026-09-05T20:39:51.187845+00:00
  Dataset info:
    - Frequency: 20T
    - Num series: 1
    - Target dim: 3
    - Target mode: univariate
    - Series length: min=8198, max=8198, avg=8198.0
    - Test split: 1080 steps
    - Prediction length: 9
    - Windows: 120
    - Season length: 72
    Total instances: 360, Series during experiment: 3, Windows: 120
    Collecting ground truth and context...
    Detected to_univariate case: 3 flat series -> 1 series x 3 variates
    Organizing data into arrays...
    Saved predictions (quantiles) to /fslarge/scratch/users/h61084/codes/improved/outputs/foundation_models/tasks/seasonal_naive/univariate/Coastal_T_S/20T/short/run_0/predictions.npz
    Computing per-window metrics...
    Saved metrics to /fslarge/scratch/users/h61084/codes/improved/outputs/foundation_models/tasks/seasonal_naive/univariate/Coastal_T_S/20T/short/run_0/metrics.npz
    Saved config to /fslarge/scratch/users/h61084/codes/improved/outputs/foundation_models/tasks/seasonal_naive/univariate/Coastal_T_S/20T/short/run_0/config.json
    Saved aggregate metrics to /fslarge/scratch/users/h61084/codes/improved/outputs/foundation_models/tasks/seasonal_naive/univariate/Coastal_T_S/20T/short/run_0/metrics_summary.json
    Metrics summary (averaged over all series/windows/variates):
      MSE: 0.0519
      MAE: 0.1700
      RMSE: 0.1793
      MAPE: 0.0069
      sMAPE: 0.0069
      MASE: 1.3068
      ND: 0.0069
      CRPS: 0.0056
  Completed: 1 series x 120 windows
  Output: /fslarge/scratch/users/h61084/codes/improved/outputs/foundation_models/tasks/seasonal_naive/univariate/Coastal_T_S/20T/short/run_0

--- Term: medium ---
  Config: prediction_length=72, test_length=1080, val_length=1080
TIME run allocation action=new run=/fslarge/scratch/users/h61084/codes/improved/outputs/foundation_models/tasks/seasonal_naive/univariate/Coastal_T_S/20T/medium/run_0 launch_id=selena_20260905T202540Z_30178 slurm_job_id=3157894 launched_at=2026-09-05T20:39:55.383842+00:00
  Dataset info:
    - Frequency: 20T
    - Num series: 1
    - Target dim: 3
    - Target mode: univariate
    - Series length: min=8198, max=8198, avg=8198.0
    - Test split: 1080 steps
    - Prediction length: 72
    - Windows: 15
    - Season length: 72
    Total instances: 45, Series during experiment: 3, Windows: 15
    Collecting ground truth and context...
    Detected to_univariate case: 3 flat series -> 1 series x 3 variates
    Organizing data into arrays...
    Saved predictions (quantiles) to /fslarge/scratch/users/h61084/codes/improved/outputs/foundation_models/tasks/seasonal_naive/univariate/Coastal_T_S/20T/medium/run_0/predictions.npz
    Computing per-window metrics...
    Saved metrics to /fslarge/scratch/users/h61084/codes/improved/outputs/foundation_models/tasks/seasonal_naive/univariate/Coastal_T_S/20T/medium/run_0/metrics.npz
    Saved config to /fslarge/scratch/users/h61084/codes/improved/outputs/foundation_models/tasks/seasonal_naive/univariate/Coastal_T_S/20T/medium/run_0/config.json
    Saved aggregate metrics to /fslarge/scratch/users/h61084/codes/improved/outputs/foundation_models/tasks/seasonal_naive/univariate/Coastal_T_S/20T/medium/run_0/metrics_summary.json
    Metrics summary (averaged over all series/windows/variates):
      MSE: 0.0493
      MAE: 0.1642
      RMSE: 0.1949
      MAPE: 0.0067
      sMAPE: 0.0067
      MASE: 1.2631
      ND: 0.0067
      CRPS: 0.0055
  Completed: 1 series x 15 windows
  Output: /fslarge/scratch/users/h61084/codes/improved/outputs/foundation_models/tasks/seasonal_naive/univariate/Coastal_T_S/20T/medium/run_0

--- Term: long ---
  Config: prediction_length=216, test_length=1080, val_length=1080
TIME run allocation action=new run=/fslarge/scratch/users/h61084/codes/improved/outputs/foundation_models/tasks/seasonal_naive/univariate/Coastal_T_S/20T/long/run_0 launch_id=selena_20260905T202540Z_30178 slurm_job_id=3157894 launched_at=2026-09-05T20:39:56.316519+00:00
  Dataset info:
    - Frequency: 20T
    - Num series: 1
    - Target dim: 3
    - Target mode: univariate
    - Series length: min=8198, max=8198, avg=8198.0
    - Test split: 1080 steps
    - Prediction length: 216
    - Windows: 5
    - Season length: 72
    Total instances: 15, Series during experiment: 3, Windows: 5
    Collecting ground truth and context...
    Detected to_univariate case: 3 flat series -> 1 series x 3 variates
    Organizing data into arrays...
    Saved predictions (quantiles) to /fslarge/scratch/users/h61084/codes/improved/outputs/foundation_models/tasks/seasonal_naive/univariate/Coastal_T_S/20T/long/run_0/predictions.npz
    Computing per-window metrics...
    Saved metrics to /fslarge/scratch/users/h61084/codes/improved/outputs/foundation_models/tasks/seasonal_naive/univariate/Coastal_T_S/20T/long/run_0/metrics.npz
    Saved config to /fslarge/scratch/users/h61084/codes/improved/outputs/foundation_models/tasks/seasonal_naive/univariate/Coastal_T_S/20T/long/run_0/config.json
    Saved aggregate metrics to /fslarge/scratch/users/h61084/codes/improved/outputs/foundation_models/tasks/seasonal_naive/univariate/Coastal_T_S/20T/long/run_0/metrics_summary.json
    Metrics summary (averaged over all series/windows/variates):
      MSE: 0.1146
      MAE: 0.2415
      RMSE: 0.3025
      MAPE: 0.0101
      sMAPE: 0.0101
      MASE: 1.8354
      ND: 0.0101
      CRPS: 0.0080
  Completed: 1 series x 5 windows
  Output: /fslarge/scratch/users/h61084/codes/improved/outputs/foundation_models/tasks/seasonal_naive/univariate/Coastal_T_S/20T/long/run_0

============================================================
All experiments completed!
Results saved to: /scratch/users/h61084/codes/improved/outputs/foundation_models/tasks
============================================================

############################################################
# All 1 dataset(s) completed!
############################################################

############################################################
# Dataset 1/1: Coastal_T_S/H
############################################################
Loading configuration...

============================================================
Model: Seasonal Naive
Dataset: Coastal_T_S/H
Terms: ['short', 'medium', 'long']
============================================================

--- Term: short ---
  Config: prediction_length=24, test_length=672, val_length=672
TIME run allocation action=new run=/fslarge/scratch/users/h61084/codes/improved/outputs/foundation_models/tasks/seasonal_naive/univariate/Coastal_T_S/H/short/run_0 launch_id=selena_20260905T202540Z_30178 slurm_job_id=3157894 launched_at=2026-09-05T20:40:00.649870+00:00
  Dataset info:
    - Frequency: H
    - Num series: 24
    - Target dim: 3
    - Target mode: univariate
    - Series length: min=2733, max=8784, avg=5488.8
    - Test split: 672 steps
    - Prediction length: 24
    - Windows: 28
    - Season length: 24
    Total instances: 2016, Series during experiment: 72, Windows: 28
    Collecting ground truth and context...
    Detected to_univariate case: 72 flat series -> 24 series x 3 variates
    Organizing data into arrays...
    Saved predictions (quantiles) to /fslarge/scratch/users/h61084/codes/improved/outputs/foundation_models/tasks/seasonal_naive/univariate/Coastal_T_S/H/short/run_0/predictions.npz
    Computing per-window metrics...
    Saved metrics to /fslarge/scratch/users/h61084/codes/improved/outputs/foundation_models/tasks/seasonal_naive/univariate/Coastal_T_S/H/short/run_0/metrics.npz
    Saved config to /fslarge/scratch/users/h61084/codes/improved/outputs/foundation_models/tasks/seasonal_naive/univariate/Coastal_T_S/H/short/run_0/config.json
    Saved aggregate metrics to /fslarge/scratch/users/h61084/codes/improved/outputs/foundation_models/tasks/seasonal_naive/univariate/Coastal_T_S/H/short/run_0/metrics_summary.json
    Metrics summary (averaged over all series/windows/variates):
      MSE: 27.9790
      MAE: 1.5706
      RMSE: 1.9197
      MAPE: 0.0410
      sMAPE: 0.0394
      MASE: 1.2425
      ND: 0.0390
      CRPS: 0.0358
  Completed: 24 series x 28 windows
  Output: /fslarge/scratch/users/h61084/codes/improved/outputs/foundation_models/tasks/seasonal_naive/univariate/Coastal_T_S/H/short/run_0

--- Term: medium ---
  Config: prediction_length=168, test_length=672, val_length=672
TIME run allocation action=new run=/fslarge/scratch/users/h61084/codes/improved/outputs/foundation_models/tasks/seasonal_naive/univariate/Coastal_T_S/H/medium/run_0 launch_id=selena_20260905T202540Z_30178 slurm_job_id=3157894 launched_at=2026-09-05T20:40:20.878774+00:00
  Dataset info:
    - Frequency: H
    - Num series: 24
    - Target dim: 3
    - Target mode: univariate
    - Series length: min=2733, max=8784, avg=5488.8
    - Test split: 672 steps
    - Prediction length: 168
    - Windows: 4
    - Season length: 24
    Total instances: 288, Series during experiment: 72, Windows: 4
    Collecting ground truth and context...
    Detected to_univariate case: 72 flat series -> 24 series x 3 variates
    Organizing data into arrays...
    Saved predictions (quantiles) to /fslarge/scratch/users/h61084/codes/improved/outputs/foundation_models/tasks/seasonal_naive/univariate/Coastal_T_S/H/medium/run_0/predictions.npz
    Computing per-window metrics...
    Saved metrics to /fslarge/scratch/users/h61084/codes/improved/outputs/foundation_models/tasks/seasonal_naive/univariate/Coastal_T_S/H/medium/run_0/metrics.npz
    Saved config to /fslarge/scratch/users/h61084/codes/improved/outputs/foundation_models/tasks/seasonal_naive/univariate/Coastal_T_S/H/medium/run_0/config.json
    Saved aggregate metrics to /fslarge/scratch/users/h61084/codes/improved/outputs/foundation_models/tasks/seasonal_naive/univariate/Coastal_T_S/H/medium/run_0/metrics_summary.json
    Metrics summary (averaged over all series/windows/variates):
      MSE: 37.2097
      MAE: 2.0229
      RMSE: 2.4647
      MAPE: 0.0580
      sMAPE: 0.0520
      MASE: 2.1168
      ND: 0.0550
      CRPS: 0.0526
  Completed: 24 series x 4 windows
  Output: /fslarge/scratch/users/h61084/codes/improved/outputs/foundation_models/tasks/seasonal_naive/univariate/Coastal_T_S/H/medium/run_0

--- Term: long ---
  Config: prediction_length=336, test_length=672, val_length=672
TIME run allocation action=new run=/fslarge/scratch/users/h61084/codes/improved/outputs/foundation_models/tasks/seasonal_naive/univariate/Coastal_T_S/H/long/run_0 launch_id=selena_20260905T202540Z_30178 slurm_job_id=3157894 launched_at=2026-09-05T20:40:33.082482+00:00
  Dataset info:
    - Frequency: H
    - Num series: 24
    - Target dim: 3
    - Target mode: univariate
    - Series length: min=2733, max=8784, avg=5488.8
    - Test split: 672 steps
    - Prediction length: 336
    - Windows: 2
    - Season length: 24
    Total instances: 144, Series during experiment: 72, Windows: 2
    Collecting ground truth and context...
    Detected to_univariate case: 72 flat series -> 24 series x 3 variates
    Organizing data into arrays...
    Saved predictions (quantiles) to /fslarge/scratch/users/h61084/codes/improved/outputs/foundation_models/tasks/seasonal_naive/univariate/Coastal_T_S/H/long/run_0/predictions.npz
    Computing per-window metrics...
    Saved metrics to /fslarge/scratch/users/h61084/codes/improved/outputs/foundation_models/tasks/seasonal_naive/univariate/Coastal_T_S/H/long/run_0/metrics.npz
    Saved config to /fslarge/scratch/users/h61084/codes/improved/outputs/foundation_models/tasks/seasonal_naive/univariate/Coastal_T_S/H/long/run_0/config.json
    Saved aggregate metrics to /fslarge/scratch/users/h61084/codes/improved/outputs/foundation_models/tasks/seasonal_naive/univariate/Coastal_T_S/H/long/run_0/metrics_summary.json
    Metrics summary (averaged over all series/windows/variates):
      MSE: 44.2538
      MAE: 2.2183
      RMSE: 2.7111
      MAPE: 0.0654
      sMAPE: 0.0604
      MASE: 2.7484
      ND: 0.0600
      CRPS: 0.0639
  Completed: 24 series x 2 windows
  Output: /fslarge/scratch/users/h61084/codes/improved/outputs/foundation_models/tasks/seasonal_naive/univariate/Coastal_T_S/H/long/run_0

============================================================
All experiments completed!
Results saved to: /scratch/users/h61084/codes/improved/outputs/foundation_models/tasks
============================================================

############################################################
# All 1 dataset(s) completed!
############################################################

############################################################
# Dataset 1/1: SG_Weather/D
############################################################
Loading configuration...

============================================================
Model: Seasonal Naive
Dataset: SG_Weather/D
Terms: ['short', 'medium', 'long']
============================================================

--- Term: short ---
  Config: prediction_length=3, test_length=366, val_length=366
TIME run allocation action=new run=/fslarge/scratch/users/h61084/codes/improved/outputs/foundation_models/tasks/seasonal_naive/univariate/SG_Weather/D/short/run_0 launch_id=selena_20260905T202540Z_30178 slurm_job_id=3157894 launched_at=2026-09-05T20:40:48.063509+00:00
  Dataset info:
    - Frequency: D
    - Num series: 6
    - Target dim: 4
    - Target mode: univariate
    - Series length: min=2953, max=2953, avg=2953.0
    - Test split: 366 steps
    - Prediction length: 3
    - Windows: 122
    - Season length: 1
    Total instances: 2928, Series during experiment: 24, Windows: 122
    Collecting ground truth and context...
    Detected to_univariate case: 24 flat series -> 6 series x 4 variates
    Organizing data into arrays...
    Saved predictions (quantiles) to /fslarge/scratch/users/h61084/codes/improved/outputs/foundation_models/tasks/seasonal_naive/univariate/SG_Weather/D/short/run_0/predictions.npz
    Computing per-window metrics...
    Saved metrics to /fslarge/scratch/users/h61084/codes/improved/outputs/foundation_models/tasks/seasonal_naive/univariate/SG_Weather/D/short/run_0/metrics.npz
    Saved config to /fslarge/scratch/users/h61084/codes/improved/outputs/foundation_models/tasks/seasonal_naive/univariate/SG_Weather/D/short/run_0/config.json
    Saved aggregate metrics to /fslarge/scratch/users/h61084/codes/improved/outputs/foundation_models/tasks/seasonal_naive/univariate/SG_Weather/D/short/run_0/metrics_summary.json
    Metrics summary (averaged over all series/windows/variates):
      MSE: 3785.4019
      MAE: 22.7857
      RMSE: 26.1413
      MAPE: 0.5301
      sMAPE: 0.2898
      MASE: 1.0915
      ND: 0.3272
      CRPS: 0.2977
  Completed: 6 series x 122 windows
  Output: /fslarge/scratch/users/h61084/codes/improved/outputs/foundation_models/tasks/seasonal_naive/univariate/SG_Weather/D/short/run_0

--- Term: medium ---
  Config: prediction_length=7, test_length=366, val_length=366
TIME run allocation action=new run=/fslarge/scratch/users/h61084/codes/improved/outputs/foundation_models/tasks/seasonal_naive/univariate/SG_Weather/D/medium/run_0 launch_id=selena_20260905T202540Z_30178 slurm_job_id=3157894 launched_at=2026-09-05T20:41:01.658124+00:00
  Dataset info:
    - Frequency: D
    - Num series: 6
    - Target dim: 4
    - Target mode: univariate
    - Series length: min=2953, max=2953, avg=2953.0
    - Test split: 366 steps
    - Prediction length: 7
    - Windows: 52
    - Season length: 1
    Total instances: 1248, Series during experiment: 24, Windows: 52
    Collecting ground truth and context...
    Detected to_univariate case: 24 flat series -> 6 series x 4 variates
    Organizing data into arrays...
    Saved predictions (quantiles) to /fslarge/scratch/users/h61084/codes/improved/outputs/foundation_models/tasks/seasonal_naive/univariate/SG_Weather/D/medium/run_0/predictions.npz
    Computing per-window metrics...
    Saved metrics to /fslarge/scratch/users/h61084/codes/improved/outputs/foundation_models/tasks/seasonal_naive/univariate/SG_Weather/D/medium/run_0/metrics.npz
    Saved config to /fslarge/scratch/users/h61084/codes/improved/outputs/foundation_models/tasks/seasonal_naive/univariate/SG_Weather/D/medium/run_0/config.json
    Saved aggregate metrics to /fslarge/scratch/users/h61084/codes/improved/outputs/foundation_models/tasks/seasonal_naive/univariate/SG_Weather/D/medium/run_0/metrics_summary.json
    Metrics summary (averaged over all series/windows/variates):
      MSE: 4374.9097
      MAE: 25.7104
      RMSE: 30.4295
      MAPE: 0.5909
      sMAPE: 0.3177
      MASE: 1.2143
      ND: 0.3390
      CRPS: 0.3199
  Completed: 6 series x 52 windows
  Output: /fslarge/scratch/users/h61084/codes/improved/outputs/foundation_models/tasks/seasonal_naive/univariate/SG_Weather/D/medium/run_0

--- Term: long ---
  Config: prediction_length=14, test_length=366, val_length=366
TIME run allocation action=new run=/fslarge/scratch/users/h61084/codes/improved/outputs/foundation_models/tasks/seasonal_naive/univariate/SG_Weather/D/long/run_0 launch_id=selena_20260905T202540Z_30178 slurm_job_id=3157894 launched_at=2026-09-05T20:41:07.712803+00:00
  Dataset info:
    - Frequency: D
    - Num series: 6
    - Target dim: 4
    - Target mode: univariate
    - Series length: min=2953, max=2953, avg=2953.0
    - Test split: 366 steps
    - Prediction length: 14
    - Windows: 26
    - Season length: 1
    Total instances: 624, Series during experiment: 24, Windows: 26
    Collecting ground truth and context...
    Detected to_univariate case: 24 flat series -> 6 series x 4 variates
    Organizing data into arrays...
    Saved predictions (quantiles) to /fslarge/scratch/users/h61084/codes/improved/outputs/foundation_models/tasks/seasonal_naive/univariate/SG_Weather/D/long/run_0/predictions.npz
    Computing per-window metrics...
    Saved metrics to /fslarge/scratch/users/h61084/codes/improved/outputs/foundation_models/tasks/seasonal_naive/univariate/SG_Weather/D/long/run_0/metrics.npz
    Saved config to /fslarge/scratch/users/h61084/codes/improved/outputs/foundation_models/tasks/seasonal_naive/univariate/SG_Weather/D/long/run_0/config.json
    Saved aggregate metrics to /fslarge/scratch/users/h61084/codes/improved/outputs/foundation_models/tasks/seasonal_naive/univariate/SG_Weather/D/long/run_0/metrics_summary.json
    Metrics summary (averaged over all series/windows/variates):
      MSE: 4144.9651
      MAE: 24.9064
      RMSE: 30.3426
      MAPE: 0.5985
      sMAPE: 0.3183
      MASE: 1.2649
      ND: 0.3284
      CRPS: 0.3508
  Completed: 6 series x 26 windows
  Output: /fslarge/scratch/users/h61084/codes/improved/outputs/foundation_models/tasks/seasonal_naive/univariate/SG_Weather/D/long/run_0

============================================================
All experiments completed!
Results saved to: /scratch/users/h61084/codes/improved/outputs/foundation_models/tasks
============================================================

############################################################
# All 1 dataset(s) completed!
############################################################

############################################################
# Dataset 1/1: SG_PM25/H
############################################################
Loading configuration...

============================================================
Model: Seasonal Naive
Dataset: SG_PM25/H
Terms: ['short', 'medium', 'long']
============================================================

--- Term: short ---
  Config: prediction_length=24, test_length=2208, val_length=2160
TIME run allocation action=new run=/fslarge/scratch/users/h61084/codes/improved/outputs/foundation_models/tasks/seasonal_naive/univariate/SG_PM25/H/short/run_0 launch_id=selena_20260905T202540Z_30178 slurm_job_id=3157894 launched_at=2026-09-05T20:41:15.294175+00:00
  Dataset info:
    - Frequency: H
    - Num series: 1
    - Target dim: 5
    - Target mode: univariate
    - Series length: min=38688, max=38688, avg=38688.0
    - Test split: 2208 steps
    - Prediction length: 24
    - Windows: 92
    - Season length: 24
    Total instances: 460, Series during experiment: 5, Windows: 92
    Collecting ground truth and context...
    Detected to_univariate case: 5 flat series -> 1 series x 5 variates
    Organizing data into arrays...
    Saved predictions (quantiles) to /fslarge/scratch/users/h61084/codes/improved/outputs/foundation_models/tasks/seasonal_naive/univariate/SG_PM25/H/short/run_0/predictions.npz
    Computing per-window metrics...
    Saved metrics to /fslarge/scratch/users/h61084/codes/improved/outputs/foundation_models/tasks/seasonal_naive/univariate/SG_PM25/H/short/run_0/metrics.npz
    Saved config to /fslarge/scratch/users/h61084/codes/improved/outputs/foundation_models/tasks/seasonal_naive/univariate/SG_PM25/H/short/run_0/config.json
    Saved aggregate metrics to /fslarge/scratch/users/h61084/codes/improved/outputs/foundation_models/tasks/seasonal_naive/univariate/SG_PM25/H/short/run_0/metrics_summary.json
    Metrics summary (averaged over all series/windows/variates):
      MSE: 71.3879
      MAE: 6.2466
      RMSE: 7.7765
      MAPE: 0.6810
      sMAPE: 0.5195
      MASE: 1.1818
      ND: 0.5413
      CRPS: 0.4323
  Completed: 1 series x 92 windows
  Output: /fslarge/scratch/users/h61084/codes/improved/outputs/foundation_models/tasks/seasonal_naive/univariate/SG_PM25/H/short/run_0

--- Term: medium ---
  Config: prediction_length=72, test_length=2208, val_length=2160
TIME run allocation action=new run=/fslarge/scratch/users/h61084/codes/improved/outputs/foundation_models/tasks/seasonal_naive/univariate/SG_PM25/H/medium/run_0 launch_id=selena_20260905T202540Z_30178 slurm_job_id=3157894 launched_at=2026-09-05T20:41:22.620504+00:00
  Dataset info:
    - Frequency: H
    - Num series: 1
    - Target dim: 5
    - Target mode: univariate
    - Series length: min=38688, max=38688, avg=38688.0
    - Test split: 2208 steps
    - Prediction length: 72
    - Windows: 30
    - Season length: 24
    Total instances: 150, Series during experiment: 5, Windows: 30
    Collecting ground truth and context...
    Detected to_univariate case: 5 flat series -> 1 series x 5 variates
    Organizing data into arrays...
    Saved predictions (quantiles) to /fslarge/scratch/users/h61084/codes/improved/outputs/foundation_models/tasks/seasonal_naive/univariate/SG_PM25/H/medium/run_0/predictions.npz
    Computing per-window metrics...
    Saved metrics to /fslarge/scratch/users/h61084/codes/improved/outputs/foundation_models/tasks/seasonal_naive/univariate/SG_PM25/H/medium/run_0/metrics.npz
    Saved config to /fslarge/scratch/users/h61084/codes/improved/outputs/foundation_models/tasks/seasonal_naive/univariate/SG_PM25/H/medium/run_0/config.json
    Saved aggregate metrics to /fslarge/scratch/users/h61084/codes/improved/outputs/foundation_models/tasks/seasonal_naive/univariate/SG_PM25/H/medium/run_0/metrics_summary.json
    Metrics summary (averaged over all series/windows/variates):
      MSE: 74.2241
      MAE: 6.4235
      RMSE: 8.1112
      MAPE: 0.6857
      sMAPE: 0.5424
      MASE: 1.2142
      ND: 0.5374
      CRPS: 0.4404
  Completed: 1 series x 30 windows
  Output: /fslarge/scratch/users/h61084/codes/improved/outputs/foundation_models/tasks/seasonal_naive/univariate/SG_PM25/H/medium/run_0

--- Term: long ---
  Config: prediction_length=168, test_length=2208, val_length=2160
TIME run allocation action=new run=/fslarge/scratch/users/h61084/codes/improved/outputs/foundation_models/tasks/seasonal_naive/univariate/SG_PM25/H/long/run_0 launch_id=selena_20260905T202540Z_30178 slurm_job_id=3157894 launched_at=2026-09-05T20:41:26.008980+00:00
  Dataset info:
    - Frequency: H
    - Num series: 1
    - Target dim: 5
    - Target mode: univariate
    - Series length: min=38688, max=38688, avg=38688.0
    - Test split: 2208 steps
    - Prediction length: 168
    - Windows: 13
    - Season length: 24
    Total instances: 65, Series during experiment: 5, Windows: 13
    Collecting ground truth and context...
    Detected to_univariate case: 5 flat series -> 1 series x 5 variates
    Organizing data into arrays...
    Saved predictions (quantiles) to /fslarge/scratch/users/h61084/codes/improved/outputs/foundation_models/tasks/seasonal_naive/univariate/SG_PM25/H/long/run_0/predictions.npz
    Computing per-window metrics...
    Saved metrics to /fslarge/scratch/users/h61084/codes/improved/outputs/foundation_models/tasks/seasonal_naive/univariate/SG_PM25/H/long/run_0/metrics.npz
    Saved config to /fslarge/scratch/users/h61084/codes/improved/outputs/foundation_models/tasks/seasonal_naive/univariate/SG_PM25/H/long/run_0/config.json
    Saved aggregate metrics to /fslarge/scratch/users/h61084/codes/improved/outputs/foundation_models/tasks/seasonal_naive/univariate/SG_PM25/H/long/run_0/metrics_summary.json
    Metrics summary (averaged over all series/windows/variates):
      MSE: 83.4869
      MAE: 6.9715
      RMSE: 8.8424
      MAPE: 0.7773
      sMAPE: 0.5854
      MASE: 1.3148
      ND: 0.5848
      CRPS: 0.5064
  Completed: 1 series x 13 windows
  Output: /fslarge/scratch/users/h61084/codes/improved/outputs/foundation_models/tasks/seasonal_naive/univariate/SG_PM25/H/long/run_0

============================================================
All experiments completed!
Results saved to: /scratch/users/h61084/codes/improved/outputs/foundation_models/tasks
============================================================

############################################################
# All 1 dataset(s) completed!
############################################################

############################################################
# Dataset 1/1: NE_China_Wind/H
############################################################
Loading configuration...

============================================================
Model: Seasonal Naive
Dataset: NE_China_Wind/H
Terms: ['short', 'medium', 'long']
============================================================

--- Term: short ---
  Config: prediction_length=24, test_length=720, val_length=720
TIME run allocation action=new run=/fslarge/scratch/users/h61084/codes/improved/outputs/foundation_models/tasks/seasonal_naive/univariate/NE_China_Wind/H/short/run_0 launch_id=selena_20260905T202540Z_30178 slurm_job_id=3157894 launched_at=2026-09-05T20:41:32.256621+00:00
  Dataset info:
    - Frequency: H
    - Num series: 1
    - Target dim: 4
    - Target mode: univariate
    - Series length: min=8764, max=8764, avg=8764.0
    - Test split: 720 steps
    - Prediction length: 24
    - Windows: 30
    - Season length: 24
    Total instances: 120, Series during experiment: 4, Windows: 30
    Collecting ground truth and context...
    Detected to_univariate case: 4 flat series -> 1 series x 4 variates
    Organizing data into arrays...
    Saved predictions (quantiles) to /fslarge/scratch/users/h61084/codes/improved/outputs/foundation_models/tasks/seasonal_naive/univariate/NE_China_Wind/H/short/run_0/predictions.npz
    Computing per-window metrics...
    Saved metrics to /fslarge/scratch/users/h61084/codes/improved/outputs/foundation_models/tasks/seasonal_naive/univariate/NE_China_Wind/H/short/run_0/metrics.npz
    Saved config to /fslarge/scratch/users/h61084/codes/improved/outputs/foundation_models/tasks/seasonal_naive/univariate/NE_China_Wind/H/short/run_0/config.json
    Saved aggregate metrics to /fslarge/scratch/users/h61084/codes/improved/outputs/foundation_models/tasks/seasonal_naive/univariate/NE_China_Wind/H/short/run_0/metrics_summary.json
    Metrics summary (averaged over all series/windows/variates):
      MSE: 0.2690
      MAE: 0.3610
      RMSE: 0.4041
      MAPE: 1.5490
      sMAPE: 0.6384
      MASE: 0.8423
      ND: 0.7330
      CRPS: 0.6190
  Completed: 1 series x 30 windows
  Output: /fslarge/scratch/users/h61084/codes/improved/outputs/foundation_models/tasks/seasonal_naive/univariate/NE_China_Wind/H/short/run_0

--- Term: medium ---
  Config: prediction_length=72, test_length=720, val_length=720
TIME run allocation action=new run=/fslarge/scratch/users/h61084/codes/improved/outputs/foundation_models/tasks/seasonal_naive/univariate/NE_China_Wind/H/medium/run_0 launch_id=selena_20260905T202540Z_30178 slurm_job_id=3157894 launched_at=2026-09-05T20:41:35.541974+00:00
  Dataset info:
    - Frequency: H
    - Num series: 1
    - Target dim: 4
    - Target mode: univariate
    - Series length: min=8764, max=8764, avg=8764.0
    - Test split: 720 steps
    - Prediction length: 72
    - Windows: 10
    - Season length: 24
    Total instances: 40, Series during experiment: 4, Windows: 10
    Collecting ground truth and context...
    Detected to_univariate case: 4 flat series -> 1 series x 4 variates
    Organizing data into arrays...
    Saved predictions (quantiles) to /fslarge/scratch/users/h61084/codes/improved/outputs/foundation_models/tasks/seasonal_naive/univariate/NE_China_Wind/H/medium/run_0/predictions.npz
    Computing per-window metrics...
    Saved metrics to /fslarge/scratch/users/h61084/codes/improved/outputs/foundation_models/tasks/seasonal_naive/univariate/NE_China_Wind/H/medium/run_0/metrics.npz
    Saved config to /fslarge/scratch/users/h61084/codes/improved/outputs/foundation_models/tasks/seasonal_naive/univariate/NE_China_Wind/H/medium/run_0/config.json
    Saved aggregate metrics to /fslarge/scratch/users/h61084/codes/improved/outputs/foundation_models/tasks/seasonal_naive/univariate/NE_China_Wind/H/medium/run_0/metrics_summary.json
    Metrics summary (averaged over all series/windows/variates):
      MSE: 0.4120
      MAE: 0.4730
      RMSE: 0.5374
      MAPE: 1.9802
      sMAPE: 0.7898
      MASE: 1.1361
      ND: 0.7824
      CRPS: 0.6676
  Completed: 1 series x 10 windows
  Output: /fslarge/scratch/users/h61084/codes/improved/outputs/foundation_models/tasks/seasonal_naive/univariate/NE_China_Wind/H/medium/run_0

--- Term: long ---
  Config: prediction_length=168, test_length=720, val_length=720
TIME run allocation action=new run=/fslarge/scratch/users/h61084/codes/improved/outputs/foundation_models/tasks/seasonal_naive/univariate/NE_China_Wind/H/long/run_0 launch_id=selena_20260905T202540Z_30178 slurm_job_id=3157894 launched_at=2026-09-05T20:41:36.381006+00:00
  Dataset info:
    - Frequency: H
    - Num series: 1
    - Target dim: 4
    - Target mode: univariate
    - Series length: min=8764, max=8764, avg=8764.0
    - Test split: 720 steps
    - Prediction length: 168
    - Windows: 4
    - Season length: 24
    Total instances: 16, Series during experiment: 4, Windows: 4
    Collecting ground truth and context...
    Detected to_univariate case: 4 flat series -> 1 series x 4 variates
    Organizing data into arrays...
    Saved predictions (quantiles) to /fslarge/scratch/users/h61084/codes/improved/outputs/foundation_models/tasks/seasonal_naive/univariate/NE_China_Wind/H/long/run_0/predictions.npz
    Computing per-window metrics...
    Saved metrics to /fslarge/scratch/users/h61084/codes/improved/outputs/foundation_models/tasks/seasonal_naive/univariate/NE_China_Wind/H/long/run_0/metrics.npz
    Saved config to /fslarge/scratch/users/h61084/codes/improved/outputs/foundation_models/tasks/seasonal_naive/univariate/NE_China_Wind/H/long/run_0/config.json
    Saved aggregate metrics to /fslarge/scratch/users/h61084/codes/improved/outputs/foundation_models/tasks/seasonal_naive/univariate/NE_China_Wind/H/long/run_0/metrics_summary.json
    Metrics summary (averaged over all series/windows/variates):
      MSE: 0.5064
      MAE: 0.5342
      RMSE: 0.6484
      MAPE: 1.8677
      sMAPE: 0.7896
      MASE: 1.4065
      ND: 0.7283
      CRPS: 0.6908
  Completed: 1 series x 4 windows
  Output: /fslarge/scratch/users/h61084/codes/improved/outputs/foundation_models/tasks/seasonal_naive/univariate/NE_China_Wind/H/long/run_0

============================================================
All experiments completed!
Results saved to: /scratch/users/h61084/codes/improved/outputs/foundation_models/tasks
============================================================

############################################################
# All 1 dataset(s) completed!
############################################################

############################################################
# Dataset 1/1: Australia_Solar/H
############################################################
Loading configuration...

============================================================
Model: Seasonal Naive
Dataset: Australia_Solar/H
Terms: ['short', 'medium', 'long']
============================================================

--- Term: short ---
  Config: prediction_length=24, test_length=2520, val_length=2520
TIME run allocation action=new run=/fslarge/scratch/users/h61084/codes/improved/outputs/foundation_models/tasks/seasonal_naive/univariate/Australia_Solar/H/short/run_0 launch_id=selena_20260905T202540Z_30178 slurm_job_id=3157894 launched_at=2026-09-05T20:41:40.495193+00:00
  Dataset info:
    - Frequency: H
    - Num series: 1
    - Target dim: 3
    - Target mode: univariate
    - Series length: min=35064, max=35064, avg=35064.0
    - Test split: 2520 steps
    - Prediction length: 24
    - Windows: 105
    - Season length: 24
    Total instances: 315, Series during experiment: 3, Windows: 105
    Collecting ground truth and context...
    Detected to_univariate case: 3 flat series -> 1 series x 3 variates
    Organizing data into arrays...
    ⚠️  Predictions max value (2231668.50) exceeds float16 safe range.
    ⚠️  Applying scale factor: 100 (values will be divided)
    Saved predictions (quantiles) to /fslarge/scratch/users/h61084/codes/improved/outputs/foundation_models/tasks/seasonal_naive/univariate/Australia_Solar/H/short/run_0/predictions.npz
    Computing per-window metrics...
    Saved metrics to /fslarge/scratch/users/h61084/codes/improved/outputs/foundation_models/tasks/seasonal_naive/univariate/Australia_Solar/H/short/run_0/metrics.npz
    Saved config to /fslarge/scratch/users/h61084/codes/improved/outputs/foundation_models/tasks/seasonal_naive/univariate/Australia_Solar/H/short/run_0/config.json
    Saved aggregate metrics to /fslarge/scratch/users/h61084/codes/improved/outputs/foundation_models/tasks/seasonal_naive/univariate/Australia_Solar/H/short/run_0/metrics_summary.json
    Metrics summary (averaged over all series/windows/variates):
      MSE: 38741324017.0520
      MAE: 99028.6401
      RMSE: 129720.9126
      MAPE: 1244.1333
      sMAPE: 0.6336
      MASE: 0.6993
      ND: 0.3605
      CRPS: 0.3181
  Completed: 1 series x 105 windows
  Output: /fslarge/scratch/users/h61084/codes/improved/outputs/foundation_models/tasks/seasonal_naive/univariate/Australia_Solar/H/short/run_0

--- Term: medium ---
  Config: prediction_length=72, test_length=2520, val_length=2520
TIME run allocation action=new run=/fslarge/scratch/users/h61084/codes/improved/outputs/foundation_models/tasks/seasonal_naive/univariate/Australia_Solar/H/medium/run_0 launch_id=selena_20260905T202540Z_30178 slurm_job_id=3157894 launched_at=2026-09-05T20:41:46.087556+00:00
  Dataset info:
    - Frequency: H
    - Num series: 1
    - Target dim: 3
    - Target mode: univariate
    - Series length: min=35064, max=35064, avg=35064.0
    - Test split: 2520 steps
    - Prediction length: 72
    - Windows: 35
    - Season length: 24
    Total instances: 105, Series during experiment: 3, Windows: 35
    Collecting ground truth and context...
    Detected to_univariate case: 3 flat series -> 1 series x 3 variates
    Organizing data into arrays...
    ⚠️  Predictions max value (2393924.50) exceeds float16 safe range.
    ⚠️  Applying scale factor: 100 (values will be divided)
    Saved predictions (quantiles) to /fslarge/scratch/users/h61084/codes/improved/outputs/foundation_models/tasks/seasonal_naive/univariate/Australia_Solar/H/medium/run_0/predictions.npz
    Computing per-window metrics...
    Saved metrics to /fslarge/scratch/users/h61084/codes/improved/outputs/foundation_models/tasks/seasonal_naive/univariate/Australia_Solar/H/medium/run_0/metrics.npz
    Saved config to /fslarge/scratch/users/h61084/codes/improved/outputs/foundation_models/tasks/seasonal_naive/univariate/Australia_Solar/H/medium/run_0/config.json
    Saved aggregate metrics to /fslarge/scratch/users/h61084/codes/improved/outputs/foundation_models/tasks/seasonal_naive/univariate/Australia_Solar/H/medium/run_0/metrics_summary.json
    Metrics summary (averaged over all series/windows/variates):
      MSE: 43076000221.4364
      MAE: 108707.4819
      RMSE: 152587.5723
      MAPE: 1305.0635
      sMAPE: 0.6731
      MASE: 0.7758
      ND: 0.3396
      CRPS: 0.3095
  Completed: 1 series x 35 windows
  Output: /fslarge/scratch/users/h61084/codes/improved/outputs/foundation_models/tasks/seasonal_naive/univariate/Australia_Solar/H/medium/run_0

--- Term: long ---
  Config: prediction_length=168, test_length=2520, val_length=2520
TIME run allocation action=new run=/fslarge/scratch/users/h61084/codes/improved/outputs/foundation_models/tasks/seasonal_naive/univariate/Australia_Solar/H/long/run_0 launch_id=selena_20260905T202540Z_30178 slurm_job_id=3157894 launched_at=2026-09-05T20:41:48.416092+00:00
  Dataset info:
    - Frequency: H
    - Num series: 1
    - Target dim: 3
    - Target mode: univariate
    - Series length: min=35064, max=35064, avg=35064.0
    - Test split: 2520 steps
    - Prediction length: 168
    - Windows: 15
    - Season length: 24
    Total instances: 45, Series during experiment: 3, Windows: 15
    Collecting ground truth and context...
    Detected to_univariate case: 3 flat series -> 1 series x 3 variates
    Organizing data into arrays...
    ⚠️  Predictions max value (2566391.85) exceeds float16 safe range.
    ⚠️  Applying scale factor: 100 (values will be divided)
    Saved predictions (quantiles) to /fslarge/scratch/users/h61084/codes/improved/outputs/foundation_models/tasks/seasonal_naive/univariate/Australia_Solar/H/long/run_0/predictions.npz
    Computing per-window metrics...
    Saved metrics to /fslarge/scratch/users/h61084/codes/improved/outputs/foundation_models/tasks/seasonal_naive/univariate/Australia_Solar/H/long/run_0/metrics.npz
    Saved config to /fslarge/scratch/users/h61084/codes/improved/outputs/foundation_models/tasks/seasonal_naive/univariate/Australia_Solar/H/long/run_0/config.json
    Saved aggregate metrics to /fslarge/scratch/users/h61084/codes/improved/outputs/foundation_models/tasks/seasonal_naive/univariate/Australia_Solar/H/long/run_0/metrics_summary.json
    Metrics summary (averaged over all series/windows/variates):
      MSE: 33804539777.6484
      MAE: 99697.7021
      RMSE: 145162.2155
      MAPE: 719.0587
      sMAPE: 0.6782
      MASE: 0.7252
      ND: 0.3223
      CRPS: 0.3154
  Completed: 1 series x 15 windows
  Output: /fslarge/scratch/users/h61084/codes/improved/outputs/foundation_models/tasks/seasonal_naive/univariate/Australia_Solar/H/long/run_0

============================================================
All experiments completed!
Results saved to: /scratch/users/h61084/codes/improved/outputs/foundation_models/tasks
============================================================

############################################################
# All 1 dataset(s) completed!
############################################################

############################################################
# Dataset 1/1: epf_electricity_price/H
############################################################
Loading configuration...

============================================================
Model: Seasonal Naive
Dataset: epf_electricity_price/H
Terms: ['short', 'medium', 'long']
============================================================

--- Term: short ---
  Config: prediction_length=24, test_length=2520, val_length=2520
TIME run allocation action=new run=/fslarge/scratch/users/h61084/codes/improved/outputs/foundation_models/tasks/seasonal_naive/univariate/epf_electricity_price/H/short/run_0 launch_id=selena_20260905T202540Z_30178 slurm_job_id=3157894 launched_at=2026-09-05T20:41:53.769046+00:00
  Dataset info:
    - Frequency: H
    - Num series: 5
    - Target dim: 1
    - Target mode: univariate
    - Series length: min=52416, max=52416, avg=52416.0
    - Test split: 2520 steps
    - Prediction length: 24
    - Windows: 105
    - Season length: 24
    Total instances: 525, Series during experiment: 5, Windows: 105
    Collecting ground truth and context...
    Organizing data into arrays...
    Saved predictions (quantiles) to /fslarge/scratch/users/h61084/codes/improved/outputs/foundation_models/tasks/seasonal_naive/univariate/epf_electricity_price/H/short/run_0/predictions.npz
    Computing per-window metrics...
    Saved metrics to /fslarge/scratch/users/h61084/codes/improved/outputs/foundation_models/tasks/seasonal_naive/univariate/epf_electricity_price/H/short/run_0/metrics.npz
    Saved config to /fslarge/scratch/users/h61084/codes/improved/outputs/foundation_models/tasks/seasonal_naive/univariate/epf_electricity_price/H/short/run_0/config.json
    Saved aggregate metrics to /fslarge/scratch/users/h61084/codes/improved/outputs/foundation_models/tasks/seasonal_naive/univariate/epf_electricity_price/H/short/run_0/metrics_summary.json
    Metrics summary (averaged over all series/windows/variates):
      MSE: 252.6352
      MAE: 9.2483
      RMSE: 11.4174
      MAPE: 1.6445
      sMAPE: 0.2315
      MASE: 1.4417
      ND: 0.2373
      CRPS: 0.1965
  Completed: 5 series x 105 windows
  Output: /fslarge/scratch/users/h61084/codes/improved/outputs/foundation_models/tasks/seasonal_naive/univariate/epf_electricity_price/H/short/run_0

--- Term: medium ---
  Config: prediction_length=72, test_length=2520, val_length=2520
TIME run allocation action=new run=/fslarge/scratch/users/h61084/codes/improved/outputs/foundation_models/tasks/seasonal_naive/univariate/epf_electricity_price/H/medium/run_0 launch_id=selena_20260905T202540Z_30178 slurm_job_id=3157894 launched_at=2026-09-05T20:42:02.028622+00:00
  Dataset info:
    - Frequency: H
    - Num series: 5
    - Target dim: 1
    - Target mode: univariate
    - Series length: min=52416, max=52416, avg=52416.0
    - Test split: 2520 steps
    - Prediction length: 72
    - Windows: 35
    - Season length: 24
    Total instances: 175, Series during experiment: 5, Windows: 35
    Collecting ground truth and context...
    Organizing data into arrays...
    Saved predictions (quantiles) to /fslarge/scratch/users/h61084/codes/improved/outputs/foundation_models/tasks/seasonal_naive/univariate/epf_electricity_price/H/medium/run_0/predictions.npz
    Computing per-window metrics...
    Saved metrics to /fslarge/scratch/users/h61084/codes/improved/outputs/foundation_models/tasks/seasonal_naive/univariate/epf_electricity_price/H/medium/run_0/metrics.npz
    Saved config to /fslarge/scratch/users/h61084/codes/improved/outputs/foundation_models/tasks/seasonal_naive/univariate/epf_electricity_price/H/medium/run_0/config.json
    Saved aggregate metrics to /fslarge/scratch/users/h61084/codes/improved/outputs/foundation_models/tasks/seasonal_naive/univariate/epf_electricity_price/H/medium/run_0/metrics_summary.json
    Metrics summary (averaged over all series/windows/variates):
      MSE: 435.5494
      MAE: 12.2155
      RMSE: 15.3309
      MAPE: 2.2717
      sMAPE: 0.2862
      MASE: 1.8988
      ND: 0.2939
      CRPS: 0.2445
  Completed: 5 series x 35 windows
  Output: /fslarge/scratch/users/h61084/codes/improved/outputs/foundation_models/tasks/seasonal_naive/univariate/epf_electricity_price/H/medium/run_0

--- Term: long ---
  Config: prediction_length=168, test_length=2520, val_length=2520
TIME run allocation action=new run=/fslarge/scratch/users/h61084/codes/improved/outputs/foundation_models/tasks/seasonal_naive/univariate/epf_electricity_price/H/long/run_0 launch_id=selena_20260905T202540Z_30178 slurm_job_id=3157894 launched_at=2026-09-05T20:42:05.992908+00:00
  Dataset info:
    - Frequency: H
    - Num series: 5
    - Target dim: 1
    - Target mode: univariate
    - Series length: min=52416, max=52416, avg=52416.0
    - Test split: 2520 steps
    - Prediction length: 168
    - Windows: 15
    - Season length: 24
    Total instances: 75, Series during experiment: 5, Windows: 15
    Collecting ground truth and context...
    Organizing data into arrays...
    Saved predictions (quantiles) to /fslarge/scratch/users/h61084/codes/improved/outputs/foundation_models/tasks/seasonal_naive/univariate/epf_electricity_price/H/long/run_0/predictions.npz
    Computing per-window metrics...
    Saved metrics to /fslarge/scratch/users/h61084/codes/improved/outputs/foundation_models/tasks/seasonal_naive/univariate/epf_electricity_price/H/long/run_0/metrics.npz
    Saved config to /fslarge/scratch/users/h61084/codes/improved/outputs/foundation_models/tasks/seasonal_naive/univariate/epf_electricity_price/H/long/run_0/config.json
    Saved aggregate metrics to /fslarge/scratch/users/h61084/codes/improved/outputs/foundation_models/tasks/seasonal_naive/univariate/epf_electricity_price/H/long/run_0/metrics_summary.json
    Metrics summary (averaged over all series/windows/variates):
      MSE: 490.1126
      MAE: 13.0858
      RMSE: 17.0397
      MAPE: 1.8704
      sMAPE: 0.3308
      MASE: 2.0579
      ND: 0.3085
      CRPS: 0.2655
  Completed: 5 series x 15 windows
  Output: /fslarge/scratch/users/h61084/codes/improved/outputs/foundation_models/tasks/seasonal_naive/univariate/epf_electricity_price/H/long/run_0

============================================================
All experiments completed!
Results saved to: /scratch/users/h61084/codes/improved/outputs/foundation_models/tasks
============================================================

############################################################
# All 1 dataset(s) completed!
############################################################

############################################################
# Dataset 1/1: OpenElectricity_NEM/5T
############################################################
Loading configuration...

============================================================
Model: Seasonal Naive
Dataset: OpenElectricity_NEM/5T
Terms: ['short', 'medium', 'long']
============================================================

--- Term: short ---
  Config: prediction_length=24, test_length=4032, val_length=4032
TIME run allocation action=new run=/fslarge/scratch/users/h61084/codes/improved/outputs/foundation_models/tasks/seasonal_naive/univariate/OpenElectricity_NEM/5T/short/run_0 launch_id=selena_20260905T202540Z_30178 slurm_job_id=3157894 launched_at=2026-09-05T20:42:12.766903+00:00
  Dataset info:
    - Frequency: 5T
    - Num series: 1
    - Target dim: 10
    - Target mode: univariate
    - Series length: min=43488, max=43488, avg=43488.0
    - Test split: 4032 steps
    - Prediction length: 24
    - Windows: 168
    - Season length: 288
    Total instances: 1680, Series during experiment: 10, Windows: 168
    Collecting ground truth and context...
    Detected to_univariate case: 10 flat series -> 1 series x 10 variates
    Organizing data into arrays...
    Saved predictions (quantiles) to /fslarge/scratch/users/h61084/codes/improved/outputs/foundation_models/tasks/seasonal_naive/univariate/OpenElectricity_NEM/5T/short/run_0/predictions.npz
    Computing per-window metrics...
    Saved metrics to /fslarge/scratch/users/h61084/codes/improved/outputs/foundation_models/tasks/seasonal_naive/univariate/OpenElectricity_NEM/5T/short/run_0/metrics.npz
    Saved config to /fslarge/scratch/users/h61084/codes/improved/outputs/foundation_models/tasks/seasonal_naive/univariate/OpenElectricity_NEM/5T/short/run_0/config.json
    Saved aggregate metrics to /fslarge/scratch/users/h61084/codes/improved/outputs/foundation_models/tasks/seasonal_naive/univariate/OpenElectricity_NEM/5T/short/run_0/metrics_summary.json
    Metrics summary (averaged over all series/windows/variates):
      MSE: 140860.3512
      MAE: 178.3749
      RMSE: 187.8822
      MAPE: 7.1503
      sMAPE: 0.3518
      MASE: 1.0424
      ND: 0.4942
      CRPS: 0.4141
  Completed: 1 series x 168 windows
  Output: /fslarge/scratch/users/h61084/codes/improved/outputs/foundation_models/tasks/seasonal_naive/univariate/OpenElectricity_NEM/5T/short/run_0

--- Term: medium ---
  Config: prediction_length=96, test_length=4032, val_length=4032
TIME run allocation action=new run=/fslarge/scratch/users/h61084/codes/improved/outputs/foundation_models/tasks/seasonal_naive/univariate/OpenElectricity_NEM/5T/medium/run_0 launch_id=selena_20260905T202540Z_30178 slurm_job_id=3157894 launched_at=2026-09-05T20:42:33.782806+00:00
  Dataset info:
    - Frequency: 5T
    - Num series: 1
    - Target dim: 10
    - Target mode: univariate
    - Series length: min=43488, max=43488, avg=43488.0
    - Test split: 4032 steps
    - Prediction length: 96
    - Windows: 42
    - Season length: 288
    Total instances: 420, Series during experiment: 10, Windows: 42
    Collecting ground truth and context...
    Detected to_univariate case: 10 flat series -> 1 series x 10 variates
    Organizing data into arrays...
    Saved predictions (quantiles) to /fslarge/scratch/users/h61084/codes/improved/outputs/foundation_models/tasks/seasonal_naive/univariate/OpenElectricity_NEM/5T/medium/run_0/predictions.npz
    Computing per-window metrics...
    Saved metrics to /fslarge/scratch/users/h61084/codes/improved/outputs/foundation_models/tasks/seasonal_naive/univariate/OpenElectricity_NEM/5T/medium/run_0/metrics.npz
    Saved config to /fslarge/scratch/users/h61084/codes/improved/outputs/foundation_models/tasks/seasonal_naive/univariate/OpenElectricity_NEM/5T/medium/run_0/config.json
    Saved aggregate metrics to /fslarge/scratch/users/h61084/codes/improved/outputs/foundation_models/tasks/seasonal_naive/univariate/OpenElectricity_NEM/5T/medium/run_0/metrics_summary.json
    Metrics summary (averaged over all series/windows/variates):
      MSE: 138370.5786
      MAE: 177.1729
      RMSE: 205.0539
      MAPE: 6.7936
      sMAPE: 0.3528
      MASE: 1.0419
      ND: 0.4143
      CRPS: 0.3441
  Completed: 1 series x 42 windows
  Output: /fslarge/scratch/users/h61084/codes/improved/outputs/foundation_models/tasks/seasonal_naive/univariate/OpenElectricity_NEM/5T/medium/run_0

--- Term: long ---
  Config: prediction_length=288, test_length=4032, val_length=4032
TIME run allocation action=new run=/fslarge/scratch/users/h61084/codes/improved/outputs/foundation_models/tasks/seasonal_naive/univariate/OpenElectricity_NEM/5T/long/run_0 launch_id=selena_20260905T202540Z_30178 slurm_job_id=3157894 launched_at=2026-09-05T20:42:45.745252+00:00
  Dataset info:
    - Frequency: 5T
    - Num series: 1
    - Target dim: 10
    - Target mode: univariate
    - Series length: min=43488, max=43488, avg=43488.0
    - Test split: 4032 steps
    - Prediction length: 288
    - Windows: 14
    - Season length: 288
    Total instances: 140, Series during experiment: 10, Windows: 14
    Collecting ground truth and context...
    Detected to_univariate case: 10 flat series -> 1 series x 10 variates
    Organizing data into arrays...
    Saved predictions (quantiles) to /fslarge/scratch/users/h61084/codes/improved/outputs/foundation_models/tasks/seasonal_naive/univariate/OpenElectricity_NEM/5T/long/run_0/predictions.npz
    Computing per-window metrics...
    Saved metrics to /fslarge/scratch/users/h61084/codes/improved/outputs/foundation_models/tasks/seasonal_naive/univariate/OpenElectricity_NEM/5T/long/run_0/metrics.npz
    Saved config to /fslarge/scratch/users/h61084/codes/improved/outputs/foundation_models/tasks/seasonal_naive/univariate/OpenElectricity_NEM/5T/long/run_0/config.json
    Saved aggregate metrics to /fslarge/scratch/users/h61084/codes/improved/outputs/foundation_models/tasks/seasonal_naive/univariate/OpenElectricity_NEM/5T/long/run_0/metrics_summary.json
    Metrics summary (averaged over all series/windows/variates):
      MSE: 139278.5946
      MAE: 177.9871
      RMSE: 236.4986
      MAPE: 6.9908
      sMAPE: 0.3441
      MASE: 1.0369
      ND: 0.3222
      CRPS: 0.2736
  Completed: 1 series x 14 windows
  Output: /fslarge/scratch/users/h61084/codes/improved/outputs/foundation_models/tasks/seasonal_naive/univariate/OpenElectricity_NEM/5T/long/run_0

============================================================
All experiments completed!
Results saved to: /scratch/users/h61084/codes/improved/outputs/foundation_models/tasks
============================================================

############################################################
# All 1 dataset(s) completed!
############################################################

############################################################
# Dataset 1/1: EWELD_Load/15T
############################################################
Loading configuration...

============================================================
Model: Seasonal Naive
Dataset: EWELD_Load/15T
Terms: ['short', 'medium', 'long']
============================================================

--- Term: short ---
  Config: prediction_length=24, test_length=1344, val_length=1344
TIME run allocation action=new run=/fslarge/scratch/users/h61084/codes/improved/outputs/foundation_models/tasks/seasonal_naive/univariate/EWELD_Load/15T/short/run_0 launch_id=selena_20260905T202540Z_30178 slurm_job_id=3157894 launched_at=2026-09-05T20:42:59.317029+00:00
  Dataset info:
    - Frequency: 15T
    - Num series: 1
    - Target dim: 10
    - Target mode: univariate
    - Series length: min=20544, max=20544, avg=20544.0
    - Test split: 1344 steps
    - Prediction length: 24
    - Windows: 56
    - Season length: 96
    Total instances: 560, Series during experiment: 10, Windows: 56
    Collecting ground truth and context...
    Detected to_univariate case: 10 flat series -> 1 series x 10 variates
    Organizing data into arrays...
    Saved predictions (quantiles) to /fslarge/scratch/users/h61084/codes/improved/outputs/foundation_models/tasks/seasonal_naive/univariate/EWELD_Load/15T/short/run_0/predictions.npz
    Computing per-window metrics...
    Saved metrics to /fslarge/scratch/users/h61084/codes/improved/outputs/foundation_models/tasks/seasonal_naive/univariate/EWELD_Load/15T/short/run_0/metrics.npz
    Saved config to /fslarge/scratch/users/h61084/codes/improved/outputs/foundation_models/tasks/seasonal_naive/univariate/EWELD_Load/15T/short/run_0/config.json
    Saved aggregate metrics to /fslarge/scratch/users/h61084/codes/improved/outputs/foundation_models/tasks/seasonal_naive/univariate/EWELD_Load/15T/short/run_0/metrics_summary.json
    Metrics summary (averaged over all series/windows/variates):
      MSE: 2342.4497
      MAE: 19.8231
      RMSE: 24.7810
      MAPE: 0.8010
      sMAPE: 0.4517
      MASE: 0.9511
      ND: 1.4268
      CRPS: 2.4436
  Completed: 1 series x 56 windows
  Output: /fslarge/scratch/users/h61084/codes/improved/outputs/foundation_models/tasks/seasonal_naive/univariate/EWELD_Load/15T/short/run_0

--- Term: medium ---
  Config: prediction_length=96, test_length=1344, val_length=1344
TIME run allocation action=new run=/fslarge/scratch/users/h61084/codes/improved/outputs/foundation_models/tasks/seasonal_naive/univariate/EWELD_Load/15T/medium/run_0 launch_id=selena_20260905T202540Z_30178 slurm_job_id=3157894 launched_at=2026-09-05T20:43:06.973595+00:00
  Dataset info:
    - Frequency: 15T
    - Num series: 1
    - Target dim: 10
    - Target mode: univariate
    - Series length: min=20544, max=20544, avg=20544.0
    - Test split: 1344 steps
    - Prediction length: 96
    - Windows: 14
    - Season length: 96
    Total instances: 140, Series during experiment: 10, Windows: 14
    Collecting ground truth and context...
    Detected to_univariate case: 10 flat series -> 1 series x 10 variates
    Organizing data into arrays...
    Saved predictions (quantiles) to /fslarge/scratch/users/h61084/codes/improved/outputs/foundation_models/tasks/seasonal_naive/univariate/EWELD_Load/15T/medium/run_0/predictions.npz
    Computing per-window metrics...
    Saved metrics to /fslarge/scratch/users/h61084/codes/improved/outputs/foundation_models/tasks/seasonal_naive/univariate/EWELD_Load/15T/medium/run_0/metrics.npz
    Saved config to /fslarge/scratch/users/h61084/codes/improved/outputs/foundation_models/tasks/seasonal_naive/univariate/EWELD_Load/15T/medium/run_0/config.json
    Saved aggregate metrics to /fslarge/scratch/users/h61084/codes/improved/outputs/foundation_models/tasks/seasonal_naive/univariate/EWELD_Load/15T/medium/run_0/metrics_summary.json
    Metrics summary (averaged over all series/windows/variates):
      MSE: 2340.0152
      MAE: 19.9503
      RMSE: 26.7442
      MAPE: 0.7403
      sMAPE: 0.4598
      MASE: 0.9705
      ND: 0.3568
      CRPS: 0.3275
  Completed: 1 series x 14 windows
  Output: /fslarge/scratch/users/h61084/codes/improved/outputs/foundation_models/tasks/seasonal_naive/univariate/EWELD_Load/15T/medium/run_0

--- Term: long ---
  Config: prediction_length=672, test_length=1344, val_length=1344
TIME run allocation action=new run=/fslarge/scratch/users/h61084/codes/improved/outputs/foundation_models/tasks/seasonal_naive/univariate/EWELD_Load/15T/long/run_0 launch_id=selena_20260905T202540Z_30178 slurm_job_id=3157894 launched_at=2026-09-05T20:43:10.710609+00:00
  Dataset info:
    - Frequency: 15T
    - Num series: 1
    - Target dim: 10
    - Target mode: univariate
    - Series length: min=20544, max=20544, avg=20544.0
    - Test split: 1344 steps
    - Prediction length: 672
    - Windows: 2
    - Season length: 96
    Total instances: 20, Series during experiment: 10, Windows: 2
    Collecting ground truth and context...
    Detected to_univariate case: 10 flat series -> 1 series x 10 variates
    Organizing data into arrays...
    Saved predictions (quantiles) to /fslarge/scratch/users/h61084/codes/improved/outputs/foundation_models/tasks/seasonal_naive/univariate/EWELD_Load/15T/long/run_0/predictions.npz
    Computing per-window metrics...
    Saved metrics to /fslarge/scratch/users/h61084/codes/improved/outputs/foundation_models/tasks/seasonal_naive/univariate/EWELD_Load/15T/long/run_0/metrics.npz
    Saved config to /fslarge/scratch/users/h61084/codes/improved/outputs/foundation_models/tasks/seasonal_naive/univariate/EWELD_Load/15T/long/run_0/config.json
    Saved aggregate metrics to /fslarge/scratch/users/h61084/codes/improved/outputs/foundation_models/tasks/seasonal_naive/univariate/EWELD_Load/15T/long/run_0/metrics_summary.json
    Metrics summary (averaged over all series/windows/variates):
      MSE: 2676.0788
      MAE: 21.0590
      RMSE: 28.6815
      MAPE: 0.8244
      sMAPE: 0.5157
      MASE: 1.0914
      ND: 0.3700
      CRPS: 0.4071
  Completed: 1 series x 2 windows
  Output: /fslarge/scratch/users/h61084/codes/improved/outputs/foundation_models/tasks/seasonal_naive/univariate/EWELD_Load/15T/long/run_0

============================================================
All experiments completed!
Results saved to: /scratch/users/h61084/codes/improved/outputs/foundation_models/tasks
============================================================

############################################################
# All 1 dataset(s) completed!
############################################################

############################################################
# Dataset 1/1: SG_Carpark/15T
############################################################
Loading configuration...

============================================================
Model: Seasonal Naive
Dataset: SG_Carpark/15T
Terms: ['short', 'medium', 'long']
============================================================

--- Term: short ---
  Config: prediction_length=16, test_length=672, val_length=672
TIME run allocation action=new run=/fslarge/scratch/users/h61084/codes/improved/outputs/foundation_models/tasks/seasonal_naive/univariate/SG_Carpark/15T/short/run_0 launch_id=selena_20260905T202540Z_30178 slurm_job_id=3157894 launched_at=2026-09-05T20:43:17.299329+00:00
  Dataset info:
    - Frequency: 15T
    - Num series: 354
    - Target dim: 1
    - Target mode: univariate
    - Series length: min=14495, max=14495, avg=14495.0
    - Test split: 672 steps
    - Prediction length: 16
    - Windows: 42
    - Season length: 96
    Total instances: 14868, Series during experiment: 354, Windows: 42
    Collecting ground truth and context...
    Organizing data into arrays...
    Saved predictions (quantiles) to /fslarge/scratch/users/h61084/codes/improved/outputs/foundation_models/tasks/seasonal_naive/univariate/SG_Carpark/15T/short/run_0/predictions.npz
    Computing per-window metrics...
    Saved metrics to /fslarge/scratch/users/h61084/codes/improved/outputs/foundation_models/tasks/seasonal_naive/univariate/SG_Carpark/15T/short/run_0/metrics.npz
    Saved config to /fslarge/scratch/users/h61084/codes/improved/outputs/foundation_models/tasks/seasonal_naive/univariate/SG_Carpark/15T/short/run_0/config.json
    Saved aggregate metrics to /fslarge/scratch/users/h61084/codes/improved/outputs/foundation_models/tasks/seasonal_naive/univariate/SG_Carpark/15T/short/run_0/metrics_summary.json
    Metrics summary (averaged over all series/windows/variates):
      MSE: 987.9798
      MAE: 14.9459
      RMSE: 17.1264
      MAPE: 0.0894
      sMAPE: 0.0918
      MASE: 0.9522
      ND: 0.0857
      CRPS: 0.0779
  Completed: 354 series x 42 windows
  Output: /fslarge/scratch/users/h61084/codes/improved/outputs/foundation_models/tasks/seasonal_naive/univariate/SG_Carpark/15T/short/run_0

--- Term: medium ---
  Config: prediction_length=96, test_length=672, val_length=672
TIME run allocation action=new run=/fslarge/scratch/users/h61084/codes/improved/outputs/foundation_models/tasks/seasonal_naive/univariate/SG_Carpark/15T/medium/run_0 launch_id=selena_20260905T202540Z_30178 slurm_job_id=3157894 launched_at=2026-09-05T20:45:16.988899+00:00
  Dataset info:
    - Frequency: 15T
    - Num series: 354
    - Target dim: 1
    - Target mode: univariate
    - Series length: min=14495, max=14495, avg=14495.0
    - Test split: 672 steps
    - Prediction length: 96
    - Windows: 7
    - Season length: 96
    Total instances: 2478, Series during experiment: 354, Windows: 7
    Collecting ground truth and context...
    Organizing data into arrays...
    Saved predictions (quantiles) to /fslarge/scratch/users/h61084/codes/improved/outputs/foundation_models/tasks/seasonal_naive/univariate/SG_Carpark/15T/medium/run_0/predictions.npz
    Computing per-window metrics...
    Saved metrics to /fslarge/scratch/users/h61084/codes/improved/outputs/foundation_models/tasks/seasonal_naive/univariate/SG_Carpark/15T/medium/run_0/metrics.npz
    Saved config to /fslarge/scratch/users/h61084/codes/improved/outputs/foundation_models/tasks/seasonal_naive/univariate/SG_Carpark/15T/medium/run_0/config.json
    Saved aggregate metrics to /fslarge/scratch/users/h61084/codes/improved/outputs/foundation_models/tasks/seasonal_naive/univariate/SG_Carpark/15T/medium/run_0/metrics_summary.json
    Metrics summary (averaged over all series/windows/variates):
      MSE: 986.2154
      MAE: 15.0165
      RMSE: 19.9698
      MAPE: 0.0894
      sMAPE: 0.0925
      MASE: 0.9592
      ND: 0.0788
      CRPS: 0.0702
  Completed: 354 series x 7 windows
  Output: /fslarge/scratch/users/h61084/codes/improved/outputs/foundation_models/tasks/seasonal_naive/univariate/SG_Carpark/15T/medium/run_0

--- Term: long ---
  Config: prediction_length=672, test_length=672, val_length=672
TIME run allocation action=new run=/fslarge/scratch/users/h61084/codes/improved/outputs/foundation_models/tasks/seasonal_naive/univariate/SG_Carpark/15T/long/run_0 launch_id=selena_20260905T202540Z_30178 slurm_job_id=3157894 launched_at=2026-09-05T20:46:22.881074+00:00
  Dataset info:
    - Frequency: 15T
    - Num series: 354
    - Target dim: 1
    - Target mode: univariate
    - Series length: min=14495, max=14495, avg=14495.0
    - Test split: 672 steps
    - Prediction length: 672
    - Windows: 1
    - Season length: 96
    Total instances: 354, Series during experiment: 354, Windows: 1
    Collecting ground truth and context...
    Organizing data into arrays...
    Saved predictions (quantiles) to /fslarge/scratch/users/h61084/codes/improved/outputs/foundation_models/tasks/seasonal_naive/univariate/SG_Carpark/15T/long/run_0/predictions.npz
    Computing per-window metrics...
    Saved metrics to /fslarge/scratch/users/h61084/codes/improved/outputs/foundation_models/tasks/seasonal_naive/univariate/SG_Carpark/15T/long/run_0/metrics.npz
    Saved config to /fslarge/scratch/users/h61084/codes/improved/outputs/foundation_models/tasks/seasonal_naive/univariate/SG_Carpark/15T/long/run_0/config.json
    Saved aggregate metrics to /fslarge/scratch/users/h61084/codes/improved/outputs/foundation_models/tasks/seasonal_naive/univariate/SG_Carpark/15T/long/run_0/metrics_summary.json
    Metrics summary (averaged over all series/windows/variates):
      MSE: 1506.3759
      MAE: 21.5652
      RMSE: 28.6697
      MAPE: 0.1200
      sMAPE: 0.1240
      MASE: 1.3487
      ND: 0.1110
      CRPS: 0.1024
  Completed: 354 series x 1 windows
  Output: /fslarge/scratch/users/h61084/codes/improved/outputs/foundation_models/tasks/seasonal_naive/univariate/SG_Carpark/15T/long/run_0

============================================================
All experiments completed!
Results saved to: /scratch/users/h61084/codes/improved/outputs/foundation_models/tasks
============================================================

############################################################
# All 1 dataset(s) completed!
############################################################

############################################################
# Dataset 1/1: Finland_Traffic/15T
############################################################
Loading configuration...

============================================================
Model: Seasonal Naive
Dataset: Finland_Traffic/15T
Terms: ['short', 'medium', 'long']
============================================================

--- Term: short ---
  Config: prediction_length=16, test_length=2976, val_length=2880
TIME run allocation action=new run=/fslarge/scratch/users/h61084/codes/improved/outputs/foundation_models/tasks/seasonal_naive/univariate/Finland_Traffic/15T/short/run_0 launch_id=selena_20260905T202540Z_30178 slurm_job_id=3157894 launched_at=2026-09-05T20:47:23.678846+00:00
  Dataset info:
    - Frequency: 15T
    - Num series: 1
    - Target dim: 1
    - Target mode: univariate
    - Series length: min=35136, max=35136, avg=35136.0
    - Test split: 2976 steps
    - Prediction length: 16
    - Windows: 186
    - Season length: 96
    Total instances: 186, Series during experiment: 1, Windows: 186
    Collecting ground truth and context...
    Organizing data into arrays...
    Saved predictions (quantiles) to /fslarge/scratch/users/h61084/codes/improved/outputs/foundation_models/tasks/seasonal_naive/univariate/Finland_Traffic/15T/short/run_0/predictions.npz
    Computing per-window metrics...
    Saved metrics to /fslarge/scratch/users/h61084/codes/improved/outputs/foundation_models/tasks/seasonal_naive/univariate/Finland_Traffic/15T/short/run_0/metrics.npz
    Saved config to /fslarge/scratch/users/h61084/codes/improved/outputs/foundation_models/tasks/seasonal_naive/univariate/Finland_Traffic/15T/short/run_0/config.json
    Saved aggregate metrics to /fslarge/scratch/users/h61084/codes/improved/outputs/foundation_models/tasks/seasonal_naive/univariate/Finland_Traffic/15T/short/run_0/metrics_summary.json
    Metrics summary (averaged over all series/windows/variates):
      MSE: 2656.6616
      MAE: 33.9178
      RMSE: 39.5093
      MAPE: 0.4862
      sMAPE: 0.4289
      MASE: 0.8240
      ND: 0.4225
      CRPS: 0.5181
  Completed: 1 series x 186 windows
  Output: /fslarge/scratch/users/h61084/codes/improved/outputs/foundation_models/tasks/seasonal_naive/univariate/Finland_Traffic/15T/short/run_0

--- Term: medium ---
  Config: prediction_length=96, test_length=2976, val_length=2880
TIME run allocation action=new run=/fslarge/scratch/users/h61084/codes/improved/outputs/foundation_models/tasks/seasonal_naive/univariate/Finland_Traffic/15T/medium/run_0 launch_id=selena_20260905T202540Z_30178 slurm_job_id=3157894 launched_at=2026-09-05T20:47:28.196886+00:00
  Dataset info:
    - Frequency: 15T
    - Num series: 1
    - Target dim: 1
    - Target mode: univariate
    - Series length: min=35136, max=35136, avg=35136.0
    - Test split: 2976 steps
    - Prediction length: 96
    - Windows: 31
    - Season length: 96
    Total instances: 31, Series during experiment: 1, Windows: 31
    Collecting ground truth and context...
    Organizing data into arrays...
    Saved predictions (quantiles) to /fslarge/scratch/users/h61084/codes/improved/outputs/foundation_models/tasks/seasonal_naive/univariate/Finland_Traffic/15T/medium/run_0/predictions.npz
    Computing per-window metrics...
    Saved metrics to /fslarge/scratch/users/h61084/codes/improved/outputs/foundation_models/tasks/seasonal_naive/univariate/Finland_Traffic/15T/medium/run_0/metrics.npz
    Saved config to /fslarge/scratch/users/h61084/codes/improved/outputs/foundation_models/tasks/seasonal_naive/univariate/Finland_Traffic/15T/medium/run_0/config.json
    Saved aggregate metrics to /fslarge/scratch/users/h61084/codes/improved/outputs/foundation_models/tasks/seasonal_naive/univariate/Finland_Traffic/15T/medium/run_0/metrics_summary.json
    Metrics summary (averaged over all series/windows/variates):
      MSE: 2746.0057
      MAE: 33.6498
      RMSE: 46.1184
      MAPE: 0.4489
      sMAPE: 0.3706
      MASE: 0.8172
      ND: 0.2692
      CRPS: 0.2464
  Completed: 1 series x 31 windows
  Output: /fslarge/scratch/users/h61084/codes/improved/outputs/foundation_models/tasks/seasonal_naive/univariate/Finland_Traffic/15T/medium/run_0

--- Term: long ---
  Config: prediction_length=672, test_length=2976, val_length=2880
TIME run allocation action=new run=/fslarge/scratch/users/h61084/codes/improved/outputs/foundation_models/tasks/seasonal_naive/univariate/Finland_Traffic/15T/long/run_0 launch_id=selena_20260905T202540Z_30178 slurm_job_id=3157894 launched_at=2026-09-05T20:47:29.066042+00:00
  Dataset info:
    - Frequency: 15T
    - Num series: 1
    - Target dim: 1
    - Target mode: univariate
    - Series length: min=35136, max=35136, avg=35136.0
    - Test split: 2976 steps
    - Prediction length: 672
    - Windows: 4
    - Season length: 96
    Total instances: 4, Series during experiment: 1, Windows: 4
    Collecting ground truth and context...
    Organizing data into arrays...
    Saved predictions (quantiles) to /fslarge/scratch/users/h61084/codes/improved/outputs/foundation_models/tasks/seasonal_naive/univariate/Finland_Traffic/15T/long/run_0/predictions.npz
    Computing per-window metrics...
    Saved metrics to /fslarge/scratch/users/h61084/codes/improved/outputs/foundation_models/tasks/seasonal_naive/univariate/Finland_Traffic/15T/long/run_0/metrics.npz
    Saved config to /fslarge/scratch/users/h61084/codes/improved/outputs/foundation_models/tasks/seasonal_naive/univariate/Finland_Traffic/15T/long/run_0/config.json
    Saved aggregate metrics to /fslarge/scratch/users/h61084/codes/improved/outputs/foundation_models/tasks/seasonal_naive/univariate/Finland_Traffic/15T/long/run_0/metrics_summary.json
    Metrics summary (averaged over all series/windows/variates):
      MSE: 3752.3394
      MAE: 44.1177
      RMSE: 60.2994
      MAPE: 0.6593
      sMAPE: 0.4473
      MASE: 1.0681
      ND: 0.3346
      CRPS: 0.3401
  Completed: 1 series x 4 windows
  Output: /fslarge/scratch/users/h61084/codes/improved/outputs/foundation_models/tasks/seasonal_naive/univariate/Finland_Traffic/15T/long/run_0

============================================================
All experiments completed!
Results saved to: /scratch/users/h61084/codes/improved/outputs/foundation_models/tasks
============================================================

############################################################
# All 1 dataset(s) completed!
############################################################

############################################################
# Dataset 1/1: Port_Activity/D
############################################################
Loading configuration...

============================================================
Model: Seasonal Naive
Dataset: Port_Activity/D
Terms: ['short']
============================================================

--- Term: short ---
  Config: prediction_length=30, test_length=365, val_length=90
TIME run allocation action=new run=/fslarge/scratch/users/h61084/codes/improved/outputs/foundation_models/tasks/seasonal_naive/univariate/Port_Activity/D/short/run_0 launch_id=selena_20260905T202540Z_30178 slurm_job_id=3157894 launched_at=2026-09-05T20:47:33.140255+00:00
  Dataset info:
    - Frequency: D
    - Num series: 99
    - Target dim: 2
    - Target mode: univariate
    - Series length: min=2127, max=2127, avg=2127.0
    - Test split: 365 steps
    - Prediction length: 30
    - Windows: 12
    - Season length: 1
    Total instances: 2376, Series during experiment: 198, Windows: 12
    Collecting ground truth and context...
    Detected to_univariate case: 198 flat series -> 99 series x 2 variates
    Organizing data into arrays...
    ⚠️  Predictions max value (1877633.18) exceeds float16 safe range.
    ⚠️  Applying scale factor: 100 (values will be divided)
    Saved predictions (quantiles) to /fslarge/scratch/users/h61084/codes/improved/outputs/foundation_models/tasks/seasonal_naive/univariate/Port_Activity/D/short/run_0/predictions.npz
    Computing per-window metrics...
    Saved metrics to /fslarge/scratch/users/h61084/codes/improved/outputs/foundation_models/tasks/seasonal_naive/univariate/Port_Activity/D/short/run_0/metrics.npz
    Saved config to /fslarge/scratch/users/h61084/codes/improved/outputs/foundation_models/tasks/seasonal_naive/univariate/Port_Activity/D/short/run_0/config.json
    Saved aggregate metrics to /fslarge/scratch/users/h61084/codes/improved/outputs/foundation_models/tasks/seasonal_naive/univariate/Port_Activity/D/short/run_0/metrics_summary.json
    Metrics summary (averaged over all series/windows/variates):
      MSE: 2220890649.9041
      MAE: 25882.4284
      RMSE: 31021.9011
      MAPE: 9.5315
      sMAPE: 1.2172
      MASE: 1.1433
      ND: 2.0992
      CRPS: 3.5414
  Completed: 99 series x 12 windows
  Output: /fslarge/scratch/users/h61084/codes/improved/outputs/foundation_models/tasks/seasonal_naive/univariate/Port_Activity/D/short/run_0

============================================================
All experiments completed!
Results saved to: /scratch/users/h61084/codes/improved/outputs/foundation_models/tasks
============================================================

############################################################
# All 1 dataset(s) completed!
############################################################

############################################################
# Dataset 1/1: Port_Activity/W
############################################################
Loading configuration...

============================================================
Model: Seasonal Naive
Dataset: Port_Activity/W
Terms: ['short']
============================================================

--- Term: short ---
  Config: prediction_length=13, test_length=52, val_length=13
TIME run allocation action=new run=/fslarge/scratch/users/h61084/codes/improved/outputs/foundation_models/tasks/seasonal_naive/univariate/Port_Activity/W/short/run_0 launch_id=selena_20260905T202540Z_30178 slurm_job_id=3157894 launched_at=2026-09-05T20:48:02.885139+00:00
  Dataset info:
    - Frequency: W
    - Num series: 99
    - Target dim: 2
    - Target mode: univariate
    - Series length: min=304, max=304, avg=304.0
    - Test split: 52 steps
    - Prediction length: 13
    - Windows: 4
    - Season length: 1
    Total instances: 792, Series during experiment: 198, Windows: 4
    Collecting ground truth and context...
    Detected to_univariate case: 198 flat series -> 99 series x 2 variates
    Organizing data into arrays...
    ⚠️  Predictions max value (4136568.00) exceeds float16 safe range.
    ⚠️  Applying scale factor: 100 (values will be divided)
    Saved predictions (quantiles) to /fslarge/scratch/users/h61084/codes/improved/outputs/foundation_models/tasks/seasonal_naive/univariate/Port_Activity/W/short/run_0/predictions.npz
    Computing per-window metrics...
    Saved metrics to /fslarge/scratch/users/h61084/codes/improved/outputs/foundation_models/tasks/seasonal_naive/univariate/Port_Activity/W/short/run_0/metrics.npz
    Saved config to /fslarge/scratch/users/h61084/codes/improved/outputs/foundation_models/tasks/seasonal_naive/univariate/Port_Activity/W/short/run_0/config.json
    Saved aggregate metrics to /fslarge/scratch/users/h61084/codes/improved/outputs/foundation_models/tasks/seasonal_naive/univariate/Port_Activity/W/short/run_0/metrics_summary.json
    Metrics summary (averaged over all series/windows/variates):
      MSE: 10336756862.7236
      MAE: 58014.2814
      RMSE: 68825.8608
      MAPE: 0.8516
      sMAPE: 0.4629
      MASE: 1.0344
      ND: 0.4594
      CRPS: 0.4939
  Completed: 99 series x 4 windows
  Output: /fslarge/scratch/users/h61084/codes/improved/outputs/foundation_models/tasks/seasonal_naive/univariate/Port_Activity/W/short/run_0

============================================================
All experiments completed!
Results saved to: /scratch/users/h61084/codes/improved/outputs/foundation_models/tasks
============================================================

############################################################
# All 1 dataset(s) completed!
############################################################

############################################################
# Dataset 1/1: ECDC_COVID/D
############################################################
Loading configuration...

============================================================
Model: Seasonal Naive
Dataset: ECDC_COVID/D
Terms: ['short']
============================================================

--- Term: short ---
  Config: prediction_length=30, test_length=150, val_length=30
TIME run allocation action=new run=/fslarge/scratch/users/h61084/codes/improved/outputs/foundation_models/tasks/seasonal_naive/univariate/ECDC_COVID/D/short/run_0 launch_id=selena_20260905T202540Z_30178 slurm_job_id=3157894 launched_at=2026-09-05T20:48:14.402856+00:00
  Dataset info:
    - Frequency: D
    - Num series: 9
    - Target dim: 1
    - Target mode: univariate
    - Series length: min=794, max=1229, avg=1116.6
    - Test split: 150 steps
    - Prediction length: 30
    - Windows: 5
    - Season length: 1
    Total instances: 45, Series during experiment: 9, Windows: 5
    Collecting ground truth and context...
    Organizing data into arrays...
    Saved predictions (quantiles) to /fslarge/scratch/users/h61084/codes/improved/outputs/foundation_models/tasks/seasonal_naive/univariate/ECDC_COVID/D/short/run_0/predictions.npz
    Computing per-window metrics...
    Saved metrics to /fslarge/scratch/users/h61084/codes/improved/outputs/foundation_models/tasks/seasonal_naive/univariate/ECDC_COVID/D/short/run_0/metrics.npz
    Saved config to /fslarge/scratch/users/h61084/codes/improved/outputs/foundation_models/tasks/seasonal_naive/univariate/ECDC_COVID/D/short/run_0/config.json
    Saved aggregate metrics to /fslarge/scratch/users/h61084/codes/improved/outputs/foundation_models/tasks/seasonal_naive/univariate/ECDC_COVID/D/short/run_0/metrics_summary.json
    Metrics summary (averaged over all series/windows/variates):
      MSE: 61692.9018
      MAE: 151.8615
      RMSE: 172.6778
      MAPE: 0.8769
      sMAPE: 0.4063
      MASE: 3.6995
      ND: 0.6528
      CRPS: 0.6552
  Completed: 9 series x 5 windows
  Output: /fslarge/scratch/users/h61084/codes/improved/outputs/foundation_models/tasks/seasonal_naive/univariate/ECDC_COVID/D/short/run_0

============================================================
All experiments completed!
Results saved to: /scratch/users/h61084/codes/improved/outputs/foundation_models/tasks
============================================================

############################################################
# All 1 dataset(s) completed!
############################################################

############################################################
# Dataset 1/1: ECDC_COVID/W
############################################################
Loading configuration...

============================================================
Model: Seasonal Naive
Dataset: ECDC_COVID/W
Terms: ['short']
============================================================

--- Term: short ---
  Config: prediction_length=13, test_length=52, val_length=13
TIME run allocation action=new run=/fslarge/scratch/users/h61084/codes/improved/outputs/foundation_models/tasks/seasonal_naive/univariate/ECDC_COVID/W/short/run_0 launch_id=selena_20260905T202540Z_30178 slurm_job_id=3157894 launched_at=2026-09-05T20:48:20.648112+00:00
  Dataset info:
    - Frequency: W
    - Num series: 16
    - Target dim: 1
    - Target mode: univariate
    - Series length: min=114, max=196, avg=165.4
    - Test split: 52 steps
    - Prediction length: 13
    - Windows: 4
    - Season length: 1
    Total instances: 64, Series during experiment: 16, Windows: 4
    Collecting ground truth and context...
    Organizing data into arrays...
    Saved predictions (quantiles) to /fslarge/scratch/users/h61084/codes/improved/outputs/foundation_models/tasks/seasonal_naive/univariate/ECDC_COVID/W/short/run_0/predictions.npz
    Computing per-window metrics...
    Saved metrics to /fslarge/scratch/users/h61084/codes/improved/outputs/foundation_models/tasks/seasonal_naive/univariate/ECDC_COVID/W/short/run_0/metrics.npz
    Saved config to /fslarge/scratch/users/h61084/codes/improved/outputs/foundation_models/tasks/seasonal_naive/univariate/ECDC_COVID/W/short/run_0/config.json
    Saved aggregate metrics to /fslarge/scratch/users/h61084/codes/improved/outputs/foundation_models/tasks/seasonal_naive/univariate/ECDC_COVID/W/short/run_0/metrics_summary.json
    Metrics summary (averaged over all series/windows/variates):
      MSE: 4060222.7973
      MAE: 679.1794
      RMSE: 777.0722
      MAPE: 1.2331
      sMAPE: 0.5759
      MASE: 1.5772
      ND: 0.7106
      CRPS: 0.7909
  Completed: 16 series x 4 windows
  Output: /fslarge/scratch/users/h61084/codes/improved/outputs/foundation_models/tasks/seasonal_naive/univariate/ECDC_COVID/W/short/run_0

============================================================
All experiments completed!
Results saved to: /scratch/users/h61084/codes/improved/outputs/foundation_models/tasks
============================================================

############################################################
# All 1 dataset(s) completed!
############################################################

############################################################
# Dataset 1/1: Global_Influenza/W
############################################################
Loading configuration...

============================================================
Model: Seasonal Naive
Dataset: Global_Influenza/W
Terms: ['short']
============================================================

--- Term: short ---
  Config: prediction_length=13, test_length=52, val_length=13
TIME run allocation action=new run=/fslarge/scratch/users/h61084/codes/improved/outputs/foundation_models/tasks/seasonal_naive/univariate/Global_Influenza/W/short/run_0 launch_id=selena_20260905T202540Z_30178 slurm_job_id=3157894 launched_at=2026-09-05T20:48:26.658553+00:00
  Dataset info:
    - Frequency: W
    - Num series: 15
    - Target dim: 4
    - Target mode: univariate
    - Series length: min=154, max=210, avg=205.6
    - Test split: 52 steps
    - Prediction length: 13
    - Windows: 4
    - Season length: 1
    Total instances: 240, Series during experiment: 60, Windows: 4
    Collecting ground truth and context...
    Detected to_univariate case: 60 flat series -> 15 series x 4 variates
    Organizing data into arrays...
    ⚠️  Predictions max value (94309.20) exceeds float16 safe range.
    ⚠️  Applying scale factor: 10 (values will be divided)
    Saved predictions (quantiles) to /fslarge/scratch/users/h61084/codes/improved/outputs/foundation_models/tasks/seasonal_naive/univariate/Global_Influenza/W/short/run_0/predictions.npz
    Computing per-window metrics...
    Saved metrics to /fslarge/scratch/users/h61084/codes/improved/outputs/foundation_models/tasks/seasonal_naive/univariate/Global_Influenza/W/short/run_0/metrics.npz
    Saved config to /fslarge/scratch/users/h61084/codes/improved/outputs/foundation_models/tasks/seasonal_naive/univariate/Global_Influenza/W/short/run_0/config.json
    Saved aggregate metrics to /fslarge/scratch/users/h61084/codes/improved/outputs/foundation_models/tasks/seasonal_naive/univariate/Global_Influenza/W/short/run_0/metrics_summary.json
    Metrics summary (averaged over all series/windows/variates):
      MSE: 7510778.5678
      MAE: 783.1365
      RMSE: 951.1246
      MAPE: 1.8718
      sMAPE: 0.6851
      MASE: 4.3466
      ND: 1.0635
      CRPS: 1.3813
  Completed: 15 series x 4 windows
  Output: /fslarge/scratch/users/h61084/codes/improved/outputs/foundation_models/tasks/seasonal_naive/univariate/Global_Influenza/W/short/run_0

============================================================
All experiments completed!
Results saved to: /scratch/users/h61084/codes/improved/outputs/foundation_models/tasks
============================================================

############################################################
# All 1 dataset(s) completed!
############################################################

############################################################
# Dataset 1/1: Crypto/D
############################################################
Loading configuration...

============================================================
Model: Seasonal Naive
Dataset: Crypto/D
Terms: ['short']
============================================================

--- Term: short ---
  Config: prediction_length=30, test_length=273, val_length=92
TIME run allocation action=new run=/fslarge/scratch/users/h61084/codes/improved/outputs/foundation_models/tasks/seasonal_naive/univariate/Crypto/D/short/run_0 launch_id=selena_20260905T202540Z_30178 slurm_job_id=3157894 launched_at=2026-09-05T20:48:33.848028+00:00
  Dataset info:
    - Frequency: D
    - Num series: 1
    - Target dim: 4
    - Target mode: univariate
    - Series length: min=2842, max=2842, avg=2842.0
    - Test split: 273 steps
    - Prediction length: 30
    - Windows: 9
    - Season length: 1
    Total instances: 36, Series during experiment: 4, Windows: 9
    Collecting ground truth and context...
    Detected to_univariate case: 4 flat series -> 1 series x 4 variates
    Organizing data into arrays...
    ⚠️  Predictions max value (125167.44) exceeds float16 safe range.
    ⚠️  Applying scale factor: 10 (values will be divided)
    Saved predictions (quantiles) to /fslarge/scratch/users/h61084/codes/improved/outputs/foundation_models/tasks/seasonal_naive/univariate/Crypto/D/short/run_0/predictions.npz
    Computing per-window metrics...
    Saved metrics to /fslarge/scratch/users/h61084/codes/improved/outputs/foundation_models/tasks/seasonal_naive/univariate/Crypto/D/short/run_0/metrics.npz
    Saved config to /fslarge/scratch/users/h61084/codes/improved/outputs/foundation_models/tasks/seasonal_naive/univariate/Crypto/D/short/run_0/config.json
    Saved aggregate metrics to /fslarge/scratch/users/h61084/codes/improved/outputs/foundation_models/tasks/seasonal_naive/univariate/Crypto/D/short/run_0/metrics_summary.json
    Metrics summary (averaged over all series/windows/variates):
      MSE: 11540780.1629
      MAE: 1350.5921
      RMSE: 1601.6129
      MAPE: 0.0898
      sMAPE: 0.0899
      MASE: 6.0551
      ND: 0.0909
      CRPS: 0.0816
  Completed: 1 series x 9 windows
  Output: /fslarge/scratch/users/h61084/codes/improved/outputs/foundation_models/tasks/seasonal_naive/univariate/Crypto/D/short/run_0

============================================================
All experiments completed!
Results saved to: /scratch/users/h61084/codes/improved/outputs/foundation_models/tasks
============================================================

############################################################
# All 1 dataset(s) completed!
############################################################

############################################################
# Dataset 1/1: US_Term_Structure/B
############################################################
Loading configuration...

============================================================
Model: Seasonal Naive
Dataset: US_Term_Structure/B
Terms: ['short']
============================================================

--- Term: short ---
  Config: prediction_length=20, test_length=717, val_length=100
TIME run allocation action=new run=/fslarge/scratch/users/h61084/codes/improved/outputs/foundation_models/tasks/seasonal_naive/univariate/US_Term_Structure/B/short/run_0 launch_id=selena_20260905T202540Z_30178 slurm_job_id=3157894 launched_at=2026-09-05T20:48:39.847905+00:00
  Dataset info:
    - Frequency: B
    - Num series: 1
    - Target dim: 40
    - Target mode: univariate
    - Series length: min=9326, max=9326, avg=9326.0
    - Test split: 717 steps
    - Prediction length: 20
    - Windows: 35
    - Season length: 5
    Total instances: 1400, Series during experiment: 40, Windows: 35
    Collecting ground truth and context...
    Detected to_univariate case: 40 flat series -> 1 series x 40 variates
    Organizing data into arrays...
    Saved predictions (quantiles) to /fslarge/scratch/users/h61084/codes/improved/outputs/foundation_models/tasks/seasonal_naive/univariate/US_Term_Structure/B/short/run_0/predictions.npz
    Computing per-window metrics...
    Saved metrics to /fslarge/scratch/users/h61084/codes/improved/outputs/foundation_models/tasks/seasonal_naive/univariate/US_Term_Structure/B/short/run_0/metrics.npz
    Saved config to /fslarge/scratch/users/h61084/codes/improved/outputs/foundation_models/tasks/seasonal_naive/univariate/US_Term_Structure/B/short/run_0/config.json
    Saved aggregate metrics to /fslarge/scratch/users/h61084/codes/improved/outputs/foundation_models/tasks/seasonal_naive/univariate/US_Term_Structure/B/short/run_0/metrics_summary.json
    Metrics summary (averaged over all series/windows/variates):
      MSE: 0.0279
      MAE: 0.1198
      RMSE: 0.1394
      MAPE: 1.0875
      sMAPE: 0.3062
      MASE: 1.7326
      ND: 0.3143
      CRPS: 0.2474
  Completed: 1 series x 35 windows
  Output: /fslarge/scratch/users/h61084/codes/improved/outputs/foundation_models/tasks/seasonal_naive/univariate/US_Term_Structure/B/short/run_0

============================================================
All experiments completed!
Results saved to: /scratch/users/h61084/codes/improved/outputs/foundation_models/tasks
============================================================

############################################################
# All 1 dataset(s) completed!
############################################################

############################################################
# Dataset 1/1: Oil_Price/B
############################################################
Loading configuration...

============================================================
Model: Seasonal Naive
Dataset: Oil_Price/B
Terms: ['short']
============================================================

--- Term: short ---
  Config: prediction_length=20, test_length=717, val_length=100
TIME run allocation action=new run=/fslarge/scratch/users/h61084/codes/improved/outputs/foundation_models/tasks/seasonal_naive/univariate/Oil_Price/B/short/run_0 launch_id=selena_20260905T202540Z_30178 slurm_job_id=3157894 launched_at=2026-09-05T20:50:07.628316+00:00
  Dataset info:
    - Frequency: B
    - Num series: 1
    - Target dim: 12
    - Target mode: univariate
    - Series length: min=5035, max=5035, avg=5035.0
    - Test split: 717 steps
    - Prediction length: 20
    - Windows: 35
    - Season length: 5
    Total instances: 420, Series during experiment: 12, Windows: 35
    Collecting ground truth and context...
    Detected to_univariate case: 12 flat series -> 1 series x 12 variates
    Organizing data into arrays...
    Saved predictions (quantiles) to /fslarge/scratch/users/h61084/codes/improved/outputs/foundation_models/tasks/seasonal_naive/univariate/Oil_Price/B/short/run_0/predictions.npz
    Computing per-window metrics...
    Saved metrics to /fslarge/scratch/users/h61084/codes/improved/outputs/foundation_models/tasks/seasonal_naive/univariate/Oil_Price/B/short/run_0/metrics.npz
    Saved config to /fslarge/scratch/users/h61084/codes/improved/outputs/foundation_models/tasks/seasonal_naive/univariate/Oil_Price/B/short/run_0/config.json
    Saved aggregate metrics to /fslarge/scratch/users/h61084/codes/improved/outputs/foundation_models/tasks/seasonal_naive/univariate/Oil_Price/B/short/run_0/metrics_summary.json
    Metrics summary (averaged over all series/windows/variates):
      MSE: 3.3027
      MAE: 0.7178
      RMSE: 0.8376
      MAPE: 0.0666
      sMAPE: 0.0652
      MASE: 1.5218
      ND: 0.0664
      CRPS: 0.0539
  Completed: 1 series x 35 windows
  Output: /fslarge/scratch/users/h61084/codes/improved/outputs/foundation_models/tasks/seasonal_naive/univariate/Oil_Price/B/short/run_0

============================================================
All experiments completed!
Results saved to: /scratch/users/h61084/codes/improved/outputs/foundation_models/tasks
============================================================

############################################################
# All 1 dataset(s) completed!
############################################################

############################################################
# Dataset 1/1: Job_Claims/W
############################################################
Loading configuration...

============================================================
Model: Seasonal Naive
Dataset: Job_Claims/W
Terms: ['short']
============================================================

--- Term: short ---
  Config: prediction_length=13, test_length=52, val_length=13
TIME run allocation action=new run=/fslarge/scratch/users/h61084/codes/improved/outputs/foundation_models/tasks/seasonal_naive/univariate/Job_Claims/W/short/run_0 launch_id=selena_20260905T202540Z_30178 slurm_job_id=3157894 launched_at=2026-09-05T20:50:27.646973+00:00
  Dataset info:
    - Frequency: W
    - Num series: 1
    - Target dim: 2
    - Target mode: univariate
    - Series length: min=196, max=196, avg=196.0
    - Test split: 52 steps
    - Prediction length: 13
    - Windows: 4
    - Season length: 1
    Total instances: 8, Series during experiment: 2, Windows: 4
    Collecting ground truth and context...
    Detected to_univariate case: 2 flat series -> 1 series x 2 variates
    Organizing data into arrays...
    ⚠️  Predictions max value (1990435.40) exceeds float16 safe range.
    ⚠️  Applying scale factor: 100 (values will be divided)
    Saved predictions (quantiles) to /fslarge/scratch/users/h61084/codes/improved/outputs/foundation_models/tasks/seasonal_naive/univariate/Job_Claims/W/short/run_0/predictions.npz
    Computing per-window metrics...
    Saved metrics to /fslarge/scratch/users/h61084/codes/improved/outputs/foundation_models/tasks/seasonal_naive/univariate/Job_Claims/W/short/run_0/metrics.npz
    Saved config to /fslarge/scratch/users/h61084/codes/improved/outputs/foundation_models/tasks/seasonal_naive/univariate/Job_Claims/W/short/run_0/config.json
    Saved aggregate metrics to /fslarge/scratch/users/h61084/codes/improved/outputs/foundation_models/tasks/seasonal_naive/univariate/Job_Claims/W/short/run_0/metrics_summary.json
    Metrics summary (averaged over all series/windows/variates):
      MSE: 492570986.1954
      MAE: 14151.2540
      RMSE: 17361.8568
      MAPE: 0.0229
      sMAPE: 0.0230
      MASE: 2.6913
      ND: 0.0230
      CRPS: 0.0184
  Completed: 1 series x 4 windows
  Output: /fslarge/scratch/users/h61084/codes/improved/outputs/foundation_models/tasks/seasonal_naive/univariate/Job_Claims/W/short/run_0

============================================================
All experiments completed!
Results saved to: /scratch/users/h61084/codes/improved/outputs/foundation_models/tasks
============================================================

############################################################
# All 1 dataset(s) completed!
############################################################

############################################################
# Dataset 1/1: Uncertainty_1M/M
############################################################
Loading configuration...

============================================================
Model: Seasonal Naive
Dataset: Uncertainty_1M/M
Terms: ['short']
============================================================

--- Term: short ---
  Config: prediction_length=6, test_length=42, val_length=18
TIME run allocation action=new run=/fslarge/scratch/users/h61084/codes/improved/outputs/foundation_models/tasks/seasonal_naive/univariate/Uncertainty_1M/M/short/run_0 launch_id=selena_20260905T202540Z_30178 slurm_job_id=3157894 launched_at=2026-09-05T20:50:33.206310+00:00
  Dataset info:
    - Frequency: M
    - Num series: 1
    - Target dim: 3
    - Target mode: univariate
    - Series length: min=780, max=780, avg=780.0
    - Test split: 42 steps
    - Prediction length: 6
    - Windows: 7
    - Season length: 12
    Total instances: 21, Series during experiment: 3, Windows: 7
    Collecting ground truth and context...
    Detected to_univariate case: 3 flat series -> 1 series x 3 variates
    Organizing data into arrays...
    Saved predictions (quantiles) to /fslarge/scratch/users/h61084/codes/improved/outputs/foundation_models/tasks/seasonal_naive/univariate/Uncertainty_1M/M/short/run_0/predictions.npz
    Computing per-window metrics...
    Saved metrics to /fslarge/scratch/users/h61084/codes/improved/outputs/foundation_models/tasks/seasonal_naive/univariate/Uncertainty_1M/M/short/run_0/metrics.npz
    Saved config to /fslarge/scratch/users/h61084/codes/improved/outputs/foundation_models/tasks/seasonal_naive/univariate/Uncertainty_1M/M/short/run_0/config.json
    Saved aggregate metrics to /fslarge/scratch/users/h61084/codes/improved/outputs/foundation_models/tasks/seasonal_naive/univariate/Uncertainty_1M/M/short/run_0/metrics_summary.json
    Metrics summary (averaged over all series/windows/variates):
      MSE: 0.0079
      MAE: 0.0721
      RMSE: 0.0774
      MAPE: 0.0903
      sMAPE: 0.0865
      MASE: 0.9138
      ND: 0.0901
      CRPS: 0.0710
  Completed: 1 series x 7 windows
  Output: /fslarge/scratch/users/h61084/codes/improved/outputs/foundation_models/tasks/seasonal_naive/univariate/Uncertainty_1M/M/short/run_0

============================================================
All experiments completed!
Results saved to: /scratch/users/h61084/codes/improved/outputs/foundation_models/tasks
============================================================

############################################################
# All 1 dataset(s) completed!
############################################################

############################################################
# Dataset 1/1: Housing_Inventory/M
############################################################
Loading configuration...

============================================================
Model: Seasonal Naive
Dataset: Housing_Inventory/M
Terms: ['short']
============================================================

--- Term: short ---
  Config: prediction_length=12, test_length=36, val_length=12
TIME run allocation action=new run=/fslarge/scratch/users/h61084/codes/improved/outputs/foundation_models/tasks/seasonal_naive/univariate/Housing_Inventory/M/short/run_0 launch_id=selena_20260905T202540Z_30178 slurm_job_id=3157894 launched_at=2026-09-05T20:50:38.843602+00:00
  Dataset info:
    - Frequency: M
    - Num series: 1
    - Target dim: 4
    - Target mode: univariate
    - Series length: min=114, max=114, avg=114.0
    - Test split: 36 steps
    - Prediction length: 12
    - Windows: 3
    - Season length: 12
    Total instances: 12, Series during experiment: 4, Windows: 3
    Collecting ground truth and context...
    Detected to_univariate case: 4 flat series -> 1 series x 4 variates
    Organizing data into arrays...
    ⚠️  Predictions max value (1173629.06) exceeds float16 safe range.
    ⚠️  Applying scale factor: 100 (values will be divided)
    Saved predictions (quantiles) to /fslarge/scratch/users/h61084/codes/improved/outputs/foundation_models/tasks/seasonal_naive/univariate/Housing_Inventory/M/short/run_0/predictions.npz
    Computing per-window metrics...
    Saved metrics to /fslarge/scratch/users/h61084/codes/improved/outputs/foundation_models/tasks/seasonal_naive/univariate/Housing_Inventory/M/short/run_0/metrics.npz
    Saved config to /fslarge/scratch/users/h61084/codes/improved/outputs/foundation_models/tasks/seasonal_naive/univariate/Housing_Inventory/M/short/run_0/config.json
    Saved aggregate metrics to /fslarge/scratch/users/h61084/codes/improved/outputs/foundation_models/tasks/seasonal_naive/univariate/Housing_Inventory/M/short/run_0/metrics_summary.json
    Metrics summary (averaged over all series/windows/variates):
      MSE: 6642286513.3966
      MAE: 38692.2257
      RMSE: 42151.5369
      MAPE: 0.0836
      sMAPE: 0.0919
      MASE: 0.6966
      ND: 0.0832
      CRPS: 0.0661
  Completed: 1 series x 3 windows
  Output: /fslarge/scratch/users/h61084/codes/improved/outputs/foundation_models/tasks/seasonal_naive/univariate/Housing_Inventory/M/short/run_0

============================================================
All experiments completed!
Results saved to: /scratch/users/h61084/codes/improved/outputs/foundation_models/tasks
============================================================

############################################################
# All 1 dataset(s) completed!
############################################################

############################################################
# Dataset 1/1: JOLTS/M
############################################################
Loading configuration...

============================================================
Model: Seasonal Naive
Dataset: JOLTS/M
Terms: ['short']
============================================================

--- Term: short ---
  Config: prediction_length=12, test_length=60, val_length=12
TIME run allocation action=new run=/fslarge/scratch/users/h61084/codes/improved/outputs/foundation_models/tasks/seasonal_naive/univariate/JOLTS/M/short/run_0 launch_id=selena_20260905T202540Z_30178 slurm_job_id=3157894 launched_at=2026-09-05T20:50:44.446881+00:00
  Dataset info:
    - Frequency: M
    - Num series: 1
    - Target dim: 6
    - Target mode: univariate
    - Series length: min=297, max=297, avg=297.0
    - Test split: 60 steps
    - Prediction length: 12
    - Windows: 5
    - Season length: 12
    Total instances: 30, Series during experiment: 6, Windows: 5
    Collecting ground truth and context...
    Detected to_univariate case: 6 flat series -> 1 series x 6 variates
    Organizing data into arrays...
    Saved predictions (quantiles) to /fslarge/scratch/users/h61084/codes/improved/outputs/foundation_models/tasks/seasonal_naive/univariate/JOLTS/M/short/run_0/predictions.npz
    Computing per-window metrics...
    Saved metrics to /fslarge/scratch/users/h61084/codes/improved/outputs/foundation_models/tasks/seasonal_naive/univariate/JOLTS/M/short/run_0/metrics.npz
    Saved config to /fslarge/scratch/users/h61084/codes/improved/outputs/foundation_models/tasks/seasonal_naive/univariate/JOLTS/M/short/run_0/config.json
    Saved aggregate metrics to /fslarge/scratch/users/h61084/codes/improved/outputs/foundation_models/tasks/seasonal_naive/univariate/JOLTS/M/short/run_0/metrics_summary.json
    Metrics summary (averaged over all series/windows/variates):
      MSE: 1220826.5904
      MAE: 596.9044
      RMSE: 723.5211
      MAPE: 0.1276
      sMAPE: 0.1269
      MASE: 1.6890
      ND: 0.1273
      CRPS: 0.1029
  Completed: 1 series x 5 windows
  Output: /fslarge/scratch/users/h61084/codes/improved/outputs/foundation_models/tasks/seasonal_naive/univariate/JOLTS/M/short/run_0

============================================================
All experiments completed!
Results saved to: /scratch/users/h61084/codes/improved/outputs/foundation_models/tasks
============================================================

############################################################
# All 1 dataset(s) completed!
############################################################

############################################################
# Dataset 1/1: US_Labor/M
############################################################
Loading configuration...

============================================================
Model: Seasonal Naive
Dataset: US_Labor/M
Terms: ['short']
============================================================

--- Term: short ---
  Config: prediction_length=12, test_length=60, val_length=12
TIME run allocation action=new run=/fslarge/scratch/users/h61084/codes/improved/outputs/foundation_models/tasks/seasonal_naive/univariate/US_Labor/M/short/run_0 launch_id=selena_20260905T202540Z_30178 slurm_job_id=3157894 launched_at=2026-09-05T20:50:50.165724+00:00
  Dataset info:
    - Frequency: M
    - Num series: 1
    - Target dim: 14
    - Target mode: univariate
    - Series length: min=380, max=380, avg=380.0
    - Test split: 60 steps
    - Prediction length: 12
    - Windows: 5
    - Season length: 12
    Total instances: 70, Series during experiment: 14, Windows: 5
    Collecting ground truth and context...
    Detected to_univariate case: 14 flat series -> 1 series x 14 variates
    Organizing data into arrays...
    ⚠️  Predictions max value (172092.44) exceeds float16 safe range.
    ⚠️  Applying scale factor: 10 (values will be divided)
    Saved predictions (quantiles) to /fslarge/scratch/users/h61084/codes/improved/outputs/foundation_models/tasks/seasonal_naive/univariate/US_Labor/M/short/run_0/predictions.npz
    Computing per-window metrics...
    Saved metrics to /fslarge/scratch/users/h61084/codes/improved/outputs/foundation_models/tasks/seasonal_naive/univariate/US_Labor/M/short/run_0/metrics.npz
    Saved config to /fslarge/scratch/users/h61084/codes/improved/outputs/foundation_models/tasks/seasonal_naive/univariate/US_Labor/M/short/run_0/config.json
    Saved aggregate metrics to /fslarge/scratch/users/h61084/codes/improved/outputs/foundation_models/tasks/seasonal_naive/univariate/US_Labor/M/short/run_0/metrics_summary.json
    Metrics summary (averaged over all series/windows/variates):
      MSE: 4488391.4679
      MAE: 908.7961
      RMSE: 991.7775
      MAPE: 0.1328
      sMAPE: 0.1207
      MASE: 1.8168
      ND: 0.1297
      CRPS: 0.1107
  Completed: 1 series x 5 windows
  Output: /fslarge/scratch/users/h61084/codes/improved/outputs/foundation_models/tasks/seasonal_naive/univariate/US_Labor/M/short/run_0

============================================================
All experiments completed!
Results saved to: /scratch/users/h61084/codes/improved/outputs/foundation_models/tasks
============================================================

############################################################
# All 1 dataset(s) completed!
############################################################

############################################################
# Dataset 1/1: Vehicle_Supply/M
############################################################
Loading configuration...

============================================================
Model: Seasonal Naive
Dataset: Vehicle_Supply/M
Terms: ['short']
============================================================

--- Term: short ---
  Config: prediction_length=12, test_length=60, val_length=12
TIME run allocation action=new run=/fslarge/scratch/users/h61084/codes/improved/outputs/foundation_models/tasks/seasonal_naive/univariate/Vehicle_Supply/M/short/run_0 launch_id=selena_20260905T202540Z_30178 slurm_job_id=3157894 launched_at=2026-09-05T20:50:56.105289+00:00
  Dataset info:
    - Frequency: M
    - Num series: 1
    - Target dim: 6
    - Target mode: univariate
    - Series length: min=391, max=391, avg=391.0
    - Test split: 60 steps
    - Prediction length: 12
    - Windows: 5
    - Season length: 12
    Total instances: 30, Series during experiment: 6, Windows: 5
    Collecting ground truth and context...
    Detected to_univariate case: 6 flat series -> 1 series x 6 variates
    Organizing data into arrays...
    Saved predictions (quantiles) to /fslarge/scratch/users/h61084/codes/improved/outputs/foundation_models/tasks/seasonal_naive/univariate/Vehicle_Supply/M/short/run_0/predictions.npz
    Computing per-window metrics...
    Saved metrics to /fslarge/scratch/users/h61084/codes/improved/outputs/foundation_models/tasks/seasonal_naive/univariate/Vehicle_Supply/M/short/run_0/metrics.npz
    Saved config to /fslarge/scratch/users/h61084/codes/improved/outputs/foundation_models/tasks/seasonal_naive/univariate/Vehicle_Supply/M/short/run_0/config.json
    Saved aggregate metrics to /fslarge/scratch/users/h61084/codes/improved/outputs/foundation_models/tasks/seasonal_naive/univariate/Vehicle_Supply/M/short/run_0/metrics_summary.json
    Metrics summary (averaged over all series/windows/variates):
      MSE: 4883.6303
      MAE: 30.8315
      RMSE: 35.8295
      MAPE: 0.4384
      sMAPE: 0.3205
      MASE: 1.1089
      ND: 0.4132
      CRPS: 0.3474
  Completed: 1 series x 5 windows
  Output: /fslarge/scratch/users/h61084/codes/improved/outputs/foundation_models/tasks/seasonal_naive/univariate/Vehicle_Supply/M/short/run_0

============================================================
All experiments completed!
Results saved to: /scratch/users/h61084/codes/improved/outputs/foundation_models/tasks
============================================================

############################################################
# All 1 dataset(s) completed!
############################################################

############################################################
# Dataset 1/1: Auto_Production_SF/M
############################################################
Loading configuration...

============================================================
Model: Seasonal Naive
Dataset: Auto_Production_SF/M
Terms: ['short']
============================================================

--- Term: short ---
  Config: prediction_length=12, test_length=60, val_length=12
TIME run allocation action=new run=/fslarge/scratch/users/h61084/codes/improved/outputs/foundation_models/tasks/seasonal_naive/univariate/Auto_Production_SF/M/short/run_0 launch_id=selena_20260905T202540Z_30178 slurm_job_id=3157894 launched_at=2026-09-05T20:51:01.750893+00:00
  Dataset info:
    - Frequency: M
    - Num series: 1
    - Target dim: 1
    - Target mode: univariate
    - Series length: min=367, max=367, avg=367.0
    - Test split: 60 steps
    - Prediction length: 12
    - Windows: 5
    - Season length: 12
    Total instances: 5, Series during experiment: 1, Windows: 5
    Collecting ground truth and context...
    Organizing data into arrays...
    Saved predictions (quantiles) to /fslarge/scratch/users/h61084/codes/improved/outputs/foundation_models/tasks/seasonal_naive/univariate/Auto_Production_SF/M/short/run_0/predictions.npz
    Computing per-window metrics...
    Saved metrics to /fslarge/scratch/users/h61084/codes/improved/outputs/foundation_models/tasks/seasonal_naive/univariate/Auto_Production_SF/M/short/run_0/metrics.npz
    Saved config to /fslarge/scratch/users/h61084/codes/improved/outputs/foundation_models/tasks/seasonal_naive/univariate/Auto_Production_SF/M/short/run_0/config.json
    Saved aggregate metrics to /fslarge/scratch/users/h61084/codes/improved/outputs/foundation_models/tasks/seasonal_naive/univariate/Auto_Production_SF/M/short/run_0/metrics_summary.json
    Metrics summary (averaged over all series/windows/variates):
      MSE: 28.2063
      MAE: 4.0575
      RMSE: 4.9942
      MAPE: 0.0416
      sMAPE: 0.0416
      MASE: 1.0256
      ND: 0.0407
      CRPS: 0.0319
  Completed: 1 series x 5 windows
  Output: /fslarge/scratch/users/h61084/codes/improved/outputs/foundation_models/tasks/seasonal_naive/univariate/Auto_Production_SF/M/short/run_0

============================================================
All experiments completed!
Results saved to: /scratch/users/h61084/codes/improved/outputs/foundation_models/tasks
============================================================

############################################################
# All 1 dataset(s) completed!
############################################################

############################################################
# Dataset 1/1: Commodity_Production/M
############################################################
Loading configuration...

============================================================
Model: Seasonal Naive
Dataset: Commodity_Production/M
Terms: ['short']
============================================================

--- Term: short ---
  Config: prediction_length=12, test_length=60, val_length=12
TIME run allocation action=new run=/fslarge/scratch/users/h61084/codes/improved/outputs/foundation_models/tasks/seasonal_naive/univariate/Commodity_Production/M/short/run_0 launch_id=selena_20260905T202540Z_30178 slurm_job_id=3157894 launched_at=2026-09-05T20:51:07.227862+00:00
  Dataset info:
    - Frequency: M
    - Num series: 32
    - Target dim: 1
    - Target mode: univariate
    - Series length: min=120, max=648, avg=325.1
    - Test split: 60 steps
    - Prediction length: 12
    - Windows: 5
    - Season length: 12
    Total instances: 160, Series during experiment: 32, Windows: 5
    Collecting ground truth and context...
    Organizing data into arrays...
    Saved predictions (quantiles) to /fslarge/scratch/users/h61084/codes/improved/outputs/foundation_models/tasks/seasonal_naive/univariate/Commodity_Production/M/short/run_0/predictions.npz
    Computing per-window metrics...
    Saved metrics to /fslarge/scratch/users/h61084/codes/improved/outputs/foundation_models/tasks/seasonal_naive/univariate/Commodity_Production/M/short/run_0/metrics.npz
    Saved config to /fslarge/scratch/users/h61084/codes/improved/outputs/foundation_models/tasks/seasonal_naive/univariate/Commodity_Production/M/short/run_0/config.json
    Saved aggregate metrics to /fslarge/scratch/users/h61084/codes/improved/outputs/foundation_models/tasks/seasonal_naive/univariate/Commodity_Production/M/short/run_0/metrics_summary.json
    Metrics summary (averaged over all series/windows/variates):
      MSE: 78414.3478
      MAE: 82.8980
      RMSE: 95.2344
      MAPE: 0.2706
      sMAPE: 0.2174
      MASE: 1.2215
      ND: 0.2121
      CRPS: 0.1763
  Completed: 32 series x 5 windows
  Output: /fslarge/scratch/users/h61084/codes/improved/outputs/foundation_models/tasks/seasonal_naive/univariate/Commodity_Production/M/short/run_0

============================================================
All experiments completed!
Results saved to: /scratch/users/h61084/codes/improved/outputs/foundation_models/tasks
============================================================

############################################################
# All 1 dataset(s) completed!
############################################################

############################################################
# Dataset 1/1: Commodity_Import/M
############################################################
Loading configuration...

============================================================
Model: Seasonal Naive
Dataset: Commodity_Import/M
Terms: ['short']
============================================================

--- Term: short ---
  Config: prediction_length=12, test_length=60, val_length=12
TIME run allocation action=new run=/fslarge/scratch/users/h61084/codes/improved/outputs/foundation_models/tasks/seasonal_naive/univariate/Commodity_Import/M/short/run_0 launch_id=selena_20260905T202540Z_30178 slurm_job_id=3157894 launched_at=2026-09-05T20:51:13.765260+00:00
  Dataset info:
    - Frequency: M
    - Num series: 8
    - Target dim: 1
    - Target mode: univariate
    - Series length: min=254, max=1240, avg=697.2
    - Test split: 60 steps
    - Prediction length: 12
    - Windows: 5
    - Season length: 12
    Total instances: 40, Series during experiment: 8, Windows: 5
    Collecting ground truth and context...
    Organizing data into arrays...
    Saved predictions (quantiles) to /fslarge/scratch/users/h61084/codes/improved/outputs/foundation_models/tasks/seasonal_naive/univariate/Commodity_Import/M/short/run_0/predictions.npz
    Computing per-window metrics...
    Saved metrics to /fslarge/scratch/users/h61084/codes/improved/outputs/foundation_models/tasks/seasonal_naive/univariate/Commodity_Import/M/short/run_0/metrics.npz
    Saved config to /fslarge/scratch/users/h61084/codes/improved/outputs/foundation_models/tasks/seasonal_naive/univariate/Commodity_Import/M/short/run_0/config.json
    Saved aggregate metrics to /fslarge/scratch/users/h61084/codes/improved/outputs/foundation_models/tasks/seasonal_naive/univariate/Commodity_Import/M/short/run_0/metrics_summary.json
    Metrics summary (averaged over all series/windows/variates):
      MSE: 2146381.7918
      MAE: 625.3259
      RMSE: 747.9095
      MAPE: 0.4220
      sMAPE: 0.2812
      MASE: 1.8582
      ND: 0.3490
      CRPS: 0.3275
  Completed: 8 series x 5 windows
  Output: /fslarge/scratch/users/h61084/codes/improved/outputs/foundation_models/tasks/seasonal_naive/univariate/Commodity_Import/M/short/run_0

============================================================
All experiments completed!
Results saved to: /scratch/users/h61084/codes/improved/outputs/foundation_models/tasks
============================================================

############################################################
# All 1 dataset(s) completed!
############################################################

############################################################
# Dataset 1/1: WUI_Global/Q
############################################################
Loading configuration...

============================================================
Model: Seasonal Naive
Dataset: WUI_Global/Q
Terms: ['short']
============================================================

--- Term: short ---
  Config: prediction_length=4, test_length=20, val_length=20
TIME run allocation action=new run=/fslarge/scratch/users/h61084/codes/improved/outputs/foundation_models/tasks/seasonal_naive/univariate/WUI_Global/Q/short/run_0 launch_id=selena_20260905T202540Z_30178 slurm_job_id=3157894 launched_at=2026-09-05T20:51:19.788143+00:00
  Dataset info:
    - Frequency: Q
    - Num series: 1
    - Target dim: 15
    - Target mode: univariate
    - Series length: min=294, max=294, avg=294.0
    - Test split: 20 steps
    - Prediction length: 4
    - Windows: 5
    - Season length: 4
    Total instances: 75, Series during experiment: 15, Windows: 5
    Collecting ground truth and context...
    Detected to_univariate case: 15 flat series -> 1 series x 15 variates
    Organizing data into arrays...
    Saved predictions (quantiles) to /fslarge/scratch/users/h61084/codes/improved/outputs/foundation_models/tasks/seasonal_naive/univariate/WUI_Global/Q/short/run_0/predictions.npz
    Computing per-window metrics...
    Saved metrics to /fslarge/scratch/users/h61084/codes/improved/outputs/foundation_models/tasks/seasonal_naive/univariate/WUI_Global/Q/short/run_0/metrics.npz
    Saved config to /fslarge/scratch/users/h61084/codes/improved/outputs/foundation_models/tasks/seasonal_naive/univariate/WUI_Global/Q/short/run_0/config.json
    Saved aggregate metrics to /fslarge/scratch/users/h61084/codes/improved/outputs/foundation_models/tasks/seasonal_naive/univariate/WUI_Global/Q/short/run_0/metrics_summary.json
    Metrics summary (averaged over all series/windows/variates):
      MSE: 0.0761
      MAE: 0.1957
      RMSE: 0.2324
      MAPE: 0.9028
      sMAPE: 0.8168
      MASE: 1.2903
      ND: 0.9989
      CRPS: 0.7851
  Completed: 1 series x 5 windows
  Output: /fslarge/scratch/users/h61084/codes/improved/outputs/foundation_models/tasks/seasonal_naive/univariate/WUI_Global/Q/short/run_0

============================================================
All experiments completed!
Results saved to: /scratch/users/h61084/codes/improved/outputs/foundation_models/tasks
============================================================

############################################################
# All 1 dataset(s) completed!
############################################################

############################################################
# Dataset 1/1: Global_Price/Q
############################################################
Loading configuration...

============================================================
Model: Seasonal Naive
Dataset: Global_Price/Q
Terms: ['short']
============================================================

--- Term: short ---
  Config: prediction_length=4, test_length=20, val_length=8
TIME run allocation action=new run=/fslarge/scratch/users/h61084/codes/improved/outputs/foundation_models/tasks/seasonal_naive/univariate/Global_Price/Q/short/run_0 launch_id=selena_20260905T202540Z_30178 slurm_job_id=3157894 launched_at=2026-09-05T20:51:25.598997+00:00
  Dataset info:
    - Frequency: Q
    - Num series: 1
    - Target dim: 60
    - Target mode: univariate
    - Series length: min=142, max=142, avg=142.0
    - Test split: 20 steps
    - Prediction length: 4
    - Windows: 5
    - Season length: 4
    Total instances: 300, Series during experiment: 60, Windows: 5
    Collecting ground truth and context...
    Detected to_univariate case: 60 flat series -> 1 series x 60 variates
    Organizing data into arrays...
    Saved predictions (quantiles) to /fslarge/scratch/users/h61084/codes/improved/outputs/foundation_models/tasks/seasonal_naive/univariate/Global_Price/Q/short/run_0/predictions.npz
    Computing per-window metrics...
    Saved metrics to /fslarge/scratch/users/h61084/codes/improved/outputs/foundation_models/tasks/seasonal_naive/univariate/Global_Price/Q/short/run_0/metrics.npz
    Saved config to /fslarge/scratch/users/h61084/codes/improved/outputs/foundation_models/tasks/seasonal_naive/univariate/Global_Price/Q/short/run_0/config.json
    Saved aggregate metrics to /fslarge/scratch/users/h61084/codes/improved/outputs/foundation_models/tasks/seasonal_naive/univariate/Global_Price/Q/short/run_0/metrics_summary.json
    Metrics summary (averaged over all series/windows/variates):
      MSE: 2764606.1791
      MAE: 383.3807
      RMSE: 428.4255
      MAPE: 0.2211
      sMAPE: 0.2268
      MASE: 1.8723
      ND: 0.2206
      CRPS: 0.1828
  Completed: 1 series x 5 windows
  Output: /fslarge/scratch/users/h61084/codes/improved/outputs/foundation_models/tasks/seasonal_naive/univariate/Global_Price/Q/short/run_0

============================================================
All experiments completed!
Results saved to: /scratch/users/h61084/codes/improved/outputs/foundation_models/tasks
============================================================

############################################################
# All 1 dataset(s) completed!
############################################################

############################################################
# Dataset 1/1: Vehicle_Sales/M
############################################################
Loading configuration...

============================================================
Model: Seasonal Naive
Dataset: Vehicle_Sales/M
Terms: ['short']
============================================================

--- Term: short ---
  Config: prediction_length=12, test_length=60, val_length=12
TIME run allocation action=new run=/fslarge/scratch/users/h61084/codes/improved/outputs/foundation_models/tasks/seasonal_naive/univariate/Vehicle_Sales/M/short/run_0 launch_id=selena_20260905T202540Z_30178 slurm_job_id=3157894 launched_at=2026-09-05T20:51:32.383042+00:00
  Dataset info:
    - Frequency: M
    - Num series: 1
    - Target dim: 10
    - Target mode: univariate
    - Series length: min=596, max=596, avg=596.0
    - Test split: 60 steps
    - Prediction length: 12
    - Windows: 5
    - Season length: 12
    Total instances: 50, Series during experiment: 10, Windows: 5
    Collecting ground truth and context...
    Detected to_univariate case: 10 flat series -> 1 series x 10 variates
    Organizing data into arrays...
    Saved predictions (quantiles) to /fslarge/scratch/users/h61084/codes/improved/outputs/foundation_models/tasks/seasonal_naive/univariate/Vehicle_Sales/M/short/run_0/predictions.npz
    Computing per-window metrics...
    Saved metrics to /fslarge/scratch/users/h61084/codes/improved/outputs/foundation_models/tasks/seasonal_naive/univariate/Vehicle_Sales/M/short/run_0/metrics.npz
    Saved config to /fslarge/scratch/users/h61084/codes/improved/outputs/foundation_models/tasks/seasonal_naive/univariate/Vehicle_Sales/M/short/run_0/config.json
    Saved aggregate metrics to /fslarge/scratch/users/h61084/codes/improved/outputs/foundation_models/tasks/seasonal_naive/univariate/Vehicle_Sales/M/short/run_0/metrics_summary.json
    Metrics summary (averaged over all series/windows/variates):
      MSE: 4435.2225
      MAE: 15.4559
      RMSE: 19.2051
      MAPE: 0.1385
      sMAPE: 0.1381
      MASE: 1.3289
      ND: 0.1397
      CRPS: 0.1137
  Completed: 1 series x 5 windows
  Output: /fslarge/scratch/users/h61084/codes/improved/outputs/foundation_models/tasks/seasonal_naive/univariate/Vehicle_Sales/M/short/run_0

============================================================
All experiments completed!
Results saved to: /scratch/users/h61084/codes/improved/outputs/foundation_models/tasks
============================================================

############################################################
# All 1 dataset(s) completed!
############################################################

############################################################
# Dataset 1/1: Online_Retail_2_UCI/D
############################################################
Loading configuration...

============================================================
Model: Seasonal Naive
Dataset: Online_Retail_2_UCI/D
Terms: ['short']
============================================================

--- Term: short ---
  Config: prediction_length=30, test_length=180, val_length=90
TIME run allocation action=new run=/fslarge/scratch/users/h61084/codes/improved/outputs/foundation_models/tasks/seasonal_naive/univariate/Online_Retail_2_UCI/D/short/run_0 launch_id=selena_20260905T202540Z_30178 slurm_job_id=3157894 launched_at=2026-09-05T20:51:38.262688+00:00
  Dataset info:
    - Frequency: D
    - Num series: 1
    - Target dim: 1
    - Target mode: univariate
    - Series length: min=739, max=739, avg=739.0
    - Test split: 180 steps
    - Prediction length: 30
    - Windows: 6
    - Season length: 1
    Total instances: 6, Series during experiment: 1, Windows: 6
    Collecting ground truth and context...
    Organizing data into arrays...
    ⚠️  Predictions max value (227947.41) exceeds float16 safe range.
    ⚠️  Applying scale factor: 10 (values will be divided)
    Saved predictions (quantiles) to /fslarge/scratch/users/h61084/codes/improved/outputs/foundation_models/tasks/seasonal_naive/univariate/Online_Retail_2_UCI/D/short/run_0/predictions.npz
    Computing per-window metrics...
    Saved metrics to /fslarge/scratch/users/h61084/codes/improved/outputs/foundation_models/tasks/seasonal_naive/univariate/Online_Retail_2_UCI/D/short/run_0/metrics.npz
    Saved config to /fslarge/scratch/users/h61084/codes/improved/outputs/foundation_models/tasks/seasonal_naive/univariate/Online_Retail_2_UCI/D/short/run_0/config.json
    Saved aggregate metrics to /fslarge/scratch/users/h61084/codes/improved/outputs/foundation_models/tasks/seasonal_naive/univariate/Online_Retail_2_UCI/D/short/run_0/metrics_summary.json
    Metrics summary (averaged over all series/windows/variates):
      MSE: 1340427757.7880
      MAE: 28414.8139
      RMSE: 34120.3005
      MAPE: 0.8945
      sMAPE: 0.9841
      MASE: 1.7256
      ND: 0.9303
      CRPS: 0.9237
  Completed: 1 series x 6 windows
  Output: /fslarge/scratch/users/h61084/codes/improved/outputs/foundation_models/tasks/seasonal_naive/univariate/Online_Retail_2_UCI/D/short/run_0

============================================================
All experiments completed!
Results saved to: /scratch/users/h61084/codes/improved/outputs/foundation_models/tasks
============================================================

############################################################
# All 1 dataset(s) completed!
############################################################

############################################################
# Dataset 1/1: Supply_Chain_Customer/D
############################################################
Loading configuration...

============================================================
Model: Seasonal Naive
Dataset: Supply_Chain_Customer/D
Terms: ['short']
============================================================

--- Term: short ---
  Config: prediction_length=30, test_length=365, val_length=90
TIME run allocation action=new run=/fslarge/scratch/users/h61084/codes/improved/outputs/foundation_models/tasks/seasonal_naive/univariate/Supply_Chain_Customer/D/short/run_0 launch_id=selena_20260905T202540Z_30178 slurm_job_id=3157894 launched_at=2026-09-05T20:51:43.836591+00:00
  Dataset info:
    - Frequency: D
    - Num series: 1
    - Target dim: 36
    - Target mode: univariate
    - Series length: min=2007, max=2007, avg=2007.0
    - Test split: 365 steps
    - Prediction length: 30
    - Windows: 12
    - Season length: 1
    Total instances: 432, Series during experiment: 36, Windows: 12
    Collecting ground truth and context...
    Detected to_univariate case: 36 flat series -> 1 series x 36 variates
    Organizing data into arrays...
    ⚠️  Predictions max value (484642.56) exceeds float16 safe range.
    ⚠️  Applying scale factor: 10 (values will be divided)
    Saved predictions (quantiles) to /fslarge/scratch/users/h61084/codes/improved/outputs/foundation_models/tasks/seasonal_naive/univariate/Supply_Chain_Customer/D/short/run_0/predictions.npz
    Computing per-window metrics...
    Saved metrics to /fslarge/scratch/users/h61084/codes/improved/outputs/foundation_models/tasks/seasonal_naive/univariate/Supply_Chain_Customer/D/short/run_0/metrics.npz
    Saved config to /fslarge/scratch/users/h61084/codes/improved/outputs/foundation_models/tasks/seasonal_naive/univariate/Supply_Chain_Customer/D/short/run_0/config.json
    Saved aggregate metrics to /fslarge/scratch/users/h61084/codes/improved/outputs/foundation_models/tasks/seasonal_naive/univariate/Supply_Chain_Customer/D/short/run_0/metrics_summary.json
    Metrics summary (averaged over all series/windows/variates):
      MSE: 182395549.9174
      MAE: 4761.2347
      RMSE: 5737.2059
      MAPE: 1.5845
      sMAPE: 0.9555
      MASE: 1.6260
      ND: 0.9504
      CRPS: 1.0553
  Completed: 1 series x 12 windows
  Output: /fslarge/scratch/users/h61084/codes/improved/outputs/foundation_models/tasks/seasonal_naive/univariate/Supply_Chain_Customer/D/short/run_0

============================================================
All experiments completed!
Results saved to: /scratch/users/h61084/codes/improved/outputs/foundation_models/tasks
============================================================

############################################################
# All 1 dataset(s) completed!
############################################################

############################################################
# Dataset 1/1: Supply_Chain_Location/D
############################################################
Loading configuration...

============================================================
Model: Seasonal Naive
Dataset: Supply_Chain_Location/D
Terms: ['short']
============================================================

--- Term: short ---
  Config: prediction_length=30, test_length=365, val_length=90
TIME run allocation action=new run=/fslarge/scratch/users/h61084/codes/improved/outputs/foundation_models/tasks/seasonal_naive/univariate/Supply_Chain_Location/D/short/run_0 launch_id=selena_20260905T202540Z_30178 slurm_job_id=3157894 launched_at=2026-09-05T20:51:53.596059+00:00
  Dataset info:
    - Frequency: D
    - Num series: 1
    - Target dim: 51
    - Target mode: univariate
    - Series length: min=2007, max=2007, avg=2007.0
    - Test split: 365 steps
    - Prediction length: 30
    - Windows: 12
    - Season length: 1
    Total instances: 612, Series during experiment: 51, Windows: 12
    Collecting ground truth and context...
    Detected to_univariate case: 51 flat series -> 1 series x 51 variates
    Organizing data into arrays...
    ⚠️  Predictions max value (244197.86) exceeds float16 safe range.
    ⚠️  Applying scale factor: 10 (values will be divided)
    Saved predictions (quantiles) to /fslarge/scratch/users/h61084/codes/improved/outputs/foundation_models/tasks/seasonal_naive/univariate/Supply_Chain_Location/D/short/run_0/predictions.npz
    Computing per-window metrics...
    Saved metrics to /fslarge/scratch/users/h61084/codes/improved/outputs/foundation_models/tasks/seasonal_naive/univariate/Supply_Chain_Location/D/short/run_0/metrics.npz
    Saved config to /fslarge/scratch/users/h61084/codes/improved/outputs/foundation_models/tasks/seasonal_naive/univariate/Supply_Chain_Location/D/short/run_0/config.json
    Saved aggregate metrics to /fslarge/scratch/users/h61084/codes/improved/outputs/foundation_models/tasks/seasonal_naive/univariate/Supply_Chain_Location/D/short/run_0/metrics_summary.json
    Metrics summary (averaged over all series/windows/variates):
      MSE: 80635366.3761
      MAE: 3819.0647
      RMSE: 4609.9093
      MAPE: 1.6037
      sMAPE: 0.9490
      MASE: 1.5583
      ND: 0.9219
      CRPS: 1.0488
  Completed: 1 series x 12 windows
  Output: /fslarge/scratch/users/h61084/codes/improved/outputs/foundation_models/tasks/seasonal_naive/univariate/Supply_Chain_Location/D/short/run_0

============================================================
All experiments completed!
Results saved to: /scratch/users/h61084/codes/improved/outputs/foundation_models/tasks
============================================================

############################################################
# All 1 dataset(s) completed!
############################################################

############################################################
# Dataset 1/1: azure2019_D/5T
############################################################
Loading configuration...

============================================================
Model: Seasonal Naive
Dataset: azure2019_D/5T
Terms: ['short']
============================================================

--- Term: short ---
  Config: prediction_length=288, test_length=864, val_length=864
TIME run allocation action=new run=/fslarge/scratch/users/h61084/codes/improved/outputs/foundation_models/tasks/seasonal_naive/univariate/azure2019_D/5T/short/run_0 launch_id=selena_20260905T202540Z_30178 slurm_job_id=3157894 launched_at=2026-09-05T20:52:05.269783+00:00
  Dataset info:
    - Frequency: 5T
    - Num series: 989
    - Target dim: 3
    - Target mode: univariate
    - Series length: min=8073, max=8639, avg=8627.0
    - Test split: 864 steps
    - Prediction length: 288
    - Windows: 3
    - Season length: 288
    Total instances: 8901, Series during experiment: 2967, Windows: 3
    Collecting ground truth and context...
    Detected to_univariate case: 2967 flat series -> 989 series x 3 variates
    Organizing data into arrays...
    Saved predictions (quantiles) to /fslarge/scratch/users/h61084/codes/improved/outputs/foundation_models/tasks/seasonal_naive/univariate/azure2019_D/5T/short/run_0/predictions.npz
    Computing per-window metrics...
    Saved metrics to /fslarge/scratch/users/h61084/codes/improved/outputs/foundation_models/tasks/seasonal_naive/univariate/azure2019_D/5T/short/run_0/metrics.npz
    Saved config to /fslarge/scratch/users/h61084/codes/improved/outputs/foundation_models/tasks/seasonal_naive/univariate/azure2019_D/5T/short/run_0/config.json
    Saved aggregate metrics to /fslarge/scratch/users/h61084/codes/improved/outputs/foundation_models/tasks/seasonal_naive/univariate/azure2019_D/5T/short/run_0/metrics_summary.json
    Metrics summary (averaged over all series/windows/variates):
      MSE: 108.6909
      MAE: 3.9123
      RMSE: 5.3022
      MAPE: 0.4015
      sMAPE: 0.2698
      MASE: 1.0950
      ND: 0.3024
      CRPS: 0.2931
  Completed: 989 series x 3 windows
  Output: /fslarge/scratch/users/h61084/codes/improved/outputs/foundation_models/tasks/seasonal_naive/univariate/azure2019_D/5T/short/run_0

============================================================
All experiments completed!
Results saved to: /scratch/users/h61084/codes/improved/outputs/foundation_models/tasks
============================================================

############################################################
# All 1 dataset(s) completed!
############################################################

############################################################
# Dataset 1/1: azure2019_I/5T
############################################################
Loading configuration...

============================================================
Model: Seasonal Naive
Dataset: azure2019_I/5T
Terms: ['short']
============================================================

--- Term: short ---
  Config: prediction_length=288, test_length=864, val_length=864
TIME run allocation action=new run=/fslarge/scratch/users/h61084/codes/improved/outputs/foundation_models/tasks/seasonal_naive/univariate/azure2019_I/5T/short/run_0 launch_id=selena_20260905T202540Z_30178 slurm_job_id=3157894 launched_at=2026-09-05T21:02:48.453216+00:00
  Dataset info:
    - Frequency: 5T
    - Num series: 492
    - Target dim: 3
    - Target mode: univariate
    - Series length: min=8250, max=8639, avg=8630.4
    - Test split: 864 steps
    - Prediction length: 288
    - Windows: 3
    - Season length: 288
    Total instances: 4428, Series during experiment: 1476, Windows: 3
    Collecting ground truth and context...
    Detected to_univariate case: 1476 flat series -> 492 series x 3 variates
    Organizing data into arrays...
    Saved predictions (quantiles) to /fslarge/scratch/users/h61084/codes/improved/outputs/foundation_models/tasks/seasonal_naive/univariate/azure2019_I/5T/short/run_0/predictions.npz
    Computing per-window metrics...
    Saved metrics to /fslarge/scratch/users/h61084/codes/improved/outputs/foundation_models/tasks/seasonal_naive/univariate/azure2019_I/5T/short/run_0/metrics.npz
    Saved config to /fslarge/scratch/users/h61084/codes/improved/outputs/foundation_models/tasks/seasonal_naive/univariate/azure2019_I/5T/short/run_0/config.json
    Saved aggregate metrics to /fslarge/scratch/users/h61084/codes/improved/outputs/foundation_models/tasks/seasonal_naive/univariate/azure2019_I/5T/short/run_0/metrics_summary.json
    Metrics summary (averaged over all series/windows/variates):
      MSE: 79.9996
      MAE: 3.2310
      RMSE: 4.5038
      MAPE: 0.3714
      sMAPE: 0.2287
      MASE: 1.0140
      ND: 0.2483
      CRPS: 0.2290
  Completed: 492 series x 3 windows
  Output: /fslarge/scratch/users/h61084/codes/improved/outputs/foundation_models/tasks/seasonal_naive/univariate/azure2019_I/5T/short/run_0

============================================================
All experiments completed!
Results saved to: /scratch/users/h61084/codes/improved/outputs/foundation_models/tasks
============================================================

############################################################
# All 1 dataset(s) completed!
############################################################

############################################################
# Dataset 1/1: azure2019_U/5T
############################################################
Loading configuration...

============================================================
Model: Seasonal Naive
Dataset: azure2019_U/5T
Terms: ['short']
============================================================

--- Term: short ---
  Config: prediction_length=48, test_length=288, val_length=96
TIME run allocation action=new run=/fslarge/scratch/users/h61084/codes/improved/outputs/foundation_models/tasks/seasonal_naive/univariate/azure2019_U/5T/short/run_0 launch_id=selena_20260905T202540Z_30178 slurm_job_id=3157894 launched_at=2026-09-05T21:08:10.019685+00:00
  Dataset info:
    - Frequency: 5T
    - Num series: 78
    - Target dim: 3
    - Target mode: univariate
    - Series length: min=882, max=2006, avg=1406.1
    - Test split: 288 steps
    - Prediction length: 48
    - Windows: 6
    - Season length: 288
    Total instances: 1404, Series during experiment: 234, Windows: 6
    Collecting ground truth and context...
    Detected to_univariate case: 234 flat series -> 78 series x 3 variates
    Organizing data into arrays...
    Saved predictions (quantiles) to /fslarge/scratch/users/h61084/codes/improved/outputs/foundation_models/tasks/seasonal_naive/univariate/azure2019_U/5T/short/run_0/predictions.npz
    Computing per-window metrics...
    Saved metrics to /fslarge/scratch/users/h61084/codes/improved/outputs/foundation_models/tasks/seasonal_naive/univariate/azure2019_U/5T/short/run_0/metrics.npz
    Saved config to /fslarge/scratch/users/h61084/codes/improved/outputs/foundation_models/tasks/seasonal_naive/univariate/azure2019_U/5T/short/run_0/config.json
    Saved aggregate metrics to /fslarge/scratch/users/h61084/codes/improved/outputs/foundation_models/tasks/seasonal_naive/univariate/azure2019_U/5T/short/run_0/metrics_summary.json
    Metrics summary (averaged over all series/windows/variates):
      MSE: 140.5193
      MAE: 4.1573
      RMSE: 5.3072
      MAPE: 0.7499
      sMAPE: 0.3443
      MASE: 1.1517
      ND: 0.4495
      CRPS: 0.5797
  Completed: 78 series x 6 windows
  Output: /fslarge/scratch/users/h61084/codes/improved/outputs/foundation_models/tasks/seasonal_naive/univariate/azure2019_U/5T/short/run_0

============================================================
All experiments completed!
Results saved to: /scratch/users/h61084/codes/improved/outputs/foundation_models/tasks
============================================================

############################################################
# All 1 dataset(s) completed!
############################################################

############################################################
# Dataset 1/1: Smart_Manufacturing/H
############################################################
Loading configuration...

============================================================
Model: Seasonal Naive
Dataset: Smart_Manufacturing/H
Terms: ['short', 'medium', 'long']
============================================================

--- Term: short ---
  Config: prediction_length=24, test_length=336, val_length=336
TIME run allocation action=new run=/fslarge/scratch/users/h61084/codes/improved/outputs/foundation_models/tasks/seasonal_naive/univariate/Smart_Manufacturing/H/short/run_0 launch_id=selena_20260905T202540Z_30178 slurm_job_id=3157894 launched_at=2026-09-05T21:08:35.693740+00:00
  Dataset info:
    - Frequency: H
    - Num series: 34
    - Target dim: 5
    - Target mode: univariate
    - Series length: min=1661, max=1667, avg=1665.9
    - Test split: 336 steps
    - Prediction length: 24
    - Windows: 14
    - Season length: 24
    Total instances: 2380, Series during experiment: 170, Windows: 14
    Collecting ground truth and context...
    Detected to_univariate case: 170 flat series -> 34 series x 5 variates
    Organizing data into arrays...
    Saved predictions (quantiles) to /fslarge/scratch/users/h61084/codes/improved/outputs/foundation_models/tasks/seasonal_naive/univariate/Smart_Manufacturing/H/short/run_0/predictions.npz
    Computing per-window metrics...
    Saved metrics to /fslarge/scratch/users/h61084/codes/improved/outputs/foundation_models/tasks/seasonal_naive/univariate/Smart_Manufacturing/H/short/run_0/metrics.npz
    Saved config to /fslarge/scratch/users/h61084/codes/improved/outputs/foundation_models/tasks/seasonal_naive/univariate/Smart_Manufacturing/H/short/run_0/config.json
    Saved aggregate metrics to /fslarge/scratch/users/h61084/codes/improved/outputs/foundation_models/tasks/seasonal_naive/univariate/Smart_Manufacturing/H/short/run_0/metrics_summary.json
    Metrics summary (averaged over all series/windows/variates):
      MSE: 159.5199
      MAE: 8.1446
      RMSE: 10.0375
      MAPE: 0.4261
      sMAPE: 0.3173
      MASE: 1.0062
      ND: 0.3050
      CRPS: 0.2355
  Completed: 34 series x 14 windows
  Output: /fslarge/scratch/users/h61084/codes/improved/outputs/foundation_models/tasks/seasonal_naive/univariate/Smart_Manufacturing/H/short/run_0

--- Term: medium ---
  Config: prediction_length=168, test_length=336, val_length=336
TIME run allocation action=new run=/fslarge/scratch/users/h61084/codes/improved/outputs/foundation_models/tasks/seasonal_naive/univariate/Smart_Manufacturing/H/medium/run_0 launch_id=selena_20260905T202540Z_30178 slurm_job_id=3157894 launched_at=2026-09-05T21:08:58.706690+00:00
  Dataset info:
    - Frequency: H
    - Num series: 34
    - Target dim: 5
    - Target mode: univariate
    - Series length: min=1661, max=1667, avg=1665.9
    - Test split: 336 steps
    - Prediction length: 168
    - Windows: 2
    - Season length: 24
    Total instances: 340, Series during experiment: 170, Windows: 2
    Collecting ground truth and context...
    Detected to_univariate case: 170 flat series -> 34 series x 5 variates
    Organizing data into arrays...
    Saved predictions (quantiles) to /fslarge/scratch/users/h61084/codes/improved/outputs/foundation_models/tasks/seasonal_naive/univariate/Smart_Manufacturing/H/medium/run_0/predictions.npz
    Computing per-window metrics...
    Saved metrics to /fslarge/scratch/users/h61084/codes/improved/outputs/foundation_models/tasks/seasonal_naive/univariate/Smart_Manufacturing/H/medium/run_0/metrics.npz
    Saved config to /fslarge/scratch/users/h61084/codes/improved/outputs/foundation_models/tasks/seasonal_naive/univariate/Smart_Manufacturing/H/medium/run_0/config.json
    Saved aggregate metrics to /fslarge/scratch/users/h61084/codes/improved/outputs/foundation_models/tasks/seasonal_naive/univariate/Smart_Manufacturing/H/medium/run_0/metrics_summary.json
    Metrics summary (averaged over all series/windows/variates):
      MSE: 170.5894
      MAE: 8.4194
      RMSE: 10.4806
      MAPE: 0.4357
      sMAPE: 0.3283
      MASE: 1.0374
      ND: 0.3124
      CRPS: 0.2727
  Completed: 34 series x 2 windows
  Output: /fslarge/scratch/users/h61084/codes/improved/outputs/foundation_models/tasks/seasonal_naive/univariate/Smart_Manufacturing/H/medium/run_0

--- Term: long ---
  Config: prediction_length=336, test_length=336, val_length=336
TIME run allocation action=new run=/fslarge/scratch/users/h61084/codes/improved/outputs/foundation_models/tasks/seasonal_naive/univariate/Smart_Manufacturing/H/long/run_0 launch_id=selena_20260905T202540Z_30178 slurm_job_id=3157894 launched_at=2026-09-05T21:09:13.050362+00:00
  Dataset info:
    - Frequency: H
    - Num series: 34
    - Target dim: 5
    - Target mode: univariate
    - Series length: min=1661, max=1667, avg=1665.9
    - Test split: 336 steps
    - Prediction length: 336
    - Windows: 1
    - Season length: 24
    Total instances: 170, Series during experiment: 170, Windows: 1
    Collecting ground truth and context...
    Detected to_univariate case: 170 flat series -> 34 series x 5 variates
    Organizing data into arrays...
    Saved predictions (quantiles) to /fslarge/scratch/users/h61084/codes/improved/outputs/foundation_models/tasks/seasonal_naive/univariate/Smart_Manufacturing/H/long/run_0/predictions.npz
    Computing per-window metrics...
    Saved metrics to /fslarge/scratch/users/h61084/codes/improved/outputs/foundation_models/tasks/seasonal_naive/univariate/Smart_Manufacturing/H/long/run_0/metrics.npz
    Saved config to /fslarge/scratch/users/h61084/codes/improved/outputs/foundation_models/tasks/seasonal_naive/univariate/Smart_Manufacturing/H/long/run_0/config.json
    Saved aggregate metrics to /fslarge/scratch/users/h61084/codes/improved/outputs/foundation_models/tasks/seasonal_naive/univariate/Smart_Manufacturing/H/long/run_0/metrics_summary.json
    Metrics summary (averaged over all series/windows/variates):
      MSE: 176.8227
      MAE: 8.5728
      RMSE: 10.6752
      MAPE: 0.4487
      sMAPE: 0.3327
      MASE: 1.0580
      ND: 0.3181
      CRPS: 0.3182
  Completed: 34 series x 1 windows
  Output: /fslarge/scratch/users/h61084/codes/improved/outputs/foundation_models/tasks/seasonal_naive/univariate/Smart_Manufacturing/H/long/run_0

============================================================
All experiments completed!
Results saved to: /scratch/users/h61084/codes/improved/outputs/foundation_models/tasks
============================================================

############################################################
# All 1 dataset(s) completed!
############################################################

############################################################
# Dataset 1/1: MetroPT-3/5T
############################################################
Loading configuration...

============================================================
Model: Seasonal Naive
Dataset: MetroPT-3/5T
Terms: ['short', 'medium', 'long']
============================================================

--- Term: short ---
  Config: prediction_length=48, test_length=1728, val_length=1728
TIME run allocation action=new run=/fslarge/scratch/users/h61084/codes/improved/outputs/foundation_models/tasks/seasonal_naive/univariate/MetroPT-3/5T/short/run_0 launch_id=selena_20260905T202540Z_30178 slurm_job_id=3157894 launched_at=2026-09-05T21:09:30.472008+00:00
  Dataset info:
    - Frequency: 5T
    - Num series: 1
    - Target dim: 6
    - Target mode: univariate
    - Series length: min=17809, max=17809, avg=17809.0
    - Test split: 1728 steps
    - Prediction length: 48
    - Windows: 36
    - Season length: 288
    Total instances: 216, Series during experiment: 6, Windows: 36
    Collecting ground truth and context...
    Detected to_univariate case: 6 flat series -> 1 series x 6 variates
    Organizing data into arrays...
    Saved predictions (quantiles) to /fslarge/scratch/users/h61084/codes/improved/outputs/foundation_models/tasks/seasonal_naive/univariate/MetroPT-3/5T/short/run_0/predictions.npz
    Computing per-window metrics...
    Saved metrics to /fslarge/scratch/users/h61084/codes/improved/outputs/foundation_models/tasks/seasonal_naive/univariate/MetroPT-3/5T/short/run_0/metrics.npz
    Saved config to /fslarge/scratch/users/h61084/codes/improved/outputs/foundation_models/tasks/seasonal_naive/univariate/MetroPT-3/5T/short/run_0/config.json
    Saved aggregate metrics to /fslarge/scratch/users/h61084/codes/improved/outputs/foundation_models/tasks/seasonal_naive/univariate/MetroPT-3/5T/short/run_0/metrics_summary.json
    Metrics summary (averaged over all series/windows/variates):
      MSE: 5.9507
      MAE: 1.5523
      RMSE: 1.9743
      MAPE: 12.4643
      sMAPE: 0.5410
      MASE: 0.8509
      ND: 0.4468
      CRPS: 0.3780
  Completed: 1 series x 36 windows
  Output: /fslarge/scratch/users/h61084/codes/improved/outputs/foundation_models/tasks/seasonal_naive/univariate/MetroPT-3/5T/short/run_0

--- Term: medium ---
  Config: prediction_length=288, test_length=1728, val_length=1728
TIME run allocation action=new run=/fslarge/scratch/users/h61084/codes/improved/outputs/foundation_models/tasks/seasonal_naive/univariate/MetroPT-3/5T/medium/run_0 launch_id=selena_20260905T202540Z_30178 slurm_job_id=3157894 launched_at=2026-09-05T21:09:36.520754+00:00
  Dataset info:
    - Frequency: 5T
    - Num series: 1
    - Target dim: 6
    - Target mode: univariate
    - Series length: min=17809, max=17809, avg=17809.0
    - Test split: 1728 steps
    - Prediction length: 288
    - Windows: 6
    - Season length: 288
    Total instances: 36, Series during experiment: 6, Windows: 6
    Collecting ground truth and context...
    Detected to_univariate case: 6 flat series -> 1 series x 6 variates
    Organizing data into arrays...
    Saved predictions (quantiles) to /fslarge/scratch/users/h61084/codes/improved/outputs/foundation_models/tasks/seasonal_naive/univariate/MetroPT-3/5T/medium/run_0/predictions.npz
    Computing per-window metrics...
    Saved metrics to /fslarge/scratch/users/h61084/codes/improved/outputs/foundation_models/tasks/seasonal_naive/univariate/MetroPT-3/5T/medium/run_0/metrics.npz
    Saved config to /fslarge/scratch/users/h61084/codes/improved/outputs/foundation_models/tasks/seasonal_naive/univariate/MetroPT-3/5T/medium/run_0/config.json
    Saved aggregate metrics to /fslarge/scratch/users/h61084/codes/improved/outputs/foundation_models/tasks/seasonal_naive/univariate/MetroPT-3/5T/medium/run_0/metrics_summary.json
    Metrics summary (averaged over all series/windows/variates):
      MSE: 5.7367
      MAE: 1.5329
      RMSE: 1.9779
      MAPE: 13.1546
      sMAPE: 0.5434
      MASE: 0.8337
      ND: 0.4443
      CRPS: 0.3690
  Completed: 1 series x 6 windows
  Output: /fslarge/scratch/users/h61084/codes/improved/outputs/foundation_models/tasks/seasonal_naive/univariate/MetroPT-3/5T/medium/run_0

--- Term: long ---
  Config: prediction_length=576, test_length=1728, val_length=1728
TIME run allocation action=new run=/fslarge/scratch/users/h61084/codes/improved/outputs/foundation_models/tasks/seasonal_naive/univariate/MetroPT-3/5T/long/run_0 launch_id=selena_20260905T202540Z_30178 slurm_job_id=3157894 launched_at=2026-09-05T21:09:39.169693+00:00
  Dataset info:
    - Frequency: 5T
    - Num series: 1
    - Target dim: 6
    - Target mode: univariate
    - Series length: min=17809, max=17809, avg=17809.0
    - Test split: 1728 steps
    - Prediction length: 576
    - Windows: 3
    - Season length: 288
    Total instances: 18, Series during experiment: 6, Windows: 3
    Collecting ground truth and context...
    Detected to_univariate case: 6 flat series -> 1 series x 6 variates
    Organizing data into arrays...
    Saved predictions (quantiles) to /fslarge/scratch/users/h61084/codes/improved/outputs/foundation_models/tasks/seasonal_naive/univariate/MetroPT-3/5T/long/run_0/predictions.npz
    Computing per-window metrics...
    Saved metrics to /fslarge/scratch/users/h61084/codes/improved/outputs/foundation_models/tasks/seasonal_naive/univariate/MetroPT-3/5T/long/run_0/metrics.npz
    Saved config to /fslarge/scratch/users/h61084/codes/improved/outputs/foundation_models/tasks/seasonal_naive/univariate/MetroPT-3/5T/long/run_0/config.json
    Saved aggregate metrics to /fslarge/scratch/users/h61084/codes/improved/outputs/foundation_models/tasks/seasonal_naive/univariate/MetroPT-3/5T/long/run_0/metrics_summary.json
    Metrics summary (averaged over all series/windows/variates):
      MSE: 5.6313
      MAE: 1.5082
      RMSE: 1.9755
      MAPE: 13.5690
      sMAPE: 0.4899
      MASE: 0.8594
      ND: 0.4469
      CRPS: 0.3902
  Completed: 1 series x 3 windows
  Output: /fslarge/scratch/users/h61084/codes/improved/outputs/foundation_models/tasks/seasonal_naive/univariate/MetroPT-3/5T/long/run_0

============================================================
All experiments completed!
Results saved to: /scratch/users/h61084/codes/improved/outputs/foundation_models/tasks
============================================================

############################################################
# All 1 dataset(s) completed!
############################################################
2026-09-05 23:09:42 | task model=seasonal_naive runner=run_seasonal_naive.sh environment=uv covariate_mode=none target_mode=auto completed status=success
2026-09-05 23:09:42 | stage evaluate completed status=success
2026-09-05 23:09:42 | workflow foundation_models completed status=success exit_code=0
