2026-09-05 13:51:18 | workflow foundation_models started launch_id=selena_20260905T115114Z_25365 task=seasonal_naive slurm_job_id=3152740 slurm_array_job_id=none slurm_array_task_id=none
2026-09-05 13:51:18 | stage evaluate started
2026-09-05 13:51:18 | task model=seasonal_naive runner=run_seasonal_naive.sh environment=uv covariate_mode=none target_mode=auto started
[2026-09-05 13:51:18] TIME runner: run_seasonal_naive.sh
[2026-09-05 13:51:18] datasets: /scratch/users/h61084/datasets/hf_dataset
[2026-09-05 13:51:18] weights: /scratch/users/h61084/weights
[2026-09-05 13:51:18] outputs: /scratch/users/h61084/codes/improved/outputs
[2026-09-05 13:51:18] covariate mode: none
[2026-09-05 13:51:18] target mode: auto

############################################################
# Dataset 1/1: Water_Quality_Darwin/15T
############################################################
Loading configuration...

============================================================
Model: Seasonal Naive
Dataset: Water_Quality_Darwin/15T
Terms: ['short', 'medium', 'long']
============================================================

--- Term: short ---
  Config: prediction_length=16, test_length=1440, val_length=1440
TIME run allocation action=new run=/fslarge/scratch/users/h61084/codes/improved/outputs/results/expe_uni/seasonal_naive/univariate/Water_Quality_Darwin/15T/short/run_0 launch_id=selena_20260905T115114Z_25365 slurm_job_id=3152740 launched_at=2026-09-05T11:51:48.369727+00:00
  Dataset info:
    - Frequency: 15T
    - Num series: 7
    - Target dim: 6
    - Target mode: univariate
    - Series length: min=8662, max=18985, avg=15229.4
    - Test split: 1440 steps
    - Prediction length: 16
    - Windows: 90
    - Season length: 96
    Total instances: 3780, Series during experiment: 42, Windows: 90
    Collecting ground truth and context...
    Detected to_univariate case: 42 flat series -> 7 series x 6 variates
    Organizing data into arrays...
    Saved predictions (quantiles) to /fslarge/scratch/users/h61084/codes/improved/outputs/results/expe_uni/seasonal_naive/univariate/Water_Quality_Darwin/15T/short/run_0/predictions.npz
    Computing per-window metrics...
    Saved metrics to /fslarge/scratch/users/h61084/codes/improved/outputs/results/expe_uni/seasonal_naive/univariate/Water_Quality_Darwin/15T/short/run_0/metrics.npz
    Saved config to /fslarge/scratch/users/h61084/codes/improved/outputs/results/expe_uni/seasonal_naive/univariate/Water_Quality_Darwin/15T/short/run_0/config.json
    Saved aggregate metrics to /fslarge/scratch/users/h61084/codes/improved/outputs/results/expe_uni/seasonal_naive/univariate/Water_Quality_Darwin/15T/short/run_0/metrics_summary.json
    Metrics summary (averaged over all series/windows/variates):
      MSE: 5.2319
      MAE: 0.7745
      RMSE: 0.8805
      MAPE: 0.1091
      sMAPE: 0.1009
      MASE: 1.1134
      ND: 0.1054
      CRPS: 0.1066
  Completed: 7 series x 90 windows
  Output: /fslarge/scratch/users/h61084/codes/improved/outputs/results/expe_uni/seasonal_naive/univariate/Water_Quality_Darwin/15T/short/run_0

--- Term: medium ---
  Config: prediction_length=96, test_length=1440, val_length=1440
TIME run allocation action=new run=/fslarge/scratch/users/h61084/codes/improved/outputs/results/expe_uni/seasonal_naive/univariate/Water_Quality_Darwin/15T/medium/run_0 launch_id=selena_20260905T115114Z_25365 slurm_job_id=3152740 launched_at=2026-09-05T11:52:31.314648+00:00
  Dataset info:
    - Frequency: 15T
    - Num series: 7
    - Target dim: 6
    - Target mode: univariate
    - Series length: min=8662, max=18985, avg=15229.4
    - Test split: 1440 steps
    - Prediction length: 96
    - Windows: 15
    - Season length: 96
    Total instances: 630, Series during experiment: 42, Windows: 15
    Collecting ground truth and context...
    Detected to_univariate case: 42 flat series -> 7 series x 6 variates
    Organizing data into arrays...
    Saved predictions (quantiles) to /fslarge/scratch/users/h61084/codes/improved/outputs/results/expe_uni/seasonal_naive/univariate/Water_Quality_Darwin/15T/medium/run_0/predictions.npz
    Computing per-window metrics...
    Saved metrics to /fslarge/scratch/users/h61084/codes/improved/outputs/results/expe_uni/seasonal_naive/univariate/Water_Quality_Darwin/15T/medium/run_0/metrics.npz
    Saved config to /fslarge/scratch/users/h61084/codes/improved/outputs/results/expe_uni/seasonal_naive/univariate/Water_Quality_Darwin/15T/medium/run_0/config.json
    Saved aggregate metrics to /fslarge/scratch/users/h61084/codes/improved/outputs/results/expe_uni/seasonal_naive/univariate/Water_Quality_Darwin/15T/medium/run_0/metrics_summary.json
    Metrics summary (averaged over all series/windows/variates):
      MSE: 5.2205
      MAE: 0.7718
      RMSE: 0.9629
      MAPE: 0.1065
      sMAPE: 0.1005
      MASE: 1.1183
      ND: 0.0996
      CRPS: 0.1002
  Completed: 7 series x 15 windows
  Output: /fslarge/scratch/users/h61084/codes/improved/outputs/results/expe_uni/seasonal_naive/univariate/Water_Quality_Darwin/15T/medium/run_0

--- Term: long ---
  Config: prediction_length=288, test_length=1440, val_length=1440
TIME run allocation action=new run=/fslarge/scratch/users/h61084/codes/improved/outputs/results/expe_uni/seasonal_naive/univariate/Water_Quality_Darwin/15T/long/run_0 launch_id=selena_20260905T115114Z_25365 slurm_job_id=3152740 launched_at=2026-09-05T11:52:48.060304+00:00
  Dataset info:
    - Frequency: 15T
    - Num series: 7
    - Target dim: 6
    - Target mode: univariate
    - Series length: min=8662, max=18985, avg=15229.4
    - Test split: 1440 steps
    - Prediction length: 288
    - Windows: 5
    - Season length: 96
    Total instances: 210, Series during experiment: 42, Windows: 5
    Collecting ground truth and context...
    Detected to_univariate case: 42 flat series -> 7 series x 6 variates
    Organizing data into arrays...
    Saved predictions (quantiles) to /fslarge/scratch/users/h61084/codes/improved/outputs/results/expe_uni/seasonal_naive/univariate/Water_Quality_Darwin/15T/long/run_0/predictions.npz
    Computing per-window metrics...
    Saved metrics to /fslarge/scratch/users/h61084/codes/improved/outputs/results/expe_uni/seasonal_naive/univariate/Water_Quality_Darwin/15T/long/run_0/metrics.npz
    Saved config to /fslarge/scratch/users/h61084/codes/improved/outputs/results/expe_uni/seasonal_naive/univariate/Water_Quality_Darwin/15T/long/run_0/config.json
    Saved aggregate metrics to /fslarge/scratch/users/h61084/codes/improved/outputs/results/expe_uni/seasonal_naive/univariate/Water_Quality_Darwin/15T/long/run_0/metrics_summary.json
    Metrics summary (averaged over all series/windows/variates):
      MSE: 9.9502
      MAE: 1.1178
      RMSE: 1.4050
      MAPE: 0.1740
      sMAPE: 0.1481
      MASE: 1.6344
      ND: 0.1500
      CRPS: 0.1359
  Completed: 7 series x 5 windows
  Output: /fslarge/scratch/users/h61084/codes/improved/outputs/results/expe_uni/seasonal_naive/univariate/Water_Quality_Darwin/15T/long/run_0

============================================================
All experiments completed!
Results saved to: /scratch/users/h61084/codes/improved/outputs/results/expe_uni
============================================================

############################################################
# All 1 dataset(s) completed!
############################################################

############################################################
# Dataset 1/1: current_velocity/5T
############################################################
Loading configuration...

============================================================
Model: Seasonal Naive
Dataset: current_velocity/5T
Terms: ['short', 'medium', 'long']
============================================================

--- Term: short ---
  Config: prediction_length=36, test_length=4320, val_length=4320
TIME run allocation action=new run=/fslarge/scratch/users/h61084/codes/improved/outputs/results/expe_uni/seasonal_naive/univariate/current_velocity/5T/short/run_0 launch_id=selena_20260905T115114Z_25365 slurm_job_id=3152740 launched_at=2026-09-05T11:53:07.213734+00:00
  Dataset info:
    - Frequency: 5T
    - Num series: 1
    - Target dim: 6
    - Target mode: univariate
    - Series length: min=26486, max=26486, avg=26486.0
    - Test split: 4320 steps
    - Prediction length: 36
    - Windows: 120
    - Season length: 288
    Total instances: 720, Series during experiment: 6, Windows: 120
    Collecting ground truth and context...
    Detected to_univariate case: 6 flat series -> 1 series x 6 variates
    Organizing data into arrays...
    Saved predictions (quantiles) to /fslarge/scratch/users/h61084/codes/improved/outputs/results/expe_uni/seasonal_naive/univariate/current_velocity/5T/short/run_0/predictions.npz
    Computing per-window metrics...
    Saved metrics to /fslarge/scratch/users/h61084/codes/improved/outputs/results/expe_uni/seasonal_naive/univariate/current_velocity/5T/short/run_0/metrics.npz
    Saved config to /fslarge/scratch/users/h61084/codes/improved/outputs/results/expe_uni/seasonal_naive/univariate/current_velocity/5T/short/run_0/config.json
    Saved aggregate metrics to /fslarge/scratch/users/h61084/codes/improved/outputs/results/expe_uni/seasonal_naive/univariate/current_velocity/5T/short/run_0/metrics_summary.json
    Metrics summary (averaged over all series/windows/variates):
      MSE: 9.4540
      MAE: 1.1046
      RMSE: 1.2461
      MAPE: 0.9576
      sMAPE: 0.5035
      MASE: 0.9223
      ND: 0.5843
      CRPS: 0.4563
  Completed: 1 series x 120 windows
  Output: /fslarge/scratch/users/h61084/codes/improved/outputs/results/expe_uni/seasonal_naive/univariate/current_velocity/5T/short/run_0

--- Term: medium ---
  Config: prediction_length=288, test_length=4320, val_length=4320
TIME run allocation action=new run=/fslarge/scratch/users/h61084/codes/improved/outputs/results/expe_uni/seasonal_naive/univariate/current_velocity/5T/medium/run_0 launch_id=selena_20260905T115114Z_25365 slurm_job_id=3152740 launched_at=2026-09-05T11:53:18.721996+00:00
  Dataset info:
    - Frequency: 5T
    - Num series: 1
    - Target dim: 6
    - Target mode: univariate
    - Series length: min=26486, max=26486, avg=26486.0
    - Test split: 4320 steps
    - Prediction length: 288
    - Windows: 15
    - Season length: 288
    Total instances: 90, Series during experiment: 6, Windows: 15
    Collecting ground truth and context...
    Detected to_univariate case: 6 flat series -> 1 series x 6 variates
    Organizing data into arrays...
    Saved predictions (quantiles) to /fslarge/scratch/users/h61084/codes/improved/outputs/results/expe_uni/seasonal_naive/univariate/current_velocity/5T/medium/run_0/predictions.npz
    Computing per-window metrics...
    Saved metrics to /fslarge/scratch/users/h61084/codes/improved/outputs/results/expe_uni/seasonal_naive/univariate/current_velocity/5T/medium/run_0/metrics.npz
    Saved config to /fslarge/scratch/users/h61084/codes/improved/outputs/results/expe_uni/seasonal_naive/univariate/current_velocity/5T/medium/run_0/config.json
    Saved aggregate metrics to /fslarge/scratch/users/h61084/codes/improved/outputs/results/expe_uni/seasonal_naive/univariate/current_velocity/5T/medium/run_0/metrics_summary.json
    Metrics summary (averaged over all series/windows/variates):
      MSE: 10.1656
      MAE: 1.1454
      RMSE: 1.3857
      MAPE: 0.9360
      sMAPE: 0.5030
      MASE: 0.9269
      ND: 0.5009
      CRPS: 0.3975
  Completed: 1 series x 15 windows
  Output: /fslarge/scratch/users/h61084/codes/improved/outputs/results/expe_uni/seasonal_naive/univariate/current_velocity/5T/medium/run_0

--- Term: long ---
  Config: prediction_length=864, test_length=4320, val_length=4320
TIME run allocation action=new run=/fslarge/scratch/users/h61084/codes/improved/outputs/results/expe_uni/seasonal_naive/univariate/current_velocity/5T/long/run_0 launch_id=selena_20260905T115114Z_25365 slurm_job_id=3152740 launched_at=2026-09-05T11:53:25.252307+00:00
  Dataset info:
    - Frequency: 5T
    - Num series: 1
    - Target dim: 6
    - Target mode: univariate
    - Series length: min=26486, max=26486, avg=26486.0
    - Test split: 4320 steps
    - Prediction length: 864
    - Windows: 5
    - Season length: 288
    Total instances: 30, Series during experiment: 6, Windows: 5
    Collecting ground truth and context...
    Detected to_univariate case: 6 flat series -> 1 series x 6 variates
    Organizing data into arrays...
    Saved predictions (quantiles) to /fslarge/scratch/users/h61084/codes/improved/outputs/results/expe_uni/seasonal_naive/univariate/current_velocity/5T/long/run_0/predictions.npz
    Computing per-window metrics...
    Saved metrics to /fslarge/scratch/users/h61084/codes/improved/outputs/results/expe_uni/seasonal_naive/univariate/current_velocity/5T/long/run_0/metrics.npz
    Saved config to /fslarge/scratch/users/h61084/codes/improved/outputs/results/expe_uni/seasonal_naive/univariate/current_velocity/5T/long/run_0/config.json
    Saved aggregate metrics to /fslarge/scratch/users/h61084/codes/improved/outputs/results/expe_uni/seasonal_naive/univariate/current_velocity/5T/long/run_0/metrics_summary.json
    Metrics summary (averaged over all series/windows/variates):
      MSE: 8.7974
      MAE: 1.0988
      RMSE: 1.3596
      MAPE: 1.0024
      sMAPE: 0.5334
      MASE: 1.1262
      ND: 0.5284
      CRPS: 0.4252
  Completed: 1 series x 5 windows
  Output: /fslarge/scratch/users/h61084/codes/improved/outputs/results/expe_uni/seasonal_naive/univariate/current_velocity/5T/long/run_0

============================================================
All experiments completed!
Results saved to: /scratch/users/h61084/codes/improved/outputs/results/expe_uni
============================================================

############################################################
# All 1 dataset(s) completed!
############################################################

############################################################
# Dataset 1/1: current_velocity/10T
############################################################
Loading configuration...

============================================================
Model: Seasonal Naive
Dataset: current_velocity/10T
Terms: ['short', 'medium', 'long']
============================================================

--- Term: short ---
  Config: prediction_length=18, test_length=2160, val_length=2160
TIME run allocation action=new run=/fslarge/scratch/users/h61084/codes/improved/outputs/results/expe_uni/seasonal_naive/univariate/current_velocity/10T/short/run_0 launch_id=selena_20260905T115114Z_25365 slurm_job_id=3152740 launched_at=2026-09-05T11:53:34.763598+00:00
  Dataset info:
    - Frequency: 10T
    - Num series: 10
    - Target dim: 6
    - Target mode: univariate
    - Series length: min=7481, max=31957, avg=20668.5
    - Test split: 2160 steps
    - Prediction length: 18
    - Windows: 120
    - Season length: 144
    Total instances: 7200, Series during experiment: 60, Windows: 120
    Collecting ground truth and context...
    Detected to_univariate case: 60 flat series -> 10 series x 6 variates
    Organizing data into arrays...
    Saved predictions (quantiles) to /fslarge/scratch/users/h61084/codes/improved/outputs/results/expe_uni/seasonal_naive/univariate/current_velocity/10T/short/run_0/predictions.npz
    Computing per-window metrics...
    Saved metrics to /fslarge/scratch/users/h61084/codes/improved/outputs/results/expe_uni/seasonal_naive/univariate/current_velocity/10T/short/run_0/metrics.npz
    Saved config to /fslarge/scratch/users/h61084/codes/improved/outputs/results/expe_uni/seasonal_naive/univariate/current_velocity/10T/short/run_0/config.json
    Saved aggregate metrics to /fslarge/scratch/users/h61084/codes/improved/outputs/results/expe_uni/seasonal_naive/univariate/current_velocity/10T/short/run_0/metrics_summary.json
    Metrics summary (averaged over all series/windows/variates):
      MSE: 15.5237
      MAE: 1.2008
      RMSE: 1.4380
      MAPE: 5480.3732
      sMAPE: 0.5431
      MASE: 1.0516
      ND: 0.5608
      CRPS: 0.4453
  Completed: 10 series x 120 windows
  Output: /fslarge/scratch/users/h61084/codes/improved/outputs/results/expe_uni/seasonal_naive/univariate/current_velocity/10T/short/run_0

--- Term: medium ---
  Config: prediction_length=144, test_length=2160, val_length=2160
TIME run allocation action=new run=/fslarge/scratch/users/h61084/codes/improved/outputs/results/expe_uni/seasonal_naive/univariate/current_velocity/10T/medium/run_0 launch_id=selena_20260905T115114Z_25365 slurm_job_id=3152740 launched_at=2026-09-05T11:54:37.982003+00:00
  Dataset info:
    - Frequency: 10T
    - Num series: 10
    - Target dim: 6
    - Target mode: univariate
    - Series length: min=7481, max=31957, avg=20668.5
    - Test split: 2160 steps
    - Prediction length: 144
    - Windows: 15
    - Season length: 144
    Total instances: 900, Series during experiment: 60, Windows: 15
    Collecting ground truth and context...
    Detected to_univariate case: 60 flat series -> 10 series x 6 variates
    Organizing data into arrays...
    Saved predictions (quantiles) to /fslarge/scratch/users/h61084/codes/improved/outputs/results/expe_uni/seasonal_naive/univariate/current_velocity/10T/medium/run_0/predictions.npz
    Computing per-window metrics...
    Saved metrics to /fslarge/scratch/users/h61084/codes/improved/outputs/results/expe_uni/seasonal_naive/univariate/current_velocity/10T/medium/run_0/metrics.npz
    Saved config to /fslarge/scratch/users/h61084/codes/improved/outputs/results/expe_uni/seasonal_naive/univariate/current_velocity/10T/medium/run_0/config.json
    Saved aggregate metrics to /fslarge/scratch/users/h61084/codes/improved/outputs/results/expe_uni/seasonal_naive/univariate/current_velocity/10T/medium/run_0/metrics_summary.json
    Metrics summary (averaged over all series/windows/variates):
      MSE: 15.5898
      MAE: 1.2008
      RMSE: 1.5644
      MAPE: 4853.0977
      sMAPE: 0.5445
      MASE: 1.0540
      ND: 0.4832
      CRPS: 0.3824
  Completed: 10 series x 15 windows
  Output: /fslarge/scratch/users/h61084/codes/improved/outputs/results/expe_uni/seasonal_naive/univariate/current_velocity/10T/medium/run_0

--- Term: long ---
  Config: prediction_length=432, test_length=2160, val_length=2160
TIME run allocation action=new run=/fslarge/scratch/users/h61084/codes/improved/outputs/results/expe_uni/seasonal_naive/univariate/current_velocity/10T/long/run_0 launch_id=selena_20260905T115114Z_25365 slurm_job_id=3152740 launched_at=2026-09-05T11:55:11.819632+00:00
  Dataset info:
    - Frequency: 10T
    - Num series: 10
    - Target dim: 6
    - Target mode: univariate
    - Series length: min=7481, max=31957, avg=20668.5
    - Test split: 2160 steps
    - Prediction length: 432
    - Windows: 5
    - Season length: 144
    Total instances: 300, Series during experiment: 60, Windows: 5
    Collecting ground truth and context...
    Detected to_univariate case: 60 flat series -> 10 series x 6 variates
    Organizing data into arrays...
    Saved predictions (quantiles) to /fslarge/scratch/users/h61084/codes/improved/outputs/results/expe_uni/seasonal_naive/univariate/current_velocity/10T/long/run_0/predictions.npz
    Computing per-window metrics...
    Saved metrics to /fslarge/scratch/users/h61084/codes/improved/outputs/results/expe_uni/seasonal_naive/univariate/current_velocity/10T/long/run_0/metrics.npz
    Saved config to /fslarge/scratch/users/h61084/codes/improved/outputs/results/expe_uni/seasonal_naive/univariate/current_velocity/10T/long/run_0/config.json
    Saved aggregate metrics to /fslarge/scratch/users/h61084/codes/improved/outputs/results/expe_uni/seasonal_naive/univariate/current_velocity/10T/long/run_0/metrics_summary.json
    Metrics summary (averaged over all series/windows/variates):
      MSE: 19.3642
      MAE: 1.4284
      RMSE: 1.8428
      MAPE: 5918.9181
      sMAPE: 0.6143
      MASE: 1.4475
      ND: 0.5648
      CRPS: 0.4531
  Completed: 10 series x 5 windows
  Output: /fslarge/scratch/users/h61084/codes/improved/outputs/results/expe_uni/seasonal_naive/univariate/current_velocity/10T/long/run_0

============================================================
All experiments completed!
Results saved to: /scratch/users/h61084/codes/improved/outputs/results/expe_uni
============================================================

############################################################
# All 1 dataset(s) completed!
############################################################

############################################################
# Dataset 1/1: current_velocity/15T
############################################################
Loading configuration...

============================================================
Model: Seasonal Naive
Dataset: current_velocity/15T
Terms: ['short', 'medium', 'long']
============================================================

--- Term: short ---
  Config: prediction_length=12, test_length=1440, val_length=1440
TIME run allocation action=new run=/fslarge/scratch/users/h61084/codes/improved/outputs/results/expe_uni/seasonal_naive/univariate/current_velocity/15T/short/run_0 launch_id=selena_20260905T115114Z_25365 slurm_job_id=3152740 launched_at=2026-09-05T11:55:46.675056+00:00
  Dataset info:
    - Frequency: 15T
    - Num series: 5
    - Target dim: 6
    - Target mode: univariate
    - Series length: min=3710, max=17953, avg=8503.2
    - Test split: 1440 steps
    - Prediction length: 12
    - Windows: 120
    - Season length: 96
    Total instances: 3600, Series during experiment: 30, Windows: 120
    Collecting ground truth and context...
    Detected to_univariate case: 30 flat series -> 5 series x 6 variates
    Organizing data into arrays...
    Saved predictions (quantiles) to /fslarge/scratch/users/h61084/codes/improved/outputs/results/expe_uni/seasonal_naive/univariate/current_velocity/15T/short/run_0/predictions.npz
    Computing per-window metrics...
    Saved metrics to /fslarge/scratch/users/h61084/codes/improved/outputs/results/expe_uni/seasonal_naive/univariate/current_velocity/15T/short/run_0/metrics.npz
    Saved config to /fslarge/scratch/users/h61084/codes/improved/outputs/results/expe_uni/seasonal_naive/univariate/current_velocity/15T/short/run_0/config.json
    Saved aggregate metrics to /fslarge/scratch/users/h61084/codes/improved/outputs/results/expe_uni/seasonal_naive/univariate/current_velocity/15T/short/run_0/metrics_summary.json
    Metrics summary (averaged over all series/windows/variates):
      MSE: 14.8752
      MAE: 1.2462
      RMSE: 1.4645
      MAPE: 171292.1731
      sMAPE: 0.6283
      MASE: 1.0042
      ND: 0.6905
      CRPS: 0.5418
  Completed: 5 series x 120 windows
  Output: /fslarge/scratch/users/h61084/codes/improved/outputs/results/expe_uni/seasonal_naive/univariate/current_velocity/15T/short/run_0

--- Term: medium ---
  Config: prediction_length=96, test_length=1440, val_length=1440
TIME run allocation action=new run=/fslarge/scratch/users/h61084/codes/improved/outputs/results/expe_uni/seasonal_naive/univariate/current_velocity/15T/medium/run_0 launch_id=selena_20260905T115114Z_25365 slurm_job_id=3152740 launched_at=2026-09-05T11:56:11.238265+00:00
  Dataset info:
    - Frequency: 15T
    - Num series: 5
    - Target dim: 6
    - Target mode: univariate
    - Series length: min=3710, max=17953, avg=8503.2
    - Test split: 1440 steps
    - Prediction length: 96
    - Windows: 15
    - Season length: 96
    Total instances: 450, Series during experiment: 30, Windows: 15
    Collecting ground truth and context...
    Detected to_univariate case: 30 flat series -> 5 series x 6 variates
    Organizing data into arrays...
    Saved predictions (quantiles) to /fslarge/scratch/users/h61084/codes/improved/outputs/results/expe_uni/seasonal_naive/univariate/current_velocity/15T/medium/run_0/predictions.npz
    Computing per-window metrics...
    Saved metrics to /fslarge/scratch/users/h61084/codes/improved/outputs/results/expe_uni/seasonal_naive/univariate/current_velocity/15T/medium/run_0/metrics.npz
    Saved config to /fslarge/scratch/users/h61084/codes/improved/outputs/results/expe_uni/seasonal_naive/univariate/current_velocity/15T/medium/run_0/config.json
    Saved aggregate metrics to /fslarge/scratch/users/h61084/codes/improved/outputs/results/expe_uni/seasonal_naive/univariate/current_velocity/15T/medium/run_0/metrics_summary.json
    Metrics summary (averaged over all series/windows/variates):
      MSE: 14.7657
      MAE: 1.2443
      RMSE: 1.5678
      MAPE: 186062.8159
      sMAPE: 0.6285
      MASE: 1.0072
      ND: 0.6138
      CRPS: 0.4805
  Completed: 5 series x 15 windows
  Output: /fslarge/scratch/users/h61084/codes/improved/outputs/results/expe_uni/seasonal_naive/univariate/current_velocity/15T/medium/run_0

--- Term: long ---
  Config: prediction_length=288, test_length=1440, val_length=1440
TIME run allocation action=new run=/fslarge/scratch/users/h61084/codes/improved/outputs/results/expe_uni/seasonal_naive/univariate/current_velocity/15T/long/run_0 launch_id=selena_20260905T115114Z_25365 slurm_job_id=3152740 launched_at=2026-09-05T11:56:22.743439+00:00
  Dataset info:
    - Frequency: 15T
    - Num series: 5
    - Target dim: 6
    - Target mode: univariate
    - Series length: min=3710, max=17953, avg=8503.2
    - Test split: 1440 steps
    - Prediction length: 288
    - Windows: 5
    - Season length: 96
    Total instances: 150, Series during experiment: 30, Windows: 5
    Collecting ground truth and context...
    Detected to_univariate case: 30 flat series -> 5 series x 6 variates
    Organizing data into arrays...
    Saved predictions (quantiles) to /fslarge/scratch/users/h61084/codes/improved/outputs/results/expe_uni/seasonal_naive/univariate/current_velocity/15T/long/run_0/predictions.npz
    Computing per-window metrics...
    Saved metrics to /fslarge/scratch/users/h61084/codes/improved/outputs/results/expe_uni/seasonal_naive/univariate/current_velocity/15T/long/run_0/metrics.npz
    Saved config to /fslarge/scratch/users/h61084/codes/improved/outputs/results/expe_uni/seasonal_naive/univariate/current_velocity/15T/long/run_0/config.json
    Saved aggregate metrics to /fslarge/scratch/users/h61084/codes/improved/outputs/results/expe_uni/seasonal_naive/univariate/current_velocity/15T/long/run_0/metrics_summary.json
    Metrics summary (averaged over all series/windows/variates):
      MSE: 16.1699
      MAE: 1.3316
      RMSE: 1.6807
      MAPE: 120343.9689
      sMAPE: 0.6379
      MASE: 1.1377
      ND: 0.6033
      CRPS: 0.4913
  Completed: 5 series x 5 windows
  Output: /fslarge/scratch/users/h61084/codes/improved/outputs/results/expe_uni/seasonal_naive/univariate/current_velocity/15T/long/run_0

============================================================
All experiments completed!
Results saved to: /scratch/users/h61084/codes/improved/outputs/results/expe_uni
============================================================

############################################################
# All 1 dataset(s) completed!
############################################################

############################################################
# Dataset 1/1: current_velocity/20T
############################################################
Loading configuration...

============================================================
Model: Seasonal Naive
Dataset: current_velocity/20T
Terms: ['short', 'medium', 'long']
============================================================

--- Term: short ---
  Config: prediction_length=9, test_length=1080, val_length=1080
TIME run allocation action=new run=/fslarge/scratch/users/h61084/codes/improved/outputs/results/expe_uni/seasonal_naive/univariate/current_velocity/20T/short/run_0 launch_id=selena_20260905T115114Z_25365 slurm_job_id=3152740 launched_at=2026-09-05T11:56:36.349382+00:00
  Dataset info:
    - Frequency: 20T
    - Num series: 27
    - Target dim: 6
    - Target mode: univariate
    - Series length: min=2529, max=16759, avg=6460.2
    - Test split: 1080 steps
    - Prediction length: 9
    - Windows: 120
    - Season length: 72
    Total instances: 19440, Series during experiment: 162, Windows: 120
    Collecting ground truth and context...
    Detected to_univariate case: 162 flat series -> 27 series x 6 variates
    Organizing data into arrays...
    Saved predictions (quantiles) to /fslarge/scratch/users/h61084/codes/improved/outputs/results/expe_uni/seasonal_naive/univariate/current_velocity/20T/short/run_0/predictions.npz
    Computing per-window metrics...
    Saved metrics to /fslarge/scratch/users/h61084/codes/improved/outputs/results/expe_uni/seasonal_naive/univariate/current_velocity/20T/short/run_0/metrics.npz
    Saved config to /fslarge/scratch/users/h61084/codes/improved/outputs/results/expe_uni/seasonal_naive/univariate/current_velocity/20T/short/run_0/config.json
    Saved aggregate metrics to /fslarge/scratch/users/h61084/codes/improved/outputs/results/expe_uni/seasonal_naive/univariate/current_velocity/20T/short/run_0/metrics_summary.json
    Metrics summary (averaged over all series/windows/variates):
      MSE: 11.3919
      MAE: 1.0899
      RMSE: 1.2273
      MAPE: 1.7993
      sMAPE: 0.5708
      MASE: 1.0276
      ND: 0.6740
      CRPS: 0.5354
  Completed: 27 series x 120 windows
  Output: /fslarge/scratch/users/h61084/codes/improved/outputs/results/expe_uni/seasonal_naive/univariate/current_velocity/20T/short/run_0

--- Term: medium ---
  Config: prediction_length=72, test_length=1080, val_length=1080
TIME run allocation action=new run=/fslarge/scratch/users/h61084/codes/improved/outputs/results/expe_uni/seasonal_naive/univariate/current_velocity/20T/medium/run_0 launch_id=selena_20260905T115114Z_25365 slurm_job_id=3152740 launched_at=2026-09-05T11:58:24.200197+00:00
  Dataset info:
    - Frequency: 20T
    - Num series: 27
    - Target dim: 6
    - Target mode: univariate
    - Series length: min=2529, max=16759, avg=6460.2
    - Test split: 1080 steps
    - Prediction length: 72
    - Windows: 15
    - Season length: 72
    Total instances: 2430, Series during experiment: 162, Windows: 15
    Collecting ground truth and context...
    Detected to_univariate case: 162 flat series -> 27 series x 6 variates
    Organizing data into arrays...
    Saved predictions (quantiles) to /fslarge/scratch/users/h61084/codes/improved/outputs/results/expe_uni/seasonal_naive/univariate/current_velocity/20T/medium/run_0/predictions.npz
    Computing per-window metrics...
    Saved metrics to /fslarge/scratch/users/h61084/codes/improved/outputs/results/expe_uni/seasonal_naive/univariate/current_velocity/20T/medium/run_0/metrics.npz
    Saved config to /fslarge/scratch/users/h61084/codes/improved/outputs/results/expe_uni/seasonal_naive/univariate/current_velocity/20T/medium/run_0/config.json
    Saved aggregate metrics to /fslarge/scratch/users/h61084/codes/improved/outputs/results/expe_uni/seasonal_naive/univariate/current_velocity/20T/medium/run_0/metrics_summary.json
    Metrics summary (averaged over all series/windows/variates):
      MSE: 11.3008
      MAE: 1.0858
      RMSE: 1.3425
      MAPE: 1.8106
      sMAPE: 0.5715
      MASE: 1.0273
      ND: 0.5402
      CRPS: 0.4288
  Completed: 27 series x 15 windows
  Output: /fslarge/scratch/users/h61084/codes/improved/outputs/results/expe_uni/seasonal_naive/univariate/current_velocity/20T/medium/run_0

--- Term: long ---
  Config: prediction_length=216, test_length=1080, val_length=1080
TIME run allocation action=new run=/fslarge/scratch/users/h61084/codes/improved/outputs/results/expe_uni/seasonal_naive/univariate/current_velocity/20T/long/run_0 launch_id=selena_20260905T115114Z_25365 slurm_job_id=3152740 launched_at=2026-09-05T11:59:12.200543+00:00
  Dataset info:
    - Frequency: 20T
    - Num series: 27
    - Target dim: 6
    - Target mode: univariate
    - Series length: min=2529, max=16759, avg=6460.2
    - Test split: 1080 steps
    - Prediction length: 216
    - Windows: 5
    - Season length: 72
    Total instances: 810, Series during experiment: 162, Windows: 5
    Collecting ground truth and context...
    Detected to_univariate case: 162 flat series -> 27 series x 6 variates
    Organizing data into arrays...
    Saved predictions (quantiles) to /fslarge/scratch/users/h61084/codes/improved/outputs/results/expe_uni/seasonal_naive/univariate/current_velocity/20T/long/run_0/predictions.npz
    Computing per-window metrics...
    Saved metrics to /fslarge/scratch/users/h61084/codes/improved/outputs/results/expe_uni/seasonal_naive/univariate/current_velocity/20T/long/run_0/metrics.npz
    Saved config to /fslarge/scratch/users/h61084/codes/improved/outputs/results/expe_uni/seasonal_naive/univariate/current_velocity/20T/long/run_0/config.json
    Saved aggregate metrics to /fslarge/scratch/users/h61084/codes/improved/outputs/results/expe_uni/seasonal_naive/univariate/current_velocity/20T/long/run_0/metrics_summary.json
    Metrics summary (averaged over all series/windows/variates):
      MSE: 13.3917
      MAE: 1.2243
      RMSE: 1.5320
      MAPE: 2.2862
      sMAPE: 0.6361
      MASE: 1.3413
      ND: 0.6098
      CRPS: 0.4900
  Completed: 27 series x 5 windows
  Output: /fslarge/scratch/users/h61084/codes/improved/outputs/results/expe_uni/seasonal_naive/univariate/current_velocity/20T/long/run_0

============================================================
All experiments completed!
Results saved to: /scratch/users/h61084/codes/improved/outputs/results/expe_uni
============================================================

############################################################
# All 1 dataset(s) completed!
############################################################

############################################################
# Dataset 1/1: current_velocity/H
############################################################
Loading configuration...

============================================================
Model: Seasonal Naive
Dataset: current_velocity/H
Terms: ['short', 'medium', 'long']
============================================================

--- Term: short ---
  Config: prediction_length=24, test_length=672, val_length=672
TIME run allocation action=new run=/fslarge/scratch/users/h61084/codes/improved/outputs/results/expe_uni/seasonal_naive/univariate/current_velocity/H/short/run_0 launch_id=selena_20260905T115114Z_25365 slurm_job_id=3152740 launched_at=2026-09-05T11:59:59.399320+00:00
  Dataset info:
    - Frequency: H
    - Num series: 21
    - Target dim: 6
    - Target mode: univariate
    - Series length: min=2208, max=5587, avg=3502.3
    - Test split: 672 steps
    - Prediction length: 24
    - Windows: 28
    - Season length: 24
    Total instances: 3528, Series during experiment: 126, Windows: 28
    Collecting ground truth and context...
    Detected to_univariate case: 126 flat series -> 21 series x 6 variates
    Organizing data into arrays...
    Saved predictions (quantiles) to /fslarge/scratch/users/h61084/codes/improved/outputs/results/expe_uni/seasonal_naive/univariate/current_velocity/H/short/run_0/predictions.npz
    Computing per-window metrics...
    Saved metrics to /fslarge/scratch/users/h61084/codes/improved/outputs/results/expe_uni/seasonal_naive/univariate/current_velocity/H/short/run_0/metrics.npz
    Saved config to /fslarge/scratch/users/h61084/codes/improved/outputs/results/expe_uni/seasonal_naive/univariate/current_velocity/H/short/run_0/config.json
    Saved aggregate metrics to /fslarge/scratch/users/h61084/codes/improved/outputs/results/expe_uni/seasonal_naive/univariate/current_velocity/H/short/run_0/metrics_summary.json
    Metrics summary (averaged over all series/windows/variates):
      MSE: 10.4861
      MAE: 1.0450
      RMSE: 1.2935
      MAPE: 3680277141082.2056
      sMAPE: 0.5191
      MASE: 1.0433
      ND: 0.4755
      CRPS: 0.3785
  Completed: 21 series x 28 windows
  Output: /fslarge/scratch/users/h61084/codes/improved/outputs/results/expe_uni/seasonal_naive/univariate/current_velocity/H/short/run_0

--- Term: medium ---
  Config: prediction_length=168, test_length=672, val_length=672
TIME run allocation action=new run=/fslarge/scratch/users/h61084/codes/improved/outputs/results/expe_uni/seasonal_naive/univariate/current_velocity/H/medium/run_0 launch_id=selena_20260905T115114Z_25365 slurm_job_id=3152740 launched_at=2026-09-05T12:00:33.438716+00:00
  Dataset info:
    - Frequency: H
    - Num series: 21
    - Target dim: 6
    - Target mode: univariate
    - Series length: min=2208, max=5587, avg=3502.3
    - Test split: 672 steps
    - Prediction length: 168
    - Windows: 4
    - Season length: 24
    Total instances: 504, Series during experiment: 126, Windows: 4
    Collecting ground truth and context...
    Detected to_univariate case: 126 flat series -> 21 series x 6 variates
    Organizing data into arrays...
    Saved predictions (quantiles) to /fslarge/scratch/users/h61084/codes/improved/outputs/results/expe_uni/seasonal_naive/univariate/current_velocity/H/medium/run_0/predictions.npz
    Computing per-window metrics...
    Saved metrics to /fslarge/scratch/users/h61084/codes/improved/outputs/results/expe_uni/seasonal_naive/univariate/current_velocity/H/medium/run_0/metrics.npz
    Saved config to /fslarge/scratch/users/h61084/codes/improved/outputs/results/expe_uni/seasonal_naive/univariate/current_velocity/H/medium/run_0/config.json
    Saved aggregate metrics to /fslarge/scratch/users/h61084/codes/improved/outputs/results/expe_uni/seasonal_naive/univariate/current_velocity/H/medium/run_0/metrics_summary.json
    Metrics summary (averaged over all series/windows/variates):
      MSE: 20.1903
      MAE: 1.5152
      RMSE: 1.8861
      MAPE: 4210271007583.1611
      sMAPE: 0.6663
      MASE: 1.8706
      ND: 0.6359
      CRPS: 0.5260
  Completed: 21 series x 4 windows
  Output: /fslarge/scratch/users/h61084/codes/improved/outputs/results/expe_uni/seasonal_naive/univariate/current_velocity/H/medium/run_0

--- Term: long ---
  Config: prediction_length=336, test_length=672, val_length=672
TIME run allocation action=new run=/fslarge/scratch/users/h61084/codes/improved/outputs/results/expe_uni/seasonal_naive/univariate/current_velocity/H/long/run_0 launch_id=selena_20260905T115114Z_25365 slurm_job_id=3152740 launched_at=2026-09-05T12:00:54.637182+00:00
  Dataset info:
    - Frequency: H
    - Num series: 21
    - Target dim: 6
    - Target mode: univariate
    - Series length: min=2208, max=5587, avg=3502.3
    - Test split: 672 steps
    - Prediction length: 336
    - Windows: 2
    - Season length: 24
    Total instances: 252, Series during experiment: 126, Windows: 2
    Collecting ground truth and context...
    Detected to_univariate case: 126 flat series -> 21 series x 6 variates
    Organizing data into arrays...
    Saved predictions (quantiles) to /fslarge/scratch/users/h61084/codes/improved/outputs/results/expe_uni/seasonal_naive/univariate/current_velocity/H/long/run_0/predictions.npz
    Computing per-window metrics...
    Saved metrics to /fslarge/scratch/users/h61084/codes/improved/outputs/results/expe_uni/seasonal_naive/univariate/current_velocity/H/long/run_0/metrics.npz
    Saved config to /fslarge/scratch/users/h61084/codes/improved/outputs/results/expe_uni/seasonal_naive/univariate/current_velocity/H/long/run_0/config.json
    Saved aggregate metrics to /fslarge/scratch/users/h61084/codes/improved/outputs/results/expe_uni/seasonal_naive/univariate/current_velocity/H/long/run_0/metrics_summary.json
    Metrics summary (averaged over all series/windows/variates):
      MSE: 24.7838
      MAE: 1.6455
      RMSE: 2.0434
      MAPE: 4441611870440.0635
      sMAPE: 0.6774
      MASE: 2.0144
      ND: 0.6255
      CRPS: 0.5739
  Completed: 21 series x 2 windows
  Output: /fslarge/scratch/users/h61084/codes/improved/outputs/results/expe_uni/seasonal_naive/univariate/current_velocity/H/long/run_0

============================================================
All experiments completed!
Results saved to: /scratch/users/h61084/codes/improved/outputs/results/expe_uni
============================================================

############################################################
# All 1 dataset(s) completed!
############################################################

############################################################
# Dataset 1/1: CPHL/15T
############################################################
Loading configuration...

============================================================
Model: Seasonal Naive
Dataset: CPHL/15T
Terms: ['short', 'medium', 'long']
============================================================

--- Term: short ---
  Config: prediction_length=12, test_length=1440, val_length=1440
TIME run allocation action=new run=/fslarge/scratch/users/h61084/codes/improved/outputs/results/expe_uni/seasonal_naive/univariate/CPHL/15T/short/run_0 launch_id=selena_20260905T115114Z_25365 slurm_job_id=3152740 launched_at=2026-09-05T12:01:19.246694+00:00
  Dataset info:
    - Frequency: 15T
    - Num series: 2
    - Target dim: 1
    - Target mode: univariate
    - Series length: min=9956, max=10831, avg=10393.5
    - Test split: 1440 steps
    - Prediction length: 12
    - Windows: 120
    - Season length: 96
    Total instances: 240, Series during experiment: 2, Windows: 120
    Collecting ground truth and context...
    Organizing data into arrays...
    Saved predictions (quantiles) to /fslarge/scratch/users/h61084/codes/improved/outputs/results/expe_uni/seasonal_naive/univariate/CPHL/15T/short/run_0/predictions.npz
    Computing per-window metrics...
    Saved metrics to /fslarge/scratch/users/h61084/codes/improved/outputs/results/expe_uni/seasonal_naive/univariate/CPHL/15T/short/run_0/metrics.npz
    Saved config to /fslarge/scratch/users/h61084/codes/improved/outputs/results/expe_uni/seasonal_naive/univariate/CPHL/15T/short/run_0/config.json
    Saved aggregate metrics to /fslarge/scratch/users/h61084/codes/improved/outputs/results/expe_uni/seasonal_naive/univariate/CPHL/15T/short/run_0/metrics_summary.json
    Metrics summary (averaged over all series/windows/variates):
      MSE: 0.1725
      MAE: 0.2801
      RMSE: 0.3118
      MAPE: 0.4622
      sMAPE: 0.3825
      MASE: 1.3896
      ND: 0.4417
      CRPS: 0.3561
  Completed: 2 series x 120 windows
  Output: /fslarge/scratch/users/h61084/codes/improved/outputs/results/expe_uni/seasonal_naive/univariate/CPHL/15T/short/run_0

--- Term: medium ---
  Config: prediction_length=96, test_length=1440, val_length=1440
TIME run allocation action=new run=/fslarge/scratch/users/h61084/codes/improved/outputs/results/expe_uni/seasonal_naive/univariate/CPHL/15T/medium/run_0 launch_id=selena_20260905T115114Z_25365 slurm_job_id=3152740 launched_at=2026-09-05T12:01:23.320265+00:00
  Dataset info:
    - Frequency: 15T
    - Num series: 2
    - Target dim: 1
    - Target mode: univariate
    - Series length: min=9956, max=10831, avg=10393.5
    - Test split: 1440 steps
    - Prediction length: 96
    - Windows: 15
    - Season length: 96
    Total instances: 30, Series during experiment: 2, Windows: 15
    Collecting ground truth and context...
    Organizing data into arrays...
    Saved predictions (quantiles) to /fslarge/scratch/users/h61084/codes/improved/outputs/results/expe_uni/seasonal_naive/univariate/CPHL/15T/medium/run_0/predictions.npz
    Computing per-window metrics...
    Saved metrics to /fslarge/scratch/users/h61084/codes/improved/outputs/results/expe_uni/seasonal_naive/univariate/CPHL/15T/medium/run_0/metrics.npz
    Saved config to /fslarge/scratch/users/h61084/codes/improved/outputs/results/expe_uni/seasonal_naive/univariate/CPHL/15T/medium/run_0/config.json
    Saved aggregate metrics to /fslarge/scratch/users/h61084/codes/improved/outputs/results/expe_uni/seasonal_naive/univariate/CPHL/15T/medium/run_0/metrics_summary.json
    Metrics summary (averaged over all series/windows/variates):
      MSE: 0.1677
      MAE: 0.2790
      RMSE: 0.3413
      MAPE: 0.4568
      sMAPE: 0.3831
      MASE: 1.3942
      ND: 0.3858
      CRPS: 0.3089
  Completed: 2 series x 15 windows
  Output: /fslarge/scratch/users/h61084/codes/improved/outputs/results/expe_uni/seasonal_naive/univariate/CPHL/15T/medium/run_0

--- Term: long ---
  Config: prediction_length=288, test_length=1440, val_length=1440
TIME run allocation action=new run=/fslarge/scratch/users/h61084/codes/improved/outputs/results/expe_uni/seasonal_naive/univariate/CPHL/15T/long/run_0 launch_id=selena_20260905T115114Z_25365 slurm_job_id=3152740 launched_at=2026-09-05T12:01:24.106833+00:00
  Dataset info:
    - Frequency: 15T
    - Num series: 2
    - Target dim: 1
    - Target mode: univariate
    - Series length: min=9956, max=10831, avg=10393.5
    - Test split: 1440 steps
    - Prediction length: 288
    - Windows: 5
    - Season length: 96
    Total instances: 10, Series during experiment: 2, Windows: 5
    Collecting ground truth and context...
    Organizing data into arrays...
    Saved predictions (quantiles) to /fslarge/scratch/users/h61084/codes/improved/outputs/results/expe_uni/seasonal_naive/univariate/CPHL/15T/long/run_0/predictions.npz
    Computing per-window metrics...
    Saved metrics to /fslarge/scratch/users/h61084/codes/improved/outputs/results/expe_uni/seasonal_naive/univariate/CPHL/15T/long/run_0/metrics.npz
    Saved config to /fslarge/scratch/users/h61084/codes/improved/outputs/results/expe_uni/seasonal_naive/univariate/CPHL/15T/long/run_0/config.json
    Saved aggregate metrics to /fslarge/scratch/users/h61084/codes/improved/outputs/results/expe_uni/seasonal_naive/univariate/CPHL/15T/long/run_0/metrics_summary.json
    Metrics summary (averaged over all series/windows/variates):
      MSE: 0.2280
      MAE: 0.3165
      RMSE: 0.3884
      MAPE: 0.5174
      sMAPE: 0.3909
      MASE: 1.5787
      ND: 0.4231
      CRPS: 0.3479
  Completed: 2 series x 5 windows
  Output: /fslarge/scratch/users/h61084/codes/improved/outputs/results/expe_uni/seasonal_naive/univariate/CPHL/15T/long/run_0

============================================================
All experiments completed!
Results saved to: /scratch/users/h61084/codes/improved/outputs/results/expe_uni
============================================================

############################################################
# All 1 dataset(s) completed!
############################################################

############################################################
# Dataset 1/1: CPHL/30T
############################################################
Loading configuration...

============================================================
Model: Seasonal Naive
Dataset: CPHL/30T
Terms: ['short', 'medium', 'long']
============================================================

--- Term: short ---
  Config: prediction_length=12, test_length=1440, val_length=1440
TIME run allocation action=new run=/fslarge/scratch/users/h61084/codes/improved/outputs/results/expe_uni/seasonal_naive/univariate/CPHL/30T/short/run_0 launch_id=selena_20260905T115114Z_25365 slurm_job_id=3152740 launched_at=2026-09-05T12:01:28.086767+00:00
  Dataset info:
    - Frequency: 30T
    - Num series: 2
    - Target dim: 1
    - Target mode: univariate
    - Series length: min=11808, max=17566, avg=14687.0
    - Test split: 1440 steps
    - Prediction length: 12
    - Windows: 120
    - Season length: 48
    Total instances: 240, Series during experiment: 2, Windows: 120
    Collecting ground truth and context...
    Organizing data into arrays...
    Saved predictions (quantiles) to /fslarge/scratch/users/h61084/codes/improved/outputs/results/expe_uni/seasonal_naive/univariate/CPHL/30T/short/run_0/predictions.npz
    Computing per-window metrics...
    Saved metrics to /fslarge/scratch/users/h61084/codes/improved/outputs/results/expe_uni/seasonal_naive/univariate/CPHL/30T/short/run_0/metrics.npz
    Saved config to /fslarge/scratch/users/h61084/codes/improved/outputs/results/expe_uni/seasonal_naive/univariate/CPHL/30T/short/run_0/config.json
    Saved aggregate metrics to /fslarge/scratch/users/h61084/codes/improved/outputs/results/expe_uni/seasonal_naive/univariate/CPHL/30T/short/run_0/metrics_summary.json
    Metrics summary (averaged over all series/windows/variates):
      MSE: 1.2603
      MAE: 0.6490
      RMSE: 0.7847
      MAPE: 0.5930
      sMAPE: 0.4144
      MASE: 1.7334
      ND: 0.4391
      CRPS: 0.3578
  Completed: 2 series x 120 windows
  Output: /fslarge/scratch/users/h61084/codes/improved/outputs/results/expe_uni/seasonal_naive/univariate/CPHL/30T/short/run_0

--- Term: medium ---
  Config: prediction_length=48, test_length=1440, val_length=1440
TIME run allocation action=new run=/fslarge/scratch/users/h61084/codes/improved/outputs/results/expe_uni/seasonal_naive/univariate/CPHL/30T/medium/run_0 launch_id=selena_20260905T115114Z_25365 slurm_job_id=3152740 launched_at=2026-09-05T12:01:31.877587+00:00
  Dataset info:
    - Frequency: 30T
    - Num series: 2
    - Target dim: 1
    - Target mode: univariate
    - Series length: min=11808, max=17566, avg=14687.0
    - Test split: 1440 steps
    - Prediction length: 48
    - Windows: 30
    - Season length: 48
    Total instances: 60, Series during experiment: 2, Windows: 30
    Collecting ground truth and context...
    Organizing data into arrays...
    Saved predictions (quantiles) to /fslarge/scratch/users/h61084/codes/improved/outputs/results/expe_uni/seasonal_naive/univariate/CPHL/30T/medium/run_0/predictions.npz
    Computing per-window metrics...
    Saved metrics to /fslarge/scratch/users/h61084/codes/improved/outputs/results/expe_uni/seasonal_naive/univariate/CPHL/30T/medium/run_0/metrics.npz
    Saved config to /fslarge/scratch/users/h61084/codes/improved/outputs/results/expe_uni/seasonal_naive/univariate/CPHL/30T/medium/run_0/config.json
    Saved aggregate metrics to /fslarge/scratch/users/h61084/codes/improved/outputs/results/expe_uni/seasonal_naive/univariate/CPHL/30T/medium/run_0/metrics_summary.json
    Metrics summary (averaged over all series/windows/variates):
      MSE: 1.2433
      MAE: 0.6482
      RMSE: 0.8014
      MAPE: 0.6162
      sMAPE: 0.4120
      MASE: 1.7324
      ND: 0.4318
      CRPS: 0.3501
  Completed: 2 series x 30 windows
  Output: /fslarge/scratch/users/h61084/codes/improved/outputs/results/expe_uni/seasonal_naive/univariate/CPHL/30T/medium/run_0

--- Term: long ---
  Config: prediction_length=144, test_length=1440, val_length=1440
TIME run allocation action=new run=/fslarge/scratch/users/h61084/codes/improved/outputs/results/expe_uni/seasonal_naive/univariate/CPHL/30T/long/run_0 launch_id=selena_20260905T115114Z_25365 slurm_job_id=3152740 launched_at=2026-09-05T12:01:32.791556+00:00
  Dataset info:
    - Frequency: 30T
    - Num series: 2
    - Target dim: 1
    - Target mode: univariate
    - Series length: min=11808, max=17566, avg=14687.0
    - Test split: 1440 steps
    - Prediction length: 144
    - Windows: 10
    - Season length: 48
    Total instances: 20, Series during experiment: 2, Windows: 10
    Collecting ground truth and context...
    Organizing data into arrays...
    Saved predictions (quantiles) to /fslarge/scratch/users/h61084/codes/improved/outputs/results/expe_uni/seasonal_naive/univariate/CPHL/30T/long/run_0/predictions.npz
    Computing per-window metrics...
    Saved metrics to /fslarge/scratch/users/h61084/codes/improved/outputs/results/expe_uni/seasonal_naive/univariate/CPHL/30T/long/run_0/metrics.npz
    Saved config to /fslarge/scratch/users/h61084/codes/improved/outputs/results/expe_uni/seasonal_naive/univariate/CPHL/30T/long/run_0/config.json
    Saved aggregate metrics to /fslarge/scratch/users/h61084/codes/improved/outputs/results/expe_uni/seasonal_naive/univariate/CPHL/30T/long/run_0/metrics_summary.json
    Metrics summary (averaged over all series/windows/variates):
      MSE: 1.5074
      MAE: 0.7270
      RMSE: 0.8860
      MAPE: 0.7467
      sMAPE: 0.5009
      MASE: 2.0141
      ND: 0.4637
      CRPS: 0.3704
  Completed: 2 series x 10 windows
  Output: /fslarge/scratch/users/h61084/codes/improved/outputs/results/expe_uni/seasonal_naive/univariate/CPHL/30T/long/run_0

============================================================
All experiments completed!
Results saved to: /scratch/users/h61084/codes/improved/outputs/results/expe_uni
============================================================

############################################################
# All 1 dataset(s) completed!
############################################################

############################################################
# Dataset 1/1: CPHL/H
############################################################
Loading configuration...

============================================================
Model: Seasonal Naive
Dataset: CPHL/H
Terms: ['short', 'medium', 'long']
============================================================

--- Term: short ---
  Config: prediction_length=24, test_length=672, val_length=672
TIME run allocation action=new run=/fslarge/scratch/users/h61084/codes/improved/outputs/results/expe_uni/seasonal_naive/univariate/CPHL/H/short/run_0 launch_id=selena_20260905T115114Z_25365 slurm_job_id=3152740 launched_at=2026-09-05T12:01:36.821889+00:00
  Dataset info:
    - Frequency: H
    - Num series: 4
    - Target dim: 1
    - Target mode: univariate
    - Series length: min=2490, max=8783, avg=4971.2
    - Test split: 672 steps
    - Prediction length: 24
    - Windows: 28
    - Season length: 24
    Total instances: 112, Series during experiment: 4, Windows: 28
    Collecting ground truth and context...
    Organizing data into arrays...
    Saved predictions (quantiles) to /fslarge/scratch/users/h61084/codes/improved/outputs/results/expe_uni/seasonal_naive/univariate/CPHL/H/short/run_0/predictions.npz
    Computing per-window metrics...
    Saved metrics to /fslarge/scratch/users/h61084/codes/improved/outputs/results/expe_uni/seasonal_naive/univariate/CPHL/H/short/run_0/metrics.npz
    Saved config to /fslarge/scratch/users/h61084/codes/improved/outputs/results/expe_uni/seasonal_naive/univariate/CPHL/H/short/run_0/config.json
    Saved aggregate metrics to /fslarge/scratch/users/h61084/codes/improved/outputs/results/expe_uni/seasonal_naive/univariate/CPHL/H/short/run_0/metrics_summary.json
    Metrics summary (averaged over all series/windows/variates):
      MSE: 0.5920
      MAE: 0.4309
      RMSE: 0.5198
      MAPE: 0.4299
      sMAPE: 0.3663
      MASE: 1.5185
      ND: 0.3695
      CRPS: 0.2970
  Completed: 4 series x 28 windows
  Output: /fslarge/scratch/users/h61084/codes/improved/outputs/results/expe_uni/seasonal_naive/univariate/CPHL/H/short/run_0

--- Term: medium ---
  Config: prediction_length=168, test_length=672, val_length=672
TIME run allocation action=new run=/fslarge/scratch/users/h61084/codes/improved/outputs/results/expe_uni/seasonal_naive/univariate/CPHL/H/medium/run_0 launch_id=selena_20260905T115114Z_25365 slurm_job_id=3152740 launched_at=2026-09-05T12:01:39.988850+00:00
  Dataset info:
    - Frequency: H
    - Num series: 4
    - Target dim: 1
    - Target mode: univariate
    - Series length: min=2490, max=8783, avg=4971.2
    - Test split: 672 steps
    - Prediction length: 168
    - Windows: 4
    - Season length: 24
    Total instances: 16, Series during experiment: 4, Windows: 4
    Collecting ground truth and context...
    Organizing data into arrays...
    Saved predictions (quantiles) to /fslarge/scratch/users/h61084/codes/improved/outputs/results/expe_uni/seasonal_naive/univariate/CPHL/H/medium/run_0/predictions.npz
    Computing per-window metrics...
    Saved metrics to /fslarge/scratch/users/h61084/codes/improved/outputs/results/expe_uni/seasonal_naive/univariate/CPHL/H/medium/run_0/metrics.npz
    Saved config to /fslarge/scratch/users/h61084/codes/improved/outputs/results/expe_uni/seasonal_naive/univariate/CPHL/H/medium/run_0/config.json
    Saved aggregate metrics to /fslarge/scratch/users/h61084/codes/improved/outputs/results/expe_uni/seasonal_naive/univariate/CPHL/H/medium/run_0/metrics_summary.json
    Metrics summary (averaged over all series/windows/variates):
      MSE: 0.7677
      MAE: 0.5489
      RMSE: 0.6725
      MAPE: 0.6181
      sMAPE: 0.5160
      MASE: 2.1993
      ND: 0.5188
      CRPS: 0.4003
  Completed: 4 series x 4 windows
  Output: /fslarge/scratch/users/h61084/codes/improved/outputs/results/expe_uni/seasonal_naive/univariate/CPHL/H/medium/run_0

--- Term: long ---
  Config: prediction_length=336, test_length=672, val_length=672
TIME run allocation action=new run=/fslarge/scratch/users/h61084/codes/improved/outputs/results/expe_uni/seasonal_naive/univariate/CPHL/H/long/run_0 launch_id=selena_20260905T115114Z_25365 slurm_job_id=3152740 launched_at=2026-09-05T12:01:40.683270+00:00
  Dataset info:
    - Frequency: H
    - Num series: 4
    - Target dim: 1
    - Target mode: univariate
    - Series length: min=2490, max=8783, avg=4971.2
    - Test split: 672 steps
    - Prediction length: 336
    - Windows: 2
    - Season length: 24
    Total instances: 8, Series during experiment: 4, Windows: 2
    Collecting ground truth and context...
    Organizing data into arrays...
    Saved predictions (quantiles) to /fslarge/scratch/users/h61084/codes/improved/outputs/results/expe_uni/seasonal_naive/univariate/CPHL/H/long/run_0/predictions.npz
    Computing per-window metrics...
    Saved metrics to /fslarge/scratch/users/h61084/codes/improved/outputs/results/expe_uni/seasonal_naive/univariate/CPHL/H/long/run_0/metrics.npz
    Saved config to /fslarge/scratch/users/h61084/codes/improved/outputs/results/expe_uni/seasonal_naive/univariate/CPHL/H/long/run_0/config.json
    Saved aggregate metrics to /fslarge/scratch/users/h61084/codes/improved/outputs/results/expe_uni/seasonal_naive/univariate/CPHL/H/long/run_0/metrics_summary.json
    Metrics summary (averaged over all series/windows/variates):
      MSE: 0.8053
      MAE: 0.5741
      RMSE: 0.7244
      MAPE: 0.6242
      sMAPE: 0.5711
      MASE: 2.4835
      ND: 0.5406
      CRPS: 0.4388
  Completed: 4 series x 2 windows
  Output: /fslarge/scratch/users/h61084/codes/improved/outputs/results/expe_uni/seasonal_naive/univariate/CPHL/H/long/run_0

============================================================
All experiments completed!
Results saved to: /scratch/users/h61084/codes/improved/outputs/results/expe_uni
============================================================

############################################################
# All 1 dataset(s) completed!
############################################################

############################################################
# Dataset 1/1: Coastal_T_S/5T
############################################################
Loading configuration...

============================================================
Model: Seasonal Naive
Dataset: Coastal_T_S/5T
Terms: ['short', 'medium', 'long']
============================================================

--- Term: short ---
  Config: prediction_length=36, test_length=4320, val_length=4320
TIME run allocation action=new run=/fslarge/scratch/users/h61084/codes/improved/outputs/results/expe_uni/seasonal_naive/univariate/Coastal_T_S/5T/short/run_0 launch_id=selena_20260905T115114Z_25365 slurm_job_id=3152740 launched_at=2026-09-05T12:01:44.735901+00:00
  Dataset info:
    - Frequency: 5T
    - Num series: 18
    - Target dim: 3
    - Target mode: univariate
    - Series length: min=44614, max=105408, avg=68604.9
    - Test split: 4320 steps
    - Prediction length: 36
    - Windows: 120
    - Season length: 288
    Total instances: 6480, Series during experiment: 54, Windows: 120
    Collecting ground truth and context...
    Detected to_univariate case: 54 flat series -> 18 series x 3 variates
    Organizing data into arrays...
    Saved predictions (quantiles) to /fslarge/scratch/users/h61084/codes/improved/outputs/results/expe_uni/seasonal_naive/univariate/Coastal_T_S/5T/short/run_0/predictions.npz
    Computing per-window metrics...
    Saved metrics to /fslarge/scratch/users/h61084/codes/improved/outputs/results/expe_uni/seasonal_naive/univariate/Coastal_T_S/5T/short/run_0/metrics.npz
    Saved config to /fslarge/scratch/users/h61084/codes/improved/outputs/results/expe_uni/seasonal_naive/univariate/Coastal_T_S/5T/short/run_0/config.json
    Saved aggregate metrics to /fslarge/scratch/users/h61084/codes/improved/outputs/results/expe_uni/seasonal_naive/univariate/Coastal_T_S/5T/short/run_0/metrics_summary.json
    Metrics summary (averaged over all series/windows/variates):
      MSE: 224.3421
      MAE: 3.4609
      RMSE: 4.4907
      MAPE: 0.1146
      sMAPE: 0.0811
      MASE: 1.2748
      ND: 0.0804
      CRPS: 0.0830
  Completed: 18 series x 120 windows
  Output: /fslarge/scratch/users/h61084/codes/improved/outputs/results/expe_uni/seasonal_naive/univariate/Coastal_T_S/5T/short/run_0

--- Term: medium ---
  Config: prediction_length=288, test_length=4320, val_length=4320
TIME run allocation action=new run=/fslarge/scratch/users/h61084/codes/improved/outputs/results/expe_uni/seasonal_naive/univariate/Coastal_T_S/5T/medium/run_0 launch_id=selena_20260905T115114Z_25365 slurm_job_id=3152740 launched_at=2026-09-05T12:03:27.043979+00:00
  Dataset info:
    - Frequency: 5T
    - Num series: 18
    - Target dim: 3
    - Target mode: univariate
    - Series length: min=44614, max=105408, avg=68604.9
    - Test split: 4320 steps
    - Prediction length: 288
    - Windows: 15
    - Season length: 288
    Total instances: 810, Series during experiment: 54, Windows: 15
    Collecting ground truth and context...
    Detected to_univariate case: 54 flat series -> 18 series x 3 variates
    Organizing data into arrays...
    Saved predictions (quantiles) to /fslarge/scratch/users/h61084/codes/improved/outputs/results/expe_uni/seasonal_naive/univariate/Coastal_T_S/5T/medium/run_0/predictions.npz
    Computing per-window metrics...
    Saved metrics to /fslarge/scratch/users/h61084/codes/improved/outputs/results/expe_uni/seasonal_naive/univariate/Coastal_T_S/5T/medium/run_0/metrics.npz
    Saved config to /fslarge/scratch/users/h61084/codes/improved/outputs/results/expe_uni/seasonal_naive/univariate/Coastal_T_S/5T/medium/run_0/config.json
    Saved aggregate metrics to /fslarge/scratch/users/h61084/codes/improved/outputs/results/expe_uni/seasonal_naive/univariate/Coastal_T_S/5T/medium/run_0/metrics_summary.json
    Metrics summary (averaged over all series/windows/variates):
      MSE: 222.1869
      MAE: 3.4412
      RMSE: 4.5257
      MAPE: 0.1133
      sMAPE: 0.0803
      MASE: 1.2765
      ND: 0.0787
      CRPS: 0.0822
  Completed: 18 series x 15 windows
  Output: /fslarge/scratch/users/h61084/codes/improved/outputs/results/expe_uni/seasonal_naive/univariate/Coastal_T_S/5T/medium/run_0

--- Term: long ---
  Config: prediction_length=864, test_length=4320, val_length=4320
TIME run allocation action=new run=/fslarge/scratch/users/h61084/codes/improved/outputs/results/expe_uni/seasonal_naive/univariate/Coastal_T_S/5T/long/run_0 launch_id=selena_20260905T115114Z_25365 slurm_job_id=3152740 launched_at=2026-09-05T12:04:27.404895+00:00
  Dataset info:
    - Frequency: 5T
    - Num series: 18
    - Target dim: 3
    - Target mode: univariate
    - Series length: min=44614, max=105408, avg=68604.9
    - Test split: 4320 steps
    - Prediction length: 864
    - Windows: 5
    - Season length: 288
    Total instances: 270, Series during experiment: 54, Windows: 5
    Collecting ground truth and context...
    Detected to_univariate case: 54 flat series -> 18 series x 3 variates
    Organizing data into arrays...
    Saved predictions (quantiles) to /fslarge/scratch/users/h61084/codes/improved/outputs/results/expe_uni/seasonal_naive/univariate/Coastal_T_S/5T/long/run_0/predictions.npz
    Computing per-window metrics...
    Saved metrics to /fslarge/scratch/users/h61084/codes/improved/outputs/results/expe_uni/seasonal_naive/univariate/Coastal_T_S/5T/long/run_0/metrics.npz
    Saved config to /fslarge/scratch/users/h61084/codes/improved/outputs/results/expe_uni/seasonal_naive/univariate/Coastal_T_S/5T/long/run_0/config.json
    Saved aggregate metrics to /fslarge/scratch/users/h61084/codes/improved/outputs/results/expe_uni/seasonal_naive/univariate/Coastal_T_S/5T/long/run_0/metrics_summary.json
    Metrics summary (averaged over all series/windows/variates):
      MSE: 239.9493
      MAE: 3.7889
      RMSE: 4.8904
      MAPE: 0.1226
      sMAPE: 0.0908
      MASE: 1.5439
      ND: 0.0870
      CRPS: 0.0933
  Completed: 18 series x 5 windows
  Output: /fslarge/scratch/users/h61084/codes/improved/outputs/results/expe_uni/seasonal_naive/univariate/Coastal_T_S/5T/long/run_0

============================================================
All experiments completed!
Results saved to: /scratch/users/h61084/codes/improved/outputs/results/expe_uni
============================================================

############################################################
# All 1 dataset(s) completed!
############################################################

############################################################
# Dataset 1/1: Coastal_T_S/15T
############################################################
Loading configuration...

============================================================
Model: Seasonal Naive
Dataset: Coastal_T_S/15T
Terms: ['short', 'medium', 'long']
============================================================

--- Term: short ---
  Config: prediction_length=12, test_length=1440, val_length=1440
TIME run allocation action=new run=/fslarge/scratch/users/h61084/codes/improved/outputs/results/expe_uni/seasonal_naive/univariate/Coastal_T_S/15T/short/run_0 launch_id=selena_20260905T115114Z_25365 slurm_job_id=3152740 launched_at=2026-09-05T12:05:27.888643+00:00
  Dataset info:
    - Frequency: 15T
    - Num series: 5
    - Target dim: 3
    - Target mode: univariate
    - Series length: min=16686, max=23134, avg=20870.2
    - Test split: 1440 steps
    - Prediction length: 12
    - Windows: 120
    - Season length: 96
    Total instances: 1800, Series during experiment: 15, Windows: 120
    Collecting ground truth and context...
    Detected to_univariate case: 15 flat series -> 5 series x 3 variates
    Organizing data into arrays...
    Saved predictions (quantiles) to /fslarge/scratch/users/h61084/codes/improved/outputs/results/expe_uni/seasonal_naive/univariate/Coastal_T_S/15T/short/run_0/predictions.npz
    Computing per-window metrics...
    Saved metrics to /fslarge/scratch/users/h61084/codes/improved/outputs/results/expe_uni/seasonal_naive/univariate/Coastal_T_S/15T/short/run_0/metrics.npz
    Saved config to /fslarge/scratch/users/h61084/codes/improved/outputs/results/expe_uni/seasonal_naive/univariate/Coastal_T_S/15T/short/run_0/config.json
    Saved aggregate metrics to /fslarge/scratch/users/h61084/codes/improved/outputs/results/expe_uni/seasonal_naive/univariate/Coastal_T_S/15T/short/run_0/metrics_summary.json
    Metrics summary (averaged over all series/windows/variates):
      MSE: 209.7081
      MAE: 5.0148
      RMSE: 6.6208
      MAPE: 0.1595
      sMAPE: 0.1248
      MASE: 1.4821
      ND: 0.1262
      CRPS: 0.1090
  Completed: 5 series x 120 windows
  Output: /fslarge/scratch/users/h61084/codes/improved/outputs/results/expe_uni/seasonal_naive/univariate/Coastal_T_S/15T/short/run_0

--- Term: medium ---
  Config: prediction_length=96, test_length=1440, val_length=1440
TIME run allocation action=new run=/fslarge/scratch/users/h61084/codes/improved/outputs/results/expe_uni/seasonal_naive/univariate/Coastal_T_S/15T/medium/run_0 launch_id=selena_20260905T115114Z_25365 slurm_job_id=3152740 launched_at=2026-09-05T12:05:42.974653+00:00
  Dataset info:
    - Frequency: 15T
    - Num series: 5
    - Target dim: 3
    - Target mode: univariate
    - Series length: min=16686, max=23134, avg=20870.2
    - Test split: 1440 steps
    - Prediction length: 96
    - Windows: 15
    - Season length: 96
    Total instances: 225, Series during experiment: 15, Windows: 15
    Collecting ground truth and context...
    Detected to_univariate case: 15 flat series -> 5 series x 3 variates
    Organizing data into arrays...
    Saved predictions (quantiles) to /fslarge/scratch/users/h61084/codes/improved/outputs/results/expe_uni/seasonal_naive/univariate/Coastal_T_S/15T/medium/run_0/predictions.npz
    Computing per-window metrics...
    Saved metrics to /fslarge/scratch/users/h61084/codes/improved/outputs/results/expe_uni/seasonal_naive/univariate/Coastal_T_S/15T/medium/run_0/metrics.npz
    Saved config to /fslarge/scratch/users/h61084/codes/improved/outputs/results/expe_uni/seasonal_naive/univariate/Coastal_T_S/15T/medium/run_0/config.json
    Saved aggregate metrics to /fslarge/scratch/users/h61084/codes/improved/outputs/results/expe_uni/seasonal_naive/univariate/Coastal_T_S/15T/medium/run_0/metrics_summary.json
    Metrics summary (averaged over all series/windows/variates):
      MSE: 212.0672
      MAE: 5.0613
      RMSE: 6.7350
      MAPE: 0.1587
      sMAPE: 0.1285
      MASE: 1.4919
      ND: 0.1243
      CRPS: 0.1071
  Completed: 5 series x 15 windows
  Output: /fslarge/scratch/users/h61084/codes/improved/outputs/results/expe_uni/seasonal_naive/univariate/Coastal_T_S/15T/medium/run_0

--- Term: long ---
  Config: prediction_length=288, test_length=1440, val_length=1440
TIME run allocation action=new run=/fslarge/scratch/users/h61084/codes/improved/outputs/results/expe_uni/seasonal_naive/univariate/Coastal_T_S/15T/long/run_0 launch_id=selena_20260905T115114Z_25365 slurm_job_id=3152740 launched_at=2026-09-05T12:05:49.087306+00:00
  Dataset info:
    - Frequency: 15T
    - Num series: 5
    - Target dim: 3
    - Target mode: univariate
    - Series length: min=16686, max=23134, avg=20870.2
    - Test split: 1440 steps
    - Prediction length: 288
    - Windows: 5
    - Season length: 96
    Total instances: 75, Series during experiment: 15, Windows: 5
    Collecting ground truth and context...
    Detected to_univariate case: 15 flat series -> 5 series x 3 variates
    Organizing data into arrays...
    Saved predictions (quantiles) to /fslarge/scratch/users/h61084/codes/improved/outputs/results/expe_uni/seasonal_naive/univariate/Coastal_T_S/15T/long/run_0/predictions.npz
    Computing per-window metrics...
    Saved metrics to /fslarge/scratch/users/h61084/codes/improved/outputs/results/expe_uni/seasonal_naive/univariate/Coastal_T_S/15T/long/run_0/metrics.npz
    Saved config to /fslarge/scratch/users/h61084/codes/improved/outputs/results/expe_uni/seasonal_naive/univariate/Coastal_T_S/15T/long/run_0/config.json
    Saved aggregate metrics to /fslarge/scratch/users/h61084/codes/improved/outputs/results/expe_uni/seasonal_naive/univariate/Coastal_T_S/15T/long/run_0/metrics_summary.json
    Metrics summary (averaged over all series/windows/variates):
      MSE: 218.6552
      MAE: 5.3362
      RMSE: 6.8851
      MAPE: 0.1708
      sMAPE: 0.1311
      MASE: 1.6518
      ND: 0.1314
      CRPS: 0.1101
  Completed: 5 series x 5 windows
  Output: /fslarge/scratch/users/h61084/codes/improved/outputs/results/expe_uni/seasonal_naive/univariate/Coastal_T_S/15T/long/run_0

============================================================
All experiments completed!
Results saved to: /scratch/users/h61084/codes/improved/outputs/results/expe_uni
============================================================

############################################################
# All 1 dataset(s) completed!
############################################################

############################################################
# Dataset 1/1: Coastal_T_S/20T
############################################################
Loading configuration...

============================================================
Model: Seasonal Naive
Dataset: Coastal_T_S/20T
Terms: ['short', 'medium', 'long']
============================================================

--- Term: short ---
  Config: prediction_length=9, test_length=1080, val_length=1080
TIME run allocation action=new run=/fslarge/scratch/users/h61084/codes/improved/outputs/results/expe_uni/seasonal_naive/univariate/Coastal_T_S/20T/short/run_0 launch_id=selena_20260905T115114Z_25365 slurm_job_id=3152740 launched_at=2026-09-05T12:05:57.760355+00:00
  Dataset info:
    - Frequency: 20T
    - Num series: 1
    - Target dim: 3
    - Target mode: univariate
    - Series length: min=8198, max=8198, avg=8198.0
    - Test split: 1080 steps
    - Prediction length: 9
    - Windows: 120
    - Season length: 72
    Total instances: 360, Series during experiment: 3, Windows: 120
    Collecting ground truth and context...
    Detected to_univariate case: 3 flat series -> 1 series x 3 variates
    Organizing data into arrays...
    Saved predictions (quantiles) to /fslarge/scratch/users/h61084/codes/improved/outputs/results/expe_uni/seasonal_naive/univariate/Coastal_T_S/20T/short/run_0/predictions.npz
    Computing per-window metrics...
    Saved metrics to /fslarge/scratch/users/h61084/codes/improved/outputs/results/expe_uni/seasonal_naive/univariate/Coastal_T_S/20T/short/run_0/metrics.npz
    Saved config to /fslarge/scratch/users/h61084/codes/improved/outputs/results/expe_uni/seasonal_naive/univariate/Coastal_T_S/20T/short/run_0/config.json
    Saved aggregate metrics to /fslarge/scratch/users/h61084/codes/improved/outputs/results/expe_uni/seasonal_naive/univariate/Coastal_T_S/20T/short/run_0/metrics_summary.json
    Metrics summary (averaged over all series/windows/variates):
      MSE: 0.0509
      MAE: 0.1665
      RMSE: 0.1757
      MAPE: 0.0068
      sMAPE: 0.0068
      MASE: 1.2819
      ND: 0.0068
      CRPS: 0.0055
  Completed: 1 series x 120 windows
  Output: /fslarge/scratch/users/h61084/codes/improved/outputs/results/expe_uni/seasonal_naive/univariate/Coastal_T_S/20T/short/run_0

--- Term: medium ---
  Config: prediction_length=72, test_length=1080, val_length=1080
TIME run allocation action=new run=/fslarge/scratch/users/h61084/codes/improved/outputs/results/expe_uni/seasonal_naive/univariate/Coastal_T_S/20T/medium/run_0 launch_id=selena_20260905T115114Z_25365 slurm_job_id=3152740 launched_at=2026-09-05T12:06:01.987943+00:00
  Dataset info:
    - Frequency: 20T
    - Num series: 1
    - Target dim: 3
    - Target mode: univariate
    - Series length: min=8198, max=8198, avg=8198.0
    - Test split: 1080 steps
    - Prediction length: 72
    - Windows: 15
    - Season length: 72
    Total instances: 45, Series during experiment: 3, Windows: 15
    Collecting ground truth and context...
    Detected to_univariate case: 3 flat series -> 1 series x 3 variates
    Organizing data into arrays...
    Saved predictions (quantiles) to /fslarge/scratch/users/h61084/codes/improved/outputs/results/expe_uni/seasonal_naive/univariate/Coastal_T_S/20T/medium/run_0/predictions.npz
    Computing per-window metrics...
    Saved metrics to /fslarge/scratch/users/h61084/codes/improved/outputs/results/expe_uni/seasonal_naive/univariate/Coastal_T_S/20T/medium/run_0/metrics.npz
    Saved config to /fslarge/scratch/users/h61084/codes/improved/outputs/results/expe_uni/seasonal_naive/univariate/Coastal_T_S/20T/medium/run_0/config.json
    Saved aggregate metrics to /fslarge/scratch/users/h61084/codes/improved/outputs/results/expe_uni/seasonal_naive/univariate/Coastal_T_S/20T/medium/run_0/metrics_summary.json
    Metrics summary (averaged over all series/windows/variates):
      MSE: 0.0500
      MAE: 0.1663
      RMSE: 0.1960
      MAPE: 0.0067
      sMAPE: 0.0068
      MASE: 1.2897
      ND: 0.0067
      CRPS: 0.0055
  Completed: 1 series x 15 windows
  Output: /fslarge/scratch/users/h61084/codes/improved/outputs/results/expe_uni/seasonal_naive/univariate/Coastal_T_S/20T/medium/run_0

--- Term: long ---
  Config: prediction_length=216, test_length=1080, val_length=1080
TIME run allocation action=new run=/fslarge/scratch/users/h61084/codes/improved/outputs/results/expe_uni/seasonal_naive/univariate/Coastal_T_S/20T/long/run_0 launch_id=selena_20260905T115114Z_25365 slurm_job_id=3152740 launched_at=2026-09-05T12:06:02.912346+00:00
  Dataset info:
    - Frequency: 20T
    - Num series: 1
    - Target dim: 3
    - Target mode: univariate
    - Series length: min=8198, max=8198, avg=8198.0
    - Test split: 1080 steps
    - Prediction length: 216
    - Windows: 5
    - Season length: 72
    Total instances: 15, Series during experiment: 3, Windows: 5
    Collecting ground truth and context...
    Detected to_univariate case: 3 flat series -> 1 series x 3 variates
    Organizing data into arrays...
    Saved predictions (quantiles) to /fslarge/scratch/users/h61084/codes/improved/outputs/results/expe_uni/seasonal_naive/univariate/Coastal_T_S/20T/long/run_0/predictions.npz
    Computing per-window metrics...
    Saved metrics to /fslarge/scratch/users/h61084/codes/improved/outputs/results/expe_uni/seasonal_naive/univariate/Coastal_T_S/20T/long/run_0/metrics.npz
    Saved config to /fslarge/scratch/users/h61084/codes/improved/outputs/results/expe_uni/seasonal_naive/univariate/Coastal_T_S/20T/long/run_0/config.json
    Saved aggregate metrics to /fslarge/scratch/users/h61084/codes/improved/outputs/results/expe_uni/seasonal_naive/univariate/Coastal_T_S/20T/long/run_0/metrics_summary.json
    Metrics summary (averaged over all series/windows/variates):
      MSE: 0.1141
      MAE: 0.2374
      RMSE: 0.3022
      MAPE: 0.0100
      sMAPE: 0.0100
      MASE: 1.7870
      ND: 0.0100
      CRPS: 0.0079
  Completed: 1 series x 5 windows
  Output: /fslarge/scratch/users/h61084/codes/improved/outputs/results/expe_uni/seasonal_naive/univariate/Coastal_T_S/20T/long/run_0

============================================================
All experiments completed!
Results saved to: /scratch/users/h61084/codes/improved/outputs/results/expe_uni
============================================================

############################################################
# All 1 dataset(s) completed!
############################################################

############################################################
# Dataset 1/1: Coastal_T_S/H
############################################################
Loading configuration...

============================================================
Model: Seasonal Naive
Dataset: Coastal_T_S/H
Terms: ['short', 'medium', 'long']
============================================================

--- Term: short ---
  Config: prediction_length=24, test_length=672, val_length=672
TIME run allocation action=new run=/fslarge/scratch/users/h61084/codes/improved/outputs/results/expe_uni/seasonal_naive/univariate/Coastal_T_S/H/short/run_0 launch_id=selena_20260905T115114Z_25365 slurm_job_id=3152740 launched_at=2026-09-05T12:06:07.103326+00:00
  Dataset info:
    - Frequency: H
    - Num series: 24
    - Target dim: 3
    - Target mode: univariate
    - Series length: min=2733, max=8784, avg=5488.8
    - Test split: 672 steps
    - Prediction length: 24
    - Windows: 28
    - Season length: 24
    Total instances: 2016, Series during experiment: 72, Windows: 28
    Collecting ground truth and context...
    Detected to_univariate case: 72 flat series -> 24 series x 3 variates
    Organizing data into arrays...
    Saved predictions (quantiles) to /fslarge/scratch/users/h61084/codes/improved/outputs/results/expe_uni/seasonal_naive/univariate/Coastal_T_S/H/short/run_0/predictions.npz
    Computing per-window metrics...
    Saved metrics to /fslarge/scratch/users/h61084/codes/improved/outputs/results/expe_uni/seasonal_naive/univariate/Coastal_T_S/H/short/run_0/metrics.npz
    Saved config to /fslarge/scratch/users/h61084/codes/improved/outputs/results/expe_uni/seasonal_naive/univariate/Coastal_T_S/H/short/run_0/config.json
    Saved aggregate metrics to /fslarge/scratch/users/h61084/codes/improved/outputs/results/expe_uni/seasonal_naive/univariate/Coastal_T_S/H/short/run_0/metrics_summary.json
    Metrics summary (averaged over all series/windows/variates):
      MSE: 28.0067
      MAE: 1.5748
      RMSE: 1.9243
      MAPE: 0.0410
      sMAPE: 0.0395
      MASE: 1.2417
      ND: 0.0389
      CRPS: 0.0357
  Completed: 24 series x 28 windows
  Output: /fslarge/scratch/users/h61084/codes/improved/outputs/results/expe_uni/seasonal_naive/univariate/Coastal_T_S/H/short/run_0

--- Term: medium ---
  Config: prediction_length=168, test_length=672, val_length=672
TIME run allocation action=new run=/fslarge/scratch/users/h61084/codes/improved/outputs/results/expe_uni/seasonal_naive/univariate/Coastal_T_S/H/medium/run_0 launch_id=selena_20260905T115114Z_25365 slurm_job_id=3152740 launched_at=2026-09-05T12:06:27.132027+00:00
  Dataset info:
    - Frequency: H
    - Num series: 24
    - Target dim: 3
    - Target mode: univariate
    - Series length: min=2733, max=8784, avg=5488.8
    - Test split: 672 steps
    - Prediction length: 168
    - Windows: 4
    - Season length: 24
    Total instances: 288, Series during experiment: 72, Windows: 4
    Collecting ground truth and context...
    Detected to_univariate case: 72 flat series -> 24 series x 3 variates
    Organizing data into arrays...
    Saved predictions (quantiles) to /fslarge/scratch/users/h61084/codes/improved/outputs/results/expe_uni/seasonal_naive/univariate/Coastal_T_S/H/medium/run_0/predictions.npz
    Computing per-window metrics...
    Saved metrics to /fslarge/scratch/users/h61084/codes/improved/outputs/results/expe_uni/seasonal_naive/univariate/Coastal_T_S/H/medium/run_0/metrics.npz
    Saved config to /fslarge/scratch/users/h61084/codes/improved/outputs/results/expe_uni/seasonal_naive/univariate/Coastal_T_S/H/medium/run_0/config.json
    Saved aggregate metrics to /fslarge/scratch/users/h61084/codes/improved/outputs/results/expe_uni/seasonal_naive/univariate/Coastal_T_S/H/medium/run_0/metrics_summary.json
    Metrics summary (averaged over all series/windows/variates):
      MSE: 36.6484
      MAE: 1.9174
      RMSE: 2.3783
      MAPE: 0.0546
      sMAPE: 0.0498
      MASE: 2.0943
      ND: 0.0522
      CRPS: 0.0523
  Completed: 24 series x 4 windows
  Output: /fslarge/scratch/users/h61084/codes/improved/outputs/results/expe_uni/seasonal_naive/univariate/Coastal_T_S/H/medium/run_0

--- Term: long ---
  Config: prediction_length=336, test_length=672, val_length=672
TIME run allocation action=new run=/fslarge/scratch/users/h61084/codes/improved/outputs/results/expe_uni/seasonal_naive/univariate/Coastal_T_S/H/long/run_0 launch_id=selena_20260905T115114Z_25365 slurm_job_id=3152740 launched_at=2026-09-05T12:06:39.349870+00:00
  Dataset info:
    - Frequency: H
    - Num series: 24
    - Target dim: 3
    - Target mode: univariate
    - Series length: min=2733, max=8784, avg=5488.8
    - Test split: 672 steps
    - Prediction length: 336
    - Windows: 2
    - Season length: 24
    Total instances: 144, Series during experiment: 72, Windows: 2
    Collecting ground truth and context...
    Detected to_univariate case: 72 flat series -> 24 series x 3 variates
    Organizing data into arrays...
    Saved predictions (quantiles) to /fslarge/scratch/users/h61084/codes/improved/outputs/results/expe_uni/seasonal_naive/univariate/Coastal_T_S/H/long/run_0/predictions.npz
    Computing per-window metrics...
    Saved metrics to /fslarge/scratch/users/h61084/codes/improved/outputs/results/expe_uni/seasonal_naive/univariate/Coastal_T_S/H/long/run_0/metrics.npz
    Saved config to /fslarge/scratch/users/h61084/codes/improved/outputs/results/expe_uni/seasonal_naive/univariate/Coastal_T_S/H/long/run_0/config.json
    Saved aggregate metrics to /fslarge/scratch/users/h61084/codes/improved/outputs/results/expe_uni/seasonal_naive/univariate/Coastal_T_S/H/long/run_0/metrics_summary.json
    Metrics summary (averaged over all series/windows/variates):
      MSE: 35.1666
      MAE: 2.0831
      RMSE: 2.5556
      MAPE: 0.0591
      sMAPE: 0.0554
      MASE: 2.7435
      ND: 0.0550
      CRPS: 0.0618
  Completed: 24 series x 2 windows
  Output: /fslarge/scratch/users/h61084/codes/improved/outputs/results/expe_uni/seasonal_naive/univariate/Coastal_T_S/H/long/run_0

============================================================
All experiments completed!
Results saved to: /scratch/users/h61084/codes/improved/outputs/results/expe_uni
============================================================

############################################################
# All 1 dataset(s) completed!
############################################################

############################################################
# Dataset 1/1: SG_Weather/D
############################################################
Loading configuration...

============================================================
Model: Seasonal Naive
Dataset: SG_Weather/D
Terms: ['short', 'medium', 'long']
============================================================

--- Term: short ---
  Config: prediction_length=3, test_length=366, val_length=366
TIME run allocation action=new run=/fslarge/scratch/users/h61084/codes/improved/outputs/results/expe_uni/seasonal_naive/univariate/SG_Weather/D/short/run_0 launch_id=selena_20260905T115114Z_25365 slurm_job_id=3152740 launched_at=2026-09-05T12:06:54.281510+00:00
  Dataset info:
    - Frequency: D
    - Num series: 6
    - Target dim: 4
    - Target mode: univariate
    - Series length: min=2953, max=2953, avg=2953.0
    - Test split: 366 steps
    - Prediction length: 3
    - Windows: 122
    - Season length: 1
    Total instances: 2928, Series during experiment: 24, Windows: 122
    Collecting ground truth and context...
    Detected to_univariate case: 24 flat series -> 6 series x 4 variates
    Organizing data into arrays...
    Saved predictions (quantiles) to /fslarge/scratch/users/h61084/codes/improved/outputs/results/expe_uni/seasonal_naive/univariate/SG_Weather/D/short/run_0/predictions.npz
    Computing per-window metrics...
    Saved metrics to /fslarge/scratch/users/h61084/codes/improved/outputs/results/expe_uni/seasonal_naive/univariate/SG_Weather/D/short/run_0/metrics.npz
    Saved config to /fslarge/scratch/users/h61084/codes/improved/outputs/results/expe_uni/seasonal_naive/univariate/SG_Weather/D/short/run_0/config.json
    Saved aggregate metrics to /fslarge/scratch/users/h61084/codes/improved/outputs/results/expe_uni/seasonal_naive/univariate/SG_Weather/D/short/run_0/metrics_summary.json
    Metrics summary (averaged over all series/windows/variates):
      MSE: 3716.2783
      MAE: 22.5243
      RMSE: 25.9332
      MAPE: 0.5263
      sMAPE: 0.2836
      MASE: 1.0903
      ND: 0.3241
      CRPS: 0.2978
  Completed: 6 series x 122 windows
  Output: /fslarge/scratch/users/h61084/codes/improved/outputs/results/expe_uni/seasonal_naive/univariate/SG_Weather/D/short/run_0

--- Term: medium ---
  Config: prediction_length=7, test_length=366, val_length=366
TIME run allocation action=new run=/fslarge/scratch/users/h61084/codes/improved/outputs/results/expe_uni/seasonal_naive/univariate/SG_Weather/D/medium/run_0 launch_id=selena_20260905T115114Z_25365 slurm_job_id=3152740 launched_at=2026-09-05T12:07:07.823673+00:00
  Dataset info:
    - Frequency: D
    - Num series: 6
    - Target dim: 4
    - Target mode: univariate
    - Series length: min=2953, max=2953, avg=2953.0
    - Test split: 366 steps
    - Prediction length: 7
    - Windows: 52
    - Season length: 1
    Total instances: 1248, Series during experiment: 24, Windows: 52
    Collecting ground truth and context...
    Detected to_univariate case: 24 flat series -> 6 series x 4 variates
    Organizing data into arrays...
    Saved predictions (quantiles) to /fslarge/scratch/users/h61084/codes/improved/outputs/results/expe_uni/seasonal_naive/univariate/SG_Weather/D/medium/run_0/predictions.npz
    Computing per-window metrics...
    Saved metrics to /fslarge/scratch/users/h61084/codes/improved/outputs/results/expe_uni/seasonal_naive/univariate/SG_Weather/D/medium/run_0/metrics.npz
    Saved config to /fslarge/scratch/users/h61084/codes/improved/outputs/results/expe_uni/seasonal_naive/univariate/SG_Weather/D/medium/run_0/config.json
    Saved aggregate metrics to /fslarge/scratch/users/h61084/codes/improved/outputs/results/expe_uni/seasonal_naive/univariate/SG_Weather/D/medium/run_0/metrics_summary.json
    Metrics summary (averaged over all series/windows/variates):
      MSE: 4284.7605
      MAE: 25.4977
      RMSE: 30.3248
      MAPE: 0.5855
      sMAPE: 0.3147
      MASE: 1.2222
      ND: 0.3380
      CRPS: 0.3177
  Completed: 6 series x 52 windows
  Output: /fslarge/scratch/users/h61084/codes/improved/outputs/results/expe_uni/seasonal_naive/univariate/SG_Weather/D/medium/run_0

--- Term: long ---
  Config: prediction_length=14, test_length=366, val_length=366
TIME run allocation action=new run=/fslarge/scratch/users/h61084/codes/improved/outputs/results/expe_uni/seasonal_naive/univariate/SG_Weather/D/long/run_0 launch_id=selena_20260905T115114Z_25365 slurm_job_id=3152740 launched_at=2026-09-05T12:07:13.806590+00:00
  Dataset info:
    - Frequency: D
    - Num series: 6
    - Target dim: 4
    - Target mode: univariate
    - Series length: min=2953, max=2953, avg=2953.0
    - Test split: 366 steps
    - Prediction length: 14
    - Windows: 26
    - Season length: 1
    Total instances: 624, Series during experiment: 24, Windows: 26
    Collecting ground truth and context...
    Detected to_univariate case: 24 flat series -> 6 series x 4 variates
    Organizing data into arrays...
    Saved predictions (quantiles) to /fslarge/scratch/users/h61084/codes/improved/outputs/results/expe_uni/seasonal_naive/univariate/SG_Weather/D/long/run_0/predictions.npz
    Computing per-window metrics...
    Saved metrics to /fslarge/scratch/users/h61084/codes/improved/outputs/results/expe_uni/seasonal_naive/univariate/SG_Weather/D/long/run_0/metrics.npz
    Saved config to /fslarge/scratch/users/h61084/codes/improved/outputs/results/expe_uni/seasonal_naive/univariate/SG_Weather/D/long/run_0/config.json
    Saved aggregate metrics to /fslarge/scratch/users/h61084/codes/improved/outputs/results/expe_uni/seasonal_naive/univariate/SG_Weather/D/long/run_0/metrics_summary.json
    Metrics summary (averaged over all series/windows/variates):
      MSE: 4371.2440
      MAE: 25.6812
      RMSE: 31.1871
      MAPE: 0.5824
      sMAPE: 0.3252
      MASE: 1.2777
      ND: 0.3255
      CRPS: 0.3476
  Completed: 6 series x 26 windows
  Output: /fslarge/scratch/users/h61084/codes/improved/outputs/results/expe_uni/seasonal_naive/univariate/SG_Weather/D/long/run_0

============================================================
All experiments completed!
Results saved to: /scratch/users/h61084/codes/improved/outputs/results/expe_uni
============================================================

############################################################
# All 1 dataset(s) completed!
############################################################

############################################################
# Dataset 1/1: SG_PM25/H
############################################################
Loading configuration...

============================================================
Model: Seasonal Naive
Dataset: SG_PM25/H
Terms: ['short', 'medium', 'long']
============================================================

--- Term: short ---
  Config: prediction_length=24, test_length=2208, val_length=2160
TIME run allocation action=new run=/fslarge/scratch/users/h61084/codes/improved/outputs/results/expe_uni/seasonal_naive/univariate/SG_PM25/H/short/run_0 launch_id=selena_20260905T115114Z_25365 slurm_job_id=3152740 launched_at=2026-09-05T12:07:21.338598+00:00
  Dataset info:
    - Frequency: H
    - Num series: 1
    - Target dim: 5
    - Target mode: univariate
    - Series length: min=38688, max=38688, avg=38688.0
    - Test split: 2208 steps
    - Prediction length: 24
    - Windows: 92
    - Season length: 24
    Total instances: 460, Series during experiment: 5, Windows: 92
    Collecting ground truth and context...
    Detected to_univariate case: 5 flat series -> 1 series x 5 variates
    Organizing data into arrays...
    Saved predictions (quantiles) to /fslarge/scratch/users/h61084/codes/improved/outputs/results/expe_uni/seasonal_naive/univariate/SG_PM25/H/short/run_0/predictions.npz
    Computing per-window metrics...
    Saved metrics to /fslarge/scratch/users/h61084/codes/improved/outputs/results/expe_uni/seasonal_naive/univariate/SG_PM25/H/short/run_0/metrics.npz
    Saved config to /fslarge/scratch/users/h61084/codes/improved/outputs/results/expe_uni/seasonal_naive/univariate/SG_PM25/H/short/run_0/config.json
    Saved aggregate metrics to /fslarge/scratch/users/h61084/codes/improved/outputs/results/expe_uni/seasonal_naive/univariate/SG_PM25/H/short/run_0/metrics_summary.json
    Metrics summary (averaged over all series/windows/variates):
      MSE: 71.5585
      MAE: 6.2614
      RMSE: 7.7920
      MAPE: 0.6839
      sMAPE: 0.5227
      MASE: 1.1849
      ND: 0.5430
      CRPS: 0.4341
  Completed: 1 series x 92 windows
  Output: /fslarge/scratch/users/h61084/codes/improved/outputs/results/expe_uni/seasonal_naive/univariate/SG_PM25/H/short/run_0

--- Term: medium ---
  Config: prediction_length=72, test_length=2208, val_length=2160
TIME run allocation action=new run=/fslarge/scratch/users/h61084/codes/improved/outputs/results/expe_uni/seasonal_naive/univariate/SG_PM25/H/medium/run_0 launch_id=selena_20260905T115114Z_25365 slurm_job_id=3152740 launched_at=2026-09-05T12:07:28.933589+00:00
  Dataset info:
    - Frequency: H
    - Num series: 1
    - Target dim: 5
    - Target mode: univariate
    - Series length: min=38688, max=38688, avg=38688.0
    - Test split: 2208 steps
    - Prediction length: 72
    - Windows: 30
    - Season length: 24
    Total instances: 150, Series during experiment: 5, Windows: 30
    Collecting ground truth and context...
    Detected to_univariate case: 5 flat series -> 1 series x 5 variates
    Organizing data into arrays...
    Saved predictions (quantiles) to /fslarge/scratch/users/h61084/codes/improved/outputs/results/expe_uni/seasonal_naive/univariate/SG_PM25/H/medium/run_0/predictions.npz
    Computing per-window metrics...
    Saved metrics to /fslarge/scratch/users/h61084/codes/improved/outputs/results/expe_uni/seasonal_naive/univariate/SG_PM25/H/medium/run_0/metrics.npz
    Saved config to /fslarge/scratch/users/h61084/codes/improved/outputs/results/expe_uni/seasonal_naive/univariate/SG_PM25/H/medium/run_0/config.json
    Saved aggregate metrics to /fslarge/scratch/users/h61084/codes/improved/outputs/results/expe_uni/seasonal_naive/univariate/SG_PM25/H/medium/run_0/metrics_summary.json
    Metrics summary (averaged over all series/windows/variates):
      MSE: 73.1951
      MAE: 6.3594
      RMSE: 8.0359
      MAPE: 0.6826
      sMAPE: 0.5318
      MASE: 1.2018
      ND: 0.5309
      CRPS: 0.4376
  Completed: 1 series x 30 windows
  Output: /fslarge/scratch/users/h61084/codes/improved/outputs/results/expe_uni/seasonal_naive/univariate/SG_PM25/H/medium/run_0

--- Term: long ---
  Config: prediction_length=168, test_length=2208, val_length=2160
TIME run allocation action=new run=/fslarge/scratch/users/h61084/codes/improved/outputs/results/expe_uni/seasonal_naive/univariate/SG_PM25/H/long/run_0 launch_id=selena_20260905T115114Z_25365 slurm_job_id=3152740 launched_at=2026-09-05T12:07:32.365288+00:00
  Dataset info:
    - Frequency: H
    - Num series: 1
    - Target dim: 5
    - Target mode: univariate
    - Series length: min=38688, max=38688, avg=38688.0
    - Test split: 2208 steps
    - Prediction length: 168
    - Windows: 13
    - Season length: 24
    Total instances: 65, Series during experiment: 5, Windows: 13
    Collecting ground truth and context...
    Detected to_univariate case: 5 flat series -> 1 series x 5 variates
    Organizing data into arrays...
    Saved predictions (quantiles) to /fslarge/scratch/users/h61084/codes/improved/outputs/results/expe_uni/seasonal_naive/univariate/SG_PM25/H/long/run_0/predictions.npz
    Computing per-window metrics...
    Saved metrics to /fslarge/scratch/users/h61084/codes/improved/outputs/results/expe_uni/seasonal_naive/univariate/SG_PM25/H/long/run_0/metrics.npz
    Saved config to /fslarge/scratch/users/h61084/codes/improved/outputs/results/expe_uni/seasonal_naive/univariate/SG_PM25/H/long/run_0/config.json
    Saved aggregate metrics to /fslarge/scratch/users/h61084/codes/improved/outputs/results/expe_uni/seasonal_naive/univariate/SG_PM25/H/long/run_0/metrics_summary.json
    Metrics summary (averaged over all series/windows/variates):
      MSE: 84.0792
      MAE: 6.9782
      RMSE: 8.8318
      MAPE: 0.7874
      sMAPE: 0.5720
      MASE: 1.3184
      ND: 0.5827
      CRPS: 0.5008
  Completed: 1 series x 13 windows
  Output: /fslarge/scratch/users/h61084/codes/improved/outputs/results/expe_uni/seasonal_naive/univariate/SG_PM25/H/long/run_0

============================================================
All experiments completed!
Results saved to: /scratch/users/h61084/codes/improved/outputs/results/expe_uni
============================================================

############################################################
# All 1 dataset(s) completed!
############################################################

############################################################
# Dataset 1/1: NE_China_Wind/H
############################################################
Loading configuration...

============================================================
Model: Seasonal Naive
Dataset: NE_China_Wind/H
Terms: ['short', 'medium', 'long']
============================================================

--- Term: short ---
  Config: prediction_length=24, test_length=720, val_length=720
TIME run allocation action=new run=/fslarge/scratch/users/h61084/codes/improved/outputs/results/expe_uni/seasonal_naive/univariate/NE_China_Wind/H/short/run_0 launch_id=selena_20260905T115114Z_25365 slurm_job_id=3152740 launched_at=2026-09-05T12:07:38.655287+00:00
  Dataset info:
    - Frequency: H
    - Num series: 1
    - Target dim: 4
    - Target mode: univariate
    - Series length: min=8764, max=8764, avg=8764.0
    - Test split: 720 steps
    - Prediction length: 24
    - Windows: 30
    - Season length: 24
    Total instances: 120, Series during experiment: 4, Windows: 30
    Collecting ground truth and context...
    Detected to_univariate case: 4 flat series -> 1 series x 4 variates
    Organizing data into arrays...
    Saved predictions (quantiles) to /fslarge/scratch/users/h61084/codes/improved/outputs/results/expe_uni/seasonal_naive/univariate/NE_China_Wind/H/short/run_0/predictions.npz
    Computing per-window metrics...
    Saved metrics to /fslarge/scratch/users/h61084/codes/improved/outputs/results/expe_uni/seasonal_naive/univariate/NE_China_Wind/H/short/run_0/metrics.npz
    Saved config to /fslarge/scratch/users/h61084/codes/improved/outputs/results/expe_uni/seasonal_naive/univariate/NE_China_Wind/H/short/run_0/config.json
    Saved aggregate metrics to /fslarge/scratch/users/h61084/codes/improved/outputs/results/expe_uni/seasonal_naive/univariate/NE_China_Wind/H/short/run_0/metrics_summary.json
    Metrics summary (averaged over all series/windows/variates):
      MSE: 0.2691
      MAE: 0.3633
      RMSE: 0.4074
      MAPE: 1.6947
      sMAPE: 0.6427
      MASE: 0.8433
      ND: 0.7749
      CRPS: 0.6315
  Completed: 1 series x 30 windows
  Output: /fslarge/scratch/users/h61084/codes/improved/outputs/results/expe_uni/seasonal_naive/univariate/NE_China_Wind/H/short/run_0

--- Term: medium ---
  Config: prediction_length=72, test_length=720, val_length=720
TIME run allocation action=new run=/fslarge/scratch/users/h61084/codes/improved/outputs/results/expe_uni/seasonal_naive/univariate/NE_China_Wind/H/medium/run_0 launch_id=selena_20260905T115114Z_25365 slurm_job_id=3152740 launched_at=2026-09-05T12:07:41.962668+00:00
  Dataset info:
    - Frequency: H
    - Num series: 1
    - Target dim: 4
    - Target mode: univariate
    - Series length: min=8764, max=8764, avg=8764.0
    - Test split: 720 steps
    - Prediction length: 72
    - Windows: 10
    - Season length: 24
    Total instances: 40, Series during experiment: 4, Windows: 10
    Collecting ground truth and context...
    Detected to_univariate case: 4 flat series -> 1 series x 4 variates
    Organizing data into arrays...
    Saved predictions (quantiles) to /fslarge/scratch/users/h61084/codes/improved/outputs/results/expe_uni/seasonal_naive/univariate/NE_China_Wind/H/medium/run_0/predictions.npz
    Computing per-window metrics...
    Saved metrics to /fslarge/scratch/users/h61084/codes/improved/outputs/results/expe_uni/seasonal_naive/univariate/NE_China_Wind/H/medium/run_0/metrics.npz
    Saved config to /fslarge/scratch/users/h61084/codes/improved/outputs/results/expe_uni/seasonal_naive/univariate/NE_China_Wind/H/medium/run_0/config.json
    Saved aggregate metrics to /fslarge/scratch/users/h61084/codes/improved/outputs/results/expe_uni/seasonal_naive/univariate/NE_China_Wind/H/medium/run_0/metrics_summary.json
    Metrics summary (averaged over all series/windows/variates):
      MSE: 0.3867
      MAE: 0.4599
      RMSE: 0.5239
      MAPE: 1.7094
      sMAPE: 0.7722
      MASE: 1.1035
      ND: 0.7338
      CRPS: 0.6526
  Completed: 1 series x 10 windows
  Output: /fslarge/scratch/users/h61084/codes/improved/outputs/results/expe_uni/seasonal_naive/univariate/NE_China_Wind/H/medium/run_0

--- Term: long ---
  Config: prediction_length=168, test_length=720, val_length=720
TIME run allocation action=new run=/fslarge/scratch/users/h61084/codes/improved/outputs/results/expe_uni/seasonal_naive/univariate/NE_China_Wind/H/long/run_0 launch_id=selena_20260905T115114Z_25365 slurm_job_id=3152740 launched_at=2026-09-05T12:07:42.795631+00:00
  Dataset info:
    - Frequency: H
    - Num series: 1
    - Target dim: 4
    - Target mode: univariate
    - Series length: min=8764, max=8764, avg=8764.0
    - Test split: 720 steps
    - Prediction length: 168
    - Windows: 4
    - Season length: 24
    Total instances: 16, Series during experiment: 4, Windows: 4
    Collecting ground truth and context...
    Detected to_univariate case: 4 flat series -> 1 series x 4 variates
    Organizing data into arrays...
    Saved predictions (quantiles) to /fslarge/scratch/users/h61084/codes/improved/outputs/results/expe_uni/seasonal_naive/univariate/NE_China_Wind/H/long/run_0/predictions.npz
    Computing per-window metrics...
    Saved metrics to /fslarge/scratch/users/h61084/codes/improved/outputs/results/expe_uni/seasonal_naive/univariate/NE_China_Wind/H/long/run_0/metrics.npz
    Saved config to /fslarge/scratch/users/h61084/codes/improved/outputs/results/expe_uni/seasonal_naive/univariate/NE_China_Wind/H/long/run_0/config.json
    Saved aggregate metrics to /fslarge/scratch/users/h61084/codes/improved/outputs/results/expe_uni/seasonal_naive/univariate/NE_China_Wind/H/long/run_0/metrics_summary.json
    Metrics summary (averaged over all series/windows/variates):
      MSE: 0.4305
      MAE: 0.4989
      RMSE: 0.6115
      MAPE: 1.7644
      sMAPE: 0.7773
      MASE: 1.3239
      ND: 0.6784
      CRPS: 0.6461
  Completed: 1 series x 4 windows
  Output: /fslarge/scratch/users/h61084/codes/improved/outputs/results/expe_uni/seasonal_naive/univariate/NE_China_Wind/H/long/run_0

============================================================
All experiments completed!
Results saved to: /scratch/users/h61084/codes/improved/outputs/results/expe_uni
============================================================

############################################################
# All 1 dataset(s) completed!
############################################################

############################################################
# Dataset 1/1: Australia_Solar/H
############################################################
Loading configuration...

============================================================
Model: Seasonal Naive
Dataset: Australia_Solar/H
Terms: ['short', 'medium', 'long']
============================================================

--- Term: short ---
  Config: prediction_length=24, test_length=2520, val_length=2520
TIME run allocation action=new run=/fslarge/scratch/users/h61084/codes/improved/outputs/results/expe_uni/seasonal_naive/univariate/Australia_Solar/H/short/run_0 launch_id=selena_20260905T115114Z_25365 slurm_job_id=3152740 launched_at=2026-09-05T12:07:46.884069+00:00
  Dataset info:
    - Frequency: H
    - Num series: 1
    - Target dim: 3
    - Target mode: univariate
    - Series length: min=35064, max=35064, avg=35064.0
    - Test split: 2520 steps
    - Prediction length: 24
    - Windows: 105
    - Season length: 24
    Total instances: 315, Series during experiment: 3, Windows: 105
    Collecting ground truth and context...
    Detected to_univariate case: 3 flat series -> 1 series x 3 variates
    Organizing data into arrays...
    ⚠️  Predictions max value (2213025.75) exceeds float16 safe range.
    ⚠️  Applying scale factor: 100 (values will be divided)
    Saved predictions (quantiles) to /fslarge/scratch/users/h61084/codes/improved/outputs/results/expe_uni/seasonal_naive/univariate/Australia_Solar/H/short/run_0/predictions.npz
    Computing per-window metrics...
    Saved metrics to /fslarge/scratch/users/h61084/codes/improved/outputs/results/expe_uni/seasonal_naive/univariate/Australia_Solar/H/short/run_0/metrics.npz
    Saved config to /fslarge/scratch/users/h61084/codes/improved/outputs/results/expe_uni/seasonal_naive/univariate/Australia_Solar/H/short/run_0/config.json
    Saved aggregate metrics to /fslarge/scratch/users/h61084/codes/improved/outputs/results/expe_uni/seasonal_naive/univariate/Australia_Solar/H/short/run_0/metrics_summary.json
    Metrics summary (averaged over all series/windows/variates):
      MSE: 39209912792.9936
      MAE: 99617.1741
      RMSE: 130010.8312
      MAPE: 1232.4670
      sMAPE: 0.6330
      MASE: 0.7032
      ND: 0.3580
      CRPS: 0.3162
  Completed: 1 series x 105 windows
  Output: /fslarge/scratch/users/h61084/codes/improved/outputs/results/expe_uni/seasonal_naive/univariate/Australia_Solar/H/short/run_0

--- Term: medium ---
  Config: prediction_length=72, test_length=2520, val_length=2520
TIME run allocation action=new run=/fslarge/scratch/users/h61084/codes/improved/outputs/results/expe_uni/seasonal_naive/univariate/Australia_Solar/H/medium/run_0 launch_id=selena_20260905T115114Z_25365 slurm_job_id=3152740 launched_at=2026-09-05T12:07:52.493393+00:00
  Dataset info:
    - Frequency: H
    - Num series: 1
    - Target dim: 3
    - Target mode: univariate
    - Series length: min=35064, max=35064, avg=35064.0
    - Test split: 2520 steps
    - Prediction length: 72
    - Windows: 35
    - Season length: 24
    Total instances: 105, Series during experiment: 3, Windows: 35
    Collecting ground truth and context...
    Detected to_univariate case: 3 flat series -> 1 series x 3 variates
    Organizing data into arrays...
    ⚠️  Predictions max value (2454677.75) exceeds float16 safe range.
    ⚠️  Applying scale factor: 100 (values will be divided)
    Saved predictions (quantiles) to /fslarge/scratch/users/h61084/codes/improved/outputs/results/expe_uni/seasonal_naive/univariate/Australia_Solar/H/medium/run_0/predictions.npz
    Computing per-window metrics...
    Saved metrics to /fslarge/scratch/users/h61084/codes/improved/outputs/results/expe_uni/seasonal_naive/univariate/Australia_Solar/H/medium/run_0/metrics.npz
    Saved config to /fslarge/scratch/users/h61084/codes/improved/outputs/results/expe_uni/seasonal_naive/univariate/Australia_Solar/H/medium/run_0/config.json
    Saved aggregate metrics to /fslarge/scratch/users/h61084/codes/improved/outputs/results/expe_uni/seasonal_naive/univariate/Australia_Solar/H/medium/run_0/metrics_summary.json
    Metrics summary (averaged over all series/windows/variates):
      MSE: 43810081425.7424
      MAE: 110961.6193
      RMSE: 153564.9641
      MAPE: 1361.7893
      sMAPE: 0.6834
      MASE: 0.7900
      ND: 0.3469
      CRPS: 0.3108
  Completed: 1 series x 35 windows
  Output: /fslarge/scratch/users/h61084/codes/improved/outputs/results/expe_uni/seasonal_naive/univariate/Australia_Solar/H/medium/run_0

--- Term: long ---
  Config: prediction_length=168, test_length=2520, val_length=2520
TIME run allocation action=new run=/fslarge/scratch/users/h61084/codes/improved/outputs/results/expe_uni/seasonal_naive/univariate/Australia_Solar/H/long/run_0 launch_id=selena_20260905T115114Z_25365 slurm_job_id=3152740 launched_at=2026-09-05T12:07:54.811398+00:00
  Dataset info:
    - Frequency: H
    - Num series: 1
    - Target dim: 3
    - Target mode: univariate
    - Series length: min=35064, max=35064, avg=35064.0
    - Test split: 2520 steps
    - Prediction length: 168
    - Windows: 15
    - Season length: 24
    Total instances: 45, Series during experiment: 3, Windows: 15
    Collecting ground truth and context...
    Detected to_univariate case: 3 flat series -> 1 series x 3 variates
    Organizing data into arrays...
    ⚠️  Predictions max value (2589712.00) exceeds float16 safe range.
    ⚠️  Applying scale factor: 100 (values will be divided)
    Saved predictions (quantiles) to /fslarge/scratch/users/h61084/codes/improved/outputs/results/expe_uni/seasonal_naive/univariate/Australia_Solar/H/long/run_0/predictions.npz
    Computing per-window metrics...
    Saved metrics to /fslarge/scratch/users/h61084/codes/improved/outputs/results/expe_uni/seasonal_naive/univariate/Australia_Solar/H/long/run_0/metrics.npz
    Saved config to /fslarge/scratch/users/h61084/codes/improved/outputs/results/expe_uni/seasonal_naive/univariate/Australia_Solar/H/long/run_0/config.json
    Saved aggregate metrics to /fslarge/scratch/users/h61084/codes/improved/outputs/results/expe_uni/seasonal_naive/univariate/Australia_Solar/H/long/run_0/metrics_summary.json
    Metrics summary (averaged over all series/windows/variates):
      MSE: 34050177465.1657
      MAE: 98585.0337
      RMSE: 144682.2409
      MAPE: 730.2075
      sMAPE: 0.6639
      MASE: 0.7220
      ND: 0.3135
      CRPS: 0.3082
  Completed: 1 series x 15 windows
  Output: /fslarge/scratch/users/h61084/codes/improved/outputs/results/expe_uni/seasonal_naive/univariate/Australia_Solar/H/long/run_0

============================================================
All experiments completed!
Results saved to: /scratch/users/h61084/codes/improved/outputs/results/expe_uni
============================================================

############################################################
# All 1 dataset(s) completed!
############################################################

############################################################
# Dataset 1/1: epf_electricity_price/H
############################################################
Loading configuration...

============================================================
Model: Seasonal Naive
Dataset: epf_electricity_price/H
Terms: ['short', 'medium', 'long']
============================================================

--- Term: short ---
  Config: prediction_length=24, test_length=2520, val_length=2520
TIME run allocation action=new run=/fslarge/scratch/users/h61084/codes/improved/outputs/results/expe_uni/seasonal_naive/univariate/epf_electricity_price/H/short/run_0 launch_id=selena_20260905T115114Z_25365 slurm_job_id=3152740 launched_at=2026-09-05T12:08:00.170286+00:00
  Dataset info:
    - Frequency: H
    - Num series: 5
    - Target dim: 1
    - Target mode: univariate
    - Series length: min=52416, max=52416, avg=52416.0
    - Test split: 2520 steps
    - Prediction length: 24
    - Windows: 105
    - Season length: 24
    Total instances: 525, Series during experiment: 5, Windows: 105
    Collecting ground truth and context...
    Organizing data into arrays...
    Saved predictions (quantiles) to /fslarge/scratch/users/h61084/codes/improved/outputs/results/expe_uni/seasonal_naive/univariate/epf_electricity_price/H/short/run_0/predictions.npz
    Computing per-window metrics...
    Saved metrics to /fslarge/scratch/users/h61084/codes/improved/outputs/results/expe_uni/seasonal_naive/univariate/epf_electricity_price/H/short/run_0/metrics.npz
    Saved config to /fslarge/scratch/users/h61084/codes/improved/outputs/results/expe_uni/seasonal_naive/univariate/epf_electricity_price/H/short/run_0/config.json
    Saved aggregate metrics to /fslarge/scratch/users/h61084/codes/improved/outputs/results/expe_uni/seasonal_naive/univariate/epf_electricity_price/H/short/run_0/metrics_summary.json
    Metrics summary (averaged over all series/windows/variates):
      MSE: 255.7436
      MAE: 9.3187
      RMSE: 11.4845
      MAPE: 1.6697
      sMAPE: 0.2337
      MASE: 1.4547
      ND: 0.2388
      CRPS: 0.1977
  Completed: 5 series x 105 windows
  Output: /fslarge/scratch/users/h61084/codes/improved/outputs/results/expe_uni/seasonal_naive/univariate/epf_electricity_price/H/short/run_0

--- Term: medium ---
  Config: prediction_length=72, test_length=2520, val_length=2520
TIME run allocation action=new run=/fslarge/scratch/users/h61084/codes/improved/outputs/results/expe_uni/seasonal_naive/univariate/epf_electricity_price/H/medium/run_0 launch_id=selena_20260905T115114Z_25365 slurm_job_id=3152740 launched_at=2026-09-05T12:08:08.538313+00:00
  Dataset info:
    - Frequency: H
    - Num series: 5
    - Target dim: 1
    - Target mode: univariate
    - Series length: min=52416, max=52416, avg=52416.0
    - Test split: 2520 steps
    - Prediction length: 72
    - Windows: 35
    - Season length: 24
    Total instances: 175, Series during experiment: 5, Windows: 35
    Collecting ground truth and context...
    Organizing data into arrays...
    Saved predictions (quantiles) to /fslarge/scratch/users/h61084/codes/improved/outputs/results/expe_uni/seasonal_naive/univariate/epf_electricity_price/H/medium/run_0/predictions.npz
    Computing per-window metrics...
    Saved metrics to /fslarge/scratch/users/h61084/codes/improved/outputs/results/expe_uni/seasonal_naive/univariate/epf_electricity_price/H/medium/run_0/metrics.npz
    Saved config to /fslarge/scratch/users/h61084/codes/improved/outputs/results/expe_uni/seasonal_naive/univariate/epf_electricity_price/H/medium/run_0/config.json
    Saved aggregate metrics to /fslarge/scratch/users/h61084/codes/improved/outputs/results/expe_uni/seasonal_naive/univariate/epf_electricity_price/H/medium/run_0/metrics_summary.json
    Metrics summary (averaged over all series/windows/variates):
      MSE: 425.5365
      MAE: 11.9925
      RMSE: 15.1126
      MAPE: 2.2545
      sMAPE: 0.2814
      MASE: 1.8637
      ND: 0.2896
      CRPS: 0.2417
  Completed: 5 series x 35 windows
  Output: /fslarge/scratch/users/h61084/codes/improved/outputs/results/expe_uni/seasonal_naive/univariate/epf_electricity_price/H/medium/run_0

--- Term: long ---
  Config: prediction_length=168, test_length=2520, val_length=2520
TIME run allocation action=new run=/fslarge/scratch/users/h61084/codes/improved/outputs/results/expe_uni/seasonal_naive/univariate/epf_electricity_price/H/long/run_0 launch_id=selena_20260905T115114Z_25365 slurm_job_id=3152740 launched_at=2026-09-05T12:08:12.541600+00:00
  Dataset info:
    - Frequency: H
    - Num series: 5
    - Target dim: 1
    - Target mode: univariate
    - Series length: min=52416, max=52416, avg=52416.0
    - Test split: 2520 steps
    - Prediction length: 168
    - Windows: 15
    - Season length: 24
    Total instances: 75, Series during experiment: 5, Windows: 15
    Collecting ground truth and context...
    Organizing data into arrays...
    Saved predictions (quantiles) to /fslarge/scratch/users/h61084/codes/improved/outputs/results/expe_uni/seasonal_naive/univariate/epf_electricity_price/H/long/run_0/predictions.npz
    Computing per-window metrics...
    Saved metrics to /fslarge/scratch/users/h61084/codes/improved/outputs/results/expe_uni/seasonal_naive/univariate/epf_electricity_price/H/long/run_0/metrics.npz
    Saved config to /fslarge/scratch/users/h61084/codes/improved/outputs/results/expe_uni/seasonal_naive/univariate/epf_electricity_price/H/long/run_0/config.json
    Saved aggregate metrics to /fslarge/scratch/users/h61084/codes/improved/outputs/results/expe_uni/seasonal_naive/univariate/epf_electricity_price/H/long/run_0/metrics_summary.json
    Metrics summary (averaged over all series/windows/variates):
      MSE: 493.1803
      MAE: 13.2738
      RMSE: 17.2424
      MAPE: 1.8608
      sMAPE: 0.3394
      MASE: 2.0835
      ND: 0.3123
      CRPS: 0.2661
  Completed: 5 series x 15 windows
  Output: /fslarge/scratch/users/h61084/codes/improved/outputs/results/expe_uni/seasonal_naive/univariate/epf_electricity_price/H/long/run_0

============================================================
All experiments completed!
Results saved to: /scratch/users/h61084/codes/improved/outputs/results/expe_uni
============================================================

############################################################
# All 1 dataset(s) completed!
############################################################

############################################################
# Dataset 1/1: OpenElectricity_NEM/5T
############################################################
Loading configuration...

============================================================
Model: Seasonal Naive
Dataset: OpenElectricity_NEM/5T
Terms: ['short', 'medium', 'long']
============================================================

--- Term: short ---
  Config: prediction_length=24, test_length=4032, val_length=4032
TIME run allocation action=new run=/fslarge/scratch/users/h61084/codes/improved/outputs/results/expe_uni/seasonal_naive/univariate/OpenElectricity_NEM/5T/short/run_0 launch_id=selena_20260905T115114Z_25365 slurm_job_id=3152740 launched_at=2026-09-05T12:08:19.377937+00:00
  Dataset info:
    - Frequency: 5T
    - Num series: 1
    - Target dim: 10
    - Target mode: univariate
    - Series length: min=43488, max=43488, avg=43488.0
    - Test split: 4032 steps
    - Prediction length: 24
    - Windows: 168
    - Season length: 288
    Total instances: 1680, Series during experiment: 10, Windows: 168
    Collecting ground truth and context...
    Detected to_univariate case: 10 flat series -> 1 series x 10 variates
    Organizing data into arrays...
    Saved predictions (quantiles) to /fslarge/scratch/users/h61084/codes/improved/outputs/results/expe_uni/seasonal_naive/univariate/OpenElectricity_NEM/5T/short/run_0/predictions.npz
    Computing per-window metrics...
    Saved metrics to /fslarge/scratch/users/h61084/codes/improved/outputs/results/expe_uni/seasonal_naive/univariate/OpenElectricity_NEM/5T/short/run_0/metrics.npz
    Saved config to /fslarge/scratch/users/h61084/codes/improved/outputs/results/expe_uni/seasonal_naive/univariate/OpenElectricity_NEM/5T/short/run_0/config.json
    Saved aggregate metrics to /fslarge/scratch/users/h61084/codes/improved/outputs/results/expe_uni/seasonal_naive/univariate/OpenElectricity_NEM/5T/short/run_0/metrics_summary.json
    Metrics summary (averaged over all series/windows/variates):
      MSE: 138598.8669
      MAE: 178.3993
      RMSE: 187.8944
      MAPE: 7.2839
      sMAPE: 0.3493
      MASE: 1.0406
      ND: 0.4883
      CRPS: 0.4108
  Completed: 1 series x 168 windows
  Output: /fslarge/scratch/users/h61084/codes/improved/outputs/results/expe_uni/seasonal_naive/univariate/OpenElectricity_NEM/5T/short/run_0

--- Term: medium ---
  Config: prediction_length=96, test_length=4032, val_length=4032
TIME run allocation action=new run=/fslarge/scratch/users/h61084/codes/improved/outputs/results/expe_uni/seasonal_naive/univariate/OpenElectricity_NEM/5T/medium/run_0 launch_id=selena_20260905T115114Z_25365 slurm_job_id=3152740 launched_at=2026-09-05T12:08:40.480110+00:00
  Dataset info:
    - Frequency: 5T
    - Num series: 1
    - Target dim: 10
    - Target mode: univariate
    - Series length: min=43488, max=43488, avg=43488.0
    - Test split: 4032 steps
    - Prediction length: 96
    - Windows: 42
    - Season length: 288
    Total instances: 420, Series during experiment: 10, Windows: 42
    Collecting ground truth and context...
    Detected to_univariate case: 10 flat series -> 1 series x 10 variates
    Organizing data into arrays...
    Saved predictions (quantiles) to /fslarge/scratch/users/h61084/codes/improved/outputs/results/expe_uni/seasonal_naive/univariate/OpenElectricity_NEM/5T/medium/run_0/predictions.npz
    Computing per-window metrics...
    Saved metrics to /fslarge/scratch/users/h61084/codes/improved/outputs/results/expe_uni/seasonal_naive/univariate/OpenElectricity_NEM/5T/medium/run_0/metrics.npz
    Saved config to /fslarge/scratch/users/h61084/codes/improved/outputs/results/expe_uni/seasonal_naive/univariate/OpenElectricity_NEM/5T/medium/run_0/config.json
    Saved aggregate metrics to /fslarge/scratch/users/h61084/codes/improved/outputs/results/expe_uni/seasonal_naive/univariate/OpenElectricity_NEM/5T/medium/run_0/metrics_summary.json
    Metrics summary (averaged over all series/windows/variates):
      MSE: 145878.1444
      MAE: 180.8143
      RMSE: 208.9977
      MAPE: 7.1319
      sMAPE: 0.3511
      MASE: 1.0426
      ND: 0.4088
      CRPS: 0.3439
  Completed: 1 series x 42 windows
  Output: /fslarge/scratch/users/h61084/codes/improved/outputs/results/expe_uni/seasonal_naive/univariate/OpenElectricity_NEM/5T/medium/run_0

--- Term: long ---
  Config: prediction_length=288, test_length=4032, val_length=4032
TIME run allocation action=new run=/fslarge/scratch/users/h61084/codes/improved/outputs/results/expe_uni/seasonal_naive/univariate/OpenElectricity_NEM/5T/long/run_0 launch_id=selena_20260905T115114Z_25365 slurm_job_id=3152740 launched_at=2026-09-05T12:08:52.517909+00:00
  Dataset info:
    - Frequency: 5T
    - Num series: 1
    - Target dim: 10
    - Target mode: univariate
    - Series length: min=43488, max=43488, avg=43488.0
    - Test split: 4032 steps
    - Prediction length: 288
    - Windows: 14
    - Season length: 288
    Total instances: 140, Series during experiment: 10, Windows: 14
    Collecting ground truth and context...
    Detected to_univariate case: 10 flat series -> 1 series x 10 variates
    Organizing data into arrays...
    Saved predictions (quantiles) to /fslarge/scratch/users/h61084/codes/improved/outputs/results/expe_uni/seasonal_naive/univariate/OpenElectricity_NEM/5T/long/run_0/predictions.npz
    Computing per-window metrics...
    Saved metrics to /fslarge/scratch/users/h61084/codes/improved/outputs/results/expe_uni/seasonal_naive/univariate/OpenElectricity_NEM/5T/long/run_0/metrics.npz
    Saved config to /fslarge/scratch/users/h61084/codes/improved/outputs/results/expe_uni/seasonal_naive/univariate/OpenElectricity_NEM/5T/long/run_0/config.json
    Saved aggregate metrics to /fslarge/scratch/users/h61084/codes/improved/outputs/results/expe_uni/seasonal_naive/univariate/OpenElectricity_NEM/5T/long/run_0/metrics_summary.json
    Metrics summary (averaged over all series/windows/variates):
      MSE: 140257.9837
      MAE: 179.0292
      RMSE: 235.4531
      MAPE: 7.1006
      sMAPE: 0.3527
      MASE: 1.0505
      ND: 0.3269
      CRPS: 0.2749
  Completed: 1 series x 14 windows
  Output: /fslarge/scratch/users/h61084/codes/improved/outputs/results/expe_uni/seasonal_naive/univariate/OpenElectricity_NEM/5T/long/run_0

============================================================
All experiments completed!
Results saved to: /scratch/users/h61084/codes/improved/outputs/results/expe_uni
============================================================

############################################################
# All 1 dataset(s) completed!
############################################################

############################################################
# Dataset 1/1: EWELD_Load/15T
############################################################
Loading configuration...

============================================================
Model: Seasonal Naive
Dataset: EWELD_Load/15T
Terms: ['short', 'medium', 'long']
============================================================

--- Term: short ---
  Config: prediction_length=24, test_length=1344, val_length=1344
TIME run allocation action=new run=/fslarge/scratch/users/h61084/codes/improved/outputs/results/expe_uni/seasonal_naive/univariate/EWELD_Load/15T/short/run_0 launch_id=selena_20260905T115114Z_25365 slurm_job_id=3152740 launched_at=2026-09-05T12:09:06.134378+00:00
  Dataset info:
    - Frequency: 15T
    - Num series: 1
    - Target dim: 10
    - Target mode: univariate
    - Series length: min=20544, max=20544, avg=20544.0
    - Test split: 1344 steps
    - Prediction length: 24
    - Windows: 56
    - Season length: 96
    Total instances: 560, Series during experiment: 10, Windows: 56
    Collecting ground truth and context...
    Detected to_univariate case: 10 flat series -> 1 series x 10 variates
    Organizing data into arrays...
    Saved predictions (quantiles) to /fslarge/scratch/users/h61084/codes/improved/outputs/results/expe_uni/seasonal_naive/univariate/EWELD_Load/15T/short/run_0/predictions.npz
    Computing per-window metrics...
    Saved metrics to /fslarge/scratch/users/h61084/codes/improved/outputs/results/expe_uni/seasonal_naive/univariate/EWELD_Load/15T/short/run_0/metrics.npz
    Saved config to /fslarge/scratch/users/h61084/codes/improved/outputs/results/expe_uni/seasonal_naive/univariate/EWELD_Load/15T/short/run_0/config.json
    Saved aggregate metrics to /fslarge/scratch/users/h61084/codes/improved/outputs/results/expe_uni/seasonal_naive/univariate/EWELD_Load/15T/short/run_0/metrics_summary.json
    Metrics summary (averaged over all series/windows/variates):
      MSE: 2388.4604
      MAE: 20.0199
      RMSE: 24.9234
      MAPE: 0.8013
      sMAPE: 0.4464
      MASE: 0.9569
      ND: 1.5600
      CRPS: 2.3845
  Completed: 1 series x 56 windows
  Output: /fslarge/scratch/users/h61084/codes/improved/outputs/results/expe_uni/seasonal_naive/univariate/EWELD_Load/15T/short/run_0

--- Term: medium ---
  Config: prediction_length=96, test_length=1344, val_length=1344
TIME run allocation action=new run=/fslarge/scratch/users/h61084/codes/improved/outputs/results/expe_uni/seasonal_naive/univariate/EWELD_Load/15T/medium/run_0 launch_id=selena_20260905T115114Z_25365 slurm_job_id=3152740 launched_at=2026-09-05T12:09:13.916191+00:00
  Dataset info:
    - Frequency: 15T
    - Num series: 1
    - Target dim: 10
    - Target mode: univariate
    - Series length: min=20544, max=20544, avg=20544.0
    - Test split: 1344 steps
    - Prediction length: 96
    - Windows: 14
    - Season length: 96
    Total instances: 140, Series during experiment: 10, Windows: 14
    Collecting ground truth and context...
    Detected to_univariate case: 10 flat series -> 1 series x 10 variates
    Organizing data into arrays...
    Saved predictions (quantiles) to /fslarge/scratch/users/h61084/codes/improved/outputs/results/expe_uni/seasonal_naive/univariate/EWELD_Load/15T/medium/run_0/predictions.npz
    Computing per-window metrics...
    Saved metrics to /fslarge/scratch/users/h61084/codes/improved/outputs/results/expe_uni/seasonal_naive/univariate/EWELD_Load/15T/medium/run_0/metrics.npz
    Saved config to /fslarge/scratch/users/h61084/codes/improved/outputs/results/expe_uni/seasonal_naive/univariate/EWELD_Load/15T/medium/run_0/config.json
    Saved aggregate metrics to /fslarge/scratch/users/h61084/codes/improved/outputs/results/expe_uni/seasonal_naive/univariate/EWELD_Load/15T/medium/run_0/metrics_summary.json
    Metrics summary (averaged over all series/windows/variates):
      MSE: 2321.9400
      MAE: 19.7343
      RMSE: 26.4216
      MAPE: 0.7478
      sMAPE: 0.4556
      MASE: 0.9395
      ND: 0.3437
      CRPS: 0.3186
  Completed: 1 series x 14 windows
  Output: /fslarge/scratch/users/h61084/codes/improved/outputs/results/expe_uni/seasonal_naive/univariate/EWELD_Load/15T/medium/run_0

--- Term: long ---
  Config: prediction_length=672, test_length=1344, val_length=1344
TIME run allocation action=new run=/fslarge/scratch/users/h61084/codes/improved/outputs/results/expe_uni/seasonal_naive/univariate/EWELD_Load/15T/long/run_0 launch_id=selena_20260905T115114Z_25365 slurm_job_id=3152740 launched_at=2026-09-05T12:09:17.710070+00:00
  Dataset info:
    - Frequency: 15T
    - Num series: 1
    - Target dim: 10
    - Target mode: univariate
    - Series length: min=20544, max=20544, avg=20544.0
    - Test split: 1344 steps
    - Prediction length: 672
    - Windows: 2
    - Season length: 96
    Total instances: 20, Series during experiment: 10, Windows: 2
    Collecting ground truth and context...
    Detected to_univariate case: 10 flat series -> 1 series x 10 variates
    Organizing data into arrays...
    Saved predictions (quantiles) to /fslarge/scratch/users/h61084/codes/improved/outputs/results/expe_uni/seasonal_naive/univariate/EWELD_Load/15T/long/run_0/predictions.npz
    Computing per-window metrics...
    Saved metrics to /fslarge/scratch/users/h61084/codes/improved/outputs/results/expe_uni/seasonal_naive/univariate/EWELD_Load/15T/long/run_0/metrics.npz
    Saved config to /fslarge/scratch/users/h61084/codes/improved/outputs/results/expe_uni/seasonal_naive/univariate/EWELD_Load/15T/long/run_0/config.json
    Saved aggregate metrics to /fslarge/scratch/users/h61084/codes/improved/outputs/results/expe_uni/seasonal_naive/univariate/EWELD_Load/15T/long/run_0/metrics_summary.json
    Metrics summary (averaged over all series/windows/variates):
      MSE: 2688.7604
      MAE: 21.4941
      RMSE: 28.7071
      MAPE: 0.8991
      sMAPE: 0.4867
      MASE: 1.0864
      ND: 0.3615
      CRPS: 0.4004
  Completed: 1 series x 2 windows
  Output: /fslarge/scratch/users/h61084/codes/improved/outputs/results/expe_uni/seasonal_naive/univariate/EWELD_Load/15T/long/run_0

============================================================
All experiments completed!
Results saved to: /scratch/users/h61084/codes/improved/outputs/results/expe_uni
============================================================

############################################################
# All 1 dataset(s) completed!
############################################################

############################################################
# Dataset 1/1: SG_Carpark/15T
############################################################
Loading configuration...

============================================================
Model: Seasonal Naive
Dataset: SG_Carpark/15T
Terms: ['short', 'medium', 'long']
============================================================

--- Term: short ---
  Config: prediction_length=16, test_length=672, val_length=672
TIME run allocation action=new run=/fslarge/scratch/users/h61084/codes/improved/outputs/results/expe_uni/seasonal_naive/univariate/SG_Carpark/15T/short/run_0 launch_id=selena_20260905T115114Z_25365 slurm_job_id=3152740 launched_at=2026-09-05T12:09:24.381544+00:00
  Dataset info:
    - Frequency: 15T
    - Num series: 354
    - Target dim: 1
    - Target mode: univariate
    - Series length: min=14495, max=14495, avg=14495.0
    - Test split: 672 steps
    - Prediction length: 16
    - Windows: 42
    - Season length: 96
    Total instances: 14868, Series during experiment: 354, Windows: 42
    Collecting ground truth and context...
    Organizing data into arrays...
    Saved predictions (quantiles) to /fslarge/scratch/users/h61084/codes/improved/outputs/results/expe_uni/seasonal_naive/univariate/SG_Carpark/15T/short/run_0/predictions.npz
    Computing per-window metrics...
    Saved metrics to /fslarge/scratch/users/h61084/codes/improved/outputs/results/expe_uni/seasonal_naive/univariate/SG_Carpark/15T/short/run_0/metrics.npz
    Saved config to /fslarge/scratch/users/h61084/codes/improved/outputs/results/expe_uni/seasonal_naive/univariate/SG_Carpark/15T/short/run_0/config.json
    Saved aggregate metrics to /fslarge/scratch/users/h61084/codes/improved/outputs/results/expe_uni/seasonal_naive/univariate/SG_Carpark/15T/short/run_0/metrics_summary.json
    Metrics summary (averaged over all series/windows/variates):
      MSE: 987.4529
      MAE: 14.9517
      RMSE: 17.1297
      MAPE: 0.0896
      sMAPE: 0.0919
      MASE: 0.9528
      ND: 0.0856
      CRPS: 0.0783
  Completed: 354 series x 42 windows
  Output: /fslarge/scratch/users/h61084/codes/improved/outputs/results/expe_uni/seasonal_naive/univariate/SG_Carpark/15T/short/run_0

--- Term: medium ---
  Config: prediction_length=96, test_length=672, val_length=672
TIME run allocation action=new run=/fslarge/scratch/users/h61084/codes/improved/outputs/results/expe_uni/seasonal_naive/univariate/SG_Carpark/15T/medium/run_0 launch_id=selena_20260905T115114Z_25365 slurm_job_id=3152740 launched_at=2026-09-05T12:11:22.235253+00:00
  Dataset info:
    - Frequency: 15T
    - Num series: 354
    - Target dim: 1
    - Target mode: univariate
    - Series length: min=14495, max=14495, avg=14495.0
    - Test split: 672 steps
    - Prediction length: 96
    - Windows: 7
    - Season length: 96
    Total instances: 2478, Series during experiment: 354, Windows: 7
    Collecting ground truth and context...
    Organizing data into arrays...
    Saved predictions (quantiles) to /fslarge/scratch/users/h61084/codes/improved/outputs/results/expe_uni/seasonal_naive/univariate/SG_Carpark/15T/medium/run_0/predictions.npz
    Computing per-window metrics...
    Saved metrics to /fslarge/scratch/users/h61084/codes/improved/outputs/results/expe_uni/seasonal_naive/univariate/SG_Carpark/15T/medium/run_0/metrics.npz
    Saved config to /fslarge/scratch/users/h61084/codes/improved/outputs/results/expe_uni/seasonal_naive/univariate/SG_Carpark/15T/medium/run_0/config.json
    Saved aggregate metrics to /fslarge/scratch/users/h61084/codes/improved/outputs/results/expe_uni/seasonal_naive/univariate/SG_Carpark/15T/medium/run_0/metrics_summary.json
    Metrics summary (averaged over all series/windows/variates):
      MSE: 982.7443
      MAE: 15.0018
      RMSE: 19.9786
      MAPE: 0.0885
      sMAPE: 0.0917
      MASE: 0.9608
      ND: 0.0784
      CRPS: 0.0699
  Completed: 354 series x 7 windows
  Output: /fslarge/scratch/users/h61084/codes/improved/outputs/results/expe_uni/seasonal_naive/univariate/SG_Carpark/15T/medium/run_0

--- Term: long ---
  Config: prediction_length=672, test_length=672, val_length=672
TIME run allocation action=new run=/fslarge/scratch/users/h61084/codes/improved/outputs/results/expe_uni/seasonal_naive/univariate/SG_Carpark/15T/long/run_0 launch_id=selena_20260905T115114Z_25365 slurm_job_id=3152740 launched_at=2026-09-05T12:12:28.818874+00:00
  Dataset info:
    - Frequency: 15T
    - Num series: 354
    - Target dim: 1
    - Target mode: univariate
    - Series length: min=14495, max=14495, avg=14495.0
    - Test split: 672 steps
    - Prediction length: 672
    - Windows: 1
    - Season length: 96
    Total instances: 354, Series during experiment: 354, Windows: 1
    Collecting ground truth and context...
    Organizing data into arrays...
    Saved predictions (quantiles) to /fslarge/scratch/users/h61084/codes/improved/outputs/results/expe_uni/seasonal_naive/univariate/SG_Carpark/15T/long/run_0/predictions.npz
    Computing per-window metrics...
    Saved metrics to /fslarge/scratch/users/h61084/codes/improved/outputs/results/expe_uni/seasonal_naive/univariate/SG_Carpark/15T/long/run_0/metrics.npz
    Saved config to /fslarge/scratch/users/h61084/codes/improved/outputs/results/expe_uni/seasonal_naive/univariate/SG_Carpark/15T/long/run_0/config.json
    Saved aggregate metrics to /fslarge/scratch/users/h61084/codes/improved/outputs/results/expe_uni/seasonal_naive/univariate/SG_Carpark/15T/long/run_0/metrics_summary.json
    Metrics summary (averaged over all series/windows/variates):
      MSE: 1476.6057
      MAE: 21.2419
      RMSE: 28.3423
      MAPE: 0.1193
      sMAPE: 0.1224
      MASE: 1.3332
      ND: 0.1099
      CRPS: 0.1028
  Completed: 354 series x 1 windows
  Output: /fslarge/scratch/users/h61084/codes/improved/outputs/results/expe_uni/seasonal_naive/univariate/SG_Carpark/15T/long/run_0

============================================================
All experiments completed!
Results saved to: /scratch/users/h61084/codes/improved/outputs/results/expe_uni
============================================================

############################################################
# All 1 dataset(s) completed!
############################################################

############################################################
# Dataset 1/1: Finland_Traffic/15T
############################################################
Loading configuration...

============================================================
Model: Seasonal Naive
Dataset: Finland_Traffic/15T
Terms: ['short', 'medium', 'long']
============================================================

--- Term: short ---
  Config: prediction_length=16, test_length=2976, val_length=2880
TIME run allocation action=new run=/fslarge/scratch/users/h61084/codes/improved/outputs/results/expe_uni/seasonal_naive/univariate/Finland_Traffic/15T/short/run_0 launch_id=selena_20260905T115114Z_25365 slurm_job_id=3152740 launched_at=2026-09-05T12:13:30.674400+00:00
  Dataset info:
    - Frequency: 15T
    - Num series: 1
    - Target dim: 1
    - Target mode: univariate
    - Series length: min=35136, max=35136, avg=35136.0
    - Test split: 2976 steps
    - Prediction length: 16
    - Windows: 186
    - Season length: 96
    Total instances: 186, Series during experiment: 1, Windows: 186
    Collecting ground truth and context...
    Organizing data into arrays...
    Saved predictions (quantiles) to /fslarge/scratch/users/h61084/codes/improved/outputs/results/expe_uni/seasonal_naive/univariate/Finland_Traffic/15T/short/run_0/predictions.npz
    Computing per-window metrics...
    Saved metrics to /fslarge/scratch/users/h61084/codes/improved/outputs/results/expe_uni/seasonal_naive/univariate/Finland_Traffic/15T/short/run_0/metrics.npz
    Saved config to /fslarge/scratch/users/h61084/codes/improved/outputs/results/expe_uni/seasonal_naive/univariate/Finland_Traffic/15T/short/run_0/config.json
    Saved aggregate metrics to /fslarge/scratch/users/h61084/codes/improved/outputs/results/expe_uni/seasonal_naive/univariate/Finland_Traffic/15T/short/run_0/metrics_summary.json
    Metrics summary (averaged over all series/windows/variates):
      MSE: 2765.4667
      MAE: 34.4729
      RMSE: 40.0525
      MAPE: 0.4863
      sMAPE: 0.4194
      MASE: 0.8374
      ND: 0.4241
      CRPS: 0.5083
  Completed: 1 series x 186 windows
  Output: /fslarge/scratch/users/h61084/codes/improved/outputs/results/expe_uni/seasonal_naive/univariate/Finland_Traffic/15T/short/run_0

--- Term: medium ---
  Config: prediction_length=96, test_length=2976, val_length=2880
TIME run allocation action=new run=/fslarge/scratch/users/h61084/codes/improved/outputs/results/expe_uni/seasonal_naive/univariate/Finland_Traffic/15T/medium/run_0 launch_id=selena_20260905T115114Z_25365 slurm_job_id=3152740 launched_at=2026-09-05T12:13:34.955563+00:00
  Dataset info:
    - Frequency: 15T
    - Num series: 1
    - Target dim: 1
    - Target mode: univariate
    - Series length: min=35136, max=35136, avg=35136.0
    - Test split: 2976 steps
    - Prediction length: 96
    - Windows: 31
    - Season length: 96
    Total instances: 31, Series during experiment: 1, Windows: 31
    Collecting ground truth and context...
    Organizing data into arrays...
    Saved predictions (quantiles) to /fslarge/scratch/users/h61084/codes/improved/outputs/results/expe_uni/seasonal_naive/univariate/Finland_Traffic/15T/medium/run_0/predictions.npz
    Computing per-window metrics...
    Saved metrics to /fslarge/scratch/users/h61084/codes/improved/outputs/results/expe_uni/seasonal_naive/univariate/Finland_Traffic/15T/medium/run_0/metrics.npz
    Saved config to /fslarge/scratch/users/h61084/codes/improved/outputs/results/expe_uni/seasonal_naive/univariate/Finland_Traffic/15T/medium/run_0/config.json
    Saved aggregate metrics to /fslarge/scratch/users/h61084/codes/improved/outputs/results/expe_uni/seasonal_naive/univariate/Finland_Traffic/15T/medium/run_0/metrics_summary.json
    Metrics summary (averaged over all series/windows/variates):
      MSE: 2622.1982
      MAE: 33.5676
      RMSE: 45.4270
      MAPE: 0.4761
      sMAPE: 0.3703
      MASE: 0.8152
      ND: 0.2687
      CRPS: 0.2434
  Completed: 1 series x 31 windows
  Output: /fslarge/scratch/users/h61084/codes/improved/outputs/results/expe_uni/seasonal_naive/univariate/Finland_Traffic/15T/medium/run_0

--- Term: long ---
  Config: prediction_length=672, test_length=2976, val_length=2880
TIME run allocation action=new run=/fslarge/scratch/users/h61084/codes/improved/outputs/results/expe_uni/seasonal_naive/univariate/Finland_Traffic/15T/long/run_0 launch_id=selena_20260905T115114Z_25365 slurm_job_id=3152740 launched_at=2026-09-05T12:13:35.824235+00:00
  Dataset info:
    - Frequency: 15T
    - Num series: 1
    - Target dim: 1
    - Target mode: univariate
    - Series length: min=35136, max=35136, avg=35136.0
    - Test split: 2976 steps
    - Prediction length: 672
    - Windows: 4
    - Season length: 96
    Total instances: 4, Series during experiment: 1, Windows: 4
    Collecting ground truth and context...
    Organizing data into arrays...
    Saved predictions (quantiles) to /fslarge/scratch/users/h61084/codes/improved/outputs/results/expe_uni/seasonal_naive/univariate/Finland_Traffic/15T/long/run_0/predictions.npz
    Computing per-window metrics...
    Saved metrics to /fslarge/scratch/users/h61084/codes/improved/outputs/results/expe_uni/seasonal_naive/univariate/Finland_Traffic/15T/long/run_0/metrics.npz
    Saved config to /fslarge/scratch/users/h61084/codes/improved/outputs/results/expe_uni/seasonal_naive/univariate/Finland_Traffic/15T/long/run_0/config.json
    Saved aggregate metrics to /fslarge/scratch/users/h61084/codes/improved/outputs/results/expe_uni/seasonal_naive/univariate/Finland_Traffic/15T/long/run_0/metrics_summary.json
    Metrics summary (averaged over all series/windows/variates):
      MSE: 3920.0357
      MAE: 43.5525
      RMSE: 61.6469
      MAPE: 0.5120
      sMAPE: 0.5751
      MASE: 1.0547
      ND: 0.3310
      CRPS: 0.3506
  Completed: 1 series x 4 windows
  Output: /fslarge/scratch/users/h61084/codes/improved/outputs/results/expe_uni/seasonal_naive/univariate/Finland_Traffic/15T/long/run_0

============================================================
All experiments completed!
Results saved to: /scratch/users/h61084/codes/improved/outputs/results/expe_uni
============================================================

############################################################
# All 1 dataset(s) completed!
############################################################

############################################################
# Dataset 1/1: Port_Activity/D
############################################################
Loading configuration...

============================================================
Model: Seasonal Naive
Dataset: Port_Activity/D
Terms: ['short']
============================================================

--- Term: short ---
  Config: prediction_length=30, test_length=365, val_length=90
TIME run allocation action=new run=/fslarge/scratch/users/h61084/codes/improved/outputs/results/expe_uni/seasonal_naive/univariate/Port_Activity/D/short/run_0 launch_id=selena_20260905T115114Z_25365 slurm_job_id=3152740 launched_at=2026-09-05T12:13:39.775347+00:00
  Dataset info:
    - Frequency: D
    - Num series: 99
    - Target dim: 2
    - Target mode: univariate
    - Series length: min=2127, max=2127, avg=2127.0
    - Test split: 365 steps
    - Prediction length: 30
    - Windows: 12
    - Season length: 1
    Total instances: 2376, Series during experiment: 198, Windows: 12
    Collecting ground truth and context...
    Detected to_univariate case: 198 flat series -> 99 series x 2 variates
    Organizing data into arrays...
    ⚠️  Predictions max value (1889677.14) exceeds float16 safe range.
    ⚠️  Applying scale factor: 100 (values will be divided)
    Saved predictions (quantiles) to /fslarge/scratch/users/h61084/codes/improved/outputs/results/expe_uni/seasonal_naive/univariate/Port_Activity/D/short/run_0/predictions.npz
    Computing per-window metrics...
    Saved metrics to /fslarge/scratch/users/h61084/codes/improved/outputs/results/expe_uni/seasonal_naive/univariate/Port_Activity/D/short/run_0/metrics.npz
    Saved config to /fslarge/scratch/users/h61084/codes/improved/outputs/results/expe_uni/seasonal_naive/univariate/Port_Activity/D/short/run_0/config.json
    Saved aggregate metrics to /fslarge/scratch/users/h61084/codes/improved/outputs/results/expe_uni/seasonal_naive/univariate/Port_Activity/D/short/run_0/metrics_summary.json
    Metrics summary (averaged over all series/windows/variates):
      MSE: 2255169298.1701
      MAE: 25857.8653
      RMSE: 31151.2093
      MAPE: 8.6614
      sMAPE: 1.2249
      MASE: 1.1436
      ND: 2.0680
      CRPS: 3.4696
  Completed: 99 series x 12 windows
  Output: /fslarge/scratch/users/h61084/codes/improved/outputs/results/expe_uni/seasonal_naive/univariate/Port_Activity/D/short/run_0

============================================================
All experiments completed!
Results saved to: /scratch/users/h61084/codes/improved/outputs/results/expe_uni
============================================================

############################################################
# All 1 dataset(s) completed!
############################################################

############################################################
# Dataset 1/1: Port_Activity/W
############################################################
Loading configuration...

============================================================
Model: Seasonal Naive
Dataset: Port_Activity/W
Terms: ['short']
============================================================

--- Term: short ---
  Config: prediction_length=13, test_length=52, val_length=13
TIME run allocation action=new run=/fslarge/scratch/users/h61084/codes/improved/outputs/results/expe_uni/seasonal_naive/univariate/Port_Activity/W/short/run_0 launch_id=selena_20260905T115114Z_25365 slurm_job_id=3152740 launched_at=2026-09-05T12:14:09.040501+00:00
  Dataset info:
    - Frequency: W
    - Num series: 99
    - Target dim: 2
    - Target mode: univariate
    - Series length: min=304, max=304, avg=304.0
    - Test split: 52 steps
    - Prediction length: 13
    - Windows: 4
    - Season length: 1
    Total instances: 792, Series during experiment: 198, Windows: 4
    Collecting ground truth and context...
    Detected to_univariate case: 198 flat series -> 99 series x 2 variates
    Organizing data into arrays...
    ⚠️  Predictions max value (4255445.41) exceeds float16 safe range.
    ⚠️  Applying scale factor: 100 (values will be divided)
    Saved predictions (quantiles) to /fslarge/scratch/users/h61084/codes/improved/outputs/results/expe_uni/seasonal_naive/univariate/Port_Activity/W/short/run_0/predictions.npz
    Computing per-window metrics...
    Saved metrics to /fslarge/scratch/users/h61084/codes/improved/outputs/results/expe_uni/seasonal_naive/univariate/Port_Activity/W/short/run_0/metrics.npz
    Saved config to /fslarge/scratch/users/h61084/codes/improved/outputs/results/expe_uni/seasonal_naive/univariate/Port_Activity/W/short/run_0/config.json
    Saved aggregate metrics to /fslarge/scratch/users/h61084/codes/improved/outputs/results/expe_uni/seasonal_naive/univariate/Port_Activity/W/short/run_0/metrics_summary.json
    Metrics summary (averaged over all series/windows/variates):
      MSE: 10862232182.9537
      MAE: 58590.3469
      RMSE: 69385.6552
      MAPE: 0.8304
      sMAPE: 0.4736
      MASE: 1.0514
      ND: 0.4677
      CRPS: 0.4954
  Completed: 99 series x 4 windows
  Output: /fslarge/scratch/users/h61084/codes/improved/outputs/results/expe_uni/seasonal_naive/univariate/Port_Activity/W/short/run_0

============================================================
All experiments completed!
Results saved to: /scratch/users/h61084/codes/improved/outputs/results/expe_uni
============================================================

############################################################
# All 1 dataset(s) completed!
############################################################

############################################################
# Dataset 1/1: ECDC_COVID/D
############################################################
Loading configuration...

============================================================
Model: Seasonal Naive
Dataset: ECDC_COVID/D
Terms: ['short']
============================================================

--- Term: short ---
  Config: prediction_length=30, test_length=150, val_length=30
TIME run allocation action=new run=/fslarge/scratch/users/h61084/codes/improved/outputs/results/expe_uni/seasonal_naive/univariate/ECDC_COVID/D/short/run_0 launch_id=selena_20260905T115114Z_25365 slurm_job_id=3152740 launched_at=2026-09-05T12:14:20.473337+00:00
  Dataset info:
    - Frequency: D
    - Num series: 9
    - Target dim: 1
    - Target mode: univariate
    - Series length: min=794, max=1229, avg=1116.6
    - Test split: 150 steps
    - Prediction length: 30
    - Windows: 5
    - Season length: 1
    Total instances: 45, Series during experiment: 9, Windows: 5
    Collecting ground truth and context...
    Organizing data into arrays...
    Saved predictions (quantiles) to /fslarge/scratch/users/h61084/codes/improved/outputs/results/expe_uni/seasonal_naive/univariate/ECDC_COVID/D/short/run_0/predictions.npz
    Computing per-window metrics...
    Saved metrics to /fslarge/scratch/users/h61084/codes/improved/outputs/results/expe_uni/seasonal_naive/univariate/ECDC_COVID/D/short/run_0/metrics.npz
    Saved config to /fslarge/scratch/users/h61084/codes/improved/outputs/results/expe_uni/seasonal_naive/univariate/ECDC_COVID/D/short/run_0/config.json
    Saved aggregate metrics to /fslarge/scratch/users/h61084/codes/improved/outputs/results/expe_uni/seasonal_naive/univariate/ECDC_COVID/D/short/run_0/metrics_summary.json
    Metrics summary (averaged over all series/windows/variates):
      MSE: 61287.8990
      MAE: 146.1495
      RMSE: 165.7728
      MAPE: 0.9429
      sMAPE: 0.3604
      MASE: 3.5681
      ND: 0.6948
      CRPS: 0.6704
  Completed: 9 series x 5 windows
  Output: /fslarge/scratch/users/h61084/codes/improved/outputs/results/expe_uni/seasonal_naive/univariate/ECDC_COVID/D/short/run_0

============================================================
All experiments completed!
Results saved to: /scratch/users/h61084/codes/improved/outputs/results/expe_uni
============================================================

############################################################
# All 1 dataset(s) completed!
############################################################

############################################################
# Dataset 1/1: ECDC_COVID/W
############################################################
Loading configuration...

============================================================
Model: Seasonal Naive
Dataset: ECDC_COVID/W
Terms: ['short']
============================================================

--- Term: short ---
  Config: prediction_length=13, test_length=52, val_length=13
TIME run allocation action=new run=/fslarge/scratch/users/h61084/codes/improved/outputs/results/expe_uni/seasonal_naive/univariate/ECDC_COVID/W/short/run_0 launch_id=selena_20260905T115114Z_25365 slurm_job_id=3152740 launched_at=2026-09-05T12:14:26.424826+00:00
  Dataset info:
    - Frequency: W
    - Num series: 16
    - Target dim: 1
    - Target mode: univariate
    - Series length: min=114, max=196, avg=165.4
    - Test split: 52 steps
    - Prediction length: 13
    - Windows: 4
    - Season length: 1
    Total instances: 64, Series during experiment: 16, Windows: 4
    Collecting ground truth and context...
    Organizing data into arrays...
    Saved predictions (quantiles) to /fslarge/scratch/users/h61084/codes/improved/outputs/results/expe_uni/seasonal_naive/univariate/ECDC_COVID/W/short/run_0/predictions.npz
    Computing per-window metrics...
    Saved metrics to /fslarge/scratch/users/h61084/codes/improved/outputs/results/expe_uni/seasonal_naive/univariate/ECDC_COVID/W/short/run_0/metrics.npz
    Saved config to /fslarge/scratch/users/h61084/codes/improved/outputs/results/expe_uni/seasonal_naive/univariate/ECDC_COVID/W/short/run_0/config.json
    Saved aggregate metrics to /fslarge/scratch/users/h61084/codes/improved/outputs/results/expe_uni/seasonal_naive/univariate/ECDC_COVID/W/short/run_0/metrics_summary.json
    Metrics summary (averaged over all series/windows/variates):
      MSE: 3625786.0861
      MAE: 654.4601
      RMSE: 741.3440
      MAPE: 1.1571
      sMAPE: 0.5633
      MASE: 1.5514
      ND: 0.6545
      CRPS: 0.7745
  Completed: 16 series x 4 windows
  Output: /fslarge/scratch/users/h61084/codes/improved/outputs/results/expe_uni/seasonal_naive/univariate/ECDC_COVID/W/short/run_0

============================================================
All experiments completed!
Results saved to: /scratch/users/h61084/codes/improved/outputs/results/expe_uni
============================================================

############################################################
# All 1 dataset(s) completed!
############################################################

############################################################
# Dataset 1/1: Global_Influenza/W
############################################################
Loading configuration...

============================================================
Model: Seasonal Naive
Dataset: Global_Influenza/W
Terms: ['short']
============================================================

--- Term: short ---
  Config: prediction_length=13, test_length=52, val_length=13
TIME run allocation action=new run=/fslarge/scratch/users/h61084/codes/improved/outputs/results/expe_uni/seasonal_naive/univariate/Global_Influenza/W/short/run_0 launch_id=selena_20260905T115114Z_25365 slurm_job_id=3152740 launched_at=2026-09-05T12:14:32.304530+00:00
  Dataset info:
    - Frequency: W
    - Num series: 15
    - Target dim: 4
    - Target mode: univariate
    - Series length: min=154, max=210, avg=205.6
    - Test split: 52 steps
    - Prediction length: 13
    - Windows: 4
    - Season length: 1
    Total instances: 240, Series during experiment: 60, Windows: 4
    Collecting ground truth and context...
    Detected to_univariate case: 60 flat series -> 15 series x 4 variates
    Organizing data into arrays...
    ⚠️  Predictions max value (93474.80) exceeds float16 safe range.
    ⚠️  Applying scale factor: 10 (values will be divided)
    Saved predictions (quantiles) to /fslarge/scratch/users/h61084/codes/improved/outputs/results/expe_uni/seasonal_naive/univariate/Global_Influenza/W/short/run_0/predictions.npz
    Computing per-window metrics...
    Saved metrics to /fslarge/scratch/users/h61084/codes/improved/outputs/results/expe_uni/seasonal_naive/univariate/Global_Influenza/W/short/run_0/metrics.npz
    Saved config to /fslarge/scratch/users/h61084/codes/improved/outputs/results/expe_uni/seasonal_naive/univariate/Global_Influenza/W/short/run_0/config.json
    Saved aggregate metrics to /fslarge/scratch/users/h61084/codes/improved/outputs/results/expe_uni/seasonal_naive/univariate/Global_Influenza/W/short/run_0/metrics_summary.json
    Metrics summary (averaged over all series/windows/variates):
      MSE: 6807582.0901
      MAE: 753.3304
      RMSE: 918.5647
      MAPE: 1.7058
      sMAPE: 0.6787
      MASE: 4.2760
      ND: 0.9451
      CRPS: 1.3709
  Completed: 15 series x 4 windows
  Output: /fslarge/scratch/users/h61084/codes/improved/outputs/results/expe_uni/seasonal_naive/univariate/Global_Influenza/W/short/run_0

============================================================
All experiments completed!
Results saved to: /scratch/users/h61084/codes/improved/outputs/results/expe_uni
============================================================

############################################################
# All 1 dataset(s) completed!
############################################################

############################################################
# Dataset 1/1: Crypto/D
############################################################
Loading configuration...

============================================================
Model: Seasonal Naive
Dataset: Crypto/D
Terms: ['short']
============================================================

--- Term: short ---
  Config: prediction_length=30, test_length=273, val_length=92
TIME run allocation action=new run=/fslarge/scratch/users/h61084/codes/improved/outputs/results/expe_uni/seasonal_naive/univariate/Crypto/D/short/run_0 launch_id=selena_20260905T115114Z_25365 slurm_job_id=3152740 launched_at=2026-09-05T12:14:39.370746+00:00
  Dataset info:
    - Frequency: D
    - Num series: 1
    - Target dim: 4
    - Target mode: univariate
    - Series length: min=2842, max=2842, avg=2842.0
    - Test split: 273 steps
    - Prediction length: 30
    - Windows: 9
    - Season length: 1
    Total instances: 36, Series during experiment: 4, Windows: 9
    Collecting ground truth and context...
    Detected to_univariate case: 4 flat series -> 1 series x 4 variates
    Organizing data into arrays...
    ⚠️  Predictions max value (125167.44) exceeds float16 safe range.
    ⚠️  Applying scale factor: 10 (values will be divided)
    Saved predictions (quantiles) to /fslarge/scratch/users/h61084/codes/improved/outputs/results/expe_uni/seasonal_naive/univariate/Crypto/D/short/run_0/predictions.npz
    Computing per-window metrics...
    Saved metrics to /fslarge/scratch/users/h61084/codes/improved/outputs/results/expe_uni/seasonal_naive/univariate/Crypto/D/short/run_0/metrics.npz
    Saved config to /fslarge/scratch/users/h61084/codes/improved/outputs/results/expe_uni/seasonal_naive/univariate/Crypto/D/short/run_0/config.json
    Saved aggregate metrics to /fslarge/scratch/users/h61084/codes/improved/outputs/results/expe_uni/seasonal_naive/univariate/Crypto/D/short/run_0/metrics_summary.json
    Metrics summary (averaged over all series/windows/variates):
      MSE: 11687377.6511
      MAE: 1371.0074
      RMSE: 1626.0356
      MAPE: 0.0951
      sMAPE: 0.0958
      MASE: 6.3037
      ND: 0.0962
      CRPS: 0.0843
  Completed: 1 series x 9 windows
  Output: /fslarge/scratch/users/h61084/codes/improved/outputs/results/expe_uni/seasonal_naive/univariate/Crypto/D/short/run_0

============================================================
All experiments completed!
Results saved to: /scratch/users/h61084/codes/improved/outputs/results/expe_uni
============================================================

############################################################
# All 1 dataset(s) completed!
############################################################

############################################################
# Dataset 1/1: US_Term_Structure/B
############################################################
Loading configuration...

============================================================
Model: Seasonal Naive
Dataset: US_Term_Structure/B
Terms: ['short']
============================================================

--- Term: short ---
  Config: prediction_length=20, test_length=717, val_length=100
TIME run allocation action=new run=/fslarge/scratch/users/h61084/codes/improved/outputs/results/expe_uni/seasonal_naive/univariate/US_Term_Structure/B/short/run_0 launch_id=selena_20260905T115114Z_25365 slurm_job_id=3152740 launched_at=2026-09-05T12:14:45.262366+00:00
  Dataset info:
    - Frequency: B
    - Num series: 1
    - Target dim: 40
    - Target mode: univariate
    - Series length: min=9326, max=9326, avg=9326.0
    - Test split: 717 steps
    - Prediction length: 20
    - Windows: 35
    - Season length: 5
    Total instances: 1400, Series during experiment: 40, Windows: 35
    Collecting ground truth and context...
    Detected to_univariate case: 40 flat series -> 1 series x 40 variates
    Organizing data into arrays...
    Saved predictions (quantiles) to /fslarge/scratch/users/h61084/codes/improved/outputs/results/expe_uni/seasonal_naive/univariate/US_Term_Structure/B/short/run_0/predictions.npz
    Computing per-window metrics...
    Saved metrics to /fslarge/scratch/users/h61084/codes/improved/outputs/results/expe_uni/seasonal_naive/univariate/US_Term_Structure/B/short/run_0/metrics.npz
    Saved config to /fslarge/scratch/users/h61084/codes/improved/outputs/results/expe_uni/seasonal_naive/univariate/US_Term_Structure/B/short/run_0/config.json
    Saved aggregate metrics to /fslarge/scratch/users/h61084/codes/improved/outputs/results/expe_uni/seasonal_naive/univariate/US_Term_Structure/B/short/run_0/metrics_summary.json
    Metrics summary (averaged over all series/windows/variates):
      MSE: 0.0280
      MAE: 0.1199
      RMSE: 0.1396
      MAPE: 1.0803
      sMAPE: 0.3072
      MASE: 1.7354
      ND: 0.3155
      CRPS: 0.2487
  Completed: 1 series x 35 windows
  Output: /fslarge/scratch/users/h61084/codes/improved/outputs/results/expe_uni/seasonal_naive/univariate/US_Term_Structure/B/short/run_0

============================================================
All experiments completed!
Results saved to: /scratch/users/h61084/codes/improved/outputs/results/expe_uni
============================================================

############################################################
# All 1 dataset(s) completed!
############################################################

############################################################
# Dataset 1/1: Oil_Price/B
############################################################
Loading configuration...

============================================================
Model: Seasonal Naive
Dataset: Oil_Price/B
Terms: ['short']
============================================================

--- Term: short ---
  Config: prediction_length=20, test_length=717, val_length=100
TIME run allocation action=new run=/fslarge/scratch/users/h61084/codes/improved/outputs/results/expe_uni/seasonal_naive/univariate/Oil_Price/B/short/run_0 launch_id=selena_20260905T115114Z_25365 slurm_job_id=3152740 launched_at=2026-09-05T12:16:13.274260+00:00
  Dataset info:
    - Frequency: B
    - Num series: 1
    - Target dim: 12
    - Target mode: univariate
    - Series length: min=5035, max=5035, avg=5035.0
    - Test split: 717 steps
    - Prediction length: 20
    - Windows: 35
    - Season length: 5
    Total instances: 420, Series during experiment: 12, Windows: 35
    Collecting ground truth and context...
    Detected to_univariate case: 12 flat series -> 1 series x 12 variates
    Organizing data into arrays...
    Saved predictions (quantiles) to /fslarge/scratch/users/h61084/codes/improved/outputs/results/expe_uni/seasonal_naive/univariate/Oil_Price/B/short/run_0/predictions.npz
    Computing per-window metrics...
    Saved metrics to /fslarge/scratch/users/h61084/codes/improved/outputs/results/expe_uni/seasonal_naive/univariate/Oil_Price/B/short/run_0/metrics.npz
    Saved config to /fslarge/scratch/users/h61084/codes/improved/outputs/results/expe_uni/seasonal_naive/univariate/Oil_Price/B/short/run_0/config.json
    Saved aggregate metrics to /fslarge/scratch/users/h61084/codes/improved/outputs/results/expe_uni/seasonal_naive/univariate/Oil_Price/B/short/run_0/metrics_summary.json
    Metrics summary (averaged over all series/windows/variates):
      MSE: 3.4486
      MAE: 0.7301
      RMSE: 0.8482
      MAPE: 0.0666
      sMAPE: 0.0651
      MASE: 1.5259
      ND: 0.0664
      CRPS: 0.0538
  Completed: 1 series x 35 windows
  Output: /fslarge/scratch/users/h61084/codes/improved/outputs/results/expe_uni/seasonal_naive/univariate/Oil_Price/B/short/run_0

============================================================
All experiments completed!
Results saved to: /scratch/users/h61084/codes/improved/outputs/results/expe_uni
============================================================

############################################################
# All 1 dataset(s) completed!
############################################################

############################################################
# Dataset 1/1: Job_Claims/W
############################################################
Loading configuration...

============================================================
Model: Seasonal Naive
Dataset: Job_Claims/W
Terms: ['short']
============================================================

--- Term: short ---
  Config: prediction_length=13, test_length=52, val_length=13
TIME run allocation action=new run=/fslarge/scratch/users/h61084/codes/improved/outputs/results/expe_uni/seasonal_naive/univariate/Job_Claims/W/short/run_0 launch_id=selena_20260905T115114Z_25365 slurm_job_id=3152740 launched_at=2026-09-05T12:16:33.265835+00:00
  Dataset info:
    - Frequency: W
    - Num series: 1
    - Target dim: 2
    - Target mode: univariate
    - Series length: min=196, max=196, avg=196.0
    - Test split: 52 steps
    - Prediction length: 13
    - Windows: 4
    - Season length: 1
    Total instances: 8, Series during experiment: 2, Windows: 4
    Collecting ground truth and context...
    Detected to_univariate case: 2 flat series -> 1 series x 2 variates
    Organizing data into arrays...
    ⚠️  Predictions max value (2000333.75) exceeds float16 safe range.
    ⚠️  Applying scale factor: 100 (values will be divided)
    Saved predictions (quantiles) to /fslarge/scratch/users/h61084/codes/improved/outputs/results/expe_uni/seasonal_naive/univariate/Job_Claims/W/short/run_0/predictions.npz
    Computing per-window metrics...
    Saved metrics to /fslarge/scratch/users/h61084/codes/improved/outputs/results/expe_uni/seasonal_naive/univariate/Job_Claims/W/short/run_0/metrics.npz
    Saved config to /fslarge/scratch/users/h61084/codes/improved/outputs/results/expe_uni/seasonal_naive/univariate/Job_Claims/W/short/run_0/config.json
    Saved aggregate metrics to /fslarge/scratch/users/h61084/codes/improved/outputs/results/expe_uni/seasonal_naive/univariate/Job_Claims/W/short/run_0/metrics_summary.json
    Metrics summary (averaged over all series/windows/variates):
      MSE: 535452106.3238
      MAE: 15059.7602
      RMSE: 18183.5295
      MAPE: 0.0241
      sMAPE: 0.0242
      MASE: 2.8486
      ND: 0.0242
      CRPS: 0.0197
  Completed: 1 series x 4 windows
  Output: /fslarge/scratch/users/h61084/codes/improved/outputs/results/expe_uni/seasonal_naive/univariate/Job_Claims/W/short/run_0

============================================================
All experiments completed!
Results saved to: /scratch/users/h61084/codes/improved/outputs/results/expe_uni
============================================================

############################################################
# All 1 dataset(s) completed!
############################################################

############################################################
# Dataset 1/1: Uncertainty_1M/M
############################################################
Loading configuration...

============================================================
Model: Seasonal Naive
Dataset: Uncertainty_1M/M
Terms: ['short']
============================================================

--- Term: short ---
  Config: prediction_length=6, test_length=42, val_length=18
TIME run allocation action=new run=/fslarge/scratch/users/h61084/codes/improved/outputs/results/expe_uni/seasonal_naive/univariate/Uncertainty_1M/M/short/run_0 launch_id=selena_20260905T115114Z_25365 slurm_job_id=3152740 launched_at=2026-09-05T12:16:38.767699+00:00
  Dataset info:
    - Frequency: M
    - Num series: 1
    - Target dim: 3
    - Target mode: univariate
    - Series length: min=780, max=780, avg=780.0
    - Test split: 42 steps
    - Prediction length: 6
    - Windows: 7
    - Season length: 12
    Total instances: 21, Series during experiment: 3, Windows: 7
    Collecting ground truth and context...
    Detected to_univariate case: 3 flat series -> 1 series x 3 variates
    Organizing data into arrays...
    Saved predictions (quantiles) to /fslarge/scratch/users/h61084/codes/improved/outputs/results/expe_uni/seasonal_naive/univariate/Uncertainty_1M/M/short/run_0/predictions.npz
    Computing per-window metrics...
    Saved metrics to /fslarge/scratch/users/h61084/codes/improved/outputs/results/expe_uni/seasonal_naive/univariate/Uncertainty_1M/M/short/run_0/metrics.npz
    Saved config to /fslarge/scratch/users/h61084/codes/improved/outputs/results/expe_uni/seasonal_naive/univariate/Uncertainty_1M/M/short/run_0/config.json
    Saved aggregate metrics to /fslarge/scratch/users/h61084/codes/improved/outputs/results/expe_uni/seasonal_naive/univariate/Uncertainty_1M/M/short/run_0/metrics_summary.json
    Metrics summary (averaged over all series/windows/variates):
      MSE: 0.0081
      MAE: 0.0728
      RMSE: 0.0782
      MAPE: 0.0921
      sMAPE: 0.0879
      MASE: 0.9456
      ND: 0.0920
      CRPS: 0.0715
  Completed: 1 series x 7 windows
  Output: /fslarge/scratch/users/h61084/codes/improved/outputs/results/expe_uni/seasonal_naive/univariate/Uncertainty_1M/M/short/run_0

============================================================
All experiments completed!
Results saved to: /scratch/users/h61084/codes/improved/outputs/results/expe_uni
============================================================

############################################################
# All 1 dataset(s) completed!
############################################################

############################################################
# Dataset 1/1: Housing_Inventory/M
############################################################
Loading configuration...

============================================================
Model: Seasonal Naive
Dataset: Housing_Inventory/M
Terms: ['short']
============================================================

--- Term: short ---
  Config: prediction_length=12, test_length=36, val_length=12
TIME run allocation action=new run=/fslarge/scratch/users/h61084/codes/improved/outputs/results/expe_uni/seasonal_naive/univariate/Housing_Inventory/M/short/run_0 launch_id=selena_20260905T115114Z_25365 slurm_job_id=3152740 launched_at=2026-09-05T12:16:44.366721+00:00
  Dataset info:
    - Frequency: M
    - Num series: 1
    - Target dim: 4
    - Target mode: univariate
    - Series length: min=114, max=114, avg=114.0
    - Test split: 36 steps
    - Prediction length: 12
    - Windows: 3
    - Season length: 12
    Total instances: 12, Series during experiment: 4, Windows: 3
    Collecting ground truth and context...
    Detected to_univariate case: 4 flat series -> 1 series x 4 variates
    Organizing data into arrays...
    ⚠️  Predictions max value (1183631.39) exceeds float16 safe range.
    ⚠️  Applying scale factor: 100 (values will be divided)
    Saved predictions (quantiles) to /fslarge/scratch/users/h61084/codes/improved/outputs/results/expe_uni/seasonal_naive/univariate/Housing_Inventory/M/short/run_0/predictions.npz
    Computing per-window metrics...
    Saved metrics to /fslarge/scratch/users/h61084/codes/improved/outputs/results/expe_uni/seasonal_naive/univariate/Housing_Inventory/M/short/run_0/metrics.npz
    Saved config to /fslarge/scratch/users/h61084/codes/improved/outputs/results/expe_uni/seasonal_naive/univariate/Housing_Inventory/M/short/run_0/config.json
    Saved aggregate metrics to /fslarge/scratch/users/h61084/codes/improved/outputs/results/expe_uni/seasonal_naive/univariate/Housing_Inventory/M/short/run_0/metrics_summary.json
    Metrics summary (averaged over all series/windows/variates):
      MSE: 7766312740.4897
      MAE: 41315.5937
      RMSE: 46064.9780
      MAPE: 0.0928
      sMAPE: 0.1041
      MASE: 0.7779
      ND: 0.0917
      CRPS: 0.0692
  Completed: 1 series x 3 windows
  Output: /fslarge/scratch/users/h61084/codes/improved/outputs/results/expe_uni/seasonal_naive/univariate/Housing_Inventory/M/short/run_0

============================================================
All experiments completed!
Results saved to: /scratch/users/h61084/codes/improved/outputs/results/expe_uni
============================================================

############################################################
# All 1 dataset(s) completed!
############################################################

############################################################
# Dataset 1/1: JOLTS/M
############################################################
Loading configuration...

============================================================
Model: Seasonal Naive
Dataset: JOLTS/M
Terms: ['short']
============================================================

--- Term: short ---
  Config: prediction_length=12, test_length=60, val_length=12
TIME run allocation action=new run=/fslarge/scratch/users/h61084/codes/improved/outputs/results/expe_uni/seasonal_naive/univariate/JOLTS/M/short/run_0 launch_id=selena_20260905T115114Z_25365 slurm_job_id=3152740 launched_at=2026-09-05T12:16:49.941041+00:00
  Dataset info:
    - Frequency: M
    - Num series: 1
    - Target dim: 6
    - Target mode: univariate
    - Series length: min=297, max=297, avg=297.0
    - Test split: 60 steps
    - Prediction length: 12
    - Windows: 5
    - Season length: 12
    Total instances: 30, Series during experiment: 6, Windows: 5
    Collecting ground truth and context...
    Detected to_univariate case: 6 flat series -> 1 series x 6 variates
    Organizing data into arrays...
    Saved predictions (quantiles) to /fslarge/scratch/users/h61084/codes/improved/outputs/results/expe_uni/seasonal_naive/univariate/JOLTS/M/short/run_0/predictions.npz
    Computing per-window metrics...
    Saved metrics to /fslarge/scratch/users/h61084/codes/improved/outputs/results/expe_uni/seasonal_naive/univariate/JOLTS/M/short/run_0/metrics.npz
    Saved config to /fslarge/scratch/users/h61084/codes/improved/outputs/results/expe_uni/seasonal_naive/univariate/JOLTS/M/short/run_0/config.json
    Saved aggregate metrics to /fslarge/scratch/users/h61084/codes/improved/outputs/results/expe_uni/seasonal_naive/univariate/JOLTS/M/short/run_0/metrics_summary.json
    Metrics summary (averaged over all series/windows/variates):
      MSE: 1121657.9283
      MAE: 573.1568
      RMSE: 703.4311
      MAPE: 0.1247
      sMAPE: 0.1253
      MASE: 1.6606
      ND: 0.1246
      CRPS: 0.1012
  Completed: 1 series x 5 windows
  Output: /fslarge/scratch/users/h61084/codes/improved/outputs/results/expe_uni/seasonal_naive/univariate/JOLTS/M/short/run_0

============================================================
All experiments completed!
Results saved to: /scratch/users/h61084/codes/improved/outputs/results/expe_uni
============================================================

############################################################
# All 1 dataset(s) completed!
############################################################

############################################################
# Dataset 1/1: US_Labor/M
############################################################
Loading configuration...

============================================================
Model: Seasonal Naive
Dataset: US_Labor/M
Terms: ['short']
============================================================

--- Term: short ---
  Config: prediction_length=12, test_length=60, val_length=12
TIME run allocation action=new run=/fslarge/scratch/users/h61084/codes/improved/outputs/results/expe_uni/seasonal_naive/univariate/US_Labor/M/short/run_0 launch_id=selena_20260905T115114Z_25365 slurm_job_id=3152740 launched_at=2026-09-05T12:16:55.617161+00:00
  Dataset info:
    - Frequency: M
    - Num series: 1
    - Target dim: 14
    - Target mode: univariate
    - Series length: min=380, max=380, avg=380.0
    - Test split: 60 steps
    - Prediction length: 12
    - Windows: 5
    - Season length: 12
    Total instances: 70, Series during experiment: 14, Windows: 5
    Collecting ground truth and context...
    Detected to_univariate case: 14 flat series -> 1 series x 14 variates
    Organizing data into arrays...
    ⚠️  Predictions max value (171950.53) exceeds float16 safe range.
    ⚠️  Applying scale factor: 10 (values will be divided)
    Saved predictions (quantiles) to /fslarge/scratch/users/h61084/codes/improved/outputs/results/expe_uni/seasonal_naive/univariate/US_Labor/M/short/run_0/predictions.npz
    Computing per-window metrics...
    Saved metrics to /fslarge/scratch/users/h61084/codes/improved/outputs/results/expe_uni/seasonal_naive/univariate/US_Labor/M/short/run_0/metrics.npz
    Saved config to /fslarge/scratch/users/h61084/codes/improved/outputs/results/expe_uni/seasonal_naive/univariate/US_Labor/M/short/run_0/config.json
    Saved aggregate metrics to /fslarge/scratch/users/h61084/codes/improved/outputs/results/expe_uni/seasonal_naive/univariate/US_Labor/M/short/run_0/metrics_summary.json
    Metrics summary (averaged over all series/windows/variates):
      MSE: 4403661.5049
      MAE: 894.8038
      RMSE: 976.6463
      MAPE: 0.1335
      sMAPE: 0.1218
      MASE: 1.8158
      ND: 0.1305
      CRPS: 0.1132
  Completed: 1 series x 5 windows
  Output: /fslarge/scratch/users/h61084/codes/improved/outputs/results/expe_uni/seasonal_naive/univariate/US_Labor/M/short/run_0

============================================================
All experiments completed!
Results saved to: /scratch/users/h61084/codes/improved/outputs/results/expe_uni
============================================================

############################################################
# All 1 dataset(s) completed!
############################################################

############################################################
# Dataset 1/1: Vehicle_Supply/M
############################################################
Loading configuration...

============================================================
Model: Seasonal Naive
Dataset: Vehicle_Supply/M
Terms: ['short']
============================================================

--- Term: short ---
  Config: prediction_length=12, test_length=60, val_length=12
TIME run allocation action=new run=/fslarge/scratch/users/h61084/codes/improved/outputs/results/expe_uni/seasonal_naive/univariate/Vehicle_Supply/M/short/run_0 launch_id=selena_20260905T115114Z_25365 slurm_job_id=3152740 launched_at=2026-09-05T12:17:01.584959+00:00
  Dataset info:
    - Frequency: M
    - Num series: 1
    - Target dim: 6
    - Target mode: univariate
    - Series length: min=391, max=391, avg=391.0
    - Test split: 60 steps
    - Prediction length: 12
    - Windows: 5
    - Season length: 12
    Total instances: 30, Series during experiment: 6, Windows: 5
    Collecting ground truth and context...
    Detected to_univariate case: 6 flat series -> 1 series x 6 variates
    Organizing data into arrays...
    Saved predictions (quantiles) to /fslarge/scratch/users/h61084/codes/improved/outputs/results/expe_uni/seasonal_naive/univariate/Vehicle_Supply/M/short/run_0/predictions.npz
    Computing per-window metrics...
    Saved metrics to /fslarge/scratch/users/h61084/codes/improved/outputs/results/expe_uni/seasonal_naive/univariate/Vehicle_Supply/M/short/run_0/metrics.npz
    Saved config to /fslarge/scratch/users/h61084/codes/improved/outputs/results/expe_uni/seasonal_naive/univariate/Vehicle_Supply/M/short/run_0/config.json
    Saved aggregate metrics to /fslarge/scratch/users/h61084/codes/improved/outputs/results/expe_uni/seasonal_naive/univariate/Vehicle_Supply/M/short/run_0/metrics_summary.json
    Metrics summary (averaged over all series/windows/variates):
      MSE: 5511.0932
      MAE: 31.9039
      RMSE: 36.7864
      MAPE: 0.4382
      sMAPE: 0.3042
      MASE: 1.1014
      ND: 0.4124
      CRPS: 0.3457
  Completed: 1 series x 5 windows
  Output: /fslarge/scratch/users/h61084/codes/improved/outputs/results/expe_uni/seasonal_naive/univariate/Vehicle_Supply/M/short/run_0

============================================================
All experiments completed!
Results saved to: /scratch/users/h61084/codes/improved/outputs/results/expe_uni
============================================================

############################################################
# All 1 dataset(s) completed!
############################################################

############################################################
# Dataset 1/1: Auto_Production_SF/M
############################################################
Loading configuration...

============================================================
Model: Seasonal Naive
Dataset: Auto_Production_SF/M
Terms: ['short']
============================================================

--- Term: short ---
  Config: prediction_length=12, test_length=60, val_length=12
TIME run allocation action=new run=/fslarge/scratch/users/h61084/codes/improved/outputs/results/expe_uni/seasonal_naive/univariate/Auto_Production_SF/M/short/run_0 launch_id=selena_20260905T115114Z_25365 slurm_job_id=3152740 launched_at=2026-09-05T12:17:07.243511+00:00
  Dataset info:
    - Frequency: M
    - Num series: 1
    - Target dim: 1
    - Target mode: univariate
    - Series length: min=367, max=367, avg=367.0
    - Test split: 60 steps
    - Prediction length: 12
    - Windows: 5
    - Season length: 12
    Total instances: 5, Series during experiment: 1, Windows: 5
    Collecting ground truth and context...
    Organizing data into arrays...
    Saved predictions (quantiles) to /fslarge/scratch/users/h61084/codes/improved/outputs/results/expe_uni/seasonal_naive/univariate/Auto_Production_SF/M/short/run_0/predictions.npz
    Computing per-window metrics...
    Saved metrics to /fslarge/scratch/users/h61084/codes/improved/outputs/results/expe_uni/seasonal_naive/univariate/Auto_Production_SF/M/short/run_0/metrics.npz
    Saved config to /fslarge/scratch/users/h61084/codes/improved/outputs/results/expe_uni/seasonal_naive/univariate/Auto_Production_SF/M/short/run_0/config.json
    Saved aggregate metrics to /fslarge/scratch/users/h61084/codes/improved/outputs/results/expe_uni/seasonal_naive/univariate/Auto_Production_SF/M/short/run_0/metrics_summary.json
    Metrics summary (averaged over all series/windows/variates):
      MSE: 28.1698
      MAE: 3.9740
      RMSE: 4.9496
      MAPE: 0.0411
      sMAPE: 0.0408
      MASE: 1.0048
      ND: 0.0398
      CRPS: 0.0321
  Completed: 1 series x 5 windows
  Output: /fslarge/scratch/users/h61084/codes/improved/outputs/results/expe_uni/seasonal_naive/univariate/Auto_Production_SF/M/short/run_0

============================================================
All experiments completed!
Results saved to: /scratch/users/h61084/codes/improved/outputs/results/expe_uni
============================================================

############################################################
# All 1 dataset(s) completed!
############################################################

############################################################
# Dataset 1/1: Commodity_Production/M
############################################################
Loading configuration...

============================================================
Model: Seasonal Naive
Dataset: Commodity_Production/M
Terms: ['short']
============================================================

--- Term: short ---
  Config: prediction_length=12, test_length=60, val_length=12
TIME run allocation action=new run=/fslarge/scratch/users/h61084/codes/improved/outputs/results/expe_uni/seasonal_naive/univariate/Commodity_Production/M/short/run_0 launch_id=selena_20260905T115114Z_25365 slurm_job_id=3152740 launched_at=2026-09-05T12:17:12.686903+00:00
  Dataset info:
    - Frequency: M
    - Num series: 32
    - Target dim: 1
    - Target mode: univariate
    - Series length: min=120, max=648, avg=325.1
    - Test split: 60 steps
    - Prediction length: 12
    - Windows: 5
    - Season length: 12
    Total instances: 160, Series during experiment: 32, Windows: 5
    Collecting ground truth and context...
    Organizing data into arrays...
    Saved predictions (quantiles) to /fslarge/scratch/users/h61084/codes/improved/outputs/results/expe_uni/seasonal_naive/univariate/Commodity_Production/M/short/run_0/predictions.npz
    Computing per-window metrics...
    Saved metrics to /fslarge/scratch/users/h61084/codes/improved/outputs/results/expe_uni/seasonal_naive/univariate/Commodity_Production/M/short/run_0/metrics.npz
    Saved config to /fslarge/scratch/users/h61084/codes/improved/outputs/results/expe_uni/seasonal_naive/univariate/Commodity_Production/M/short/run_0/config.json
    Saved aggregate metrics to /fslarge/scratch/users/h61084/codes/improved/outputs/results/expe_uni/seasonal_naive/univariate/Commodity_Production/M/short/run_0/metrics_summary.json
    Metrics summary (averaged over all series/windows/variates):
      MSE: 79255.9775
      MAE: 85.1122
      RMSE: 97.5498
      MAPE: 0.2772
      sMAPE: 0.2218
      MASE: 1.2453
      ND: 0.2211
      CRPS: 0.1790
  Completed: 32 series x 5 windows
  Output: /fslarge/scratch/users/h61084/codes/improved/outputs/results/expe_uni/seasonal_naive/univariate/Commodity_Production/M/short/run_0

============================================================
All experiments completed!
Results saved to: /scratch/users/h61084/codes/improved/outputs/results/expe_uni
============================================================

############################################################
# All 1 dataset(s) completed!
############################################################

############################################################
# Dataset 1/1: Commodity_Import/M
############################################################
Loading configuration...

============================================================
Model: Seasonal Naive
Dataset: Commodity_Import/M
Terms: ['short']
============================================================

--- Term: short ---
  Config: prediction_length=12, test_length=60, val_length=12
TIME run allocation action=new run=/fslarge/scratch/users/h61084/codes/improved/outputs/results/expe_uni/seasonal_naive/univariate/Commodity_Import/M/short/run_0 launch_id=selena_20260905T115114Z_25365 slurm_job_id=3152740 launched_at=2026-09-05T12:17:19.240629+00:00
  Dataset info:
    - Frequency: M
    - Num series: 8
    - Target dim: 1
    - Target mode: univariate
    - Series length: min=254, max=1240, avg=697.2
    - Test split: 60 steps
    - Prediction length: 12
    - Windows: 5
    - Season length: 12
    Total instances: 40, Series during experiment: 8, Windows: 5
    Collecting ground truth and context...
    Organizing data into arrays...
    Saved predictions (quantiles) to /fslarge/scratch/users/h61084/codes/improved/outputs/results/expe_uni/seasonal_naive/univariate/Commodity_Import/M/short/run_0/predictions.npz
    Computing per-window metrics...
    Saved metrics to /fslarge/scratch/users/h61084/codes/improved/outputs/results/expe_uni/seasonal_naive/univariate/Commodity_Import/M/short/run_0/metrics.npz
    Saved config to /fslarge/scratch/users/h61084/codes/improved/outputs/results/expe_uni/seasonal_naive/univariate/Commodity_Import/M/short/run_0/config.json
    Saved aggregate metrics to /fslarge/scratch/users/h61084/codes/improved/outputs/results/expe_uni/seasonal_naive/univariate/Commodity_Import/M/short/run_0/metrics_summary.json
    Metrics summary (averaged over all series/windows/variates):
      MSE: 1986894.5085
      MAE: 608.2993
      RMSE: 732.4744
      MAPE: 0.3509
      sMAPE: 0.2768
      MASE: 1.8384
      ND: 0.3037
      CRPS: 0.3145
  Completed: 8 series x 5 windows
  Output: /fslarge/scratch/users/h61084/codes/improved/outputs/results/expe_uni/seasonal_naive/univariate/Commodity_Import/M/short/run_0

============================================================
All experiments completed!
Results saved to: /scratch/users/h61084/codes/improved/outputs/results/expe_uni
============================================================

############################################################
# All 1 dataset(s) completed!
############################################################

############################################################
# Dataset 1/1: WUI_Global/Q
############################################################
Loading configuration...

============================================================
Model: Seasonal Naive
Dataset: WUI_Global/Q
Terms: ['short']
============================================================

--- Term: short ---
  Config: prediction_length=4, test_length=20, val_length=20
TIME run allocation action=new run=/fslarge/scratch/users/h61084/codes/improved/outputs/results/expe_uni/seasonal_naive/univariate/WUI_Global/Q/short/run_0 launch_id=selena_20260905T115114Z_25365 slurm_job_id=3152740 launched_at=2026-09-05T12:17:25.018324+00:00
  Dataset info:
    - Frequency: Q
    - Num series: 1
    - Target dim: 15
    - Target mode: univariate
    - Series length: min=294, max=294, avg=294.0
    - Test split: 20 steps
    - Prediction length: 4
    - Windows: 5
    - Season length: 4
    Total instances: 75, Series during experiment: 15, Windows: 5
    Collecting ground truth and context...
    Detected to_univariate case: 15 flat series -> 1 series x 15 variates
    Organizing data into arrays...
    Saved predictions (quantiles) to /fslarge/scratch/users/h61084/codes/improved/outputs/results/expe_uni/seasonal_naive/univariate/WUI_Global/Q/short/run_0/predictions.npz
    Computing per-window metrics...
    Saved metrics to /fslarge/scratch/users/h61084/codes/improved/outputs/results/expe_uni/seasonal_naive/univariate/WUI_Global/Q/short/run_0/metrics.npz
    Saved config to /fslarge/scratch/users/h61084/codes/improved/outputs/results/expe_uni/seasonal_naive/univariate/WUI_Global/Q/short/run_0/config.json
    Saved aggregate metrics to /fslarge/scratch/users/h61084/codes/improved/outputs/results/expe_uni/seasonal_naive/univariate/WUI_Global/Q/short/run_0/metrics_summary.json
    Metrics summary (averaged over all series/windows/variates):
      MSE: 0.0757
      MAE: 0.1955
      RMSE: 0.2329
      MAPE: 0.8995
      sMAPE: 0.8213
      MASE: 1.2827
      ND: 0.9923
      CRPS: 0.7998
  Completed: 1 series x 5 windows
  Output: /fslarge/scratch/users/h61084/codes/improved/outputs/results/expe_uni/seasonal_naive/univariate/WUI_Global/Q/short/run_0

============================================================
All experiments completed!
Results saved to: /scratch/users/h61084/codes/improved/outputs/results/expe_uni
============================================================

############################################################
# All 1 dataset(s) completed!
############################################################

############################################################
# Dataset 1/1: Global_Price/Q
############################################################
Loading configuration...

============================================================
Model: Seasonal Naive
Dataset: Global_Price/Q
Terms: ['short']
============================================================

--- Term: short ---
  Config: prediction_length=4, test_length=20, val_length=8
TIME run allocation action=new run=/fslarge/scratch/users/h61084/codes/improved/outputs/results/expe_uni/seasonal_naive/univariate/Global_Price/Q/short/run_0 launch_id=selena_20260905T115114Z_25365 slurm_job_id=3152740 launched_at=2026-09-05T12:17:30.916951+00:00
  Dataset info:
    - Frequency: Q
    - Num series: 1
    - Target dim: 60
    - Target mode: univariate
    - Series length: min=142, max=142, avg=142.0
    - Test split: 20 steps
    - Prediction length: 4
    - Windows: 5
    - Season length: 4
    Total instances: 300, Series during experiment: 60, Windows: 5
    Collecting ground truth and context...
    Detected to_univariate case: 60 flat series -> 1 series x 60 variates
    Organizing data into arrays...
    Saved predictions (quantiles) to /fslarge/scratch/users/h61084/codes/improved/outputs/results/expe_uni/seasonal_naive/univariate/Global_Price/Q/short/run_0/predictions.npz
    Computing per-window metrics...
    Saved metrics to /fslarge/scratch/users/h61084/codes/improved/outputs/results/expe_uni/seasonal_naive/univariate/Global_Price/Q/short/run_0/metrics.npz
    Saved config to /fslarge/scratch/users/h61084/codes/improved/outputs/results/expe_uni/seasonal_naive/univariate/Global_Price/Q/short/run_0/config.json
    Saved aggregate metrics to /fslarge/scratch/users/h61084/codes/improved/outputs/results/expe_uni/seasonal_naive/univariate/Global_Price/Q/short/run_0/metrics_summary.json
    Metrics summary (averaged over all series/windows/variates):
      MSE: 2726503.2288
      MAE: 380.1677
      RMSE: 425.0541
      MAPE: 0.2200
      sMAPE: 0.2254
      MASE: 1.8637
      ND: 0.2192
      CRPS: 0.1818
  Completed: 1 series x 5 windows
  Output: /fslarge/scratch/users/h61084/codes/improved/outputs/results/expe_uni/seasonal_naive/univariate/Global_Price/Q/short/run_0

============================================================
All experiments completed!
Results saved to: /scratch/users/h61084/codes/improved/outputs/results/expe_uni
============================================================

############################################################
# All 1 dataset(s) completed!
############################################################

############################################################
# Dataset 1/1: Vehicle_Sales/M
############################################################
Loading configuration...

============================================================
Model: Seasonal Naive
Dataset: Vehicle_Sales/M
Terms: ['short']
============================================================

--- Term: short ---
  Config: prediction_length=12, test_length=60, val_length=12
TIME run allocation action=new run=/fslarge/scratch/users/h61084/codes/improved/outputs/results/expe_uni/seasonal_naive/univariate/Vehicle_Sales/M/short/run_0 launch_id=selena_20260905T115114Z_25365 slurm_job_id=3152740 launched_at=2026-09-05T12:17:37.671985+00:00
  Dataset info:
    - Frequency: M
    - Num series: 1
    - Target dim: 10
    - Target mode: univariate
    - Series length: min=596, max=596, avg=596.0
    - Test split: 60 steps
    - Prediction length: 12
    - Windows: 5
    - Season length: 12
    Total instances: 50, Series during experiment: 10, Windows: 5
    Collecting ground truth and context...
    Detected to_univariate case: 10 flat series -> 1 series x 10 variates
    Organizing data into arrays...
    Saved predictions (quantiles) to /fslarge/scratch/users/h61084/codes/improved/outputs/results/expe_uni/seasonal_naive/univariate/Vehicle_Sales/M/short/run_0/predictions.npz
    Computing per-window metrics...
    Saved metrics to /fslarge/scratch/users/h61084/codes/improved/outputs/results/expe_uni/seasonal_naive/univariate/Vehicle_Sales/M/short/run_0/metrics.npz
    Saved config to /fslarge/scratch/users/h61084/codes/improved/outputs/results/expe_uni/seasonal_naive/univariate/Vehicle_Sales/M/short/run_0/config.json
    Saved aggregate metrics to /fslarge/scratch/users/h61084/codes/improved/outputs/results/expe_uni/seasonal_naive/univariate/Vehicle_Sales/M/short/run_0/metrics_summary.json
    Metrics summary (averaged over all series/windows/variates):
      MSE: 4568.6587
      MAE: 15.8109
      RMSE: 19.5170
      MAPE: 0.1308
      sMAPE: 0.1307
      MASE: 1.2967
      ND: 0.1318
      CRPS: 0.1100
  Completed: 1 series x 5 windows
  Output: /fslarge/scratch/users/h61084/codes/improved/outputs/results/expe_uni/seasonal_naive/univariate/Vehicle_Sales/M/short/run_0

============================================================
All experiments completed!
Results saved to: /scratch/users/h61084/codes/improved/outputs/results/expe_uni
============================================================

############################################################
# All 1 dataset(s) completed!
############################################################

############################################################
# Dataset 1/1: Online_Retail_2_UCI/D
############################################################
Loading configuration...

============================================================
Model: Seasonal Naive
Dataset: Online_Retail_2_UCI/D
Terms: ['short']
============================================================

--- Term: short ---
  Config: prediction_length=30, test_length=180, val_length=90
TIME run allocation action=new run=/fslarge/scratch/users/h61084/codes/improved/outputs/results/expe_uni/seasonal_naive/univariate/Online_Retail_2_UCI/D/short/run_0 launch_id=selena_20260905T115114Z_25365 slurm_job_id=3152740 launched_at=2026-09-05T12:17:43.539065+00:00
  Dataset info:
    - Frequency: D
    - Num series: 1
    - Target dim: 1
    - Target mode: univariate
    - Series length: min=739, max=739, avg=739.0
    - Test split: 180 steps
    - Prediction length: 30
    - Windows: 6
    - Season length: 1
    Total instances: 6, Series during experiment: 1, Windows: 6
    Collecting ground truth and context...
    Organizing data into arrays...
    ⚠️  Predictions max value (227947.41) exceeds float16 safe range.
    ⚠️  Applying scale factor: 10 (values will be divided)
    Saved predictions (quantiles) to /fslarge/scratch/users/h61084/codes/improved/outputs/results/expe_uni/seasonal_naive/univariate/Online_Retail_2_UCI/D/short/run_0/predictions.npz
    Computing per-window metrics...
    Saved metrics to /fslarge/scratch/users/h61084/codes/improved/outputs/results/expe_uni/seasonal_naive/univariate/Online_Retail_2_UCI/D/short/run_0/metrics.npz
    Saved config to /fslarge/scratch/users/h61084/codes/improved/outputs/results/expe_uni/seasonal_naive/univariate/Online_Retail_2_UCI/D/short/run_0/config.json
    Saved aggregate metrics to /fslarge/scratch/users/h61084/codes/improved/outputs/results/expe_uni/seasonal_naive/univariate/Online_Retail_2_UCI/D/short/run_0/metrics_summary.json
    Metrics summary (averaged over all series/windows/variates):
      MSE: 1178542502.9654
      MAE: 25814.2173
      RMSE: 32004.3270
      MAPE: 0.7871
      sMAPE: 0.9535
      MASE: 1.5693
      ND: 0.8232
      CRPS: 0.8510
  Completed: 1 series x 6 windows
  Output: /fslarge/scratch/users/h61084/codes/improved/outputs/results/expe_uni/seasonal_naive/univariate/Online_Retail_2_UCI/D/short/run_0

============================================================
All experiments completed!
Results saved to: /scratch/users/h61084/codes/improved/outputs/results/expe_uni
============================================================

############################################################
# All 1 dataset(s) completed!
############################################################

############################################################
# Dataset 1/1: Supply_Chain_Customer/D
############################################################
Loading configuration...

============================================================
Model: Seasonal Naive
Dataset: Supply_Chain_Customer/D
Terms: ['short']
============================================================

--- Term: short ---
  Config: prediction_length=30, test_length=365, val_length=90
TIME run allocation action=new run=/fslarge/scratch/users/h61084/codes/improved/outputs/results/expe_uni/seasonal_naive/univariate/Supply_Chain_Customer/D/short/run_0 launch_id=selena_20260905T115114Z_25365 slurm_job_id=3152740 launched_at=2026-09-05T12:17:49.054264+00:00
  Dataset info:
    - Frequency: D
    - Num series: 1
    - Target dim: 36
    - Target mode: univariate
    - Series length: min=2007, max=2007, avg=2007.0
    - Test split: 365 steps
    - Prediction length: 30
    - Windows: 12
    - Season length: 1
    Total instances: 432, Series during experiment: 36, Windows: 12
    Collecting ground truth and context...
    Detected to_univariate case: 36 flat series -> 1 series x 36 variates
    Organizing data into arrays...
    ⚠️  Predictions max value (475292.59) exceeds float16 safe range.
    ⚠️  Applying scale factor: 10 (values will be divided)
    Saved predictions (quantiles) to /fslarge/scratch/users/h61084/codes/improved/outputs/results/expe_uni/seasonal_naive/univariate/Supply_Chain_Customer/D/short/run_0/predictions.npz
    Computing per-window metrics...
    Saved metrics to /fslarge/scratch/users/h61084/codes/improved/outputs/results/expe_uni/seasonal_naive/univariate/Supply_Chain_Customer/D/short/run_0/metrics.npz
    Saved config to /fslarge/scratch/users/h61084/codes/improved/outputs/results/expe_uni/seasonal_naive/univariate/Supply_Chain_Customer/D/short/run_0/config.json
    Saved aggregate metrics to /fslarge/scratch/users/h61084/codes/improved/outputs/results/expe_uni/seasonal_naive/univariate/Supply_Chain_Customer/D/short/run_0/metrics_summary.json
    Metrics summary (averaged over all series/windows/variates):
      MSE: 178533366.9948
      MAE: 4768.1505
      RMSE: 5742.3361
      MAPE: 1.6401
      sMAPE: 0.9574
      MASE: 1.6558
      ND: 0.9710
      CRPS: 1.0656
  Completed: 1 series x 12 windows
  Output: /fslarge/scratch/users/h61084/codes/improved/outputs/results/expe_uni/seasonal_naive/univariate/Supply_Chain_Customer/D/short/run_0

============================================================
All experiments completed!
Results saved to: /scratch/users/h61084/codes/improved/outputs/results/expe_uni
============================================================

############################################################
# All 1 dataset(s) completed!
############################################################

############################################################
# Dataset 1/1: Supply_Chain_Location/D
############################################################
Loading configuration...

============================================================
Model: Seasonal Naive
Dataset: Supply_Chain_Location/D
Terms: ['short']
============================================================

--- Term: short ---
  Config: prediction_length=30, test_length=365, val_length=90
TIME run allocation action=new run=/fslarge/scratch/users/h61084/codes/improved/outputs/results/expe_uni/seasonal_naive/univariate/Supply_Chain_Location/D/short/run_0 launch_id=selena_20260905T115114Z_25365 slurm_job_id=3152740 launched_at=2026-09-05T12:17:58.947728+00:00
  Dataset info:
    - Frequency: D
    - Num series: 1
    - Target dim: 51
    - Target mode: univariate
    - Series length: min=2007, max=2007, avg=2007.0
    - Test split: 365 steps
    - Prediction length: 30
    - Windows: 12
    - Season length: 1
    Total instances: 612, Series during experiment: 51, Windows: 12
    Collecting ground truth and context...
    Detected to_univariate case: 51 flat series -> 1 series x 51 variates
    Organizing data into arrays...
    ⚠️  Predictions max value (239682.15) exceeds float16 safe range.
    ⚠️  Applying scale factor: 10 (values will be divided)
    Saved predictions (quantiles) to /fslarge/scratch/users/h61084/codes/improved/outputs/results/expe_uni/seasonal_naive/univariate/Supply_Chain_Location/D/short/run_0/predictions.npz
    Computing per-window metrics...
    Saved metrics to /fslarge/scratch/users/h61084/codes/improved/outputs/results/expe_uni/seasonal_naive/univariate/Supply_Chain_Location/D/short/run_0/metrics.npz
    Saved config to /fslarge/scratch/users/h61084/codes/improved/outputs/results/expe_uni/seasonal_naive/univariate/Supply_Chain_Location/D/short/run_0/config.json
    Saved aggregate metrics to /fslarge/scratch/users/h61084/codes/improved/outputs/results/expe_uni/seasonal_naive/univariate/Supply_Chain_Location/D/short/run_0/metrics_summary.json
    Metrics summary (averaged over all series/windows/variates):
      MSE: 80962734.4111
      MAE: 3759.5460
      RMSE: 4545.9147
      MAPE: 1.6141
      sMAPE: 0.9268
      MASE: 1.5480
      ND: 0.9125
      CRPS: 1.0503
  Completed: 1 series x 12 windows
  Output: /fslarge/scratch/users/h61084/codes/improved/outputs/results/expe_uni/seasonal_naive/univariate/Supply_Chain_Location/D/short/run_0

============================================================
All experiments completed!
Results saved to: /scratch/users/h61084/codes/improved/outputs/results/expe_uni
============================================================

############################################################
# All 1 dataset(s) completed!
############################################################

############################################################
# Dataset 1/1: azure2019_D/5T
############################################################
Loading configuration...

============================================================
Model: Seasonal Naive
Dataset: azure2019_D/5T
Terms: ['short']
============================================================

--- Term: short ---
  Config: prediction_length=288, test_length=864, val_length=864
TIME run allocation action=new run=/fslarge/scratch/users/h61084/codes/improved/outputs/results/expe_uni/seasonal_naive/univariate/azure2019_D/5T/short/run_0 launch_id=selena_20260905T115114Z_25365 slurm_job_id=3152740 launched_at=2026-09-05T12:18:10.791110+00:00
  Dataset info:
    - Frequency: 5T
    - Num series: 989
    - Target dim: 3
    - Target mode: univariate
    - Series length: min=8073, max=8639, avg=8627.0
    - Test split: 864 steps
    - Prediction length: 288
    - Windows: 3
    - Season length: 288
    Total instances: 8901, Series during experiment: 2967, Windows: 3
    Collecting ground truth and context...
    Detected to_univariate case: 2967 flat series -> 989 series x 3 variates
    Organizing data into arrays...
    Saved predictions (quantiles) to /fslarge/scratch/users/h61084/codes/improved/outputs/results/expe_uni/seasonal_naive/univariate/azure2019_D/5T/short/run_0/predictions.npz
    Computing per-window metrics...
    Saved metrics to /fslarge/scratch/users/h61084/codes/improved/outputs/results/expe_uni/seasonal_naive/univariate/azure2019_D/5T/short/run_0/metrics.npz
    Saved config to /fslarge/scratch/users/h61084/codes/improved/outputs/results/expe_uni/seasonal_naive/univariate/azure2019_D/5T/short/run_0/config.json
    Saved aggregate metrics to /fslarge/scratch/users/h61084/codes/improved/outputs/results/expe_uni/seasonal_naive/univariate/azure2019_D/5T/short/run_0/metrics_summary.json
    Metrics summary (averaged over all series/windows/variates):
      MSE: 107.9796
      MAE: 3.9010
      RMSE: 5.2918
      MAPE: 0.4014
      sMAPE: 0.2677
      MASE: 1.0937
      ND: 0.3034
      CRPS: 0.2932
  Completed: 989 series x 3 windows
  Output: /fslarge/scratch/users/h61084/codes/improved/outputs/results/expe_uni/seasonal_naive/univariate/azure2019_D/5T/short/run_0

============================================================
All experiments completed!
Results saved to: /scratch/users/h61084/codes/improved/outputs/results/expe_uni
============================================================

############################################################
# All 1 dataset(s) completed!
############################################################

############################################################
# Dataset 1/1: azure2019_I/5T
############################################################
Loading configuration...

============================================================
Model: Seasonal Naive
Dataset: azure2019_I/5T
Terms: ['short']
============================================================

--- Term: short ---
  Config: prediction_length=288, test_length=864, val_length=864
TIME run allocation action=new run=/fslarge/scratch/users/h61084/codes/improved/outputs/results/expe_uni/seasonal_naive/univariate/azure2019_I/5T/short/run_0 launch_id=selena_20260905T115114Z_25365 slurm_job_id=3152740 launched_at=2026-09-05T12:28:45.703375+00:00
  Dataset info:
    - Frequency: 5T
    - Num series: 492
    - Target dim: 3
    - Target mode: univariate
    - Series length: min=8250, max=8639, avg=8630.4
    - Test split: 864 steps
    - Prediction length: 288
    - Windows: 3
    - Season length: 288
    Total instances: 4428, Series during experiment: 1476, Windows: 3
    Collecting ground truth and context...
    Detected to_univariate case: 1476 flat series -> 492 series x 3 variates
    Organizing data into arrays...
    Saved predictions (quantiles) to /fslarge/scratch/users/h61084/codes/improved/outputs/results/expe_uni/seasonal_naive/univariate/azure2019_I/5T/short/run_0/predictions.npz
    Computing per-window metrics...
    Saved metrics to /fslarge/scratch/users/h61084/codes/improved/outputs/results/expe_uni/seasonal_naive/univariate/azure2019_I/5T/short/run_0/metrics.npz
    Saved config to /fslarge/scratch/users/h61084/codes/improved/outputs/results/expe_uni/seasonal_naive/univariate/azure2019_I/5T/short/run_0/config.json
    Saved aggregate metrics to /fslarge/scratch/users/h61084/codes/improved/outputs/results/expe_uni/seasonal_naive/univariate/azure2019_I/5T/short/run_0/metrics_summary.json
    Metrics summary (averaged over all series/windows/variates):
      MSE: 79.9597
      MAE: 3.2295
      RMSE: 4.5035
      MAPE: 0.3750
      sMAPE: 0.2283
      MASE: 1.0148
      ND: 0.2494
      CRPS: 0.2288
  Completed: 492 series x 3 windows
  Output: /fslarge/scratch/users/h61084/codes/improved/outputs/results/expe_uni/seasonal_naive/univariate/azure2019_I/5T/short/run_0

============================================================
All experiments completed!
Results saved to: /scratch/users/h61084/codes/improved/outputs/results/expe_uni
============================================================

############################################################
# All 1 dataset(s) completed!
############################################################

############################################################
# Dataset 1/1: azure2019_U/5T
############################################################
Loading configuration...

============================================================
Model: Seasonal Naive
Dataset: azure2019_U/5T
Terms: ['short']
============================================================

--- Term: short ---
  Config: prediction_length=48, test_length=288, val_length=96
TIME run allocation action=new run=/fslarge/scratch/users/h61084/codes/improved/outputs/results/expe_uni/seasonal_naive/univariate/azure2019_U/5T/short/run_0 launch_id=selena_20260905T115114Z_25365 slurm_job_id=3152740 launched_at=2026-09-05T12:34:02.008792+00:00
  Dataset info:
    - Frequency: 5T
    - Num series: 78
    - Target dim: 3
    - Target mode: univariate
    - Series length: min=882, max=2006, avg=1406.1
    - Test split: 288 steps
    - Prediction length: 48
    - Windows: 6
    - Season length: 288
    Total instances: 1404, Series during experiment: 234, Windows: 6
    Collecting ground truth and context...
    Detected to_univariate case: 234 flat series -> 78 series x 3 variates
    Organizing data into arrays...
    Saved predictions (quantiles) to /fslarge/scratch/users/h61084/codes/improved/outputs/results/expe_uni/seasonal_naive/univariate/azure2019_U/5T/short/run_0/predictions.npz
    Computing per-window metrics...
    Saved metrics to /fslarge/scratch/users/h61084/codes/improved/outputs/results/expe_uni/seasonal_naive/univariate/azure2019_U/5T/short/run_0/metrics.npz
    Saved config to /fslarge/scratch/users/h61084/codes/improved/outputs/results/expe_uni/seasonal_naive/univariate/azure2019_U/5T/short/run_0/config.json
    Saved aggregate metrics to /fslarge/scratch/users/h61084/codes/improved/outputs/results/expe_uni/seasonal_naive/univariate/azure2019_U/5T/short/run_0/metrics_summary.json
    Metrics summary (averaged over all series/windows/variates):
      MSE: 139.7840
      MAE: 4.1545
      RMSE: 5.3190
      MAPE: 0.7616
      sMAPE: 0.3473
      MASE: 1.1539
      ND: 0.4682
      CRPS: 0.5772
  Completed: 78 series x 6 windows
  Output: /fslarge/scratch/users/h61084/codes/improved/outputs/results/expe_uni/seasonal_naive/univariate/azure2019_U/5T/short/run_0

============================================================
All experiments completed!
Results saved to: /scratch/users/h61084/codes/improved/outputs/results/expe_uni
============================================================

############################################################
# All 1 dataset(s) completed!
############################################################

############################################################
# Dataset 1/1: Smart_Manufacturing/H
############################################################
Loading configuration...

============================================================
Model: Seasonal Naive
Dataset: Smart_Manufacturing/H
Terms: ['short', 'medium', 'long']
============================================================

--- Term: short ---
  Config: prediction_length=24, test_length=336, val_length=336
TIME run allocation action=new run=/fslarge/scratch/users/h61084/codes/improved/outputs/results/expe_uni/seasonal_naive/univariate/Smart_Manufacturing/H/short/run_0 launch_id=selena_20260905T115114Z_25365 slurm_job_id=3152740 launched_at=2026-09-05T12:34:27.667683+00:00
  Dataset info:
    - Frequency: H
    - Num series: 34
    - Target dim: 5
    - Target mode: univariate
    - Series length: min=1661, max=1667, avg=1665.9
    - Test split: 336 steps
    - Prediction length: 24
    - Windows: 14
    - Season length: 24
    Total instances: 2380, Series during experiment: 170, Windows: 14
    Collecting ground truth and context...
    Detected to_univariate case: 170 flat series -> 34 series x 5 variates
    Organizing data into arrays...
    Saved predictions (quantiles) to /fslarge/scratch/users/h61084/codes/improved/outputs/results/expe_uni/seasonal_naive/univariate/Smart_Manufacturing/H/short/run_0/predictions.npz
    Computing per-window metrics...
    Saved metrics to /fslarge/scratch/users/h61084/codes/improved/outputs/results/expe_uni/seasonal_naive/univariate/Smart_Manufacturing/H/short/run_0/metrics.npz
    Saved config to /fslarge/scratch/users/h61084/codes/improved/outputs/results/expe_uni/seasonal_naive/univariate/Smart_Manufacturing/H/short/run_0/config.json
    Saved aggregate metrics to /fslarge/scratch/users/h61084/codes/improved/outputs/results/expe_uni/seasonal_naive/univariate/Smart_Manufacturing/H/short/run_0/metrics_summary.json
    Metrics summary (averaged over all series/windows/variates):
      MSE: 159.2843
      MAE: 8.1422
      RMSE: 10.0316
      MAPE: 0.4183
      sMAPE: 0.3172
      MASE: 1.0062
      ND: 0.3050
      CRPS: 0.2356
  Completed: 34 series x 14 windows
  Output: /fslarge/scratch/users/h61084/codes/improved/outputs/results/expe_uni/seasonal_naive/univariate/Smart_Manufacturing/H/short/run_0

--- Term: medium ---
  Config: prediction_length=168, test_length=336, val_length=336
TIME run allocation action=new run=/fslarge/scratch/users/h61084/codes/improved/outputs/results/expe_uni/seasonal_naive/univariate/Smart_Manufacturing/H/medium/run_0 launch_id=selena_20260905T115114Z_25365 slurm_job_id=3152740 launched_at=2026-09-05T12:34:50.691722+00:00
  Dataset info:
    - Frequency: H
    - Num series: 34
    - Target dim: 5
    - Target mode: univariate
    - Series length: min=1661, max=1667, avg=1665.9
    - Test split: 336 steps
    - Prediction length: 168
    - Windows: 2
    - Season length: 24
    Total instances: 340, Series during experiment: 170, Windows: 2
    Collecting ground truth and context...
    Detected to_univariate case: 170 flat series -> 34 series x 5 variates
    Organizing data into arrays...
    Saved predictions (quantiles) to /fslarge/scratch/users/h61084/codes/improved/outputs/results/expe_uni/seasonal_naive/univariate/Smart_Manufacturing/H/medium/run_0/predictions.npz
    Computing per-window metrics...
    Saved metrics to /fslarge/scratch/users/h61084/codes/improved/outputs/results/expe_uni/seasonal_naive/univariate/Smart_Manufacturing/H/medium/run_0/metrics.npz
    Saved config to /fslarge/scratch/users/h61084/codes/improved/outputs/results/expe_uni/seasonal_naive/univariate/Smart_Manufacturing/H/medium/run_0/config.json
    Saved aggregate metrics to /fslarge/scratch/users/h61084/codes/improved/outputs/results/expe_uni/seasonal_naive/univariate/Smart_Manufacturing/H/medium/run_0/metrics_summary.json
    Metrics summary (averaged over all series/windows/variates):
      MSE: 171.2980
      MAE: 8.4466
      RMSE: 10.5062
      MAPE: 0.4360
      sMAPE: 0.3328
      MASE: 1.0435
      ND: 0.3145
      CRPS: 0.2723
  Completed: 34 series x 2 windows
  Output: /fslarge/scratch/users/h61084/codes/improved/outputs/results/expe_uni/seasonal_naive/univariate/Smart_Manufacturing/H/medium/run_0

--- Term: long ---
  Config: prediction_length=336, test_length=336, val_length=336
TIME run allocation action=new run=/fslarge/scratch/users/h61084/codes/improved/outputs/results/expe_uni/seasonal_naive/univariate/Smart_Manufacturing/H/long/run_0 launch_id=selena_20260905T115114Z_25365 slurm_job_id=3152740 launched_at=2026-09-05T12:35:05.130059+00:00
  Dataset info:
    - Frequency: H
    - Num series: 34
    - Target dim: 5
    - Target mode: univariate
    - Series length: min=1661, max=1667, avg=1665.9
    - Test split: 336 steps
    - Prediction length: 336
    - Windows: 1
    - Season length: 24
    Total instances: 170, Series during experiment: 170, Windows: 1
    Collecting ground truth and context...
    Detected to_univariate case: 170 flat series -> 34 series x 5 variates
    Organizing data into arrays...
    Saved predictions (quantiles) to /fslarge/scratch/users/h61084/codes/improved/outputs/results/expe_uni/seasonal_naive/univariate/Smart_Manufacturing/H/long/run_0/predictions.npz
    Computing per-window metrics...
    Saved metrics to /fslarge/scratch/users/h61084/codes/improved/outputs/results/expe_uni/seasonal_naive/univariate/Smart_Manufacturing/H/long/run_0/metrics.npz
    Saved config to /fslarge/scratch/users/h61084/codes/improved/outputs/results/expe_uni/seasonal_naive/univariate/Smart_Manufacturing/H/long/run_0/config.json
    Saved aggregate metrics to /fslarge/scratch/users/h61084/codes/improved/outputs/results/expe_uni/seasonal_naive/univariate/Smart_Manufacturing/H/long/run_0/metrics_summary.json
    Metrics summary (averaged over all series/windows/variates):
      MSE: 174.2612
      MAE: 8.5340
      RMSE: 10.6117
      MAPE: 0.4466
      sMAPE: 0.3292
      MASE: 1.0551
      ND: 0.3171
      CRPS: 0.3187
  Completed: 34 series x 1 windows
  Output: /fslarge/scratch/users/h61084/codes/improved/outputs/results/expe_uni/seasonal_naive/univariate/Smart_Manufacturing/H/long/run_0

============================================================
All experiments completed!
Results saved to: /scratch/users/h61084/codes/improved/outputs/results/expe_uni
============================================================

############################################################
# All 1 dataset(s) completed!
############################################################

############################################################
# Dataset 1/1: MetroPT-3/5T
############################################################
Loading configuration...

============================================================
Model: Seasonal Naive
Dataset: MetroPT-3/5T
Terms: ['short', 'medium', 'long']
============================================================

--- Term: short ---
  Config: prediction_length=48, test_length=1728, val_length=1728
TIME run allocation action=new run=/fslarge/scratch/users/h61084/codes/improved/outputs/results/expe_uni/seasonal_naive/univariate/MetroPT-3/5T/short/run_0 launch_id=selena_20260905T115114Z_25365 slurm_job_id=3152740 launched_at=2026-09-05T12:35:22.619691+00:00
  Dataset info:
    - Frequency: 5T
    - Num series: 1
    - Target dim: 6
    - Target mode: univariate
    - Series length: min=17809, max=17809, avg=17809.0
    - Test split: 1728 steps
    - Prediction length: 48
    - Windows: 36
    - Season length: 288
    Total instances: 216, Series during experiment: 6, Windows: 36
    Collecting ground truth and context...
    Detected to_univariate case: 6 flat series -> 1 series x 6 variates
    Organizing data into arrays...
    Saved predictions (quantiles) to /fslarge/scratch/users/h61084/codes/improved/outputs/results/expe_uni/seasonal_naive/univariate/MetroPT-3/5T/short/run_0/predictions.npz
    Computing per-window metrics...
    Saved metrics to /fslarge/scratch/users/h61084/codes/improved/outputs/results/expe_uni/seasonal_naive/univariate/MetroPT-3/5T/short/run_0/metrics.npz
    Saved config to /fslarge/scratch/users/h61084/codes/improved/outputs/results/expe_uni/seasonal_naive/univariate/MetroPT-3/5T/short/run_0/config.json
    Saved aggregate metrics to /fslarge/scratch/users/h61084/codes/improved/outputs/results/expe_uni/seasonal_naive/univariate/MetroPT-3/5T/short/run_0/metrics_summary.json
    Metrics summary (averaged over all series/windows/variates):
      MSE: 5.9165
      MAE: 1.5476
      RMSE: 1.9696
      MAPE: 12.6649
      sMAPE: 0.5454
      MASE: 0.8443
      ND: 0.4502
      CRPS: 0.3795
  Completed: 1 series x 36 windows
  Output: /fslarge/scratch/users/h61084/codes/improved/outputs/results/expe_uni/seasonal_naive/univariate/MetroPT-3/5T/short/run_0

--- Term: medium ---
  Config: prediction_length=288, test_length=1728, val_length=1728
TIME run allocation action=new run=/fslarge/scratch/users/h61084/codes/improved/outputs/results/expe_uni/seasonal_naive/univariate/MetroPT-3/5T/medium/run_0 launch_id=selena_20260905T115114Z_25365 slurm_job_id=3152740 launched_at=2026-09-05T12:35:28.803161+00:00
  Dataset info:
    - Frequency: 5T
    - Num series: 1
    - Target dim: 6
    - Target mode: univariate
    - Series length: min=17809, max=17809, avg=17809.0
    - Test split: 1728 steps
    - Prediction length: 288
    - Windows: 6
    - Season length: 288
    Total instances: 36, Series during experiment: 6, Windows: 6
    Collecting ground truth and context...
    Detected to_univariate case: 6 flat series -> 1 series x 6 variates
    Organizing data into arrays...
    Saved predictions (quantiles) to /fslarge/scratch/users/h61084/codes/improved/outputs/results/expe_uni/seasonal_naive/univariate/MetroPT-3/5T/medium/run_0/predictions.npz
    Computing per-window metrics...
    Saved metrics to /fslarge/scratch/users/h61084/codes/improved/outputs/results/expe_uni/seasonal_naive/univariate/MetroPT-3/5T/medium/run_0/metrics.npz
    Saved config to /fslarge/scratch/users/h61084/codes/improved/outputs/results/expe_uni/seasonal_naive/univariate/MetroPT-3/5T/medium/run_0/config.json
    Saved aggregate metrics to /fslarge/scratch/users/h61084/codes/improved/outputs/results/expe_uni/seasonal_naive/univariate/MetroPT-3/5T/medium/run_0/metrics_summary.json
    Metrics summary (averaged over all series/windows/variates):
      MSE: 5.7965
      MAE: 1.5377
      RMSE: 1.9811
      MAPE: 12.9955
      sMAPE: 0.5296
      MASE: 0.8267
      ND: 0.4398
      CRPS: 0.3677
  Completed: 1 series x 6 windows
  Output: /fslarge/scratch/users/h61084/codes/improved/outputs/results/expe_uni/seasonal_naive/univariate/MetroPT-3/5T/medium/run_0

--- Term: long ---
  Config: prediction_length=576, test_length=1728, val_length=1728
TIME run allocation action=new run=/fslarge/scratch/users/h61084/codes/improved/outputs/results/expe_uni/seasonal_naive/univariate/MetroPT-3/5T/long/run_0 launch_id=selena_20260905T115114Z_25365 slurm_job_id=3152740 launched_at=2026-09-05T12:35:31.375520+00:00
  Dataset info:
    - Frequency: 5T
    - Num series: 1
    - Target dim: 6
    - Target mode: univariate
    - Series length: min=17809, max=17809, avg=17809.0
    - Test split: 1728 steps
    - Prediction length: 576
    - Windows: 3
    - Season length: 288
    Total instances: 18, Series during experiment: 6, Windows: 3
    Collecting ground truth and context...
    Detected to_univariate case: 6 flat series -> 1 series x 6 variates
    Organizing data into arrays...
    Saved predictions (quantiles) to /fslarge/scratch/users/h61084/codes/improved/outputs/results/expe_uni/seasonal_naive/univariate/MetroPT-3/5T/long/run_0/predictions.npz
    Computing per-window metrics...
    Saved metrics to /fslarge/scratch/users/h61084/codes/improved/outputs/results/expe_uni/seasonal_naive/univariate/MetroPT-3/5T/long/run_0/metrics.npz
    Saved config to /fslarge/scratch/users/h61084/codes/improved/outputs/results/expe_uni/seasonal_naive/univariate/MetroPT-3/5T/long/run_0/config.json
    Saved aggregate metrics to /fslarge/scratch/users/h61084/codes/improved/outputs/results/expe_uni/seasonal_naive/univariate/MetroPT-3/5T/long/run_0/metrics_summary.json
    Metrics summary (averaged over all series/windows/variates):
      MSE: 5.5330
      MAE: 1.5038
      RMSE: 1.9647
      MAPE: 15.2348
      sMAPE: 0.5173
      MASE: 0.8607
      ND: 0.4543
      CRPS: 0.3905
  Completed: 1 series x 3 windows
  Output: /fslarge/scratch/users/h61084/codes/improved/outputs/results/expe_uni/seasonal_naive/univariate/MetroPT-3/5T/long/run_0

============================================================
All experiments completed!
Results saved to: /scratch/users/h61084/codes/improved/outputs/results/expe_uni
============================================================

############################################################
# All 1 dataset(s) completed!
############################################################
2026-09-05 14:35:34 | task model=seasonal_naive runner=run_seasonal_naive.sh environment=uv covariate_mode=none target_mode=auto completed status=success
2026-09-05 14:35:34 | stage evaluate completed status=success
2026-09-05 14:35:34 | workflow foundation_models completed status=success exit_code=0
