2026-09-02 20:33:22 | workflow foundation_models started launch_id=selena_20260902T183319Z_29483 task=seasonal_naive
2026-09-02 20:33:22 | stage evaluate started
2026-09-02 20:33:22 | task model=seasonal_naive runner=run_seasonal_naive.sh environment=uv covariate_mode=none target_mode=auto started
[2026-09-02 20:33:22] TIME runner: run_seasonal_naive.sh
[2026-09-02 20:33:22] datasets: /scratch/users/h61084/datasets/hf_dataset
[2026-09-02 20:33:22] weights: /scratch/users/h61084/weights
[2026-09-02 20:33:22] outputs: /scratch/users/h61084/codes/improved/outputs
[2026-09-02 20:33:22] covariate mode: none
[2026-09-02 20:33:22] target mode: auto

############################################################
# Dataset 1/1: Water_Quality_Darwin/15T
############################################################
Loading configuration...

============================================================
Model: Seasonal Naive
Dataset: Water_Quality_Darwin/15T
Terms: ['short', 'medium', 'long']
============================================================

--- Term: short ---
  Config: prediction_length=16, test_length=1440, val_length=1440
  Dataset info:
    - Frequency: 15T
    - Num series: 7
    - Target dim: 6
    - Target mode: univariate
    - Series length: min=8662, max=18985, avg=15229.4
    - Test split: 1440 steps
    - Prediction length: 16
    - Windows: 90
    - Season length: 96
    Total instances: 3780, Series during experiment: 42, Windows: 90
    Collecting ground truth and context...
    Detected to_univariate case: 42 flat series -> 7 series x 6 variates
    Organizing data into arrays...
    Saved predictions (quantiles) to /fslarge/scratch/users/h61084/codes/improved/outputs/results/expe_uni/seasonal_naive/univariate/Water_Quality_Darwin/15T/short/run_0/predictions.npz
    Computing per-window metrics...
    Saved metrics to /fslarge/scratch/users/h61084/codes/improved/outputs/results/expe_uni/seasonal_naive/univariate/Water_Quality_Darwin/15T/short/run_0/metrics.npz
    Saved config to /fslarge/scratch/users/h61084/codes/improved/outputs/results/expe_uni/seasonal_naive/univariate/Water_Quality_Darwin/15T/short/run_0/config.json
    Saved aggregate metrics to /fslarge/scratch/users/h61084/codes/improved/outputs/results/expe_uni/seasonal_naive/univariate/Water_Quality_Darwin/15T/short/run_0/metrics_summary.json
    Metrics summary (averaged over all series/windows/variates):
      MSE: 5.2111
      MAE: 0.7700
      RMSE: 0.8761
      MAPE: 0.1047
      sMAPE: 0.0988
      MASE: 1.1080
      ND: 0.1015
      CRPS: 0.1047
  Completed: 7 series x 90 windows
  Output: /fslarge/scratch/users/h61084/codes/improved/outputs/results/expe_uni/seasonal_naive/univariate/Water_Quality_Darwin/15T/short/run_0

--- Term: medium ---
  Config: prediction_length=96, test_length=1440, val_length=1440
  Dataset info:
    - Frequency: 15T
    - Num series: 7
    - Target dim: 6
    - Target mode: univariate
    - Series length: min=8662, max=18985, avg=15229.4
    - Test split: 1440 steps
    - Prediction length: 96
    - Windows: 15
    - Season length: 96
    Total instances: 630, Series during experiment: 42, Windows: 15
    Collecting ground truth and context...
    Detected to_univariate case: 42 flat series -> 7 series x 6 variates
    Organizing data into arrays...
    Saved predictions (quantiles) to /fslarge/scratch/users/h61084/codes/improved/outputs/results/expe_uni/seasonal_naive/univariate/Water_Quality_Darwin/15T/medium/run_0/predictions.npz
    Computing per-window metrics...
    Saved metrics to /fslarge/scratch/users/h61084/codes/improved/outputs/results/expe_uni/seasonal_naive/univariate/Water_Quality_Darwin/15T/medium/run_0/metrics.npz
    Saved config to /fslarge/scratch/users/h61084/codes/improved/outputs/results/expe_uni/seasonal_naive/univariate/Water_Quality_Darwin/15T/medium/run_0/config.json
    Saved aggregate metrics to /fslarge/scratch/users/h61084/codes/improved/outputs/results/expe_uni/seasonal_naive/univariate/Water_Quality_Darwin/15T/medium/run_0/metrics_summary.json
    Metrics summary (averaged over all series/windows/variates):
      MSE: 5.0425
      MAE: 0.7614
      RMSE: 0.9525
      MAPE: 0.1045
      sMAPE: 0.0949
      MASE: 1.1151
      ND: 0.0970
      CRPS: 0.0995
  Completed: 7 series x 15 windows
  Output: /fslarge/scratch/users/h61084/codes/improved/outputs/results/expe_uni/seasonal_naive/univariate/Water_Quality_Darwin/15T/medium/run_0

--- Term: long ---
  Config: prediction_length=288, test_length=1440, val_length=1440
  Dataset info:
    - Frequency: 15T
    - Num series: 7
    - Target dim: 6
    - Target mode: univariate
    - Series length: min=8662, max=18985, avg=15229.4
    - Test split: 1440 steps
    - Prediction length: 288
    - Windows: 5
    - Season length: 96
    Total instances: 210, Series during experiment: 42, Windows: 5
    Collecting ground truth and context...
    Detected to_univariate case: 42 flat series -> 7 series x 6 variates
    Organizing data into arrays...
    Saved predictions (quantiles) to /fslarge/scratch/users/h61084/codes/improved/outputs/results/expe_uni/seasonal_naive/univariate/Water_Quality_Darwin/15T/long/run_0/predictions.npz
    Computing per-window metrics...
    Saved metrics to /fslarge/scratch/users/h61084/codes/improved/outputs/results/expe_uni/seasonal_naive/univariate/Water_Quality_Darwin/15T/long/run_0/metrics.npz
    Saved config to /fslarge/scratch/users/h61084/codes/improved/outputs/results/expe_uni/seasonal_naive/univariate/Water_Quality_Darwin/15T/long/run_0/config.json
    Saved aggregate metrics to /fslarge/scratch/users/h61084/codes/improved/outputs/results/expe_uni/seasonal_naive/univariate/Water_Quality_Darwin/15T/long/run_0/metrics_summary.json
    Metrics summary (averaged over all series/windows/variates):
      MSE: 9.7804
      MAE: 1.1090
      RMSE: 1.3862
      MAPE: 0.1634
      sMAPE: 0.1384
      MASE: 1.6289
      ND: 0.1416
      CRPS: 0.1369
  Completed: 7 series x 5 windows
  Output: /fslarge/scratch/users/h61084/codes/improved/outputs/results/expe_uni/seasonal_naive/univariate/Water_Quality_Darwin/15T/long/run_0

============================================================
All experiments completed!
Results saved to: /scratch/users/h61084/codes/improved/outputs/results/expe_uni
============================================================

############################################################
# All 1 dataset(s) completed!
############################################################

############################################################
# Dataset 1/1: current_velocity/5T
############################################################
Loading configuration...

============================================================
Model: Seasonal Naive
Dataset: current_velocity/5T
Terms: ['short', 'medium', 'long']
============================================================

--- Term: short ---
  Config: prediction_length=36, test_length=4320, val_length=4320
  Dataset info:
    - Frequency: 5T
    - Num series: 1
    - Target dim: 6
    - Target mode: univariate
    - Series length: min=26486, max=26486, avg=26486.0
    - Test split: 4320 steps
    - Prediction length: 36
    - Windows: 120
    - Season length: 288
    Total instances: 720, Series during experiment: 6, Windows: 120
    Collecting ground truth and context...
    Detected to_univariate case: 6 flat series -> 1 series x 6 variates
    Organizing data into arrays...
    Saved predictions (quantiles) to /fslarge/scratch/users/h61084/codes/improved/outputs/results/expe_uni/seasonal_naive/univariate/current_velocity/5T/short/run_0/predictions.npz
    Computing per-window metrics...
    Saved metrics to /fslarge/scratch/users/h61084/codes/improved/outputs/results/expe_uni/seasonal_naive/univariate/current_velocity/5T/short/run_0/metrics.npz
    Saved config to /fslarge/scratch/users/h61084/codes/improved/outputs/results/expe_uni/seasonal_naive/univariate/current_velocity/5T/short/run_0/config.json
    Saved aggregate metrics to /fslarge/scratch/users/h61084/codes/improved/outputs/results/expe_uni/seasonal_naive/univariate/current_velocity/5T/short/run_0/metrics_summary.json
    Metrics summary (averaged over all series/windows/variates):
      MSE: 9.1212
      MAE: 1.0873
      RMSE: 1.2319
      MAPE: 0.9431
      sMAPE: 0.5039
      MASE: 0.9190
      ND: 0.5816
      CRPS: 0.4537
  Completed: 1 series x 120 windows
  Output: /fslarge/scratch/users/h61084/codes/improved/outputs/results/expe_uni/seasonal_naive/univariate/current_velocity/5T/short/run_0

--- Term: medium ---
  Config: prediction_length=288, test_length=4320, val_length=4320
  Dataset info:
    - Frequency: 5T
    - Num series: 1
    - Target dim: 6
    - Target mode: univariate
    - Series length: min=26486, max=26486, avg=26486.0
    - Test split: 4320 steps
    - Prediction length: 288
    - Windows: 15
    - Season length: 288
    Total instances: 90, Series during experiment: 6, Windows: 15
    Collecting ground truth and context...
    Detected to_univariate case: 6 flat series -> 1 series x 6 variates
    Organizing data into arrays...
    Saved predictions (quantiles) to /fslarge/scratch/users/h61084/codes/improved/outputs/results/expe_uni/seasonal_naive/univariate/current_velocity/5T/medium/run_0/predictions.npz
    Computing per-window metrics...
    Saved metrics to /fslarge/scratch/users/h61084/codes/improved/outputs/results/expe_uni/seasonal_naive/univariate/current_velocity/5T/medium/run_0/metrics.npz
    Saved config to /fslarge/scratch/users/h61084/codes/improved/outputs/results/expe_uni/seasonal_naive/univariate/current_velocity/5T/medium/run_0/config.json
    Saved aggregate metrics to /fslarge/scratch/users/h61084/codes/improved/outputs/results/expe_uni/seasonal_naive/univariate/current_velocity/5T/medium/run_0/metrics_summary.json
    Metrics summary (averaged over all series/windows/variates):
      MSE: 8.8386
      MAE: 1.0683
      RMSE: 1.3067
      MAPE: 0.9482
      sMAPE: 0.5011
      MASE: 0.9202
      ND: 0.5051
      CRPS: 0.3967
  Completed: 1 series x 15 windows
  Output: /fslarge/scratch/users/h61084/codes/improved/outputs/results/expe_uni/seasonal_naive/univariate/current_velocity/5T/medium/run_0

--- Term: long ---
  Config: prediction_length=864, test_length=4320, val_length=4320
  Dataset info:
    - Frequency: 5T
    - Num series: 1
    - Target dim: 6
    - Target mode: univariate
    - Series length: min=26486, max=26486, avg=26486.0
    - Test split: 4320 steps
    - Prediction length: 864
    - Windows: 5
    - Season length: 288
    Total instances: 30, Series during experiment: 6, Windows: 5
    Collecting ground truth and context...
    Detected to_univariate case: 6 flat series -> 1 series x 6 variates
    Organizing data into arrays...
    Saved predictions (quantiles) to /fslarge/scratch/users/h61084/codes/improved/outputs/results/expe_uni/seasonal_naive/univariate/current_velocity/5T/long/run_0/predictions.npz
    Computing per-window metrics...
    Saved metrics to /fslarge/scratch/users/h61084/codes/improved/outputs/results/expe_uni/seasonal_naive/univariate/current_velocity/5T/long/run_0/metrics.npz
    Saved config to /fslarge/scratch/users/h61084/codes/improved/outputs/results/expe_uni/seasonal_naive/univariate/current_velocity/5T/long/run_0/config.json
    Saved aggregate metrics to /fslarge/scratch/users/h61084/codes/improved/outputs/results/expe_uni/seasonal_naive/univariate/current_velocity/5T/long/run_0/metrics_summary.json
    Metrics summary (averaged over all series/windows/variates):
      MSE: 7.8812
      MAE: 1.0375
      RMSE: 1.2943
      MAPE: 1.0841
      sMAPE: 0.5223
      MASE: 1.1282
      ND: 0.5466
      CRPS: 0.4373
  Completed: 1 series x 5 windows
  Output: /fslarge/scratch/users/h61084/codes/improved/outputs/results/expe_uni/seasonal_naive/univariate/current_velocity/5T/long/run_0

============================================================
All experiments completed!
Results saved to: /scratch/users/h61084/codes/improved/outputs/results/expe_uni
============================================================

############################################################
# All 1 dataset(s) completed!
############################################################

############################################################
# Dataset 1/1: current_velocity/10T
############################################################
Loading configuration...

============================================================
Model: Seasonal Naive
Dataset: current_velocity/10T
Terms: ['short', 'medium', 'long']
============================================================

--- Term: short ---
  Config: prediction_length=18, test_length=2160, val_length=2160
  Dataset info:
    - Frequency: 10T
    - Num series: 10
    - Target dim: 6
    - Target mode: univariate
    - Series length: min=7481, max=31957, avg=20668.5
    - Test split: 2160 steps
    - Prediction length: 18
    - Windows: 120
    - Season length: 144
    Total instances: 7200, Series during experiment: 60, Windows: 120
    Collecting ground truth and context...
    Detected to_univariate case: 60 flat series -> 10 series x 6 variates
    Organizing data into arrays...
    Saved predictions (quantiles) to /fslarge/scratch/users/h61084/codes/improved/outputs/results/expe_uni/seasonal_naive/univariate/current_velocity/10T/short/run_0/predictions.npz
    Computing per-window metrics...
    Saved metrics to /fslarge/scratch/users/h61084/codes/improved/outputs/results/expe_uni/seasonal_naive/univariate/current_velocity/10T/short/run_0/metrics.npz
    Saved config to /fslarge/scratch/users/h61084/codes/improved/outputs/results/expe_uni/seasonal_naive/univariate/current_velocity/10T/short/run_0/config.json
    Saved aggregate metrics to /fslarge/scratch/users/h61084/codes/improved/outputs/results/expe_uni/seasonal_naive/univariate/current_velocity/10T/short/run_0/metrics_summary.json
    Metrics summary (averaged over all series/windows/variates):
      MSE: 15.5363
      MAE: 1.1977
      RMSE: 1.4363
      MAPE: 5204.2244
      sMAPE: 0.5422
      MASE: 1.0512
      ND: 0.5625
      CRPS: 0.4457
  Completed: 10 series x 120 windows
  Output: /fslarge/scratch/users/h61084/codes/improved/outputs/results/expe_uni/seasonal_naive/univariate/current_velocity/10T/short/run_0

--- Term: medium ---
  Config: prediction_length=144, test_length=2160, val_length=2160
  Dataset info:
    - Frequency: 10T
    - Num series: 10
    - Target dim: 6
    - Target mode: univariate
    - Series length: min=7481, max=31957, avg=20668.5
    - Test split: 2160 steps
    - Prediction length: 144
    - Windows: 15
    - Season length: 144
    Total instances: 900, Series during experiment: 60, Windows: 15
    Collecting ground truth and context...
    Detected to_univariate case: 60 flat series -> 10 series x 6 variates
    Organizing data into arrays...
    Saved predictions (quantiles) to /fslarge/scratch/users/h61084/codes/improved/outputs/results/expe_uni/seasonal_naive/univariate/current_velocity/10T/medium/run_0/predictions.npz
    Computing per-window metrics...
    Saved metrics to /fslarge/scratch/users/h61084/codes/improved/outputs/results/expe_uni/seasonal_naive/univariate/current_velocity/10T/medium/run_0/metrics.npz
    Saved config to /fslarge/scratch/users/h61084/codes/improved/outputs/results/expe_uni/seasonal_naive/univariate/current_velocity/10T/medium/run_0/config.json
    Saved aggregate metrics to /fslarge/scratch/users/h61084/codes/improved/outputs/results/expe_uni/seasonal_naive/univariate/current_velocity/10T/medium/run_0/metrics_summary.json
    Metrics summary (averaged over all series/windows/variates):
      MSE: 15.4717
      MAE: 1.1997
      RMSE: 1.5645
      MAPE: 4921.2892
      sMAPE: 0.5439
      MASE: 1.0577
      ND: 0.4848
      CRPS: 0.3822
  Completed: 10 series x 15 windows
  Output: /fslarge/scratch/users/h61084/codes/improved/outputs/results/expe_uni/seasonal_naive/univariate/current_velocity/10T/medium/run_0

--- Term: long ---
  Config: prediction_length=432, test_length=2160, val_length=2160
  Dataset info:
    - Frequency: 10T
    - Num series: 10
    - Target dim: 6
    - Target mode: univariate
    - Series length: min=7481, max=31957, avg=20668.5
    - Test split: 2160 steps
    - Prediction length: 432
    - Windows: 5
    - Season length: 144
    Total instances: 300, Series during experiment: 60, Windows: 5
    Collecting ground truth and context...
    Detected to_univariate case: 60 flat series -> 10 series x 6 variates
    Organizing data into arrays...
    Saved predictions (quantiles) to /fslarge/scratch/users/h61084/codes/improved/outputs/results/expe_uni/seasonal_naive/univariate/current_velocity/10T/long/run_0/predictions.npz
    Computing per-window metrics...
    Saved metrics to /fslarge/scratch/users/h61084/codes/improved/outputs/results/expe_uni/seasonal_naive/univariate/current_velocity/10T/long/run_0/metrics.npz
    Saved config to /fslarge/scratch/users/h61084/codes/improved/outputs/results/expe_uni/seasonal_naive/univariate/current_velocity/10T/long/run_0/config.json
    Saved aggregate metrics to /fslarge/scratch/users/h61084/codes/improved/outputs/results/expe_uni/seasonal_naive/univariate/current_velocity/10T/long/run_0/metrics_summary.json
    Metrics summary (averaged over all series/windows/variates):
      MSE: 20.2649
      MAE: 1.4543
      RMSE: 1.8633
      MAPE: 6143.7404
      sMAPE: 0.6126
      MASE: 1.4487
      ND: 0.5658
      CRPS: 0.4549
  Completed: 10 series x 5 windows
  Output: /fslarge/scratch/users/h61084/codes/improved/outputs/results/expe_uni/seasonal_naive/univariate/current_velocity/10T/long/run_0

============================================================
All experiments completed!
Results saved to: /scratch/users/h61084/codes/improved/outputs/results/expe_uni
============================================================

############################################################
# All 1 dataset(s) completed!
############################################################

############################################################
# Dataset 1/1: current_velocity/15T
############################################################
Loading configuration...

============================================================
Model: Seasonal Naive
Dataset: current_velocity/15T
Terms: ['short', 'medium', 'long']
============================================================

--- Term: short ---
  Config: prediction_length=12, test_length=1440, val_length=1440
  Dataset info:
    - Frequency: 15T
    - Num series: 5
    - Target dim: 6
    - Target mode: univariate
    - Series length: min=3710, max=17953, avg=8503.2
    - Test split: 1440 steps
    - Prediction length: 12
    - Windows: 120
    - Season length: 96
    Total instances: 3600, Series during experiment: 30, Windows: 120
    Collecting ground truth and context...
    Detected to_univariate case: 30 flat series -> 5 series x 6 variates
    Organizing data into arrays...
    Saved predictions (quantiles) to /fslarge/scratch/users/h61084/codes/improved/outputs/results/expe_uni/seasonal_naive/univariate/current_velocity/15T/short/run_0/predictions.npz
    Computing per-window metrics...
    Saved metrics to /fslarge/scratch/users/h61084/codes/improved/outputs/results/expe_uni/seasonal_naive/univariate/current_velocity/15T/short/run_0/metrics.npz
    Saved config to /fslarge/scratch/users/h61084/codes/improved/outputs/results/expe_uni/seasonal_naive/univariate/current_velocity/15T/short/run_0/config.json
    Saved aggregate metrics to /fslarge/scratch/users/h61084/codes/improved/outputs/results/expe_uni/seasonal_naive/univariate/current_velocity/15T/short/run_0/metrics_summary.json
    Metrics summary (averaged over all series/windows/variates):
      MSE: 14.9364
      MAE: 1.2503
      RMSE: 1.4673
      MAPE: 181453.8776
      sMAPE: 0.6255
      MASE: 1.0009
      ND: 0.6873
      CRPS: 0.5412
  Completed: 5 series x 120 windows
  Output: /fslarge/scratch/users/h61084/codes/improved/outputs/results/expe_uni/seasonal_naive/univariate/current_velocity/15T/short/run_0

--- Term: medium ---
  Config: prediction_length=96, test_length=1440, val_length=1440
  Dataset info:
    - Frequency: 15T
    - Num series: 5
    - Target dim: 6
    - Target mode: univariate
    - Series length: min=3710, max=17953, avg=8503.2
    - Test split: 1440 steps
    - Prediction length: 96
    - Windows: 15
    - Season length: 96
    Total instances: 450, Series during experiment: 30, Windows: 15
    Collecting ground truth and context...
    Detected to_univariate case: 30 flat series -> 5 series x 6 variates
    Organizing data into arrays...
    Saved predictions (quantiles) to /fslarge/scratch/users/h61084/codes/improved/outputs/results/expe_uni/seasonal_naive/univariate/current_velocity/15T/medium/run_0/predictions.npz
    Computing per-window metrics...
    Saved metrics to /fslarge/scratch/users/h61084/codes/improved/outputs/results/expe_uni/seasonal_naive/univariate/current_velocity/15T/medium/run_0/metrics.npz
    Saved config to /fslarge/scratch/users/h61084/codes/improved/outputs/results/expe_uni/seasonal_naive/univariate/current_velocity/15T/medium/run_0/config.json
    Saved aggregate metrics to /fslarge/scratch/users/h61084/codes/improved/outputs/results/expe_uni/seasonal_naive/univariate/current_velocity/15T/medium/run_0/metrics_summary.json
    Metrics summary (averaged over all series/windows/variates):
      MSE: 14.7379
      MAE: 1.2376
      RMSE: 1.5628
      MAPE: 208623.7453
      sMAPE: 0.6288
      MASE: 1.0019
      ND: 0.6085
      CRPS: 0.4778
  Completed: 5 series x 15 windows
  Output: /fslarge/scratch/users/h61084/codes/improved/outputs/results/expe_uni/seasonal_naive/univariate/current_velocity/15T/medium/run_0

--- Term: long ---
  Config: prediction_length=288, test_length=1440, val_length=1440
  Dataset info:
    - Frequency: 15T
    - Num series: 5
    - Target dim: 6
    - Target mode: univariate
    - Series length: min=3710, max=17953, avg=8503.2
    - Test split: 1440 steps
    - Prediction length: 288
    - Windows: 5
    - Season length: 96
    Total instances: 150, Series during experiment: 30, Windows: 5
    Collecting ground truth and context...
    Detected to_univariate case: 30 flat series -> 5 series x 6 variates
    Organizing data into arrays...
    Saved predictions (quantiles) to /fslarge/scratch/users/h61084/codes/improved/outputs/results/expe_uni/seasonal_naive/univariate/current_velocity/15T/long/run_0/predictions.npz
    Computing per-window metrics...
    Saved metrics to /fslarge/scratch/users/h61084/codes/improved/outputs/results/expe_uni/seasonal_naive/univariate/current_velocity/15T/long/run_0/metrics.npz
    Saved config to /fslarge/scratch/users/h61084/codes/improved/outputs/results/expe_uni/seasonal_naive/univariate/current_velocity/15T/long/run_0/config.json
    Saved aggregate metrics to /fslarge/scratch/users/h61084/codes/improved/outputs/results/expe_uni/seasonal_naive/univariate/current_velocity/15T/long/run_0/metrics_summary.json
    Metrics summary (averaged over all series/windows/variates):
      MSE: 15.0405
      MAE: 1.2824
      RMSE: 1.6325
      MAPE: 137009.2942
      sMAPE: 0.6400
      MASE: 1.1531
      ND: 0.6180
      CRPS: 0.4969
  Completed: 5 series x 5 windows
  Output: /fslarge/scratch/users/h61084/codes/improved/outputs/results/expe_uni/seasonal_naive/univariate/current_velocity/15T/long/run_0

============================================================
All experiments completed!
Results saved to: /scratch/users/h61084/codes/improved/outputs/results/expe_uni
============================================================

############################################################
# All 1 dataset(s) completed!
############################################################

############################################################
# Dataset 1/1: current_velocity/20T
############################################################
Loading configuration...

============================================================
Model: Seasonal Naive
Dataset: current_velocity/20T
Terms: ['short', 'medium', 'long']
============================================================

--- Term: short ---
  Config: prediction_length=9, test_length=1080, val_length=1080
  Dataset info:
    - Frequency: 20T
    - Num series: 27
    - Target dim: 6
    - Target mode: univariate
    - Series length: min=2529, max=16759, avg=6460.2
    - Test split: 1080 steps
    - Prediction length: 9
    - Windows: 120
    - Season length: 72
    Total instances: 19440, Series during experiment: 162, Windows: 120
    Collecting ground truth and context...
    Detected to_univariate case: 162 flat series -> 27 series x 6 variates
    Organizing data into arrays...
    Saved predictions (quantiles) to /fslarge/scratch/users/h61084/codes/improved/outputs/results/expe_uni/seasonal_naive/univariate/current_velocity/20T/short/run_0/predictions.npz
    Computing per-window metrics...
    Saved metrics to /fslarge/scratch/users/h61084/codes/improved/outputs/results/expe_uni/seasonal_naive/univariate/current_velocity/20T/short/run_0/metrics.npz
    Saved config to /fslarge/scratch/users/h61084/codes/improved/outputs/results/expe_uni/seasonal_naive/univariate/current_velocity/20T/short/run_0/config.json
    Saved aggregate metrics to /fslarge/scratch/users/h61084/codes/improved/outputs/results/expe_uni/seasonal_naive/univariate/current_velocity/20T/short/run_0/metrics_summary.json
    Metrics summary (averaged over all series/windows/variates):
      MSE: 11.3479
      MAE: 1.0868
      RMSE: 1.2249
      MAPE: 1.7929
      sMAPE: 0.5720
      MASE: 1.0280
      ND: 0.6773
      CRPS: 0.5374
  Completed: 27 series x 120 windows
  Output: /fslarge/scratch/users/h61084/codes/improved/outputs/results/expe_uni/seasonal_naive/univariate/current_velocity/20T/short/run_0

--- Term: medium ---
  Config: prediction_length=72, test_length=1080, val_length=1080
  Dataset info:
    - Frequency: 20T
    - Num series: 27
    - Target dim: 6
    - Target mode: univariate
    - Series length: min=2529, max=16759, avg=6460.2
    - Test split: 1080 steps
    - Prediction length: 72
    - Windows: 15
    - Season length: 72
    Total instances: 2430, Series during experiment: 162, Windows: 15
    Collecting ground truth and context...
    Detected to_univariate case: 162 flat series -> 27 series x 6 variates
    Organizing data into arrays...
    Saved predictions (quantiles) to /fslarge/scratch/users/h61084/codes/improved/outputs/results/expe_uni/seasonal_naive/univariate/current_velocity/20T/medium/run_0/predictions.npz
    Computing per-window metrics...
    Saved metrics to /fslarge/scratch/users/h61084/codes/improved/outputs/results/expe_uni/seasonal_naive/univariate/current_velocity/20T/medium/run_0/metrics.npz
    Saved config to /fslarge/scratch/users/h61084/codes/improved/outputs/results/expe_uni/seasonal_naive/univariate/current_velocity/20T/medium/run_0/config.json
    Saved aggregate metrics to /fslarge/scratch/users/h61084/codes/improved/outputs/results/expe_uni/seasonal_naive/univariate/current_velocity/20T/medium/run_0/metrics_summary.json
    Metrics summary (averaged over all series/windows/variates):
      MSE: 11.3562
      MAE: 1.0881
      RMSE: 1.3430
      MAPE: 1.8293
      sMAPE: 0.5706
      MASE: 1.0296
      ND: 0.5399
      CRPS: 0.4277
  Completed: 27 series x 15 windows
  Output: /fslarge/scratch/users/h61084/codes/improved/outputs/results/expe_uni/seasonal_naive/univariate/current_velocity/20T/medium/run_0

--- Term: long ---
  Config: prediction_length=216, test_length=1080, val_length=1080
  Dataset info:
    - Frequency: 20T
    - Num series: 27
    - Target dim: 6
    - Target mode: univariate
    - Series length: min=2529, max=16759, avg=6460.2
    - Test split: 1080 steps
    - Prediction length: 216
    - Windows: 5
    - Season length: 72
    Total instances: 810, Series during experiment: 162, Windows: 5
    Collecting ground truth and context...
    Detected to_univariate case: 162 flat series -> 27 series x 6 variates
    Organizing data into arrays...
    Saved predictions (quantiles) to /fslarge/scratch/users/h61084/codes/improved/outputs/results/expe_uni/seasonal_naive/univariate/current_velocity/20T/long/run_0/predictions.npz
    Computing per-window metrics...
    Saved metrics to /fslarge/scratch/users/h61084/codes/improved/outputs/results/expe_uni/seasonal_naive/univariate/current_velocity/20T/long/run_0/metrics.npz
    Saved config to /fslarge/scratch/users/h61084/codes/improved/outputs/results/expe_uni/seasonal_naive/univariate/current_velocity/20T/long/run_0/config.json
    Saved aggregate metrics to /fslarge/scratch/users/h61084/codes/improved/outputs/results/expe_uni/seasonal_naive/univariate/current_velocity/20T/long/run_0/metrics_summary.json
    Metrics summary (averaged over all series/windows/variates):
      MSE: 13.3091
      MAE: 1.2134
      RMSE: 1.5225
      MAPE: 2.2897
      sMAPE: 0.6372
      MASE: 1.3352
      ND: 0.6131
      CRPS: 0.4907
  Completed: 27 series x 5 windows
  Output: /fslarge/scratch/users/h61084/codes/improved/outputs/results/expe_uni/seasonal_naive/univariate/current_velocity/20T/long/run_0

============================================================
All experiments completed!
Results saved to: /scratch/users/h61084/codes/improved/outputs/results/expe_uni
============================================================

############################################################
# All 1 dataset(s) completed!
############################################################

############################################################
# Dataset 1/1: current_velocity/H
############################################################
Loading configuration...

============================================================
Model: Seasonal Naive
Dataset: current_velocity/H
Terms: ['short', 'medium', 'long']
============================================================

--- Term: short ---
  Config: prediction_length=24, test_length=672, val_length=672
  Dataset info:
    - Frequency: H
    - Num series: 21
    - Target dim: 6
    - Target mode: univariate
    - Series length: min=2208, max=5587, avg=3502.3
    - Test split: 672 steps
    - Prediction length: 24
    - Windows: 28
    - Season length: 24
    Total instances: 3528, Series during experiment: 126, Windows: 28
    Collecting ground truth and context...
    Detected to_univariate case: 126 flat series -> 21 series x 6 variates
    Organizing data into arrays...
    Saved predictions (quantiles) to /fslarge/scratch/users/h61084/codes/improved/outputs/results/expe_uni/seasonal_naive/univariate/current_velocity/H/short/run_0/predictions.npz
    Computing per-window metrics...
    Saved metrics to /fslarge/scratch/users/h61084/codes/improved/outputs/results/expe_uni/seasonal_naive/univariate/current_velocity/H/short/run_0/metrics.npz
    Saved config to /fslarge/scratch/users/h61084/codes/improved/outputs/results/expe_uni/seasonal_naive/univariate/current_velocity/H/short/run_0/config.json
    Saved aggregate metrics to /fslarge/scratch/users/h61084/codes/improved/outputs/results/expe_uni/seasonal_naive/univariate/current_velocity/H/short/run_0/metrics_summary.json
    Metrics summary (averaged over all series/windows/variates):
      MSE: 10.3647
      MAE: 1.0392
      RMSE: 1.2861
      MAPE: 4695901163551.1064
      sMAPE: 0.5212
      MASE: 1.0433
      ND: 0.4769
      CRPS: 0.3794
  Completed: 21 series x 28 windows
  Output: /fslarge/scratch/users/h61084/codes/improved/outputs/results/expe_uni/seasonal_naive/univariate/current_velocity/H/short/run_0

--- Term: medium ---
  Config: prediction_length=168, test_length=672, val_length=672
  Dataset info:
    - Frequency: H
    - Num series: 21
    - Target dim: 6
    - Target mode: univariate
    - Series length: min=2208, max=5587, avg=3502.3
    - Test split: 672 steps
    - Prediction length: 168
    - Windows: 4
    - Season length: 24
    Total instances: 504, Series during experiment: 126, Windows: 4
    Collecting ground truth and context...
    Detected to_univariate case: 126 flat series -> 21 series x 6 variates
    Organizing data into arrays...
    Saved predictions (quantiles) to /fslarge/scratch/users/h61084/codes/improved/outputs/results/expe_uni/seasonal_naive/univariate/current_velocity/H/medium/run_0/predictions.npz
    Computing per-window metrics...
    Saved metrics to /fslarge/scratch/users/h61084/codes/improved/outputs/results/expe_uni/seasonal_naive/univariate/current_velocity/H/medium/run_0/metrics.npz
    Saved config to /fslarge/scratch/users/h61084/codes/improved/outputs/results/expe_uni/seasonal_naive/univariate/current_velocity/H/medium/run_0/config.json
    Saved aggregate metrics to /fslarge/scratch/users/h61084/codes/improved/outputs/results/expe_uni/seasonal_naive/univariate/current_velocity/H/medium/run_0/metrics_summary.json
    Metrics summary (averaged over all series/windows/variates):
      MSE: 19.5138
      MAE: 1.5034
      RMSE: 1.8771
      MAPE: 5066478654646.8965
      sMAPE: 0.6686
      MASE: 1.8722
      ND: 0.6344
      CRPS: 0.5253
  Completed: 21 series x 4 windows
  Output: /fslarge/scratch/users/h61084/codes/improved/outputs/results/expe_uni/seasonal_naive/univariate/current_velocity/H/medium/run_0

--- Term: long ---
  Config: prediction_length=336, test_length=672, val_length=672
  Dataset info:
    - Frequency: H
    - Num series: 21
    - Target dim: 6
    - Target mode: univariate
    - Series length: min=2208, max=5587, avg=3502.3
    - Test split: 672 steps
    - Prediction length: 336
    - Windows: 2
    - Season length: 24
    Total instances: 252, Series during experiment: 126, Windows: 2
    Collecting ground truth and context...
    Detected to_univariate case: 126 flat series -> 21 series x 6 variates
    Organizing data into arrays...
    Saved predictions (quantiles) to /fslarge/scratch/users/h61084/codes/improved/outputs/results/expe_uni/seasonal_naive/univariate/current_velocity/H/long/run_0/predictions.npz
    Computing per-window metrics...
    Saved metrics to /fslarge/scratch/users/h61084/codes/improved/outputs/results/expe_uni/seasonal_naive/univariate/current_velocity/H/long/run_0/metrics.npz
    Saved config to /fslarge/scratch/users/h61084/codes/improved/outputs/results/expe_uni/seasonal_naive/univariate/current_velocity/H/long/run_0/config.json
    Saved aggregate metrics to /fslarge/scratch/users/h61084/codes/improved/outputs/results/expe_uni/seasonal_naive/univariate/current_velocity/H/long/run_0/metrics_summary.json
    Metrics summary (averaged over all series/windows/variates):
      MSE: 23.1595
      MAE: 1.5972
      RMSE: 2.0071
      MAPE: 4190005494102.3472
      sMAPE: 0.6843
      MASE: 2.0159
      ND: 0.6328
      CRPS: 0.5738
  Completed: 21 series x 2 windows
  Output: /fslarge/scratch/users/h61084/codes/improved/outputs/results/expe_uni/seasonal_naive/univariate/current_velocity/H/long/run_0

============================================================
All experiments completed!
Results saved to: /scratch/users/h61084/codes/improved/outputs/results/expe_uni
============================================================

############################################################
# All 1 dataset(s) completed!
############################################################

############################################################
# Dataset 1/1: CPHL/15T
############################################################
Loading configuration...

============================================================
Model: Seasonal Naive
Dataset: CPHL/15T
Terms: ['short', 'medium', 'long']
============================================================

--- Term: short ---
  Config: prediction_length=12, test_length=1440, val_length=1440
  Dataset info:
    - Frequency: 15T
    - Num series: 2
    - Target dim: 1
    - Target mode: univariate
    - Series length: min=9956, max=10831, avg=10393.5
    - Test split: 1440 steps
    - Prediction length: 12
    - Windows: 120
    - Season length: 96
    Total instances: 240, Series during experiment: 2, Windows: 120
    Collecting ground truth and context...
    Organizing data into arrays...
    Saved predictions (quantiles) to /fslarge/scratch/users/h61084/codes/improved/outputs/results/expe_uni/seasonal_naive/univariate/CPHL/15T/short/run_0/predictions.npz
    Computing per-window metrics...
    Saved metrics to /fslarge/scratch/users/h61084/codes/improved/outputs/results/expe_uni/seasonal_naive/univariate/CPHL/15T/short/run_0/metrics.npz
    Saved config to /fslarge/scratch/users/h61084/codes/improved/outputs/results/expe_uni/seasonal_naive/univariate/CPHL/15T/short/run_0/config.json
    Saved aggregate metrics to /fslarge/scratch/users/h61084/codes/improved/outputs/results/expe_uni/seasonal_naive/univariate/CPHL/15T/short/run_0/metrics_summary.json
    Metrics summary (averaged over all series/windows/variates):
      MSE: 0.1716
      MAE: 0.2797
      RMSE: 0.3123
      MAPE: 0.4595
      sMAPE: 0.3781
      MASE: 1.3859
      ND: 0.4390
      CRPS: 0.3535
  Completed: 2 series x 120 windows
  Output: /fslarge/scratch/users/h61084/codes/improved/outputs/results/expe_uni/seasonal_naive/univariate/CPHL/15T/short/run_0

--- Term: medium ---
  Config: prediction_length=96, test_length=1440, val_length=1440
  Dataset info:
    - Frequency: 15T
    - Num series: 2
    - Target dim: 1
    - Target mode: univariate
    - Series length: min=9956, max=10831, avg=10393.5
    - Test split: 1440 steps
    - Prediction length: 96
    - Windows: 15
    - Season length: 96
    Total instances: 30, Series during experiment: 2, Windows: 15
    Collecting ground truth and context...
    Organizing data into arrays...
    Saved predictions (quantiles) to /fslarge/scratch/users/h61084/codes/improved/outputs/results/expe_uni/seasonal_naive/univariate/CPHL/15T/medium/run_0/predictions.npz
    Computing per-window metrics...
    Saved metrics to /fslarge/scratch/users/h61084/codes/improved/outputs/results/expe_uni/seasonal_naive/univariate/CPHL/15T/medium/run_0/metrics.npz
    Saved config to /fslarge/scratch/users/h61084/codes/improved/outputs/results/expe_uni/seasonal_naive/univariate/CPHL/15T/medium/run_0/config.json
    Saved aggregate metrics to /fslarge/scratch/users/h61084/codes/improved/outputs/results/expe_uni/seasonal_naive/univariate/CPHL/15T/medium/run_0/metrics_summary.json
    Metrics summary (averaged over all series/windows/variates):
      MSE: 0.1756
      MAE: 0.2825
      RMSE: 0.3464
      MAPE: 0.4672
      sMAPE: 0.3821
      MASE: 1.3979
      ND: 0.3911
      CRPS: 0.3094
  Completed: 2 series x 15 windows
  Output: /fslarge/scratch/users/h61084/codes/improved/outputs/results/expe_uni/seasonal_naive/univariate/CPHL/15T/medium/run_0

--- Term: long ---
  Config: prediction_length=288, test_length=1440, val_length=1440
  Dataset info:
    - Frequency: 15T
    - Num series: 2
    - Target dim: 1
    - Target mode: univariate
    - Series length: min=9956, max=10831, avg=10393.5
    - Test split: 1440 steps
    - Prediction length: 288
    - Windows: 5
    - Season length: 96
    Total instances: 10, Series during experiment: 2, Windows: 5
    Collecting ground truth and context...
    Organizing data into arrays...
    Saved predictions (quantiles) to /fslarge/scratch/users/h61084/codes/improved/outputs/results/expe_uni/seasonal_naive/univariate/CPHL/15T/long/run_0/predictions.npz
    Computing per-window metrics...
    Saved metrics to /fslarge/scratch/users/h61084/codes/improved/outputs/results/expe_uni/seasonal_naive/univariate/CPHL/15T/long/run_0/metrics.npz
    Saved config to /fslarge/scratch/users/h61084/codes/improved/outputs/results/expe_uni/seasonal_naive/univariate/CPHL/15T/long/run_0/config.json
    Saved aggregate metrics to /fslarge/scratch/users/h61084/codes/improved/outputs/results/expe_uni/seasonal_naive/univariate/CPHL/15T/long/run_0/metrics_summary.json
    Metrics summary (averaged over all series/windows/variates):
      MSE: 0.2304
      MAE: 0.3142
      RMSE: 0.3886
      MAPE: 0.5067
      sMAPE: 0.3846
      MASE: 1.5530
      ND: 0.4174
      CRPS: 0.3491
  Completed: 2 series x 5 windows
  Output: /fslarge/scratch/users/h61084/codes/improved/outputs/results/expe_uni/seasonal_naive/univariate/CPHL/15T/long/run_0

============================================================
All experiments completed!
Results saved to: /scratch/users/h61084/codes/improved/outputs/results/expe_uni
============================================================

############################################################
# All 1 dataset(s) completed!
############################################################

############################################################
# Dataset 1/1: CPHL/30T
############################################################
Loading configuration...

============================================================
Model: Seasonal Naive
Dataset: CPHL/30T
Terms: ['short', 'medium', 'long']
============================================================

--- Term: short ---
  Config: prediction_length=12, test_length=1440, val_length=1440
  Dataset info:
    - Frequency: 30T
    - Num series: 2
    - Target dim: 1
    - Target mode: univariate
    - Series length: min=11808, max=17566, avg=14687.0
    - Test split: 1440 steps
    - Prediction length: 12
    - Windows: 120
    - Season length: 48
    Total instances: 240, Series during experiment: 2, Windows: 120
    Collecting ground truth and context...
    Organizing data into arrays...
    Saved predictions (quantiles) to /fslarge/scratch/users/h61084/codes/improved/outputs/results/expe_uni/seasonal_naive/univariate/CPHL/30T/short/run_0/predictions.npz
    Computing per-window metrics...
    Saved metrics to /fslarge/scratch/users/h61084/codes/improved/outputs/results/expe_uni/seasonal_naive/univariate/CPHL/30T/short/run_0/metrics.npz
    Saved config to /fslarge/scratch/users/h61084/codes/improved/outputs/results/expe_uni/seasonal_naive/univariate/CPHL/30T/short/run_0/config.json
    Saved aggregate metrics to /fslarge/scratch/users/h61084/codes/improved/outputs/results/expe_uni/seasonal_naive/univariate/CPHL/30T/short/run_0/metrics_summary.json
    Metrics summary (averaged over all series/windows/variates):
      MSE: 1.2707
      MAE: 0.6502
      RMSE: 0.7865
      MAPE: 0.5879
      sMAPE: 0.4080
      MASE: 1.7206
      ND: 0.4358
      CRPS: 0.3590
  Completed: 2 series x 120 windows
  Output: /fslarge/scratch/users/h61084/codes/improved/outputs/results/expe_uni/seasonal_naive/univariate/CPHL/30T/short/run_0

--- Term: medium ---
  Config: prediction_length=48, test_length=1440, val_length=1440
  Dataset info:
    - Frequency: 30T
    - Num series: 2
    - Target dim: 1
    - Target mode: univariate
    - Series length: min=11808, max=17566, avg=14687.0
    - Test split: 1440 steps
    - Prediction length: 48
    - Windows: 30
    - Season length: 48
    Total instances: 60, Series during experiment: 2, Windows: 30
    Collecting ground truth and context...
    Organizing data into arrays...
    Saved predictions (quantiles) to /fslarge/scratch/users/h61084/codes/improved/outputs/results/expe_uni/seasonal_naive/univariate/CPHL/30T/medium/run_0/predictions.npz
    Computing per-window metrics...
    Saved metrics to /fslarge/scratch/users/h61084/codes/improved/outputs/results/expe_uni/seasonal_naive/univariate/CPHL/30T/medium/run_0/metrics.npz
    Saved config to /fslarge/scratch/users/h61084/codes/improved/outputs/results/expe_uni/seasonal_naive/univariate/CPHL/30T/medium/run_0/config.json
    Saved aggregate metrics to /fslarge/scratch/users/h61084/codes/improved/outputs/results/expe_uni/seasonal_naive/univariate/CPHL/30T/medium/run_0/metrics_summary.json
    Metrics summary (averaged over all series/windows/variates):
      MSE: 1.2004
      MAE: 0.6356
      RMSE: 0.7898
      MAPE: 0.5976
      sMAPE: 0.4067
      MASE: 1.7084
      ND: 0.4226
      CRPS: 0.3459
  Completed: 2 series x 30 windows
  Output: /fslarge/scratch/users/h61084/codes/improved/outputs/results/expe_uni/seasonal_naive/univariate/CPHL/30T/medium/run_0

--- Term: long ---
  Config: prediction_length=144, test_length=1440, val_length=1440
  Dataset info:
    - Frequency: 30T
    - Num series: 2
    - Target dim: 1
    - Target mode: univariate
    - Series length: min=11808, max=17566, avg=14687.0
    - Test split: 1440 steps
    - Prediction length: 144
    - Windows: 10
    - Season length: 48
    Total instances: 20, Series during experiment: 2, Windows: 10
    Collecting ground truth and context...
    Organizing data into arrays...
    Saved predictions (quantiles) to /fslarge/scratch/users/h61084/codes/improved/outputs/results/expe_uni/seasonal_naive/univariate/CPHL/30T/long/run_0/predictions.npz
    Computing per-window metrics...
    Saved metrics to /fslarge/scratch/users/h61084/codes/improved/outputs/results/expe_uni/seasonal_naive/univariate/CPHL/30T/long/run_0/metrics.npz
    Saved config to /fslarge/scratch/users/h61084/codes/improved/outputs/results/expe_uni/seasonal_naive/univariate/CPHL/30T/long/run_0/config.json
    Saved aggregate metrics to /fslarge/scratch/users/h61084/codes/improved/outputs/results/expe_uni/seasonal_naive/univariate/CPHL/30T/long/run_0/metrics_summary.json
    Metrics summary (averaged over all series/windows/variates):
      MSE: 1.4190
      MAE: 0.7098
      RMSE: 0.8665
      MAPE: 0.7615
      sMAPE: 0.4871
      MASE: 1.9992
      ND: 0.4662
      CRPS: 0.3753
  Completed: 2 series x 10 windows
  Output: /fslarge/scratch/users/h61084/codes/improved/outputs/results/expe_uni/seasonal_naive/univariate/CPHL/30T/long/run_0

============================================================
All experiments completed!
Results saved to: /scratch/users/h61084/codes/improved/outputs/results/expe_uni
============================================================

############################################################
# All 1 dataset(s) completed!
############################################################

############################################################
# Dataset 1/1: CPHL/H
############################################################
Loading configuration...

============================================================
Model: Seasonal Naive
Dataset: CPHL/H
Terms: ['short', 'medium', 'long']
============================================================

--- Term: short ---
  Config: prediction_length=24, test_length=672, val_length=672
  Dataset info:
    - Frequency: H
    - Num series: 4
    - Target dim: 1
    - Target mode: univariate
    - Series length: min=2490, max=8783, avg=4971.2
    - Test split: 672 steps
    - Prediction length: 24
    - Windows: 28
    - Season length: 24
    Total instances: 112, Series during experiment: 4, Windows: 28
    Collecting ground truth and context...
    Organizing data into arrays...
    Saved predictions (quantiles) to /fslarge/scratch/users/h61084/codes/improved/outputs/results/expe_uni/seasonal_naive/univariate/CPHL/H/short/run_0/predictions.npz
    Computing per-window metrics...
    Saved metrics to /fslarge/scratch/users/h61084/codes/improved/outputs/results/expe_uni/seasonal_naive/univariate/CPHL/H/short/run_0/metrics.npz
    Saved config to /fslarge/scratch/users/h61084/codes/improved/outputs/results/expe_uni/seasonal_naive/univariate/CPHL/H/short/run_0/config.json
    Saved aggregate metrics to /fslarge/scratch/users/h61084/codes/improved/outputs/results/expe_uni/seasonal_naive/univariate/CPHL/H/short/run_0/metrics_summary.json
    Metrics summary (averaged over all series/windows/variates):
      MSE: 0.5847
      MAE: 0.4282
      RMSE: 0.5171
      MAPE: 0.4241
      sMAPE: 0.3630
      MASE: 1.5056
      ND: 0.3656
      CRPS: 0.2942
  Completed: 4 series x 28 windows
  Output: /fslarge/scratch/users/h61084/codes/improved/outputs/results/expe_uni/seasonal_naive/univariate/CPHL/H/short/run_0

--- Term: medium ---
  Config: prediction_length=168, test_length=672, val_length=672
  Dataset info:
    - Frequency: H
    - Num series: 4
    - Target dim: 1
    - Target mode: univariate
    - Series length: min=2490, max=8783, avg=4971.2
    - Test split: 672 steps
    - Prediction length: 168
    - Windows: 4
    - Season length: 24
    Total instances: 16, Series during experiment: 4, Windows: 4
    Collecting ground truth and context...
    Organizing data into arrays...
    Saved predictions (quantiles) to /fslarge/scratch/users/h61084/codes/improved/outputs/results/expe_uni/seasonal_naive/univariate/CPHL/H/medium/run_0/predictions.npz
    Computing per-window metrics...
    Saved metrics to /fslarge/scratch/users/h61084/codes/improved/outputs/results/expe_uni/seasonal_naive/univariate/CPHL/H/medium/run_0/metrics.npz
    Saved config to /fslarge/scratch/users/h61084/codes/improved/outputs/results/expe_uni/seasonal_naive/univariate/CPHL/H/medium/run_0/config.json
    Saved aggregate metrics to /fslarge/scratch/users/h61084/codes/improved/outputs/results/expe_uni/seasonal_naive/univariate/CPHL/H/medium/run_0/metrics_summary.json
    Metrics summary (averaged over all series/windows/variates):
      MSE: 0.7917
      MAE: 0.5572
      RMSE: 0.6828
      MAPE: 0.6135
      sMAPE: 0.5358
      MASE: 2.2313
      ND: 0.5220
      CRPS: 0.4023
  Completed: 4 series x 4 windows
  Output: /fslarge/scratch/users/h61084/codes/improved/outputs/results/expe_uni/seasonal_naive/univariate/CPHL/H/medium/run_0

--- Term: long ---
  Config: prediction_length=336, test_length=672, val_length=672
  Dataset info:
    - Frequency: H
    - Num series: 4
    - Target dim: 1
    - Target mode: univariate
    - Series length: min=2490, max=8783, avg=4971.2
    - Test split: 672 steps
    - Prediction length: 336
    - Windows: 2
    - Season length: 24
    Total instances: 8, Series during experiment: 4, Windows: 2
    Collecting ground truth and context...
    Organizing data into arrays...
    Saved predictions (quantiles) to /fslarge/scratch/users/h61084/codes/improved/outputs/results/expe_uni/seasonal_naive/univariate/CPHL/H/long/run_0/predictions.npz
    Computing per-window metrics...
    Saved metrics to /fslarge/scratch/users/h61084/codes/improved/outputs/results/expe_uni/seasonal_naive/univariate/CPHL/H/long/run_0/metrics.npz
    Saved config to /fslarge/scratch/users/h61084/codes/improved/outputs/results/expe_uni/seasonal_naive/univariate/CPHL/H/long/run_0/config.json
    Saved aggregate metrics to /fslarge/scratch/users/h61084/codes/improved/outputs/results/expe_uni/seasonal_naive/univariate/CPHL/H/long/run_0/metrics_summary.json
    Metrics summary (averaged over all series/windows/variates):
      MSE: 0.7866
      MAE: 0.5649
      RMSE: 0.7172
      MAPE: 0.6159
      sMAPE: 0.5700
      MASE: 2.4940
      ND: 0.5406
      CRPS: 0.4568
  Completed: 4 series x 2 windows
  Output: /fslarge/scratch/users/h61084/codes/improved/outputs/results/expe_uni/seasonal_naive/univariate/CPHL/H/long/run_0

============================================================
All experiments completed!
Results saved to: /scratch/users/h61084/codes/improved/outputs/results/expe_uni
============================================================

############################################################
# All 1 dataset(s) completed!
############################################################

############################################################
# Dataset 1/1: Coastal_T_S/5T
############################################################
Loading configuration...

============================================================
Model: Seasonal Naive
Dataset: Coastal_T_S/5T
Terms: ['short', 'medium', 'long']
============================================================

--- Term: short ---
  Config: prediction_length=36, test_length=4320, val_length=4320
  Dataset info:
    - Frequency: 5T
    - Num series: 18
    - Target dim: 3
    - Target mode: univariate
    - Series length: min=44614, max=105408, avg=68604.9
    - Test split: 4320 steps
    - Prediction length: 36
    - Windows: 120
    - Season length: 288
    Total instances: 6480, Series during experiment: 54, Windows: 120
    Collecting ground truth and context...
    Detected to_univariate case: 54 flat series -> 18 series x 3 variates
    Organizing data into arrays...
    Saved predictions (quantiles) to /fslarge/scratch/users/h61084/codes/improved/outputs/results/expe_uni/seasonal_naive/univariate/Coastal_T_S/5T/short/run_0/predictions.npz
    Computing per-window metrics...
    Saved metrics to /fslarge/scratch/users/h61084/codes/improved/outputs/results/expe_uni/seasonal_naive/univariate/Coastal_T_S/5T/short/run_0/metrics.npz
    Saved config to /fslarge/scratch/users/h61084/codes/improved/outputs/results/expe_uni/seasonal_naive/univariate/Coastal_T_S/5T/short/run_0/config.json
    Saved aggregate metrics to /fslarge/scratch/users/h61084/codes/improved/outputs/results/expe_uni/seasonal_naive/univariate/Coastal_T_S/5T/short/run_0/metrics_summary.json
    Metrics summary (averaged over all series/windows/variates):
      MSE: 223.5669
      MAE: 3.4557
      RMSE: 4.4833
      MAPE: 0.1147
      sMAPE: 0.0811
      MASE: 1.2744
      ND: 0.0803
      CRPS: 0.0829
  Completed: 18 series x 120 windows
  Output: /fslarge/scratch/users/h61084/codes/improved/outputs/results/expe_uni/seasonal_naive/univariate/Coastal_T_S/5T/short/run_0

--- Term: medium ---
  Config: prediction_length=288, test_length=4320, val_length=4320
  Dataset info:
    - Frequency: 5T
    - Num series: 18
    - Target dim: 3
    - Target mode: univariate
    - Series length: min=44614, max=105408, avg=68604.9
    - Test split: 4320 steps
    - Prediction length: 288
    - Windows: 15
    - Season length: 288
    Total instances: 810, Series during experiment: 54, Windows: 15
    Collecting ground truth and context...
    Detected to_univariate case: 54 flat series -> 18 series x 3 variates
    Organizing data into arrays...
    Saved predictions (quantiles) to /fslarge/scratch/users/h61084/codes/improved/outputs/results/expe_uni/seasonal_naive/univariate/Coastal_T_S/5T/medium/run_0/predictions.npz
    Computing per-window metrics...
    Saved metrics to /fslarge/scratch/users/h61084/codes/improved/outputs/results/expe_uni/seasonal_naive/univariate/Coastal_T_S/5T/medium/run_0/metrics.npz
    Saved config to /fslarge/scratch/users/h61084/codes/improved/outputs/results/expe_uni/seasonal_naive/univariate/Coastal_T_S/5T/medium/run_0/config.json
    Saved aggregate metrics to /fslarge/scratch/users/h61084/codes/improved/outputs/results/expe_uni/seasonal_naive/univariate/Coastal_T_S/5T/medium/run_0/metrics_summary.json
    Metrics summary (averaged over all series/windows/variates):
      MSE: 222.9091
      MAE: 3.4218
      RMSE: 4.5347
      MAPE: 0.1134
      sMAPE: 0.0797
      MASE: 1.2755
      ND: 0.0788
      CRPS: 0.0815
  Completed: 18 series x 15 windows
  Output: /fslarge/scratch/users/h61084/codes/improved/outputs/results/expe_uni/seasonal_naive/univariate/Coastal_T_S/5T/medium/run_0

--- Term: long ---
  Config: prediction_length=864, test_length=4320, val_length=4320
  Dataset info:
    - Frequency: 5T
    - Num series: 18
    - Target dim: 3
    - Target mode: univariate
    - Series length: min=44614, max=105408, avg=68604.9
    - Test split: 4320 steps
    - Prediction length: 864
    - Windows: 5
    - Season length: 288
    Total instances: 270, Series during experiment: 54, Windows: 5
    Collecting ground truth and context...
    Detected to_univariate case: 54 flat series -> 18 series x 3 variates
    Organizing data into arrays...
    Saved predictions (quantiles) to /fslarge/scratch/users/h61084/codes/improved/outputs/results/expe_uni/seasonal_naive/univariate/Coastal_T_S/5T/long/run_0/predictions.npz
    Computing per-window metrics...
    Saved metrics to /fslarge/scratch/users/h61084/codes/improved/outputs/results/expe_uni/seasonal_naive/univariate/Coastal_T_S/5T/long/run_0/metrics.npz
    Saved config to /fslarge/scratch/users/h61084/codes/improved/outputs/results/expe_uni/seasonal_naive/univariate/Coastal_T_S/5T/long/run_0/config.json
    Saved aggregate metrics to /fslarge/scratch/users/h61084/codes/improved/outputs/results/expe_uni/seasonal_naive/univariate/Coastal_T_S/5T/long/run_0/metrics_summary.json
    Metrics summary (averaged over all series/windows/variates):
      MSE: 240.9277
      MAE: 3.9283
      RMSE: 5.0297
      MAPE: 0.1253
      sMAPE: 0.0917
      MASE: 1.5530
      ND: 0.0925
      CRPS: 0.0935
  Completed: 18 series x 5 windows
  Output: /fslarge/scratch/users/h61084/codes/improved/outputs/results/expe_uni/seasonal_naive/univariate/Coastal_T_S/5T/long/run_0

============================================================
All experiments completed!
Results saved to: /scratch/users/h61084/codes/improved/outputs/results/expe_uni
============================================================

############################################################
# All 1 dataset(s) completed!
############################################################

############################################################
# Dataset 1/1: Coastal_T_S/15T
############################################################
Loading configuration...

============================================================
Model: Seasonal Naive
Dataset: Coastal_T_S/15T
Terms: ['short', 'medium', 'long']
============================================================

--- Term: short ---
  Config: prediction_length=12, test_length=1440, val_length=1440
  Dataset info:
    - Frequency: 15T
    - Num series: 5
    - Target dim: 3
    - Target mode: univariate
    - Series length: min=16686, max=23134, avg=20870.2
    - Test split: 1440 steps
    - Prediction length: 12
    - Windows: 120
    - Season length: 96
    Total instances: 1800, Series during experiment: 15, Windows: 120
    Collecting ground truth and context...
    Detected to_univariate case: 15 flat series -> 5 series x 3 variates
    Organizing data into arrays...
    Saved predictions (quantiles) to /fslarge/scratch/users/h61084/codes/improved/outputs/results/expe_uni/seasonal_naive/univariate/Coastal_T_S/15T/short/run_0/predictions.npz
    Computing per-window metrics...
    Saved metrics to /fslarge/scratch/users/h61084/codes/improved/outputs/results/expe_uni/seasonal_naive/univariate/Coastal_T_S/15T/short/run_0/metrics.npz
    Saved config to /fslarge/scratch/users/h61084/codes/improved/outputs/results/expe_uni/seasonal_naive/univariate/Coastal_T_S/15T/short/run_0/config.json
    Saved aggregate metrics to /fslarge/scratch/users/h61084/codes/improved/outputs/results/expe_uni/seasonal_naive/univariate/Coastal_T_S/15T/short/run_0/metrics_summary.json
    Metrics summary (averaged over all series/windows/variates):
      MSE: 208.0291
      MAE: 4.9767
      RMSE: 6.5943
      MAPE: 0.1582
      sMAPE: 0.1233
      MASE: 1.4794
      ND: 0.1251
      CRPS: 0.1089
  Completed: 5 series x 120 windows
  Output: /fslarge/scratch/users/h61084/codes/improved/outputs/results/expe_uni/seasonal_naive/univariate/Coastal_T_S/15T/short/run_0

--- Term: medium ---
  Config: prediction_length=96, test_length=1440, val_length=1440
  Dataset info:
    - Frequency: 15T
    - Num series: 5
    - Target dim: 3
    - Target mode: univariate
    - Series length: min=16686, max=23134, avg=20870.2
    - Test split: 1440 steps
    - Prediction length: 96
    - Windows: 15
    - Season length: 96
    Total instances: 225, Series during experiment: 15, Windows: 15
    Collecting ground truth and context...
    Detected to_univariate case: 15 flat series -> 5 series x 3 variates
    Organizing data into arrays...
    Saved predictions (quantiles) to /fslarge/scratch/users/h61084/codes/improved/outputs/results/expe_uni/seasonal_naive/univariate/Coastal_T_S/15T/medium/run_0/predictions.npz
    Computing per-window metrics...
    Saved metrics to /fslarge/scratch/users/h61084/codes/improved/outputs/results/expe_uni/seasonal_naive/univariate/Coastal_T_S/15T/medium/run_0/metrics.npz
    Saved config to /fslarge/scratch/users/h61084/codes/improved/outputs/results/expe_uni/seasonal_naive/univariate/Coastal_T_S/15T/medium/run_0/config.json
    Saved aggregate metrics to /fslarge/scratch/users/h61084/codes/improved/outputs/results/expe_uni/seasonal_naive/univariate/Coastal_T_S/15T/medium/run_0/metrics_summary.json
    Metrics summary (averaged over all series/windows/variates):
      MSE: 208.4103
      MAE: 4.9512
      RMSE: 6.6896
      MAPE: 0.1565
      sMAPE: 0.1238
      MASE: 1.4860
      ND: 0.1221
      CRPS: 0.1068
  Completed: 5 series x 15 windows
  Output: /fslarge/scratch/users/h61084/codes/improved/outputs/results/expe_uni/seasonal_naive/univariate/Coastal_T_S/15T/medium/run_0

--- Term: long ---
  Config: prediction_length=288, test_length=1440, val_length=1440
  Dataset info:
    - Frequency: 15T
    - Num series: 5
    - Target dim: 3
    - Target mode: univariate
    - Series length: min=16686, max=23134, avg=20870.2
    - Test split: 1440 steps
    - Prediction length: 288
    - Windows: 5
    - Season length: 96
    Total instances: 75, Series during experiment: 15, Windows: 5
    Collecting ground truth and context...
    Detected to_univariate case: 15 flat series -> 5 series x 3 variates
    Organizing data into arrays...
    Saved predictions (quantiles) to /fslarge/scratch/users/h61084/codes/improved/outputs/results/expe_uni/seasonal_naive/univariate/Coastal_T_S/15T/long/run_0/predictions.npz
    Computing per-window metrics...
    Saved metrics to /fslarge/scratch/users/h61084/codes/improved/outputs/results/expe_uni/seasonal_naive/univariate/Coastal_T_S/15T/long/run_0/metrics.npz
    Saved config to /fslarge/scratch/users/h61084/codes/improved/outputs/results/expe_uni/seasonal_naive/univariate/Coastal_T_S/15T/long/run_0/config.json
    Saved aggregate metrics to /fslarge/scratch/users/h61084/codes/improved/outputs/results/expe_uni/seasonal_naive/univariate/Coastal_T_S/15T/long/run_0/metrics_summary.json
    Metrics summary (averaged over all series/windows/variates):
      MSE: 216.6348
      MAE: 5.2019
      RMSE: 6.8472
      MAPE: 0.1628
      sMAPE: 0.1301
      MASE: 1.6357
      ND: 0.1284
      CRPS: 0.1105
  Completed: 5 series x 5 windows
  Output: /fslarge/scratch/users/h61084/codes/improved/outputs/results/expe_uni/seasonal_naive/univariate/Coastal_T_S/15T/long/run_0

============================================================
All experiments completed!
Results saved to: /scratch/users/h61084/codes/improved/outputs/results/expe_uni
============================================================

############################################################
# All 1 dataset(s) completed!
############################################################

############################################################
# Dataset 1/1: Coastal_T_S/20T
############################################################
Loading configuration...

============================================================
Model: Seasonal Naive
Dataset: Coastal_T_S/20T
Terms: ['short', 'medium', 'long']
============================================================

--- Term: short ---
  Config: prediction_length=9, test_length=1080, val_length=1080
  Dataset info:
    - Frequency: 20T
    - Num series: 1
    - Target dim: 3
    - Target mode: univariate
    - Series length: min=8198, max=8198, avg=8198.0
    - Test split: 1080 steps
    - Prediction length: 9
    - Windows: 120
    - Season length: 72
    Total instances: 360, Series during experiment: 3, Windows: 120
    Collecting ground truth and context...
    Detected to_univariate case: 3 flat series -> 1 series x 3 variates
    Organizing data into arrays...
    Saved predictions (quantiles) to /fslarge/scratch/users/h61084/codes/improved/outputs/results/expe_uni/seasonal_naive/univariate/Coastal_T_S/20T/short/run_0/predictions.npz
    Computing per-window metrics...
    Saved metrics to /fslarge/scratch/users/h61084/codes/improved/outputs/results/expe_uni/seasonal_naive/univariate/Coastal_T_S/20T/short/run_0/metrics.npz
    Saved config to /fslarge/scratch/users/h61084/codes/improved/outputs/results/expe_uni/seasonal_naive/univariate/Coastal_T_S/20T/short/run_0/config.json
    Saved aggregate metrics to /fslarge/scratch/users/h61084/codes/improved/outputs/results/expe_uni/seasonal_naive/univariate/Coastal_T_S/20T/short/run_0/metrics_summary.json
    Metrics summary (averaged over all series/windows/variates):
      MSE: 0.0512
      MAE: 0.1663
      RMSE: 0.1754
      MAPE: 0.0067
      sMAPE: 0.0067
      MASE: 1.2806
      ND: 0.0067
      CRPS: 0.0055
  Completed: 1 series x 120 windows
  Output: /fslarge/scratch/users/h61084/codes/improved/outputs/results/expe_uni/seasonal_naive/univariate/Coastal_T_S/20T/short/run_0

--- Term: medium ---
  Config: prediction_length=72, test_length=1080, val_length=1080
  Dataset info:
    - Frequency: 20T
    - Num series: 1
    - Target dim: 3
    - Target mode: univariate
    - Series length: min=8198, max=8198, avg=8198.0
    - Test split: 1080 steps
    - Prediction length: 72
    - Windows: 15
    - Season length: 72
    Total instances: 45, Series during experiment: 3, Windows: 15
    Collecting ground truth and context...
    Detected to_univariate case: 3 flat series -> 1 series x 3 variates
    Organizing data into arrays...
    Saved predictions (quantiles) to /fslarge/scratch/users/h61084/codes/improved/outputs/results/expe_uni/seasonal_naive/univariate/Coastal_T_S/20T/medium/run_0/predictions.npz
    Computing per-window metrics...
    Saved metrics to /fslarge/scratch/users/h61084/codes/improved/outputs/results/expe_uni/seasonal_naive/univariate/Coastal_T_S/20T/medium/run_0/metrics.npz
    Saved config to /fslarge/scratch/users/h61084/codes/improved/outputs/results/expe_uni/seasonal_naive/univariate/Coastal_T_S/20T/medium/run_0/config.json
    Saved aggregate metrics to /fslarge/scratch/users/h61084/codes/improved/outputs/results/expe_uni/seasonal_naive/univariate/Coastal_T_S/20T/medium/run_0/metrics_summary.json
    Metrics summary (averaged over all series/windows/variates):
      MSE: 0.0514
      MAE: 0.1676
      RMSE: 0.1987
      MAPE: 0.0068
      sMAPE: 0.0068
      MASE: 1.2938
      ND: 0.0068
      CRPS: 0.0054
  Completed: 1 series x 15 windows
  Output: /fslarge/scratch/users/h61084/codes/improved/outputs/results/expe_uni/seasonal_naive/univariate/Coastal_T_S/20T/medium/run_0

--- Term: long ---
  Config: prediction_length=216, test_length=1080, val_length=1080
  Dataset info:
    - Frequency: 20T
    - Num series: 1
    - Target dim: 3
    - Target mode: univariate
    - Series length: min=8198, max=8198, avg=8198.0
    - Test split: 1080 steps
    - Prediction length: 216
    - Windows: 5
    - Season length: 72
    Total instances: 15, Series during experiment: 3, Windows: 5
    Collecting ground truth and context...
    Detected to_univariate case: 3 flat series -> 1 series x 3 variates
    Organizing data into arrays...
    Saved predictions (quantiles) to /fslarge/scratch/users/h61084/codes/improved/outputs/results/expe_uni/seasonal_naive/univariate/Coastal_T_S/20T/long/run_0/predictions.npz
    Computing per-window metrics...
    Saved metrics to /fslarge/scratch/users/h61084/codes/improved/outputs/results/expe_uni/seasonal_naive/univariate/Coastal_T_S/20T/long/run_0/metrics.npz
    Saved config to /fslarge/scratch/users/h61084/codes/improved/outputs/results/expe_uni/seasonal_naive/univariate/Coastal_T_S/20T/long/run_0/config.json
    Saved aggregate metrics to /fslarge/scratch/users/h61084/codes/improved/outputs/results/expe_uni/seasonal_naive/univariate/Coastal_T_S/20T/long/run_0/metrics_summary.json
    Metrics summary (averaged over all series/windows/variates):
      MSE: 0.1223
      MAE: 0.2463
      RMSE: 0.3092
      MAPE: 0.0103
      sMAPE: 0.0103
      MASE: 1.8480
      ND: 0.0103
      CRPS: 0.0082
  Completed: 1 series x 5 windows
  Output: /fslarge/scratch/users/h61084/codes/improved/outputs/results/expe_uni/seasonal_naive/univariate/Coastal_T_S/20T/long/run_0

============================================================
All experiments completed!
Results saved to: /scratch/users/h61084/codes/improved/outputs/results/expe_uni
============================================================

############################################################
# All 1 dataset(s) completed!
############################################################

############################################################
# Dataset 1/1: Coastal_T_S/H
############################################################
Loading configuration...

============================================================
Model: Seasonal Naive
Dataset: Coastal_T_S/H
Terms: ['short', 'medium', 'long']
============================================================

--- Term: short ---
  Config: prediction_length=24, test_length=672, val_length=672
  Dataset info:
    - Frequency: H
    - Num series: 24
    - Target dim: 3
    - Target mode: univariate
    - Series length: min=2733, max=8784, avg=5488.8
    - Test split: 672 steps
    - Prediction length: 24
    - Windows: 28
    - Season length: 24
    Total instances: 2016, Series during experiment: 72, Windows: 28
    Collecting ground truth and context...
    Detected to_univariate case: 72 flat series -> 24 series x 3 variates
    Organizing data into arrays...
    Saved predictions (quantiles) to /fslarge/scratch/users/h61084/codes/improved/outputs/results/expe_uni/seasonal_naive/univariate/Coastal_T_S/H/short/run_0/predictions.npz
    Computing per-window metrics...
    Saved metrics to /fslarge/scratch/users/h61084/codes/improved/outputs/results/expe_uni/seasonal_naive/univariate/Coastal_T_S/H/short/run_0/metrics.npz
    Saved config to /fslarge/scratch/users/h61084/codes/improved/outputs/results/expe_uni/seasonal_naive/univariate/Coastal_T_S/H/short/run_0/config.json
    Saved aggregate metrics to /fslarge/scratch/users/h61084/codes/improved/outputs/results/expe_uni/seasonal_naive/univariate/Coastal_T_S/H/short/run_0/metrics_summary.json
    Metrics summary (averaged over all series/windows/variates):
      MSE: 28.2780
      MAE: 1.5709
      RMSE: 1.9224
      MAPE: 0.0405
      sMAPE: 0.0389
      MASE: 1.2415
      ND: 0.0384
      CRPS: 0.0357
  Completed: 24 series x 28 windows
  Output: /fslarge/scratch/users/h61084/codes/improved/outputs/results/expe_uni/seasonal_naive/univariate/Coastal_T_S/H/short/run_0

--- Term: medium ---
  Config: prediction_length=168, test_length=672, val_length=672
  Dataset info:
    - Frequency: H
    - Num series: 24
    - Target dim: 3
    - Target mode: univariate
    - Series length: min=2733, max=8784, avg=5488.8
    - Test split: 672 steps
    - Prediction length: 168
    - Windows: 4
    - Season length: 24
    Total instances: 288, Series during experiment: 72, Windows: 4
    Collecting ground truth and context...
    Detected to_univariate case: 72 flat series -> 24 series x 3 variates
    Organizing data into arrays...
    Saved predictions (quantiles) to /fslarge/scratch/users/h61084/codes/improved/outputs/results/expe_uni/seasonal_naive/univariate/Coastal_T_S/H/medium/run_0/predictions.npz
    Computing per-window metrics...
    Saved metrics to /fslarge/scratch/users/h61084/codes/improved/outputs/results/expe_uni/seasonal_naive/univariate/Coastal_T_S/H/medium/run_0/metrics.npz
    Saved config to /fslarge/scratch/users/h61084/codes/improved/outputs/results/expe_uni/seasonal_naive/univariate/Coastal_T_S/H/medium/run_0/config.json
    Saved aggregate metrics to /fslarge/scratch/users/h61084/codes/improved/outputs/results/expe_uni/seasonal_naive/univariate/Coastal_T_S/H/medium/run_0/metrics_summary.json
    Metrics summary (averaged over all series/windows/variates):
      MSE: 39.0430
      MAE: 2.0049
      RMSE: 2.4627
      MAPE: 0.0578
      sMAPE: 0.0518
      MASE: 2.1354
      ND: 0.0552
      CRPS: 0.0533
  Completed: 24 series x 4 windows
  Output: /fslarge/scratch/users/h61084/codes/improved/outputs/results/expe_uni/seasonal_naive/univariate/Coastal_T_S/H/medium/run_0

--- Term: long ---
  Config: prediction_length=336, test_length=672, val_length=672
  Dataset info:
    - Frequency: H
    - Num series: 24
    - Target dim: 3
    - Target mode: univariate
    - Series length: min=2733, max=8784, avg=5488.8
    - Test split: 672 steps
    - Prediction length: 336
    - Windows: 2
    - Season length: 24
    Total instances: 144, Series during experiment: 72, Windows: 2
    Collecting ground truth and context...
    Detected to_univariate case: 72 flat series -> 24 series x 3 variates
    Organizing data into arrays...
    Saved predictions (quantiles) to /fslarge/scratch/users/h61084/codes/improved/outputs/results/expe_uni/seasonal_naive/univariate/Coastal_T_S/H/long/run_0/predictions.npz
    Computing per-window metrics...
    Saved metrics to /fslarge/scratch/users/h61084/codes/improved/outputs/results/expe_uni/seasonal_naive/univariate/Coastal_T_S/H/long/run_0/metrics.npz
    Saved config to /fslarge/scratch/users/h61084/codes/improved/outputs/results/expe_uni/seasonal_naive/univariate/Coastal_T_S/H/long/run_0/config.json
    Saved aggregate metrics to /fslarge/scratch/users/h61084/codes/improved/outputs/results/expe_uni/seasonal_naive/univariate/Coastal_T_S/H/long/run_0/metrics_summary.json
    Metrics summary (averaged over all series/windows/variates):
      MSE: 42.7959
      MAE: 2.2023
      RMSE: 2.6953
      MAPE: 0.0656
      sMAPE: 0.0592
      MASE: 2.7494
      ND: 0.0594
      CRPS: 0.0626
  Completed: 24 series x 2 windows
  Output: /fslarge/scratch/users/h61084/codes/improved/outputs/results/expe_uni/seasonal_naive/univariate/Coastal_T_S/H/long/run_0

============================================================
All experiments completed!
Results saved to: /scratch/users/h61084/codes/improved/outputs/results/expe_uni
============================================================

############################################################
# All 1 dataset(s) completed!
############################################################

############################################################
# Dataset 1/1: SG_Weather/D
############################################################
Loading configuration...

============================================================
Model: Seasonal Naive
Dataset: SG_Weather/D
Terms: ['short', 'medium', 'long']
============================================================

--- Term: short ---
  Config: prediction_length=3, test_length=366, val_length=366
  Dataset info:
    - Frequency: D
    - Num series: 6
    - Target dim: 4
    - Target mode: univariate
    - Series length: min=2953, max=2953, avg=2953.0
    - Test split: 366 steps
    - Prediction length: 3
    - Windows: 122
    - Season length: 1
    Total instances: 2928, Series during experiment: 24, Windows: 122
    Collecting ground truth and context...
    Detected to_univariate case: 24 flat series -> 6 series x 4 variates
    Organizing data into arrays...
    Saved predictions (quantiles) to /fslarge/scratch/users/h61084/codes/improved/outputs/results/expe_uni/seasonal_naive/univariate/SG_Weather/D/short/run_0/predictions.npz
    Computing per-window metrics...
    Saved metrics to /fslarge/scratch/users/h61084/codes/improved/outputs/results/expe_uni/seasonal_naive/univariate/SG_Weather/D/short/run_0/metrics.npz
    Saved config to /fslarge/scratch/users/h61084/codes/improved/outputs/results/expe_uni/seasonal_naive/univariate/SG_Weather/D/short/run_0/config.json
    Saved aggregate metrics to /fslarge/scratch/users/h61084/codes/improved/outputs/results/expe_uni/seasonal_naive/univariate/SG_Weather/D/short/run_0/metrics_summary.json
    Metrics summary (averaged over all series/windows/variates):
      MSE: 3685.3239
      MAE: 22.5815
      RMSE: 25.8986
      MAPE: 0.5277
      sMAPE: 0.2875
      MASE: 1.0921
      ND: 0.3243
      CRPS: 0.2965
  Completed: 6 series x 122 windows
  Output: /fslarge/scratch/users/h61084/codes/improved/outputs/results/expe_uni/seasonal_naive/univariate/SG_Weather/D/short/run_0

--- Term: medium ---
  Config: prediction_length=7, test_length=366, val_length=366
  Dataset info:
    - Frequency: D
    - Num series: 6
    - Target dim: 4
    - Target mode: univariate
    - Series length: min=2953, max=2953, avg=2953.0
    - Test split: 366 steps
    - Prediction length: 7
    - Windows: 52
    - Season length: 1
    Total instances: 1248, Series during experiment: 24, Windows: 52
    Collecting ground truth and context...
    Detected to_univariate case: 24 flat series -> 6 series x 4 variates
    Organizing data into arrays...
    Saved predictions (quantiles) to /fslarge/scratch/users/h61084/codes/improved/outputs/results/expe_uni/seasonal_naive/univariate/SG_Weather/D/medium/run_0/predictions.npz
    Computing per-window metrics...
    Saved metrics to /fslarge/scratch/users/h61084/codes/improved/outputs/results/expe_uni/seasonal_naive/univariate/SG_Weather/D/medium/run_0/metrics.npz
    Saved config to /fslarge/scratch/users/h61084/codes/improved/outputs/results/expe_uni/seasonal_naive/univariate/SG_Weather/D/medium/run_0/config.json
    Saved aggregate metrics to /fslarge/scratch/users/h61084/codes/improved/outputs/results/expe_uni/seasonal_naive/univariate/SG_Weather/D/medium/run_0/metrics_summary.json
    Metrics summary (averaged over all series/windows/variates):
      MSE: 4260.4408
      MAE: 25.3683
      RMSE: 30.0734
      MAPE: 0.5877
      sMAPE: 0.3149
      MASE: 1.2155
      ND: 0.3367
      CRPS: 0.3169
  Completed: 6 series x 52 windows
  Output: /fslarge/scratch/users/h61084/codes/improved/outputs/results/expe_uni/seasonal_naive/univariate/SG_Weather/D/medium/run_0

--- Term: long ---
  Config: prediction_length=14, test_length=366, val_length=366
  Dataset info:
    - Frequency: D
    - Num series: 6
    - Target dim: 4
    - Target mode: univariate
    - Series length: min=2953, max=2953, avg=2953.0
    - Test split: 366 steps
    - Prediction length: 14
    - Windows: 26
    - Season length: 1
    Total instances: 624, Series during experiment: 24, Windows: 26
    Collecting ground truth and context...
    Detected to_univariate case: 24 flat series -> 6 series x 4 variates
    Organizing data into arrays...
    Saved predictions (quantiles) to /fslarge/scratch/users/h61084/codes/improved/outputs/results/expe_uni/seasonal_naive/univariate/SG_Weather/D/long/run_0/predictions.npz
    Computing per-window metrics...
    Saved metrics to /fslarge/scratch/users/h61084/codes/improved/outputs/results/expe_uni/seasonal_naive/univariate/SG_Weather/D/long/run_0/metrics.npz
    Saved config to /fslarge/scratch/users/h61084/codes/improved/outputs/results/expe_uni/seasonal_naive/univariate/SG_Weather/D/long/run_0/config.json
    Saved aggregate metrics to /fslarge/scratch/users/h61084/codes/improved/outputs/results/expe_uni/seasonal_naive/univariate/SG_Weather/D/long/run_0/metrics_summary.json
    Metrics summary (averaged over all series/windows/variates):
      MSE: 4154.8064
      MAE: 24.9202
      RMSE: 30.2929
      MAPE: 0.6000
      sMAPE: 0.3309
      MASE: 1.2605
      ND: 0.3336
      CRPS: 0.3527
  Completed: 6 series x 26 windows
  Output: /fslarge/scratch/users/h61084/codes/improved/outputs/results/expe_uni/seasonal_naive/univariate/SG_Weather/D/long/run_0

============================================================
All experiments completed!
Results saved to: /scratch/users/h61084/codes/improved/outputs/results/expe_uni
============================================================

############################################################
# All 1 dataset(s) completed!
############################################################

############################################################
# Dataset 1/1: SG_PM25/H
############################################################
Loading configuration...

============================================================
Model: Seasonal Naive
Dataset: SG_PM25/H
Terms: ['short', 'medium', 'long']
============================================================

--- Term: short ---
  Config: prediction_length=24, test_length=2208, val_length=2160
  Dataset info:
    - Frequency: H
    - Num series: 1
    - Target dim: 5
    - Target mode: univariate
    - Series length: min=38688, max=38688, avg=38688.0
    - Test split: 2208 steps
    - Prediction length: 24
    - Windows: 92
    - Season length: 24
    Total instances: 460, Series during experiment: 5, Windows: 92
    Collecting ground truth and context...
    Detected to_univariate case: 5 flat series -> 1 series x 5 variates
    Organizing data into arrays...
    Saved predictions (quantiles) to /fslarge/scratch/users/h61084/codes/improved/outputs/results/expe_uni/seasonal_naive/univariate/SG_PM25/H/short/run_0/predictions.npz
    Computing per-window metrics...
    Saved metrics to /fslarge/scratch/users/h61084/codes/improved/outputs/results/expe_uni/seasonal_naive/univariate/SG_PM25/H/short/run_0/metrics.npz
    Saved config to /fslarge/scratch/users/h61084/codes/improved/outputs/results/expe_uni/seasonal_naive/univariate/SG_PM25/H/short/run_0/config.json
    Saved aggregate metrics to /fslarge/scratch/users/h61084/codes/improved/outputs/results/expe_uni/seasonal_naive/univariate/SG_PM25/H/short/run_0/metrics_summary.json
    Metrics summary (averaged over all series/windows/variates):
      MSE: 71.4214
      MAE: 6.2328
      RMSE: 7.7628
      MAPE: 0.6784
      sMAPE: 0.5170
      MASE: 1.1798
      ND: 0.5383
      CRPS: 0.4308
  Completed: 1 series x 92 windows
  Output: /fslarge/scratch/users/h61084/codes/improved/outputs/results/expe_uni/seasonal_naive/univariate/SG_PM25/H/short/run_0

--- Term: medium ---
  Config: prediction_length=72, test_length=2208, val_length=2160
  Dataset info:
    - Frequency: H
    - Num series: 1
    - Target dim: 5
    - Target mode: univariate
    - Series length: min=38688, max=38688, avg=38688.0
    - Test split: 2208 steps
    - Prediction length: 72
    - Windows: 30
    - Season length: 24
    Total instances: 150, Series during experiment: 5, Windows: 30
    Collecting ground truth and context...
    Detected to_univariate case: 5 flat series -> 1 series x 5 variates
    Organizing data into arrays...
    Saved predictions (quantiles) to /fslarge/scratch/users/h61084/codes/improved/outputs/results/expe_uni/seasonal_naive/univariate/SG_PM25/H/medium/run_0/predictions.npz
    Computing per-window metrics...
    Saved metrics to /fslarge/scratch/users/h61084/codes/improved/outputs/results/expe_uni/seasonal_naive/univariate/SG_PM25/H/medium/run_0/metrics.npz
    Saved config to /fslarge/scratch/users/h61084/codes/improved/outputs/results/expe_uni/seasonal_naive/univariate/SG_PM25/H/medium/run_0/config.json
    Saved aggregate metrics to /fslarge/scratch/users/h61084/codes/improved/outputs/results/expe_uni/seasonal_naive/univariate/SG_PM25/H/medium/run_0/metrics_summary.json
    Metrics summary (averaged over all series/windows/variates):
      MSE: 72.8573
      MAE: 6.3673
      RMSE: 8.0329
      MAPE: 0.6822
      sMAPE: 0.5377
      MASE: 1.2061
      ND: 0.5326
      CRPS: 0.4382
  Completed: 1 series x 30 windows
  Output: /fslarge/scratch/users/h61084/codes/improved/outputs/results/expe_uni/seasonal_naive/univariate/SG_PM25/H/medium/run_0

--- Term: long ---
  Config: prediction_length=168, test_length=2208, val_length=2160
  Dataset info:
    - Frequency: H
    - Num series: 1
    - Target dim: 5
    - Target mode: univariate
    - Series length: min=38688, max=38688, avg=38688.0
    - Test split: 2208 steps
    - Prediction length: 168
    - Windows: 13
    - Season length: 24
    Total instances: 65, Series during experiment: 5, Windows: 13
    Collecting ground truth and context...
    Detected to_univariate case: 5 flat series -> 1 series x 5 variates
    Organizing data into arrays...
    Saved predictions (quantiles) to /fslarge/scratch/users/h61084/codes/improved/outputs/results/expe_uni/seasonal_naive/univariate/SG_PM25/H/long/run_0/predictions.npz
    Computing per-window metrics...
    Saved metrics to /fslarge/scratch/users/h61084/codes/improved/outputs/results/expe_uni/seasonal_naive/univariate/SG_PM25/H/long/run_0/metrics.npz
    Saved config to /fslarge/scratch/users/h61084/codes/improved/outputs/results/expe_uni/seasonal_naive/univariate/SG_PM25/H/long/run_0/config.json
    Saved aggregate metrics to /fslarge/scratch/users/h61084/codes/improved/outputs/results/expe_uni/seasonal_naive/univariate/SG_PM25/H/long/run_0/metrics_summary.json
    Metrics summary (averaged over all series/windows/variates):
      MSE: 83.6821
      MAE: 6.9349
      RMSE: 8.8315
      MAPE: 0.7858
      sMAPE: 0.5616
      MASE: 1.3092
      ND: 0.5789
      CRPS: 0.5023
  Completed: 1 series x 13 windows
  Output: /fslarge/scratch/users/h61084/codes/improved/outputs/results/expe_uni/seasonal_naive/univariate/SG_PM25/H/long/run_0

============================================================
All experiments completed!
Results saved to: /scratch/users/h61084/codes/improved/outputs/results/expe_uni
============================================================

############################################################
# All 1 dataset(s) completed!
############################################################

############################################################
# Dataset 1/1: NE_China_Wind/H
############################################################
Loading configuration...

============================================================
Model: Seasonal Naive
Dataset: NE_China_Wind/H
Terms: ['short', 'medium', 'long']
============================================================

--- Term: short ---
  Config: prediction_length=24, test_length=720, val_length=720
  Dataset info:
    - Frequency: H
    - Num series: 1
    - Target dim: 4
    - Target mode: univariate
    - Series length: min=8764, max=8764, avg=8764.0
    - Test split: 720 steps
    - Prediction length: 24
    - Windows: 30
    - Season length: 24
    Total instances: 120, Series during experiment: 4, Windows: 30
    Collecting ground truth and context...
    Detected to_univariate case: 4 flat series -> 1 series x 4 variates
    Organizing data into arrays...
    Saved predictions (quantiles) to /fslarge/scratch/users/h61084/codes/improved/outputs/results/expe_uni/seasonal_naive/univariate/NE_China_Wind/H/short/run_0/predictions.npz
    Computing per-window metrics...
    Saved metrics to /fslarge/scratch/users/h61084/codes/improved/outputs/results/expe_uni/seasonal_naive/univariate/NE_China_Wind/H/short/run_0/metrics.npz
    Saved config to /fslarge/scratch/users/h61084/codes/improved/outputs/results/expe_uni/seasonal_naive/univariate/NE_China_Wind/H/short/run_0/config.json
    Saved aggregate metrics to /fslarge/scratch/users/h61084/codes/improved/outputs/results/expe_uni/seasonal_naive/univariate/NE_China_Wind/H/short/run_0/metrics_summary.json
    Metrics summary (averaged over all series/windows/variates):
      MSE: 0.2704
      MAE: 0.3664
      RMSE: 0.4099
      MAPE: 1.6987
      sMAPE: 0.6539
      MASE: 0.8449
      ND: 0.7705
      CRPS: 0.6350
  Completed: 1 series x 30 windows
  Output: /fslarge/scratch/users/h61084/codes/improved/outputs/results/expe_uni/seasonal_naive/univariate/NE_China_Wind/H/short/run_0

--- Term: medium ---
  Config: prediction_length=72, test_length=720, val_length=720
  Dataset info:
    - Frequency: H
    - Num series: 1
    - Target dim: 4
    - Target mode: univariate
    - Series length: min=8764, max=8764, avg=8764.0
    - Test split: 720 steps
    - Prediction length: 72
    - Windows: 10
    - Season length: 24
    Total instances: 40, Series during experiment: 4, Windows: 10
    Collecting ground truth and context...
    Detected to_univariate case: 4 flat series -> 1 series x 4 variates
    Organizing data into arrays...
    Saved predictions (quantiles) to /fslarge/scratch/users/h61084/codes/improved/outputs/results/expe_uni/seasonal_naive/univariate/NE_China_Wind/H/medium/run_0/predictions.npz
    Computing per-window metrics...
    Saved metrics to /fslarge/scratch/users/h61084/codes/improved/outputs/results/expe_uni/seasonal_naive/univariate/NE_China_Wind/H/medium/run_0/metrics.npz
    Saved config to /fslarge/scratch/users/h61084/codes/improved/outputs/results/expe_uni/seasonal_naive/univariate/NE_China_Wind/H/medium/run_0/config.json
    Saved aggregate metrics to /fslarge/scratch/users/h61084/codes/improved/outputs/results/expe_uni/seasonal_naive/univariate/NE_China_Wind/H/medium/run_0/metrics_summary.json
    Metrics summary (averaged over all series/windows/variates):
      MSE: 0.3961
      MAE: 0.4654
      RMSE: 0.5330
      MAPE: 1.9391
      sMAPE: 0.7825
      MASE: 1.1262
      ND: 0.7513
      CRPS: 0.6528
  Completed: 1 series x 10 windows
  Output: /fslarge/scratch/users/h61084/codes/improved/outputs/results/expe_uni/seasonal_naive/univariate/NE_China_Wind/H/medium/run_0

--- Term: long ---
  Config: prediction_length=168, test_length=720, val_length=720
  Dataset info:
    - Frequency: H
    - Num series: 1
    - Target dim: 4
    - Target mode: univariate
    - Series length: min=8764, max=8764, avg=8764.0
    - Test split: 720 steps
    - Prediction length: 168
    - Windows: 4
    - Season length: 24
    Total instances: 16, Series during experiment: 4, Windows: 4
    Collecting ground truth and context...
    Detected to_univariate case: 4 flat series -> 1 series x 4 variates
    Organizing data into arrays...
    Saved predictions (quantiles) to /fslarge/scratch/users/h61084/codes/improved/outputs/results/expe_uni/seasonal_naive/univariate/NE_China_Wind/H/long/run_0/predictions.npz
    Computing per-window metrics...
    Saved metrics to /fslarge/scratch/users/h61084/codes/improved/outputs/results/expe_uni/seasonal_naive/univariate/NE_China_Wind/H/long/run_0/metrics.npz
    Saved config to /fslarge/scratch/users/h61084/codes/improved/outputs/results/expe_uni/seasonal_naive/univariate/NE_China_Wind/H/long/run_0/config.json
    Saved aggregate metrics to /fslarge/scratch/users/h61084/codes/improved/outputs/results/expe_uni/seasonal_naive/univariate/NE_China_Wind/H/long/run_0/metrics_summary.json
    Metrics summary (averaged over all series/windows/variates):
      MSE: 0.4199
      MAE: 0.4923
      RMSE: 0.6034
      MAPE: 1.7742
      sMAPE: 0.7748
      MASE: 1.3195
      ND: 0.6691
      CRPS: 0.6785
  Completed: 1 series x 4 windows
  Output: /fslarge/scratch/users/h61084/codes/improved/outputs/results/expe_uni/seasonal_naive/univariate/NE_China_Wind/H/long/run_0

============================================================
All experiments completed!
Results saved to: /scratch/users/h61084/codes/improved/outputs/results/expe_uni
============================================================

############################################################
# All 1 dataset(s) completed!
############################################################

############################################################
# Dataset 1/1: Australia_Solar/H
############################################################
Loading configuration...

============================================================
Model: Seasonal Naive
Dataset: Australia_Solar/H
Terms: ['short', 'medium', 'long']
============================================================

--- Term: short ---
  Config: prediction_length=24, test_length=2520, val_length=2520
  Dataset info:
    - Frequency: H
    - Num series: 1
    - Target dim: 3
    - Target mode: univariate
    - Series length: min=35064, max=35064, avg=35064.0
    - Test split: 2520 steps
    - Prediction length: 24
    - Windows: 105
    - Season length: 24
    Total instances: 315, Series during experiment: 3, Windows: 105
    Collecting ground truth and context...
    Detected to_univariate case: 3 flat series -> 1 series x 3 variates
    Organizing data into arrays...
    ⚠️  Predictions max value (2247829.25) exceeds float16 safe range.
    ⚠️  Applying scale factor: 100 (values will be divided)
    Saved predictions (quantiles) to /fslarge/scratch/users/h61084/codes/improved/outputs/results/expe_uni/seasonal_naive/univariate/Australia_Solar/H/short/run_0/predictions.npz
    Computing per-window metrics...
    Saved metrics to /fslarge/scratch/users/h61084/codes/improved/outputs/results/expe_uni/seasonal_naive/univariate/Australia_Solar/H/short/run_0/metrics.npz
    Saved config to /fslarge/scratch/users/h61084/codes/improved/outputs/results/expe_uni/seasonal_naive/univariate/Australia_Solar/H/short/run_0/config.json
    Saved aggregate metrics to /fslarge/scratch/users/h61084/codes/improved/outputs/results/expe_uni/seasonal_naive/univariate/Australia_Solar/H/short/run_0/metrics_summary.json
    Metrics summary (averaged over all series/windows/variates):
      MSE: 39446392489.3787
      MAE: 100375.0871
      RMSE: 131123.0787
      MAPE: 1204.2339
      sMAPE: 0.6330
      MASE: 0.7062
      ND: 0.3610
      CRPS: 0.3180
  Completed: 1 series x 105 windows
  Output: /fslarge/scratch/users/h61084/codes/improved/outputs/results/expe_uni/seasonal_naive/univariate/Australia_Solar/H/short/run_0

--- Term: medium ---
  Config: prediction_length=72, test_length=2520, val_length=2520
  Dataset info:
    - Frequency: H
    - Num series: 1
    - Target dim: 3
    - Target mode: univariate
    - Series length: min=35064, max=35064, avg=35064.0
    - Test split: 2520 steps
    - Prediction length: 72
    - Windows: 35
    - Season length: 24
    Total instances: 105, Series during experiment: 3, Windows: 35
    Collecting ground truth and context...
    Detected to_univariate case: 3 flat series -> 1 series x 3 variates
    Organizing data into arrays...
    ⚠️  Predictions max value (2415442.11) exceeds float16 safe range.
    ⚠️  Applying scale factor: 100 (values will be divided)
    Saved predictions (quantiles) to /fslarge/scratch/users/h61084/codes/improved/outputs/results/expe_uni/seasonal_naive/univariate/Australia_Solar/H/medium/run_0/predictions.npz
    Computing per-window metrics...
    Saved metrics to /fslarge/scratch/users/h61084/codes/improved/outputs/results/expe_uni/seasonal_naive/univariate/Australia_Solar/H/medium/run_0/metrics.npz
    Saved config to /fslarge/scratch/users/h61084/codes/improved/outputs/results/expe_uni/seasonal_naive/univariate/Australia_Solar/H/medium/run_0/config.json
    Saved aggregate metrics to /fslarge/scratch/users/h61084/codes/improved/outputs/results/expe_uni/seasonal_naive/univariate/Australia_Solar/H/medium/run_0/metrics_summary.json
    Metrics summary (averaged over all series/windows/variates):
      MSE: 43218596801.6107
      MAE: 108026.3260
      RMSE: 151827.1880
      MAPE: 1314.4284
      sMAPE: 0.6685
      MASE: 0.7712
      ND: 0.3347
      CRPS: 0.3059
  Completed: 1 series x 35 windows
  Output: /fslarge/scratch/users/h61084/codes/improved/outputs/results/expe_uni/seasonal_naive/univariate/Australia_Solar/H/medium/run_0

--- Term: long ---
  Config: prediction_length=168, test_length=2520, val_length=2520
  Dataset info:
    - Frequency: H
    - Num series: 1
    - Target dim: 3
    - Target mode: univariate
    - Series length: min=35064, max=35064, avg=35064.0
    - Test split: 2520 steps
    - Prediction length: 168
    - Windows: 15
    - Season length: 24
    Total instances: 45, Series during experiment: 3, Windows: 15
    Collecting ground truth and context...
    Detected to_univariate case: 3 flat series -> 1 series x 3 variates
    Organizing data into arrays...
    ⚠️  Predictions max value (2589712.00) exceeds float16 safe range.
    ⚠️  Applying scale factor: 100 (values will be divided)
    Saved predictions (quantiles) to /fslarge/scratch/users/h61084/codes/improved/outputs/results/expe_uni/seasonal_naive/univariate/Australia_Solar/H/long/run_0/predictions.npz
    Computing per-window metrics...
    Saved metrics to /fslarge/scratch/users/h61084/codes/improved/outputs/results/expe_uni/seasonal_naive/univariate/Australia_Solar/H/long/run_0/metrics.npz
    Saved config to /fslarge/scratch/users/h61084/codes/improved/outputs/results/expe_uni/seasonal_naive/univariate/Australia_Solar/H/long/run_0/config.json
    Saved aggregate metrics to /fslarge/scratch/users/h61084/codes/improved/outputs/results/expe_uni/seasonal_naive/univariate/Australia_Solar/H/long/run_0/metrics_summary.json
    Metrics summary (averaged over all series/windows/variates):
      MSE: 31273136550.2823
      MAE: 95339.1197
      RMSE: 141184.6177
      MAPE: 753.0502
      sMAPE: 0.6548
      MASE: 0.6959
      ND: 0.3091
      CRPS: 0.3058
  Completed: 1 series x 15 windows
  Output: /fslarge/scratch/users/h61084/codes/improved/outputs/results/expe_uni/seasonal_naive/univariate/Australia_Solar/H/long/run_0

============================================================
All experiments completed!
Results saved to: /scratch/users/h61084/codes/improved/outputs/results/expe_uni
============================================================

############################################################
# All 1 dataset(s) completed!
############################################################

############################################################
# Dataset 1/1: epf_electricity_price/H
############################################################
Loading configuration...

============================================================
Model: Seasonal Naive
Dataset: epf_electricity_price/H
Terms: ['short', 'medium', 'long']
============================================================

--- Term: short ---
  Config: prediction_length=24, test_length=2520, val_length=2520
  Dataset info:
    - Frequency: H
    - Num series: 5
    - Target dim: 1
    - Target mode: univariate
    - Series length: min=52416, max=52416, avg=52416.0
    - Test split: 2520 steps
    - Prediction length: 24
    - Windows: 105
    - Season length: 24
    Total instances: 525, Series during experiment: 5, Windows: 105
    Collecting ground truth and context...
    Organizing data into arrays...
    Saved predictions (quantiles) to /fslarge/scratch/users/h61084/codes/improved/outputs/results/expe_uni/seasonal_naive/univariate/epf_electricity_price/H/short/run_0/predictions.npz
    Computing per-window metrics...
    Saved metrics to /fslarge/scratch/users/h61084/codes/improved/outputs/results/expe_uni/seasonal_naive/univariate/epf_electricity_price/H/short/run_0/metrics.npz
    Saved config to /fslarge/scratch/users/h61084/codes/improved/outputs/results/expe_uni/seasonal_naive/univariate/epf_electricity_price/H/short/run_0/config.json
    Saved aggregate metrics to /fslarge/scratch/users/h61084/codes/improved/outputs/results/expe_uni/seasonal_naive/univariate/epf_electricity_price/H/short/run_0/metrics_summary.json
    Metrics summary (averaged over all series/windows/variates):
      MSE: 255.1131
      MAE: 9.2615
      RMSE: 11.4262
      MAPE: 1.6791
      sMAPE: 0.2324
      MASE: 1.4445
      ND: 0.2395
      CRPS: 0.1987
  Completed: 5 series x 105 windows
  Output: /fslarge/scratch/users/h61084/codes/improved/outputs/results/expe_uni/seasonal_naive/univariate/epf_electricity_price/H/short/run_0

--- Term: medium ---
  Config: prediction_length=72, test_length=2520, val_length=2520
  Dataset info:
    - Frequency: H
    - Num series: 5
    - Target dim: 1
    - Target mode: univariate
    - Series length: min=52416, max=52416, avg=52416.0
    - Test split: 2520 steps
    - Prediction length: 72
    - Windows: 35
    - Season length: 24
    Total instances: 175, Series during experiment: 5, Windows: 35
    Collecting ground truth and context...
    Organizing data into arrays...
    Saved predictions (quantiles) to /fslarge/scratch/users/h61084/codes/improved/outputs/results/expe_uni/seasonal_naive/univariate/epf_electricity_price/H/medium/run_0/predictions.npz
    Computing per-window metrics...
    Saved metrics to /fslarge/scratch/users/h61084/codes/improved/outputs/results/expe_uni/seasonal_naive/univariate/epf_electricity_price/H/medium/run_0/metrics.npz
    Saved config to /fslarge/scratch/users/h61084/codes/improved/outputs/results/expe_uni/seasonal_naive/univariate/epf_electricity_price/H/medium/run_0/config.json
    Saved aggregate metrics to /fslarge/scratch/users/h61084/codes/improved/outputs/results/expe_uni/seasonal_naive/univariate/epf_electricity_price/H/medium/run_0/metrics_summary.json
    Metrics summary (averaged over all series/windows/variates):
      MSE: 435.3958
      MAE: 12.1279
      RMSE: 15.2177
      MAPE: 2.2539
      sMAPE: 0.2856
      MASE: 1.8815
      ND: 0.2919
      CRPS: 0.2442
  Completed: 5 series x 35 windows
  Output: /fslarge/scratch/users/h61084/codes/improved/outputs/results/expe_uni/seasonal_naive/univariate/epf_electricity_price/H/medium/run_0

--- Term: long ---
  Config: prediction_length=168, test_length=2520, val_length=2520
  Dataset info:
    - Frequency: H
    - Num series: 5
    - Target dim: 1
    - Target mode: univariate
    - Series length: min=52416, max=52416, avg=52416.0
    - Test split: 2520 steps
    - Prediction length: 168
    - Windows: 15
    - Season length: 24
    Total instances: 75, Series during experiment: 5, Windows: 15
    Collecting ground truth and context...
    Organizing data into arrays...
    Saved predictions (quantiles) to /fslarge/scratch/users/h61084/codes/improved/outputs/results/expe_uni/seasonal_naive/univariate/epf_electricity_price/H/long/run_0/predictions.npz
    Computing per-window metrics...
    Saved metrics to /fslarge/scratch/users/h61084/codes/improved/outputs/results/expe_uni/seasonal_naive/univariate/epf_electricity_price/H/long/run_0/metrics.npz
    Saved config to /fslarge/scratch/users/h61084/codes/improved/outputs/results/expe_uni/seasonal_naive/univariate/epf_electricity_price/H/long/run_0/config.json
    Saved aggregate metrics to /fslarge/scratch/users/h61084/codes/improved/outputs/results/expe_uni/seasonal_naive/univariate/epf_electricity_price/H/long/run_0/metrics_summary.json
    Metrics summary (averaged over all series/windows/variates):
      MSE: 491.5018
      MAE: 13.0822
      RMSE: 17.1003
      MAPE: 1.8520
      sMAPE: 0.3275
      MASE: 2.0567
      ND: 0.3075
      CRPS: 0.2657
  Completed: 5 series x 15 windows
  Output: /fslarge/scratch/users/h61084/codes/improved/outputs/results/expe_uni/seasonal_naive/univariate/epf_electricity_price/H/long/run_0

============================================================
All experiments completed!
Results saved to: /scratch/users/h61084/codes/improved/outputs/results/expe_uni
============================================================

############################################################
# All 1 dataset(s) completed!
############################################################

############################################################
# Dataset 1/1: OpenElectricity_NEM/5T
############################################################
Loading configuration...

============================================================
Model: Seasonal Naive
Dataset: OpenElectricity_NEM/5T
Terms: ['short', 'medium', 'long']
============================================================

--- Term: short ---
  Config: prediction_length=24, test_length=4032, val_length=4032
  Dataset info:
    - Frequency: 5T
    - Num series: 1
    - Target dim: 10
    - Target mode: univariate
    - Series length: min=43488, max=43488, avg=43488.0
    - Test split: 4032 steps
    - Prediction length: 24
    - Windows: 168
    - Season length: 288
    Total instances: 1680, Series during experiment: 10, Windows: 168
    Collecting ground truth and context...
    Detected to_univariate case: 10 flat series -> 1 series x 10 variates
    Organizing data into arrays...
    Saved predictions (quantiles) to /fslarge/scratch/users/h61084/codes/improved/outputs/results/expe_uni/seasonal_naive/univariate/OpenElectricity_NEM/5T/short/run_0/predictions.npz
    Computing per-window metrics...
    Saved metrics to /fslarge/scratch/users/h61084/codes/improved/outputs/results/expe_uni/seasonal_naive/univariate/OpenElectricity_NEM/5T/short/run_0/metrics.npz
    Saved config to /fslarge/scratch/users/h61084/codes/improved/outputs/results/expe_uni/seasonal_naive/univariate/OpenElectricity_NEM/5T/short/run_0/config.json
    Saved aggregate metrics to /fslarge/scratch/users/h61084/codes/improved/outputs/results/expe_uni/seasonal_naive/univariate/OpenElectricity_NEM/5T/short/run_0/metrics_summary.json
    Metrics summary (averaged over all series/windows/variates):
      MSE: 142898.6089
      MAE: 179.4688
      RMSE: 188.9272
      MAPE: 7.3706
      sMAPE: 0.3556
      MASE: 1.0486
      ND: 0.4970
      CRPS: 0.4142
  Completed: 1 series x 168 windows
  Output: /fslarge/scratch/users/h61084/codes/improved/outputs/results/expe_uni/seasonal_naive/univariate/OpenElectricity_NEM/5T/short/run_0

--- Term: medium ---
  Config: prediction_length=96, test_length=4032, val_length=4032
  Dataset info:
    - Frequency: 5T
    - Num series: 1
    - Target dim: 10
    - Target mode: univariate
    - Series length: min=43488, max=43488, avg=43488.0
    - Test split: 4032 steps
    - Prediction length: 96
    - Windows: 42
    - Season length: 288
    Total instances: 420, Series during experiment: 10, Windows: 42
    Collecting ground truth and context...
    Detected to_univariate case: 10 flat series -> 1 series x 10 variates
    Organizing data into arrays...
    Saved predictions (quantiles) to /fslarge/scratch/users/h61084/codes/improved/outputs/results/expe_uni/seasonal_naive/univariate/OpenElectricity_NEM/5T/medium/run_0/predictions.npz
    Computing per-window metrics...
    Saved metrics to /fslarge/scratch/users/h61084/codes/improved/outputs/results/expe_uni/seasonal_naive/univariate/OpenElectricity_NEM/5T/medium/run_0/metrics.npz
    Saved config to /fslarge/scratch/users/h61084/codes/improved/outputs/results/expe_uni/seasonal_naive/univariate/OpenElectricity_NEM/5T/medium/run_0/config.json
    Saved aggregate metrics to /fslarge/scratch/users/h61084/codes/improved/outputs/results/expe_uni/seasonal_naive/univariate/OpenElectricity_NEM/5T/medium/run_0/metrics_summary.json
    Metrics summary (averaged over all series/windows/variates):
      MSE: 144596.6439
      MAE: 181.4939
      RMSE: 208.5842
      MAPE: 6.9400
      sMAPE: 0.3501
      MASE: 1.0468
      ND: 0.4159
      CRPS: 0.3408
  Completed: 1 series x 42 windows
  Output: /fslarge/scratch/users/h61084/codes/improved/outputs/results/expe_uni/seasonal_naive/univariate/OpenElectricity_NEM/5T/medium/run_0

--- Term: long ---
  Config: prediction_length=288, test_length=4032, val_length=4032
  Dataset info:
    - Frequency: 5T
    - Num series: 1
    - Target dim: 10
    - Target mode: univariate
    - Series length: min=43488, max=43488, avg=43488.0
    - Test split: 4032 steps
    - Prediction length: 288
    - Windows: 14
    - Season length: 288
    Total instances: 140, Series during experiment: 10, Windows: 14
    Collecting ground truth and context...
    Detected to_univariate case: 10 flat series -> 1 series x 10 variates
    Organizing data into arrays...
    Saved predictions (quantiles) to /fslarge/scratch/users/h61084/codes/improved/outputs/results/expe_uni/seasonal_naive/univariate/OpenElectricity_NEM/5T/long/run_0/predictions.npz
    Computing per-window metrics...
    Saved metrics to /fslarge/scratch/users/h61084/codes/improved/outputs/results/expe_uni/seasonal_naive/univariate/OpenElectricity_NEM/5T/long/run_0/metrics.npz
    Saved config to /fslarge/scratch/users/h61084/codes/improved/outputs/results/expe_uni/seasonal_naive/univariate/OpenElectricity_NEM/5T/long/run_0/config.json
    Saved aggregate metrics to /fslarge/scratch/users/h61084/codes/improved/outputs/results/expe_uni/seasonal_naive/univariate/OpenElectricity_NEM/5T/long/run_0/metrics_summary.json
    Metrics summary (averaged over all series/windows/variates):
      MSE: 143891.4414
      MAE: 180.8166
      RMSE: 238.2205
      MAPE: 7.4983
      sMAPE: 0.3634
      MASE: 1.0543
      ND: 0.3332
      CRPS: 0.2772
  Completed: 1 series x 14 windows
  Output: /fslarge/scratch/users/h61084/codes/improved/outputs/results/expe_uni/seasonal_naive/univariate/OpenElectricity_NEM/5T/long/run_0

============================================================
All experiments completed!
Results saved to: /scratch/users/h61084/codes/improved/outputs/results/expe_uni
============================================================

############################################################
# All 1 dataset(s) completed!
############################################################

############################################################
# Dataset 1/1: EWELD_Load/15T
############################################################
Loading configuration...

============================================================
Model: Seasonal Naive
Dataset: EWELD_Load/15T
Terms: ['short', 'medium', 'long']
============================================================

--- Term: short ---
  Config: prediction_length=24, test_length=1344, val_length=1344
  Dataset info:
    - Frequency: 15T
    - Num series: 1
    - Target dim: 10
    - Target mode: univariate
    - Series length: min=20544, max=20544, avg=20544.0
    - Test split: 1344 steps
    - Prediction length: 24
    - Windows: 56
    - Season length: 96
    Total instances: 560, Series during experiment: 10, Windows: 56
    Collecting ground truth and context...
    Detected to_univariate case: 10 flat series -> 1 series x 10 variates
    Organizing data into arrays...
    Saved predictions (quantiles) to /fslarge/scratch/users/h61084/codes/improved/outputs/results/expe_uni/seasonal_naive/univariate/EWELD_Load/15T/short/run_0/predictions.npz
    Computing per-window metrics...
    Saved metrics to /fslarge/scratch/users/h61084/codes/improved/outputs/results/expe_uni/seasonal_naive/univariate/EWELD_Load/15T/short/run_0/metrics.npz
    Saved config to /fslarge/scratch/users/h61084/codes/improved/outputs/results/expe_uni/seasonal_naive/univariate/EWELD_Load/15T/short/run_0/config.json
    Saved aggregate metrics to /fslarge/scratch/users/h61084/codes/improved/outputs/results/expe_uni/seasonal_naive/univariate/EWELD_Load/15T/short/run_0/metrics_summary.json
    Metrics summary (averaged over all series/windows/variates):
      MSE: 2348.7659
      MAE: 19.9655
      RMSE: 24.8737
      MAPE: 0.8223
      sMAPE: 0.4537
      MASE: 0.9648
      ND: 1.3309
      CRPS: 2.4511
  Completed: 1 series x 56 windows
  Output: /fslarge/scratch/users/h61084/codes/improved/outputs/results/expe_uni/seasonal_naive/univariate/EWELD_Load/15T/short/run_0

--- Term: medium ---
  Config: prediction_length=96, test_length=1344, val_length=1344
  Dataset info:
    - Frequency: 15T
    - Num series: 1
    - Target dim: 10
    - Target mode: univariate
    - Series length: min=20544, max=20544, avg=20544.0
    - Test split: 1344 steps
    - Prediction length: 96
    - Windows: 14
    - Season length: 96
    Total instances: 140, Series during experiment: 10, Windows: 14
    Collecting ground truth and context...
    Detected to_univariate case: 10 flat series -> 1 series x 10 variates
    Organizing data into arrays...
    Saved predictions (quantiles) to /fslarge/scratch/users/h61084/codes/improved/outputs/results/expe_uni/seasonal_naive/univariate/EWELD_Load/15T/medium/run_0/predictions.npz
    Computing per-window metrics...
    Saved metrics to /fslarge/scratch/users/h61084/codes/improved/outputs/results/expe_uni/seasonal_naive/univariate/EWELD_Load/15T/medium/run_0/metrics.npz
    Saved config to /fslarge/scratch/users/h61084/codes/improved/outputs/results/expe_uni/seasonal_naive/univariate/EWELD_Load/15T/medium/run_0/config.json
    Saved aggregate metrics to /fslarge/scratch/users/h61084/codes/improved/outputs/results/expe_uni/seasonal_naive/univariate/EWELD_Load/15T/medium/run_0/metrics_summary.json
    Metrics summary (averaged over all series/windows/variates):
      MSE: 2315.5211
      MAE: 19.8526
      RMSE: 26.5898
      MAPE: 0.7282
      sMAPE: 0.4522
      MASE: 0.9620
      ND: 0.3511
      CRPS: 0.3220
  Completed: 1 series x 14 windows
  Output: /fslarge/scratch/users/h61084/codes/improved/outputs/results/expe_uni/seasonal_naive/univariate/EWELD_Load/15T/medium/run_0

--- Term: long ---
  Config: prediction_length=672, test_length=1344, val_length=1344
  Dataset info:
    - Frequency: 15T
    - Num series: 1
    - Target dim: 10
    - Target mode: univariate
    - Series length: min=20544, max=20544, avg=20544.0
    - Test split: 1344 steps
    - Prediction length: 672
    - Windows: 2
    - Season length: 96
    Total instances: 20, Series during experiment: 10, Windows: 2
    Collecting ground truth and context...
    Detected to_univariate case: 10 flat series -> 1 series x 10 variates
    Organizing data into arrays...
    Saved predictions (quantiles) to /fslarge/scratch/users/h61084/codes/improved/outputs/results/expe_uni/seasonal_naive/univariate/EWELD_Load/15T/long/run_0/predictions.npz
    Computing per-window metrics...
    Saved metrics to /fslarge/scratch/users/h61084/codes/improved/outputs/results/expe_uni/seasonal_naive/univariate/EWELD_Load/15T/long/run_0/metrics.npz
    Saved config to /fslarge/scratch/users/h61084/codes/improved/outputs/results/expe_uni/seasonal_naive/univariate/EWELD_Load/15T/long/run_0/config.json
    Saved aggregate metrics to /fslarge/scratch/users/h61084/codes/improved/outputs/results/expe_uni/seasonal_naive/univariate/EWELD_Load/15T/long/run_0/metrics_summary.json
    Metrics summary (averaged over all series/windows/variates):
      MSE: 2723.4800
      MAE: 21.8066
      RMSE: 28.5514
      MAPE: 0.8932
      sMAPE: 0.5076
      MASE: 1.0763
      ND: 0.3591
      CRPS: 0.4077
  Completed: 1 series x 2 windows
  Output: /fslarge/scratch/users/h61084/codes/improved/outputs/results/expe_uni/seasonal_naive/univariate/EWELD_Load/15T/long/run_0

============================================================
All experiments completed!
Results saved to: /scratch/users/h61084/codes/improved/outputs/results/expe_uni
============================================================

############################################################
# All 1 dataset(s) completed!
############################################################

############################################################
# Dataset 1/1: SG_Carpark/15T
############################################################
Loading configuration...

============================================================
Model: Seasonal Naive
Dataset: SG_Carpark/15T
Terms: ['short', 'medium', 'long']
============================================================

--- Term: short ---
  Config: prediction_length=16, test_length=672, val_length=672
  Dataset info:
    - Frequency: 15T
    - Num series: 354
    - Target dim: 1
    - Target mode: univariate
    - Series length: min=14495, max=14495, avg=14495.0
    - Test split: 672 steps
    - Prediction length: 16
    - Windows: 42
    - Season length: 96
    Total instances: 14868, Series during experiment: 354, Windows: 42
    Collecting ground truth and context...
    Organizing data into arrays...
    Saved predictions (quantiles) to /fslarge/scratch/users/h61084/codes/improved/outputs/results/expe_uni/seasonal_naive/univariate/SG_Carpark/15T/short/run_0/predictions.npz
    Computing per-window metrics...
    Saved metrics to /fslarge/scratch/users/h61084/codes/improved/outputs/results/expe_uni/seasonal_naive/univariate/SG_Carpark/15T/short/run_0/metrics.npz
    Saved config to /fslarge/scratch/users/h61084/codes/improved/outputs/results/expe_uni/seasonal_naive/univariate/SG_Carpark/15T/short/run_0/config.json
    Saved aggregate metrics to /fslarge/scratch/users/h61084/codes/improved/outputs/results/expe_uni/seasonal_naive/univariate/SG_Carpark/15T/short/run_0/metrics_summary.json
    Metrics summary (averaged over all series/windows/variates):
      MSE: 988.3549
      MAE: 14.9350
      RMSE: 17.1129
      MAPE: 0.0896
      sMAPE: 0.0919
      MASE: 0.9520
      ND: 0.0859
      CRPS: 0.0783
  Completed: 354 series x 42 windows
  Output: /fslarge/scratch/users/h61084/codes/improved/outputs/results/expe_uni/seasonal_naive/univariate/SG_Carpark/15T/short/run_0

--- Term: medium ---
  Config: prediction_length=96, test_length=672, val_length=672
  Dataset info:
    - Frequency: 15T
    - Num series: 354
    - Target dim: 1
    - Target mode: univariate
    - Series length: min=14495, max=14495, avg=14495.0
    - Test split: 672 steps
    - Prediction length: 96
    - Windows: 7
    - Season length: 96
    Total instances: 2478, Series during experiment: 354, Windows: 7
    Collecting ground truth and context...
    Organizing data into arrays...
    Saved predictions (quantiles) to /fslarge/scratch/users/h61084/codes/improved/outputs/results/expe_uni/seasonal_naive/univariate/SG_Carpark/15T/medium/run_0/predictions.npz
    Computing per-window metrics...
    Saved metrics to /fslarge/scratch/users/h61084/codes/improved/outputs/results/expe_uni/seasonal_naive/univariate/SG_Carpark/15T/medium/run_0/metrics.npz
    Saved config to /fslarge/scratch/users/h61084/codes/improved/outputs/results/expe_uni/seasonal_naive/univariate/SG_Carpark/15T/medium/run_0/config.json
    Saved aggregate metrics to /fslarge/scratch/users/h61084/codes/improved/outputs/results/expe_uni/seasonal_naive/univariate/SG_Carpark/15T/medium/run_0/metrics_summary.json
    Metrics summary (averaged over all series/windows/variates):
      MSE: 989.3635
      MAE: 14.9614
      RMSE: 19.9469
      MAPE: 0.0887
      sMAPE: 0.0916
      MASE: 0.9547
      ND: 0.0782
      CRPS: 0.0699
  Completed: 354 series x 7 windows
  Output: /fslarge/scratch/users/h61084/codes/improved/outputs/results/expe_uni/seasonal_naive/univariate/SG_Carpark/15T/medium/run_0

--- Term: long ---
  Config: prediction_length=672, test_length=672, val_length=672
  Dataset info:
    - Frequency: 15T
    - Num series: 354
    - Target dim: 1
    - Target mode: univariate
    - Series length: min=14495, max=14495, avg=14495.0
    - Test split: 672 steps
    - Prediction length: 672
    - Windows: 1
    - Season length: 96
    Total instances: 354, Series during experiment: 354, Windows: 1
    Collecting ground truth and context...
    Organizing data into arrays...
    Saved predictions (quantiles) to /fslarge/scratch/users/h61084/codes/improved/outputs/results/expe_uni/seasonal_naive/univariate/SG_Carpark/15T/long/run_0/predictions.npz
    Computing per-window metrics...
    Saved metrics to /fslarge/scratch/users/h61084/codes/improved/outputs/results/expe_uni/seasonal_naive/univariate/SG_Carpark/15T/long/run_0/metrics.npz
    Saved config to /fslarge/scratch/users/h61084/codes/improved/outputs/results/expe_uni/seasonal_naive/univariate/SG_Carpark/15T/long/run_0/config.json
    Saved aggregate metrics to /fslarge/scratch/users/h61084/codes/improved/outputs/results/expe_uni/seasonal_naive/univariate/SG_Carpark/15T/long/run_0/metrics_summary.json
    Metrics summary (averaged over all series/windows/variates):
      MSE: 1495.1402
      MAE: 21.4096
      RMSE: 28.5113
      MAPE: 0.1218
      sMAPE: 0.1236
      MASE: 1.3482
      ND: 0.1112
      CRPS: 0.1029
  Completed: 354 series x 1 windows
  Output: /fslarge/scratch/users/h61084/codes/improved/outputs/results/expe_uni/seasonal_naive/univariate/SG_Carpark/15T/long/run_0

============================================================
All experiments completed!
Results saved to: /scratch/users/h61084/codes/improved/outputs/results/expe_uni
============================================================

############################################################
# All 1 dataset(s) completed!
############################################################

############################################################
# Dataset 1/1: Finland_Traffic/15T
############################################################
Loading configuration...

============================================================
Model: Seasonal Naive
Dataset: Finland_Traffic/15T
Terms: ['short', 'medium', 'long']
============================================================

--- Term: short ---
  Config: prediction_length=16, test_length=2976, val_length=2880
  Dataset info:
    - Frequency: 15T
    - Num series: 1
    - Target dim: 1
    - Target mode: univariate
    - Series length: min=35136, max=35136, avg=35136.0
    - Test split: 2976 steps
    - Prediction length: 16
    - Windows: 186
    - Season length: 96
    Total instances: 186, Series during experiment: 1, Windows: 186
    Collecting ground truth and context...
    Organizing data into arrays...
    Saved predictions (quantiles) to /fslarge/scratch/users/h61084/codes/improved/outputs/results/expe_uni/seasonal_naive/univariate/Finland_Traffic/15T/short/run_0/predictions.npz
    Computing per-window metrics...
    Saved metrics to /fslarge/scratch/users/h61084/codes/improved/outputs/results/expe_uni/seasonal_naive/univariate/Finland_Traffic/15T/short/run_0/metrics.npz
    Saved config to /fslarge/scratch/users/h61084/codes/improved/outputs/results/expe_uni/seasonal_naive/univariate/Finland_Traffic/15T/short/run_0/config.json
    Saved aggregate metrics to /fslarge/scratch/users/h61084/codes/improved/outputs/results/expe_uni/seasonal_naive/univariate/Finland_Traffic/15T/short/run_0/metrics_summary.json
    Metrics summary (averaged over all series/windows/variates):
      MSE: 2590.4171
      MAE: 32.9676
      RMSE: 38.6281
      MAPE: 0.4285
      sMAPE: 0.3771
      MASE: 0.8010
      ND: 0.3839
      CRPS: 0.5016
  Completed: 1 series x 186 windows
  Output: /fslarge/scratch/users/h61084/codes/improved/outputs/results/expe_uni/seasonal_naive/univariate/Finland_Traffic/15T/short/run_0

--- Term: medium ---
  Config: prediction_length=96, test_length=2976, val_length=2880
  Dataset info:
    - Frequency: 15T
    - Num series: 1
    - Target dim: 1
    - Target mode: univariate
    - Series length: min=35136, max=35136, avg=35136.0
    - Test split: 2976 steps
    - Prediction length: 96
    - Windows: 31
    - Season length: 96
    Total instances: 31, Series during experiment: 1, Windows: 31
    Collecting ground truth and context...
    Organizing data into arrays...
    Saved predictions (quantiles) to /fslarge/scratch/users/h61084/codes/improved/outputs/results/expe_uni/seasonal_naive/univariate/Finland_Traffic/15T/medium/run_0/predictions.npz
    Computing per-window metrics...
    Saved metrics to /fslarge/scratch/users/h61084/codes/improved/outputs/results/expe_uni/seasonal_naive/univariate/Finland_Traffic/15T/medium/run_0/metrics.npz
    Saved config to /fslarge/scratch/users/h61084/codes/improved/outputs/results/expe_uni/seasonal_naive/univariate/Finland_Traffic/15T/medium/run_0/config.json
    Saved aggregate metrics to /fslarge/scratch/users/h61084/codes/improved/outputs/results/expe_uni/seasonal_naive/univariate/Finland_Traffic/15T/medium/run_0/metrics_summary.json
    Metrics summary (averaged over all series/windows/variates):
      MSE: 2649.3155
      MAE: 33.0761
      RMSE: 45.3325
      MAPE: 0.4363
      sMAPE: 0.3769
      MASE: 0.8031
      ND: 0.2639
      CRPS: 0.2451
  Completed: 1 series x 31 windows
  Output: /fslarge/scratch/users/h61084/codes/improved/outputs/results/expe_uni/seasonal_naive/univariate/Finland_Traffic/15T/medium/run_0

--- Term: long ---
  Config: prediction_length=672, test_length=2976, val_length=2880
  Dataset info:
    - Frequency: 15T
    - Num series: 1
    - Target dim: 1
    - Target mode: univariate
    - Series length: min=35136, max=35136, avg=35136.0
    - Test split: 2976 steps
    - Prediction length: 672
    - Windows: 4
    - Season length: 96
    Total instances: 4, Series during experiment: 1, Windows: 4
    Collecting ground truth and context...
    Organizing data into arrays...
    Saved predictions (quantiles) to /fslarge/scratch/users/h61084/codes/improved/outputs/results/expe_uni/seasonal_naive/univariate/Finland_Traffic/15T/long/run_0/predictions.npz
    Computing per-window metrics...
    Saved metrics to /fslarge/scratch/users/h61084/codes/improved/outputs/results/expe_uni/seasonal_naive/univariate/Finland_Traffic/15T/long/run_0/metrics.npz
    Saved config to /fslarge/scratch/users/h61084/codes/improved/outputs/results/expe_uni/seasonal_naive/univariate/Finland_Traffic/15T/long/run_0/config.json
    Saved aggregate metrics to /fslarge/scratch/users/h61084/codes/improved/outputs/results/expe_uni/seasonal_naive/univariate/Finland_Traffic/15T/long/run_0/metrics_summary.json
    Metrics summary (averaged over all series/windows/variates):
      MSE: 3651.9035
      MAE: 41.2783
      RMSE: 59.8025
      MAPE: 0.4531
      sMAPE: 0.5389
      MASE: 0.9997
      ND: 0.3140
      CRPS: 0.3295
  Completed: 1 series x 4 windows
  Output: /fslarge/scratch/users/h61084/codes/improved/outputs/results/expe_uni/seasonal_naive/univariate/Finland_Traffic/15T/long/run_0

============================================================
All experiments completed!
Results saved to: /scratch/users/h61084/codes/improved/outputs/results/expe_uni
============================================================

############################################################
# All 1 dataset(s) completed!
############################################################

############################################################
# Dataset 1/1: Port_Activity/D
############################################################
Loading configuration...

============================================================
Model: Seasonal Naive
Dataset: Port_Activity/D
Terms: ['short']
============================================================

--- Term: short ---
  Config: prediction_length=30, test_length=365, val_length=90
  Dataset info:
    - Frequency: D
    - Num series: 99
    - Target dim: 2
    - Target mode: univariate
    - Series length: min=2127, max=2127, avg=2127.0
    - Test split: 365 steps
    - Prediction length: 30
    - Windows: 12
    - Season length: 1
    Total instances: 2376, Series during experiment: 198, Windows: 12
    Collecting ground truth and context...
    Detected to_univariate case: 198 flat series -> 99 series x 2 variates
    Organizing data into arrays...
    ⚠️  Predictions max value (1920714.97) exceeds float16 safe range.
    ⚠️  Applying scale factor: 100 (values will be divided)
    Saved predictions (quantiles) to /fslarge/scratch/users/h61084/codes/improved/outputs/results/expe_uni/seasonal_naive/univariate/Port_Activity/D/short/run_0/predictions.npz
    Computing per-window metrics...
    Saved metrics to /fslarge/scratch/users/h61084/codes/improved/outputs/results/expe_uni/seasonal_naive/univariate/Port_Activity/D/short/run_0/metrics.npz
    Saved config to /fslarge/scratch/users/h61084/codes/improved/outputs/results/expe_uni/seasonal_naive/univariate/Port_Activity/D/short/run_0/config.json
    Saved aggregate metrics to /fslarge/scratch/users/h61084/codes/improved/outputs/results/expe_uni/seasonal_naive/univariate/Port_Activity/D/short/run_0/metrics_summary.json
    Metrics summary (averaged over all series/windows/variates):
      MSE: 2345646254.9971
      MAE: 26093.5332
      RMSE: 31261.9982
      MAPE: 8.9467
      sMAPE: 1.2195
      MASE: 1.1374
      ND: 1.9709
      CRPS: 3.5205
  Completed: 99 series x 12 windows
  Output: /fslarge/scratch/users/h61084/codes/improved/outputs/results/expe_uni/seasonal_naive/univariate/Port_Activity/D/short/run_0

============================================================
All experiments completed!
Results saved to: /scratch/users/h61084/codes/improved/outputs/results/expe_uni
============================================================

############################################################
# All 1 dataset(s) completed!
############################################################

############################################################
# Dataset 1/1: Port_Activity/W
############################################################
Loading configuration...

============================================================
Model: Seasonal Naive
Dataset: Port_Activity/W
Terms: ['short']
============================================================

--- Term: short ---
  Config: prediction_length=13, test_length=52, val_length=13
  Dataset info:
    - Frequency: W
    - Num series: 99
    - Target dim: 2
    - Target mode: univariate
    - Series length: min=304, max=304, avg=304.0
    - Test split: 52 steps
    - Prediction length: 13
    - Windows: 4
    - Season length: 1
    Total instances: 792, Series during experiment: 198, Windows: 4
    Collecting ground truth and context...
    Detected to_univariate case: 198 flat series -> 99 series x 2 variates
    Organizing data into arrays...
    ⚠️  Predictions max value (4321556.00) exceeds float16 safe range.
    ⚠️  Applying scale factor: 100 (values will be divided)
    Saved predictions (quantiles) to /fslarge/scratch/users/h61084/codes/improved/outputs/results/expe_uni/seasonal_naive/univariate/Port_Activity/W/short/run_0/predictions.npz
    Computing per-window metrics...
    Saved metrics to /fslarge/scratch/users/h61084/codes/improved/outputs/results/expe_uni/seasonal_naive/univariate/Port_Activity/W/short/run_0/metrics.npz
    Saved config to /fslarge/scratch/users/h61084/codes/improved/outputs/results/expe_uni/seasonal_naive/univariate/Port_Activity/W/short/run_0/config.json
    Saved aggregate metrics to /fslarge/scratch/users/h61084/codes/improved/outputs/results/expe_uni/seasonal_naive/univariate/Port_Activity/W/short/run_0/metrics_summary.json
    Metrics summary (averaged over all series/windows/variates):
      MSE: 9607429788.2665
      MAE: 56855.6052
      RMSE: 67672.8270
      MAPE: 0.8197
      sMAPE: 0.4587
      MASE: 1.0394
      ND: 0.4575
      CRPS: 0.4922
  Completed: 99 series x 4 windows
  Output: /fslarge/scratch/users/h61084/codes/improved/outputs/results/expe_uni/seasonal_naive/univariate/Port_Activity/W/short/run_0

============================================================
All experiments completed!
Results saved to: /scratch/users/h61084/codes/improved/outputs/results/expe_uni
============================================================

############################################################
# All 1 dataset(s) completed!
############################################################

############################################################
# Dataset 1/1: ECDC_COVID/D
############################################################
Loading configuration...

============================================================
Model: Seasonal Naive
Dataset: ECDC_COVID/D
Terms: ['short']
============================================================

--- Term: short ---
  Config: prediction_length=30, test_length=150, val_length=30
  Dataset info:
    - Frequency: D
    - Num series: 9
    - Target dim: 1
    - Target mode: univariate
    - Series length: min=794, max=1229, avg=1116.6
    - Test split: 150 steps
    - Prediction length: 30
    - Windows: 5
    - Season length: 1
    Total instances: 45, Series during experiment: 9, Windows: 5
    Collecting ground truth and context...
    Organizing data into arrays...
    Saved predictions (quantiles) to /fslarge/scratch/users/h61084/codes/improved/outputs/results/expe_uni/seasonal_naive/univariate/ECDC_COVID/D/short/run_0/predictions.npz
    Computing per-window metrics...
    Saved metrics to /fslarge/scratch/users/h61084/codes/improved/outputs/results/expe_uni/seasonal_naive/univariate/ECDC_COVID/D/short/run_0/metrics.npz
    Saved config to /fslarge/scratch/users/h61084/codes/improved/outputs/results/expe_uni/seasonal_naive/univariate/ECDC_COVID/D/short/run_0/config.json
    Saved aggregate metrics to /fslarge/scratch/users/h61084/codes/improved/outputs/results/expe_uni/seasonal_naive/univariate/ECDC_COVID/D/short/run_0/metrics_summary.json
    Metrics summary (averaged over all series/windows/variates):
      MSE: 63059.9975
      MAE: 146.8477
      RMSE: 167.1064
      MAPE: 0.6761
      sMAPE: 0.3808
      MASE: 3.7208
      ND: 0.5073
      CRPS: 0.6478
  Completed: 9 series x 5 windows
  Output: /fslarge/scratch/users/h61084/codes/improved/outputs/results/expe_uni/seasonal_naive/univariate/ECDC_COVID/D/short/run_0

============================================================
All experiments completed!
Results saved to: /scratch/users/h61084/codes/improved/outputs/results/expe_uni
============================================================

############################################################
# All 1 dataset(s) completed!
############################################################

############################################################
# Dataset 1/1: ECDC_COVID/W
############################################################
Loading configuration...

============================================================
Model: Seasonal Naive
Dataset: ECDC_COVID/W
Terms: ['short']
============================================================

--- Term: short ---
  Config: prediction_length=13, test_length=52, val_length=13
  Dataset info:
    - Frequency: W
    - Num series: 16
    - Target dim: 1
    - Target mode: univariate
    - Series length: min=114, max=196, avg=165.4
    - Test split: 52 steps
    - Prediction length: 13
    - Windows: 4
    - Season length: 1
    Total instances: 64, Series during experiment: 16, Windows: 4
    Collecting ground truth and context...
    Organizing data into arrays...
    Saved predictions (quantiles) to /fslarge/scratch/users/h61084/codes/improved/outputs/results/expe_uni/seasonal_naive/univariate/ECDC_COVID/W/short/run_0/predictions.npz
    Computing per-window metrics...
    Saved metrics to /fslarge/scratch/users/h61084/codes/improved/outputs/results/expe_uni/seasonal_naive/univariate/ECDC_COVID/W/short/run_0/metrics.npz
    Saved config to /fslarge/scratch/users/h61084/codes/improved/outputs/results/expe_uni/seasonal_naive/univariate/ECDC_COVID/W/short/run_0/config.json
    Saved aggregate metrics to /fslarge/scratch/users/h61084/codes/improved/outputs/results/expe_uni/seasonal_naive/univariate/ECDC_COVID/W/short/run_0/metrics_summary.json
    Metrics summary (averaged over all series/windows/variates):
      MSE: 3654594.2514
      MAE: 661.2847
      RMSE: 751.2484
      MAPE: 1.2254
      sMAPE: 0.5908
      MASE: 1.6010
      ND: 0.7136
      CRPS: 0.7883
  Completed: 16 series x 4 windows
  Output: /fslarge/scratch/users/h61084/codes/improved/outputs/results/expe_uni/seasonal_naive/univariate/ECDC_COVID/W/short/run_0

============================================================
All experiments completed!
Results saved to: /scratch/users/h61084/codes/improved/outputs/results/expe_uni
============================================================

############################################################
# All 1 dataset(s) completed!
############################################################

############################################################
# Dataset 1/1: Global_Influenza/W
############################################################
Loading configuration...

============================================================
Model: Seasonal Naive
Dataset: Global_Influenza/W
Terms: ['short']
============================================================

--- Term: short ---
  Config: prediction_length=13, test_length=52, val_length=13
  Dataset info:
    - Frequency: W
    - Num series: 15
    - Target dim: 4
    - Target mode: univariate
    - Series length: min=154, max=210, avg=205.6
    - Test split: 52 steps
    - Prediction length: 13
    - Windows: 4
    - Season length: 1
    Total instances: 240, Series during experiment: 60, Windows: 4
    Collecting ground truth and context...
    Detected to_univariate case: 60 flat series -> 15 series x 4 variates
    Organizing data into arrays...
    ⚠️  Predictions max value (90268.67) exceeds float16 safe range.
    ⚠️  Applying scale factor: 10 (values will be divided)
    Saved predictions (quantiles) to /fslarge/scratch/users/h61084/codes/improved/outputs/results/expe_uni/seasonal_naive/univariate/Global_Influenza/W/short/run_0/predictions.npz
    Computing per-window metrics...
    Saved metrics to /fslarge/scratch/users/h61084/codes/improved/outputs/results/expe_uni/seasonal_naive/univariate/Global_Influenza/W/short/run_0/metrics.npz
    Saved config to /fslarge/scratch/users/h61084/codes/improved/outputs/results/expe_uni/seasonal_naive/univariate/Global_Influenza/W/short/run_0/config.json
    Saved aggregate metrics to /fslarge/scratch/users/h61084/codes/improved/outputs/results/expe_uni/seasonal_naive/univariate/Global_Influenza/W/short/run_0/metrics_summary.json
    Metrics summary (averaged over all series/windows/variates):
      MSE: 6910241.2388
      MAE: 769.0483
      RMSE: 932.5788
      MAPE: 1.9853
      sMAPE: 0.6889
      MASE: 4.3495
      ND: 1.1342
      CRPS: 1.4023
  Completed: 15 series x 4 windows
  Output: /fslarge/scratch/users/h61084/codes/improved/outputs/results/expe_uni/seasonal_naive/univariate/Global_Influenza/W/short/run_0

============================================================
All experiments completed!
Results saved to: /scratch/users/h61084/codes/improved/outputs/results/expe_uni
============================================================

############################################################
# All 1 dataset(s) completed!
############################################################

############################################################
# Dataset 1/1: Crypto/D
############################################################
Loading configuration...

============================================================
Model: Seasonal Naive
Dataset: Crypto/D
Terms: ['short']
============================================================

--- Term: short ---
  Config: prediction_length=30, test_length=273, val_length=92
  Dataset info:
    - Frequency: D
    - Num series: 1
    - Target dim: 4
    - Target mode: univariate
    - Series length: min=2842, max=2842, avg=2842.0
    - Test split: 273 steps
    - Prediction length: 30
    - Windows: 9
    - Season length: 1
    Total instances: 36, Series during experiment: 4, Windows: 9
    Collecting ground truth and context...
    Detected to_univariate case: 4 flat series -> 1 series x 4 variates
    Organizing data into arrays...
    ⚠️  Predictions max value (124943.18) exceeds float16 safe range.
    ⚠️  Applying scale factor: 10 (values will be divided)
    Saved predictions (quantiles) to /fslarge/scratch/users/h61084/codes/improved/outputs/results/expe_uni/seasonal_naive/univariate/Crypto/D/short/run_0/predictions.npz
    Computing per-window metrics...
    Saved metrics to /fslarge/scratch/users/h61084/codes/improved/outputs/results/expe_uni/seasonal_naive/univariate/Crypto/D/short/run_0/metrics.npz
    Saved config to /fslarge/scratch/users/h61084/codes/improved/outputs/results/expe_uni/seasonal_naive/univariate/Crypto/D/short/run_0/config.json
    Saved aggregate metrics to /fslarge/scratch/users/h61084/codes/improved/outputs/results/expe_uni/seasonal_naive/univariate/Crypto/D/short/run_0/metrics_summary.json
    Metrics summary (averaged over all series/windows/variates):
      MSE: 12682854.5434
      MAE: 1424.2257
      RMSE: 1679.0823
      MAPE: 0.0919
      sMAPE: 0.0904
      MASE: 6.2774
      ND: 0.0926
      CRPS: 0.0832
  Completed: 1 series x 9 windows
  Output: /fslarge/scratch/users/h61084/codes/improved/outputs/results/expe_uni/seasonal_naive/univariate/Crypto/D/short/run_0

============================================================
All experiments completed!
Results saved to: /scratch/users/h61084/codes/improved/outputs/results/expe_uni
============================================================

############################################################
# All 1 dataset(s) completed!
############################################################

############################################################
# Dataset 1/1: US_Term_Structure/B
############################################################
Loading configuration...

============================================================
Model: Seasonal Naive
Dataset: US_Term_Structure/B
Terms: ['short']
============================================================

--- Term: short ---
  Config: prediction_length=20, test_length=717, val_length=100
  Dataset info:
    - Frequency: B
    - Num series: 1
    - Target dim: 40
    - Target mode: univariate
    - Series length: min=9326, max=9326, avg=9326.0
    - Test split: 717 steps
    - Prediction length: 20
    - Windows: 35
    - Season length: 5
    Total instances: 1400, Series during experiment: 40, Windows: 35
    Collecting ground truth and context...
    Detected to_univariate case: 40 flat series -> 1 series x 40 variates
    Organizing data into arrays...
    Saved predictions (quantiles) to /fslarge/scratch/users/h61084/codes/improved/outputs/results/expe_uni/seasonal_naive/univariate/US_Term_Structure/B/short/run_0/predictions.npz
    Computing per-window metrics...
    Saved metrics to /fslarge/scratch/users/h61084/codes/improved/outputs/results/expe_uni/seasonal_naive/univariate/US_Term_Structure/B/short/run_0/metrics.npz
    Saved config to /fslarge/scratch/users/h61084/codes/improved/outputs/results/expe_uni/seasonal_naive/univariate/US_Term_Structure/B/short/run_0/config.json
    Saved aggregate metrics to /fslarge/scratch/users/h61084/codes/improved/outputs/results/expe_uni/seasonal_naive/univariate/US_Term_Structure/B/short/run_0/metrics_summary.json
    Metrics summary (averaged over all series/windows/variates):
      MSE: 0.0279
      MAE: 0.1197
      RMSE: 0.1394
      MAPE: 1.0956
      sMAPE: 0.3037
      MASE: 1.7281
      ND: 0.3144
      CRPS: 0.2478
  Completed: 1 series x 35 windows
  Output: /fslarge/scratch/users/h61084/codes/improved/outputs/results/expe_uni/seasonal_naive/univariate/US_Term_Structure/B/short/run_0

============================================================
All experiments completed!
Results saved to: /scratch/users/h61084/codes/improved/outputs/results/expe_uni
============================================================

############################################################
# All 1 dataset(s) completed!
############################################################

############################################################
# Dataset 1/1: Oil_Price/B
############################################################
Loading configuration...

============================================================
Model: Seasonal Naive
Dataset: Oil_Price/B
Terms: ['short']
============================================================

--- Term: short ---
  Config: prediction_length=20, test_length=717, val_length=100
  Dataset info:
    - Frequency: B
    - Num series: 1
    - Target dim: 12
    - Target mode: univariate
    - Series length: min=5035, max=5035, avg=5035.0
    - Test split: 717 steps
    - Prediction length: 20
    - Windows: 35
    - Season length: 5
    Total instances: 420, Series during experiment: 12, Windows: 35
    Collecting ground truth and context...
    Detected to_univariate case: 12 flat series -> 1 series x 12 variates
    Organizing data into arrays...
    Saved predictions (quantiles) to /fslarge/scratch/users/h61084/codes/improved/outputs/results/expe_uni/seasonal_naive/univariate/Oil_Price/B/short/run_0/predictions.npz
    Computing per-window metrics...
    Saved metrics to /fslarge/scratch/users/h61084/codes/improved/outputs/results/expe_uni/seasonal_naive/univariate/Oil_Price/B/short/run_0/metrics.npz
    Saved config to /fslarge/scratch/users/h61084/codes/improved/outputs/results/expe_uni/seasonal_naive/univariate/Oil_Price/B/short/run_0/config.json
    Saved aggregate metrics to /fslarge/scratch/users/h61084/codes/improved/outputs/results/expe_uni/seasonal_naive/univariate/Oil_Price/B/short/run_0/metrics_summary.json
    Metrics summary (averaged over all series/windows/variates):
      MSE: 3.3171
      MAE: 0.7156
      RMSE: 0.8367
      MAPE: 0.0658
      sMAPE: 0.0645
      MASE: 1.5182
      ND: 0.0655
      CRPS: 0.0537
  Completed: 1 series x 35 windows
  Output: /fslarge/scratch/users/h61084/codes/improved/outputs/results/expe_uni/seasonal_naive/univariate/Oil_Price/B/short/run_0

============================================================
All experiments completed!
Results saved to: /scratch/users/h61084/codes/improved/outputs/results/expe_uni
============================================================

############################################################
# All 1 dataset(s) completed!
############################################################

############################################################
# Dataset 1/1: Job_Claims/W
############################################################
Loading configuration...

============================================================
Model: Seasonal Naive
Dataset: Job_Claims/W
Terms: ['short']
============================================================

--- Term: short ---
  Config: prediction_length=13, test_length=52, val_length=13
  Dataset info:
    - Frequency: W
    - Num series: 1
    - Target dim: 2
    - Target mode: univariate
    - Series length: min=196, max=196, avg=196.0
    - Test split: 52 steps
    - Prediction length: 13
    - Windows: 4
    - Season length: 1
    Total instances: 8, Series during experiment: 2, Windows: 4
    Collecting ground truth and context...
    Detected to_univariate case: 2 flat series -> 1 series x 2 variates
    Organizing data into arrays...
    ⚠️  Predictions max value (1989003.27) exceeds float16 safe range.
    ⚠️  Applying scale factor: 100 (values will be divided)
    Saved predictions (quantiles) to /fslarge/scratch/users/h61084/codes/improved/outputs/results/expe_uni/seasonal_naive/univariate/Job_Claims/W/short/run_0/predictions.npz
    Computing per-window metrics...
    Saved metrics to /fslarge/scratch/users/h61084/codes/improved/outputs/results/expe_uni/seasonal_naive/univariate/Job_Claims/W/short/run_0/metrics.npz
    Saved config to /fslarge/scratch/users/h61084/codes/improved/outputs/results/expe_uni/seasonal_naive/univariate/Job_Claims/W/short/run_0/config.json
    Saved aggregate metrics to /fslarge/scratch/users/h61084/codes/improved/outputs/results/expe_uni/seasonal_naive/univariate/Job_Claims/W/short/run_0/metrics_summary.json
    Metrics summary (averaged over all series/windows/variates):
      MSE: 460658656.7071
      MAE: 13771.3491
      RMSE: 16816.6871
      MAPE: 0.0222
      sMAPE: 0.0222
      MASE: 2.6037
      ND: 0.0222
      CRPS: 0.0187
  Completed: 1 series x 4 windows
  Output: /fslarge/scratch/users/h61084/codes/improved/outputs/results/expe_uni/seasonal_naive/univariate/Job_Claims/W/short/run_0

============================================================
All experiments completed!
Results saved to: /scratch/users/h61084/codes/improved/outputs/results/expe_uni
============================================================

############################################################
# All 1 dataset(s) completed!
############################################################

############################################################
# Dataset 1/1: Uncertainty_1M/M
############################################################
Loading configuration...

============================================================
Model: Seasonal Naive
Dataset: Uncertainty_1M/M
Terms: ['short']
============================================================

--- Term: short ---
  Config: prediction_length=6, test_length=42, val_length=18
  Dataset info:
    - Frequency: M
    - Num series: 1
    - Target dim: 3
    - Target mode: univariate
    - Series length: min=780, max=780, avg=780.0
    - Test split: 42 steps
    - Prediction length: 6
    - Windows: 7
    - Season length: 12
    Total instances: 21, Series during experiment: 3, Windows: 7
    Collecting ground truth and context...
    Detected to_univariate case: 3 flat series -> 1 series x 3 variates
    Organizing data into arrays...
    Saved predictions (quantiles) to /fslarge/scratch/users/h61084/codes/improved/outputs/results/expe_uni/seasonal_naive/univariate/Uncertainty_1M/M/short/run_0/predictions.npz
    Computing per-window metrics...
    Saved metrics to /fslarge/scratch/users/h61084/codes/improved/outputs/results/expe_uni/seasonal_naive/univariate/Uncertainty_1M/M/short/run_0/metrics.npz
    Saved config to /fslarge/scratch/users/h61084/codes/improved/outputs/results/expe_uni/seasonal_naive/univariate/Uncertainty_1M/M/short/run_0/config.json
    Saved aggregate metrics to /fslarge/scratch/users/h61084/codes/improved/outputs/results/expe_uni/seasonal_naive/univariate/Uncertainty_1M/M/short/run_0/metrics_summary.json
    Metrics summary (averaged over all series/windows/variates):
      MSE: 0.0094
      MAE: 0.0780
      RMSE: 0.0840
      MAPE: 0.0976
      sMAPE: 0.0933
      MASE: 0.9886
      ND: 0.0975
      CRPS: 0.0755
  Completed: 1 series x 7 windows
  Output: /fslarge/scratch/users/h61084/codes/improved/outputs/results/expe_uni/seasonal_naive/univariate/Uncertainty_1M/M/short/run_0

============================================================
All experiments completed!
Results saved to: /scratch/users/h61084/codes/improved/outputs/results/expe_uni
============================================================

############################################################
# All 1 dataset(s) completed!
############################################################

############################################################
# Dataset 1/1: Housing_Inventory/M
############################################################
Loading configuration...

============================================================
Model: Seasonal Naive
Dataset: Housing_Inventory/M
Terms: ['short']
============================================================

--- Term: short ---
  Config: prediction_length=12, test_length=36, val_length=12
  Dataset info:
    - Frequency: M
    - Num series: 1
    - Target dim: 4
    - Target mode: univariate
    - Series length: min=114, max=114, avg=114.0
    - Test split: 36 steps
    - Prediction length: 12
    - Windows: 3
    - Season length: 12
    Total instances: 12, Series during experiment: 4, Windows: 3
    Collecting ground truth and context...
    Detected to_univariate case: 4 flat series -> 1 series x 4 variates
    Organizing data into arrays...
    ⚠️  Predictions max value (1186128.02) exceeds float16 safe range.
    ⚠️  Applying scale factor: 100 (values will be divided)
    Saved predictions (quantiles) to /fslarge/scratch/users/h61084/codes/improved/outputs/results/expe_uni/seasonal_naive/univariate/Housing_Inventory/M/short/run_0/predictions.npz
    Computing per-window metrics...
    Saved metrics to /fslarge/scratch/users/h61084/codes/improved/outputs/results/expe_uni/seasonal_naive/univariate/Housing_Inventory/M/short/run_0/metrics.npz
    Saved config to /fslarge/scratch/users/h61084/codes/improved/outputs/results/expe_uni/seasonal_naive/univariate/Housing_Inventory/M/short/run_0/config.json
    Saved aggregate metrics to /fslarge/scratch/users/h61084/codes/improved/outputs/results/expe_uni/seasonal_naive/univariate/Housing_Inventory/M/short/run_0/metrics_summary.json
    Metrics summary (averaged over all series/windows/variates):
      MSE: 8550384744.0228
      MAE: 42297.5750
      RMSE: 47353.5489
      MAPE: 0.0883
      sMAPE: 0.0997
      MASE: 0.6836
      ND: 0.0872
      CRPS: 0.0683
  Completed: 1 series x 3 windows
  Output: /fslarge/scratch/users/h61084/codes/improved/outputs/results/expe_uni/seasonal_naive/univariate/Housing_Inventory/M/short/run_0

============================================================
All experiments completed!
Results saved to: /scratch/users/h61084/codes/improved/outputs/results/expe_uni
============================================================

############################################################
# All 1 dataset(s) completed!
############################################################

############################################################
# Dataset 1/1: JOLTS/M
############################################################
Loading configuration...

============================================================
Model: Seasonal Naive
Dataset: JOLTS/M
Terms: ['short']
============================================================

--- Term: short ---
  Config: prediction_length=12, test_length=60, val_length=12
  Dataset info:
    - Frequency: M
    - Num series: 1
    - Target dim: 6
    - Target mode: univariate
    - Series length: min=297, max=297, avg=297.0
    - Test split: 60 steps
    - Prediction length: 12
    - Windows: 5
    - Season length: 12
    Total instances: 30, Series during experiment: 6, Windows: 5
    Collecting ground truth and context...
    Detected to_univariate case: 6 flat series -> 1 series x 6 variates
    Organizing data into arrays...
    Saved predictions (quantiles) to /fslarge/scratch/users/h61084/codes/improved/outputs/results/expe_uni/seasonal_naive/univariate/JOLTS/M/short/run_0/predictions.npz
    Computing per-window metrics...
    Saved metrics to /fslarge/scratch/users/h61084/codes/improved/outputs/results/expe_uni/seasonal_naive/univariate/JOLTS/M/short/run_0/metrics.npz
    Saved config to /fslarge/scratch/users/h61084/codes/improved/outputs/results/expe_uni/seasonal_naive/univariate/JOLTS/M/short/run_0/config.json
    Saved aggregate metrics to /fslarge/scratch/users/h61084/codes/improved/outputs/results/expe_uni/seasonal_naive/univariate/JOLTS/M/short/run_0/metrics_summary.json
    Metrics summary (averaged over all series/windows/variates):
      MSE: 1179364.3046
      MAE: 589.7779
      RMSE: 716.3163
      MAPE: 0.1250
      sMAPE: 0.1251
      MASE: 1.6658
      ND: 0.1249
      CRPS: 0.1011
  Completed: 1 series x 5 windows
  Output: /fslarge/scratch/users/h61084/codes/improved/outputs/results/expe_uni/seasonal_naive/univariate/JOLTS/M/short/run_0

============================================================
All experiments completed!
Results saved to: /scratch/users/h61084/codes/improved/outputs/results/expe_uni
============================================================

############################################################
# All 1 dataset(s) completed!
############################################################

############################################################
# Dataset 1/1: US_Labor/M
############################################################
Loading configuration...

============================================================
Model: Seasonal Naive
Dataset: US_Labor/M
Terms: ['short']
============================================================

--- Term: short ---
  Config: prediction_length=12, test_length=60, val_length=12
  Dataset info:
    - Frequency: M
    - Num series: 1
    - Target dim: 14
    - Target mode: univariate
    - Series length: min=380, max=380, avg=380.0
    - Test split: 60 steps
    - Prediction length: 12
    - Windows: 5
    - Season length: 12
    Total instances: 70, Series during experiment: 14, Windows: 5
    Collecting ground truth and context...
    Detected to_univariate case: 14 flat series -> 1 series x 14 variates
    Organizing data into arrays...
    ⚠️  Predictions max value (172092.44) exceeds float16 safe range.
    ⚠️  Applying scale factor: 10 (values will be divided)
    Saved predictions (quantiles) to /fslarge/scratch/users/h61084/codes/improved/outputs/results/expe_uni/seasonal_naive/univariate/US_Labor/M/short/run_0/predictions.npz
    Computing per-window metrics...
    Saved metrics to /fslarge/scratch/users/h61084/codes/improved/outputs/results/expe_uni/seasonal_naive/univariate/US_Labor/M/short/run_0/metrics.npz
    Saved config to /fslarge/scratch/users/h61084/codes/improved/outputs/results/expe_uni/seasonal_naive/univariate/US_Labor/M/short/run_0/config.json
    Saved aggregate metrics to /fslarge/scratch/users/h61084/codes/improved/outputs/results/expe_uni/seasonal_naive/univariate/US_Labor/M/short/run_0/metrics_summary.json
    Metrics summary (averaged over all series/windows/variates):
      MSE: 4262378.1491
      MAE: 879.4443
      RMSE: 964.0120
      MAPE: 0.1277
      sMAPE: 0.1150
      MASE: 1.7708
      ND: 0.1248
      CRPS: 0.1092
  Completed: 1 series x 5 windows
  Output: /fslarge/scratch/users/h61084/codes/improved/outputs/results/expe_uni/seasonal_naive/univariate/US_Labor/M/short/run_0

============================================================
All experiments completed!
Results saved to: /scratch/users/h61084/codes/improved/outputs/results/expe_uni
============================================================

############################################################
# All 1 dataset(s) completed!
############################################################

############################################################
# Dataset 1/1: Vehicle_Supply/M
############################################################
Loading configuration...

============================================================
Model: Seasonal Naive
Dataset: Vehicle_Supply/M
Terms: ['short']
============================================================

--- Term: short ---
  Config: prediction_length=12, test_length=60, val_length=12
  Dataset info:
    - Frequency: M
    - Num series: 1
    - Target dim: 6
    - Target mode: univariate
    - Series length: min=391, max=391, avg=391.0
    - Test split: 60 steps
    - Prediction length: 12
    - Windows: 5
    - Season length: 12
    Total instances: 30, Series during experiment: 6, Windows: 5
    Collecting ground truth and context...
    Detected to_univariate case: 6 flat series -> 1 series x 6 variates
    Organizing data into arrays...
    Saved predictions (quantiles) to /fslarge/scratch/users/h61084/codes/improved/outputs/results/expe_uni/seasonal_naive/univariate/Vehicle_Supply/M/short/run_0/predictions.npz
    Computing per-window metrics...
    Saved metrics to /fslarge/scratch/users/h61084/codes/improved/outputs/results/expe_uni/seasonal_naive/univariate/Vehicle_Supply/M/short/run_0/metrics.npz
    Saved config to /fslarge/scratch/users/h61084/codes/improved/outputs/results/expe_uni/seasonal_naive/univariate/Vehicle_Supply/M/short/run_0/config.json
    Saved aggregate metrics to /fslarge/scratch/users/h61084/codes/improved/outputs/results/expe_uni/seasonal_naive/univariate/Vehicle_Supply/M/short/run_0/metrics_summary.json
    Metrics summary (averaged over all series/windows/variates):
      MSE: 5701.6549
      MAE: 34.1009
      RMSE: 38.8792
      MAPE: 0.4544
      sMAPE: 0.3400
      MASE: 1.1492
      ND: 0.4303
      CRPS: 0.3553
  Completed: 1 series x 5 windows
  Output: /fslarge/scratch/users/h61084/codes/improved/outputs/results/expe_uni/seasonal_naive/univariate/Vehicle_Supply/M/short/run_0

============================================================
All experiments completed!
Results saved to: /scratch/users/h61084/codes/improved/outputs/results/expe_uni
============================================================

############################################################
# All 1 dataset(s) completed!
############################################################

############################################################
# Dataset 1/1: Auto_Production_SF/M
############################################################
Loading configuration...

============================================================
Model: Seasonal Naive
Dataset: Auto_Production_SF/M
Terms: ['short']
============================================================

--- Term: short ---
  Config: prediction_length=12, test_length=60, val_length=12
  Dataset info:
    - Frequency: M
    - Num series: 1
    - Target dim: 1
    - Target mode: univariate
    - Series length: min=367, max=367, avg=367.0
    - Test split: 60 steps
    - Prediction length: 12
    - Windows: 5
    - Season length: 12
    Total instances: 5, Series during experiment: 1, Windows: 5
    Collecting ground truth and context...
    Organizing data into arrays...
    Saved predictions (quantiles) to /fslarge/scratch/users/h61084/codes/improved/outputs/results/expe_uni/seasonal_naive/univariate/Auto_Production_SF/M/short/run_0/predictions.npz
    Computing per-window metrics...
    Saved metrics to /fslarge/scratch/users/h61084/codes/improved/outputs/results/expe_uni/seasonal_naive/univariate/Auto_Production_SF/M/short/run_0/metrics.npz
    Saved config to /fslarge/scratch/users/h61084/codes/improved/outputs/results/expe_uni/seasonal_naive/univariate/Auto_Production_SF/M/short/run_0/config.json
    Saved aggregate metrics to /fslarge/scratch/users/h61084/codes/improved/outputs/results/expe_uni/seasonal_naive/univariate/Auto_Production_SF/M/short/run_0/metrics_summary.json
    Metrics summary (averaged over all series/windows/variates):
      MSE: 27.7332
      MAE: 3.9701
      RMSE: 4.9275
      MAPE: 0.0406
      sMAPE: 0.0407
      MASE: 1.0037
      ND: 0.0398
      CRPS: 0.0317
  Completed: 1 series x 5 windows
  Output: /fslarge/scratch/users/h61084/codes/improved/outputs/results/expe_uni/seasonal_naive/univariate/Auto_Production_SF/M/short/run_0

============================================================
All experiments completed!
Results saved to: /scratch/users/h61084/codes/improved/outputs/results/expe_uni
============================================================

############################################################
# All 1 dataset(s) completed!
############################################################

############################################################
# Dataset 1/1: Commodity_Production/M
############################################################
Loading configuration...

============================================================
Model: Seasonal Naive
Dataset: Commodity_Production/M
Terms: ['short']
============================================================

--- Term: short ---
  Config: prediction_length=12, test_length=60, val_length=12
  Dataset info:
    - Frequency: M
    - Num series: 32
    - Target dim: 1
    - Target mode: univariate
    - Series length: min=120, max=648, avg=325.1
    - Test split: 60 steps
    - Prediction length: 12
    - Windows: 5
    - Season length: 12
    Total instances: 160, Series during experiment: 32, Windows: 5
    Collecting ground truth and context...
    Organizing data into arrays...
    Saved predictions (quantiles) to /fslarge/scratch/users/h61084/codes/improved/outputs/results/expe_uni/seasonal_naive/univariate/Commodity_Production/M/short/run_0/predictions.npz
    Computing per-window metrics...
    Saved metrics to /fslarge/scratch/users/h61084/codes/improved/outputs/results/expe_uni/seasonal_naive/univariate/Commodity_Production/M/short/run_0/metrics.npz
    Saved config to /fslarge/scratch/users/h61084/codes/improved/outputs/results/expe_uni/seasonal_naive/univariate/Commodity_Production/M/short/run_0/config.json
    Saved aggregate metrics to /fslarge/scratch/users/h61084/codes/improved/outputs/results/expe_uni/seasonal_naive/univariate/Commodity_Production/M/short/run_0/metrics_summary.json
    Metrics summary (averaged over all series/windows/variates):
      MSE: 79498.9305
      MAE: 85.8162
      RMSE: 98.3504
      MAPE: 0.2709
      sMAPE: 0.2161
      MASE: 1.2153
      ND: 0.2128
      CRPS: 0.1748
  Completed: 32 series x 5 windows
  Output: /fslarge/scratch/users/h61084/codes/improved/outputs/results/expe_uni/seasonal_naive/univariate/Commodity_Production/M/short/run_0

============================================================
All experiments completed!
Results saved to: /scratch/users/h61084/codes/improved/outputs/results/expe_uni
============================================================

############################################################
# All 1 dataset(s) completed!
############################################################

############################################################
# Dataset 1/1: Commodity_Import/M
############################################################
Loading configuration...

============================================================
Model: Seasonal Naive
Dataset: Commodity_Import/M
Terms: ['short']
============================================================

--- Term: short ---
  Config: prediction_length=12, test_length=60, val_length=12
  Dataset info:
    - Frequency: M
    - Num series: 8
    - Target dim: 1
    - Target mode: univariate
    - Series length: min=254, max=1240, avg=697.2
    - Test split: 60 steps
    - Prediction length: 12
    - Windows: 5
    - Season length: 12
    Total instances: 40, Series during experiment: 8, Windows: 5
    Collecting ground truth and context...
    Organizing data into arrays...
    Saved predictions (quantiles) to /fslarge/scratch/users/h61084/codes/improved/outputs/results/expe_uni/seasonal_naive/univariate/Commodity_Import/M/short/run_0/predictions.npz
    Computing per-window metrics...
    Saved metrics to /fslarge/scratch/users/h61084/codes/improved/outputs/results/expe_uni/seasonal_naive/univariate/Commodity_Import/M/short/run_0/metrics.npz
    Saved config to /fslarge/scratch/users/h61084/codes/improved/outputs/results/expe_uni/seasonal_naive/univariate/Commodity_Import/M/short/run_0/config.json
    Saved aggregate metrics to /fslarge/scratch/users/h61084/codes/improved/outputs/results/expe_uni/seasonal_naive/univariate/Commodity_Import/M/short/run_0/metrics_summary.json
    Metrics summary (averaged over all series/windows/variates):
      MSE: 1890323.3873
      MAE: 600.7475
      RMSE: 722.5424
      MAPE: 0.3817
      sMAPE: 0.2932
      MASE: 1.8211
      ND: 0.3292
      CRPS: 0.3270
  Completed: 8 series x 5 windows
  Output: /fslarge/scratch/users/h61084/codes/improved/outputs/results/expe_uni/seasonal_naive/univariate/Commodity_Import/M/short/run_0

============================================================
All experiments completed!
Results saved to: /scratch/users/h61084/codes/improved/outputs/results/expe_uni
============================================================

############################################################
# All 1 dataset(s) completed!
############################################################

############################################################
# Dataset 1/1: WUI_Global/Q
############################################################
Loading configuration...

============================================================
Model: Seasonal Naive
Dataset: WUI_Global/Q
Terms: ['short']
============================================================

--- Term: short ---
  Config: prediction_length=4, test_length=20, val_length=20
  Dataset info:
    - Frequency: Q
    - Num series: 1
    - Target dim: 15
    - Target mode: univariate
    - Series length: min=294, max=294, avg=294.0
    - Test split: 20 steps
    - Prediction length: 4
    - Windows: 5
    - Season length: 4
    Total instances: 75, Series during experiment: 15, Windows: 5
    Collecting ground truth and context...
    Detected to_univariate case: 15 flat series -> 1 series x 15 variates
    Organizing data into arrays...
    Saved predictions (quantiles) to /fslarge/scratch/users/h61084/codes/improved/outputs/results/expe_uni/seasonal_naive/univariate/WUI_Global/Q/short/run_0/predictions.npz
    Computing per-window metrics...
    Saved metrics to /fslarge/scratch/users/h61084/codes/improved/outputs/results/expe_uni/seasonal_naive/univariate/WUI_Global/Q/short/run_0/metrics.npz
    Saved config to /fslarge/scratch/users/h61084/codes/improved/outputs/results/expe_uni/seasonal_naive/univariate/WUI_Global/Q/short/run_0/config.json
    Saved aggregate metrics to /fslarge/scratch/users/h61084/codes/improved/outputs/results/expe_uni/seasonal_naive/univariate/WUI_Global/Q/short/run_0/metrics_summary.json
    Metrics summary (averaged over all series/windows/variates):
      MSE: 0.0741
      MAE: 0.1964
      RMSE: 0.2321
      MAPE: 0.9011
      sMAPE: 0.8521
      MASE: 1.2936
      ND: 0.9839
      CRPS: 0.7812
  Completed: 1 series x 5 windows
  Output: /fslarge/scratch/users/h61084/codes/improved/outputs/results/expe_uni/seasonal_naive/univariate/WUI_Global/Q/short/run_0

============================================================
All experiments completed!
Results saved to: /scratch/users/h61084/codes/improved/outputs/results/expe_uni
============================================================

############################################################
# All 1 dataset(s) completed!
############################################################

############################################################
# Dataset 1/1: Global_Price/Q
############################################################
Loading configuration...

============================================================
Model: Seasonal Naive
Dataset: Global_Price/Q
Terms: ['short']
============================================================

--- Term: short ---
  Config: prediction_length=4, test_length=20, val_length=8
  Dataset info:
    - Frequency: Q
    - Num series: 1
    - Target dim: 60
    - Target mode: univariate
    - Series length: min=142, max=142, avg=142.0
    - Test split: 20 steps
    - Prediction length: 4
    - Windows: 5
    - Season length: 4
    Total instances: 300, Series during experiment: 60, Windows: 5
    Collecting ground truth and context...
    Detected to_univariate case: 60 flat series -> 1 series x 60 variates
    Organizing data into arrays...
    Saved predictions (quantiles) to /fslarge/scratch/users/h61084/codes/improved/outputs/results/expe_uni/seasonal_naive/univariate/Global_Price/Q/short/run_0/predictions.npz
    Computing per-window metrics...
    Saved metrics to /fslarge/scratch/users/h61084/codes/improved/outputs/results/expe_uni/seasonal_naive/univariate/Global_Price/Q/short/run_0/metrics.npz
    Saved config to /fslarge/scratch/users/h61084/codes/improved/outputs/results/expe_uni/seasonal_naive/univariate/Global_Price/Q/short/run_0/config.json
    Saved aggregate metrics to /fslarge/scratch/users/h61084/codes/improved/outputs/results/expe_uni/seasonal_naive/univariate/Global_Price/Q/short/run_0/metrics_summary.json
    Metrics summary (averaged over all series/windows/variates):
      MSE: 2740070.5073
      MAE: 370.6794
      RMSE: 418.1382
      MAPE: 0.2194
      sMAPE: 0.2243
      MASE: 1.8533
      ND: 0.2188
      CRPS: 0.1818
  Completed: 1 series x 5 windows
  Output: /fslarge/scratch/users/h61084/codes/improved/outputs/results/expe_uni/seasonal_naive/univariate/Global_Price/Q/short/run_0

============================================================
All experiments completed!
Results saved to: /scratch/users/h61084/codes/improved/outputs/results/expe_uni
============================================================

############################################################
# All 1 dataset(s) completed!
############################################################

############################################################
# Dataset 1/1: Vehicle_Sales/M
############################################################
Loading configuration...

============================================================
Model: Seasonal Naive
Dataset: Vehicle_Sales/M
Terms: ['short']
============================================================

--- Term: short ---
  Config: prediction_length=12, test_length=60, val_length=12
  Dataset info:
    - Frequency: M
    - Num series: 1
    - Target dim: 10
    - Target mode: univariate
    - Series length: min=596, max=596, avg=596.0
    - Test split: 60 steps
    - Prediction length: 12
    - Windows: 5
    - Season length: 12
    Total instances: 50, Series during experiment: 10, Windows: 5
    Collecting ground truth and context...
    Detected to_univariate case: 10 flat series -> 1 series x 10 variates
    Organizing data into arrays...
    Saved predictions (quantiles) to /fslarge/scratch/users/h61084/codes/improved/outputs/results/expe_uni/seasonal_naive/univariate/Vehicle_Sales/M/short/run_0/predictions.npz
    Computing per-window metrics...
    Saved metrics to /fslarge/scratch/users/h61084/codes/improved/outputs/results/expe_uni/seasonal_naive/univariate/Vehicle_Sales/M/short/run_0/metrics.npz
    Saved config to /fslarge/scratch/users/h61084/codes/improved/outputs/results/expe_uni/seasonal_naive/univariate/Vehicle_Sales/M/short/run_0/config.json
    Saved aggregate metrics to /fslarge/scratch/users/h61084/codes/improved/outputs/results/expe_uni/seasonal_naive/univariate/Vehicle_Sales/M/short/run_0/metrics_summary.json
    Metrics summary (averaged over all series/windows/variates):
      MSE: 4561.6006
      MAE: 16.3377
      RMSE: 20.0125
      MAPE: 0.1383
      sMAPE: 0.1368
      MASE: 1.3369
      ND: 0.1392
      CRPS: 0.1138
  Completed: 1 series x 5 windows
  Output: /fslarge/scratch/users/h61084/codes/improved/outputs/results/expe_uni/seasonal_naive/univariate/Vehicle_Sales/M/short/run_0

============================================================
All experiments completed!
Results saved to: /scratch/users/h61084/codes/improved/outputs/results/expe_uni
============================================================

############################################################
# All 1 dataset(s) completed!
############################################################

############################################################
# Dataset 1/1: Online_Retail_2_UCI/D
############################################################
Loading configuration...

============================================================
Model: Seasonal Naive
Dataset: Online_Retail_2_UCI/D
Terms: ['short']
============================================================

--- Term: short ---
  Config: prediction_length=30, test_length=180, val_length=90
  Dataset info:
    - Frequency: D
    - Num series: 1
    - Target dim: 1
    - Target mode: univariate
    - Series length: min=739, max=739, avg=739.0
    - Test split: 180 steps
    - Prediction length: 30
    - Windows: 6
    - Season length: 1
    Total instances: 6, Series during experiment: 1, Windows: 6
    Collecting ground truth and context...
    Organizing data into arrays...
    ⚠️  Predictions max value (226857.44) exceeds float16 safe range.
    ⚠️  Applying scale factor: 10 (values will be divided)
    Saved predictions (quantiles) to /fslarge/scratch/users/h61084/codes/improved/outputs/results/expe_uni/seasonal_naive/univariate/Online_Retail_2_UCI/D/short/run_0/predictions.npz
    Computing per-window metrics...
    Saved metrics to /fslarge/scratch/users/h61084/codes/improved/outputs/results/expe_uni/seasonal_naive/univariate/Online_Retail_2_UCI/D/short/run_0/metrics.npz
    Saved config to /fslarge/scratch/users/h61084/codes/improved/outputs/results/expe_uni/seasonal_naive/univariate/Online_Retail_2_UCI/D/short/run_0/config.json
    Saved aggregate metrics to /fslarge/scratch/users/h61084/codes/improved/outputs/results/expe_uni/seasonal_naive/univariate/Online_Retail_2_UCI/D/short/run_0/metrics_summary.json
    Metrics summary (averaged over all series/windows/variates):
      MSE: 1065324005.4703
      MAE: 24475.2880
      RMSE: 30347.9470
      MAPE: 0.7471
      sMAPE: 0.7857
      MASE: 1.4860
      ND: 0.7820
      CRPS: 0.8639
  Completed: 1 series x 6 windows
  Output: /fslarge/scratch/users/h61084/codes/improved/outputs/results/expe_uni/seasonal_naive/univariate/Online_Retail_2_UCI/D/short/run_0

============================================================
All experiments completed!
Results saved to: /scratch/users/h61084/codes/improved/outputs/results/expe_uni
============================================================

############################################################
# All 1 dataset(s) completed!
############################################################

############################################################
# Dataset 1/1: Supply_Chain_Customer/D
############################################################
Loading configuration...

============================================================
Model: Seasonal Naive
Dataset: Supply_Chain_Customer/D
Terms: ['short']
============================================================

--- Term: short ---
  Config: prediction_length=30, test_length=365, val_length=90
  Dataset info:
    - Frequency: D
    - Num series: 1
    - Target dim: 36
    - Target mode: univariate
    - Series length: min=2007, max=2007, avg=2007.0
    - Test split: 365 steps
    - Prediction length: 30
    - Windows: 12
    - Season length: 1
    Total instances: 432, Series during experiment: 36, Windows: 12
    Collecting ground truth and context...
    Detected to_univariate case: 36 flat series -> 1 series x 36 variates
    Organizing data into arrays...
    ⚠️  Predictions max value (448535.42) exceeds float16 safe range.
    ⚠️  Applying scale factor: 10 (values will be divided)
    Saved predictions (quantiles) to /fslarge/scratch/users/h61084/codes/improved/outputs/results/expe_uni/seasonal_naive/univariate/Supply_Chain_Customer/D/short/run_0/predictions.npz
    Computing per-window metrics...
    Saved metrics to /fslarge/scratch/users/h61084/codes/improved/outputs/results/expe_uni/seasonal_naive/univariate/Supply_Chain_Customer/D/short/run_0/metrics.npz
    Saved config to /fslarge/scratch/users/h61084/codes/improved/outputs/results/expe_uni/seasonal_naive/univariate/Supply_Chain_Customer/D/short/run_0/config.json
    Saved aggregate metrics to /fslarge/scratch/users/h61084/codes/improved/outputs/results/expe_uni/seasonal_naive/univariate/Supply_Chain_Customer/D/short/run_0/metrics_summary.json
    Metrics summary (averaged over all series/windows/variates):
      MSE: 186526476.7981
      MAE: 4795.8196
      RMSE: 5768.5662
      MAPE: 1.6670
      sMAPE: 0.9446
      MASE: 1.6544
      ND: 0.9707
      CRPS: 1.0619
  Completed: 1 series x 12 windows
  Output: /fslarge/scratch/users/h61084/codes/improved/outputs/results/expe_uni/seasonal_naive/univariate/Supply_Chain_Customer/D/short/run_0

============================================================
All experiments completed!
Results saved to: /scratch/users/h61084/codes/improved/outputs/results/expe_uni
============================================================

############################################################
# All 1 dataset(s) completed!
############################################################

############################################################
# Dataset 1/1: Supply_Chain_Location/D
############################################################
Loading configuration...

============================================================
Model: Seasonal Naive
Dataset: Supply_Chain_Location/D
Terms: ['short']
============================================================

--- Term: short ---
  Config: prediction_length=30, test_length=365, val_length=90
  Dataset info:
    - Frequency: D
    - Num series: 1
    - Target dim: 51
    - Target mode: univariate
    - Series length: min=2007, max=2007, avg=2007.0
    - Test split: 365 steps
    - Prediction length: 30
    - Windows: 12
    - Season length: 1
    Total instances: 612, Series during experiment: 51, Windows: 12
    Collecting ground truth and context...
    Detected to_univariate case: 51 flat series -> 1 series x 51 variates
    Organizing data into arrays...
    ⚠️  Predictions max value (241383.70) exceeds float16 safe range.
    ⚠️  Applying scale factor: 10 (values will be divided)
    Saved predictions (quantiles) to /fslarge/scratch/users/h61084/codes/improved/outputs/results/expe_uni/seasonal_naive/univariate/Supply_Chain_Location/D/short/run_0/predictions.npz
    Computing per-window metrics...
    Saved metrics to /fslarge/scratch/users/h61084/codes/improved/outputs/results/expe_uni/seasonal_naive/univariate/Supply_Chain_Location/D/short/run_0/metrics.npz
    Saved config to /fslarge/scratch/users/h61084/codes/improved/outputs/results/expe_uni/seasonal_naive/univariate/Supply_Chain_Location/D/short/run_0/config.json
    Saved aggregate metrics to /fslarge/scratch/users/h61084/codes/improved/outputs/results/expe_uni/seasonal_naive/univariate/Supply_Chain_Location/D/short/run_0/metrics_summary.json
    Metrics summary (averaged over all series/windows/variates):
      MSE: 86156502.5992
      MAE: 3860.0333
      RMSE: 4642.2420
      MAPE: 1.5916
      sMAPE: 0.9284
      MASE: 1.5443
      ND: 0.9135
      CRPS: 1.0482
  Completed: 1 series x 12 windows
  Output: /fslarge/scratch/users/h61084/codes/improved/outputs/results/expe_uni/seasonal_naive/univariate/Supply_Chain_Location/D/short/run_0

============================================================
All experiments completed!
Results saved to: /scratch/users/h61084/codes/improved/outputs/results/expe_uni
============================================================

############################################################
# All 1 dataset(s) completed!
############################################################

############################################################
# Dataset 1/1: azure2019_D/5T
############################################################
Loading configuration...

============================================================
Model: Seasonal Naive
Dataset: azure2019_D/5T
Terms: ['short']
============================================================

--- Term: short ---
  Config: prediction_length=288, test_length=864, val_length=864
  Dataset info:
    - Frequency: 5T
    - Num series: 989
    - Target dim: 3
    - Target mode: univariate
    - Series length: min=8073, max=8639, avg=8627.0
    - Test split: 864 steps
    - Prediction length: 288
    - Windows: 3
    - Season length: 288
    Total instances: 8901, Series during experiment: 2967, Windows: 3
    Collecting ground truth and context...
    Detected to_univariate case: 2967 flat series -> 989 series x 3 variates
    Organizing data into arrays...
    Saved predictions (quantiles) to /fslarge/scratch/users/h61084/codes/improved/outputs/results/expe_uni/seasonal_naive/univariate/azure2019_D/5T/short/run_0/predictions.npz
    Computing per-window metrics...
    Saved metrics to /fslarge/scratch/users/h61084/codes/improved/outputs/results/expe_uni/seasonal_naive/univariate/azure2019_D/5T/short/run_0/metrics.npz
    Saved config to /fslarge/scratch/users/h61084/codes/improved/outputs/results/expe_uni/seasonal_naive/univariate/azure2019_D/5T/short/run_0/config.json
    Saved aggregate metrics to /fslarge/scratch/users/h61084/codes/improved/outputs/results/expe_uni/seasonal_naive/univariate/azure2019_D/5T/short/run_0/metrics_summary.json
    Metrics summary (averaged over all series/windows/variates):
      MSE: 108.0260
      MAE: 3.9016
      RMSE: 5.2933
      MAPE: 0.4014
      sMAPE: 0.2676
      MASE: 1.0931
      ND: 0.3034
      CRPS: 0.2927
  Completed: 989 series x 3 windows
  Output: /fslarge/scratch/users/h61084/codes/improved/outputs/results/expe_uni/seasonal_naive/univariate/azure2019_D/5T/short/run_0

============================================================
All experiments completed!
Results saved to: /scratch/users/h61084/codes/improved/outputs/results/expe_uni
============================================================

############################################################
# All 1 dataset(s) completed!
############################################################

############################################################
# Dataset 1/1: azure2019_I/5T
############################################################
Loading configuration...

============================================================
Model: Seasonal Naive
Dataset: azure2019_I/5T
Terms: ['short']
============================================================

--- Term: short ---
  Config: prediction_length=288, test_length=864, val_length=864
  Dataset info:
    - Frequency: 5T
    - Num series: 492
    - Target dim: 3
    - Target mode: univariate
    - Series length: min=8250, max=8639, avg=8630.4
    - Test split: 864 steps
    - Prediction length: 288
    - Windows: 3
    - Season length: 288
    Total instances: 4428, Series during experiment: 1476, Windows: 3
    Collecting ground truth and context...
    Detected to_univariate case: 1476 flat series -> 492 series x 3 variates
    Organizing data into arrays...
    Saved predictions (quantiles) to /fslarge/scratch/users/h61084/codes/improved/outputs/results/expe_uni/seasonal_naive/univariate/azure2019_I/5T/short/run_0/predictions.npz
    Computing per-window metrics...
    Saved metrics to /fslarge/scratch/users/h61084/codes/improved/outputs/results/expe_uni/seasonal_naive/univariate/azure2019_I/5T/short/run_0/metrics.npz
    Saved config to /fslarge/scratch/users/h61084/codes/improved/outputs/results/expe_uni/seasonal_naive/univariate/azure2019_I/5T/short/run_0/config.json
    Saved aggregate metrics to /fslarge/scratch/users/h61084/codes/improved/outputs/results/expe_uni/seasonal_naive/univariate/azure2019_I/5T/short/run_0/metrics_summary.json
    Metrics summary (averaged over all series/windows/variates):
      MSE: 79.8298
      MAE: 3.2293
      RMSE: 4.5018
      MAPE: 0.3733
      sMAPE: 0.2305
      MASE: 1.0139
      ND: 0.2491
      CRPS: 0.2283
  Completed: 492 series x 3 windows
  Output: /fslarge/scratch/users/h61084/codes/improved/outputs/results/expe_uni/seasonal_naive/univariate/azure2019_I/5T/short/run_0

============================================================
All experiments completed!
Results saved to: /scratch/users/h61084/codes/improved/outputs/results/expe_uni
============================================================

############################################################
# All 1 dataset(s) completed!
############################################################

############################################################
# Dataset 1/1: azure2019_U/5T
############################################################
Loading configuration...

============================================================
Model: Seasonal Naive
Dataset: azure2019_U/5T
Terms: ['short']
============================================================

--- Term: short ---
  Config: prediction_length=48, test_length=288, val_length=96
  Dataset info:
    - Frequency: 5T
    - Num series: 78
    - Target dim: 3
    - Target mode: univariate
    - Series length: min=882, max=2006, avg=1406.1
    - Test split: 288 steps
    - Prediction length: 48
    - Windows: 6
    - Season length: 288
    Total instances: 1404, Series during experiment: 234, Windows: 6
    Collecting ground truth and context...
    Detected to_univariate case: 234 flat series -> 78 series x 3 variates
    Organizing data into arrays...
    Saved predictions (quantiles) to /fslarge/scratch/users/h61084/codes/improved/outputs/results/expe_uni/seasonal_naive/univariate/azure2019_U/5T/short/run_0/predictions.npz
    Computing per-window metrics...
    Saved metrics to /fslarge/scratch/users/h61084/codes/improved/outputs/results/expe_uni/seasonal_naive/univariate/azure2019_U/5T/short/run_0/metrics.npz
    Saved config to /fslarge/scratch/users/h61084/codes/improved/outputs/results/expe_uni/seasonal_naive/univariate/azure2019_U/5T/short/run_0/config.json
    Saved aggregate metrics to /fslarge/scratch/users/h61084/codes/improved/outputs/results/expe_uni/seasonal_naive/univariate/azure2019_U/5T/short/run_0/metrics_summary.json
    Metrics summary (averaged over all series/windows/variates):
      MSE: 137.4920
      MAE: 4.1046
      RMSE: 5.2611
      MAPE: 0.7227
      sMAPE: 0.3492
      MASE: 1.1493
      ND: 0.4331
      CRPS: 0.5859
  Completed: 78 series x 6 windows
  Output: /fslarge/scratch/users/h61084/codes/improved/outputs/results/expe_uni/seasonal_naive/univariate/azure2019_U/5T/short/run_0

============================================================
All experiments completed!
Results saved to: /scratch/users/h61084/codes/improved/outputs/results/expe_uni
============================================================

############################################################
# All 1 dataset(s) completed!
############################################################

############################################################
# Dataset 1/1: Smart_Manufacturing/H
############################################################
Loading configuration...

============================================================
Model: Seasonal Naive
Dataset: Smart_Manufacturing/H
Terms: ['short', 'medium', 'long']
============================================================

--- Term: short ---
  Config: prediction_length=24, test_length=336, val_length=336
  Dataset info:
    - Frequency: H
    - Num series: 34
    - Target dim: 5
    - Target mode: univariate
    - Series length: min=1661, max=1667, avg=1665.9
    - Test split: 336 steps
    - Prediction length: 24
    - Windows: 14
    - Season length: 24
    Total instances: 2380, Series during experiment: 170, Windows: 14
    Collecting ground truth and context...
    Detected to_univariate case: 170 flat series -> 34 series x 5 variates
    Organizing data into arrays...
    Saved predictions (quantiles) to /fslarge/scratch/users/h61084/codes/improved/outputs/results/expe_uni/seasonal_naive/univariate/Smart_Manufacturing/H/short/run_0/predictions.npz
    Computing per-window metrics...
    Saved metrics to /fslarge/scratch/users/h61084/codes/improved/outputs/results/expe_uni/seasonal_naive/univariate/Smart_Manufacturing/H/short/run_0/metrics.npz
    Saved config to /fslarge/scratch/users/h61084/codes/improved/outputs/results/expe_uni/seasonal_naive/univariate/Smart_Manufacturing/H/short/run_0/config.json
    Saved aggregate metrics to /fslarge/scratch/users/h61084/codes/improved/outputs/results/expe_uni/seasonal_naive/univariate/Smart_Manufacturing/H/short/run_0/metrics_summary.json
    Metrics summary (averaged over all series/windows/variates):
      MSE: 159.1525
      MAE: 8.1358
      RMSE: 10.0269
      MAPE: 0.4257
      sMAPE: 0.3169
      MASE: 1.0048
      ND: 0.3045
      CRPS: 0.2353
  Completed: 34 series x 14 windows
  Output: /fslarge/scratch/users/h61084/codes/improved/outputs/results/expe_uni/seasonal_naive/univariate/Smart_Manufacturing/H/short/run_0

--- Term: medium ---
  Config: prediction_length=168, test_length=336, val_length=336
  Dataset info:
    - Frequency: H
    - Num series: 34
    - Target dim: 5
    - Target mode: univariate
    - Series length: min=1661, max=1667, avg=1665.9
    - Test split: 336 steps
    - Prediction length: 168
    - Windows: 2
    - Season length: 24
    Total instances: 340, Series during experiment: 170, Windows: 2
    Collecting ground truth and context...
    Detected to_univariate case: 170 flat series -> 34 series x 5 variates
    Organizing data into arrays...
    Saved predictions (quantiles) to /fslarge/scratch/users/h61084/codes/improved/outputs/results/expe_uni/seasonal_naive/univariate/Smart_Manufacturing/H/medium/run_0/predictions.npz
    Computing per-window metrics...
    Saved metrics to /fslarge/scratch/users/h61084/codes/improved/outputs/results/expe_uni/seasonal_naive/univariate/Smart_Manufacturing/H/medium/run_0/metrics.npz
    Saved config to /fslarge/scratch/users/h61084/codes/improved/outputs/results/expe_uni/seasonal_naive/univariate/Smart_Manufacturing/H/medium/run_0/config.json
    Saved aggregate metrics to /fslarge/scratch/users/h61084/codes/improved/outputs/results/expe_uni/seasonal_naive/univariate/Smart_Manufacturing/H/medium/run_0/metrics_summary.json
    Metrics summary (averaged over all series/windows/variates):
      MSE: 168.2521
      MAE: 8.3545
      RMSE: 10.4102
      MAPE: 0.4344
      sMAPE: 0.3290
      MASE: 1.0328
      ND: 0.3112
      CRPS: 0.2713
  Completed: 34 series x 2 windows
  Output: /fslarge/scratch/users/h61084/codes/improved/outputs/results/expe_uni/seasonal_naive/univariate/Smart_Manufacturing/H/medium/run_0

--- Term: long ---
  Config: prediction_length=336, test_length=336, val_length=336
  Dataset info:
    - Frequency: H
    - Num series: 34
    - Target dim: 5
    - Target mode: univariate
    - Series length: min=1661, max=1667, avg=1665.9
    - Test split: 336 steps
    - Prediction length: 336
    - Windows: 1
    - Season length: 24
    Total instances: 170, Series during experiment: 170, Windows: 1
    Collecting ground truth and context...
    Detected to_univariate case: 170 flat series -> 34 series x 5 variates
    Organizing data into arrays...
    Saved predictions (quantiles) to /fslarge/scratch/users/h61084/codes/improved/outputs/results/expe_uni/seasonal_naive/univariate/Smart_Manufacturing/H/long/run_0/predictions.npz
    Computing per-window metrics...
    Saved metrics to /fslarge/scratch/users/h61084/codes/improved/outputs/results/expe_uni/seasonal_naive/univariate/Smart_Manufacturing/H/long/run_0/metrics.npz
    Saved config to /fslarge/scratch/users/h61084/codes/improved/outputs/results/expe_uni/seasonal_naive/univariate/Smart_Manufacturing/H/long/run_0/config.json
    Saved aggregate metrics to /fslarge/scratch/users/h61084/codes/improved/outputs/results/expe_uni/seasonal_naive/univariate/Smart_Manufacturing/H/long/run_0/metrics_summary.json
    Metrics summary (averaged over all series/windows/variates):
      MSE: 170.3969
      MAE: 8.4296
      RMSE: 10.5084
      MAPE: 0.4513
      sMAPE: 0.3317
      MASE: 1.0549
      ND: 0.3185
      CRPS: 0.3168
  Completed: 34 series x 1 windows
  Output: /fslarge/scratch/users/h61084/codes/improved/outputs/results/expe_uni/seasonal_naive/univariate/Smart_Manufacturing/H/long/run_0

============================================================
All experiments completed!
Results saved to: /scratch/users/h61084/codes/improved/outputs/results/expe_uni
============================================================

############################################################
# All 1 dataset(s) completed!
############################################################

############################################################
# Dataset 1/1: MetroPT-3/5T
############################################################
Loading configuration...

============================================================
Model: Seasonal Naive
Dataset: MetroPT-3/5T
Terms: ['short', 'medium', 'long']
============================================================

--- Term: short ---
  Config: prediction_length=48, test_length=1728, val_length=1728
  Dataset info:
    - Frequency: 5T
    - Num series: 1
    - Target dim: 6
    - Target mode: univariate
    - Series length: min=17809, max=17809, avg=17809.0
    - Test split: 1728 steps
    - Prediction length: 48
    - Windows: 36
    - Season length: 288
    Total instances: 216, Series during experiment: 6, Windows: 36
    Collecting ground truth and context...
    Detected to_univariate case: 6 flat series -> 1 series x 6 variates
    Organizing data into arrays...
    Saved predictions (quantiles) to /fslarge/scratch/users/h61084/codes/improved/outputs/results/expe_uni/seasonal_naive/univariate/MetroPT-3/5T/short/run_0/predictions.npz
    Computing per-window metrics...
    Saved metrics to /fslarge/scratch/users/h61084/codes/improved/outputs/results/expe_uni/seasonal_naive/univariate/MetroPT-3/5T/short/run_0/metrics.npz
    Saved config to /fslarge/scratch/users/h61084/codes/improved/outputs/results/expe_uni/seasonal_naive/univariate/MetroPT-3/5T/short/run_0/config.json
    Saved aggregate metrics to /fslarge/scratch/users/h61084/codes/improved/outputs/results/expe_uni/seasonal_naive/univariate/MetroPT-3/5T/short/run_0/metrics_summary.json
    Metrics summary (averaged over all series/windows/variates):
      MSE: 6.1197
      MAE: 1.5709
      RMSE: 1.9947
      MAPE: 12.4935
      sMAPE: 0.5387
      MASE: 0.8550
      ND: 0.4501
      CRPS: 0.3800
  Completed: 1 series x 36 windows
  Output: /fslarge/scratch/users/h61084/codes/improved/outputs/results/expe_uni/seasonal_naive/univariate/MetroPT-3/5T/short/run_0

--- Term: medium ---
  Config: prediction_length=288, test_length=1728, val_length=1728
  Dataset info:
    - Frequency: 5T
    - Num series: 1
    - Target dim: 6
    - Target mode: univariate
    - Series length: min=17809, max=17809, avg=17809.0
    - Test split: 1728 steps
    - Prediction length: 288
    - Windows: 6
    - Season length: 288
    Total instances: 36, Series during experiment: 6, Windows: 6
    Collecting ground truth and context...
    Detected to_univariate case: 6 flat series -> 1 series x 6 variates
    Organizing data into arrays...
    Saved predictions (quantiles) to /fslarge/scratch/users/h61084/codes/improved/outputs/results/expe_uni/seasonal_naive/univariate/MetroPT-3/5T/medium/run_0/predictions.npz
    Computing per-window metrics...
    Saved metrics to /fslarge/scratch/users/h61084/codes/improved/outputs/results/expe_uni/seasonal_naive/univariate/MetroPT-3/5T/medium/run_0/metrics.npz
    Saved config to /fslarge/scratch/users/h61084/codes/improved/outputs/results/expe_uni/seasonal_naive/univariate/MetroPT-3/5T/medium/run_0/config.json
    Saved aggregate metrics to /fslarge/scratch/users/h61084/codes/improved/outputs/results/expe_uni/seasonal_naive/univariate/MetroPT-3/5T/medium/run_0/metrics_summary.json
    Metrics summary (averaged over all series/windows/variates):
      MSE: 5.8401
      MAE: 1.5387
      RMSE: 1.9892
      MAPE: 12.3792
      sMAPE: 0.5267
      MASE: 0.8390
      ND: 0.4381
      CRPS: 0.3676
  Completed: 1 series x 6 windows
  Output: /fslarge/scratch/users/h61084/codes/improved/outputs/results/expe_uni/seasonal_naive/univariate/MetroPT-3/5T/medium/run_0

--- Term: long ---
  Config: prediction_length=576, test_length=1728, val_length=1728
  Dataset info:
    - Frequency: 5T
    - Num series: 1
    - Target dim: 6
    - Target mode: univariate
    - Series length: min=17809, max=17809, avg=17809.0
    - Test split: 1728 steps
    - Prediction length: 576
    - Windows: 3
    - Season length: 288
    Total instances: 18, Series during experiment: 6, Windows: 3
    Collecting ground truth and context...
    Detected to_univariate case: 6 flat series -> 1 series x 6 variates
    Organizing data into arrays...
    Saved predictions (quantiles) to /fslarge/scratch/users/h61084/codes/improved/outputs/results/expe_uni/seasonal_naive/univariate/MetroPT-3/5T/long/run_0/predictions.npz
    Computing per-window metrics...
    Saved metrics to /fslarge/scratch/users/h61084/codes/improved/outputs/results/expe_uni/seasonal_naive/univariate/MetroPT-3/5T/long/run_0/metrics.npz
    Saved config to /fslarge/scratch/users/h61084/codes/improved/outputs/results/expe_uni/seasonal_naive/univariate/MetroPT-3/5T/long/run_0/config.json
    Saved aggregate metrics to /fslarge/scratch/users/h61084/codes/improved/outputs/results/expe_uni/seasonal_naive/univariate/MetroPT-3/5T/long/run_0/metrics_summary.json
    Metrics summary (averaged over all series/windows/variates):
      MSE: 5.4595
      MAE: 1.4897
      RMSE: 1.9498
      MAPE: 14.5030
      sMAPE: 0.5346
      MASE: 0.8469
      ND: 0.4526
      CRPS: 0.3926
  Completed: 1 series x 3 windows
  Output: /fslarge/scratch/users/h61084/codes/improved/outputs/results/expe_uni/seasonal_naive/univariate/MetroPT-3/5T/long/run_0

============================================================
All experiments completed!
Results saved to: /scratch/users/h61084/codes/improved/outputs/results/expe_uni
============================================================

############################################################
# All 1 dataset(s) completed!
############################################################
2026-09-02 21:17:52 | task model=seasonal_naive runner=run_seasonal_naive.sh environment=uv covariate_mode=none target_mode=auto completed status=success
2026-09-02 21:17:52 | stage evaluate completed status=success
2026-09-02 21:17:52 | workflow foundation_models completed status=success exit_code=0
